frame_id,year,method,gt_e,gt_n,gt_yaw,crop_rot_deg,centre_guess_m,heading,ref_up,residual_rot_deg,inliers_peak,inliers_fine,fallback_fine,fine_shift_m,ok,pred_e,pred_n,pred_yaw,err_m,err_deg,error
2095057974553082,2025,panoroma_coarse,360026.3821716677,504344.61452205386,81.42574118763453,2.725570345245515,6.078716834144202,prior,north,-2.725570345245501,0.5124378109452736,0.26814516129032256,False,5.134129856744836,True,360027.59703857894,504347.60992761666,,3.232391699298381,8.311056353730574,
2095057974553082,2025,panoroma_fine,360026.3821716677,504344.61452205386,81.42574118763453,2.725570345245515,6.078716834144202,prior,north,-2.725570345245501,0.5124378109452736,0.26814516129032256,False,5.134129856744836,True,360030.0639101193,504343.1072801522,,3.9783132325144304,16.344055349585354,
2095057974553082,2025,panoroma_two_pass,360026.3821716677,504344.61452205386,81.42574118763453,2.725570345245515,6.078716834144202,prior,north,-2.725570345245501,0.5124378109452736,0.26814516129032256,False,5.134129856744836,True,360030.0639101193,504343.1072801522,,3.9783132325144304,16.344055349585354,
2095057974553082,2024,panoroma_coarse,360026.3821716677,504344.61452205386,81.42574118763453,2.725570345245515,6.078716834144202,prior,north,-2.725570345245501,0.44680851063829785,0.31009615384615385,False,4.559705347344309,True,360027.1674650856,504345.0093448494,,0.8789600628078984,1.0630073849582244,
2095057974553082,2024,panoroma_fine,360026.3821716677,504344.61452205386,81.42574118763453,2.725570345245515,6.078716834144202,prior,north,-2.725570345245501,0.44680851063829785,0.31009615384615385,False,4.559705347344309,True,360028.59446146706,504340.67868737254,,4.514977385883595,4.150155520037609,
2095057974553082,2024,panoroma_two_pass,360026.3821716677,504344.61452205386,81.42574118763453,2.725570345245515,6.078716834144202,prior,north,-2.725570345245501,0.44680851063829785,0.31009615384615385,False,4.559705347344309,True,360028.59446146706,504340.67868737254,,4.514977385883595,4.150155520037609,
2134127433808624,2025,panoroma_coarse,360032.84761322686,504307.9422390545,69.43286538919972,2.7334306631946674,11.661891745019847,prior,north,-2.7334306631946674,0.3203463203463203,0.17142857142857143,False,3.7089904835103376,True,360032.1637638607,504306.443137183,,1.647712467807138,3.0772250312801255,
2134127433808624,2025,panoroma_fine,360032.84761322686,504307.9422390545,69.43286538919972,2.7334306631946674,11.661891745019847,prior,north,-2.7334306631946674,0.3203463203463203,0.17142857142857143,False,3.7089904835103376,True,360035.13396276406,504304.22175723326,,4.366850030431581,6.240567033926719,
2134127433808624,2025,panoroma_two_pass,360032.84761322686,504307.9422390545,69.43286538919972,2.7334306631946674,11.661891745019847,prior,north,-2.7334306631946674,0.3203463203463203,0.17142857142857143,False,3.7089904835103376,True,360035.13396276406,504304.22175723326,,4.366850030431581,6.240567033926719,
2134127433808624,2024,panoroma_coarse,360032.84761322686,504307.9422390545,69.43286538919972,2.7334306631946674,11.661891745019847,prior,north,-2.7334306631946674,0.2641509433962264,0.17712177121771217,False,1.4172876971008872,True,360031.31630577025,504307.81520602846,,1.5365675762427002,3.121898941844002,
2134127433808624,2024,panoroma_fine,360032.84761322686,504307.9422390545,69.43286538919972,2.7334306631946674,11.661891745019847,prior,north,-2.7334306631946674,0.2641509433962264,0.17712177121771217,False,1.4172876971008872,True,360031.3212406162,504306.3979269227,,2.171339058475224,0.4102390730090764,
2134127433808624,2024,panoroma_two_pass,360032.84761322686,504307.9422390545,69.43286538919972,2.7334306631946674,11.661891745019847,prior,north,-2.7334306631946674,0.2641509433962264,0.17712177121771217,False,1.4172876971008872,True,360031.3212406162,504306.3979269227,,2.171339058475224,0.4102390730090764,
28398706986416513,2025,panoroma_coarse,360060.1043976202,504303.69896460697,354.88874202101726,-0.9760247201908214,15.006479104534213,prior,north,0.9760247201908214,0.3990895295902883,0.16883116883116883,True,6.8705879441179505,True,360054.2378546281,504303.023384445,,5.905314151931805,21.08404379937183,
28398706986416513,2025,panoroma_fine,360060.1043976202,504303.69896460697,354.88874202101726,-0.9760247201908214,15.006479104534213,prior,north,0.9760247201908214,0.3990895295902883,0.16883116883116883,True,6.8705879441179505,True,360058.13668373757,504297.3661669069,,6.631457202902202,6.755422576223586,
28398706986416513,2025,panoroma_two_pass,360060.1043976202,504303.69896460697,354.88874202101726,-0.9760247201908214,15.006479104534213,prior,north,0.9760247201908214,0.3990895295902883,0.16883116883116883,True,6.8705879441179505,True,360054.2378546281,504303.023384445,,5.905314151931805,21.08404379937183,
28398706986416513,2024,panoroma_coarse,360060.1043976202,504303.69896460697,354.88874202101726,-0.9760247201908214,15.006479104534213,prior,north,0.9760247201908214,0.34545454545454546,0.1926829268292683,False,3.8074269839343398,True,360058.64125710964,504299.2865119062,,4.648711540871216,1.7915334209300984,
28398706986416513,2024,panoroma_fine,360060.1043976202,504303.69896460697,354.88874202101726,-0.9760247201908214,15.006479104534213,prior,north,0.9760247201908214,0.34545454545454546,0.1926829268292683,False,3.8074269839343398,True,360060.0796274574,504295.76123305474,,7.9377702005167725,1.1393405040536864,
28398706986416513,2024,panoroma_two_pass,360060.1043976202,504303.69896460697,354.88874202101726,-0.9760247201908214,15.006479104534213,prior,north,0.9760247201908214,0.34545454545454546,0.1926829268292683,False,3.8074269839343398,True,360060.0796274574,504295.76123305474,,7.9377702005167725,1.1393405040536864,
1100804636233191,2025,panoroma_coarse,360094.6966482403,504308.69749890827,349.42166902017294,-2.161816277693731,21.24791738217679,prior,north,2.161816277693731,0.5311320754716982,0.3196125907990315,False,2.2296336659310376,True,360073.723323565,504304.69672151963,,21.351500360650455,6.4666992803522625,
1100804636233191,2025,panoroma_fine,360094.6966482403,504308.69749890827,349.42166902017294,-2.161816277693731,21.24791738217679,prior,north,2.161816277693731,0.5311320754716982,0.3196125907990315,False,2.2296336659310376,True,360074.1816955152,504302.5147129405,,21.4263885813352,6.681304652694585,
1100804636233191,2025,panoroma_two_pass,360094.6966482403,504308.69749890827,349.42166902017294,-2.161816277693731,21.24791738217679,prior,north,2.161816277693731,0.5311320754716982,0.3196125907990315,False,2.2296336659310376,True,360074.1816955152,504302.5147129405,,21.4263885813352,6.681304652694585,
1100804636233191,2024,panoroma_coarse,360094.6966482403,504308.69749890827,349.42166902017294,-2.161816277693731,21.24791738217679,prior,north,2.161816277693731,0.5411042944785276,0.27601809954751133,False,3.8992872980896816,True,360074.8517700245,504303.6805092671,,20.469229991868307,6.066471113161458,
1100804636233191,2024,panoroma_fine,360094.6966482403,504308.69749890827,349.42166902017294,-2.161816277693731,21.24791738217679,prior,north,2.161816277693731,0.5411042944785276,0.27601809954751133,False,3.8992872980896816,True,360071.96121494105,504301.06342448766,,23.982890142035092,1.3440341337901243,
1100804636233191,2024,panoroma_two_pass,360094.6966482403,504308.69749890827,349.42166902017294,-2.161816277693731,21.24791738217679,prior,north,2.161816277693731,0.5411042944785276,0.27601809954751133,False,3.8992872980896816,True,360071.96121494105,504301.06342448766,,23.982890142035092,1.3440341337901243,
1794136951725433,2025,panoroma_coarse,360128.5122393634,504314.32278087456,350.37814580786244,-5.31579783024938,18.831871251631615,prior,north,5.31579783024938,0.3300970873786408,0.31466666666666665,False,4.431018524356915,True,360122.7686504084,504309.34337685537,,7.601531324013784,3.5474547349419576,
1794136951725433,2025,panoroma_fine,360128.5122393634,504314.32278087456,350.37814580786244,-5.31579783024938,18.831871251631615,prior,north,5.31579783024938,0.3300970873786408,0.31466666666666665,False,4.431018524356915,True,360127.1344092626,504308.58569962165,,5.900213308779314,12.626365498653298,
1794136951725433,2025,panoroma_two_pass,360128.5122393634,504314.32278087456,350.37814580786244,-5.31579783024938,18.831871251631615,prior,north,5.31579783024938,0.3300970873786408,0.31466666666666665,False,4.431018524356915,True,360127.1344092626,504308.58569962165,,5.900213308779314,12.626365498653298,
1794136951725433,2024,panoroma_coarse,360128.5122393634,504314.32278087456,350.37814580786244,-5.31579783024938,18.831871251631615,prior,north,5.31579783024938,0.36888331242158096,0.23,False,0.7649453821092131,True,360126.74925048766,504308.10310951335,,6.464707388380677,5.718085936854122,
1794136951725433,2024,panoroma_fine,360128.5122393634,504314.32278087456,350.37814580786244,-5.31579783024938,18.831871251631615,prior,north,5.31579783024938,0.36888331242158096,0.23,False,0.7649453821092131,True,360127.4933457524,504308.2804895418,,6.127595673682412,3.9808910517309264,
1794136951725433,2024,panoroma_two_pass,360128.5122393634,504314.32278087456,350.37814580786244,-5.31579783024938,18.831871251631615,prior,north,5.31579783024938,0.36888331242158096,0.23,False,0.7649453821092131,True,360127.4933457524,504308.2804895418,,6.127595673682412,3.9808910517309264,
2250285992180932,2025,panoroma_coarse,360142.6419883799,504291.9622382168,80.71202241156853,-8.90746811004847,30.21488618115079,prior,north,8.907468110048455,0.2939346811819596,0.13722397476340695,False,3.3701682961690875,True,360145.23627485946,504334.4126136313,,42.529574359157486,9.449306685849036,
2250285992180932,2025,panoroma_fine,360142.6419883799,504291.9622382168,80.71202241156853,-8.90746811004847,30.21488618115079,prior,north,8.907468110048455,0.2939346811819596,0.13722397476340695,False,3.3701682961690875,True,360143.954085005,504337.52934645937,,45.5859951207192,14.045543802684831,
2250285992180932,2025,panoroma_two_pass,360142.6419883799,504291.9622382168,80.71202241156853,-8.90746811004847,30.21488618115079,prior,north,8.907468110048455,0.2939346811819596,0.13722397476340695,False,3.3701682961690875,True,360143.954085005,504337.52934645937,,45.5859951207192,14.045543802684831,
2250285992180932,2024,panoroma_coarse,360142.6419883799,504291.9622382168,80.71202241156853,-8.90746811004847,30.21488618115079,prior,north,8.907468110048455,0.23676880222841226,0.1794871794871795,False,5.8941690339601385,True,360145.4548517965,504328.54968137917,,36.695411126762515,19.439118552096087,
2250285992180932,2024,panoroma_fine,360142.6419883799,504291.9622382168,80.71202241156853,-8.90746811004847,30.21488618115079,prior,north,8.907468110048455,0.23676880222841226,0.1794871794871795,False,5.8941690339601385,True,360140.14232919266,504331.1027838418,,39.22028311824742,23.211321771787816,
2250285992180932,2024,panoroma_two_pass,360142.6419883799,504291.9622382168,80.71202241156853,-8.90746811004847,30.21488618115079,prior,north,8.907468110048455,0.23676880222841226,0.1794871794871795,False,5.8941690339601385,True,360140.14232919266,504331.1027838418,,39.22028311824742,23.211321771787816,
1113377307836084,2025,panoroma_coarse,360152.59731493844,504260.3036048608,31.148380222847756,-2.1963602555590036,17.530503018157212,prior,north,2.196360255559,0.24772313296903462,0.17003367003367004,True,6.550306070017667,True,360155.07422067923,504256.502354117,,4.537022070257787,9.157287008284557,
1113377307836084,2025,panoroma_fine,360152.59731493844,504260.3036048608,31.148380222847756,-2.1963602555590036,17.530503018157212,prior,north,2.196360255559,0.24772313296903462,0.17003367003367004,True,6.550306070017667,True,360148.5317139146,504256.18279998086,,5.7887947401470425,16.784033922035796,
1113377307836084,2025,panoroma_two_pass,360152.59731493844,504260.3036048608,31.148380222847756,-2.1963602555590036,17.530503018157212,prior,north,2.196360255559,0.24772313296903462,0.17003367003367004,True,6.550306070017667,True,360155.07422067923,504256.502354117,,4.537022070257787,9.157287008284557,
1113377307836084,2024,panoroma_coarse,360152.59731493844,504260.3036048608,31.148380222847756,-2.1963602555590036,17.530503018157212,prior,north,2.196360255559,0.3140096618357488,0.14618973561430793,False,2.8367104220377177,True,360150.3266485034,504276.59807940316,,16.451924710232422,2.4922056885639208,
1113377307836084,2024,panoroma_fine,360152.59731493844,504260.3036048608,31.148380222847756,-2.1963602555590036,17.530503018157212,prior,north,2.196360255559,0.3140096618357488,0.14618973561430793,False,2.8367104220377177,True,360147.7035555761,504275.5181212961,,15.982189807909174,21.731840585346887,
1113377307836084,2024,panoroma_two_pass,360152.59731493844,504260.3036048608,31.148380222847756,-2.1963602555590036,17.530503018157212,prior,north,2.196360255559,0.3140096618357488,0.14618973561430793,False,2.8367104220377177,True,360147.7035555761,504275.5181212961,,15.982189807909174,21.731840585346887,
2163701757795311,2025,panoroma_coarse,360185.94907221664,504266.20596416295,348.4601985591976,-3.8132556254095675,26.62386681226079,prior,north,3.8132556254095675,0.5245901639344263,0.3290441176470588,False,4.348626157382169,True,360168.28899072733,504260.2677044669,,18.6317311709543,10.449732338890769,
2163701757795311,2025,panoroma_fine,360185.94907221664,504266.20596416295,348.4601985591976,-3.8132556254095675,26.62386681226079,prior,north,3.8132556254095675,0.5245901639344263,0.3290441176470588,False,4.348626157382169,True,360164.92077558197,504263.0182818956,,21.268534918823626,14.647636378352114,
2163701757795311,2025,panoroma_two_pass,360185.94907221664,504266.20596416295,348.4601985591976,-3.8132556254095675,26.62386681226079,prior,north,3.8132556254095675,0.5245901639344263,0.3290441176470588,False,4.348626157382169,True,360164.92077558197,504263.0182818956,,21.268534918823626,14.647636378352114,
2163701757795311,2024,panoroma_coarse,360185.94907221664,504266.20596416295,348.4601985591976,-3.8132556254095675,26.62386681226079,prior,north,3.8132556254095675,0.5880952380952381,0.44612794612794615,False,5.066471497296835,True,360183.90060667205,504263.5484624205,,3.355372795731073,12.46247176634782,
2163701757795311,2024,panoroma_fine,360185.94907221664,504266.20596416295,348.4601985591976,-3.8132556254095675,26.62386681226079,prior,north,3.8132556254095675,0.5880952380952381,0.44612794612794615,False,5.066471497296835,True,360179.1114774166,504265.2017544114,,6.910943486582831,2.154537924008608,
2163701757795311,2024,panoroma_two_pass,360185.94907221664,504266.20596416295,348.4601985591976,-3.8132556254095675,26.62386681226079,prior,north,3.8132556254095675,0.5880952380952381,0.44612794612794615,False,5.066471497296835,True,360179.1114774166,504265.2017544114,,6.910943486582831,2.154537924008608,
1407730031543039,2025,panoroma_coarse,360163.45460668084,504260.85942704603,167.10602898892608,3.2101088841156695,16.20263947224276,prior,north,-3.2101088841156695,0.342685370741483,0.18288590604026847,False,5.802482001221427,True,360164.0800505256,504260.76095517236,,0.6331482550390408,15.14683640368308,
1407730031543039,2025,panoroma_fine,360163.45460668084,504260.85942704603,167.10602898892608,3.2101088841156695,16.20263947224276,prior,north,-3.2101088841156695,0.342685370741483,0.18288590604026847,False,5.802482001221427,True,360160.30962366005,504256.35043608426,,5.497446470346887,51.724714616549456,
1407730031543039,2025,panoroma_two_pass,360163.45460668084,504260.85942704603,167.10602898892608,3.2101088841156695,16.20263947224276,prior,north,-3.2101088841156695,0.342685370741483,0.18288590604026847,False,5.802482001221427,True,360160.30962366005,504256.35043608426,,5.497446470346887,51.724714616549456,
1407730031543039,2024,panoroma_coarse,360163.45460668084,504260.85942704603,167.10602898892608,3.2101088841156695,16.20263947224276,prior,north,-3.2101088841156695,0.4883419689119171,0.19938176197836166,False,2.688479728394002,True,360156.51904967584,504277.67819265934,,18.19265862167917,7.864127819615662,
1407730031543039,2024,panoroma_fine,360163.45460668084,504260.85942704603,167.10602898892608,3.2101088841156695,16.20263947224276,prior,north,-3.2101088841156695,0.4883419689119171,0.19938176197836166,False,2.688479728394002,True,360156.0422559661,504280.32405565813,,20.82821908193545,18.890467703572902,
1407730031543039,2024,panoroma_two_pass,360163.45460668084,504260.85942704603,167.10602898892608,3.2101088841156695,16.20263947224276,prior,north,-3.2101088841156695,0.4883419689119171,0.19938176197836166,False,2.688479728394002,True,360156.0422559661,504280.32405565813,,20.82821908193545,18.890467703572902,
4644665985853547,2025,panoroma_coarse,360145.23046914255,504280.3795425352,256.1522303114766,-0.6694210753320533,6.890667594968546,prior,north,0.6694210753320533,0.7493309545049064,0.47477477477477475,False,1.2406081700474925,True,360144.4736717824,504278.41589947493,,2.104432539271601,5.4901780505716395,
4644665985853547,2025,panoroma_fine,360145.23046914255,504280.3795425352,256.1522303114766,-0.6694210753320533,6.890667594968546,prior,north,0.6694210753320533,0.7493309545049064,0.47477477477477475,False,1.2406081700474925,True,360143.2652225548,504278.6965399848,,2.5874102371501944,2.845983096079514,
4644665985853547,2025,panoroma_two_pass,360145.23046914255,504280.3795425352,256.1522303114766,-0.6694210753320533,6.890667594968546,prior,north,0.6694210753320533,0.7493309545049064,0.47477477477477475,False,1.2406081700474925,True,360143.2652225548,504278.6965399848,,2.5874102371501944,2.845983096079514,
4644665985853547,2024,panoroma_coarse,360145.23046914255,504280.3795425352,256.1522303114766,-0.6694210753320533,6.890667594968546,prior,north,0.6694210753320533,0.8286270691333982,0.5783879539415412,False,2.9024668656917956,True,360145.5801456265,504276.78621693765,,3.6102995018775856,6.030175429786203,
4644665985853547,2024,panoroma_fine,360145.23046914255,504280.3795425352,256.1522303114766,-0.6694210753320533,6.890667594968546,prior,north,0.6694210753320533,0.8286270691333982,0.5783879539415412,False,2.9024668656917956,True,360143.85217842145,504279.11826394504,,1.8682903933237105,3.4668779761691817,
4644665985853547,2024,panoroma_two_pass,360145.23046914255,504280.3795425352,256.1522303114766,-0.6694210753320533,6.890667594968546,prior,north,0.6694210753320533,0.8286270691333982,0.5783879539415412,False,2.9024668656917956,True,360143.85217842145,504279.11826394504,,1.8682903933237105,3.4668779761691817,
2298484727642838,2025,panoroma_coarse,360140.65024008346,504313.04823736195,285.4108410359246,8.674834325535244,29.29750458347407,prior,north,-8.674834325535244,0.3392857142857143,0.25746652935118436,False,0.8852407083109852,True,360116.5600385129,504305.2521359761,,25.320288476386153,5.695396148126793,
2298484727642838,2025,panoroma_fine,360140.65024008346,504313.04823736195,285.4108410359246,8.674834325535244,29.29750458347407,prior,north,-8.674834325535244,0.3392857142857143,0.25746652935118436,False,0.8852407083109852,True,360117.34791780025,504304.8485305497,,24.70290297916294,46.960294797162135,
2298484727642838,2025,panoroma_two_pass,360140.65024008346,504313.04823736195,285.4108410359246,8.674834325535244,29.29750458347407,prior,north,-8.674834325535244,0.3392857142857143,0.25746652935118436,False,0.8852407083109852,True,360117.34791780025,504304.8485305497,,24.70290297916294,46.960294797162135,
2298484727642838,2024,panoroma_coarse,360140.65024008346,504313.04823736195,285.4108410359246,8.674834325535244,29.29750458347407,prior,north,-8.674834325535244,0.349238578680203,0.24649298597194388,False,1.2173875700382348,True,360117.2263327586,504303.2865093834,,25.376579113227162,5.616508202162203,
2298484727642838,2024,panoroma_fine,360140.65024008346,504313.04823736195,285.4108410359246,8.674834325535244,29.29750458347407,prior,north,-8.674834325535244,0.349238578680203,0.24649298597194388,False,1.2173875700382348,True,360118.2801828617,504303.8959619705,,24.169890461989645,33.37231788544239,
2298484727642838,2024,panoroma_two_pass,360140.65024008346,504313.04823736195,285.4108410359246,8.674834325535244,29.29750458347407,prior,north,-8.674834325535244,0.349238578680203,0.24649298597194388,False,1.2173875700382348,True,360118.2801828617,504303.8959619705,,24.169890461989645,33.37231788544239,
978411255289595,2025,panoroma_coarse,360172.54386717896,504320.6193851456,353.22410338906485,-8.74934191626511,10.215259135897133,prior,north,8.74934191626511,0.2905405405405405,0.2048611111111111,False,5.154573106379726,True,360192.9967630399,504333.87862792367,,24.374750627364854,18.4671346693894,
978411255289595,2025,panoroma_fine,360172.54386717896,504320.6193851456,353.22410338906485,-8.74934191626511,10.215259135897133,prior,north,8.74934191626511,0.2905405405405405,0.2048611111111111,False,5.154573106379726,True,360197.5723995516,504331.5051969846,,27.293375242382186,37.07812445435401,
978411255289595,2025,panoroma_two_pass,360172.54386717896,504320.6193851456,353.22410338906485,-8.74934191626511,10.215259135897133,prior,north,8.74934191626511,0.2905405405405405,0.2048611111111111,False,5.154573106379726,True,360197.5723995516,504331.5051969846,,27.293375242382186,37.07812445435401,
978411255289595,2024,panoroma_coarse,360172.54386717896,504320.6193851456,353.22410338906485,-8.74934191626511,10.215259135897133,prior,north,8.74934191626511,0.536178107606679,0.20621931260229132,False,3.546158482851161,True,360174.8612003735,504318.8637872373,,2.9072593881695705,2.063360049745455,
978411255289595,2024,panoroma_fine,360172.54386717896,504320.6193851456,353.22410338906485,-8.74934191626511,10.215259135897133,prior,north,8.74934191626511,0.536178107606679,0.20621931260229132,False,3.546158482851161,True,360171.3209691344,504318.65884149063,,2.3106732894258495,3.397495526451452,
978411255289595,2024,panoroma_two_pass,360172.54386717896,504320.6193851456,353.22410338906485,-8.74934191626511,10.215259135897133,prior,north,8.74934191626511,0.536178107606679,0.20621931260229132,False,3.546158482851161,True,360171.3209691344,504318.65884149063,,2.3106732894258495,3.397495526451452,
1394833675537922,2025,panoroma_coarse,360205.21622605325,504314.60090983845,23.92590491563239,5.465485206348241,24.07275643370788,prior,north,-5.465485206348234,0.6708407871198568,0.32037691401649,False,5.685919487401996,True,360209.8040645585,504306.5141405705,,9.297531895292304,5.183860590531124,
1394833675537922,2025,panoroma_fine,360205.21622605325,504314.60090983845,23.92590491563239,5.465485206348241,24.07275643370788,prior,north,-5.465485206348234,0.6708407871198568,0.32037691401649,False,5.685919487401996,True,360209.31619343464,504312.17909089534,,4.761821029995147,6.698114899482022,
1394833675537922,2025,panoroma_two_pass,360205.21622605325,504314.60090983845,23.92590491563239,5.465485206348241,24.07275643370788,prior,north,-5.465485206348234,0.6708407871198568,0.32037691401649,False,5.685919487401996,True,360209.31619343464,504312.17909089534,,4.761821029995147,6.698114899482022,
1394833675537922,2024,panoroma_coarse,360205.21622605325,504314.60090983845,23.92590491563239,5.465485206348241,24.07275643370788,prior,north,-5.465485206348234,0.6404293381037567,0.3327702702702703,False,1.6317795652509162,True,360207.43968406715,504310.8135227211,,4.391818156089824,9.114454554101297,
1394833675537922,2024,panoroma_fine,360205.21622605325,504314.60090983845,23.92590491563239,5.465485206348241,24.07275643370788,prior,north,-5.465485206348234,0.6404293381037567,0.3327702702702703,False,1.6317795652509162,True,360207.30034208804,504312.4393420107,,3.002651348461558,0.07450437420433775,
1394833675537922,2024,panoroma_two_pass,360205.21622605325,504314.60090983845,23.92590491563239,5.465485206348241,24.07275643370788,prior,north,-5.465485206348234,0.6404293381037567,0.3327702702702703,False,1.6317795652509162,True,360207.30034208804,504312.4393420107,,3.002651348461558,0.07450437420433775,
1395652132772836,2025,panoroma_coarse,360212.6186717645,504285.4790996788,104.2002610016034,-5.775530422128938,16.23827392956013,prior,north,5.775530422128952,0.6003937007874016,0.519650655021834,False,0.8426251651798803,True,360212.94080046273,504285.06370998826,,0.5256572012604155,1.1896245328059774,
1395652132772836,2025,panoroma_fine,360212.6186717645,504285.4790996788,104.2002610016034,-5.775530422128938,16.23827392956013,prior,north,5.775530422128952,0.6003937007874016,0.519650655021834,False,0.8426251651798803,True,360212.32056934433,504284.4933324565,,1.029855363376386,6.276275875705372,
1395652132772836,2025,panoroma_two_pass,360212.6186717645,504285.4790996788,104.2002610016034,-5.775530422128938,16.23827392956013,prior,north,5.775530422128952,0.6003937007874016,0.519650655021834,False,0.8426251651798803,True,360212.32056934433,504284.4933324565,,1.029855363376386,6.276275875705372,
1395652132772836,2024,panoroma_coarse,360212.6186717645,504285.4790996788,104.2002610016034,-5.775530422128938,16.23827392956013,prior,north,5.775530422128952,0.639511201629328,0.48739495798319327,False,1.785878100966135,True,360213.53145505814,504282.7949528058,,2.835104544288238,2.045864112638969,
1395652132772836,2024,panoroma_fine,360212.6186717645,504285.4790996788,104.2002610016034,-5.775530422128938,16.23827392956013,prior,north,5.775530422128952,0.639511201629328,0.48739495798319327,False,1.785878100966135,True,360212.18636041635,504281.6201843196,,3.8830556075244833,10.568524103696536,
1395652132772836,2024,panoroma_two_pass,360212.6186717645,504285.4790996788,104.2002610016034,-5.775530422128938,16.23827392956013,prior,north,5.775530422128952,0.639511201629328,0.48739495798319327,False,1.785878100966135,True,360212.18636041635,504281.6201843196,,3.8830556075244833,10.568524103696536,
1400355921620343,2025,panoroma_coarse,360205.4759034122,504254.55547422264,107.0257488016855,4.523762939345843,22.887741252164506,prior,north,-4.523762939345829,0.6645569620253164,0.405320813771518,False,0.30315509546335784,True,360207.8190431326,504259.6015891476,,5.563594124753717,0.25297367411938876,
1400355921620343,2025,panoroma_fine,360205.4759034122,504254.55547422264,107.0257488016855,4.523762939345843,22.887741252164506,prior,north,-4.523762939345829,0.6645569620253164,0.405320813771518,False,0.30315509546335784,True,360208.12201311503,504259.5909966188,,5.688442876703816,7.438957459829322,
1400355921620343,2025,panoroma_two_pass,360205.4759034122,504254.55547422264,107.0257488016855,4.523762939345843,22.887741252164506,prior,north,-4.523762939345829,0.6645569620253164,0.405320813771518,False,0.30315509546335784,True,360208.12201311503,504259.5909966188,,5.688442876703816,7.438957459829322,
1400355921620343,2024,panoroma_coarse,360205.4759034122,504254.55547422264,107.0257488016855,4.523762939345843,22.887741252164506,prior,north,-4.523762939345829,0.5527638190954773,0.4,False,1.6766990444278451,True,360209.7501725946,504277.96160253003,,23.7931969139506,0.6982269962346753,
1400355921620343,2024,panoroma_fine,360205.4759034122,504254.55547422264,107.0257488016855,4.523762939345843,22.887741252164506,prior,north,-4.523762939345829,0.5527638190954773,0.4,False,1.6766990444278451,True,360211.1499393413,504277.0385788356,,23.188028738171614,2.292879511187038,
1400355921620343,2024,panoroma_two_pass,360205.4759034122,504254.55547422264,107.0257488016855,4.523762939345843,22.887741252164506,prior,north,-4.523762939345829,0.5527638190954773,0.4,False,1.6766990444278451,True,360211.1499393413,504277.0385788356,,23.188028738171614,2.292879511187038,
1659474219043827,2025,panoroma_coarse,360194.59397493093,504220.8789819656,105.45750862113835,1.8236946770203843,28.29686517500868,prior,north,-1.8236946770203986,0.4033816425120773,0.44983818770226536,False,3.022274262910983,True,360197.0614661063,504231.0105192013,,10.427682362757979,25.352715124447368,
1659474219043827,2025,panoroma_fine,360194.59397493093,504220.8789819656,105.45750862113835,1.8236946770203843,28.29686517500868,prior,north,-1.8236946770203986,0.4033816425120773,0.44983818770226536,False,3.022274262910983,True,360196.4193789396,504228.0572386879,,7.406717853806689,5.108834537417518,
1659474219043827,2025,panoroma_two_pass,360194.59397493093,504220.8789819656,105.45750862113835,1.8236946770203843,28.29686517500868,prior,north,-1.8236946770203986,0.4033816425120773,0.44983818770226536,False,3.022274262910983,True,360196.4193789396,504228.0572386879,,7.406717853806689,5.108834537417518,
1659474219043827,2024,panoroma_coarse,360194.59397493093,504220.8789819656,105.45750862113835,1.8236946770203843,28.29686517500868,prior,north,-1.8236946770203986,0.5842857142857143,0.3660968660968661,False,5.299486030058888,True,360196.9014184984,504250.9714083708,,30.18076246172974,4.753209213767117,
1659474219043827,2024,panoroma_fine,360194.59397493093,504220.8789819656,105.45750862113835,1.8236946770203843,28.29686517500868,prior,north,-1.8236946770203986,0.5842857142857143,0.3660968660968661,False,5.299486030058888,True,360202.1450847146,504251.7385568548,,31.76999561387537,1.7577838021239618,
1659474219043827,2024,panoroma_two_pass,360194.59397493093,504220.8789819656,105.45750862113835,1.8236946770203843,28.29686517500868,prior,north,-1.8236946770203986,0.5842857142857143,0.3660968660968661,False,5.299486030058888,True,360202.1450847146,504251.7385568548,,31.76999561387537,1.7577838021239618,
3757320467753222,2025,panoroma_coarse,360184.3176811162,504190.7261088975,109.89330425369523,0.30327979300933805,16.261700513066646,prior,north,-0.30327979300932384,0.725925925925926,0.481029810298103,False,3.2934070841442247,True,360182.14788124297,504185.84612635936,,5.340623658551336,2.585822559305793,
3757320467753222,2025,panoroma_fine,360184.3176811162,504190.7261088975,109.89330425369523,0.30327979300933805,16.261700513066646,prior,north,-0.30327979300932384,0.725925925925926,0.481029810298103,False,3.2934070841442247,True,360184.71887692495,504187.9044051123,,2.850082512508455,0.15935106894866885,
3757320467753222,2025,panoroma_two_pass,360184.3176811162,504190.7261088975,109.89330425369523,0.30327979300933805,16.261700513066646,prior,north,-0.30327979300932384,0.725925925925926,0.481029810298103,False,3.2934070841442247,True,360184.71887692495,504187.9044051123,,2.850082512508455,0.15935106894866885,
3757320467753222,2024,panoroma_coarse,360184.3176811162,504190.7261088975,109.89330425369523,0.30327979300933805,16.261700513066646,prior,north,-0.30327979300932384,0.7052631578947368,0.43626062322946174,False,1.7349124792410409,True,360182.3680180018,504188.66441662976,,2.8375625572968963,1.7693251688654894,
3757320467753222,2024,panoroma_fine,360184.3176811162,504190.7261088975,109.89330425369523,0.30327979300933805,16.261700513066646,prior,north,-0.30327979300932384,0.7052631578947368,0.43626062322946174,False,1.7349124792410409,True,360183.6070027216,504187.44998747384,,3.352317909006154,1.5095956438953662,
3757320467753222,2024,panoroma_two_pass,360184.3176811162,504190.7261088975,109.89330425369523,0.30327979300933805,16.261700513066646,prior,north,-0.30327979300932384,0.7052631578947368,0.43626062322946174,False,1.7349124792410409,True,360183.6070027216,504187.44998747384,,3.352317909006154,1.5095956438953662,
1084706981111921,2025,panoroma_coarse,360172.7961192918,504159.78433716483,109.07841537892595,-2.4876025192762796,13.771266339979283,prior,north,2.4876025192762654,0.5791505791505791,0.3024054982817869,False,4.633744963732781,True,360175.84655069327,504160.5957457451,,3.156503701759331,11.158814657735386,
1084706981111921,2025,panoroma_fine,360172.7961192918,504159.78433716483,109.07841537892595,-2.4876025192762796,13.771266339979283,prior,north,2.4876025192762654,0.5791505791505791,0.3024054982817869,False,4.633744963732781,True,360171.64311659307,504158.6456857066,,1.62047596917345,3.2336926171113416,
1084706981111921,2025,panoroma_two_pass,360172.7961192918,504159.78433716483,109.07841537892595,-2.4876025192762796,13.771266339979283,prior,north,2.4876025192762654,0.5791505791505791,0.3024054982817869,False,4.633744963732781,True,360171.64311659307,504158.6456857066,,1.62047596917345,3.2336926171113416,
1084706981111921,2024,panoroma_coarse,360172.7961192918,504159.78433716483,109.07841537892595,-2.4876025192762796,13.771266339979283,prior,north,2.4876025192762654,0.6369770580296896,0.4452662721893491,False,3.070541307669272,True,360173.9567812267,504157.51371721306,,2.5500688407269663,8.239972347313582,
1084706981111921,2024,panoroma_fine,360172.7961192918,504159.78433716483,109.07841537892595,-2.4876025192762796,13.771266339979283,prior,north,2.4876025192762654,0.6369770580296896,0.4452662721893491,False,3.070541307669272,True,360170.88860711,504157.39317049313,,3.0588038144889853,3.5677041765446895,
1084706981111921,2024,panoroma_two_pass,360172.7961192918,504159.78433716483,109.07841537892595,-2.4876025192762796,13.771266339979283,prior,north,2.4876025192762654,0.6369770580296896,0.4452662721893491,False,3.070541307669272,True,360170.88860711,504157.39317049313,,3.0588038144889853,3.5677041765446895,
1569936184813606,2025,panoroma_coarse,360163.02569056407,504128.34509992413,107.55053766241267,-5.274329366226681,12.848549724647116,prior,north,5.274329366226681,0.5385826771653544,0.42671009771986973,False,3.0678925126804644,True,360162.77280836325,504129.0515823046,,0.750377745793413,4.848009265885917,
1569936184813606,2025,panoroma_fine,360163.02569056407,504128.34509992413,107.55053766241267,-5.274329366226681,12.848549724647116,prior,north,5.274329366226681,0.5385826771653544,0.42671009771986973,False,3.0678925126804644,True,360161.58832609194,504126.2215706053,,2.5642529894128594,0.5955045054255033,
1569936184813606,2025,panoroma_two_pass,360163.02569056407,504128.34509992413,107.55053766241267,-5.274329366226681,12.848549724647116,prior,north,5.274329366226681,0.5385826771653544,0.42671009771986973,False,3.0678925126804644,True,360161.58832609194,504126.2215706053,,2.5642529894128594,0.5955045054255033,
1569936184813606,2024,panoroma_coarse,360163.02569056407,504128.34509992413,107.55053766241267,-5.274329366226681,12.848549724647116,prior,north,5.274329366226681,0.3514412416851441,0.3493975903614458,False,2.511964122590075,True,360172.78483795363,504150.58065432444,,24.28293304483987,1.6574884829166596,
1569936184813606,2024,panoroma_fine,360163.02569056407,504128.34509992413,107.55053766241267,-5.274329366226681,12.848549724647116,prior,north,5.274329366226681,0.3514412416851441,0.3493975903614458,False,2.511964122590075,True,360171.20333967067,504152.532275941,,25.532203754887647,2.6406098490348024,
1569936184813606,2024,panoroma_two_pass,360163.02569056407,504128.34509992413,107.55053766241267,-5.274329366226681,12.848549724647116,prior,north,5.274329366226681,0.3514412416851441,0.3493975903614458,False,2.511964122590075,True,360171.20333967067,504152.532275941,,25.532203754887647,2.6406098490348024,
1966035434037497,2025,panoroma_coarse,360152.2255144523,504096.58446743246,108.93797822619024,0.46948384629791917,2.954532516091057,prior,north,-0.46948384629791917,0.6045454545454545,0.392235609103079,False,3.417140244731679,True,360148.643875861,504098.5790394996,,4.099567383227674,6.096231205913395,
1966035434037497,2025,panoroma_fine,360152.2255144523,504096.58446743246,108.93797822619024,0.46948384629791917,2.954532516091057,prior,north,-0.46948384629791917,0.6045454545454545,0.392235609103079,False,3.417140244731679,True,360151.97584102285,504099.33723183174,,2.764063794366072,6.974478563319307,
1966035434037497,2025,panoroma_two_pass,360152.2255144523,504096.58446743246,108.93797822619024,0.46948384629791917,2.954532516091057,prior,north,-0.46948384629791917,0.6045454545454545,0.392235609103079,False,3.417140244731679,True,360151.97584102285,504099.33723183174,,2.764063794366072,6.974478563319307,
1966035434037497,2024,panoroma_coarse,360152.2255144523,504096.58446743246,108.93797822619024,0.46948384629791917,2.954532516091057,prior,north,-0.46948384629791917,0.6019830028328612,0.37432432432432433,False,2.237888998699718,True,360148.9202262662,504101.2560103676,,5.722608093177164,6.93973339276376,
1966035434037497,2024,panoroma_fine,360152.2255144523,504096.58446743246,108.93797822619024,0.46948384629791917,2.954532516091057,prior,north,-0.46948384629791917,0.6019830028328612,0.37432432432432433,False,2.237888998699718,True,360149.8279353901,504099.2104758856,,3.5558832595411745,5.508935938614129,
1966035434037497,2024,panoroma_two_pass,360152.2255144523,504096.58446743246,108.93797822619024,0.46948384629791917,2.954532516091057,prior,north,-0.46948384629791917,0.6019830028328612,0.37432432432432433,False,2.237888998699718,True,360149.8279353901,504099.2104758856,,3.5558832595411745,5.508935938614129,
1897080597943369,2025,panoroma_coarse,360140.1340845268,504063.5842964947,110.06125082140551,-5.851287951340339,16.00412196530676,prior,north,5.851287951340339,0.48853615520282184,0.3215962441314554,False,0.4952387918899847,True,360131.8414773274,504048.6422201261,,17.088972478438397,6.432421452682355,
1897080597943369,2025,panoroma_fine,360140.1340845268,504063.5842964947,110.06125082140551,-5.851287951340339,16.00412196530676,prior,north,5.851287951340339,0.48853615520282184,0.3215962441314554,False,0.4952387918899847,True,360132.30722788634,504048.47388154507,,17.017177345875947,2.5826134493192434,
1897080597943369,2025,panoroma_two_pass,360140.1340845268,504063.5842964947,110.06125082140551,-5.851287951340339,16.00412196530676,prior,north,5.851287951340339,0.48853615520282184,0.3215962441314554,False,0.4952387918899847,True,360132.30722788634,504048.47388154507,,17.017177345875947,2.5826134493192434,
1897080597943369,2024,panoroma_coarse,360140.1340845268,504063.5842964947,110.06125082140551,-5.851287951340339,16.00412196530676,prior,north,5.851287951340339,0.5228758169934641,0.3657635467980296,False,5.5974040648901155,True,360128.8990233056,504039.40863142925,,26.658758073124645,3.944353238590475,
1897080597943369,2024,panoroma_fine,360140.1340845268,504063.5842964947,110.06125082140551,-5.851287951340339,16.00412196530676,prior,north,5.851287951340339,0.5228758169934641,0.3657635467980296,False,5.5974040648901155,True,360130.314492894,504044.8241072265,,21.174727417711818,8.902515746289499,
1897080597943369,2024,panoroma_two_pass,360140.1340845268,504063.5842964947,110.06125082140551,-5.851287951340339,16.00412196530676,prior,north,5.851287951340339,0.5228758169934641,0.3657635467980296,False,5.5974040648901155,True,360130.314492894,504044.8241072265,,21.174727417711818,8.902515746289499,
962616489483305,2025,panoroma_coarse,360128.71088285104,504033.5532297725,111.37466616997419,8.473188058930717,16.963064197153102,prior,north,-8.473188058930702,0.47141424272818455,0.36967808930425755,False,3.987372696729428,True,360133.12534250016,504057.0927357464,,23.949860030700535,4.346709050719032,
962616489483305,2025,panoroma_fine,360128.71088285104,504033.5532297725,111.37466616997419,8.473188058930717,16.963064197153102,prior,north,-8.473188058930702,0.47141424272818455,0.36967808930425755,False,3.987372696729428,True,360135.31082313304,504060.42782426486,,27.67314656585741,1.8064420780586659,
962616489483305,2025,panoroma_two_pass,360128.71088285104,504033.5532297725,111.37466616997419,8.473188058930717,16.963064197153102,prior,north,-8.473188058930702,0.47141424272818455,0.36967808930425755,False,3.987372696729428,True,360135.31082313304,504060.42782426486,,27.67314656585741,1.8064420780586659,
962616489483305,2024,panoroma_coarse,360128.71088285104,504033.5532297725,111.37466616997419,8.473188058930717,16.963064197153102,prior,north,-8.473188058930702,0.6367521367521367,0.3907427341227126,False,4.032252139090245,True,360127.8649575194,504034.8891514672,,1.5812262460121134,3.9711040856239634,
962616489483305,2024,panoroma_fine,360128.71088285104,504033.5532297725,111.37466616997419,8.473188058930717,16.963064197153102,prior,north,-8.473188058930702,0.6367521367521367,0.3907427341227126,False,4.032252139090245,True,360123.8720131772,504035.45080331067,,5.1976384111654195,11.680333881921127,
962616489483305,2024,panoroma_two_pass,360128.71088285104,504033.5532297725,111.37466616997419,8.473188058930717,16.963064197153102,prior,north,-8.473188058930702,0.6367521367521367,0.3907427341227126,False,4.032252139090245,True,360123.8720131772,504035.45080331067,,5.1976384111654195,11.680333881921127,
2210288512880939,2025,panoroma_coarse,360119.1444854562,504000.351743727,91.05155375073208,3.7164785849764,5.990761113332569,prior,north,-3.7164785849764144,0.6386651323360184,0.36622807017543857,False,0.35780339868389355,True,360116.2836046313,503998.79990323645,,3.25466557459347,0.03678658700488835,
2210288512880939,2025,panoroma_fine,360119.1444854562,504000.351743727,91.05155375073208,3.7164785849764,5.990761113332569,prior,north,-3.7164785849764144,0.6386651323360184,0.36622807017543857,False,0.35780339868389355,True,360116.4873584573,503998.5057814071,,3.235413540007624,2.836897467503037,
2210288512880939,2025,panoroma_two_pass,360119.1444854562,504000.351743727,91.05155375073208,3.7164785849764,5.990761113332569,prior,north,-3.7164785849764144,0.6386651323360184,0.36622807017543857,False,0.35780339868389355,True,360116.4873584573,503998.5057814071,,3.235413540007624,2.836897467503037,
2210288512880939,2024,panoroma_coarse,360119.1444854562,504000.351743727,91.05155375073208,3.7164785849764,5.990761113332569,prior,north,-3.7164785849764144,0.6152073732718893,0.3625668449197861,False,2.6365018206125623,True,360113.69617498125,503999.34467371064,,5.5406025890350925,0.028067418603527558,
2210288512880939,2024,panoroma_fine,360119.1444854562,504000.351743727,91.05155375073208,3.7164785849764,5.990761113332569,prior,north,-3.7164785849764144,0.6152073732718893,0.3625668449197861,False,2.6365018206125623,True,360116.3296938755,503999.21929395315,,3.034055723476668,1.2943015282110566,
2210288512880939,2024,panoroma_two_pass,360119.1444854562,504000.351743727,91.05155375073208,3.7164785849764,5.990761113332569,prior,north,-3.7164785849764144,0.6152073732718893,0.3625668449197861,False,2.6365018206125623,True,360116.3296938755,503999.21929395315,,3.034055723476668,1.2943015282110566,
1039518862467428,2025,panoroma_coarse,360133.0528596273,503973.5716151353,35.618167811678525,-4.413916958369704,11.332507331853833,prior,north,4.413916958369697,0.6820388349514563,0.36633663366336633,False,2.4639047793557656,True,360118.11870611267,503989.5911163837,,21.90098996495379,4.502668695656558,
1039518862467428,2025,panoroma_fine,360133.0528596273,503973.5716151353,35.618167811678525,-4.413916958369704,11.332507331853833,prior,north,4.413916958369697,0.6820388349514563,0.36633663366336633,False,2.4639047793557656,True,360115.9172842319,503988.4845141676,,22.716128668365446,3.725544406476833,
1039518862467428,2025,panoroma_two_pass,360133.0528596273,503973.5716151353,35.618167811678525,-4.413916958369704,11.332507331853833,prior,north,4.413916958369697,0.6820388349514563,0.36633663366336633,False,2.4639047793557656,True,360115.9172842319,503988.4845141676,,22.716128668365446,3.725544406476833,
1039518862467428,2024,panoroma_coarse,360133.0528596273,503973.5716151353,35.618167811678525,-4.413916958369704,11.332507331853833,prior,north,4.413916958369697,0.5341098169717138,0.35515548281505727,False,3.8248074699530066,True,360119.86433924217,503983.02850102383,,16.228670945509755,6.8274740466865165,
1039518862467428,2024,panoroma_fine,360133.0528596273,503973.5716151353,35.618167811678525,-4.413916958369704,11.332507331853833,prior,north,4.413916958369697,0.5341098169717138,0.35515548281505727,False,3.8248074699530066,True,360118.8325755372,503986.71151824336,,19.36165109932807,8.428695003436719,
1039518862467428,2024,panoroma_two_pass,360133.0528596273,503973.5716151353,35.618167811678525,-4.413916958369704,11.332507331853833,prior,north,4.413916958369697,0.5341098169717138,0.35515548281505727,False,3.8248074699530066,True,360118.8325755372,503986.71151824336,,19.36165109932807,8.428695003436719,
1068673502542792,2025,panoroma_coarse,360165.8632651619,503970.6280462332,350.15053243802794,2.886426762550684,12.214114737920937,prior,north,-2.886426762550684,0.4697986577181208,0.4572317262830482,False,4.378251662470933,True,360186.38184410194,503984.4118703731,,24.718533322947078,6.857353947857327,
1068673502542792,2025,panoroma_fine,360165.8632651619,503970.6280462332,350.15053243802794,2.886426762550684,12.214114737920937,prior,north,-2.886426762550684,0.4697986577181208,0.4572317262830482,False,4.378251662470933,True,360190.74145961425,503984.0083357342,,28.248127483742017,5.611328334579993,
1068673502542792,2025,panoroma_two_pass,360165.8632651619,503970.6280462332,350.15053243802794,2.886426762550684,12.214114737920937,prior,north,-2.886426762550684,0.4697986577181208,0.4572317262830482,False,4.378251662470933,True,360190.74145961425,503984.0083357342,,28.248127483742017,5.611328334579993,
1068673502542792,2024,panoroma_coarse,360165.8632651619,503970.6280462332,350.15053243802794,2.886426762550684,12.214114737920937,prior,north,-2.886426762550684,0.35368663594470046,0.5646481178396072,False,5.43422334453971,True,360172.7320744055,503969.650905442,,6.937964006108333,0.5845035525901388,
1068673502542792,2024,panoroma_fine,360165.8632651619,503970.6280462332,350.15053243802794,2.886426762550684,12.214114737920937,prior,north,-2.886426762550684,0.35368663594470046,0.5646481178396072,False,5.43422334453971,True,360167.2981540982,503969.5935168296,,1.7689424372809148,1.6053818053202182,
1068673502542792,2024,panoroma_two_pass,360165.8632651619,503970.6280462332,350.15053243802794,2.886426762550684,12.214114737920937,prior,north,-2.886426762550684,0.35368663594470046,0.5646481178396072,False,5.43422334453971,True,360167.2981540982,503969.5935168296,,1.7689424372809148,1.6053818053202182,
1614796256716672,2025,panoroma_coarse,360199.6908804353,503976.64319369476,347.084474668747,-2.6424565998051435,15.046450192013534,prior,north,2.6424565998051435,0.7267441860465116,0.43709677419354837,False,1.558178404825314,True,360196.3470678855,503975.8081532667,,3.4465018329467147,4.282265506068959,
1614796256716672,2025,panoroma_fine,360199.6908804353,503976.64319369476,347.084474668747,-2.6424565998051435,15.046450192013534,prior,north,2.6424565998051435,0.7267441860465116,0.43709677419354837,False,1.558178404825314,True,360197.9051757559,503975.8229791026,,1.9650682377819928,1.5296196338141193,
1614796256716672,2025,panoroma_two_pass,360199.6908804353,503976.64319369476,347.084474668747,-2.6424565998051435,15.046450192013534,prior,north,2.6424565998051435,0.7267441860465116,0.43709677419354837,False,1.558178404825314,True,360197.9051757559,503975.8229791026,,1.9650682377819928,1.5296196338141193,
1614796256716672,2024,panoroma_coarse,360199.6908804353,503976.64319369476,347.084474668747,-2.6424565998051435,15.046450192013534,prior,north,2.6424565998051435,0.7366548042704626,0.4393491124260355,False,2.837946727456453,True,360195.26280240814,503975.73627356766,,4.519997691535485,4.2511079866639285,
1614796256716672,2024,panoroma_fine,360199.6908804353,503976.64319369476,347.084474668747,-2.6424565998051435,15.046450192013534,prior,north,2.6424565998051435,0.7366548042704626,0.4393491124260355,False,2.837946727456453,True,360198.0998599099,503975.8073113021,,1.7972327858440587,1.0544980883231998,
1614796256716672,2024,panoroma_two_pass,360199.6908804353,503976.64319369476,347.084474668747,-2.6424565998051435,15.046450192013534,prior,north,2.6424565998051435,0.7366548042704626,0.4393491124260355,False,2.837946727456453,True,360198.0998599099,503975.8073113021,,1.7972327858440587,1.0544980883231998,
1623097549539635,2025,panoroma_coarse,360230.81751104794,503983.41809891164,347.18431886247004,9.178986444773386,1.8347676850609251,prior,north,-9.178986444773386,0.6756756756756757,0.41893830703012913,False,0.39219521537837665,True,360231.1734389081,503982.30561372556,,1.1680359287743098,6.89721176811092,
1623097549539635,2025,panoroma_fine,360230.81751104794,503983.41809891164,347.18431886247004,9.178986444773386,1.8347676850609251,prior,north,-9.178986444773386,0.6756756756756757,0.41893830703012913,False,0.39219521537837665,True,360231.4569726705,503982.5765854815,,1.0569087093087033,8.577006116657829,
1623097549539635,2025,panoroma_two_pass,360230.81751104794,503983.41809891164,347.18431886247004,9.178986444773386,1.8347676850609251,prior,north,-9.178986444773386,0.6756756756756757,0.41893830703012913,False,0.39219521537837665,True,360231.4569726705,503982.5765854815,,1.0569087093087033,8.577006116657829,
1623097549539635,2024,panoroma_coarse,360230.81751104794,503983.41809891164,347.18431886247004,9.178986444773386,1.8347676850609251,prior,north,-9.178986444773386,0.4787350054525627,0.46005917159763315,False,2.086476920262325,True,360228.6958708379,503981.6482689708,,2.7629070198693015,8.725198966014668,
1623097549539635,2024,panoroma_fine,360230.81751104794,503983.41809891164,347.18431886247004,9.178986444773386,1.8347676850609251,prior,north,-9.178986444773386,0.4787350054525627,0.46005917159763315,False,2.086476920262325,True,360230.77737234964,503981.79227381595,,1.626320496357674,5.014795198397247,
1623097549539635,2024,panoroma_two_pass,360230.81751104794,503983.41809891164,347.18431886247004,9.178986444773386,1.8347676850609251,prior,north,-9.178986444773386,0.4787350054525627,0.46005917159763315,False,2.086476920262325,True,360230.77737234964,503981.79227381595,,1.626320496357674,5.014795198397247,
1585086595814553,2025,panoroma_coarse,360265.8288479847,503990.3496837346,348.28538668930594,-6.842024136820726,15.720703665446791,prior,north,6.842024136820726,0.5718157181571816,0.4269340974212034,False,3.8949662723026064,True,360267.45619039075,503988.9120112168,,2.171438595684663,22.993983127406295,
1585086595814553,2025,panoroma_fine,360265.8288479847,503990.3496837346,348.28538668930594,-6.842024136820726,15.720703665446791,prior,north,6.842024136820726,0.5718157181571816,0.4269340974212034,False,3.8949662723026064,True,360264.6353519494,503986.2261905322,,4.292741429026257,10.973223227428107,
1585086595814553,2025,panoroma_two_pass,360265.8288479847,503990.3496837346,348.28538668930594,-6.842024136820726,15.720703665446791,prior,north,6.842024136820726,0.5718157181571816,0.4269340974212034,False,3.8949662723026064,True,360264.6353519494,503986.2261905322,,4.292741429026257,10.973223227428107,
1585086595814553,2024,panoroma_coarse,360265.8288479847,503990.3496837346,348.28538668930594,-6.842024136820726,15.720703665446791,prior,north,6.842024136820726,0.6072931276297335,0.3819241982507289,False,1.9959811531849554,True,360265.6129755011,503989.1128670373,,1.2555144251959016,6.1962369820446765,
1585086595814553,2024,panoroma_fine,360265.8288479847,503990.3496837346,348.28538668930594,-6.842024136820726,15.720703665446791,prior,north,6.842024136820726,0.6072931276297335,0.3819241982507289,False,1.9959811531849554,True,360265.2205775619,503987.1558374971,,3.2512530962815385,11.00385870030686,
1585086595814553,2024,panoroma_two_pass,360265.8288479847,503990.3496837346,348.28538668930594,-6.842024136820726,15.720703665446791,prior,north,6.842024136820726,0.6072931276297335,0.3819241982507289,False,1.9959811531849554,True,360265.2205775619,503987.1558374971,,3.2512530962815385,11.00385870030686,
1605463537903045,2025,panoroma_coarse,360296.4594195853,503997.18667273317,346.64073882745475,-0.20381848934039226,19.853584068747864,prior,north,0.20381848934039226,0.6612377850162866,0.5704697986577181,False,2.8678022609041065,True,360294.3534261529,503998.17649029696,,2.327003899203322,0.7530463428612886,
1605463537903045,2025,panoroma_fine,360296.4594195853,503997.18667273317,346.64073882745475,-0.20381848934039226,19.853584068747864,prior,north,0.20381848934039226,0.6612377850162866,0.5704697986577181,False,2.8678022609041065,True,360296.64213900245,503996.44846156455,,0.760488076746472,3.206320791150135,
1605463537903045,2025,panoroma_two_pass,360296.4594195853,503997.18667273317,346.64073882745475,-0.20381848934039226,19.853584068747864,prior,north,0.20381848934039226,0.6612377850162866,0.5704697986577181,False,2.8678022609041065,True,360296.64213900245,503996.44846156455,,0.760488076746472,3.206320791150135,
1605463537903045,2024,panoroma_coarse,360296.4594195853,503997.18667273317,346.64073882745475,-0.20381848934039226,19.853584068747864,prior,north,0.20381848934039226,0.7067901234567902,0.5568181818181818,False,1.7493453699051598,True,360297.25776690943,503997.46253600053,,0.84466501776233,3.06075086451975,
1605463537903045,2024,panoroma_fine,360296.4594195853,503997.18667273317,346.64073882745475,-0.20381848934039226,19.853584068747864,prior,north,0.20381848934039226,0.7067901234567902,0.5568181818181818,False,1.7493453699051598,True,360296.62303427124,503995.832406036,,1.3641143839784844,2.3577299144177486,
1605463537903045,2024,panoroma_two_pass,360296.4594195853,503997.18667273317,346.64073882745475,-0.20381848934039226,19.853584068747864,prior,north,0.20381848934039226,0.7067901234567902,0.5568181818181818,False,1.7493453699051598,True,360296.62303427124,503995.832406036,,1.3641143839784844,2.3577299144177486,
3789502397873420,2025,panoroma_coarse,360329.7389217006,504003.7331037838,344.91925715035035,-7.035245201361761,22.509123266098655,prior,north,7.035245201361761,0.7470489038785835,0.3028485757121439,False,0.3653467873472131,True,360327.45527920884,504005.1178445813,,2.6706797087274894,1.9095431664060691,
3789502397873420,2025,panoroma_fine,360329.7389217006,504003.7331037838,344.91925715035035,-7.035245201361761,22.509123266098655,prior,north,7.035245201361761,0.7470489038785835,0.3028485757121439,False,0.3653467873472131,True,360327.1492518735,504005.31740796735,,3.0358540082814316,6.819597115290698,
3789502397873420,2025,panoroma_two_pass,360329.7389217006,504003.7331037838,344.91925715035035,-7.035245201361761,22.509123266098655,prior,north,7.035245201361761,0.7470489038785835,0.3028485757121439,False,0.3653467873472131,True,360327.1492518735,504005.31740796735,,3.0358540082814316,6.819597115290698,
3789502397873420,2024,panoroma_coarse,360329.7389217006,504003.7331037838,344.91925715035035,-7.035245201361761,22.509123266098655,prior,north,7.035245201361761,0.6876923076923077,0.42075736325385693,False,2.569405063593537,True,360327.9142824702,504004.6564152835,,2.04494803033144,4.5933284611127965,
3789502397873420,2024,panoroma_fine,360329.7389217006,504003.7331037838,344.91925715035035,-7.035245201361761,22.509123266098655,prior,north,7.035245201361761,0.6876923076923077,0.42075736325385693,False,2.569405063593537,True,360328.3310430581,504002.1210350372,,2.140300893772179,3.3921394688090047,
3789502397873420,2024,panoroma_two_pass,360329.7389217006,504003.7331037838,344.91925715035035,-7.035245201361761,22.509123266098655,prior,north,7.035245201361761,0.6876923076923077,0.42075736325385693,False,2.569405063593537,True,360328.3310430581,504002.1210350372,,2.140300893772179,3.3921394688090047,
1950003419008286,2025,panoroma_coarse,360363.1358821056,504010.94987133984,349.8785002006545,-8.337062201042443,13.1404951610002,prior,north,8.337062201042443,0.7067961165048544,0.3973305954825462,False,3.9145272740761063,True,360364.0614933021,504010.73520171427,,0.9501784754530517,5.493781041276021,
1950003419008286,2025,panoroma_fine,360363.1358821056,504010.94987133984,349.8785002006545,-8.337062201042443,13.1404951610002,prior,north,8.337062201042443,0.7067961165048544,0.3973305954825462,False,3.9145272740761063,True,360367.6059142442,504012.396708249,,4.698353367043838,14.800822922985889,
1950003419008286,2025,panoroma_two_pass,360363.1358821056,504010.94987133984,349.8785002006545,-8.337062201042443,13.1404951610002,prior,north,8.337062201042443,0.7067961165048544,0.3973305954825462,False,3.9145272740761063,True,360367.6059142442,504012.396708249,,4.698353367043838,14.800822922985889,
1950003419008286,2024,panoroma_coarse,360363.1358821056,504010.94987133984,349.8785002006545,-8.337062201042443,13.1404951610002,prior,north,8.337062201042443,0.7149122807017544,0.37056928034371645,False,0.576208910500483,True,360362.72065042524,504009.4547422132,,1.5517179040480238,6.277465711741364,
1950003419008286,2024,panoroma_fine,360363.1358821056,504010.94987133984,349.8785002006545,-8.337062201042443,13.1404951610002,prior,north,8.337062201042443,0.7149122807017544,0.37056928034371645,False,0.576208910500483,True,360362.5435895064,504010.003072533,,1.1167983272276503,0.03401093763271256,
1950003419008286,2024,panoroma_two_pass,360363.1358821056,504010.94987133984,349.8785002006545,-8.337062201042443,13.1404951610002,prior,north,8.337062201042443,0.7149122807017544,0.37056928034371645,False,0.576208910500483,True,360362.5435895064,504010.003072533,,1.1167983272276503,0.03401093763271256,
1783034616269773,2025,panoroma_coarse,360394.11981327285,504016.33189696353,349.3653990519746,-6.495003192321349,12.270147858824737,prior,north,6.495003192321349,0.6972972972972973,0.4169570267131243,False,2.6299980471883004,True,360393.5451190178,504016.97858931497,,0.8651499778413374,0.6122011728748142,
1783034616269773,2025,panoroma_fine,360394.11981327285,504016.33189696353,349.3653990519746,-6.495003192321349,12.270147858824737,prior,north,6.495003192321349,0.6972972972972973,0.4169570267131243,False,2.6299980471883004,True,360392.5349461336,504014.5503305824,,2.3844879155275605,2.6298839223807398,
1783034616269773,2025,panoroma_two_pass,360394.11981327285,504016.33189696353,349.3653990519746,-6.495003192321349,12.270147858824737,prior,north,6.495003192321349,0.6972972972972973,0.4169570267131243,False,2.6299980471883004,True,360392.5349461336,504014.5503305824,,2.3844879155275605,2.6298839223807398,
1783034616269773,2024,panoroma_coarse,360394.11981327285,504016.33189696353,349.3653990519746,-6.495003192321349,12.270147858824737,prior,north,6.495003192321349,0.7347629796839729,0.4043478260869565,False,2.3646743995649286,True,360394.2536177542,504015.8696147515,,0.48125718987254673,1.5938773368316206,
1783034616269773,2024,panoroma_fine,360394.11981327285,504016.33189696353,349.3653990519746,-6.495003192321349,12.270147858824737,prior,north,6.495003192321349,0.7347629796839729,0.4043478260869565,False,2.3646743995649286,True,360392.0674854573,504014.9682210548,,2.46407415605019,3.2391058630604843,
1783034616269773,2024,panoroma_two_pass,360394.11981327285,504016.33189696353,349.3653990519746,-6.495003192321349,12.270147858824737,prior,north,6.495003192321349,0.7347629796839729,0.4043478260869565,False,2.3646743995649286,True,360392.0674854573,504014.9682210548,,2.46407415605019,3.2391058630604843,
1751971182727263,2025,panoroma_coarse,360428.991711286,504022.2797679808,350.0611522646833,9.077511800668105,7.782601025164379,prior,north,-9.077511800668105,0.658158614402917,0.5217391304347826,False,5.351001655426459,True,360421.84764857247,504017.6042723753,,8.538026189477032,1.4305098057384058,
1751971182727263,2025,panoroma_fine,360428.991711286,504022.2797679808,350.0611522646833,9.077511800668105,7.782601025164379,prior,north,-9.077511800668105,0.658158614402917,0.5217391304347826,False,5.351001655426459,True,360427.15406753856,504018.2935738132,,4.389382471848565,5.883059457062017,
1751971182727263,2025,panoroma_two_pass,360428.991711286,504022.2797679808,350.0611522646833,9.077511800668105,7.782601025164379,prior,north,-9.077511800668105,0.658158614402917,0.5217391304347826,False,5.351001655426459,True,360427.15406753856,504018.2935738132,,4.389382471848565,5.883059457062017,
1751971182727263,2024,panoroma_coarse,360428.991711286,504022.2797679808,350.0611522646833,9.077511800668105,7.782601025164379,prior,north,-9.077511800668105,0.7347670250896058,0.5124555160142349,False,3.018498826677893,True,360426.73433482245,504018.17431117035,,4.685138644763908,1.1754830745978029,
1751971182727263,2024,panoroma_fine,360428.991711286,504022.2797679808,350.0611522646833,9.077511800668105,7.782601025164379,prior,north,-9.077511800668105,0.7347670250896058,0.5124555160142349,False,3.018498826677893,True,360427.86901141633,504020.9714247172,,1.7240119178022446,9.651485058417837,
1751971182727263,2024,panoroma_two_pass,360428.991711286,504022.2797679808,350.0611522646833,9.077511800668105,7.782601025164379,prior,north,-9.077511800668105,0.7347670250896058,0.5124555160142349,False,3.018498826677893,True,360427.86901141633,504020.9714247172,,1.7240119178022446,9.651485058417837,
1041946372000040,2025,panoroma_coarse,360460.61334308796,504027.6650502281,349.5307363918364,-7.590121279440325,22.887002217588915,prior,north,7.590121279440325,0.7972768532526475,0.49554896142433236,False,4.531281620625667,True,360426.55916052696,504019.379190105,,35.047722149628676,2.2276490408185827,
1041946372000040,2025,panoroma_fine,360460.61334308796,504027.6650502281,349.5307363918364,-7.590121279440325,22.887002217588915,prior,north,7.590121279440325,0.7972768532526475,0.49554896142433236,False,4.531281620625667,True,360431.084479964,504019.6115629049,,30.60739151674535,4.674940916118937,
1041946372000040,2025,panoroma_two_pass,360460.61334308796,504027.6650502281,349.5307363918364,-7.590121279440325,22.887002217588915,prior,north,7.590121279440325,0.7972768532526475,0.49554896142433236,False,4.531281620625667,True,360431.084479964,504019.6115629049,,30.60739151674535,4.674940916118937,
1041946372000040,2024,panoroma_coarse,360460.61334308796,504027.6650502281,349.5307363918364,-7.590121279440325,22.887002217588915,prior,north,7.590121279440325,0.7926267281105991,0.5342857142857143,False,2.137372202931912,True,360427.0495539982,504018.9303009706,,34.681749994077116,6.464037018965814,
1041946372000040,2024,panoroma_fine,360460.61334308796,504027.6650502281,349.5307363918364,-7.590121279440325,22.887002217588915,prior,north,7.590121279440325,0.7926267281105991,0.5342857142857143,False,2.137372202931912,True,360428.92604422756,504019.9536016856,,32.612134975996604,7.017533844824111,
1041946372000040,2024,panoroma_two_pass,360460.61334308796,504027.6650502281,349.5307363918364,-7.590121279440325,22.887002217588915,prior,north,7.590121279440325,0.7926267281105991,0.5342857142857143,False,2.137372202931912,True,360428.92604422756,504019.9536016856,,32.612134975996604,7.017533844824111,
1058349307017059,2025,panoroma_coarse,360492.22805497993,504032.4493259415,350.455605222158,-5.987298730694533,23.168447841648806,prior,north,5.987298730694533,0.6352723915050785,0.41316526610644255,False,2.702048960760015,True,360487.3615344391,504030.49883540056,,5.242846128276781,0.7081378262076454,
1058349307017059,2025,panoroma_fine,360492.22805497993,504032.4493259415,350.455605222158,-5.987298730694533,23.168447841648806,prior,north,5.987298730694533,0.6352723915050785,0.41316526610644255,False,2.702048960760015,True,360489.5914925232,504032.0247303935,,2.6705323378703705,5.47614016975953,
1058349307017059,2025,panoroma_two_pass,360492.22805497993,504032.4493259415,350.455605222158,-5.987298730694533,23.168447841648806,prior,north,5.987298730694533,0.6352723915050785,0.41316526610644255,False,2.702048960760015,True,360489.5914925232,504032.0247303935,,2.6705323378703705,5.47614016975953,
1058349307017059,2024,panoroma_coarse,360492.22805497993,504032.4493259415,350.455605222158,-5.987298730694533,23.168447841648806,prior,north,5.987298730694533,0.47146619841966636,0.43706777316735823,False,1.9590903778304427,True,360469.2256288903,504026.8114182825,,23.68327698570566,5.668591042419877,
1058349307017059,2024,panoroma_fine,360492.22805497993,504032.4493259415,350.455605222158,-5.987298730694533,23.168447841648806,prior,north,5.987298730694533,0.47146619841966636,0.43706777316735823,False,1.9590903778304427,True,360471.0528403144,504027.5180536341,,21.741829791931078,4.464882733218608,
1058349307017059,2024,panoroma_two_pass,360492.22805497993,504032.4493259415,350.455605222158,-5.987298730694533,23.168447841648806,prior,north,5.987298730694533,0.47146619841966636,0.43706777316735823,False,1.9590903778304427,True,360471.0528403144,504027.5180536341,,21.741829791931078,4.464882733218608,
1588073185524588,2025,panoroma_coarse,360526.7575126549,504038.45668191835,349.1696028052205,-9.875916858056655,23.77045055515438,prior,north,9.875916858056655,0.5698924731182796,0.45454545454545453,False,4.454495092791881,True,360522.26941967243,504033.05633605446,,7.021873971291239,21.942274374984237,
1588073185524588,2025,panoroma_fine,360526.7575126549,504038.45668191835,349.1696028052205,-9.875916858056655,23.77045055515438,prior,north,9.875916858056655,0.5698924731182796,0.45454545454545453,False,4.454495092791881,True,360521.06186630344,504037.3440325681,,5.803307327485354,8.771319903392552,
1588073185524588,2025,panoroma_two_pass,360526.7575126549,504038.45668191835,349.1696028052205,-9.875916858056655,23.77045055515438,prior,north,9.875916858056655,0.5698924731182796,0.45454545454545453,False,4.454495092791881,True,360521.06186630344,504037.3440325681,,5.803307327485354,8.771319903392552,
1588073185524588,2024,panoroma_coarse,360526.7575126549,504038.45668191835,349.1696028052205,-9.875916858056655,23.77045055515438,prior,north,9.875916858056655,0.6583333333333333,0.48299319727891155,False,5.266502281338334,True,360521.60961212264,504032.76874104695,,7.67160682297504,13.610349750184913,
1588073185524588,2024,panoroma_fine,360526.7575126549,504038.45668191835,349.1696028052205,-9.875916858056655,23.77045055515438,prior,north,9.875916858056655,0.6583333333333333,0.48299319727891155,False,5.266502281338334,True,360524.4189858381,504037.223341546,,2.643829825588326,8.6330629095581,
1588073185524588,2024,panoroma_two_pass,360526.7575126549,504038.45668191835,349.1696028052205,-9.875916858056655,23.77045055515438,prior,north,9.875916858056655,0.6583333333333333,0.48299319727891155,False,5.266502281338334,True,360524.4189858381,504037.223341546,,2.643829825588326,8.6330629095581,
1098905325943467,2025,panoroma_coarse,360560.68061371776,504043.917289393,350.5254085542267,-7.000634216850983,18.643697362914146,prior,north,7.000634216850983,0.8192090395480226,0.5,False,4.004668139692665,True,360563.72944347153,504041.81925651315,,3.7009599879617987,10.78334913237741,
1098905325943467,2025,panoroma_fine,360560.68061371776,504043.917289393,350.5254085542267,-7.000634216850983,18.643697362914146,prior,north,7.000634216850983,0.8192090395480226,0.5,False,4.004668139692665,True,360559.9210161802,504043.0575006231,,1.1472685596486831,7.655789478286594,
1098905325943467,2025,panoroma_two_pass,360560.68061371776,504043.917289393,350.5254085542267,-7.000634216850983,18.643697362914146,prior,north,7.000634216850983,0.8192090395480226,0.5,False,4.004668139692665,True,360559.9210161802,504043.0575006231,,1.1472685596486831,7.655789478286594,
1098905325943467,2024,panoroma_coarse,360560.68061371776,504043.917289393,350.5254085542267,-7.000634216850983,18.643697362914146,prior,north,7.000634216850983,0.6975060337892196,0.33299180327868855,False,4.979966184472275,True,360562.9062724313,504042.47439839307,,2.652450027229107,17.62830216666944,
1098905325943467,2024,panoroma_fine,360560.68061371776,504043.917289393,350.5254085542267,-7.000634216850983,18.643697362914146,prior,north,7.000634216850983,0.6975060337892196,0.33299180327868855,False,4.979966184472275,True,360567.46241963556,504044.48476797395,,6.805506847138637,9.229040187871046,
1098905325943467,2024,panoroma_two_pass,360560.68061371776,504043.917289393,350.5254085542267,-7.000634216850983,18.643697362914146,prior,north,7.000634216850983,0.6975060337892196,0.33299180327868855,False,4.979966184472275,True,360567.46241963556,504044.48476797395,,6.805506847138637,9.229040187871046,
3499536660219793,2025,panoroma_coarse,360594.0596022819,504048.21201448794,352.13471761739805,-6.065126177072614,24.942352313325827,prior,north,6.065126177072614,0.7659033078880407,0.4904386951631046,False,4.665417321846453,True,360587.59442380734,504046.96126894373,,6.585051034286661,4.382613581258692,
3499536660219793,2025,panoroma_fine,360594.0596022819,504048.21201448794,352.13471761739805,-6.065126177072614,24.942352313325827,prior,north,6.065126177072614,0.7659033078880407,0.4904386951631046,False,4.665417321846453,True,360592.2447095856,504047.33671663346,,2.014939659902766,1.4566395441040068,
3499536660219793,2025,panoroma_two_pass,360594.0596022819,504048.21201448794,352.13471761739805,-6.065126177072614,24.942352313325827,prior,north,6.065126177072614,0.7659033078880407,0.4904386951631046,False,4.665417321846453,True,360592.2447095856,504047.33671663346,,2.014939659902766,1.4566395441040068,
3499536660219793,2024,panoroma_coarse,360594.0596022819,504048.21201448794,352.13471761739805,-6.065126177072614,24.942352313325827,prior,north,6.065126177072614,0.7490683229813665,0.44789356984478934,False,3.8043179104846607,True,360589.3540685889,504045.84288168023,,5.268286020778131,5.726145508406193,
3499536660219793,2024,panoroma_fine,360594.0596022819,504048.21201448794,352.13471761739805,-6.065126177072614,24.942352313325827,prior,north,6.065126177072614,0.7490683229813665,0.44789356984478934,False,3.8043179104846607,True,360592.6638459085,504047.7185705827,,1.4804130307335448,2.790077882421542,
3499536660219793,2024,panoroma_two_pass,360594.0596022819,504048.21201448794,352.13471761739805,-6.065126177072614,24.942352313325827,prior,north,6.065126177072614,0.7490683229813665,0.44789356984478934,False,3.8043179104846607,True,360592.6638459085,504047.7185705827,,1.4804130307335448,2.790077882421542,
2175866539657391,2025,panoroma_coarse,360627.0786677387,504052.1780074034,348.42048951318594,9.418000040432787,12.590444821784821,prior,north,-9.418000040432787,0.7130102040816326,0.38760631834750914,False,0.8947608613996552,True,360625.3971525299,504051.6404111065,,1.7653620523321831,3.379734145389755,
2175866539657391,2025,panoroma_fine,360627.0786677387,504052.1780074034,348.42048951318594,9.418000040432787,12.590444821784821,prior,north,-9.418000040432787,0.7130102040816326,0.38760631834750914,False,0.8947608613996552,True,360626.1860508905,504052.06259160786,,0.9000475785199188,2.940952784747334,
2175866539657391,2025,panoroma_two_pass,360627.0786677387,504052.1780074034,348.42048951318594,9.418000040432787,12.590444821784821,prior,north,-9.418000040432787,0.7130102040816326,0.38760631834750914,False,0.8947608613996552,True,360626.1860508905,504052.06259160786,,0.9000475785199188,2.940952784747334,
2175866539657391,2024,panoroma_coarse,360627.0786677387,504052.1780074034,348.42048951318594,9.418000040432787,12.590444821784821,prior,north,-9.418000040432787,0.5732349841938883,0.4034440344403444,False,1.7300608196437157,True,360623.6425693582,504051.41175590944,,3.5204990317152776,5.554306822976579,
2175866539657391,2024,panoroma_fine,360627.0786677387,504052.1780074034,348.42048951318594,9.418000040432787,12.590444821784821,prior,north,-9.418000040432787,0.5732349841938883,0.4034440344403444,False,1.7300608196437157,True,360624.8815827188,504052.6192145348,,2.240947638275119,2.6790890869509676,
2175866539657391,2024,panoroma_two_pass,360627.0786677387,504052.1780074034,348.42048951318594,9.418000040432787,12.590444821784821,prior,north,-9.418000040432787,0.5732349841938883,0.4034440344403444,False,1.7300608196437157,True,360624.8815827188,504052.6192145348,,2.240947638275119,2.6790890869509676,
1470108621835604,2025,panoroma_coarse,360656.9868018321,504057.98584541585,350.7771210413869,2.896819021986232,16.905858048894327,prior,north,-2.896819021986232,0.7425068119891008,0.3733480176211454,False,1.4914413648913398,True,360653.61461706966,504058.7147868797,,3.4500703949014895,0.7529463190188955,
1470108621835604,2025,panoroma_fine,360656.9868018321,504057.98584541585,350.7771210413869,2.896819021986232,16.905858048894327,prior,north,-2.896819021986232,0.7425068119891008,0.3733480176211454,False,1.4914413648913398,True,360654.6194008151,504057.6126040592,,2.3966427947355555,1.1727408679217695,
1470108621835604,2025,panoroma_two_pass,360656.9868018321,504057.98584541585,350.7771210413869,2.896819021986232,16.905858048894327,prior,north,-2.896819021986232,0.7425068119891008,0.3733480176211454,False,1.4914413648913398,True,360654.6194008151,504057.6126040592,,2.3966427947355555,1.1727408679217695,
1470108621835604,2024,panoroma_coarse,360656.9868018321,504057.98584541585,350.7771210413869,2.896819021986232,16.905858048894327,prior,north,-2.896819021986232,0.758495145631068,0.4246861924686193,False,1.938987401725856,True,360652.4700312019,504059.7052620017,,4.832971169126608,1.3077191147719271,
1470108621835604,2024,panoroma_fine,360656.9868018321,504057.98584541585,350.7771210413869,2.896819021986232,16.905858048894327,prior,north,-2.896819021986232,0.758495145631068,0.4246861924686193,False,1.938987401725856,True,360653.9169826746,504058.414524391,,3.0996056722349246,0.06756931357567106,
1470108621835604,2024,panoroma_two_pass,360656.9868018321,504057.98584541585,350.7771210413869,2.896819021986232,16.905858048894327,prior,north,-2.896819021986232,0.758495145631068,0.4246861924686193,False,1.938987401725856,True,360653.9169826746,504058.414524391,,3.0996056722349246,0.06756931357567106,
1261127602821029,2025,panoroma_coarse,360680.909761988,504040.49847353157,76.3375943069395,-9.677281498632837,19.730306813112847,prior,north,9.677281498632851,0.7876106194690266,0.45663956639566394,False,4.070689828135519,True,360681.46824202704,504037.37299722683,,3.174980643323518,10.426047656473871,
1261127602821029,2025,panoroma_fine,360680.909761988,504040.49847353157,76.3375943069395,-9.677281498632837,19.730306813112847,prior,north,9.677281498632851,0.7876106194690266,0.45663956639566394,False,4.070689828135519,True,360680.6224483758,504041.3548496571,,0.9032879829433585,6.3242055018079695,
1261127602821029,2025,panoroma_two_pass,360680.909761988,504040.49847353157,76.3375943069395,-9.677281498632837,19.730306813112847,prior,north,9.677281498632851,0.7876106194690266,0.45663956639566394,False,4.070689828135519,True,360680.6224483758,504041.3548496571,,0.9032879829433585,6.3242055018079695,
1261127602821029,2024,panoroma_coarse,360680.909761988,504040.49847353157,76.3375943069395,-9.677281498632837,19.730306813112847,prior,north,9.677281498632851,0.7760141093474426,0.46742671009771986,False,3.6224779514594214,True,360680.49959653727,504037.6417210277,,2.886047568066172,11.908420311939194,
1261127602821029,2024,panoroma_fine,360680.909761988,504040.49847353157,76.3375943069395,-9.677281498632837,19.730306813112847,prior,north,9.677281498632851,0.7760141093474426,0.46742671009771986,False,3.6224779514594214,True,360679.3520589598,504041.0776348825,,1.661886456545012,8.496561248237937,
1261127602821029,2024,panoroma_two_pass,360680.909761988,504040.49847353157,76.3375943069395,-9.677281498632837,19.730306813112847,prior,north,9.677281498632851,0.7760141093474426,0.46742671009771986,False,3.6224779514594214,True,360679.3520589598,504041.0776348825,,1.661886456545012,8.496561248237937,
1810167326654101,2025,panoroma_coarse,360686.993854056,504006.6269094348,79.55305043736588,5.206673465197966,24.776480566452555,prior,north,-5.20667346519798,0.43717728055077454,0.5383386581469649,False,3.4144393100685995,True,360687.8603840856,503977.5523730435,,29.08744644449451,7.72331648403476,
1810167326654101,2025,panoroma_fine,360686.993854056,504006.6269094348,79.55305043736588,5.206673465197966,24.776480566452555,prior,north,-5.20667346519798,0.43717728055077454,0.5383386581469649,False,3.4144393100685995,True,360690.9340034793,503979.0394035157,,27.867458806187546,4.588642794827758,
1810167326654101,2025,panoroma_two_pass,360686.993854056,504006.6269094348,79.55305043736588,5.206673465197966,24.776480566452555,prior,north,-5.20667346519798,0.43717728055077454,0.5383386581469649,False,3.4144393100685995,True,360690.9340034793,503979.0394035157,,27.867458806187546,4.588642794827758,
1810167326654101,2024,panoroma_coarse,360686.993854056,504006.6269094348,79.55305043736588,5.206673465197966,24.776480566452555,prior,north,-5.20667346519798,0.45472837022132795,0.44113263785394935,False,3.49464569210641,True,360688.875073974,503980.33551519597,,26.358611484699644,6.934627808680151,
1810167326654101,2024,panoroma_fine,360686.993854056,504006.6269094348,79.55305043736588,5.206673465197966,24.776480566452555,prior,north,-5.20667346519798,0.45472837022132795,0.44113263785394935,False,3.49464569210641,True,360691.1829236918,503982.95970615576,,24.035074692311774,17.962704871299707,
1810167326654101,2024,panoroma_two_pass,360686.993854056,504006.6269094348,79.55305043736588,5.206673465197966,24.776480566452555,prior,north,-5.20667346519798,0.45472837022132795,0.44113263785394935,False,3.49464569210641,True,360691.1829236918,503982.95970615576,,24.035074692311774,17.962704871299707,
28353982287585850,2025,panoroma_coarse,360692.8649872906,503972.47876364924,79.66269750615494,4.956407896206599,22.17425146778149,prior,north,-4.956407896206599,0.5834862385321101,0.404553415061296,False,2.4748802364654474,True,360698.7442370562,503937.5044152444,,35.465062020955884,5.263106199589623,
28353982287585850,2025,panoroma_fine,360692.8649872906,503972.47876364924,79.66269750615494,4.956407896206599,22.17425146778149,prior,north,-4.956407896206599,0.5834862385321101,0.404553415061296,False,2.4748802364654474,True,360696.29199902277,503937.1704080406,,35.474277796741944,6.442984786324462,
28353982287585850,2025,panoroma_two_pass,360692.8649872906,503972.47876364924,79.66269750615494,4.956407896206599,22.17425146778149,prior,north,-4.956407896206599,0.5834862385321101,0.404553415061296,False,2.4748802364654474,True,360696.29199902277,503937.1704080406,,35.474277796741944,6.442984786324462,
28353982287585850,2024,panoroma_coarse,360692.8649872906,503972.47876364924,79.66269750615494,4.956407896206599,22.17425146778149,prior,north,-4.956407896206599,0.3477777777777778,0.42642140468227424,False,3.892556085567659,True,360693.5902839674,503950.0617719789,,22.428722005874373,0.3263312257052142,
28353982287585850,2024,panoroma_fine,360692.8649872906,503972.47876364924,79.66269750615494,4.956407896206599,22.17425146778149,prior,north,-4.956407896206599,0.3477777777777778,0.42642140468227424,False,3.892556085567659,True,360693.5834962115,503953.9543221463,,18.538370696070537,2.2210014223797514,
28353982287585850,2024,panoroma_two_pass,360692.8649872906,503972.47876364924,79.66269750615494,4.956407896206599,22.17425146778149,prior,north,-4.956407896206599,0.3477777777777778,0.42642140468227424,False,3.892556085567659,True,360693.5834962115,503953.9543221463,,18.538370696070537,2.2210014223797514,
3724194881070199,2025,panoroma_coarse,360698.43418773764,503941.5210407255,79.67306387451882,-6.63715471041823,11.874902683208001,prior,north,6.63715471041823,0.5174311926605505,0.35658914728682173,False,3.044374482618379,True,360693.59023726423,503942.44349490537,,4.93100171393084,5.953826045281964,
3724194881070199,2025,panoroma_fine,360698.43418773764,503941.5210407255,79.67306387451882,-6.63715471041823,11.874902683208001,prior,north,6.63715471041823,0.5174311926605505,0.35658914728682173,False,3.044374482618379,True,360694.17078603164,503945.4320027469,,5.785517957753152,10.861827678016255,
3724194881070199,2025,panoroma_two_pass,360698.43418773764,503941.5210407255,79.67306387451882,-6.63715471041823,11.874902683208001,prior,north,6.63715471041823,0.5174311926605505,0.35658914728682173,False,3.044374482618379,True,360694.17078603164,503945.4320027469,,5.785517957753152,10.861827678016255,
3724194881070199,2024,panoroma_coarse,360698.43418773764,503941.5210407255,79.67306387451882,-6.63715471041823,11.874902683208001,prior,north,6.63715471041823,0.5226824457593688,0.346723044397463,False,2.8377955917989235,True,360694.18965053826,503942.60225177824,,4.380081435025629,0.5068820546866155,
3724194881070199,2024,panoroma_fine,360698.43418773764,503941.5210407255,79.67306387451882,-6.63715471041823,11.874902683208001,prior,north,6.63715471041823,0.5226824457593688,0.346723044397463,False,2.8377955917989235,True,360694.6962269277,503945.39446670236,,5.382915549665778,4.740631735625237,
3724194881070199,2024,panoroma_two_pass,360698.43418773764,503941.5210407255,79.67306387451882,-6.63715471041823,11.874902683208001,prior,north,6.63715471041823,0.5226824457593688,0.346723044397463,False,2.8377955917989235,True,360694.6962269277,503945.39446670236,,5.382915549665778,4.740631735625237,
2127011918227183,2025,panoroma_coarse,360690.3178709857,503914.0249450132,113.26557597296303,-1.2523605222595222,20.33411220255481,prior,north,1.2523605222595222,0.702276707530648,0.5205479452054794,False,1.9156957142151276,True,360686.2764482613,503915.093129056,,4.180205113001294,5.045578426363443,
2127011918227183,2025,panoroma_fine,360690.3178709857,503914.0249450132,113.26557597296303,-1.2523605222595222,20.33411220255481,prior,north,1.2523605222595222,0.702276707530648,0.5205479452054794,False,1.9156957142151276,True,360687.525207161,503913.6403760557,,2.8190183612652566,0.16039739036668418,
2127011918227183,2025,panoroma_two_pass,360690.3178709857,503914.0249450132,113.26557597296303,-1.2523605222595222,20.33411220255481,prior,north,1.2523605222595222,0.702276707530648,0.5205479452054794,False,1.9156957142151276,True,360687.525207161,503913.6403760557,,2.8190183612652566,0.16039739036668418,
2127011918227183,2024,panoroma_coarse,360690.3178709857,503914.0249450132,113.26557597296303,-1.2523605222595222,20.33411220255481,prior,north,1.2523605222595222,0.7173144876325088,0.45517241379310347,False,2.4635823107108394,True,360684.81478375697,503914.9579213302,,5.581613911332612,0.3170275617310245,
2127011918227183,2024,panoroma_fine,360690.3178709857,503914.0249450132,113.26557597296303,-1.2523605222595222,20.33411220255481,prior,north,1.2523605222595222,0.7173144876325088,0.45517241379310347,False,2.4635823107108394,True,360687.23397763557,503914.49236920703,,3.119115831779713,0.7873992971407228,
2127011918227183,2024,panoroma_two_pass,360690.3178709857,503914.0249450132,113.26557597296303,-1.2523605222595222,20.33411220255481,prior,north,1.2523605222595222,0.7173144876325088,0.45517241379310347,False,2.4635823107108394,True,360687.23397763557,503914.49236920703,,3.119115831779713,0.7873992971407228,
1050395951111401,2025,panoroma_coarse,360694.0420611825,503880.718190806,80.30233984358654,-1.1804938458912488,24.99097162092474,prior,north,1.1804938458912488,0.6536643026004728,0.38469284994964753,False,4.133869083214292,True,360701.58243664657,503878.4305796977,,7.879747884410646,24.510077891589223,
1050395951111401,2025,panoroma_fine,360694.0420611825,503880.718190806,80.30233984358654,-1.1804938458912488,24.99097162092474,prior,north,1.1804938458912488,0.6536643026004728,0.38469284994964753,False,4.133869083214292,True,360704.4598441489,503881.39864298253,,10.439981661837853,20.05179694801127,
1050395951111401,2025,panoroma_two_pass,360694.0420611825,503880.718190806,80.30233984358654,-1.1804938458912488,24.99097162092474,prior,north,1.1804938458912488,0.6536643026004728,0.38469284994964753,False,4.133869083214292,True,360704.4598441489,503881.39864298253,,10.439981661837853,20.05179694801127,
1050395951111401,2024,panoroma_coarse,360694.0420611825,503880.718190806,80.30233984358654,-1.1804938458912488,24.99097162092474,prior,north,1.1804938458912488,0.4461942257217848,0.6236722306525038,False,4.363889041673778,True,360695.5079799955,503851.076806798,,29.677610481229106,41.74987810387267,
1050395951111401,2024,panoroma_fine,360694.0420611825,503880.718190806,80.30233984358654,-1.1804938458912488,24.99097162092474,prior,north,1.1804938458912488,0.4461942257217848,0.6236722306525038,False,4.363889041673778,True,360694.2963786418,503855.26912712544,,25.45033437081713,1.2355488830032018,
1050395951111401,2024,panoroma_two_pass,360694.0420611825,503880.718190806,80.30233984358654,-1.1804938458912488,24.99097162092474,prior,north,1.1804938458912488,0.4461942257217848,0.6236722306525038,False,4.363889041673778,True,360694.2963786418,503855.26912712544,,25.45033437081713,1.2355488830032018,
1833929260931559,2025,panoroma_coarse,360699.44298365375,503847.9524849532,78.503812065449,1.851528985061421,16.967743238834757,prior,north,-1.8515289850614067,0.6290630975143403,0.5664,False,1.0400396365912477,True,360698.14950730774,503849.11437459674,,1.7386973863815287,15.279293202629164,
1833929260931559,2025,panoroma_fine,360699.44298365375,503847.9524849532,78.503812065449,1.851528985061421,16.967743238834757,prior,north,-1.8515289850614067,0.6290630975143403,0.5664,False,1.0400396365912477,True,360699.17900396104,503848.9666617449,,1.047969390298977,3.4587302991490345,
1833929260931559,2025,panoroma_two_pass,360699.44298365375,503847.9524849532,78.503812065449,1.851528985061421,16.967743238834757,prior,north,-1.8515289850614067,0.6290630975143403,0.5664,False,1.0400396365912477,True,360699.17900396104,503848.9666617449,,1.047969390298977,3.4587302991490345,
1833929260931559,2024,panoroma_coarse,360699.44298365375,503847.9524849532,78.503812065449,1.851528985061421,16.967743238834757,prior,north,-1.8515289850614067,0.8230383973288815,0.43039591315453385,False,2.6988804491389042,True,360697.6321983766,503848.6863901954,,1.953857780005045,11.714355787819327,
1833929260931559,2024,panoroma_fine,360699.44298365375,503847.9524849532,78.503812065449,1.851528985061421,16.967743238834757,prior,north,-1.8515289850614067,0.8230383973288815,0.43039591315453385,False,2.6988804491389042,True,360697.1788647049,503851.34692477714,,4.080251993777446,5.952966711042346,
1833929260931559,2024,panoroma_two_pass,360699.44298365375,503847.9524849532,78.503812065449,1.851528985061421,16.967743238834757,prior,north,-1.8515289850614067,0.8230383973288815,0.43039591315453385,False,2.6988804491389042,True,360697.1788647049,503851.34692477714,,4.080251993777446,5.952966711042346,
1547432720042956,2025,panoroma_coarse,360704.86164560367,503815.27723250724,80.3573212672232,-3.9964615209487704,20.14044734815143,prior,north,3.9964615209487704,0.7254685777287762,0.6313291139240507,False,2.2694553101883543,True,360698.9389670426,503827.99207309244,,14.026592331872383,2.7990282749917528,
1547432720042956,2025,panoroma_fine,360704.86164560367,503815.27723250724,80.3573212672232,-3.9964615209487704,20.14044734815143,prior,north,3.9964615209487704,0.7254685777287762,0.6313291139240507,False,2.2694553101883543,True,360700.28230650566,503829.8212440773,,15.247905401209943,3.0630286977635732,
1547432720042956,2025,panoroma_two_pass,360704.86164560367,503815.27723250724,80.3573212672232,-3.9964615209487704,20.14044734815143,prior,north,3.9964615209487704,0.7254685777287762,0.6313291139240507,False,2.2694553101883543,True,360700.28230650566,503829.8212440773,,15.247905401209943,3.0630286977635732,
1547432720042956,2024,panoroma_coarse,360704.86164560367,503815.27723250724,80.3573212672232,-3.9964615209487704,20.14044734815143,prior,north,3.9964615209487704,0.6613247863247863,0.6015873015873016,False,2.085020500674628,True,360700.2349336496,503814.99395514576,,4.635375882220998,5.982014141402101,
1547432720042956,2024,panoroma_fine,360704.86164560367,503815.27723250724,80.3573212672232,-3.9964615209487704,20.14044734815143,prior,north,3.9964615209487704,0.6613247863247863,0.6015873015873016,False,2.085020500674628,True,360701.74255298765,503816.4342309595,,3.326767825660852,8.91013580616319,
1547432720042956,2024,panoroma_two_pass,360704.86164560367,503815.27723250724,80.3573212672232,-3.9964615209487704,20.14044734815143,prior,north,3.9964615209487704,0.6613247863247863,0.6015873015873016,False,2.085020500674628,True,360701.74255298765,503816.4342309595,,3.326767825660852,8.91013580616319,
948728088280240,2025,panoroma_coarse,360720.42209097266,503787.8620452555,31.342302735199002,-0.7030893339949209,12.048001089627288,prior,north,0.7030893339949102,0.7355072463768116,0.4897959183673469,False,2.3068240685045915,True,360718.9143376429,503786.3153657008,,2.1599855898292266,0.1461505358013904,
948728088280240,2025,panoroma_fine,360720.42209097266,503787.8620452555,31.342302735199002,-0.7030893339949209,12.048001089627288,prior,north,0.7030893339949102,0.7355072463768116,0.4897959183673469,False,2.3068240685045915,True,360719.4642578368,503784.07504762884,,3.9062508035710928,3.115146121697998,
948728088280240,2025,panoroma_two_pass,360720.42209097266,503787.8620452555,31.342302735199002,-0.7030893339949209,12.048001089627288,prior,north,0.7030893339949102,0.7355072463768116,0.4897959183673469,False,2.3068240685045915,True,360719.4642578368,503784.07504762884,,3.9062508035710928,3.115146121697998,
948728088280240,2024,panoroma_coarse,360720.42209097266,503787.8620452555,31.342302735199002,-0.7030893339949209,12.048001089627288,prior,north,0.7030893339949102,0.7451219512195122,0.5756207674943566,False,0.9336233145879556,True,360718.43765227555,503786.10739474057,,2.6489234364360303,0.8571118139147048,
948728088280240,2024,panoroma_fine,360720.42209097266,503787.8620452555,31.342302735199002,-0.7030893339949209,12.048001089627288,prior,north,0.7030893339949102,0.7451219512195122,0.5756207674943566,False,0.9336233145879556,True,360719.28408080613,503785.7134261681,,2.431384610034913,1.6969683300526903,
948728088280240,2024,panoroma_two_pass,360720.42209097266,503787.8620452555,31.342302735199002,-0.7030893339949209,12.048001089627288,prior,north,0.7030893339949102,0.7451219512195122,0.5756207674943566,False,0.9336233145879556,True,360719.28408080613,503785.7134261681,,2.431384610034913,1.6969683300526903,
1085515110888108,2025,panoroma_coarse,360727.5431572441,503758.03646339476,81.9371883405536,1.9243925147662821,10.85882330640687,prior,north,-1.9243925147662821,0.7771639042357275,0.44867549668874174,False,0.8017540006740475,True,360727.25320277846,503758.7864370441,,0.8040734212987528,3.0210566199799955,
1085515110888108,2025,panoroma_fine,360727.5431572441,503758.03646339476,81.9371883405536,1.9243925147662821,10.85882330640687,prior,north,-1.9243925147662821,0.7771639042357275,0.44867549668874174,False,0.8017540006740475,True,360726.536438247,503758.4271904935,,1.0798846256825276,0.18491909642696172,
1085515110888108,2025,panoroma_two_pass,360727.5431572441,503758.03646339476,81.9371883405536,1.9243925147662821,10.85882330640687,prior,north,-1.9243925147662821,0.7771639042357275,0.44867549668874174,False,0.8017540006740475,True,360726.536438247,503758.4271904935,,1.0798846256825276,0.18491909642696172,
1085515110888108,2024,panoroma_coarse,360727.5431572441,503758.03646339476,81.9371883405536,1.9243925147662821,10.85882330640687,prior,north,-1.9243925147662821,0.7651376146788991,0.44559585492227977,False,0.555259882930929,True,360726.631647877,503758.796009967,,1.186490759220657,0.8908931438380308,
1085515110888108,2024,panoroma_fine,360727.5431572441,503758.03646339476,81.9371883405536,1.9243925147662821,10.85882330640687,prior,north,-1.9243925147662821,0.7651376146788991,0.44559585492227977,False,0.555259882930929,True,360726.77787392394,503758.2603501115,,0.7973605345471498,1.1687885632682904,
1085515110888108,2024,panoroma_two_pass,360727.5431572441,503758.03646339476,81.9371883405536,1.9243925147662821,10.85882330640687,prior,north,-1.9243925147662821,0.7651376146788991,0.44559585492227977,False,0.555259882930929,True,360726.77787392394,503758.2603501115,,0.7973605345471498,1.1687885632682904,
1414526570784660,2025,panoroma_coarse,360749.53874211723,503742.96506125573,350.7055676122848,-7.359073565521157,28.964543147932854,prior,north,7.359073565521157,0.6878727634194831,0.48404255319148937,False,3.2977632498979657,True,360744.5757219472,503742.4800550759,,4.986662230670357,5.5784555288968365,
1414526570784660,2025,panoroma_fine,360749.53874211723,503742.96506125573,350.7055676122848,-7.359073565521157,28.964543147932854,prior,north,7.359073565521157,0.6878727634194831,0.48404255319148937,False,3.2977632498979657,True,360747.6080740564,503741.18387486535,,2.6268049258408492,0.026603758620865673,
1414526570784660,2025,panoroma_two_pass,360749.53874211723,503742.96506125573,350.7055676122848,-7.359073565521157,28.964543147932854,prior,north,7.359073565521157,0.6878727634194831,0.48404255319148937,False,3.2977632498979657,True,360747.6080740564,503741.18387486535,,2.6268049258408492,0.026603758620865673,
1414526570784660,2024,panoroma_coarse,360749.53874211723,503742.96506125573,350.7055676122848,-7.359073565521157,28.964543147932854,prior,north,7.359073565521157,0.6445497630331753,0.43214285714285716,False,2.8618523961221145,True,360745.22091014736,503740.76217188797,,4.847307962849804,4.521907820507545,
1414526570784660,2024,panoroma_fine,360749.53874211723,503742.96506125573,350.7055676122848,-7.359073565521157,28.964543147932854,prior,north,7.359073565521157,0.6445497630331753,0.43214285714285716,False,2.8618523961221145,True,360748.0657177241,503741.07405165397,,2.3970227735157037,1.6688485924284324,
1414526570784660,2024,panoroma_two_pass,360749.53874211723,503742.96506125573,350.7055676122848,-7.359073565521157,28.964543147932854,prior,north,7.359073565521157,0.6445497630331753,0.43214285714285716,False,2.8618523961221145,True,360748.0657177241,503741.07405165397,,2.3970227735157037,1.6688485924284324,
4655499598016038,2025,panoroma_coarse,360783.9939634348,503748.48009199556,350.10718637867046,-5.604337084580777,8.497585644266257,prior,north,5.604337084580777,0.7655417406749556,0.42507645259938837,False,2.671400832649189,True,360790.0702996458,503747.66182474425,,6.131184473140847,13.94115718418973,
4655499598016038,2025,panoroma_fine,360783.9939634348,503748.48009199556,350.10718637867046,-5.604337084580777,8.497585644266257,prior,north,5.604337084580777,0.7655417406749556,0.42507645259938837,False,2.671400832649189,True,360787.4169803722,503747.9721137079,,3.460503849786005,6.061140767949084,
4655499598016038,2025,panoroma_two_pass,360783.9939634348,503748.48009199556,350.10718637867046,-5.604337084580777,8.497585644266257,prior,north,5.604337084580777,0.7655417406749556,0.42507645259938837,False,2.671400832649189,True,360787.4169803722,503747.9721137079,,3.460503849786005,6.061140767949084,
4655499598016038,2024,panoroma_coarse,360783.9939634348,503748.48009199556,350.10718637867046,-5.604337084580777,8.497585644266257,prior,north,5.604337084580777,0.7163781624500666,0.5262345679012346,False,3.090675045965488,True,360788.4063819666,503746.4300038221,,4.865418668378535,12.215887022225665,
4655499598016038,2024,panoroma_fine,360783.9939634348,503748.48009199556,350.10718637867046,-5.604337084580777,8.497585644266257,prior,north,5.604337084580777,0.7163781624500666,0.5262345679012346,False,3.090675045965488,True,360785.8756519149,503748.204173387,,1.9018103519121887,6.81569051967036,
4655499598016038,2024,panoroma_two_pass,360783.9939634348,503748.48009199556,350.10718637867046,-5.604337084580777,8.497585644266257,prior,north,5.604337084580777,0.7163781624500666,0.5262345679012346,False,3.090675045965488,True,360785.8756519149,503748.204173387,,1.9018103519121887,6.81569051967036,
3033300290207352,2025,panoroma_coarse,360817.63395764213,503753.72948514856,351.99106902931936,-4.479097542094394,24.283266444051378,prior,north,4.479097542094394,0.37819025522041766,0.37994722955145116,False,3.5493807969144067,True,360803.38837195304,503750.77248254186,,14.549246579848711,9.89660559816349,
3033300290207352,2025,panoroma_fine,360817.63395764213,503753.72948514856,351.99106902931936,-4.479097542094394,24.283266444051378,prior,north,4.479097542094394,0.37819025522041766,0.37994722955145116,False,3.5493807969144067,True,360806.90578538843,503751.2477790451,,11.011473338711342,5.854354494472473,
3033300290207352,2025,panoroma_two_pass,360817.63395764213,503753.72948514856,351.99106902931936,-4.479097542094394,24.283266444051378,prior,north,4.479097542094394,0.37819025522041766,0.37994722955145116,False,3.5493807969144067,True,360806.90578538843,503751.2477790451,,11.011473338711342,5.854354494472473,
3033300290207352,2024,panoroma_coarse,360817.63395764213,503753.72948514856,351.99106902931936,-4.479097542094394,24.283266444051378,prior,north,4.479097542094394,0.5887541345093715,0.31639135959339265,False,3.1137714381733375,True,360790.03571295226,503747.7063967669,,28.247844229525693,6.951652597141577,
3033300290207352,2024,panoroma_fine,360817.63395764213,503753.72948514856,351.99106902931936,-4.479097542094394,24.283266444051378,prior,north,4.479097542094394,0.5887541345093715,0.31639135959339265,False,3.1137714381733375,True,360787.03337426827,503748.5319480952,,31.038848146182513,2.3804136591597636,
3033300290207352,2024,panoroma_two_pass,360817.63395764213,503753.72948514856,351.99106902931936,-4.479097542094394,24.283266444051378,prior,north,4.479097542094394,0.5887541345093715,0.31639135959339265,False,3.1137714381733375,True,360787.03337426827,503748.5319480952,,31.038848146182513,2.3804136591597636,
1423796489689610,2025,panoroma_coarse,360849.0187159285,503754.3348842468,5.7238110324634,9.87751076958628,21.3253140751009,prior,north,-9.87751076958628,0.6815068493150684,0.3100338218714769,False,1.5442687542173748,True,360858.04286932177,503751.2304546442,,9.543208455398728,9.25879306463594,
1423796489689610,2025,panoroma_fine,360849.0187159285,503754.3348842468,5.7238110324634,9.87751076958628,21.3253140751009,prior,north,-9.87751076958628,0.6815068493150684,0.3100338218714769,False,1.5442687542173748,True,360858.28359407943,503752.7558456027,,9.39847488646257,11.649010062231692,
1423796489689610,2025,panoroma_two_pass,360849.0187159285,503754.3348842468,5.7238110324634,9.87751076958628,21.3253140751009,prior,north,-9.87751076958628,0.6815068493150684,0.3100338218714769,False,1.5442687542173748,True,360858.28359407943,503752.7558456027,,9.39847488646257,11.649010062231692,
1423796489689610,2024,panoroma_coarse,360849.0187159285,503754.3348842468,5.7238110324634,9.87751076958628,21.3253140751009,prior,north,-9.87751076958628,0.5932400932400932,0.4527310924369748,False,4.810835450915381,True,360859.8615526888,503750.32270408684,,11.561345018955912,12.052960860146523,
1423796489689610,2024,panoroma_fine,360849.0187159285,503754.3348842468,5.7238110324634,9.87751076958628,21.3253140751009,prior,north,-9.87751076958628,0.5932400932400932,0.4527310924369748,False,4.810835450915381,True,360855.6320584931,503752.6151954356,,6.833273701846304,11.184644918881288,
1423796489689610,2024,panoroma_two_pass,360849.0187159285,503754.3348842468,5.7238110324634,9.87751076958628,21.3253140751009,prior,north,-9.87751076958628,0.5932400932400932,0.4527310924369748,False,4.810835450915381,True,360855.6320584931,503752.6151954356,,6.833273701846304,11.184644918881288,
2132600394311539,2025,panoroma_coarse,360880.1354032153,503744.7996306652,26.658949271794334,6.4609772203970905,6.985901107902148,prior,north,-6.460977220397098,0.6825980392156863,0.4770857814336075,False,3.399666621656419,True,360877.1690985619,503744.23141743534,,3.02023667471468,4.699695968156777,
2132600394311539,2025,panoroma_fine,360880.1354032153,503744.7996306652,26.658949271794334,6.4609772203970905,6.985901107902148,prior,north,-6.460977220397098,0.6825980392156863,0.4770857814336075,False,3.399666621656419,True,360874.8486045905,503746.7159779331,,5.6233999102055945,6.945505700252585,
2132600394311539,2025,panoroma_two_pass,360880.1354032153,503744.7996306652,26.658949271794334,6.4609772203970905,6.985901107902148,prior,north,-6.460977220397098,0.6825980392156863,0.4770857814336075,False,3.399666621656419,True,360874.8486045905,503746.7159779331,,5.6233999102055945,6.945505700252585,
2132600394311539,2024,panoroma_coarse,360880.1354032153,503744.7996306652,26.658949271794334,6.4609772203970905,6.985901107902148,prior,north,-6.460977220397098,0.694408322496749,0.4206730769230769,False,2.163451999185852,True,360876.1674033058,503742.7656239186,,4.458946818124348,3.166688652941123,
2132600394311539,2024,panoroma_fine,360880.1354032153,503744.7996306652,26.658949271794334,6.4609772203970905,6.985901107902148,prior,north,-6.460977220397098,0.694408322496749,0.4206730769230769,False,2.163451999185852,True,360876.5431026016,503744.89620472956,,3.5935985097261973,0.798426743311645,
2132600394311539,2024,panoroma_two_pass,360880.1354032153,503744.7996306652,26.658949271794334,6.4609772203970905,6.985901107902148,prior,north,-6.460977220397098,0.694408322496749,0.4206730769230769,False,2.163451999185852,True,360876.5431026016,503744.89620472956,,3.5935985097261973,0.798426743311645,
989523250818847,2025,panoroma_coarse,360908.6289439254,503724.0568379499,34.753324911071644,-4.744037194425189,19.700842620780378,prior,north,4.744037194425175,0.6151515151515151,0.36486486486486486,False,2.9361558064407918,True,360910.7649597661,503723.1765301855,,2.3103041860290676,3.070843685376265,
989523250818847,2025,panoroma_fine,360908.6289439254,503724.0568379499,34.753324911071644,-4.744037194425189,19.700842620780378,prior,north,4.744037194425175,0.6151515151515151,0.36486486486486486,False,2.9361558064407918,True,360908.1680059856,503724.5465090107,,0.6724890572412988,5.594520387593786,
989523250818847,2025,panoroma_two_pass,360908.6289439254,503724.0568379499,34.753324911071644,-4.744037194425189,19.700842620780378,prior,north,4.744037194425175,0.6151515151515151,0.36486486486486486,False,2.9361558064407918,True,360908.1680059856,503724.5465090107,,0.6724890572412988,5.594520387593786,
989523250818847,2024,panoroma_coarse,360908.6289439254,503724.0568379499,34.753324911071644,-4.744037194425189,19.700842620780378,prior,north,4.744037194425175,0.6040172166427547,0.3886743886743887,False,4.982622219363177,True,360909.87893695256,503723.1980475364,,1.5165762566707661,7.619016845685737,
989523250818847,2024,panoroma_fine,360908.6289439254,503724.0568379499,34.753324911071644,-4.744037194425189,19.700842620780378,prior,north,4.744037194425175,0.6040172166427547,0.3886743886743887,False,4.982622219363177,True,360905.7527594102,503725.9911073406,,3.466098013797335,2.5000902192188375,
989523250818847,2024,panoroma_two_pass,360908.6289439254,503724.0568379499,34.753324911071644,-4.744037194425189,19.700842620780378,prior,north,4.744037194425175,0.6040172166427547,0.3886743886743887,False,4.982622219363177,True,360905.7527594102,503725.9911073406,,3.466098013797335,2.5000902192188375,
1632250488424820,2025,panoroma_coarse,360931.21201359126,503742.673667931,307.71114265255073,-4.238741015149117,8.296340545500817,prior,north,4.238741015149117,0.5487804878048781,0.3926553672316384,False,3.1158922501910977,True,360929.1670597459,503741.4720342228,,2.3718684192921047,2.184983839602545,
1632250488424820,2025,panoroma_fine,360931.21201359126,503742.673667931,307.71114265255073,-4.238741015149117,8.296340545500817,prior,north,4.238741015149117,0.5487804878048781,0.3926553672316384,False,3.1158922501910977,True,360931.6128420071,503743.4025610021,,0.8318344354843789,4.56017941067138,
1632250488424820,2025,panoroma_two_pass,360931.21201359126,503742.673667931,307.71114265255073,-4.238741015149117,8.296340545500817,prior,north,4.238741015149117,0.5487804878048781,0.3926553672316384,False,3.1158922501910977,True,360931.6128420071,503743.4025610021,,0.8318344354843789,4.56017941067138,
1632250488424820,2024,panoroma_coarse,360931.21201359126,503742.673667931,307.71114265255073,-4.238741015149117,8.296340545500817,prior,north,4.238741015149117,0.5824468085106383,0.3731931668856767,False,2.7217152295125002,True,360928.0922313098,503741.5607773512,,3.312335569699174,0.19630442846705404,
1632250488424820,2024,panoroma_fine,360931.21201359126,503742.673667931,307.71114265255073,-4.238741015149117,8.296340545500817,prior,north,4.238741015149117,0.5824468085106383,0.3731931668856767,False,2.7217152295125002,True,360930.3091875629,503743.1396499751,,1.0159892238150492,0.9225326166563794,
1632250488424820,2024,panoroma_two_pass,360931.21201359126,503742.673667931,307.71114265255073,-4.238741015149117,8.296340545500817,prior,north,4.238741015149117,0.5824468085106383,0.3731931668856767,False,2.7217152295125002,True,360930.3091875629,503743.1396499751,,1.0159892238150492,0.9225326166563794,
2077858049513350,2025,panoroma_coarse,360958.9264981925,503738.99869255535,36.57943141067384,0.8628324443774247,15.720749995554163,prior,north,-0.8628324443774318,0.6262755102040817,0.34980494148244473,False,0.778977855156327,True,360953.52401229384,503742.36902382586,,6.367573066554855,8.254375022999117,
2077858049513350,2025,panoroma_fine,360958.9264981925,503738.99869255535,36.57943141067384,0.8628324443774247,15.720749995554163,prior,north,-0.8628324443774318,0.6262755102040817,0.34980494148244473,False,0.778977855156327,True,360954.3009792797,503742.31308813306,,5.690399217820237,2.481441263935426,
2077858049513350,2025,panoroma_two_pass,360958.9264981925,503738.99869255535,36.57943141067384,0.8628324443774247,15.720749995554163,prior,north,-0.8628324443774318,0.6262755102040817,0.34980494148244473,False,0.778977855156327,True,360954.3009792797,503742.31308813306,,5.690399217820237,2.481441263935426,
2077858049513350,2024,panoroma_coarse,360958.9264981925,503738.99869255535,36.57943141067384,0.8628324443774247,15.720749995554163,prior,north,-0.8628324443774318,0.6640419947506562,0.44516129032258067,False,0.24123825625655954,True,360955.43853365595,503739.73264289164,,3.5643484263218603,9.320387888766474,
2077858049513350,2024,panoroma_fine,360958.9264981925,503738.99869255535,36.57943141067384,0.8628324443774247,15.720749995554163,prior,north,-0.8628324443774318,0.6640419947506562,0.44516129032258067,False,0.24123825625655954,True,360955.5691902371,503739.93543528323,,3.4855420877613055,1.566996502183996,
2077858049513350,2024,panoroma_two_pass,360958.9264981925,503738.99869255535,36.57943141067384,0.8628324443774247,15.720749995554163,prior,north,-0.8628324443774318,0.6640419947506562,0.44516129032258067,False,0.24123825625655954,True,360955.5691902371,503739.93543528323,,3.4855420877613055,1.566996502183996,
1589393802867647,2025,panoroma_coarse,360989.10427757644,503724.1385183977,3.2836355909824206,3.791449615632061,13.620486228676821,prior,north,-3.791449615632075,0.8215031315240083,0.5065913370998116,False,0.3897190388837121,True,360985.98005704745,503723.8298812598,,3.1394284187781696,3.807976373562818,
1589393802867647,2025,panoroma_fine,360989.10427757644,503724.1385183977,3.2836355909824206,3.791449615632061,13.620486228676821,prior,north,-3.791449615632075,0.8215031315240083,0.5065913370998116,False,0.3897190388837121,True,360985.6323320062,503724.0058591702,,3.474479027633787,4.857856257467834,
1589393802867647,2025,panoroma_two_pass,360989.10427757644,503724.1385183977,3.2836355909824206,3.791449615632061,13.620486228676821,prior,north,-3.791449615632075,0.8215031315240083,0.5065913370998116,False,0.3897190388837121,True,360985.6323320062,503724.0058591702,,3.474479027633787,4.857856257467834,
1589393802867647,2024,panoroma_coarse,360989.10427757644,503724.1385183977,3.2836355909824206,3.791449615632061,13.620486228676821,prior,north,-3.791449615632075,0.8237145855194123,0.559580552907531,False,1.6334947307267378,True,360983.5652540308,503724.00528747105,,5.540625625220082,2.326028396768473,
1589393802867647,2024,panoroma_fine,360989.10427757644,503724.1385183977,3.2836355909824206,3.791449615632061,13.620486228676821,prior,north,-3.791449615632075,0.8237145855194123,0.559580552907531,False,1.6334947307267378,True,360985.19466844446,503723.8899024462,,3.917506025038389,0.24492734477569114,
1589393802867647,2024,panoroma_two_pass,360989.10427757644,503724.1385183977,3.2836355909824206,3.791449615632061,13.620486228676821,prior,north,-3.791449615632075,0.8237145855194123,0.559580552907531,False,1.6334947307267378,True,360985.19466844446,503723.8899024462,,3.917506025038389,0.24492734477569114,
1390751626576697,2025,panoroma_coarse,361021.37273823074,503733.2989859199,327.7075825822231,4.1328737014398484,2.718628931427968,prior,north,-4.1328737014398484,0.7880184331797235,0.49432404540763675,False,0.6872082617803686,True,361019.61335565953,503734.6813044881,,2.2374609842010322,2.495548010657404,
1390751626576697,2025,panoroma_fine,361021.37273823074,503733.2989859199,327.7075825822231,4.1328737014398484,2.718628931427968,prior,north,-4.1328737014398484,0.7880184331797235,0.49432404540763675,False,0.6872082617803686,True,361020.2858970862,503734.8225249698,,1.8714686505622786,1.604538864323884,
1390751626576697,2025,panoroma_two_pass,361021.37273823074,503733.2989859199,327.7075825822231,4.1328737014398484,2.718628931427968,prior,north,-4.1328737014398484,0.7880184331797235,0.49432404540763675,False,0.6872082617803686,True,361020.2858970862,503734.8225249698,,1.8714686505622786,1.604538864323884,
1390751626576697,2024,panoroma_coarse,361021.37273823074,503733.2989859199,327.7075825822231,4.1328737014398484,2.718628931427968,prior,north,-4.1328737014398484,0.7653390742734123,0.5219164118246687,False,2.7964702062161204,True,361017.47189391195,503733.0282585463,,3.910227577810617,4.016072501463573,
1390751626576697,2024,panoroma_fine,361021.37273823074,503733.2989859199,327.7075825822231,4.1328737014398484,2.718628931427968,prior,north,-4.1328737014398484,0.7653390742734123,0.5219164118246687,False,2.7964702062161204,True,361020.1403516555,503733.8646668707,,1.356013130071309,3.240922094018961,
1390751626576697,2024,panoroma_two_pass,361021.37273823074,503733.2989859199,327.7075825822231,4.1328737014398484,2.718628931427968,prior,north,-4.1328737014398484,0.7653390742734123,0.5219164118246687,False,2.7964702062161204,True,361020.1403516555,503733.8646668707,,1.356013130071309,3.240922094018961,
1779130370087030,2025,panoroma_coarse,361045.8460264687,503753.44114216417,320.3654600271832,6.206946733515508,23.27192846161696,prior,north,-6.206946733515508,0.5543575920934412,0.45027932960893857,False,3.6648573156500603,True,361060.42215626483,503774.6058640998,,25.698424357289547,4.404579029104259,
1779130370087030,2025,panoroma_fine,361045.8460264687,503753.44114216417,320.3654600271832,6.206946733515508,23.27192846161696,prior,north,-6.206946733515508,0.5543575920934412,0.45027932960893857,False,3.6648573156500603,True,361064.0804360462,503774.3863915837,,27.77043690486421,0.7698905533500797,
1779130370087030,2025,panoroma_two_pass,361045.8460264687,503753.44114216417,320.3654600271832,6.206946733515508,23.27192846161696,prior,north,-6.206946733515508,0.5543575920934412,0.45027932960893857,False,3.6648573156500603,True,361064.0804360462,503774.3863915837,,27.77043690486421,0.7698905533500797,
1779130370087030,2024,panoroma_coarse,361045.8460264687,503753.44114216417,320.3654600271832,6.206946733515508,23.27192846161696,prior,north,-6.206946733515508,0.38461538461538464,0.5320987654320988,False,4.4262025765199935,True,361049.50211995654,503759.6511063895,,7.206294142729375,22.370632955759547,
1779130370087030,2024,panoroma_fine,361045.8460264687,503753.44114216417,320.3654600271832,6.206946733515508,23.27192846161696,prior,north,-6.206946733515508,0.38461538461538464,0.5320987654320988,False,4.4262025765199935,True,361046.4888617934,503756.40895517607,,3.036634869117419,0.5561064735743255,
1779130370087030,2024,panoroma_two_pass,361045.8460264687,503753.44114216417,320.3654600271832,6.206946733515508,23.27192846161696,prior,north,-6.206946733515508,0.38461538461538464,0.5320987654320988,False,4.4262025765199935,True,361046.4888617934,503756.40895517607,,3.036634869117419,0.5561064735743255,
1081892811088637,2025,panoroma_coarse,361071.6103484227,503775.00968521927,319.9919728113934,-7.209987336558186,14.789272543165287,prior,north,7.209987336558186,0.7403993855606759,0.4900568181818182,False,3.7685017994990972,True,361072.6404509934,503775.79468996485,,1.2951230662254423,9.435387856107488,
1081892811088637,2025,panoroma_fine,361071.6103484227,503775.00968521927,319.9919728113934,-7.209987336558186,14.789272543165287,prior,north,7.209987336558186,0.7403993855606759,0.4900568181818182,False,3.7685017994990972,True,361075.11559215974,503778.6363940345,,5.0437833504545155,8.750006032763544,
1081892811088637,2025,panoroma_two_pass,361071.6103484227,503775.00968521927,319.9919728113934,-7.209987336558186,14.789272543165287,prior,north,7.209987336558186,0.7403993855606759,0.4900568181818182,False,3.7685017994990972,True,361075.11559215974,503778.6363940345,,5.0437833504545155,8.750006032763544,
1081892811088637,2024,panoroma_coarse,361071.6103484227,503775.00968521927,319.9919728113934,-7.209987336558186,14.789272543165287,prior,north,7.209987336558186,0.7370030581039755,0.4155495978552279,False,1.5971204747795003,True,361072.3078141218,503774.140185632,,1.1146694279968572,13.402248825514306,
1081892811088637,2024,panoroma_fine,361071.6103484227,503775.00968521927,319.9919728113934,-7.209987336558186,14.789272543165287,prior,north,7.209987336558186,0.7370030581039755,0.4155495978552279,False,1.5971204747795003,True,361072.14877283917,503775.72936771135,,0.8988012803924227,8.408766374658088,
1081892811088637,2024,panoroma_two_pass,361071.6103484227,503775.00968521927,319.9919728113934,-7.209987336558186,14.789272543165287,prior,north,7.209987336558186,0.7370030581039755,0.4155495978552279,False,1.5971204747795003,True,361072.14877283917,503775.72936771135,,0.8988012803924227,8.408766374658088,
1571657080838112,2025,panoroma_coarse,361097.6871538623,503796.1688923789,321.71023488531455,-8.181697797323295,14.601379036572121,prior,north,8.181697797323295,0.7447513812154696,0.4947867298578199,False,1.4732743538045423,True,361097.2829774056,503794.33538135485,,1.877530634524725,9.231952186397827,
1571657080838112,2025,panoroma_fine,361097.6871538623,503796.1688923789,321.71023488531455,-8.181697797323295,14.601379036572121,prior,north,8.181697797323295,0.7447513812154696,0.4947867298578199,False,1.4732743538045423,True,361097.16144779476,503795.80363469647,,0.6401406439726812,7.145414712136851,
1571657080838112,2025,panoroma_two_pass,361097.6871538623,503796.1688923789,321.71023488531455,-8.181697797323295,14.601379036572121,prior,north,8.181697797323295,0.7447513812154696,0.4947867298578199,False,1.4732743538045423,True,361097.16144779476,503795.80363469647,,0.6401406439726812,7.145414712136851,
1571657080838112,2024,panoroma_coarse,361097.6871538623,503796.1688923789,321.71023488531455,-8.181697797323295,14.601379036572121,prior,north,8.181697797323295,0.7863741339491916,0.4518950437317784,False,3.1744369415914244,True,361098.96304575016,503793.0923686706,,3.3306002818051685,14.080535301967885,
1571657080838112,2024,panoroma_fine,361097.6871538623,503796.1688923789,321.71023488531455,-8.181697797323295,14.601379036572121,prior,north,8.181697797323295,0.7863741339491916,0.4518950437317784,False,3.1744369415914244,True,361096.785177796,503795.40190132253,,1.1839915982997253,6.746800064790475,
1571657080838112,2024,panoroma_two_pass,361097.6871538623,503796.1688923789,321.71023488531455,-8.181697797323295,14.601379036572121,prior,north,8.181697797323295,0.7863741339491916,0.4518950437317784,False,3.1744369415914244,True,361096.785177796,503795.40190132253,,1.1839915982997253,6.746800064790475,
952888117221424,2025,panoroma_coarse,361123.05922481813,503818.2571096383,316.61607292312294,-7.783075920117881,3.7028244098169445,prior,north,7.783075920117881,0.7994542974079127,0.5765432098765432,False,1.7522316395182278,True,361123.14582570526,503815.92403570045,,2.334680644791223,8.37293836783881,
952888117221424,2025,panoroma_fine,361123.05922481813,503818.2571096383,316.61607292312294,-7.783075920117881,3.7028244098169445,prior,north,7.783075920117881,0.7994542974079127,0.5765432098765432,False,1.7522316395182278,True,361123.3117997863,503817.6683889683,,0.6406138789124225,12.91218429879494,
952888117221424,2025,panoroma_two_pass,361123.05922481813,503818.2571096383,316.61607292312294,-7.783075920117881,3.7028244098169445,prior,north,7.783075920117881,0.7994542974079127,0.5765432098765432,False,1.7522316395182278,True,361123.3117997863,503817.6683889683,,0.6406138789124225,12.91218429879494,
952888117221424,2024,panoroma_coarse,361123.05922481813,503818.2571096383,316.61607292312294,-7.783075920117881,3.7028244098169445,prior,north,7.783075920117881,0.7616136919315404,0.5695443645083933,False,1.2621587295949637,True,361123.4514433498,503818.2827359123,,0.3930548085462828,14.106857415378917,
952888117221424,2024,panoroma_fine,361123.05922481813,503818.2571096383,316.61607292312294,-7.783075920117881,3.7028244098169445,prior,north,7.783075920117881,0.7616136919315404,0.5695443645083933,False,1.2621587295949637,True,361122.5314100065,503817.41868538957,,0.9907288712032006,5.499240578014147,
952888117221424,2024,panoroma_two_pass,361123.05922481813,503818.2571096383,316.61607292312294,-7.783075920117881,3.7028244098169445,prior,north,7.783075920117881,0.7616136919315404,0.5695443645083933,False,1.2621587295949637,True,361122.5314100065,503817.41868538957,,0.9907288712032006,5.499240578014147,
1088755186866756,2025,panoroma_coarse,361149.29993063095,503840.03393467236,320.98889387954176,-8.863630300116938,18.217226499267987,prior,north,8.863630300116938,0.6816753926701571,0.4559841740850643,False,4.481272089202771,True,361148.95272714266,503842.5333181681,,2.523384259466208,9.200477967332722,
1088755186866756,2025,panoroma_fine,361149.29993063095,503840.03393467236,320.98889387954176,-8.863630300116938,18.217226499267987,prior,north,8.863630300116938,0.6816753926701571,0.4559841740850643,False,4.481272089202771,True,361153.3820818524,503841.85315907444,,4.4691762126794945,9.316676694644737,
1088755186866756,2025,panoroma_two_pass,361149.29993063095,503840.03393467236,320.98889387954176,-8.863630300116938,18.217226499267987,prior,north,8.863630300116938,0.6816753926701571,0.4559841740850643,False,4.481272089202771,True,361153.3820818524,503841.85315907444,,4.4691762126794945,9.316676694644737,
1088755186866756,2024,panoroma_coarse,361149.29993063095,503840.03393467236,320.98889387954176,-8.863630300116938,18.217226499267987,prior,north,8.863630300116938,0.694206008583691,0.5022075055187638,False,1.982826647892905,True,361147.4937609995,503839.7225160078,,1.8328203191076655,1.5530227407056352,
1088755186866756,2024,panoroma_fine,361149.29993063095,503840.03393467236,320.98889387954176,-8.863630300116938,18.217226499267987,prior,north,8.863630300116938,0.694206008583691,0.5022075055187638,False,1.982826647892905,True,361149.4504627549,503839.4017049167,,0.6499033653658309,9.722932513675454,
1088755186866756,2024,panoroma_two_pass,361149.29993063095,503840.03393467236,320.98889387954176,-8.863630300116938,18.217226499267987,prior,north,8.863630300116938,0.694206008583691,0.5022075055187638,False,1.982826647892905,True,361149.4504627549,503839.4017049167,,0.6499033653658309,9.722932513675454,
1666620238369939,2025,panoroma_coarse,361173.00583708816,503862.9563626265,292.94851285843356,6.397136339237818,13.164329464393255,prior,north,-6.397136339237818,0.8408239700374532,0.578125,False,1.4550499178159968,True,361172.7330870031,503864.88766053633,,1.9504625670230575,1.8003653149635954,
1666620238369939,2025,panoroma_fine,361173.00583708816,503862.9563626265,292.94851285843356,6.397136339237818,13.164329464393255,prior,north,-6.397136339237818,0.8408239700374532,0.578125,False,1.4550499178159968,True,361174.0028209686,503864.1770650676,,1.5761000309381354,1.606272313046546,
1666620238369939,2025,panoroma_two_pass,361173.00583708816,503862.9563626265,292.94851285843356,6.397136339237818,13.164329464393255,prior,north,-6.397136339237818,0.8408239700374532,0.578125,False,1.4550499178159968,True,361174.0028209686,503864.1770650676,,1.5761000309381354,1.606272313046546,
1666620238369939,2024,panoroma_coarse,361173.00583708816,503862.9563626265,292.94851285843356,6.397136339237818,13.164329464393255,prior,north,-6.397136339237818,0.8110091743119267,0.5806988352745425,False,1.0506136406095463,True,361172.561658745,503864.0380463645,,1.169330624569346,2.7738316828835767,
1666620238369939,2024,panoroma_fine,361173.00583708816,503862.9563626265,292.94851285843356,6.397136339237818,13.164329464393255,prior,north,-6.397136339237818,0.8110091743119267,0.5806988352745425,False,1.0506136406095463,True,361173.3413862849,503863.3339057639,,0.5051060126800685,5.462727669517077,
1666620238369939,2024,panoroma_two_pass,361173.00583708816,503862.9563626265,292.94851285843356,6.397136339237818,13.164329464393255,prior,north,-6.397136339237818,0.8110091743119267,0.5806988352745425,False,1.0506136406095463,True,361173.3413862849,503863.3339057639,,0.5051060126800685,5.462727669517077,
1762029464919045,2025,panoroma_coarse,361156.16527727724,503890.4513906976,230.02804423733778,3.1326421045083066,23.605552969646,prior,north,-3.1326421045083066,0.7954545454545454,0.44877344877344877,False,3.410260230270638,True,361149.27844247763,503894.92898358224,,8.214458691687106,1.5216687335867312,
1762029464919045,2025,panoroma_fine,361156.16527727724,503890.4513906976,230.02804423733778,3.1326421045083066,23.605552969646,prior,north,-3.1326421045083066,0.7954545454545454,0.44877344877344877,False,3.410260230270638,True,361152.6832162445,503895.1223496457,,5.826028366768005,4.927862322327632,
1762029464919045,2025,panoroma_two_pass,361156.16527727724,503890.4513906976,230.02804423733778,3.1326421045083066,23.605552969646,prior,north,-3.1326421045083066,0.7954545454545454,0.44877344877344877,False,3.410260230270638,True,361152.6832162445,503895.1223496457,,5.826028366768005,4.927862322327632,
1762029464919045,2024,panoroma_coarse,361156.16527727724,503890.4513906976,230.02804423733778,3.1326421045083066,23.605552969646,prior,north,-3.1326421045083066,0.7311178247734139,0.45685997171145687,False,3.6517984214358314,True,361150.8779214051,503892.73431700823,,5.759156592641427,3.5483654647898812,
1762029464919045,2024,panoroma_fine,361156.16527727724,503890.4513906976,230.02804423733778,3.1326421045083066,23.605552969646,prior,north,-3.1326421045083066,0.7311178247734139,0.45685997171145687,False,3.6517984214358314,True,361154.4672757014,503893.4067509798,,3.4084254060869736,0.7016190084825871,
1762029464919045,2024,panoroma_two_pass,361156.16527727724,503890.4513906976,230.02804423733778,3.1326421045083066,23.605552969646,prior,north,-3.1326421045083066,0.7311178247734139,0.45685997171145687,False,3.6517984214358314,True,361154.4672757014,503893.4067509798,,3.4084254060869736,0.7016190084825871,
1132839019071351,2025,panoroma_coarse,361142.207623885,503903.8411272457,30.809075166005442,-8.058651102678024,3.8188374497366575,prior,north,8.058651102678027,0.6605351170568562,0.5119047619047619,False,2.560300369406909,True,361139.8692244901,503907.59988530196,,4.4267791740514655,1.6287421115162144,
1132839019071351,2025,panoroma_fine,361142.207623885,503903.8411272457,30.809075166005442,-8.058651102678024,3.8188374497366575,prior,north,8.058651102678027,0.6605351170568562,0.5119047619047619,False,2.560300369406909,True,361142.24799233,503906.65299484093,,2.812157354154818,3.2430861755656424,
1132839019071351,2025,panoroma_two_pass,361142.207623885,503903.8411272457,30.809075166005442,-8.058651102678024,3.8188374497366575,prior,north,8.058651102678027,0.6605351170568562,0.5119047619047619,False,2.560300369406909,True,361142.24799233,503906.65299484093,,2.812157354154818,3.2430861755656424,
1132839019071351,2024,panoroma_coarse,361142.207623885,503903.8411272457,30.809075166005442,-8.058651102678024,3.8188374497366575,prior,north,8.058651102678027,0.7127496159754224,0.5597826086956522,False,2.5141454758151407,True,361139.8120113099,503906.8269194248,,3.828043174648763,2.0822535421806334,
1132839019071351,2024,panoroma_fine,361142.207623885,503903.8411272457,30.809075166005442,-8.058651102678024,3.8188374497366575,prior,north,8.058651102678027,0.7127496159754224,0.5597826086956522,False,2.5141454758151407,True,361141.77699168544,503905.258550974,,1.4813960027409023,2.234663120662794,
1132839019071351,2024,panoroma_two_pass,361142.207623885,503903.8411272457,30.809075166005442,-8.058651102678024,3.8188374497366575,prior,north,8.058651102678027,0.7127496159754224,0.5597826086956522,False,2.5141454758151407,True,361141.77699168544,503905.258550974,,1.4813960027409023,2.234663120662794,
1796949328283937,2025,panoroma_coarse,361165.4447950305,503879.9005597392,49.11875024070156,-7.311398965044141,20.857311115588583,prior,north,7.311398965044134,0.6725043782837128,0.448,False,1.2401318646814443,True,361168.13244310126,503879.2421994241,,2.767108681768432,6.3091428137229375,
1796949328283937,2025,panoroma_fine,361165.4447950305,503879.9005597392,49.11875024070156,-7.311398965044141,20.857311115588583,prior,north,7.311398965044134,0.6725043782837128,0.448,False,1.2401318646814443,True,361167.6095587098,503880.36670774105,,2.2143838300242296,3.0408685936091446,
1796949328283937,2025,panoroma_two_pass,361165.4447950305,503879.9005597392,49.11875024070156,-7.311398965044141,20.857311115588583,prior,north,7.311398965044134,0.6725043782837128,0.448,False,1.2401318646814443,True,361167.6095587098,503880.36670774105,,2.2143838300242296,3.0408685936091446,
1796949328283937,2024,panoroma_coarse,361165.4447950305,503879.9005597392,49.11875024070156,-7.311398965044141,20.857311115588583,prior,north,7.311398965044134,0.6836734693877551,0.4614035087719298,False,3.6515532159436157,True,361168.35501272895,503880.8269642216,,3.054110724459515,6.924519643099336,
1796949328283937,2024,panoroma_fine,361165.4447950305,503879.9005597392,49.11875024070156,-7.311398965044141,20.857311115588583,prior,north,7.311398965044134,0.6836734693877551,0.4614035087719298,False,3.6515532159436157,True,361165.04043446283,503882.35909078515,,2.4915622353324207,2.201630691056416,
1796949328283937,2024,panoroma_two_pass,361165.4447950305,503879.9005597392,49.11875024070156,-7.311398965044141,20.857311115588583,prior,north,7.311398965044134,0.6836734693877551,0.4614035087719298,False,3.6515532159436157,True,361165.04043446283,503882.35909078515,,2.4915622353324207,2.201630691056416,
1457053619817270,2025,panoroma_coarse,361163.461901341,503852.34058410395,137.93171992162561,-6.666266701522943,23.65700984246289,prior,north,6.666266701522943,0.7470414201183432,0.38430851063829785,False,3.1124005885985935,True,361171.450145563,503861.15326337056,,11.894341579370002,12.157803700520448,
1457053619817270,2025,panoroma_fine,361163.461901341,503852.34058410395,137.93171992162561,-6.666266701522943,23.65700984246289,prior,north,6.666266701522943,0.7470414201183432,0.38430851063829785,False,3.1124005885985935,True,361172.3861103233,503864.121597481,,14.779505477209565,18.330544575334294,
1457053619817270,2025,panoroma_two_pass,361163.461901341,503852.34058410395,137.93171992162561,-6.666266701522943,23.65700984246289,prior,north,6.666266701522943,0.7470414201183432,0.38430851063829785,False,3.1124005885985935,True,361172.3861103233,503864.121597481,,14.779505477209565,18.330544575334294,
1457053619817270,2024,panoroma_coarse,361163.461901341,503852.34058410395,137.93171992162561,-6.666266701522943,23.65700984246289,prior,north,6.666266701522943,0.7825421133231241,0.30053475935828877,False,3.7815131890128866,True,361171.49430899345,503860.3460233478,,11.340486329193318,8.714574396609304,
1457053619817270,2024,panoroma_fine,361163.461901341,503852.34058410395,137.93171992162561,-6.666266701522943,23.65700984246289,prior,north,6.666266701522943,0.7825421133231241,0.30053475935828877,False,3.7815131890128866,True,361169.68770111975,503863.6680724127,,12.925655661152225,4.7860437197103245,
1457053619817270,2024,panoroma_two_pass,361163.461901341,503852.34058410395,137.93171992162561,-6.666266701522943,23.65700984246289,prior,north,6.666266701522943,0.7825421133231241,0.30053475935828877,False,3.7815131890128866,True,361169.68770111975,503863.6680724127,,12.925655661152225,4.7860437197103245,
1837757387401780,2025,panoroma_coarse,361139.2848980101,503832.87409963924,140.0515130566729,-3.9298710488354516,23.607606526840335,prior,north,3.9298710488354516,0.6476683937823834,0.42618741976893454,False,1.4308930590165456,True,361153.90090770705,503842.8041323091,,17.670124172917586,15.838434146280731,
1837757387401780,2025,panoroma_fine,361139.2848980101,503832.87409963924,140.0515130566729,-3.9298710488354516,23.607606526840335,prior,north,3.9298710488354516,0.6476683937823834,0.42618741976893454,False,1.4308930590165456,True,361154.45571601525,503844.123087459,,18.88632960411008,16.102523192901423,
1837757387401780,2025,panoroma_two_pass,361139.2848980101,503832.87409963924,140.0515130566729,-3.9298710488354516,23.607606526840335,prior,north,3.9298710488354516,0.6476683937823834,0.42618741976893454,False,1.4308930590165456,True,361154.45571601525,503844.123087459,,18.88632960411008,16.102523192901423,
1837757387401780,2024,panoroma_coarse,361139.2848980101,503832.87409963924,140.0515130566729,-3.9298710488354516,23.607606526840335,prior,north,3.9298710488354516,0.5626423690205011,0.4017857142857143,False,2.5014328609453638,True,361147.8741294872,503838.26921070094,,10.143082408001584,2.423083105119652,
1837757387401780,2024,panoroma_fine,361139.2848980101,503832.87409963924,140.0515130566729,-3.9298710488354516,23.607606526840335,prior,north,3.9298710488354516,0.5626423690205011,0.4017857142857143,False,2.5014328609453638,True,361146.3405995779,503836.2929889586,,7.840390857074439,6.447653559468767,
1837757387401780,2024,panoroma_two_pass,361139.2848980101,503832.87409963924,140.0515130566729,-3.9298710488354516,23.607606526840335,prior,north,3.9298710488354516,0.5626423690205011,0.4017857142857143,False,2.5014328609453638,True,361146.3405995779,503836.2929889586,,7.840390857074439,6.447653559468767,
910305541902539,2025,panoroma_coarse,361113.2990068514,503811.5212163888,139.70288319418458,-3.0993717870329647,12.135700176946136,prior,north,3.0993717870329647,0.8319559228650137,0.6408544726301736,False,0.4361312148550821,True,361112.12260315666,503812.6246936823,,1.6129438273726668,3.9795191108107164,
910305541902539,2025,panoroma_fine,361113.2990068514,503811.5212163888,139.70288319418458,-3.0993717870329647,12.135700176946136,prior,north,3.0993717870329647,0.8319559228650137,0.6408544726301736,False,0.4361312148550821,True,361112.5480567963,503812.52877894376,,1.256625754707216,7.172093503855425,
910305541902539,2025,panoroma_two_pass,361113.2990068514,503811.5212163888,139.70288319418458,-3.0993717870329647,12.135700176946136,prior,north,3.0993717870329647,0.8319559228650137,0.6408544726301736,False,0.4361312148550821,True,361112.5480567963,503812.52877894376,,1.256625754707216,7.172093503855425,
910305541902539,2024,panoroma_coarse,361113.2990068514,503811.5212163888,139.70288319418458,-3.0993717870329647,12.135700176946136,prior,north,3.0993717870329647,0.8246318607764391,0.674863387978142,False,1.9940050195535992,True,361110.60981663497,503813.25725477043,,3.2008707069521485,8.949074139630987,
910305541902539,2024,panoroma_fine,361113.2990068514,503811.5212163888,139.70288319418458,-3.0993717870329647,12.135700176946136,prior,north,3.0993717870329647,0.8246318607764391,0.674863387978142,False,1.9940050195535992,True,361112.4940088806,503812.60466332117,,1.349769976065991,0.06970035012192756,
910305541902539,2024,panoroma_two_pass,361113.2990068514,503811.5212163888,139.70288319418458,-3.0993717870329647,12.135700176946136,prior,north,3.0993717870329647,0.8246318607764391,0.674863387978142,False,1.9940050195535992,True,361112.4940088806,503812.60466332117,,1.349769976065991,0.06970035012192756,
943623705468611,2025,panoroma_coarse,361124.27563437924,503784.4712108318,49.80342135264164,-6.015722885447353,17.02001057418736,prior,north,6.01572288544736,0.693516699410609,0.43664717348927873,False,1.783192295943925,True,361124.25389170507,503783.1258229093,,1.3455636015605674,8.442514477086485,
943623705468611,2025,panoroma_fine,361124.27563437924,503784.4712108318,49.80342135264164,-6.015722885447353,17.02001057418736,prior,north,6.01572288544736,0.693516699410609,0.43664717348927873,False,1.783192295943925,True,361124.9418175211,503784.7709772595,,0.7305202869921558,4.608225777571217,
943623705468611,2025,panoroma_two_pass,361124.27563437924,503784.4712108318,49.80342135264164,-6.015722885447353,17.02001057418736,prior,north,6.01572288544736,0.693516699410609,0.43664717348927873,False,1.783192295943925,True,361124.9418175211,503784.7709772595,,0.7305202869921558,4.608225777571217,
943623705468611,2024,panoroma_coarse,361124.27563437924,503784.4712108318,49.80342135264164,-6.015722885447353,17.02001057418736,prior,north,6.01572288544736,0.6686390532544378,0.4188376753507014,False,1.3622798374192595,True,361124.23593259125,503783.51014420076,,0.9618863244822979,6.696131796996608,
943623705468611,2024,panoroma_fine,361124.27563437924,503784.4712108318,49.80342135264164,-6.015722885447353,17.02001057418736,prior,north,6.01572288544736,0.6686390532544378,0.4188376753507014,False,1.3622798374192595,True,361124.77418489393,503784.76157970214,,0.5769460083717357,1.6657239533072548,
943623705468611,2024,panoroma_two_pass,361124.27563437924,503784.4712108318,49.80342135264164,-6.015722885447353,17.02001057418736,prior,north,6.01572288544736,0.6686390532544378,0.4188376753507014,False,1.3622798374192595,True,361124.77418489393,503784.76157970214,,0.5769460083717357,1.6657239533072548,
29302096676059304,2025,panoroma_coarse,361152.32174410915,503793.66742612515,319.9515651069156,4.316161634599496,13.949475893151511,prior,north,-4.316161634599496,0.6951871657754011,0.33284457478005863,False,3.2999201716645783,True,361155.77639645676,503793.537961044,,3.4570773856001606,2.0358263722195606,
29302096676059304,2025,panoroma_fine,361152.32174410915,503793.66742612515,319.9515651069156,4.316161634599496,13.949475893151511,prior,north,-4.316161634599496,0.6951871657754011,0.33284457478005863,False,3.2999201716645783,True,361158.71842529415,503795.03259794286,,6.540735759405945,4.421350306237723,
29302096676059304,2025,panoroma_two_pass,361152.32174410915,503793.66742612515,319.9515651069156,4.316161634599496,13.949475893151511,prior,north,-4.316161634599496,0.6951871657754011,0.33284457478005863,False,3.2999201716645783,True,361158.71842529415,503795.03259794286,,6.540735759405945,4.421350306237723,
29302096676059304,2024,panoroma_coarse,361152.32174410915,503793.66742612515,319.9515651069156,4.316161634599496,13.949475893151511,prior,north,-4.316161634599496,0.6812080536912751,0.43781942078364566,False,2.5290852792716723,True,361154.0756456701,503792.76326650736,,1.973239797893305,4.7928169089571835,
29302096676059304,2024,panoroma_fine,361152.32174410915,503793.66742612515,319.9515651069156,4.316161634599496,13.949475893151511,prior,north,-4.316161634599496,0.6812080536912751,0.43781942078364566,False,2.5290852792716723,True,361151.54773268173,503792.8402617855,,1.1328259065626358,0.06638933647428137,
29302096676059304,2024,panoroma_two_pass,361152.32174410915,503793.66742612515,319.9515651069156,4.316161634599496,13.949475893151511,prior,north,-4.316161634599496,0.6812080536912751,0.43781942078364566,False,2.5290852792716723,True,361151.54773268173,503792.8402617855,,1.1328259065626358,0.06638933647428137,
945959455229054,2025,panoroma_coarse,361178.48574524716,503815.7914123349,319.40193817603665,5.641812144021799,27.251830454577384,prior,north,-5.641812144021799,0.6338514680483592,0.36774193548387096,False,4.019978218552655,True,361137.6369291506,503828.534088211,,42.79020407726303,0.6612053858566408,
945959455229054,2025,panoroma_fine,361178.48574524716,503815.7914123349,319.40193817603665,5.641812144021799,27.251830454577384,prior,north,-5.641812144021799,0.6338514680483592,0.36774193548387096,False,4.019978218552655,True,361141.43758166063,503829.84376961354,,39.623669317984394,6.99347870511392,
945959455229054,2025,panoroma_two_pass,361178.48574524716,503815.7914123349,319.40193817603665,5.641812144021799,27.251830454577384,prior,north,-5.641812144021799,0.6338514680483592,0.36774193548387096,False,4.019978218552655,True,361141.43758166063,503829.84376961354,,39.623669317984394,6.99347870511392,
945959455229054,2024,panoroma_coarse,361178.48574524716,503815.7914123349,319.40193817603665,5.641812144021799,27.251830454577384,prior,north,-5.641812144021799,0.3958904109589041,0.391025641025641,False,3.5043689624669168,True,361166.5843636333,503810.3497272654,,13.08643651702157,3.4470372360568025,
945959455229054,2024,panoroma_fine,361178.48574524716,503815.7914123349,319.40193817603665,5.641812144021799,27.251830454577384,prior,north,-5.641812144021799,0.3958904109589041,0.391025641025641,False,3.5043689624669168,True,361166.5313050381,503806.8457599981,,14.930952295271846,9.297666819091061,
945959455229054,2024,panoroma_two_pass,361178.48574524716,503815.7914123349,319.40193817603665,5.641812144021799,27.251830454577384,prior,north,-5.641812144021799,0.3958904109589041,0.391025641025641,False,3.5043689624669168,True,361166.5313050381,503806.8457599981,,14.930952295271846,9.297666819091061,
1673666160842107,2025,panoroma_coarse,361202.9486604999,503836.40604008455,318.7916284373411,-6.271234669343528,15.70464143546742,prior,north,6.271234669343528,0.6436363636363637,0.4414715719063545,False,2.43087343404438,True,361205.439882186,503833.87944612437,,3.5482196280744276,5.1254518272753655,
1673666160842107,2025,panoroma_fine,361202.9486604999,503836.40604008455,318.7916284373411,-6.271234669343528,15.70464143546742,prior,north,6.271234669343528,0.6436363636363637,0.4414715719063545,False,2.43087343404438,True,361206.15275025106,503836.2034437092,,3.210488502534214,8.371875356631879,
1673666160842107,2025,panoroma_two_pass,361202.9486604999,503836.40604008455,318.7916284373411,-6.271234669343528,15.70464143546742,prior,north,6.271234669343528,0.6436363636363637,0.4414715719063545,False,2.43087343404438,True,361206.15275025106,503836.2034437092,,3.210488502534214,8.371875356631879,
1673666160842107,2024,panoroma_coarse,361202.9486604999,503836.40604008455,318.7916284373411,-6.271234669343528,15.70464143546742,prior,north,6.271234669343528,0.6076388888888888,0.4370748299319728,False,1.247336250005924,True,361203.8121393155,503834.3858841923,,2.1969582367292766,0.4400843537578045,
1673666160842107,2024,panoroma_fine,361202.9486604999,503836.40604008455,318.7916284373411,-6.271234669343528,15.70464143546742,prior,north,6.271234669343528,0.6076388888888888,0.4370748299319728,False,1.247336250005924,True,361204.41369178856,503835.478579183,,1.733926296221248,4.320050576511163,
1673666160842107,2024,panoroma_two_pass,361202.9486604999,503836.40604008455,318.7916284373411,-6.271234669343528,15.70464143546742,prior,north,6.271234669343528,0.6076388888888888,0.4370748299319728,False,1.247336250005924,True,361204.41369178856,503835.478579183,,1.733926296221248,4.320050576511163,
1090951123865054,2025,panoroma_coarse,361229.35377108154,503858.7442823788,319.919795509785,-0.549489801134257,16.959665045204776,prior,north,0.549489801134257,0.7791741472172352,0.48598130841121495,False,1.4568103564988553,True,361232.7814173747,503858.67796871345,,3.428287708612415,3.749147122962643,
1090951123865054,2025,panoroma_fine,361229.35377108154,503858.7442823788,319.919795509785,-0.549489801134257,16.959665045204776,prior,north,0.549489801134257,0.7791741472172352,0.48598130841121495,False,1.4568103564988553,True,361231.6360286819,503859.57818044256,,2.4298324499903132,1.6002339721750178,
1090951123865054,2025,panoroma_two_pass,361229.35377108154,503858.7442823788,319.919795509785,-0.549489801134257,16.959665045204776,prior,north,0.549489801134257,0.7791741472172352,0.48598130841121495,False,1.4568103564988553,True,361231.6360286819,503859.57818044256,,2.4298324499903132,1.6002339721750178,
1090951123865054,2024,panoroma_coarse,361229.35377108154,503858.7442823788,319.919795509785,-0.549489801134257,16.959665045204776,prior,north,0.549489801134257,0.7670753064798599,0.44952681388012616,False,1.3783548111657846,True,361234.8128152492,503860.93645976204,,5.88275487369269,1.0751155101041852,
1090951123865054,2024,panoroma_fine,361229.35377108154,503858.7442823788,319.919795509785,-0.549489801134257,16.959665045204776,prior,north,0.549489801134257,0.7670753064798599,0.44952681388012616,False,1.3783548111657846,True,361233.435369959,503860.886395225,,4.609565797573931,3.462245571605176,
1090951123865054,2024,panoroma_two_pass,361229.35377108154,503858.7442823788,319.919795509785,-0.549489801134257,16.959665045204776,prior,north,0.549489801134257,0.7670753064798599,0.44952681388012616,False,1.3783548111657846,True,361233.435369959,503860.886395225,,4.609565797573931,3.462245571605176,
2599151813871531,2025,panoroma_coarse,361254.8027265823,503880.00557597354,319.1352500356382,-7.442632084407023,12.281534146748811,prior,north,7.442632084407023,0.7072691552062869,0.43783783783783786,False,3.173626369217851,True,361257.4028814495,503876.94905165455,,4.012872567890021,2.8234332560944866,
2599151813871531,2025,panoroma_fine,361254.8027265823,503880.00557597354,319.1352500356382,-7.442632084407023,12.281534146748811,prior,north,7.442632084407023,0.7072691552062869,0.43783783783783786,False,3.173626369217851,True,361254.4091744059,503878.00243784615,,2.0414322601824915,5.351007761934148,
2599151813871531,2025,panoroma_two_pass,361254.8027265823,503880.00557597354,319.1352500356382,-7.442632084407023,12.281534146748811,prior,north,7.442632084407023,0.7072691552062869,0.43783783783783786,False,3.173626369217851,True,361254.4091744059,503878.00243784615,,2.0414322601824915,5.351007761934148,
2599151813871531,2024,panoroma_coarse,361254.8027265823,503880.00557597354,319.1352500356382,-7.442632084407023,12.281534146748811,prior,north,7.442632084407023,0.685981308411215,0.41414141414141414,False,2.0119987299428796,True,361256.2955489319,503878.0512347956,,2.4592616793332063,3.270098750404531,
2599151813871531,2024,panoroma_fine,361254.8027265823,503880.00557597354,319.1352500356382,-7.442632084407023,12.281534146748811,prior,north,7.442632084407023,0.685981308411215,0.41414141414141414,False,2.0119987299428796,True,361255.43787435803,503879.8712713927,,0.649192126791622,8.259764562644122,
2599151813871531,2024,panoroma_two_pass,361254.8027265823,503880.00557597354,319.1352500356382,-7.442632084407023,12.281534146748811,prior,north,7.442632084407023,0.685981308411215,0.41414141414141414,False,2.0119987299428796,True,361255.43787435803,503879.8712713927,,0.649192126791622,8.259764562644122,
1597452008592561,2025,panoroma_coarse,361281.9459420293,503902.72692003846,319.49911736546557,-9.68035871207644,10.473701680738039,prior,north,9.68035871207644,0.7504393673110721,0.5557404326123128,False,2.6356690595544947,True,361284.3500276295,503901.38199420756,,2.7547146973549315,1.064806074159346,
1597452008592561,2025,panoroma_fine,361281.9459420293,503902.72692003846,319.49911736546557,-9.68035871207644,10.473701680738039,prior,north,9.68035871207644,0.7504393673110721,0.5557404326123128,False,2.6356690595544947,True,361281.80450908904,503900.6985567549,,2.0332881956674402,5.9335935486946845,
1597452008592561,2025,panoroma_two_pass,361281.9459420293,503902.72692003846,319.49911736546557,-9.68035871207644,10.473701680738039,prior,north,9.68035871207644,0.7504393673110721,0.5557404326123128,False,2.6356690595544947,True,361281.80450908904,503900.6985567549,,2.0332881956674402,5.9335935486946845,
1597452008592561,2024,panoroma_coarse,361281.9459420293,503902.72692003846,319.49911736546557,-9.68035871207644,10.473701680738039,prior,north,9.68035871207644,0.7042925278219396,0.5180921052631579,False,3.810961312565247,True,361285.6606462187,503903.0171924221,,3.726028082475629,2.218912646846517,
1597452008592561,2024,panoroma_fine,361281.9459420293,503902.72692003846,319.49911736546557,-9.68035871207644,10.473701680738039,prior,north,9.68035871207644,0.7042925278219396,0.5180921052631579,False,3.810961312565247,True,361282.05856769363,503901.77282253135,,0.9607219125988956,3.2290862158607365,
1597452008592561,2024,panoroma_two_pass,361281.9459420293,503902.72692003846,319.49911736546557,-9.68035871207644,10.473701680738039,prior,north,9.68035871207644,0.7042925278219396,0.5180921052631579,False,3.810961312565247,True,361282.05856769363,503901.77282253135,,0.9607219125988956,3.2290862158607365,
1591043065903450,2025,panoroma_coarse,361306.3013394185,503923.1993527394,319.37232726574774,3.222610575580063,23.29122924387973,prior,north,-3.222610575580063,0.6014925373134329,0.4448336252189142,False,1.417718007453315,True,361309.22125829983,503922.50927485595,,3.0003556053725995,0.6663132834775568,
1591043065903450,2025,panoroma_fine,361306.3013394185,503923.1993527394,319.37232726574774,3.222610575580063,23.29122924387973,prior,north,-3.222610575580063,0.6014925373134329,0.4448336252189142,False,1.417718007453315,True,361308.9611278022,503923.90292347485,,2.751269893311526,2.8712946851485013,
1591043065903450,2025,panoroma_two_pass,361306.3013394185,503923.1993527394,319.37232726574774,3.222610575580063,23.29122924387973,prior,north,-3.222610575580063,0.6014925373134329,0.4448336252189142,False,1.417718007453315,True,361308.9611278022,503923.90292347485,,2.751269893311526,2.8712946851485013,
1591043065903450,2024,panoroma_coarse,361306.3013394185,503923.1993527394,319.37232726574774,3.222610575580063,23.29122924387973,prior,north,-3.222610575580063,0.4472361809045226,0.44022770398481975,False,3.786024408016317,True,361313.3530684122,503934.7646414944,,13.545581781052384,14.524485612881856,
1591043065903450,2024,panoroma_fine,361306.3013394185,503923.1993527394,319.37232726574774,3.222610575580063,23.29122924387973,prior,north,-3.222610575580063,0.4472361809045226,0.44022770398481975,False,3.786024408016317,True,361312.5605448095,503931.06249520375,,10.05020703973559,11.092155846153412,
1591043065903450,2024,panoroma_two_pass,361306.3013394185,503923.1993527394,319.37232726574774,3.222610575580063,23.29122924387973,prior,north,-3.222610575580063,0.4472361809045226,0.44022770398481975,False,3.786024408016317,True,361312.5605448095,503931.06249520375,,10.05020703973559,11.092155846153412,
1112966985014802,2025,panoroma_coarse,361331.9141680186,503944.78736955114,319.4289408658014,-4.960667802704165,11.004181313748436,prior,north,4.960667802704165,0.47418967587034816,0.4803921568627451,False,3.7869103309450756,True,361338.9463550621,503959.9633030998,,16.726045966916423,14.385470398695833,
1112966985014802,2025,panoroma_fine,361331.9141680186,503944.78736955114,319.4289408658014,-4.960667802704165,11.004181313748436,prior,north,4.960667802704165,0.47418967587034816,0.4803921568627451,False,3.7869103309450756,True,361337.35869012366,503963.40132722683,,19.39387123049307,4.113293797291872,
1112966985014802,2025,panoroma_two_pass,361331.9141680186,503944.78736955114,319.4289408658014,-4.960667802704165,11.004181313748436,prior,north,4.960667802704165,0.47418967587034816,0.4803921568627451,False,3.7869103309450756,True,361337.35869012366,503963.40132722683,,19.39387123049307,4.113293797291872,
1112966985014802,2024,panoroma_coarse,361331.9141680186,503944.78736955114,319.4289408658014,-4.960667802704165,11.004181313748436,prior,north,4.960667802704165,0.4602829162132753,0.4724770642201835,False,1.0945919365249865,True,361351.741564227,503959.44996481756,,24.66003528687988,8.338670140828725,
1112966985014802,2024,panoroma_fine,361331.9141680186,503944.78736955114,319.4289408658014,-4.960667802704165,11.004181313748436,prior,north,4.960667802704165,0.4602829162132753,0.4724770642201835,False,1.0945919365249865,True,361351.5516584296,503960.5279570697,,25.16738216563623,3.989481170467721,
1112966985014802,2024,panoroma_two_pass,361331.9141680186,503944.78736955114,319.4289408658014,-4.960667802704165,11.004181313748436,prior,north,4.960667802704165,0.4602829162132753,0.4724770642201835,False,1.0945919365249865,True,361351.5516584296,503960.5279570697,,25.16738216563623,3.989481170467721,
2366348720838280,2025,panoroma_coarse,361357.22639762436,503965.9155402966,319.33710303448834,-2.790270094327809,19.9311952713854,prior,north,2.790270094327809,0.7210626185958254,0.4070175438596491,False,1.7766782031509554,True,361357.86460023525,503961.7785952364,,4.185883061357278,8.275990028968966,
2366348720838280,2025,panoroma_fine,361357.22639762436,503965.9155402966,319.33710303448834,-2.790270094327809,19.9311952713854,prior,north,2.790270094327809,0.7210626185958254,0.4070175438596491,False,1.7766782031509554,True,361356.76248975674,503963.1721295671,,2.7823574429670828,3.020792767962451,
2366348720838280,2025,panoroma_two_pass,361357.22639762436,503965.9155402966,319.33710303448834,-2.790270094327809,19.9311952713854,prior,north,2.790270094327809,0.7210626185958254,0.4070175438596491,False,1.7766782031509554,True,361356.76248975674,503963.1721295671,,2.7823574429670828,3.020792767962451,
2366348720838280,2024,panoroma_coarse,361357.22639762436,503965.9155402966,319.33710303448834,-2.790270094327809,19.9311952713854,prior,north,2.790270094327809,0.6691871455576559,0.45789473684210524,False,2.0004580751535537,True,361357.56635748164,503962.8555569363,,3.078809976243837,8.652776214978532,
2366348720838280,2024,panoroma_fine,361357.22639762436,503965.9155402966,319.33710303448834,-2.790270094327809,19.9311952713854,prior,north,2.790270094327809,0.6691871455576559,0.45789473684210524,False,2.0004580751535537,True,361355.6098763156,503963.2727067383,,3.098017165609248,6.1108061124515975,
2366348720838280,2024,panoroma_two_pass,361357.22639762436,503965.9155402966,319.33710303448834,-2.790270094327809,19.9311952713854,prior,north,2.790270094327809,0.6691871455576559,0.45789473684210524,False,2.0004580751535537,True,361355.6098763156,503963.2727067383,,3.098017165609248,6.1108061124515975,
1572977703746490,2025,panoroma_coarse,361381.6841147716,503988.2561406791,315.26503124108785,-7.467504438691435,25.71821621208423,prior,north,7.467504438691435,0.41545893719806765,0.4833040421792619,False,3.882657122519628,True,361381.23160717665,504000.6251106404,,12.377244484419261,11.97449907935677,
1572977703746490,2025,panoroma_fine,361381.6841147716,503988.2561406791,315.26503124108785,-7.467504438691435,25.71821621208423,prior,north,7.467504438691435,0.41545893719806765,0.4833040421792619,False,3.882657122519628,True,361382.4331015943,504004.31718830694,,16.07850217413752,6.925051665168739,
1572977703746490,2025,panoroma_two_pass,361381.6841147716,503988.2561406791,315.26503124108785,-7.467504438691435,25.71821621208423,prior,north,7.467504438691435,0.41545893719806765,0.4833040421792619,False,3.882657122519628,True,361382.4331015943,504004.31718830694,,16.07850217413752,6.925051665168739,
1572977703746490,2024,panoroma_coarse,361381.6841147716,503988.2561406791,315.26503124108785,-7.467504438691435,25.71821621208423,prior,north,7.467504438691435,0.512396694214876,0.48324514991181655,False,0.37917986010491944,True,361389.0556688314,504015.51674623834,,28.23969590331544,11.441264654097926,
1572977703746490,2024,panoroma_fine,361381.6841147716,503988.2561406791,315.26503124108785,-7.467504438691435,25.71821621208423,prior,north,7.467504438691435,0.512396694214876,0.48324514991181655,False,0.37917986010491944,True,361389.1717263631,504015.15576422267,,27.922286334219418,3.728394196468087,
1572977703746490,2024,panoroma_two_pass,361381.6841147716,503988.2561406791,315.26503124108785,-7.467504438691435,25.71821621208423,prior,north,7.467504438691435,0.512396694214876,0.48324514991181655,False,0.37917986010491944,True,361389.1717263631,504015.15576422267,,27.922286334219418,3.728394196468087,
1579563780527774,2025,panoroma_coarse,361404.36574653024,504011.34464292694,313.0300471049002,-1.5941689526003415,9.763494629555638,prior,north,1.5941689526003415,0.6,0.3252032520325203,False,3.1978100813405455,True,361414.03621289803,504018.4952555364,,12.0270187686412,0.2707426174070266,
1579563780527774,2025,panoroma_fine,361404.36574653024,504011.34464292694,313.0300471049002,-1.5941689526003415,9.763494629555638,prior,north,1.5941689526003415,0.6,0.3252032520325203,False,3.1978100813405455,True,361415.5794738715,504021.2960295159,,14.99259070099271,6.484073520890333,
1579563780527774,2025,panoroma_two_pass,361404.36574653024,504011.34464292694,313.0300471049002,-1.5941689526003415,9.763494629555638,prior,north,1.5941689526003415,0.6,0.3252032520325203,False,3.1978100813405455,True,361415.5794738715,504021.2960295159,,14.99259070099271,6.484073520890333,
1579563780527774,2024,panoroma_coarse,361404.36574653024,504011.34464292694,313.0300471049002,-1.5941689526003415,9.763494629555638,prior,north,1.5941689526003415,0.6153846153846154,0.4446397188049209,False,2.6296361880887766,True,361395.36202304316,503994.64168417203,,18.975138149691656,3.346972502447369,
1579563780527774,2024,panoroma_fine,361404.36574653024,504011.34464292694,313.0300471049002,-1.5941689526003415,9.763494629555638,prior,north,1.5941689526003415,0.6153846153846154,0.4446397188049209,False,2.6296361880887766,True,361394.7685751205,503997.2034815966,,17.09029381955652,1.2116294211542216,
1579563780527774,2024,panoroma_two_pass,361404.36574653024,504011.34464292694,313.0300471049002,-1.5941689526003415,9.763494629555638,prior,north,1.5941689526003415,0.6153846153846154,0.4446397188049209,False,2.6296361880887766,True,361394.7685751205,503997.2034815966,,17.09029381955652,1.2116294211542216,
1077445214894446,2025,panoroma_coarse,361428.2353577773,504036.8110457519,310.8947311561234,8.05048991485512,3.976917428087291,prior,north,-8.05048991485512,0.7543520309477756,0.3392539964476021,False,1.395534067711702,True,361422.98414076574,504045.3029091049,,9.984338901917095,10.52722199522628,
1077445214894446,2025,panoroma_fine,361428.2353577773,504036.8110457519,310.8947311561234,8.05048991485512,3.976917428087291,prior,north,-8.05048991485512,0.7543520309477756,0.3392539964476021,False,1.395534067711702,True,361421.64171464427,504045.68423238315,,11.054843769059676,6.645419882716105,
1077445214894446,2025,panoroma_two_pass,361428.2353577773,504036.8110457519,310.8947311561234,8.05048991485512,3.976917428087291,prior,north,-8.05048991485512,0.7543520309477756,0.3392539964476021,False,1.395534067711702,True,361421.64171464427,504045.68423238315,,11.054843769059676,6.645419882716105,
1077445214894446,2024,panoroma_coarse,361428.2353577773,504036.8110457519,310.8947311561234,8.05048991485512,3.976917428087291,prior,north,-8.05048991485512,0.7305502846299811,0.3433395872420263,False,0.6995159031710063,True,361420.3142832736,504044.67237209756,,11.159922634396512,2.567793392815494,
1077445214894446,2024,panoroma_fine,361428.2353577773,504036.8110457519,310.8947311561234,8.05048991485512,3.976917428087291,prior,north,-8.05048991485512,0.7305502846299811,0.3433395872420263,False,0.6995159031710063,True,361420.1257007996,504045.34598856803,,11.773350634825023,2.085499817825833,
1077445214894446,2024,panoroma_two_pass,361428.2353577773,504036.8110457519,310.8947311561234,8.05048991485512,3.976917428087291,prior,north,-8.05048991485512,0.7305502846299811,0.3433395872420263,False,0.6995159031710063,True,361420.1257007996,504045.34598856803,,11.773350634825023,2.085499817825833,
1714471442944128,2025,panoroma_coarse,361449.2520025681,504060.74706808943,311.00182836492553,6.734626208630061,6.94251102661193,prior,north,-6.734626208630061,0.687037037037037,0.42018348623853213,False,2.3571896582903076,True,361445.75884121197,504057.70114715723,,4.634631655828378,3.92836501902774,
1714471442944128,2025,panoroma_fine,361449.2520025681,504060.74706808943,311.00182836492553,6.734626208630061,6.94251102661193,prior,north,-6.734626208630061,0.687037037037037,0.42018348623853213,False,2.3571896582903076,True,361448.03394053894,504057.0844899287,,3.8598126755774755,0.9991065850298192,
1714471442944128,2025,panoroma_two_pass,361449.2520025681,504060.74706808943,311.00182836492553,6.734626208630061,6.94251102661193,prior,north,-6.734626208630061,0.687037037037037,0.42018348623853213,False,2.3571896582903076,True,361448.03394053894,504057.0844899287,,3.8598126755774755,0.9991065850298192,
1714471442944128,2024,panoroma_coarse,361449.2520025681,504060.74706808943,311.00182836492553,6.734626208630061,6.94251102661193,prior,north,-6.734626208630061,0.6875,0.35363457760314343,False,2.8847569717529886,True,361446.1477694855,504058.1131958454,,4.071062027179608,2.665416919936973,
1714471442944128,2024,panoroma_fine,361449.2520025681,504060.74706808943,311.00182836492553,6.734626208630061,6.94251102661193,prior,north,-6.734626208630061,0.6875,0.35363457760314343,False,2.8847569717529886,True,361448.8007728012,504056.98032507044,,3.793673849138232,1.4485865975452026,
1714471442944128,2024,panoroma_two_pass,361449.2520025681,504060.74706808943,311.00182836492553,6.734626208630061,6.94251102661193,prior,north,-6.734626208630061,0.6875,0.35363457760314343,False,2.8847569717529886,True,361448.8007728012,504056.98032507044,,3.793673849138232,1.4485865975452026,
1347449930528506,2025,panoroma_coarse,361472.5967279173,504087.4096917212,309.77782126276634,4.674407105501302,12.618487808285318,prior,north,-4.674407105501302,0.5856,0.4847457627118644,False,1.830187911708985,True,361470.5576959172,504082.190736623,,5.603136961950827,3.2130770465689262,
1347449930528506,2025,panoroma_fine,361472.5967279173,504087.4096917212,309.77782126276634,4.674407105501302,12.618487808285318,prior,north,-4.674407105501302,0.5856,0.4847457627118644,False,1.830187911708985,True,361470.5924723521,504084.0205941016,,3.9373878455301,0.60507935386057,
1347449930528506,2025,panoroma_two_pass,361472.5967279173,504087.4096917212,309.77782126276634,4.674407105501302,12.618487808285318,prior,north,-4.674407105501302,0.5856,0.4847457627118644,False,1.830187911708985,True,361470.5924723521,504084.0205941016,,3.9373878455301,0.60507935386057,
1347449930528506,2024,panoroma_coarse,361472.5967279173,504087.4096917212,309.77782126276634,4.674407105501302,12.618487808285318,prior,north,-4.674407105501302,0.6945392491467577,0.42218543046357615,False,2.3872581349520243,True,361468.93345593906,504083.00874045107,,5.726074892000812,0.27699286081539126,
1347449930528506,2024,panoroma_fine,361472.5967279173,504087.4096917212,309.77782126276634,4.674407105501302,12.618487808285318,prior,north,-4.674407105501302,0.6945392491467577,0.42218543046357615,False,2.3872581349520243,True,361470.56806140475,504084.7485871036,,3.3461867259554348,4.65663142457446,
1347449930528506,2024,panoroma_two_pass,361472.5967279173,504087.4096917212,309.77782126276634,4.674407105501302,12.618487808285318,prior,north,-4.674407105501302,0.6945392491467577,0.42218543046357615,False,2.3872581349520243,True,361470.56806140475,504084.7485871036,,3.3461867259554348,4.65663142457446,
1413652087402340,2025,panoroma_coarse,361492.29492151755,504113.28688474465,303.597875428812,8.229073075739507,22.33911953962091,prior,north,-8.229073075739507,0.5287128712871287,0.4607190412782956,False,2.345820265834494,True,361480.2910953504,504115.04777562455,,12.13229489181317,7.24618585933917,
1413652087402340,2025,panoroma_fine,361492.29492151755,504113.28688474465,303.597875428812,8.229073075739507,22.33911953962091,prior,north,-8.229073075739507,0.5287128712871287,0.4607190412782956,False,2.345820265834494,True,361481.03921896964,504117.27110280923,,11.940051651186588,7.84054079442907,
1413652087402340,2025,panoroma_two_pass,361492.29492151755,504113.28688474465,303.597875428812,8.229073075739507,22.33911953962091,prior,north,-8.229073075739507,0.5287128712871287,0.4607190412782956,False,2.345820265834494,True,361481.03921896964,504117.27110280923,,11.940051651186588,7.84054079442907,
1413652087402340,2024,panoroma_coarse,361492.29492151755,504113.28688474465,303.597875428812,8.229073075739507,22.33911953962091,prior,north,-8.229073075739507,0.7015276145710928,0.47395171537484115,False,3.2377418823084385,True,361479.9908093023,504114.4813389383,,12.361953657323188,3.0505900075265466,
1413652087402340,2024,panoroma_fine,361492.29492151755,504113.28688474465,303.597875428812,8.229073075739507,22.33911953962091,prior,north,-8.229073075739507,0.7015276145710928,0.47395171537484115,False,3.2377418823084385,True,361481.64521930064,504117.2644846502,,11.368265404958265,6.896802073888157,
1413652087402340,2024,panoroma_two_pass,361492.29492151755,504113.28688474465,303.597875428812,8.229073075739507,22.33911953962091,prior,north,-8.229073075739507,0.7015276145710928,0.47395171537484115,False,3.2377418823084385,True,361481.64521930064,504117.2644846502,,11.368265404958265,6.896802073888157,
921953573931750,2025,panoroma_coarse,361509.1497128202,504141.219079501,297.86871804825813,3.041536533574515,6.250142008424994,prior,north,-3.041536533574515,0.690968443960827,0.4375,False,2.823520343659485,True,361507.6134120844,504139.45422548143,,2.339856760816636,6.1606141097033955,
921953573931750,2025,panoroma_fine,361509.1497128202,504141.219079501,297.86871804825813,3.041536533574515,6.250142008424994,prior,north,-3.041536533574515,0.690968443960827,0.4375,False,2.823520343659485,True,361506.72750157985,504136.77328726713,,5.0628229160701865,9.039930207984206,
921953573931750,2025,panoroma_two_pass,361509.1497128202,504141.219079501,297.86871804825813,3.041536533574515,6.250142008424994,prior,north,-3.041536533574515,0.690968443960827,0.4375,False,2.823520343659485,True,361506.72750157985,504136.77328726713,,5.0628229160701865,9.039930207984206,
921953573931750,2024,panoroma_coarse,361509.1497128202,504141.219079501,297.86871804825813,3.041536533574515,6.250142008424994,prior,north,-3.041536533574515,0.6530612244897959,0.3866525423728814,False,5.3520108268315365,True,361498.9435218891,504138.223355925,,10.636761399296596,4.819911484889184,
921953573931750,2024,panoroma_fine,361509.1497128202,504141.219079501,297.86871804825813,3.041536533574515,6.250142008424994,prior,north,-3.041536533574515,0.6530612244897959,0.3866525423728814,False,5.3520108268315365,True,361504.2828714211,504137.8554341045,,5.91610138160287,1.8156300743423988,
921953573931750,2024,panoroma_two_pass,361509.1497128202,504141.219079501,297.86871804825813,3.041536533574515,6.250142008424994,prior,north,-3.041536533574515,0.6530612244897959,0.3866525423728814,False,5.3520108268315365,True,361504.2828714211,504137.8554341045,,5.91610138160287,1.8156300743423988,
1403478994512518,2025,panoroma_coarse,361523.51524609205,504173.20255651977,288.43829113615783,1.6537922372540947,14.866719494006015,prior,north,-1.6537922372540947,0.610738255033557,0.5374358974358975,False,2.2169082722235047,True,361520.39844925393,504166.5519273135,,7.344745834227183,7.766701005161948,
1403478994512518,2025,panoroma_fine,361523.51524609205,504173.20255651977,288.43829113615783,1.6537922372540947,14.866719494006015,prior,north,-1.6537922372540947,0.610738255033557,0.5374358974358975,False,2.2169082722235047,True,361520.66255537723,504168.7530475381,,5.285449317921028,0.09251844519356335,
1403478994512518,2025,panoroma_two_pass,361523.51524609205,504173.20255651977,288.43829113615783,1.6537922372540947,14.866719494006015,prior,north,-1.6537922372540947,0.610738255033557,0.5374358974358975,False,2.2169082722235047,True,361520.66255537723,504168.7530475381,,5.285449317921028,0.09251844519356335,
1403478994512518,2024,panoroma_coarse,361523.51524609205,504173.20255651977,288.43829113615783,1.6537922372540947,14.866719494006015,prior,north,-1.6537922372540947,0.625615763546798,0.45178105994787143,False,4.181060740394253,True,361509.00259126385,504175.82371459174,,14.747461469713485,1.5674359469201993,
1403478994512518,2024,panoroma_fine,361523.51524609205,504173.20255651977,288.43829113615783,1.6537922372540947,14.866719494006015,prior,north,-1.6537922372540947,0.625615763546798,0.45178105994787143,False,4.181060740394253,True,361511.44126481505,504179.21990955464,,13.490350678307157,1.485622771420028,
1403478994512518,2024,panoroma_two_pass,361523.51524609205,504173.20255651977,288.43829113615783,1.6537922372540947,14.866719494006015,prior,north,-1.6537922372540947,0.625615763546798,0.45178105994787143,False,4.181060740394253,True,361511.44126481505,504179.21990955464,,13.490350678307157,1.485622771420028,
1794731371773449,2025,panoroma_coarse,361531.8882455436,504204.8006149186,281.7546367960357,-6.150188741466479,5.99396090142357,prior,north,6.150188741466479,0.8426132145508537,0.48186046511627906,False,2.6423769286294485,True,361517.1485759219,504217.7739820917,,19.63583755190575,7.70024566972078,
1794731371773449,2025,panoroma_fine,361531.8882455436,504204.8006149186,281.7546367960357,-6.150188741466479,5.99396090142357,prior,north,6.150188741466479,0.8426132145508537,0.48186046511627906,False,2.6423769286294485,True,361519.4933821539,504216.5557704651,,17.082632126567542,14.684394554061962,
1794731371773449,2025,panoroma_two_pass,361531.8882455436,504204.8006149186,281.7546367960357,-6.150188741466479,5.99396090142357,prior,north,6.150188741466479,0.8426132145508537,0.48186046511627906,False,2.6423769286294485,True,361519.4933821539,504216.5557704651,,17.082632126567542,14.684394554061962,
1794731371773449,2024,panoroma_coarse,361531.8882455436,504204.8006149186,281.7546367960357,-6.150188741466479,5.99396090142357,prior,north,6.150188741466479,0.6329656862745098,0.5616698292220114,False,0.5456339773914466,True,361528.8033056376,504197.7880365772,,7.661142814034914,3.1851383676806617,
1794731371773449,2024,panoroma_fine,361531.8882455436,504204.8006149186,281.7546367960357,-6.150188741466479,5.99396090142357,prior,north,6.150188741466479,0.6329656862745098,0.5616698292220114,False,0.5456339773914466,True,361528.91734562436,504197.25445310795,,8.109920123054088,1.339941157291547,
1794731371773449,2024,panoroma_two_pass,361531.8882455436,504204.8006149186,281.7546367960357,-6.150188741466479,5.99396090142357,prior,north,6.150188741466479,0.6329656862745098,0.5616698292220114,False,0.5456339773914466,True,361528.91734562436,504197.25445310795,,8.109920123054088,1.339941157291547,
3059374137740657,2025,panoroma_coarse,361537.029446159,504237.8977794815,274.71356777171735,2.940754486831679,19.038467885016086,prior,north,-2.940754486831679,0.6237064910630291,0.36662883087400683,False,3.764326919523247,True,361534.2474519903,504265.36915676965,,27.61188261715359,8.854537108853197,
3059374137740657,2025,panoroma_fine,361537.029446159,504237.8977794815,274.71356777171735,2.940754486831679,19.038467885016086,prior,north,-2.940754486831679,0.6237064910630291,0.36662883087400683,False,3.764326919523247,True,361536.97012777615,504267.96861704485,,30.070896069673356,2.4051573272884537,
3059374137740657,2025,panoroma_two_pass,361537.029446159,504237.8977794815,274.71356777171735,2.940754486831679,19.038467885016086,prior,north,-2.940754486831679,0.6237064910630291,0.36662883087400683,False,3.764326919523247,True,361536.97012777615,504267.96861704485,,30.070896069673356,2.4051573272884537,
3059374137740657,2024,panoroma_coarse,361537.029446159,504237.8977794815,274.71356777171735,2.940754486831679,19.038467885016086,prior,north,-2.940754486831679,0.6737588652482269,0.42736077481840196,True,6.502991210839379,True,361533.62149455404,504265.714222107,,28.024428887700818,3.8543013468402245,
3059374137740657,2024,panoroma_fine,361537.029446159,504237.8977794815,274.71356777171735,2.940754486831679,19.038467885016086,prior,north,-2.940754486831679,0.6737588652482269,0.42736077481840196,True,6.502991210839379,True,361527.2849639088,504267.1761639901,,30.857393502370055,0.18299190121921077,
3059374137740657,2024,panoroma_two_pass,361537.029446159,504237.8977794815,274.71356777171735,2.940754486831679,19.038467885016086,prior,north,-2.940754486831679,0.6737588652482269,0.42736077481840196,True,6.502991210839379,True,361533.62149455404,504265.714222107,,28.024428887700818,3.8543013468402245,
1613002776844852,2025,panoroma_coarse,361536.4232422584,504266.85521835927,272.2808270468631,-7.299063866086158,25.477756663519706,prior,north,7.299063866086158,0.6536203522504892,0.24561403508771928,False,3.944018131279777,True,361531.4817807777,504263.27533698815,,6.101933480167155,16.999472174988377,
1613002776844852,2025,panoroma_fine,361536.4232422584,504266.85521835927,272.2808270468631,-7.299063866086158,25.477756663519706,prior,north,7.299063866086158,0.6536203522504892,0.24561403508771928,False,3.944018131279777,True,361535.3853790814,504263.83854148287,,3.1902193264266256,10.505568319682247,
1613002776844852,2025,panoroma_two_pass,361536.4232422584,504266.85521835927,272.2808270468631,-7.299063866086158,25.477756663519706,prior,north,7.299063866086158,0.6536203522504892,0.24561403508771928,False,3.944018131279777,True,361535.3853790814,504263.83854148287,,3.1902193264266256,10.505568319682247,
1613002776844852,2024,panoroma_coarse,361536.4232422584,504266.85521835927,272.2808270468631,-7.299063866086158,25.477756663519706,prior,north,7.299063866086158,0.6108452950558214,0.2686804451510334,False,3.1191451433713,True,361526.89877193444,504264.2586718481,,9.87206101764278,10.656465352519465,
1613002776844852,2024,panoroma_fine,361536.4232422584,504266.85521835927,272.2808270468631,-7.299063866086158,25.477756663519706,prior,north,7.299063866086158,0.6108452950558214,0.2686804451510334,False,3.1191451433713,True,361525.5385208555,504267.06558891624,,10.886754143906066,19.92861606100686,
1613002776844852,2024,panoroma_two_pass,361536.4232422584,504266.85521835927,272.2808270468631,-7.299063866086158,25.477756663519706,prior,north,7.299063866086158,0.6108452950558214,0.2686804451510334,False,3.1191451433713,True,361525.5385208555,504267.06558891624,,10.886754143906066,19.92861606100686,
981836188268787,2025,panoroma_coarse,361538.0477937769,504300.5927658677,272.513291319393,-7.182659188113973,9.522425563158581,prior,north,7.182659188113973,0.6776729559748428,0.4540983606557377,False,0.9734442331704881,True,361537.4200150659,504303.8700255988,,3.336845434688606,3.7150083257336366,
981836188268787,2025,panoroma_fine,361538.0477937769,504300.5927658677,272.513291319393,-7.182659188113973,9.522425563158581,prior,north,7.182659188113973,0.6776729559748428,0.4540983606557377,False,0.9734442331704881,True,361537.344467958,504304.84053387266,,4.30560103021195,9.458091025111807,
981836188268787,2025,panoroma_two_pass,361538.0477937769,504300.5927658677,272.513291319393,-7.182659188113973,9.522425563158581,prior,north,7.182659188113973,0.6776729559748428,0.4540983606557377,False,0.9734442331704881,True,361537.344467958,504304.84053387266,,4.30560103021195,9.458091025111807,
981836188268787,2024,panoroma_coarse,361538.0477937769,504300.5927658677,272.513291319393,-7.182659188113973,9.522425563158581,prior,north,7.182659188113973,0.6396255850234009,0.4153094462540717,False,2.3761456679808406,True,361538.4527245375,504310.5745711169,,9.990015262919417,8.854426563793448,
981836188268787,2024,panoroma_fine,361538.0477937769,504300.5927658677,272.513291319393,-7.182659188113973,9.522425563158581,prior,north,7.182659188113973,0.6396255850234009,0.4153094462540717,False,2.3761456679808406,True,361538.73890200275,504312.9334205597,,12.35999145656373,4.630084907499391,
981836188268787,2024,panoroma_two_pass,361538.0477937769,504300.5927658677,272.513291319393,-7.182659188113973,9.522425563158581,prior,north,7.182659188113973,0.6396255850234009,0.4153094462540717,False,2.3761456679808406,True,361538.73890200275,504312.9334205597,,12.35999145656373,4.630084907499391,
1093658489977921,2025,panoroma_coarse,361539.8923210439,504335.836993712,272.28727856222014,9.904899376608512,14.66003649103303,prior,north,-9.904899376608512,0.5261932479627474,0.5332278481012658,False,1.1329860150315951,True,361540.9964654378,504337.65407268633,,2.1262433636831632,0.17003563902417232,
1093658489977921,2025,panoroma_fine,361539.8923210439,504335.836993712,272.28727856222014,9.904899376608512,14.66003649103303,prior,north,-9.904899376608512,0.5261932479627474,0.5332278481012658,False,1.1329860150315951,True,361539.87760885136,504337.8324465891,,1.9955071117987293,10.5014480409253,
1093658489977921,2025,panoroma_two_pass,361539.8923210439,504335.836993712,272.28727856222014,9.904899376608512,14.66003649103303,prior,north,-9.904899376608512,0.5261932479627474,0.5332278481012658,False,1.1329860150315951,True,361539.87760885136,504337.8324465891,,1.9955071117987293,10.5014480409253,
1093658489977921,2024,panoroma_coarse,361539.8923210439,504335.836993712,272.28727856222014,9.904899376608512,14.66003649103303,prior,north,-9.904899376608512,0.5890243902439024,0.4020771513353116,False,1.4534011211435247,True,361539.1295404314,504363.16763523006,,27.341283804007855,1.202683768341454,
1093658489977921,2024,panoroma_fine,361539.8923210439,504335.836993712,272.28727856222014,9.904899376608512,14.66003649103303,prior,north,-9.904899376608512,0.5890243902439024,0.4020771513353116,False,1.4534011211435247,True,361540.52899233036,504363.5599478623,,27.730263921320248,1.160894960470775,
1093658489977921,2024,panoroma_two_pass,361539.8923210439,504335.836993712,272.28727856222014,9.904899376608512,14.66003649103303,prior,north,-9.904899376608512,0.5890243902439024,0.4020771513353116,False,1.4534011211435247,True,361540.52899233036,504363.5599478623,,27.730263921320248,1.160894960470775,
1619687222851775,2025,panoroma_coarse,361541.55438086914,504368.50681948196,272.37270993829156,5.896318191475984,16.958902953093734,prior,north,-5.896318191475984,0.6693333333333333,0.4482758620689655,False,0.567414415616579,True,361540.28874208324,504369.856684,,1.850398809293815,6.262352724128517,
1619687222851775,2025,panoroma_fine,361541.55438086914,504368.50681948196,272.37270993829156,5.896318191475984,16.958902953093734,prior,north,-5.896318191475984,0.6693333333333333,0.4482758620689655,False,0.567414415616579,True,361540.750741578,504370.1861010394,,1.8616720064087031,4.211491695009527,
1619687222851775,2025,panoroma_two_pass,361541.55438086914,504368.50681948196,272.37270993829156,5.896318191475984,16.958902953093734,prior,north,-5.896318191475984,0.6693333333333333,0.4482758620689655,False,0.567414415616579,True,361540.750741578,504370.1861010394,,1.8616720064087031,4.211491695009527,
1619687222851775,2024,panoroma_coarse,361541.55438086914,504368.50681948196,272.37270993829156,5.896318191475984,16.958902953093734,prior,north,-5.896318191475984,0.4591937069813176,0.5301027900146843,False,1.176518580795239,True,361539.90267580847,504368.8100265915,,1.6793046652590524,1.2377446246666999,
1619687222851775,2024,panoroma_fine,361541.55438086914,504368.50681948196,272.37270993829156,5.896318191475984,16.958902953093734,prior,north,-5.896318191475984,0.4591937069813176,0.5301027900146843,False,1.176518580795239,True,361540.41436941514,504369.86944417865,,1.776618186127699,1.4446859752659376,
1619687222851775,2024,panoroma_two_pass,361541.55438086914,504368.50681948196,272.37270993829156,5.896318191475984,16.958902953093734,prior,north,-5.896318191475984,0.4591937069813176,0.5301027900146843,False,1.176518580795239,True,361540.41436941514,504369.86944417865,,1.776618186127699,1.4446859752659376,
1391865393135267,2025,panoroma_coarse,361544.367099523,504400.577955069,277.8347799880502,-3.973653395355086,3.292530676545595,prior,north,3.973653395355086,0.7019002375296912,0.4832869080779944,False,1.5448470859104557,True,361546.4024337404,504400.6623512071,,2.037083229642156,0.7802730667672857,
1391865393135267,2025,panoroma_fine,361544.367099523,504400.577955069,277.8347799880502,-3.973653395355086,3.292530676545595,prior,north,3.973653395355086,0.7019002375296912,0.4832869080779944,False,1.5448470859104557,True,361546.076972169,504402.1725257945,,2.33801630959034,3.0329887002330285,
1391865393135267,2025,panoroma_two_pass,361544.367099523,504400.577955069,277.8347799880502,-3.973653395355086,3.292530676545595,prior,north,3.973653395355086,0.7019002375296912,0.4832869080779944,False,1.5448470859104557,True,361546.076972169,504402.1725257945,,2.33801630959034,3.0329887002330285,
1391865393135267,2024,panoroma_coarse,361544.367099523,504400.577955069,277.8347799880502,-3.973653395355086,3.292530676545595,prior,north,3.973653395355086,0.6774628879892037,0.5343203230148048,False,3.6482154073301314,True,361545.1463502367,504398.9393509794,,1.8144572294001744,1.2458138284762852,
1391865393135267,2024,panoroma_fine,361544.367099523,504400.577955069,277.8347799880502,-3.973653395355086,3.292530676545595,prior,north,3.973653395355086,0.6774628879892037,0.5343203230148048,False,3.6482154073301314,True,361546.336912176,504402.3878344036,,2.6750374004033404,2.748697695940778,
1391865393135267,2024,panoroma_two_pass,361544.367099523,504400.577955069,277.8347799880502,-3.973653395355086,3.292530676545595,prior,north,3.973653395355086,0.6774628879892037,0.5343203230148048,False,3.6482154073301314,True,361546.336912176,504402.3878344036,,2.6750374004033404,2.748697695940778,
1316675827064189,2025,panoroma_coarse,361552.2189105195,504434.41134184506,287.1074839647609,-8.711957542347193,20.80738963306581,prior,north,8.711957542347193,0.6024691358024692,0.3691460055096419,False,4.698319220759894,True,361550.05675450223,504467.3356694184,,32.99524609393044,7.906181385220646,
1316675827064189,2025,panoroma_fine,361552.2189105195,504434.41134184506,287.1074839647609,-8.711957542347193,20.80738963306581,prior,north,8.711957542347193,0.6024691358024692,0.3691460055096419,False,4.698319220759894,True,361548.7658346529,504471.85316091735,,37.600712072818745,12.478762507185985,
1316675827064189,2025,panoroma_two_pass,361552.2189105195,504434.41134184506,287.1074839647609,-8.711957542347193,20.80738963306581,prior,north,8.711957542347193,0.6024691358024692,0.3691460055096419,False,4.698319220759894,True,361548.7658346529,504471.85316091735,,37.600712072818745,12.478762507185985,
1316675827064189,2024,panoroma_coarse,361552.2189105195,504434.41134184506,287.1074839647609,-8.711957542347193,20.80738963306581,prior,north,8.711957542347193,0.3702081051478642,0.296,False,3.6447632854641254,True,361553.3983539155,504444.01663349743,,9.67743325740651,15.258481011257016,
1316675827064189,2024,panoroma_fine,361552.2189105195,504434.41134184506,287.1074839647609,-8.711957542347193,20.80738963306581,prior,north,8.711957542347193,0.3702081051478642,0.296,False,3.6447632854641254,True,361550.09551635303,504445.5579197925,,11.3470261621355,17.44339232806054,
1316675827064189,2024,panoroma_two_pass,361552.2189105195,504434.41134184506,287.1074839647609,-8.711957542347193,20.80738963306581,prior,north,8.711957542347193,0.3702081051478642,0.296,False,3.6447632854641254,True,361550.09551635303,504445.5579197925,,11.3470261621355,17.44339232806054,
28263711263284815,2025,panoroma_coarse,361563.71273511497,504464.28748197947,292.85422022979816,-1.1825195596875346,21.60799338112897,prior,north,1.1825195596875346,0.6157804459691252,0.4309210526315789,False,5.324926829195571,True,361569.7686285013,504468.83897632133,,7.575615186264761,0.5236381504868778,
28263711263284815,2025,panoroma_fine,361563.71273511497,504464.28748197947,292.85422022979816,-1.1825195596875346,21.60799338112897,prior,north,1.1825195596875346,0.6157804459691252,0.4309210526315789,False,5.324926829195571,True,361565.0945060496,504466.2880108095,,2.43133842062336,5.450030881949782,
28263711263284815,2025,panoroma_two_pass,361563.71273511497,504464.28748197947,292.85422022979816,-1.1825195596875346,21.60799338112897,prior,north,1.1825195596875346,0.6157804459691252,0.4309210526315789,False,5.324926829195571,True,361565.0945060496,504466.2880108095,,2.43133842062336,5.450030881949782,
28263711263284815,2024,panoroma_coarse,361563.71273511497,504464.28748197947,292.85422022979816,-1.1825195596875346,21.60799338112897,prior,north,1.1825195596875346,0.4437400950871632,0.2922824302134647,False,2.6774298520174122,True,361569.4436884763,504475.5943466769,,12.676317119554575,1.0618497519703691,
28263711263284815,2024,panoroma_fine,361563.71273511497,504464.28748197947,292.85422022979816,-1.1825195596875346,21.60799338112897,prior,north,1.1825195596875346,0.4437400950871632,0.2922824302134647,False,2.6774298520174122,True,361567.77384233405,504473.50144331704,,10.069244031963075,7.431994528073974,
28263711263284815,2024,panoroma_two_pass,361563.71273511497,504464.28748197947,292.85422022979816,-1.1825195596875346,21.60799338112897,prior,north,1.1825195596875346,0.4437400950871632,0.2922824302134647,False,2.6774298520174122,True,361567.77384233405,504473.50144331704,,10.069244031963075,7.431994528073974,
3489296377898570,2025,panoroma_coarse,361571.625468986,504493.47068203054,299.5680585925597,4.646418907159841,31.05471874169141,prior,north,-4.646418907159841,0.6284153005464481,0.4295415959252971,False,1.3469080257468244,True,361570.25759573217,504476.2803300538,,17.24468840896,2.876859877582893,
3489296377898570,2025,panoroma_fine,361571.625468986,504493.47068203054,299.5680585925597,4.646418907159841,31.05471874169141,prior,north,-4.646418907159841,0.6284153005464481,0.4295415959252971,False,1.3469080257468244,True,361570.0730942432,504477.61454159266,,15.931950819910549,5.26190370166873,
3489296377898570,2025,panoroma_two_pass,361571.625468986,504493.47068203054,299.5680585925597,4.646418907159841,31.05471874169141,prior,north,-4.646418907159841,0.6284153005464481,0.4295415959252971,False,1.3469080257468244,True,361570.0730942432,504477.61454159266,,15.931950819910549,5.26190370166873,
3489296377898570,2024,panoroma_coarse,361571.625468986,504493.47068203054,299.5680585925597,4.646418907159841,31.05471874169141,prior,north,-4.646418907159841,0.6520210896309314,0.4190800681431005,False,1.2971744939400507,True,361569.8013652956,504475.1739848223,,18.387400115397035,7.600748533133549,
3489296377898570,2024,panoroma_fine,361571.625468986,504493.47068203054,299.5680585925597,4.646418907159841,31.05471874169141,prior,north,-4.646418907159841,0.6520210896309314,0.4190800681431005,False,1.2971744939400507,True,361568.5044476117,504475.19979545614,,18.535535347911438,6.269946675226728,
3489296377898570,2024,panoroma_two_pass,361571.625468986,504493.47068203054,299.5680585925597,4.646418907159841,31.05471874169141,prior,north,-4.646418907159841,0.6520210896309314,0.4190800681431005,False,1.2971744939400507,True,361568.5044476117,504475.19979545614,,18.535535347911438,6.269946675226728,
1131727186478749,2025,panoroma_coarse,361588.8523000926,504518.82913805824,307.4974744287967,4.978490127356963,12.992740716188614,prior,north,-4.978490127356963,0.5809659090909091,0.3819444444444444,False,4.373479792356537,True,361584.1994722789,504523.44650572614,,6.555066044252388,2.592585971289197,
1131727186478749,2025,panoroma_fine,361588.8523000926,504518.82913805824,307.4974744287967,4.978490127356963,12.992740716188614,prior,north,-4.978490127356963,0.5809659090909091,0.3819444444444444,False,4.373479792356537,True,361580.0953376525,504524.957599523,,10.688425099256607,4.705547806598374,
1131727186478749,2025,panoroma_two_pass,361588.8523000926,504518.82913805824,307.4974744287967,4.978490127356963,12.992740716188614,prior,north,-4.978490127356963,0.5809659090909091,0.3819444444444444,False,4.373479792356537,True,361580.0953376525,504524.957599523,,10.688425099256607,4.705547806598374,
1131727186478749,2024,panoroma_coarse,361588.8523000926,504518.82913805824,307.4974744287967,4.978490127356963,12.992740716188614,prior,north,-4.978490127356963,0.5361111111111111,0.4157303370786517,False,3.889980149449813,True,361584.31724243955,504523.5332068646,,6.53414196749729,7.533221544598926,
1131727186478749,2024,panoroma_fine,361588.8523000926,504518.82913805824,307.4974744287967,4.978490127356963,12.992740716188614,prior,north,-4.978490127356963,0.5361111111111111,0.4157303370786517,False,3.889980149449813,True,361580.53701887705,504524.4507336384,,10.037242577549286,2.6434807909467075,
1131727186478749,2024,panoroma_two_pass,361588.8523000926,504518.82913805824,307.4974744287967,4.978490127356963,12.992740716188614,prior,north,-4.978490127356963,0.5361111111111111,0.4157303370786517,False,3.889980149449813,True,361580.53701887705,504524.4507336384,,10.037242577549286,2.6434807909467075,
1599642875223994,2025,panoroma_coarse,361610.9469463425,504543.66361937486,313.92116788058945,-0.5885879537345886,16.26362682875061,prior,north,0.5885879537345886,0.5889908256880734,0.3598673300165838,False,4.317089382345021,True,361626.12009997724,504572.4104999674,,32.50550314987074,0.00868534989105537,
1599642875223994,2025,panoroma_fine,361610.9469463425,504543.66361937486,313.92116788058945,-0.5885879537345886,16.26362682875061,prior,north,0.5885879537345886,0.5889908256880734,0.3598673300165838,False,4.317089382345021,True,361629.2186918621,504575.4164921607,,36.63470505527373,0.9896225201031009,
1599642875223994,2025,panoroma_two_pass,361610.9469463425,504543.66361937486,313.92116788058945,-0.5885879537345886,16.26362682875061,prior,north,0.5885879537345886,0.5889908256880734,0.3598673300165838,False,4.317089382345021,True,361629.2186918621,504575.4164921607,,36.63470505527373,0.9896225201031009,
1599642875223994,2024,panoroma_coarse,361610.9469463425,504543.66361937486,313.92116788058945,-0.5885879537345886,16.26362682875061,prior,north,0.5885879537345886,0.591304347826087,0.4542314335060449,False,4.069143356176418,True,361625.55188179476,504571.97861821746,,31.859744176968594,6.201182599491112,
1599642875223994,2024,panoroma_fine,361610.9469463425,504543.66361937486,313.92116788058945,-0.5885879537345886,16.26362682875061,prior,north,0.5885879537345886,0.591304347826087,0.4542314335060449,False,4.069143356176418,True,361628.15042743116,504575.1099898384,,35.84458085817283,1.1381291396222148,
1599642875223994,2024,panoroma_two_pass,361610.9469463425,504543.66361937486,313.92116788058945,-0.5885879537345886,16.26362682875061,prior,north,0.5885879537345886,0.591304347826087,0.4542314335060449,False,4.069143356176418,True,361628.15042743116,504575.1099898384,,35.84458085817283,1.1381291396222148,
1073713638614184,2025,panoroma_coarse,361636.8629086914,504567.6693398636,318.45576423936296,-6.625193360644289,7.870400249050183,prior,north,6.625193360644289,0.6482617586912065,0.511377245508982,False,2.2029891808437903,True,361640.3185587807,504560.9290561273,,7.574492879727192,3.117370676489571,
1073713638614184,2025,panoroma_fine,361636.8629086914,504567.6693398636,318.45576423936296,-6.625193360644289,7.870400249050183,prior,north,6.625193360644289,0.6482617586912065,0.511377245508982,False,2.2029891808437903,True,361640.5089845495,504563.1237997018,,5.827160931820359,8.374936394120459,
1073713638614184,2025,panoroma_two_pass,361636.8629086914,504567.6693398636,318.45576423936296,-6.625193360644289,7.870400249050183,prior,north,6.625193360644289,0.6482617586912065,0.511377245508982,False,2.2029891808437903,True,361640.5089845495,504563.1237997018,,5.827160931820359,8.374936394120459,
1073713638614184,2024,panoroma_coarse,361636.8629086914,504567.6693398636,318.45576423936296,-6.625193360644289,7.870400249050183,prior,north,6.625193360644289,0.6853146853146853,0.5371498172959805,False,0.4968052551667972,True,361641.07932549855,504563.6769898841,,5.806636638377263,2.2564011499218366,
1073713638614184,2024,panoroma_fine,361636.8629086914,504567.6693398636,318.45576423936296,-6.625193360644289,7.870400249050183,prior,north,6.625193360644289,0.6853146853146853,0.5371498172959805,False,0.4968052551667972,True,361640.713032301,504564.0126157994,,5.309904207314208,5.115000527433126,
1073713638614184,2024,panoroma_two_pass,361636.8629086914,504567.6693398636,318.45576423936296,-6.625193360644289,7.870400249050183,prior,north,6.625193360644289,0.6853146853146853,0.5371498172959805,False,0.4968052551667972,True,361640.713032301,504564.0126157994,,5.309904207314208,5.115000527433126,
1120440463974740,2025,panoroma_coarse,361660.74811106944,504589.6475856835,311.0860382163991,-4.294805491446198,22.095073244316996,prior,north,4.294805491446198,0.5823293172690763,0.3598654708520179,False,1.1762155587333765,True,361667.19840531994,504585.23820197163,,7.813383430794985,9.20843772653669,
1120440463974740,2025,panoroma_fine,361660.74811106944,504589.6475856835,311.0860382163991,-4.294805491446198,22.095073244316996,prior,north,4.294805491446198,0.5823293172690763,0.3598654708520179,False,1.1762155587333765,True,361666.5458795614,504586.216819964,,6.736785057316489,5.209426057096861,
1120440463974740,2025,panoroma_two_pass,361660.74811106944,504589.6475856835,311.0860382163991,-4.294805491446198,22.095073244316996,prior,north,4.294805491446198,0.5823293172690763,0.3598654708520179,False,1.1762155587333765,True,361666.5458795614,504586.216819964,,6.736785057316489,5.209426057096861,
1120440463974740,2024,panoroma_coarse,361660.74811106944,504589.6475856835,311.0860382163991,-4.294805491446198,22.095073244316996,prior,north,4.294805491446198,0.45472249269717624,0.4051054384017758,False,3.1456670795184225,True,361664.8126425612,504582.8518203506,,7.9185126575133555,5.623759288751603,
1120440463974740,2024,panoroma_fine,361660.74811106944,504589.6475856835,311.0860382163991,-4.294805491446198,22.095073244316996,prior,north,4.294805491446198,0.45472249269717624,0.4051054384017758,False,3.1456670795184225,True,361666.1268382359,504585.70981109655,,6.666091405671499,2.7165638356162476,
1120440463974740,2024,panoroma_two_pass,361660.74811106944,504589.6475856835,311.0860382163991,-4.294805491446198,22.095073244316996,prior,north,4.294805491446198,0.45472249269717624,0.4051054384017758,False,3.1456670795184225,True,361666.1268382359,504585.70981109655,,6.666091405671499,2.7165638356162476,
1396740292671110,2025,panoroma_coarse,361683.0279493844,504613.3827825114,318.1565499517186,-5.243072536293141,6.705064392208142,prior,north,5.243072536293141,0.6170703575547867,0.3238993710691824,False,3.119237469495657,True,361671.6079798577,504624.0591432731,,15.633310049522986,6.052438152006292,
1396740292671110,2025,panoroma_fine,361683.0279493844,504613.3827825114,318.1565499517186,-5.243072536293141,6.705064392208142,prior,north,5.243072536293141,0.6170703575547867,0.3238993710691824,False,3.119237469495657,True,361668.9781371313,504625.7365131265,,18.708604556676175,7.759553692764187,
1396740292671110,2025,panoroma_two_pass,361683.0279493844,504613.3827825114,318.1565499517186,-5.243072536293141,6.705064392208142,prior,north,5.243072536293141,0.6170703575547867,0.3238993710691824,False,3.119237469495657,True,361668.9781371313,504625.7365131265,,18.708604556676175,7.759553692764187,
1396740292671110,2024,panoroma_coarse,361683.0279493844,504613.3827825114,318.1565499517186,-5.243072536293141,6.705064392208142,prior,north,5.243072536293141,0.5879059350503919,0.3490153172866521,False,3.0588273609646306,True,361673.067328459,504626.7109201559,,16.638906883888954,11.130003820841223,
1396740292671110,2024,panoroma_fine,361683.0279493844,504613.3827825114,318.1565499517186,-5.243072536293141,6.705064392208142,prior,north,5.243072536293141,0.5879059350503919,0.3490153172866521,False,3.0588273609646306,True,361670.34987189824,504628.1151475822,,19.436466482469573,9.473727365198897,
1396740292671110,2024,panoroma_two_pass,361683.0279493844,504613.3827825114,318.1565499517186,-5.243072536293141,6.705064392208142,prior,north,5.243072536293141,0.5879059350503919,0.3490153172866521,False,3.0588273609646306,True,361670.34987189824,504628.1151475822,,19.436466482469573,9.473727365198897,
1100290906086001,2025,panoroma_coarse,361707.85448543716,504638.3282890087,290.3221943299974,6.408059954103123,18.034100514463145,prior,north,-6.408059954103123,0.7664092664092664,0.3980392156862745,False,1.8024585848739691,True,361708.91874928214,504635.89541314135,,2.6554740664649983,4.452310570565151,
1100290906086001,2025,panoroma_fine,361707.85448543716,504638.3282890087,290.3221943299974,6.408059954103123,18.034100514463145,prior,north,-6.408059954103123,0.7664092664092664,0.3980392156862745,False,1.8024585848739691,True,361709.3728187,504634.1510857885,,4.444588016884335,6.713268726396946,
1100290906086001,2025,panoroma_two_pass,361707.85448543716,504638.3282890087,290.3221943299974,6.408059954103123,18.034100514463145,prior,north,-6.408059954103123,0.7664092664092664,0.3980392156862745,False,1.8024585848739691,True,361709.3728187,504634.1510857885,,4.444588016884335,6.713268726396946,
1100290906086001,2024,panoroma_coarse,361707.85448543716,504638.3282890087,290.3221943299974,6.408059954103123,18.034100514463145,prior,north,-6.408059954103123,0.7869822485207101,0.3799621928166352,False,1.1902674563054163,True,361709.19923608174,504634.7708775267,,3.803094890768898,3.3981557045130133,
1100290906086001,2024,panoroma_fine,361707.85448543716,504638.3282890087,290.3221943299974,6.408059954103123,18.034100514463145,prior,north,-6.408059954103123,0.7869822485207101,0.3799621928166352,False,1.1902674563054163,True,361709.04736157384,504633.59033919557,,4.885808214538762,8.86666165346558,
1100290906086001,2024,panoroma_two_pass,361707.85448543716,504638.3282890087,290.3221943299974,6.408059954103123,18.034100514463145,prior,north,-6.408059954103123,0.7869822485207101,0.3799621928166352,False,1.1902674563054163,True,361709.04736157384,504633.59033919557,,4.885808214538762,8.86666165346558,
1436906631667845,2025,panoroma_coarse,361697.4136276352,504666.51541773695,211.2542456606379,-9.664194314343604,9.263483136300188,prior,north,9.664194314343604,0.5866819747416763,0.34486486486486484,False,2.097272510979499,True,361698.1898456854,504659.7247754016,,6.834861943618289,9.326086367067738,
1436906631667845,2025,panoroma_fine,361697.4136276352,504666.51541773695,211.2542456606379,-9.664194314343604,9.263483136300188,prior,north,9.664194314343604,0.5866819747416763,0.34486486486486484,False,2.097272510979499,True,361699.9136689105,504658.530210429,,8.367421474345896,7.553206228369493,
1436906631667845,2025,panoroma_two_pass,361697.4136276352,504666.51541773695,211.2542456606379,-9.664194314343604,9.263483136300188,prior,north,9.664194314343604,0.5866819747416763,0.34486486486486484,False,2.097272510979499,True,361699.9136689105,504658.530210429,,8.367421474345896,7.553206228369493,
1436906631667845,2024,panoroma_coarse,361697.4136276352,504666.51541773695,211.2542456606379,-9.664194314343604,9.263483136300188,prior,north,9.664194314343604,0.5701357466063348,0.38505096262740657,False,1.9201937489947918,True,361698.3390887562,504659.03869463695,,7.533781693179938,2.553679273196097,
1436906631667845,2024,panoroma_fine,361697.4136276352,504666.51541773695,211.2542456606379,-9.664194314343604,9.263483136300188,prior,north,9.664194314343604,0.5701357466063348,0.38505096262740657,False,1.9201937489947918,True,361700.2432783883,504659.28609285544,,7.76337952355405,7.76432050594331,
1436906631667845,2024,panoroma_two_pass,361697.4136276352,504666.51541773695,211.2542456606379,-9.664194314343604,9.263483136300188,prior,north,9.664194314343604,0.5701357466063348,0.38505096262740657,False,1.9201937489947918,True,361700.2432783883,504659.28609285544,,7.76337952355405,7.76432050594331,
1609692443937868,2025,panoroma_coarse,361668.9486892873,504682.8453561375,210.79401582028814,-6.061627934747776,17.21515125008524,prior,north,6.061627934747776,0.5212620027434842,0.32868217054263565,False,3.134233616350328,True,361658.9307777183,504688.8420115959,,11.67554833362571,30.238387127577223,
1609692443937868,2025,panoroma_fine,361668.9486892873,504682.8453561375,210.79401582028814,-6.061627934747776,17.21515125008524,prior,north,6.061627934747776,0.5212620027434842,0.32868217054263565,False,3.134233616350328,True,361656.05754494737,504687.58983197395,,13.73650804810143,2.139004148768384,
1609692443937868,2025,panoroma_two_pass,361668.9486892873,504682.8453561375,210.79401582028814,-6.061627934747776,17.21515125008524,prior,north,6.061627934747776,0.5212620027434842,0.32868217054263565,False,3.134233616350328,True,361656.05754494737,504687.58983197395,,13.73650804810143,2.139004148768384,
1609692443937868,2024,panoroma_coarse,361668.9486892873,504682.8453561375,210.79401582028814,-6.061627934747776,17.21515125008524,prior,north,6.061627934747776,0.4982456140350877,0.2736248236953456,False,1.3806023056488135,True,361666.24096009345,504681.73006947915,,2.9284230769295427,1.015044696562476,
1609692443937868,2024,panoroma_fine,361668.9486892873,504682.8453561375,210.79401582028814,-6.061627934747776,17.21515125008524,prior,north,6.061627934747776,0.4982456140350877,0.2736248236953456,False,1.3806023056488135,True,361665.78544644284,504683.0333614804,,3.1688249086957994,6.461106597853242,
1609692443937868,2024,panoroma_two_pass,361668.9486892873,504682.8453561375,210.79401582028814,-6.061627934747776,17.21515125008524,prior,north,6.061627934747776,0.4982456140350877,0.2736248236953456,False,1.3806023056488135,True,361665.78544644284,504683.0333614804,,3.1688249086957994,6.461106597853242,
2140812226473784,2025,panoroma_coarse,361641.04399474245,504701.4222107101,213.78021034732328,-3.4487666741794385,17.644428879364742,prior,north,3.4487666741794385,0.6246575342465753,0.413447782546495,False,1.9710734924717777,True,361639.9562934455,504697.81959129113,,3.7632380723909837,1.1968491980749054,
2140812226473784,2025,panoroma_fine,361641.04399474245,504701.4222107101,213.78021034732328,-3.4487666741794385,17.644428879364742,prior,north,3.4487666741794385,0.6246575342465753,0.413447782546495,False,1.9710734924717777,True,361638.2525756054,504698.8107906828,,3.82250380742142,2.169506772406761,
2140812226473784,2025,panoroma_two_pass,361641.04399474245,504701.4222107101,213.78021034732328,-3.4487666741794385,17.644428879364742,prior,north,3.4487666741794385,0.6246575342465753,0.413447782546495,False,1.9710734924717777,True,361638.2525756054,504698.8107906828,,3.82250380742142,2.169506772406761,
2140812226473784,2024,panoroma_coarse,361641.04399474245,504701.4222107101,213.78021034732328,-3.4487666741794385,17.644428879364742,prior,north,3.4487666741794385,0.625615763546798,0.40052015604681407,False,1.5897168326752915,True,361634.6241768887,504698.9535814583,,6.878095060251227,1.7044771868717743,
2140812226473784,2024,panoroma_fine,361641.04399474245,504701.4222107101,213.78021034732328,-3.4487666741794385,17.644428879364742,prior,north,3.4487666741794385,0.625615763546798,0.40052015604681407,False,1.5897168326752915,True,361633.8062411448,504700.31673248694,,7.321691009767792,0.6470582979225374,
2140812226473784,2024,panoroma_two_pass,361641.04399474245,504701.4222107101,213.78021034732328,-3.4487666741794385,17.644428879364742,prior,north,3.4487666741794385,0.625615763546798,0.40052015604681407,False,1.5897168326752915,True,361633.8062411448,504700.31673248694,,7.321691009767792,0.6470582979225374,
1770134364187132,2025,panoroma_coarse,361614.59098087926,504722.44381314795,220.41034254713298,8.804444454854377,19.92527726184344,prior,north,-8.804444454854377,0.7693693693693694,0.4747826086956522,False,2.6316278522987444,True,361613.1823812877,504716.4256949097,,6.180768555687408,5.886918475123794,
1770134364187132,2025,panoroma_fine,361614.59098087926,504722.44381314795,220.41034254713298,8.804444454854377,19.92527726184344,prior,north,-8.804444454854377,0.7693693693693694,0.4747826086956522,False,2.6316278522987444,True,361615.6353438681,504717.3788159576,,5.171546247593404,7.108370583774231,
1770134364187132,2025,panoroma_two_pass,361614.59098087926,504722.44381314795,220.41034254713298,8.804444454854377,19.92527726184344,prior,north,-8.804444454854377,0.7693693693693694,0.4747826086956522,False,2.6316278522987444,True,361615.6353438681,504717.3788159576,,5.171546247593404,7.108370583774231,
1770134364187132,2024,panoroma_coarse,361614.59098087926,504722.44381314795,220.41034254713298,8.804444454854377,19.92527726184344,prior,north,-8.804444454854377,0.7284172661870504,0.3704918032786885,False,3.6864027902395113,True,361612.1564753551,504717.5436384122,,5.471611242417379,9.03561468044228,
1770134364187132,2024,panoroma_fine,361614.59098087926,504722.44381314795,220.41034254713298,8.804444454854377,19.92527726184344,prior,north,-8.804444454854377,0.7284172661870504,0.3704918032786885,False,3.6864027902395113,True,361615.5652427552,504718.94715910795,,3.6298451314679503,3.8884967259846785,
1770134364187132,2024,panoroma_two_pass,361614.59098087926,504722.44381314795,220.41034254713298,8.804444454854377,19.92527726184344,prior,north,-8.804444454854377,0.7284172661870504,0.3704918032786885,False,3.6864027902395113,True,361615.5652427552,504718.94715910795,,3.6298451314679503,3.8884967259846785,
3960386027436480,2025,panoroma_coarse,361591.5952234963,504746.5269450778,230.05124253896744,8.361483200621052,15.710932213991812,prior,north,-8.361483200621052,0.6671899529042387,0.39222042139384117,False,2.683869251389948,True,361587.6638786439,504743.8441009869,,4.759529889066488,5.316971715696055,
3960386027436480,2025,panoroma_fine,361591.5952234963,504746.5269450778,230.05124253896744,8.361483200621052,15.710932213991812,prior,north,-8.361483200621052,0.6671899529042387,0.39222042139384117,False,2.683869251389948,True,361589.1431013644,504746.0835326786,,2.491890347857688,8.29102817353296,
3960386027436480,2025,panoroma_two_pass,361591.5952234963,504746.5269450778,230.05124253896744,8.361483200621052,15.710932213991812,prior,north,-8.361483200621052,0.6671899529042387,0.39222042139384117,False,2.683869251389948,True,361589.1431013644,504746.0835326786,,2.491890347857688,8.29102817353296,
3960386027436480,2024,panoroma_coarse,361591.5952234963,504746.5269450778,230.05124253896744,8.361483200621052,15.710932213991812,prior,north,-8.361483200621052,0.6367924528301887,0.46403385049365303,False,4.721853206304432,True,361590.794925329,504744.68213024904,,2.010924888973855,8.293069460375893,
3960386027436480,2024,panoroma_fine,361591.5952234963,504746.5269450778,230.05124253896744,8.361483200621052,15.710932213991812,prior,north,-8.361483200621052,0.6367924528301887,0.46403385049365303,False,4.721853206304432,True,361587.0878056126,504747.60670904093,,4.634944033596031,5.077413357848878,
3960386027436480,2024,panoroma_two_pass,361591.5952234963,504746.5269450778,230.05124253896744,8.361483200621052,15.710932213991812,prior,north,-8.361483200621052,0.6367924528301887,0.46403385049365303,False,4.721853206304432,True,361587.0878056126,504747.60670904093,,4.634944033596031,5.077413357848878,
1799341664552833,2025,panoroma_coarse,361572.6457602309,504774.8962715687,239.07370792608288,8.243739053374185,21.906598058444533,prior,north,-8.243739053374185,0.5619694397283531,0.3313161875945537,False,1.811771339742798,True,361563.95442471275,504795.89702874573,,22.728200876813123,7.020461423460437,
1799341664552833,2025,panoroma_fine,361572.6457602309,504774.8962715687,239.07370792608288,8.243739053374185,21.906598058444533,prior,north,-8.243739053374185,0.5619694397283531,0.3313161875945537,False,1.811771339742798,True,361563.7803488794,504794.093639439,,21.145553943485275,8.234045478668301,
1799341664552833,2025,panoroma_two_pass,361572.6457602309,504774.8962715687,239.07370792608288,8.243739053374185,21.906598058444533,prior,north,-8.243739053374185,0.5619694397283531,0.3313161875945537,False,1.811771339742798,True,361563.7803488794,504794.093639439,,21.145553943485275,8.234045478668301,
1799341664552833,2024,panoroma_coarse,361572.6457602309,504774.8962715687,239.07370792608288,8.243739053374185,21.906598058444533,prior,north,-8.243739053374185,0.44087403598971725,0.39408866995073893,False,4.127918404137637,True,361564.5062197523,504801.37698847806,,27.70343818436929,11.449094279056633,
1799341664552833,2024,panoroma_fine,361572.6457602309,504774.8962715687,239.07370792608288,8.243739053374185,21.906598058444533,prior,north,-8.243739053374185,0.44087403598971725,0.39408866995073893,False,4.127918404137637,True,361560.82414081454,504803.2430016204,,30.712990578057717,9.674614813317026,
1799341664552833,2024,panoroma_two_pass,361572.6457602309,504774.8962715687,239.07370792608288,8.243739053374185,21.906598058444533,prior,north,-8.243739053374185,0.44087403598971725,0.39408866995073893,False,4.127918404137637,True,361560.82414081454,504803.2430016204,,30.712990578057717,9.674614813317026,
1388036546256933,2025,panoroma_coarse,361558.7140618083,504804.42107867356,249.01867383618352,9.474083171671651,17.876799473428807,prior,north,-9.474083171671651,0.6015037593984962,0.40932642487046633,False,0.5185213403533392,True,361559.96843703365,504801.87244473177,,2.8405971511700137,4.753449152130316,
1388036546256933,2025,panoroma_fine,361558.7140618083,504804.42107867356,249.01867383618352,9.474083171671651,17.876799473428807,prior,north,-9.474083171671651,0.6015037593984962,0.40932642487046633,False,0.5185213403533392,True,361560.1116683198,504802.37079117657,,2.4813268187170747,7.678004013235791,
1388036546256933,2025,panoroma_two_pass,361558.7140618083,504804.42107867356,249.01867383618352,9.474083171671651,17.876799473428807,prior,north,-9.474083171671651,0.6015037593984962,0.40932642487046633,False,0.5185213403533392,True,361560.1116683198,504802.37079117657,,2.4813268187170747,7.678004013235791,
1388036546256933,2024,panoroma_coarse,361558.7140618083,504804.42107867356,249.01867383618352,9.474083171671651,17.876799473428807,prior,north,-9.474083171671651,0.6403669724770642,0.4,False,2.8934809356166897,True,361561.6765639428,504802.4829780286,,3.540148726669146,7.384123769931748,
1388036546256933,2024,panoroma_fine,361558.7140618083,504804.42107867356,249.01867383618352,9.474083171671651,17.876799473428807,prior,north,-9.474083171671651,0.6403669724770642,0.4,False,2.8934809356166897,True,361559.38868754054,504804.2543767676,,0.6949168324665816,10.520783503000422,
1388036546256933,2024,panoroma_two_pass,361558.7140618083,504804.42107867356,249.01867383618352,9.474083171671651,17.876799473428807,prior,north,-9.474083171671651,0.6403669724770642,0.4,False,2.8934809356166897,True,361559.38868754054,504804.2543767676,,0.6949168324665816,10.520783503000422,
1392556546281046,2025,panoroma_coarse,361548.052834857,504835.79213500954,250.87378567541663,7.06268696714011,10.700752972659181,prior,north,-7.06268696714011,0.7177033492822966,0.43031123139377536,False,3.4723480746422704,True,361551.1485579307,504834.06636374857,,3.544261248019677,7.117863741598956,
1392556546281046,2025,panoroma_fine,361548.052834857,504835.79213500954,250.87378567541663,7.06268696714011,10.700752972659181,prior,north,-7.06268696714011,0.7177033492822966,0.43031123139377536,False,3.4723480746422704,True,361554.4578569483,504835.11790602724,,6.440410911618441,5.490547188082777,
1392556546281046,2025,panoroma_two_pass,361548.052834857,504835.79213500954,250.87378567541663,7.06268696714011,10.700752972659181,prior,north,-7.06268696714011,0.7177033492822966,0.43031123139377536,False,3.4723480746422704,True,361554.4578569483,504835.11790602724,,6.440410911618441,5.490547188082777,
1392556546281046,2024,panoroma_coarse,361548.052834857,504835.79213500954,250.87378567541663,7.06268696714011,10.700752972659181,prior,north,-7.06268696714011,0.759349593495935,0.44573082489146165,False,3.033130830800393,True,361550.300604679,504834.56197315035,,2.5623753379064906,7.261686473493762,
1392556546281046,2024,panoroma_fine,361548.052834857,504835.79213500954,250.87378567541663,7.06268696714011,10.700752972659181,prior,north,-7.06268696714011,0.759349593495935,0.44573082489146165,False,3.033130830800393,True,361551.9610477524,504837.1002425286,,4.121319366064123,9.677845589898201,
1392556546281046,2024,panoroma_two_pass,361548.052834857,504835.79213500954,250.87378567541663,7.06268696714011,10.700752972659181,prior,north,-7.06268696714011,0.759349593495935,0.44573082489146165,False,3.033130830800393,True,361551.9610477524,504837.1002425286,,4.121319366064123,9.677845589898201,
1400716081531820,2025,panoroma_coarse,361537.2392487183,504867.6496268753,251.32015210508467,3.186497801348793,25.192597472479502,prior,north,-3.186497801348793,0.81786133960047,0.5400552486187845,False,3.990115108022726,True,361533.8121517712,504871.2560105834,,4.975037380268579,1.7274441302211596,
1400716081531820,2025,panoroma_fine,361537.2392487183,504867.6496268753,251.32015210508467,3.186497801348793,25.192597472479502,prior,north,-3.186497801348793,0.81786133960047,0.5400552486187845,False,3.990115108022726,True,361537.4464413713,504869.6089047343,,1.9702026607120044,2.8187202873991755,
1400716081531820,2025,panoroma_two_pass,361537.2392487183,504867.6496268753,251.32015210508467,3.186497801348793,25.192597472479502,prior,north,-3.186497801348793,0.81786133960047,0.5400552486187845,False,3.990115108022726,True,361537.4464413713,504869.6089047343,,1.9702026607120044,2.8187202873991755,
1400716081531820,2024,panoroma_coarse,361537.2392487183,504867.6496268753,251.32015210508467,3.186497801348793,25.192597472479502,prior,north,-3.186497801348793,0.8186813186813187,0.5535714285714286,False,4.006372658142563,True,361532.6028135919,504871.5449136442,,6.055558578160194,4.724124817726902,
1400716081531820,2024,panoroma_fine,361537.2392487183,504867.6496268753,251.32015210508467,3.186497801348793,25.192597472479502,prior,north,-3.186497801348793,0.8186813186813187,0.5535714285714286,False,4.006372658142563,True,361536.56739189895,504872.12209708424,,4.522652026810819,4.442515416050393,
1400716081531820,2024,panoroma_two_pass,361537.2392487183,504867.6496268753,251.32015210508467,3.186497801348793,25.192597472479502,prior,north,-3.186497801348793,0.8186813186813187,0.5535714285714286,False,4.006372658142563,True,361536.56739189895,504872.12209708424,,4.522652026810819,4.442515416050393,
1892217645152325,2025,panoroma_coarse,361527.15932734055,504899.9309961172,251.75060327783478,-9.0737365324849,21.31033776483124,prior,north,9.0737365324849,0.4110535405872193,0.3390625,False,4.460888716755436,True,361521.716533789,504904.1209915615,,6.868774524479305,33.66195904729398,
1892217645152325,2025,panoroma_fine,361527.15932734055,504899.9309961172,251.75060327783478,-9.0737365324849,21.31033776483124,prior,north,9.0737365324849,0.4110535405872193,0.3390625,False,4.460888716755436,True,361525.22844875464,504906.87162447366,,7.204208082516939,7.953990418298629,
1892217645152325,2025,panoroma_two_pass,361527.15932734055,504899.9309961172,251.75060327783478,-9.0737365324849,21.31033776483124,prior,north,9.0737365324849,0.4110535405872193,0.3390625,False,4.460888716755436,True,361525.22844875464,504906.87162447366,,7.204208082516939,7.953990418298629,
1892217645152325,2024,panoroma_coarse,361527.15932734055,504899.9309961172,251.75060327783478,-9.0737365324849,21.31033776483124,prior,north,9.0737365324849,0.6158357771260997,0.36555891238670696,False,5.600403151960656,True,361522.98344516294,504897.6705049695,,4.748453663038565,7.12547109472877,
1892217645152325,2024,panoroma_fine,361527.15932734055,504899.9309961172,251.75060327783478,-9.0737365324849,21.31033776483124,prior,north,9.0737365324849,0.6158357771260997,0.36555891238670696,False,5.600403151960656,True,361528.5708376651,504898.05202887574,,2.3500806987813414,6.41201948371461,
1892217645152325,2024,panoroma_two_pass,361527.15932734055,504899.9309961172,251.75060327783478,-9.0737365324849,21.31033776483124,prior,north,9.0737365324849,0.6158357771260997,0.36555891238670696,False,5.600403151960656,True,361528.5708376651,504898.05202887574,,2.3500806987813414,6.41201948371461,
845278345272909,2025,panoroma_coarse,361517.99783600273,504929.75817886833,251.94198824508135,-2.310200403180687,21.380501203604464,prior,north,2.310200403180687,0.7099841521394612,0.4949784791965567,False,1.8416568578375638,True,361521.4232058413,504933.17317544157,,4.836875037254677,5.00346054007583,
845278345272909,2025,panoroma_fine,361517.99783600273,504929.75817886833,251.94198824508135,-2.310200403180687,21.380501203604464,prior,north,2.310200403180687,0.7099841521394612,0.4949784791965567,False,1.8416568578375638,True,361519.6745196158,504932.59542422625,,3.295637898690675,3.982774222783259,
845278345272909,2025,panoroma_two_pass,361517.99783600273,504929.75817886833,251.94198824508135,-2.310200403180687,21.380501203604464,prior,north,2.310200403180687,0.7099841521394612,0.4949784791965567,False,1.8416568578375638,True,361519.6745196158,504932.59542422625,,3.295637898690675,3.982774222783259,
845278345272909,2024,panoroma_coarse,361517.99783600273,504929.75817886833,251.94198824508135,-2.310200403180687,21.380501203604464,prior,north,2.310200403180687,0.7191011235955056,0.5455950540958269,False,1.1892509343210078,True,361519.6806017577,504934.03522440424,,4.596174398609528,3.302057821977758,
845278345272909,2024,panoroma_fine,361517.99783600273,504929.75817886833,251.94198824508135,-2.310200403180687,21.380501203604464,prior,north,2.310200403180687,0.7191011235955056,0.5455950540958269,False,1.1892509343210078,True,361518.7223210314,504933.33094048826,,3.6454772183596926,4.904649399210615,
845278345272909,2024,panoroma_two_pass,361517.99783600273,504929.75817886833,251.94198824508135,-2.310200403180687,21.380501203604464,prior,north,2.310200403180687,0.7191011235955056,0.5455950540958269,False,1.1892509343210078,True,361518.7223210314,504933.33094048826,,3.6454772183596926,4.904649399210615,
2612096309208434,2025,panoroma_coarse,361509.8059636109,504962.64188964665,260.82867997460966,-7.259085832096645,28.76716591413593,prior,north,7.259085832096645,0.6537678207739308,0.4141791044776119,False,3.3837633704672383,True,361516.1633178978,504962.5726695361,,6.357731116789963,12.386350557372731,
2612096309208434,2025,panoroma_fine,361509.8059636109,504962.64188964665,260.82867997460966,-7.259085832096645,28.76716591413593,prior,north,7.259085832096645,0.6537678207739308,0.4141791044776119,False,3.3837633704672383,True,361513.33861116535,504964.4357010503,,3.9619891589806313,8.406344229130882,
2612096309208434,2025,panoroma_two_pass,361509.8059636109,504962.64188964665,260.82867997460966,-7.259085832096645,28.76716591413593,prior,north,7.259085832096645,0.6537678207739308,0.4141791044776119,False,3.3837633704672383,True,361513.33861116535,504964.4357010503,,3.9619891589806313,8.406344229130882,
2612096309208434,2024,panoroma_coarse,361509.8059636109,504962.64188964665,260.82867997460966,-7.259085832096645,28.76716591413593,prior,north,7.259085832096645,0.6140035906642729,0.4045138888888889,False,4.316309506409276,True,361515.13898336835,504962.48965678137,,5.335192084529178,10.527876501374223,
2612096309208434,2024,panoroma_fine,361509.8059636109,504962.64188964665,260.82867997460966,-7.259085832096645,28.76716591413593,prior,north,7.259085832096645,0.6140035906642729,0.4045138888888889,False,4.316309506409276,True,361511.56705682393,504964.9128506483,,2.873797692249283,2.8611473054299448,
2612096309208434,2024,panoroma_two_pass,361509.8059636109,504962.64188964665,260.82867997460966,-7.259085832096645,28.76716591413593,prior,north,7.259085832096645,0.6140035906642729,0.4045138888888889,False,4.316309506409276,True,361511.56705682393,504964.9128506483,,2.873797692249283,2.8611473054299448,
1645304160505212,2025,panoroma_coarse,361502.2519723498,504994.43547046836,252.93062506393304,0.9030756828793471,23.126982233794703,prior,north,-0.9030756828793471,0.7195571955719557,0.40669014084507044,False,2.77914924883031,True,361502.7101675455,504992.13676807925,,2.3439231026325325,0.001137060629150263,
1645304160505212,2025,panoroma_fine,361502.2519723498,504994.43547046836,252.93062506393304,0.9030756828793471,23.126982233794703,prior,north,-0.9030756828793471,0.7195571955719557,0.40669014084507044,False,2.77914924883031,True,361503.20403074194,504994.8716848404,,1.0472335748878456,5.507789654243124,
1645304160505212,2025,panoroma_two_pass,361502.2519723498,504994.43547046836,252.93062506393304,0.9030756828793471,23.126982233794703,prior,north,-0.9030756828793471,0.7195571955719557,0.40669014084507044,False,2.77914924883031,True,361503.20403074194,504994.8716848404,,1.0472335748878456,5.507789654243124,
1645304160505212,2024,panoroma_coarse,361502.2519723498,504994.43547046836,252.93062506393304,0.9030756828793471,23.126982233794703,prior,north,-0.9030756828793471,0.7182835820895522,0.4973730297723292,False,0.910168926352925,True,361503.08004376845,504993.62055663246,,1.1618032683233197,2.487857866050356,
1645304160505212,2024,panoroma_fine,361502.2519723498,504994.43547046836,252.93062506393304,0.9030756828793471,23.126982233794703,prior,north,-0.9030756828793471,0.7182835820895522,0.4973730297723292,False,0.910168926352925,True,361503.3576927845,504994.4873429374,,1.1069365079925642,2.89243439531939,
1645304160505212,2024,panoroma_two_pass,361502.2519723498,504994.43547046836,252.93062506393304,0.9030756828793471,23.126982233794703,prior,north,-0.9030756828793471,0.7182835820895522,0.4973730297723292,False,0.910168926352925,True,361503.3576927845,504994.4873429374,,1.1069365079925642,2.89243439531939,
1368742985247867,2025,panoroma_coarse,361492.2334559488,505028.35266217124,253.1819735066803,-1.6750923090158665,31.475862592707085,prior,north,1.6750923090158665,0.5708061002178649,0.3540925266903915,False,4.095577909404733,True,361478.10034269496,505051.4877188475,,27.110435954838383,6.954748818535717,
1368742985247867,2025,panoroma_fine,361492.2334559488,505028.35266217124,253.1819735066803,-1.6750923090158665,31.475862592707085,prior,north,1.6750923090158665,0.5708061002178649,0.3540925266903915,False,4.095577909404733,True,361476.3442323086,505055.18769651273,,31.18631905174909,6.239709728223554,
1368742985247867,2025,panoroma_two_pass,361492.2334559488,505028.35266217124,253.1819735066803,-1.6750923090158665,31.475862592707085,prior,north,1.6750923090158665,0.5708061002178649,0.3540925266903915,False,4.095577909404733,True,361476.3442323086,505055.18769651273,,31.18631905174909,6.239709728223554,
1368742985247867,2024,panoroma_coarse,361492.2334559488,505028.35266217124,253.1819735066803,-1.6750923090158665,31.475862592707085,prior,north,1.6750923090158665,0.5337690631808278,0.3037037037037037,False,5.287553406360471,True,361478.1329072637,505054.4622743751,,29.673849137861335,7.986781707032351,
1368742985247867,2024,panoroma_fine,361492.2334559488,505028.35266217124,253.1819735066803,-1.6750923090158665,31.475862592707085,prior,north,1.6750923090158665,0.5337690631808278,0.3037037037037037,False,5.287553406360471,True,361475.9152690866,505059.2623058271,,34.95267219260257,6.34839762499048,
1368742985247867,2024,panoroma_two_pass,361492.2334559488,505028.35266217124,253.1819735066803,-1.6750923090158665,31.475862592707085,prior,north,1.6750923090158665,0.5337690631808278,0.3037037037037037,False,5.287553406360471,True,361475.9152690866,505059.2623058271,,34.95267219260257,6.34839762499048,
1094966510141854,2025,panoroma_coarse,361482.8214742172,505058.37402536254,250.83743577092525,-8.858758712488594,23.833040175420262,prior,north,8.858758712488594,0.7415329768270945,0.4066225165562914,False,3.5946434404875256,True,361482.5795160983,505051.66604957776,,6.712338106839957,9.130714381533554,
1094966510141854,2025,panoroma_fine,361482.8214742172,505058.37402536254,250.83743577092525,-8.858758712488594,23.833040175420262,prior,north,8.858758712488594,0.7415329768270945,0.4066225165562914,False,3.5946434404875256,True,361483.72159644426,505055.074438339,,3.4201600181345766,3.24219347189691,
1094966510141854,2025,panoroma_two_pass,361482.8214742172,505058.37402536254,250.83743577092525,-8.858758712488594,23.833040175420262,prior,north,8.858758712488594,0.7415329768270945,0.4066225165562914,False,3.5946434404875256,True,361483.72159644426,505055.074438339,,3.4201600181345766,3.24219347189691,
1094966510141854,2024,panoroma_coarse,361482.8214742172,505058.37402536254,250.83743577092525,-8.858758712488594,23.833040175420262,prior,north,8.858758712488594,0.7464788732394366,0.3972027972027972,False,5.090396550880447,True,361482.708594667,505051.8893483986,,6.485659343468257,0.9513228543276,
1094966510141854,2024,panoroma_fine,361482.8214742172,505058.37402536254,250.83743577092525,-8.858758712488594,23.833040175420262,prior,north,8.858758712488594,0.7464788732394366,0.3972027972027972,False,5.090396550880447,True,361480.56100083253,505056.50453829364,,2.933380613512581,2.184675913784534,
1094966510141854,2024,panoroma_two_pass,361482.8214742172,505058.37402536254,250.83743577092525,-8.858758712488594,23.833040175420262,prior,north,8.858758712488594,0.7464788732394366,0.3972027972027972,False,5.090396550880447,True,361480.56100083253,505056.50453829364,,2.933380613512581,2.184675913784534,
1576088213452988,2025,panoroma_coarse,361471.7362748644,505091.2981349118,251.55647181361104,3.049221332387475,18.721075740382243,prior,north,-3.049221332387475,0.4969249692496925,0.34678624813153963,False,4.314111998046637,True,361470.8287555019,505100.86045785923,,9.605290809979731,25.169294922121267,
1576088213452988,2025,panoroma_fine,361471.7362748644,505091.2981349118,251.55647181361104,3.049221332387475,18.721075740382243,prior,north,-3.049221332387475,0.4969249692496925,0.34678624813153963,False,4.314111998046637,True,361468.7442879992,505104.63756754284,,13.670861286682872,1.9543027925804803,
1576088213452988,2025,panoroma_two_pass,361471.7362748644,505091.2981349118,251.55647181361104,3.049221332387475,18.721075740382243,prior,north,-3.049221332387475,0.4969249692496925,0.34678624813153963,False,4.314111998046637,True,361468.7442879992,505104.63756754284,,13.670861286682872,1.9543027925804803,
1576088213452988,2024,panoroma_coarse,361471.7362748644,505091.2981349118,251.55647181361104,3.049221332387475,18.721075740382243,prior,north,-3.049221332387475,0.6615120274914089,0.4010327022375215,False,1.3026860750232343,True,361472.3324788311,505086.3898768228,,4.944335813631803,2.4156091488566696,
1576088213452988,2024,panoroma_fine,361471.7362748644,505091.2981349118,251.55647181361104,3.049221332387475,18.721075740382243,prior,north,-3.049221332387475,0.6615120274914089,0.4010327022375215,False,1.3026860750232343,True,361473.63512037357,505086.400648169,,5.252712695716707,7.837411365937994,
1576088213452988,2024,panoroma_two_pass,361471.7362748644,505091.2981349118,251.55647181361104,3.049221332387475,18.721075740382243,prior,north,-3.049221332387475,0.6615120274914089,0.4010327022375215,False,1.3026860750232343,True,361473.63512037357,505086.400648169,,5.252712695716707,7.837411365937994,
2326419104828349,2025,panoroma_coarse,361463.87377641036,505123.49797958974,285.5099973265701,1.0527138412930412,26.68045424726671,prior,north,-1.0527138412930412,0.6293279022403259,0.39078498293515357,False,1.6417332543425625,True,361463.6785108237,505127.9964118015,,4.502668210413388,0.6097264308175544,
2326419104828349,2025,panoroma_fine,361463.87377641036,505123.49797958974,285.5099973265701,1.0527138412930412,26.68045424726671,prior,north,-1.0527138412930412,0.6293279022403259,0.39078498293515357,False,1.6417332543425625,True,361463.95224449,505126.37765982596,,2.8807491217376278,0.908810649851056,
2326419104828349,2025,panoroma_two_pass,361463.87377641036,505123.49797958974,285.5099973265701,1.0527138412930412,26.68045424726671,prior,north,-1.0527138412930412,0.6293279022403259,0.39078498293515357,False,1.6417332543425625,True,361463.95224449,505126.37765982596,,2.8807491217376278,0.908810649851056,
2326419104828349,2024,panoroma_coarse,361463.87377641036,505123.49797958974,285.5099973265701,1.0527138412930412,26.68045424726671,prior,north,-1.0527138412930412,0.6645569620253164,0.31398809523809523,False,2.7382747241243104,True,361463.36220741074,505128.6228040873,,5.1502940665690335,2.092275093368908,
2326419104828349,2024,panoroma_fine,361463.87377641036,505123.49797958974,285.5099973265701,1.0527138412930412,26.68045424726671,prior,north,-1.0527138412930412,0.6645569620253164,0.31398809523809523,False,2.7382747241243104,True,361465.6259828582,505127.0821973276,,3.989591987662511,0.4179190607379228,
2326419104828349,2024,panoroma_two_pass,361463.87377641036,505123.49797958974,285.5099973265701,1.0527138412930412,26.68045424726671,prior,north,-1.0527138412930412,0.6645569620253164,0.31398809523809523,False,2.7382747241243104,True,361465.6259828582,505127.0821973276,,3.989591987662511,0.4179190607379228,
1611154070401669,2025,panoroma_coarse,361493.0522768595,505138.26740477607,322.2927948363659,5.1298490002480435,7.129906097234458,prior,north,-5.1298490002480435,0.7019748653500898,0.42495784148397975,False,1.3283761990788374,True,361493.192587984,505143.47452057444,,5.209005869581257,8.0220745903572,
1611154070401669,2025,panoroma_fine,361493.0522768595,505138.26740477607,322.2927948363659,5.1298490002480435,7.129906097234458,prior,north,-5.1298490002480435,0.7019748653500898,0.42495784148397975,False,1.3283761990788374,True,361494.49060109863,505143.7569126435,,5.674810414752339,13.547208737343386,
1611154070401669,2025,panoroma_two_pass,361493.0522768595,505138.26740477607,322.2927948363659,5.1298490002480435,7.129906097234458,prior,north,-5.1298490002480435,0.7019748653500898,0.42495784148397975,False,1.3283761990788374,True,361494.49060109863,505143.7569126435,,5.674810414752339,13.547208737343386,
1611154070401669,2024,panoroma_coarse,361493.0522768595,505138.26740477607,322.2927948363659,5.1298490002480435,7.129906097234458,prior,north,-5.1298490002480435,0.7504553734061931,0.47587354409317806,False,3.2256898006808736,True,361491.9768543545,505138.0781279666,,1.091952047907468,6.980580709097289,
1611154070401669,2024,panoroma_fine,361493.0522768595,505138.26740477607,322.2927948363659,5.1298490002480435,7.129906097234458,prior,north,-5.1298490002480435,0.7504553734061931,0.47587354409317806,False,3.2256898006808736,True,361494.32725297974,505140.2873588266,,2.3886771387980286,5.909092285752749,
1611154070401669,2024,panoroma_two_pass,361493.0522768595,505138.26740477607,322.2927948363659,5.1298490002480435,7.129906097234458,prior,north,-5.1298490002480435,0.7504553734061931,0.47587354409317806,False,3.2256898006808736,True,361494.32725297974,505140.2873588266,,2.3886771387980286,5.909092285752749,
2044825309733264,2025,panoroma_coarse,361517.82771305204,505160.52887198236,318.5141274465706,2.600160673080495,13.149040600903362,prior,north,-2.600160673080495,0.7718120805369127,0.4954268292682927,False,3.636861073797201,True,361520.3079168848,505165.6768068012,,5.7142492027097145,1.0482766117198101,
2044825309733264,2025,panoroma_fine,361517.82771305204,505160.52887198236,318.5141274465706,2.600160673080495,13.149040600903362,prior,north,-2.600160673080495,0.7718120805369127,0.4954268292682927,False,3.636861073797201,True,361517.28984654683,505163.64751877205,,3.1646892700993057,1.9334810019153865,
2044825309733264,2025,panoroma_two_pass,361517.82771305204,505160.52887198236,318.5141274465706,2.600160673080495,13.149040600903362,prior,north,-2.600160673080495,0.7718120805369127,0.4954268292682927,False,3.636861073797201,True,361517.28984654683,505163.64751877205,,3.1646892700993057,1.9334810019153865,
2044825309733264,2024,panoroma_coarse,361517.82771305204,505160.52887198236,318.5141274465706,2.600160673080495,13.149040600903362,prior,north,-2.600160673080495,0.8128161888701517,0.5083969465648855,False,0.7982836163522447,True,361518.8447973224,505163.60070928873,,3.2358375808814936,1.0617705637163837,
2044825309733264,2024,panoroma_fine,361517.82771305204,505160.52887198236,318.5141274465706,2.600160673080495,13.149040600903362,prior,north,-2.600160673080495,0.8128161888701517,0.5083969465648855,False,0.7982836163522447,True,361518.0666198505,505163.7787445504,,3.258642074086948,2.024715593744924,
2044825309733264,2024,panoroma_two_pass,361517.82771305204,505160.52887198236,318.5141274465706,2.600160673080495,13.149040600903362,prior,north,-2.600160673080495,0.8128161888701517,0.5083969465648855,False,0.7982836163522447,True,361518.0666198505,505163.7787445504,,3.258642074086948,2.024715593744924,
1353979803178810,2025,panoroma_coarse,361530.3587487028,505170.9117681952,148.200596317521,2.817757957417797,19.879731431761236,prior,north,-2.817757957417797,0.7097844112769486,0.44903988183161003,False,3.4663856516240847,True,361527.54806915176,505171.6512166435,,2.9063213081686223,6.191931822960686,
1353979803178810,2025,panoroma_fine,361530.3587487028,505170.9117681952,148.200596317521,2.817757957417797,19.879731431761236,prior,north,-2.817757957417797,0.7097844112769486,0.44903988183161003,False,3.4663856516240847,True,361525.34015602164,505174.3234720758,,6.068442622957707,1.2834678867318168,
1353979803178810,2025,panoroma_two_pass,361530.3587487028,505170.9117681952,148.200596317521,2.817757957417797,19.879731431761236,prior,north,-2.817757957417797,0.7097844112769486,0.44903988183161003,False,3.4663856516240847,True,361525.34015602164,505174.3234720758,,6.068442622957707,1.2834678867318168,
1353979803178810,2024,panoroma_coarse,361530.3587487028,505170.9117681952,148.200596317521,2.817757957417797,19.879731431761236,prior,north,-2.817757957417797,0.7452991452991453,0.3957703927492447,False,1.9604146210668099,True,361528.07961120637,505171.75186296937,,2.4290382782445303,3.4685161303062544,
1353979803178810,2024,panoroma_fine,361530.3587487028,505170.9117681952,148.200596317521,2.817757957417797,19.879731431761236,prior,north,-2.817757957417797,0.7452991452991453,0.3957703927492447,False,1.9604146210668099,True,361526.8287217381,505173.26133341447,,4.240465433323375,4.447195074219394,
1353979803178810,2024,panoroma_two_pass,361530.3587487028,505170.9117681952,148.200596317521,2.817757957417797,19.879731431761236,prior,north,-2.817757957417797,0.7452991452991453,0.3957703927492447,False,1.9604146210668099,True,361526.8287217381,505173.26133341447,,4.240465433323375,4.447195074219394,
1112299907902984,2025,panoroma_coarse,361505.03398144763,505148.4196676966,135.10897763472872,3.930005124713489,10.34373706356613,prior,north,-3.930005124713489,0.5644555694618273,0.3975346687211094,False,2.945370938081738,True,361501.4958764756,505147.13687446545,,3.763475158288572,9.463273943493519,
1112299907902984,2025,panoroma_fine,361505.03398144763,505148.4196676966,135.10897763472872,3.930005124713489,10.34373706356613,prior,north,-3.930005124713489,0.5644555694618273,0.3975346687211094,False,2.945370938081738,True,361502.9008700781,505149.72554264416,,2.501094459114959,4.661306367203576,
1112299907902984,2025,panoroma_two_pass,361505.03398144763,505148.4196676966,135.10897763472872,3.930005124713489,10.34373706356613,prior,north,-3.930005124713489,0.5644555694618273,0.3975346687211094,False,2.945370938081738,True,361502.9008700781,505149.72554264416,,2.501094459114959,4.661306367203576,
1112299907902984,2024,panoroma_coarse,361505.03398144763,505148.4196676966,135.10897763472872,3.930005124713489,10.34373706356613,prior,north,-3.930005124713489,0.38913043478260867,0.3367952522255193,False,3.1906820616622076,True,361510.9073969932,505155.39351124706,,9.117647944369224,5.284527140345451,
1112299907902984,2024,panoroma_fine,361505.03398144763,505148.4196676966,135.10897763472872,3.930005124713489,10.34373706356613,prior,north,-3.930005124713489,0.38913043478260867,0.3367952522255193,False,3.1906820616622076,True,361513.54898259806,505157.1830579804,,12.218930143756713,25.809306142540734,
1112299907902984,2024,panoroma_two_pass,361505.03398144763,505148.4196676966,135.10897763472872,3.930005124713489,10.34373706356613,prior,north,-3.930005124713489,0.38913043478260867,0.3367952522255193,False,3.1906820616622076,True,361513.54898259806,505157.1830579804,,12.218930143756713,25.809306142540734,
1099992155940572,2025,panoroma_coarse,361476.9349046636,505130.8601407418,162.9595274769371,8.887178876421416,20.092687879152262,prior,north,-8.887178876421416,0.6260744985673352,0.3350383631713555,False,1.3252618887219096,True,361478.1484592426,505130.9939310413,,1.220907269395835,12.356179691982215,
1099992155940572,2025,panoroma_fine,361476.9349046636,505130.8601407418,162.9595274769371,8.887178876421416,20.092687879152262,prior,north,-8.887178876421416,0.6260744985673352,0.3350383631713555,False,1.3252618887219096,True,361478.2694693247,505132.31365663157,,1.973264117245057,9.734498198398654,
1099992155940572,2025,panoroma_two_pass,361476.9349046636,505130.8601407418,162.9595274769371,8.887178876421416,20.092687879152262,prior,north,-8.887178876421416,0.6260744985673352,0.3350383631713555,False,1.3252618887219096,True,361478.2694693247,505132.31365663157,,1.973264117245057,9.734498198398654,
1099992155940572,2024,panoroma_coarse,361476.9349046636,505130.8601407418,162.9595274769371,8.887178876421416,20.092687879152262,prior,north,-8.887178876421416,0.7596491228070176,0.4723127035830619,False,2.1896814402145903,True,361478.0324329698,505130.2613205367,,1.2502615809858462,3.6947237561585027,
1099992155940572,2024,panoroma_fine,361476.9349046636,505130.8601407418,162.9595274769371,8.887178876421416,20.092687879152262,prior,north,-8.887178876421416,0.7596491228070176,0.4723127035830619,False,2.1896814402145903,True,361476.98087725026,505132.18198067805,,1.3226391404295352,13.84027172090649,
1099992155940572,2024,panoroma_two_pass,361476.9349046636,505130.8601407418,162.9595274769371,8.887178876421416,20.092687879152262,prior,north,-8.887178876421416,0.7596491228070176,0.4723127035830619,False,2.1896814402145903,True,361476.98087725026,505132.18198067805,,1.3226391404295352,13.84027172090649,
2090069028562856,2025,panoroma_coarse,361462.71241398016,505108.46205451246,77.33940240615863,-3.947619285778174,7.219451698844917,prior,north,3.94761928577816,0.6704545454545454,0.4179431072210066,False,3.571592809609042,True,361460.1583233134,505108.3769915487,,2.555506768105408,5.253340607419132,
2090069028562856,2025,panoroma_fine,361462.71241398016,505108.46205451246,77.33940240615863,-3.947619285778174,7.219451698844917,prior,north,3.94761928577816,0.6704545454545454,0.4179431072210066,False,3.571592809609042,True,361463.7010705926,505108.8300002828,,1.0549056769522382,5.5027690469052395,
2090069028562856,2025,panoroma_two_pass,361462.71241398016,505108.46205451246,77.33940240615863,-3.947619285778174,7.219451698844917,prior,north,3.94761928577816,0.6704545454545454,0.4179431072210066,False,3.571592809609042,True,361463.7010705926,505108.8300002828,,1.0549056769522382,5.5027690469052395,
2090069028562856,2024,panoroma_coarse,361462.71241398016,505108.46205451246,77.33940240615863,-3.947619285778174,7.219451698844917,prior,north,3.94761928577816,0.6505747126436782,0.4211618257261411,False,2.9500204408867328,True,361459.727748094,505108.6530171425,,2.9907686600630203,4.365810267034771,
2090069028562856,2024,panoroma_fine,361462.71241398016,505108.46205451246,77.33940240615863,-3.947619285778174,7.219451698844917,prior,north,3.94761928577816,0.6505747126436782,0.4211618257261411,False,2.9500204408867328,True,361462.5603227819,505109.4771174028,,1.0263938834489033,4.601866991041163,
2090069028562856,2024,panoroma_two_pass,361462.71241398016,505108.46205451246,77.33940240615863,-3.947619285778174,7.219451698844917,prior,north,3.94761928577816,0.6505747126436782,0.4211618257261411,False,2.9500204408867328,True,361462.5603227819,505109.4771174028,,1.0263938834489033,4.601866991041163,
28071381109150220,2025,panoroma_coarse,361468.2257658363,505078.0853922805,76.58461707839409,8.123714022458287,23.939479890668725,prior,north,-8.123714022458273,0.6615384615384615,0.42495479204339964,False,2.6964118308480334,True,361464.1961917859,505084.1920736687,,7.316353231278937,8.75465386122527,
28071381109150220,2025,panoroma_fine,361468.2257658363,505078.0853922805,76.58461707839409,8.123714022458287,23.939479890668725,prior,north,-8.123714022458273,0.6615384615384615,0.42495479204339964,False,2.6964118308480334,True,361464.96735127736,505081.6082877255,,4.798755854841378,0.32929443955399235,
28071381109150220,2025,panoroma_two_pass,361468.2257658363,505078.0853922805,76.58461707839409,8.123714022458287,23.939479890668725,prior,north,-8.123714022458273,0.6615384615384615,0.42495479204339964,False,2.6964118308480334,True,361464.96735127736,505081.6082877255,,4.798755854841378,0.32929443955399235,
28071381109150220,2024,panoroma_coarse,361468.2257658363,505078.0853922805,76.58461707839409,8.123714022458287,23.939479890668725,prior,north,-8.123714022458273,0.6563706563706564,0.36568457538994803,False,2.72349078532933,True,361464.6447943132,505083.52528564184,,6.5127411151056895,1.0968413299999118,
28071381109150220,2024,panoroma_fine,361468.2257658363,505078.0853922805,76.58461707839409,8.123714022458287,23.939479890668725,prior,north,-8.123714022458273,0.6563706563706564,0.36568457538994803,False,2.72349078532933,True,361465.7903697488,505081.0544438867,,3.8401069703091246,6.485419009947001,
28071381109150220,2024,panoroma_two_pass,361468.2257658363,505078.0853922805,76.58461707839409,8.123714022458287,23.939479890668725,prior,north,-8.123714022458273,0.6563706563706564,0.36568457538994803,False,2.72349078532933,True,361465.7903697488,505081.0544438867,,3.8401069703091246,6.485419009947001,
1120045207649869,2025,panoroma_coarse,361477.51365528506,505045.06929584127,72.0560999263658,7.635560614031732,15.767017748521466,prior,north,-7.635560614031732,0.5960698689956332,0.4703389830508475,False,1.6091025319778296,True,361476.34978377994,505045.0676737794,,1.163872635438373,8.691161840335095,
1120045207649869,2025,panoroma_fine,361477.51365528506,505045.06929584127,72.0560999263658,7.635560614031732,15.767017748521466,prior,north,-7.635560614031732,0.5960698689956332,0.4703389830508475,False,1.6091025319778296,True,361477.9427363593,505045.29507878894,,0.48485926591350087,4.490350918609696,
1120045207649869,2025,panoroma_two_pass,361477.51365528506,505045.06929584127,72.0560999263658,7.635560614031732,15.767017748521466,prior,north,-7.635560614031732,0.5960698689956332,0.4703389830508475,False,1.6091025319778296,True,361477.9427363593,505045.29507878894,,0.48485926591350087,4.490350918609696,
1120045207649869,2024,panoroma_coarse,361477.51365528506,505045.06929584127,72.0560999263658,7.635560614031732,15.767017748521466,prior,north,-7.635560614031732,0.5961123110151187,0.4515463917525773,False,1.9879864578962654,True,361475.6917874233,505044.6311140211,,1.8738211796529067,7.269109034653588,
1120045207649869,2024,panoroma_fine,361477.51365528506,505045.06929584127,72.0560999263658,7.635560614031732,15.767017748521466,prior,north,-7.635560614031732,0.5961123110151187,0.4515463917525773,False,1.9879864578962654,True,361477.46467244165,505045.5305409878,,0.4638387695506099,4.365186457847162,
1120045207649869,2024,panoroma_two_pass,361477.51365528506,505045.06929584127,72.0560999263658,7.635560614031732,15.767017748521466,prior,north,-7.635560614031732,0.5961123110151187,0.4515463917525773,False,1.9879864578962654,True,361477.46467244165,505045.5305409878,,0.4638387695506099,4.365186457847162,
2176435617086201,2025,panoroma_coarse,361465.31389726076,505019.4838384604,159.3120439262325,-1.7980828454648474,13.909927120831163,prior,north,1.7980828454648474,0.6196013289036545,0.34205933682373474,False,0.787764090175228,True,361464.6341902474,505020.5401160059,,1.2560747896439197,3.6332154433216837,
2176435617086201,2025,panoroma_fine,361465.31389726076,505019.4838384604,159.3120439262325,-1.7980828454648474,13.909927120831163,prior,north,1.7980828454648474,0.6196013289036545,0.34205933682373474,False,0.787764090175228,True,361465.13282505,505021.14998123323,,1.6759531273136516,12.61301646164901,
2176435617086201,2025,panoroma_two_pass,361465.31389726076,505019.4838384604,159.3120439262325,-1.7980828454648474,13.909927120831163,prior,north,1.7980828454648474,0.6196013289036545,0.34205933682373474,False,0.787764090175228,True,361465.13282505,505021.14998123323,,1.6759531273136516,12.61301646164901,
2176435617086201,2024,panoroma_coarse,361465.31389726076,505019.4838384604,159.3120439262325,-1.7980828454648474,13.909927120831163,prior,north,1.7980828454648474,0.6609880749574105,0.47627416520210897,False,0.7383426011678497,True,361464.3248231237,505019.8335589082,,1.0490815221930871,3.799627460805473,
2176435617086201,2024,panoroma_fine,361465.31389726076,505019.4838384604,159.3120439262325,-1.7980828454648474,13.909927120831163,prior,north,1.7980828454648474,0.6609880749574105,0.47627416520210897,False,0.7383426011678497,True,361464.81660717295,505020.3842841079,,1.02863977926895,3.027898258492354,
2176435617086201,2024,panoroma_two_pass,361465.31389726076,505019.4838384604,159.3120439262325,-1.7980828454648474,13.909927120831163,prior,north,1.7980828454648474,0.6609880749574105,0.47627416520210897,False,0.7383426011678497,True,361464.81660717295,505020.3842841079,,1.02863977926895,3.027898258492354,
1476656934564153,2025,panoroma_coarse,361435.5440886696,505009.21059400775,161.60204431611461,5.457368974822998,11.639224023998057,prior,north,-5.457368974822998,0.585464333781965,0.2926509186351706,False,3.572575810436006,True,361438.7498076714,505011.58579461195,,3.989763430188761,1.890637613404915,
1476656934564153,2025,panoroma_fine,361435.5440886696,505009.21059400775,161.60204431611461,5.457368974822998,11.639224023998057,prior,north,-5.457368974822998,0.585464333781965,0.2926509186351706,False,3.572575810436006,True,361435.3028460162,505010.6467774297,,1.4563038279314742,3.0345877476004057,
1476656934564153,2025,panoroma_two_pass,361435.5440886696,505009.21059400775,161.60204431611461,5.457368974822998,11.639224023998057,prior,north,-5.457368974822998,0.585464333781965,0.2926509186351706,False,3.572575810436006,True,361435.3028460162,505010.6467774297,,1.4563038279314742,3.0345877476004057,
1476656934564153,2024,panoroma_coarse,361435.5440886696,505009.21059400775,161.60204431611461,5.457368974822998,11.639224023998057,prior,north,-5.457368974822998,0.5860709592641261,0.37041719342604296,False,1.0936323481587256,True,361437.91667132056,505011.9647178445,,3.6351542668640273,6.479876726671808,
1476656934564153,2024,panoroma_fine,361435.5440886696,505009.21059400775,161.60204431611461,5.457368974822998,11.639224023998057,prior,north,-5.457368974822998,0.5860709592641261,0.37041719342604296,False,1.0936323481587256,True,361438.70817004767,505011.2100248752,,3.742877871476483,2.29264835713489,
1476656934564153,2024,panoroma_two_pass,361435.5440886696,505009.21059400775,161.60204431611461,5.457368974822998,11.639224023998057,prior,north,-5.457368974822998,0.5860709592641261,0.37041719342604296,False,1.0936323481587256,True,361438.70817004767,505011.2100248752,,3.742877871476483,2.29264835713489,
1555312799214362,2025,panoroma_coarse,361402.0505830572,504999.5467164507,164.80215097186715,-0.36491725174775524,20.2364739076955,prior,north,0.36491725174775524,0.5697674418604651,0.23672566371681417,False,3.9339696133495012,True,361417.07392339356,504999.71229877224,,15.024252805602243,5.636840259726363,
1555312799214362,2025,panoroma_fine,361402.0505830572,504999.5467164507,164.80215097186715,-0.36491725174775524,20.2364739076955,prior,north,0.36491725174775524,0.5697674418604651,0.23672566371681417,False,3.9339696133495012,True,361421.0041806904,504999.8831627521,,18.956583535904933,9.47056802718886,
1555312799214362,2025,panoroma_two_pass,361402.0505830572,504999.5467164507,164.80215097186715,-0.36491725174775524,20.2364739076955,prior,north,0.36491725174775524,0.5697674418604651,0.23672566371681417,False,3.9339696133495012,True,361421.0041806904,504999.8831627521,,18.956583535904933,9.47056802718886,
1555312799214362,2024,panoroma_coarse,361402.0505830572,504999.5467164507,164.80215097186715,-0.36491725174775524,20.2364739076955,prior,north,0.36491725174775524,0.5326757090012331,0.2952710495963091,False,2.1747304550532855,True,361411.796474341,505000.822693378,,9.82906475889163,12.642120699531262,
1555312799214362,2024,panoroma_fine,361402.0505830572,504999.5467164507,164.80215097186715,-0.36491725174775524,20.2364739076955,prior,north,0.36491725174775524,0.5326757090012331,0.2952710495963091,False,2.1747304550532855,True,361412.196634322,505002.9602912218,,10.704898364077186,3.6944590581424706,
1555312799214362,2024,panoroma_two_pass,361402.0505830572,504999.5467164507,164.80215097186715,-0.36491725174775524,20.2364739076955,prior,north,0.36491725174775524,0.5326757090012331,0.2952710495963091,False,2.1747304550532855,True,361412.196634322,505002.9602912218,,10.704898364077186,3.6944590581424706,
1626801685484071,2025,panoroma_coarse,361370.61223184236,504993.5602959525,175.96341037533338,-2.573595983101029,14.41569047560796,prior,north,2.573595983101029,0.551051051051051,0.4425981873111782,False,1.943052929154284,True,361370.00834777276,504992.3562206479,,1.347023870821236,0.7260525666414062,
1626801685484071,2025,panoroma_fine,361370.61223184236,504993.5602959525,175.96341037533338,-2.573595983101029,14.41569047560796,prior,north,2.573595983101029,0.551051051051051,0.4425981873111782,False,1.943052929154284,True,361369.82967645826,504994.29104137525,,1.0706922069749827,3.2016620747348026,
1626801685484071,2025,panoroma_two_pass,361370.61223184236,504993.5602959525,175.96341037533338,-2.573595983101029,14.41569047560796,prior,north,2.573595983101029,0.551051051051051,0.4425981873111782,False,1.943052929154284,True,361369.82967645826,504994.29104137525,,1.0706922069749827,3.2016620747348026,
1626801685484071,2024,panoroma_coarse,361370.61223184236,504993.5602959525,175.96341037533338,-2.573595983101029,14.41569047560796,prior,north,2.573595983101029,0.564958283671037,0.3143254520166898,False,1.293739898649741,True,361372.82824930246,504992.97340219177,,2.292417429230693,4.628818396961569,
1626801685484071,2024,panoroma_fine,361370.61223184236,504993.5602959525,175.96341037533338,-2.573595983101029,14.41569047560796,prior,north,2.573595983101029,0.564958283671037,0.3143254520166898,False,1.293739898649741,True,361373.4038055418,504994.13206432573,,2.849526766341401,4.214116045865286,
1626801685484071,2024,panoroma_two_pass,361370.61223184236,504993.5602959525,175.96341037533338,-2.573595983101029,14.41569047560796,prior,north,2.573595983101029,0.564958283671037,0.3143254520166898,False,1.293739898649741,True,361373.4038055418,504994.13206432573,,2.849526766341401,4.214116045865286,
1613966733737828,2025,panoroma_coarse,361336.7890929675,504998.1562380204,197.05928498559814,2.207815164005268,26.72184568245672,prior,north,-2.207815164005268,0.7373737373737373,0.4262788365095286,False,4.076911745357086,True,361327.36615060153,504998.3871235291,,9.425770575969421,0.8479884575664094,
1613966733737828,2025,panoroma_fine,361336.7890929675,504998.1562380204,197.05928498559814,2.207815164005268,26.72184568245672,prior,north,-2.207815164005268,0.7373737373737373,0.4262788365095286,False,4.076911745357086,True,361325.313862042,505001.90981015266,,12.073534219383285,2.6830223085549494,
1613966733737828,2025,panoroma_two_pass,361336.7890929675,504998.1562380204,197.05928498559814,2.207815164005268,26.72184568245672,prior,north,-2.207815164005268,0.7373737373737373,0.4262788365095286,False,4.076911745357086,True,361325.313862042,505001.90981015266,,12.073534219383285,2.6830223085549494,
1613966733737828,2024,panoroma_coarse,361336.7890929675,504998.1562380204,197.05928498559814,2.207815164005268,26.72184568245672,prior,north,-2.207815164005268,0.7358684480986639,0.4314586994727592,False,4.602434832799156,True,361331.23013645,504997.918033411,,5.564057781862284,3.5842691560993756,
1613966733737828,2024,panoroma_fine,361336.7890929675,504998.1562380204,197.05928498559814,2.207815164005268,26.72184568245672,prior,north,-2.207815164005268,0.7358684480986639,0.4314586994727592,False,4.602434832799156,True,361335.8282735184,504998.11688483733,,0.9616250240026855,3.5696508614860814,
1613966733737828,2024,panoroma_two_pass,361336.7890929675,504998.1562380204,197.05928498559814,2.207815164005268,26.72184568245672,prior,north,-2.207815164005268,0.7358684480986639,0.4314586994727592,False,4.602434832799156,True,361335.8282735184,504998.11688483733,,0.9616250240026855,3.5696508614860814,
1597169132134158,2025,panoroma_coarse,361306.71443197003,505011.736835639,207.23425306814022,-8.225999577309977,16.617344621785456,prior,north,8.225999577309977,0.7024673439767779,0.3987012987012987,False,0.7230265476836416,True,361312.20039463753,505007.62680803164,,6.854787620521662,12.350289208943504,
1597169132134158,2025,panoroma_fine,361306.71443197003,505011.736835639,207.23425306814022,-8.225999577309977,16.617344621785456,prior,north,8.225999577309977,0.7024673439767779,0.3987012987012987,False,0.7230265476836416,True,361312.72774870467,505008.12144433893,,7.016482908380714,0.6262636338761701,
1597169132134158,2025,panoroma_two_pass,361306.71443197003,505011.736835639,207.23425306814022,-8.225999577309977,16.617344621785456,prior,north,8.225999577309977,0.7024673439767779,0.3987012987012987,False,0.7230265476836416,True,361312.72774870467,505008.12144433893,,7.016482908380714,0.6262636338761701,
1597169132134158,2024,panoroma_coarse,361306.71443197003,505011.736835639,207.23425306814022,-8.225999577309977,16.617344621785456,prior,north,8.225999577309977,0.7245949926362297,0.5277777777777778,False,4.427706499120628,True,361310.45843282255,505008.6823157013,,4.8319389931194126,3.410006778769083,
1597169132134158,2024,panoroma_fine,361306.71443197003,505011.736835639,207.23425306814022,-8.225999577309977,16.617344621785456,prior,north,8.225999577309977,0.7245949926362297,0.5277777777777778,False,4.427706499120628,True,361306.21243928594,505009.9377533657,,1.867804508204233,8.281086121086325,
1597169132134158,2024,panoroma_two_pass,361306.71443197003,505011.736835639,207.23425306814022,-8.225999577309977,16.617344621785456,prior,north,8.225999577309977,0.7245949926362297,0.5277777777777778,False,4.427706499120628,True,361306.21243928594,505009.9377533657,,1.867804508204233,8.281086121086325,
1402659124563537,2025,panoroma_coarse,361277.040160692,505027.92995291576,208.03905708647943,8.65965665409513,8.855698734088296,prior,north,-8.65965665409513,0.6501210653753027,0.46238030095759236,False,2.4875046749280596,True,361279.9953492394,505026.28133227746,,3.3839458269264107,5.306105488974068,
1402659124563537,2025,panoroma_fine,361277.040160692,505027.92995291576,208.03905708647943,8.65965665409513,8.855698734088296,prior,north,-8.65965665409513,0.6501210653753027,0.46238030095759236,False,2.4875046749280596,True,361278.4872478447,505028.25954098516,,1.48414605850126,5.9137054777473095,
1402659124563537,2025,panoroma_two_pass,361277.040160692,505027.92995291576,208.03905708647943,8.65965665409513,8.855698734088296,prior,north,-8.65965665409513,0.6501210653753027,0.46238030095759236,False,2.4875046749280596,True,361278.4872478447,505028.25954098516,,1.48414605850126,5.9137054777473095,
1402659124563537,2024,panoroma_coarse,361277.040160692,505027.92995291576,208.03905708647943,8.65965665409513,8.855698734088296,prior,north,-8.65965665409513,0.6757940854326396,0.478134110787172,False,3.496507939918801,True,361267.14520871843,505032.4234551121,,10.867457685577515,10.740485403541097,
1402659124563537,2024,panoroma_fine,361277.040160692,505027.92995291576,208.03905708647943,8.65965665409513,8.855698734088296,prior,north,-8.65965665409513,0.6757940854326396,0.478134110787172,False,3.496507939918801,True,361264.491407809,505034.70005532017,,14.258523257488767,9.177271836364167,
1402659124563537,2024,panoroma_two_pass,361277.040160692,505027.92995291576,208.03905708647943,8.65965665409513,8.855698734088296,prior,north,-8.65965665409513,0.6757940854326396,0.478134110787172,False,3.496507939918801,True,361264.491407809,505034.70005532017,,14.258523257488767,9.177271836364167,
1791234278691271,2025,panoroma_coarse,361248.69493693695,505043.69381941203,209.6648863003122,1.7435768371426832,16.24948713467383,prior,north,-1.7435768371426832,0.7783783783783784,0.44798657718120805,False,0.893633920678025,True,361247.824183609,505041.8609026406,,2.029235138934032,2.756543070439898,
1791234278691271,2025,panoroma_fine,361248.69493693695,505043.69381941203,209.6648863003122,1.7435768371426832,16.24948713467383,prior,north,-1.7435768371426832,0.7783783783783784,0.44798657718120805,False,0.893633920678025,True,361248.6731345112,505041.581861515,,2.11207043077944,0.9224596758059094,
1791234278691271,2025,panoroma_two_pass,361248.69493693695,505043.69381941203,209.6648863003122,1.7435768371426832,16.24948713467383,prior,north,-1.7435768371426832,0.7783783783783784,0.44798657718120805,False,0.893633920678025,True,361248.6731345112,505041.581861515,,2.11207043077944,0.9224596758059094,
1791234278691271,2024,panoroma_coarse,361248.69493693695,505043.69381941203,209.6648863003122,1.7435768371426832,16.24948713467383,prior,north,-1.7435768371426832,0.7102803738317757,0.5024469820554649,False,0.6344536682011086,True,361245.26367592654,505042.30340664054,,3.7022695467357956,2.3385336441991456,
1791234278691271,2024,panoroma_fine,361248.69493693695,505043.69381941203,209.6648863003122,1.7435768371426832,16.24948713467383,prior,north,-1.7435768371426832,0.7102803738317757,0.5024469820554649,False,0.6344536682011086,True,361245.61280661635,505042.8331605632,,3.2000407758737657,4.356186828545325,
1791234278691271,2024,panoroma_two_pass,361248.69493693695,505043.69381941203,209.6648863003122,1.7435768371426832,16.24948713467383,prior,north,-1.7435768371426832,0.7102803738317757,0.5024469820554649,False,0.6344536682011086,True,361245.61280661635,505042.8331605632,,3.2000407758737657,4.356186828545325,
1405846657542303,2025,panoroma_coarse,361219.375578727,505062.97825993877,214.96344899372846,6.056737534159993,25.221231150621673,prior,north,-6.056737534159993,0.6785714285714286,0.36261682242990656,False,3.592241350232637,True,361211.9824636934,505062.7884971039,,7.395550002068719,0.09898450510286792,
1405846657542303,2025,panoroma_fine,361219.375578727,505062.97825993877,214.96344899372846,6.056737534159993,25.221231150621673,prior,north,-6.056737534159993,0.6785714285714286,0.36261682242990656,False,3.592241350232637,True,361215.53317293763,505063.3331637739,,3.8587613274543657,0.8607759182897815,
1405846657542303,2025,panoroma_two_pass,361219.375578727,505062.97825993877,214.96344899372846,6.056737534159993,25.221231150621673,prior,north,-6.056737534159993,0.6785714285714286,0.36261682242990656,False,3.592241350232637,True,361215.53317293763,505063.3331637739,,3.8587613274543657,0.8607759182897815,
1405846657542303,2024,panoroma_coarse,361219.375578727,505062.97825993877,214.96344899372846,6.056737534159993,25.221231150621673,prior,north,-6.056737534159993,0.6637744034707158,0.3542757417102967,False,1.3207676074040815,True,361210.7893517459,505063.87961533037,,8.633408093708356,0.0027114143415776573,
1405846657542303,2024,panoroma_fine,361219.375578727,505062.97825993877,214.96344899372846,6.056737534159993,25.221231150621673,prior,north,-6.056737534159993,0.6637744034707158,0.3542757417102967,False,1.3207676074040815,True,361210.86353552534,505065.19829794555,,8.796786243759835,9.769166851420074,
1405846657542303,2024,panoroma_two_pass,361219.375578727,505062.97825993877,214.96344899372846,6.056737534159993,25.221231150621673,prior,north,-6.056737534159993,0.6637744034707158,0.3542757417102967,False,1.3207676074040815,True,361210.86353552534,505065.19829794555,,8.796786243759835,9.769166851420074,
1998492840812168,2025,panoroma_coarse,361193.17285884917,505080.8191491077,211.75623618199398,1.3895225455157458,10.470201063665568,prior,north,-1.3895225455157458,0.6035502958579881,0.49498997995991983,False,3.818197392087106,True,361195.8130766882,505078.68654914055,,3.3939258768236487,1.4006605761896458,
1998492840812168,2025,panoroma_fine,361193.17285884917,505080.8191491077,211.75623618199398,1.3895225455157458,10.470201063665568,prior,north,-1.3895225455157458,0.6035502958579881,0.49498997995991983,False,3.818197392087106,True,361192.1997909721,505079.92056602007,,1.3245046842838886,0.2722401207342738,
1998492840812168,2025,panoroma_two_pass,361193.17285884917,505080.8191491077,211.75623618199398,1.3895225455157458,10.470201063665568,prior,north,-1.3895225455157458,0.6035502958579881,0.49498997995991983,False,3.818197392087106,True,361192.1997909721,505079.92056602007,,1.3245046842838886,0.2722401207342738,
1998492840812168,2024,panoroma_coarse,361193.17285884917,505080.8191491077,211.75623618199398,1.3895225455157458,10.470201063665568,prior,north,-1.3895225455157458,0.5434782608695652,0.3572778827977316,False,1.1036840738152685,True,361189.95819125784,505081.6897011372,,3.3304577101070905,8.094847382808137,
1998492840812168,2024,panoroma_fine,361193.17285884917,505080.8191491077,211.75623618199398,1.3895225455157458,10.470201063665568,prior,north,-1.3895225455157458,0.5434782608695652,0.3572778827977316,False,1.1036840738152685,True,361189.02336397517,505081.1030014811,,4.159192214751762,20.297335256021807,
1998492840812168,2024,panoroma_two_pass,361193.17285884917,505080.8191491077,211.75623618199398,1.3895225455157458,10.470201063665568,prior,north,-1.3895225455157458,0.5434782608695652,0.3572778827977316,False,1.1036840738152685,True,361189.02336397517,505081.1030014811,,4.159192214751762,20.297335256021807,
1805068834011537,2025,panoroma_coarse,361163.0245726018,505098.3813070329,208.45031946885874,8.009280813364882,21.666892470989286,prior,north,-8.009280813364882,0.608286252354049,0.4376321353065539,False,3.0103830611267655,True,361152.8428094682,505101.8215343917,,10.747253825436337,11.134961849668484,
1805068834011537,2025,panoroma_fine,361163.0245726018,505098.3813070329,208.45031946885874,8.009280813364882,21.666892470989286,prior,north,-8.009280813364882,0.608286252354049,0.4376321353065539,False,3.0103830611267655,True,361155.59076546173,505100.59224840696,,7.755627012363608,9.839651530425906,
1805068834011537,2025,panoroma_two_pass,361163.0245726018,505098.3813070329,208.45031946885874,8.009280813364882,21.666892470989286,prior,north,-8.009280813364882,0.608286252354049,0.4376321353065539,False,3.0103830611267655,True,361155.59076546173,505100.59224840696,,7.755627012363608,9.839651530425906,
1805068834011537,2024,panoroma_coarse,361163.0245726018,505098.3813070329,208.45031946885874,8.009280813364882,21.666892470989286,prior,north,-8.009280813364882,0.688659793814433,0.4493927125506073,False,1.1595438126871045,True,361150.5888058804,505104.2108071396,,13.734313431780176,7.457215843593733,
1805068834011537,2024,panoroma_fine,361163.0245726018,505098.3813070329,208.45031946885874,8.009280813364882,21.666892470989286,prior,north,-8.009280813364882,0.688659793814433,0.4493927125506073,False,1.1595438126871045,True,361149.4890717671,505103.8432112561,,14.595964530972047,12.104173777286622,
1805068834011537,2024,panoroma_two_pass,361163.0245726018,505098.3813070329,208.45031946885874,8.009280813364882,21.666892470989286,prior,north,-8.009280813364882,0.688659793814433,0.4493927125506073,False,1.1595438126871045,True,361149.4890717671,505103.8432112561,,14.595964530972047,12.104173777286622,
1577342996632443,2025,panoroma_coarse,361134.2897713471,505114.6866960563,208.9614748458836,-9.746158045026704,19.367283357091466,prior,north,9.746158045026704,0.29983792544570503,0.37938144329896906,False,4.213434232500342,True,361102.3787327839,505120.54465861205,,32.4442615493956,18.490462695231688,
1577342996632443,2025,panoroma_fine,361134.2897713471,505114.6866960563,208.9614748458836,-9.746158045026704,19.367283357091466,prior,north,9.746158045026704,0.29983792544570503,0.37938144329896906,False,4.213434232500342,True,361099.160609879,505123.2643484843,,36.16122379877677,6.853775065107122,
1577342996632443,2025,panoroma_two_pass,361134.2897713471,505114.6866960563,208.9614748458836,-9.746158045026704,19.367283357091466,prior,north,9.746158045026704,0.29983792544570503,0.37938144329896906,False,4.213434232500342,True,361099.160609879,505123.2643484843,,36.16122379877677,6.853775065107122,
1577342996632443,2024,panoroma_coarse,361134.2897713471,505114.6866960563,208.9614748458836,-9.746158045026704,19.367283357091466,prior,north,9.746158045026704,0.512014787430684,0.31985294117647056,False,2.668767570429828,True,361106.7861057887,505120.1936788434,,28.049571807128014,20.4199093440622,
1577342996632443,2024,panoroma_fine,361134.2897713471,505114.6866960563,208.9614748458836,-9.746158045026704,19.367283357091466,prior,north,9.746158045026704,0.512014787430684,0.31985294117647056,False,2.668767570429828,True,361109.3524003458,505119.46124960366,,25.390329537693574,4.394560098734058,
1577342996632443,2024,panoroma_two_pass,361134.2897713471,505114.6866960563,208.9614748458836,-9.746158045026704,19.367283357091466,prior,north,9.746158045026704,0.512014787430684,0.31985294117647056,False,2.668767570429828,True,361109.3524003458,505119.46124960366,,25.390329537693574,4.394560098734058,
1627218468984037,2025,panoroma_coarse,361104.2994642516,505131.69463421684,208.56185229796802,-9.51871752746277,17.942895650688364,prior,north,9.51871752746277,0.5740740740740741,0.3391472868217054,False,2.4970821119410345,True,361106.99338994105,505130.51082126494,,2.942558194040812,2.6354703447404133,
1627218468984037,2025,panoroma_fine,361104.2994642516,505131.69463421684,208.56185229796802,-9.51871752746277,17.942895650688364,prior,north,9.51871752746277,0.5740740740740741,0.3391472868217054,False,2.4970821119410345,True,361108.05959838885,505128.2528091703,,5.097525711665007,12.322714829979754,
1627218468984037,2025,panoroma_two_pass,361104.2994642516,505131.69463421684,208.56185229796802,-9.51871752746277,17.942895650688364,prior,north,9.51871752746277,0.5740740740740741,0.3391472868217054,False,2.4970821119410345,True,361108.05959838885,505128.2528091703,,5.097525711665007,12.322714829979754,
1627218468984037,2024,panoroma_coarse,361104.2994642516,505131.69463421684,208.56185229796802,-9.51871752746277,17.942895650688364,prior,north,9.51871752746277,0.6386554621848739,0.31640625,False,1.0350755112339494,True,361106.37137219677,505128.6857025666,,3.653282388359478,6.602279887006245,
1627218468984037,2024,panoroma_fine,361104.2994642516,505131.69463421684,208.56185229796802,-9.51871752746277,17.942895650688364,prior,north,9.51871752746277,0.6386554621848739,0.31640625,False,1.0350755112339494,True,361107.00245539524,505127.8652665175,,4.687239923369035,13.84056757236306,
1627218468984037,2024,panoroma_two_pass,361104.2994642516,505131.69463421684,208.56185229796802,-9.51871752746277,17.942895650688364,prior,north,9.51871752746277,0.6386554621848739,0.31640625,False,1.0350755112339494,True,361107.00245539524,505127.8652665175,,4.687239923369035,13.84056757236306,
2978326649172208,2025,panoroma_coarse,361076.50747162476,505147.5510879224,209.39059915242893,-2.7639669859896685,12.22159616334029,prior,north,2.7639669859896685,0.7429420505200595,0.4014925373134328,False,0.8519292540548095,True,361078.32852801745,505142.1398228819,,5.7094689528917995,17.726613634560028,
2978326649172208,2025,panoroma_fine,361076.50747162476,505147.5510879224,209.39059915242893,-2.7639669859896685,12.22159616334029,prior,north,2.7639669859896685,0.7429420505200595,0.4014925373134328,False,0.8519292540548095,True,361077.7414817425,505142.75720455067,,4.9501614875217195,4.0249849627797705,
2978326649172208,2025,panoroma_two_pass,361076.50747162476,505147.5510879224,209.39059915242893,-2.7639669859896685,12.22159616334029,prior,north,2.7639669859896685,0.7429420505200595,0.4014925373134328,False,0.8519292540548095,True,361077.7414817425,505142.75720455067,,4.9501614875217195,4.0249849627797705,
2978326649172208,2024,panoroma_coarse,361076.50747162476,505147.5510879224,209.39059915242893,-2.7639669859896685,12.22159616334029,prior,north,2.7639669859896685,0.7016949152542373,0.5952380952380952,False,0.9407751940003206,True,361079.5882652805,505141.23578139243,,7.026690979168898,3.343830284739616,
2978326649172208,2024,panoroma_fine,361076.50747162476,505147.5510879224,209.39059915242893,-2.7639669859896685,12.22159616334029,prior,north,2.7639669859896685,0.7016949152542373,0.5952380952380952,False,0.9407751940003206,True,361080.1965194135,505140.5180872547,,7.941799039221839,6.994901546271551,
2978326649172208,2024,panoroma_two_pass,361076.50747162476,505147.5510879224,209.39059915242893,-2.7639669859896685,12.22159616334029,prior,north,2.7639669859896685,0.7016949152542373,0.5952380952380952,False,0.9407751940003206,True,361080.1965194135,505140.5180872547,,7.941799039221839,6.994901546271551,
3754424991393145,2025,panoroma_coarse,361046.96864898404,505164.47608940955,209.01011630305157,-7.323402347842261,4.324208453072117,prior,north,7.323402347842261,0.6166365280289331,0.40589198036006546,False,2.5243356443482,True,361049.1117712236,505161.61134340055,,3.577672795237928,6.6669255405426435,
3754424991393145,2025,panoroma_fine,361046.96864898404,505164.47608940955,209.01011630305157,-7.323402347842261,4.324208453072117,prior,north,7.323402347842261,0.6166365280289331,0.40589198036006546,False,2.5243356443482,True,361047.25982948573,505163.3267390531,,1.185661134719581,9.728168463929867,
3754424991393145,2025,panoroma_two_pass,361046.96864898404,505164.47608940955,209.01011630305157,-7.323402347842261,4.324208453072117,prior,north,7.323402347842261,0.6166365280289331,0.40589198036006546,False,2.5243356443482,True,361047.25982948573,505163.3267390531,,1.185661134719581,9.728168463929867,
3754424991393145,2024,panoroma_coarse,361046.96864898404,505164.47608940955,209.01011630305157,-7.323402347842261,4.324208453072117,prior,north,7.323402347842261,0.690522243713733,0.3648424543946932,False,3.3998769363424115,True,361050.5557427573,505159.1610417916,,6.412251782254205,14.21979890954869,
3754424991393145,2024,panoroma_fine,361046.96864898404,505164.47608940955,209.01011630305157,-7.323402347842261,4.324208453072117,prior,north,7.323402347842261,0.690522243713733,0.3648424543946932,False,3.3998769363424115,True,361047.19753355946,505158.6303873221,,5.850181283008724,10.831745392701144,
3754424991393145,2024,panoroma_two_pass,361046.96864898404,505164.47608940955,209.01011630305157,-7.323402347842261,4.324208453072117,prior,north,7.323402347842261,0.690522243713733,0.3648424543946932,False,3.3998769363424115,True,361047.19753355946,505158.6303873221,,5.850181283008724,10.831745392701144,
1260741202845756,2025,panoroma_coarse,361019.00799381535,505180.367778033,209.07188553601975,9.974654424802111,20.2058472807065,prior,north,-9.974654424802111,0.4424019607843137,0.31683168316831684,False,3.5800893971006347,True,361022.51368795236,505175.117290248,,6.31328071315015,3.1257343606556756,
1260741202845756,2025,panoroma_fine,361019.00799381535,505180.367778033,209.07188553601975,9.974654424802111,20.2058472807065,prior,north,-9.974654424802111,0.4424019607843137,0.31683168316831684,False,3.5800893971006347,True,361022.60150554194,505178.6963024249,,3.9632256102491437,10.526216566147008,
1260741202845756,2025,panoroma_two_pass,361019.00799381535,505180.367778033,209.07188553601975,9.974654424802111,20.2058472807065,prior,north,-9.974654424802111,0.4424019607843137,0.31683168316831684,False,3.5800893971006347,True,361022.60150554194,505178.6963024249,,3.9632256102491437,10.526216566147008,
1260741202845756,2024,panoroma_coarse,361019.00799381535,505180.367778033,209.07188553601975,9.974654424802111,20.2058472807065,prior,north,-9.974654424802111,0.5971943887775552,0.3295081967213115,False,2.4211313829280563,True,361017.66262183955,505173.08352049696,,7.4074579718577995,5.71686787803174,
1260741202845756,2024,panoroma_fine,361019.00799381535,505180.367778033,209.07188553601975,9.974654424802111,20.2058472807065,prior,north,-9.974654424802111,0.5971943887775552,0.3295081967213115,False,2.4211313829280563,True,361016.37052260083,505175.1310450342,,5.863414270558179,10.356143318387424,
1260741202845756,2024,panoroma_two_pass,361019.00799381535,505180.367778033,209.07188553601975,9.974654424802111,20.2058472807065,prior,north,-9.974654424802111,0.5971943887775552,0.3295081967213115,False,2.4211313829280563,True,361016.37052260083,505175.1310450342,,5.863414270558179,10.356143318387424,
1556200629076514,2025,panoroma_coarse,360989.4216288107,505197.2621762613,208.21983132523448,3.866426053039504,23.963388304667205,prior,north,-3.866426053039504,0.3806228373702422,0.34657039711191334,False,3.547865134040431,True,360987.2786965711,505203.5993276264,,6.689667107402037,10.058109589437302,
1556200629076514,2025,panoroma_fine,360989.4216288107,505197.2621762613,208.21983132523448,3.866426053039504,23.963388304667205,prior,north,-3.866426053039504,0.3806228373702422,0.34657039711191334,False,3.547865134040431,True,360990.61882586486,505202.4031322784,,5.278513953431249,9.280435244915507,
1556200629076514,2025,panoroma_two_pass,360989.4216288107,505197.2621762613,208.21983132523448,3.866426053039504,23.963388304667205,prior,north,-3.866426053039504,0.3806228373702422,0.34657039711191334,False,3.547865134040431,True,360990.61882586486,505202.4031322784,,5.278513953431249,9.280435244915507,
1556200629076514,2024,panoroma_coarse,360989.4216288107,505197.2621762613,208.21983132523448,3.866426053039504,23.963388304667205,prior,north,-3.866426053039504,0.599483204134367,0.4163346613545817,False,3.7125397015237738,True,360984.4358445904,505204.7610285136,,9.005044663591663,8.477544746176108,
1556200629076514,2024,panoroma_fine,360989.4216288107,505197.2621762613,208.21983132523448,3.866426053039504,23.963388304667205,prior,north,-3.866426053039504,0.599483204134367,0.4163346613545817,False,3.7125397015237738,True,360981.03380274243,505206.24731997214,,12.291803515201414,3.4648210116254288,
1556200629076514,2024,panoroma_two_pass,360989.4216288107,505197.2621762613,208.21983132523448,3.866426053039504,23.963388304667205,prior,north,-3.866426053039504,0.599483204134367,0.4163346613545817,False,3.7125397015237738,True,360981.03380274243,505206.24731997214,,12.291803515201414,3.4648210116254288,
1058757126920400,2025,panoroma_coarse,360824.89545035467,505384.04269541893,252.00850508478257,-4.616044715374443,15.673634989496275,prior,north,4.616044715374443,0.5146771037181996,0.2678260869565217,False,4.13005964110643,True,360815.78451186203,505412.1780425041,,29.573754510050836,1.3413681197735141,
1058757126920400,2025,panoroma_fine,360824.89545035467,505384.04269541893,252.00850508478257,-4.616044715374443,15.673634989496275,prior,north,4.616044715374443,0.5146771037181996,0.2678260869565217,False,4.13005964110643,True,360812.52387342334,505409.64315994055,,28.433074042218653,1.3415014681149788,
1058757126920400,2025,panoroma_two_pass,360824.89545035467,505384.04269541893,252.00850508478257,-4.616044715374443,15.673634989496275,prior,north,4.616044715374443,0.5146771037181996,0.2678260869565217,False,4.13005964110643,True,360812.52387342334,505409.64315994055,,28.433074042218653,1.3415014681149788,
1058757126920400,2024,panoroma_coarse,360824.89545035467,505384.04269541893,252.00850508478257,-4.616044715374443,15.673634989496275,prior,north,4.616044715374443,0.5419847328244275,0.2867132867132867,False,4.865171907780904,True,360817.0642697715,505410.7477775643,,27.829638907389917,1.4621921935107243,
1058757126920400,2024,panoroma_fine,360824.89545035467,505384.04269541893,252.00850508478257,-4.616044715374443,15.673634989496275,prior,north,4.616044715374443,0.5419847328244275,0.2867132867132867,False,4.865171907780904,True,360812.2350227117,505411.33792206127,,30.088466653518452,4.16033885011047,
1058757126920400,2024,panoroma_two_pass,360824.89545035467,505384.04269541893,252.00850508478257,-4.616044715374443,15.673634989496275,prior,north,4.616044715374443,0.5419847328244275,0.2867132867132867,False,4.865171907780904,True,360812.2350227117,505411.33792206127,,30.088466653518452,4.16033885011047,
1100362855725571,2025,panoroma_coarse,360978.4813495051,505203.05984292924,206.0181185359829,-3.755703873765384,9.067933293211542,prior,north,3.755703873765384,0.496996996996997,0.2993827160493827,False,4.04819545113581,True,360978.18259533297,505202.495644472,,0.6384151897404222,9.285980370791345,
1100362855725571,2025,panoroma_fine,360978.4813495051,505203.05984292924,206.0181185359829,-3.755703873765384,9.067933293211542,prior,north,3.755703873765384,0.496996996996997,0.2993827160493827,False,4.04819545113581,True,360979.164990826,505198.5684590288,,4.5431150983606114,7.4440111527369055,
1100362855725571,2025,panoroma_two_pass,360978.4813495051,505203.05984292924,206.0181185359829,-3.755703873765384,9.067933293211542,prior,north,3.755703873765384,0.496996996996997,0.2993827160493827,False,4.04819545113581,True,360979.164990826,505198.5684590288,,4.5431150983606114,7.4440111527369055,
1100362855725571,2024,panoroma_coarse,360978.4813495051,505203.05984292924,206.0181185359829,-3.755703873765384,9.067933293211542,prior,north,3.755703873765384,0.5463320463320464,0.3613595706618962,False,2.6550195330893427,True,360980.01249991916,505197.6353692549,,5.636429386945646,3.50608520539465,
1100362855725571,2024,panoroma_fine,360978.4813495051,505203.05984292924,206.0181185359829,-3.755703873765384,9.067933293211542,prior,north,3.755703873765384,0.5463320463320464,0.3613595706618962,False,2.6550195330893427,True,360978.6938394589,505195.3309683975,,7.7317949732262505,3.5875263036669383,
1100362855725571,2024,panoroma_two_pass,360978.4813495051,505203.05984292924,206.0181185359829,-3.755703873765384,9.067933293211542,prior,north,3.755703873765384,0.5463320463320464,0.3613595706618962,False,2.6550195330893427,True,360978.6938394589,505195.3309683975,,7.7317949732262505,3.5875263036669383,
1041328292272541,2025,panoroma_coarse,360824.0357951551,505387.0502379555,253.4884275094645,0.2674387768103088,21.200510305914783,prior,north,-0.2674387768103088,0.4925373134328358,0.43243243243243246,False,0.5882504740999523,True,360810.77834511886,505411.2783405076,,27.618126923032115,8.575869440356398,
1041328292272541,2025,panoroma_fine,360824.0357951551,505387.0502379555,253.4884275094645,0.2674387768103088,21.200510305914783,prior,north,-0.2674387768103088,0.4925373134328358,0.43243243243243246,False,0.5882504740999523,True,360810.2997889041,505410.9362548903,,27.55394114705798,0.7845116596674497,
1041328292272541,2025,panoroma_two_pass,360824.0357951551,505387.0502379555,253.4884275094645,0.2674387768103088,21.200510305914783,prior,north,-0.2674387768103088,0.4925373134328358,0.43243243243243246,False,0.5882504740999523,True,360810.2997889041,505410.9362548903,,27.55394114705798,0.7845116596674497,
1041328292272541,2024,panoroma_coarse,360824.0357951551,505387.0502379555,253.4884275094645,0.2674387768103088,21.200510305914783,prior,north,-0.2674387768103088,0.4458204334365325,0.31274900398406374,False,1.3160128677795113,True,360809.32749885553,505410.98190658295,,28.090189449852684,3.2154458356492754,
1041328292272541,2024,panoroma_fine,360824.0357951551,505387.0502379555,253.4884275094645,0.2674387768103088,21.200510305914783,prior,north,-0.2674387768103088,0.4458204334365325,0.31274900398406374,False,1.3160128677795113,True,360810.29585818184,505411.8730687923,,28.371795832820634,0.2668582893530761,
1041328292272541,2024,panoroma_two_pass,360824.0357951551,505387.0502379555,253.4884275094645,0.2674387768103088,21.200510305914783,prior,north,-0.2674387768103088,0.4458204334365325,0.31274900398406374,False,1.3160128677795113,True,360810.29585818184,505411.8730687923,,28.371795832820634,0.2668582893530761,
1978181079545268,2025,panoroma_coarse,360981.2749126579,505201.62867444754,206.61423474529838,9.644586374877946,12.953828725393263,prior,north,-9.644586374877946,0.566,0.4,False,3.702883646173197,True,360977.8091127135,505196.47116567433,,6.21382861047933,4.055818688706044,
1978181079545268,2025,panoroma_fine,360981.2749126579,505201.62867444754,206.61423474529838,9.644586374877946,12.953828725393263,prior,north,-9.644586374877946,0.566,0.4,False,3.702883646173197,True,360981.1075707966,505194.788453111,,6.8422679888403035,11.04691625579674,
1978181079545268,2025,panoroma_two_pass,360981.2749126579,505201.62867444754,206.61423474529838,9.644586374877946,12.953828725393263,prior,north,-9.644586374877946,0.566,0.4,False,3.702883646173197,True,360981.1075707966,505194.788453111,,6.8422679888403035,11.04691625579674,
1978181079545268,2024,panoroma_coarse,360981.2749126579,505201.62867444754,206.61423474529838,9.644586374877946,12.953828725393263,prior,north,-9.644586374877946,0.6174757281553398,0.47708333333333336,False,0.1988280029245079,True,360981.3487995621,505194.68106904486,,6.947998280503504,11.115585527599563,
1978181079545268,2024,panoroma_fine,360981.2749126579,505201.62867444754,206.61423474529838,9.644586374877946,12.953828725393263,prior,north,-9.644586374877946,0.6174757281553398,0.47708333333333336,False,0.1988280029245079,True,360981.16778475593,505194.59881204093,,7.030678618966073,5.091734653577932,
1978181079545268,2024,panoroma_two_pass,360981.2749126579,505201.62867444754,206.61423474529838,9.644586374877946,12.953828725393263,prior,north,-9.644586374877946,0.6174757281553398,0.47708333333333336,False,0.1988280029245079,True,360981.16778475593,505194.59881204093,,7.030678618966073,5.091734653577932,
1624858092548608,2025,panoroma_coarse,360823.1726704277,505390.1981357848,254.17234934972836,7.1797413139955495,23.853490713467735,prior,north,-7.1797413139955495,0.4960159362549801,0.27073552425665104,False,1.821060231842148,True,360811.22535660403,505414.1881847808,,26.800387281378352,3.255104486664183,
1624858092548608,2025,panoroma_fine,360823.1726704277,505390.1981357848,254.17234934972836,7.1797413139955495,23.853490713467735,prior,north,-7.1797413139955495,0.4960159362549801,0.27073552425665104,False,1.821060231842148,True,360811.86949082627,505412.4848493847,,24.989187105324973,9.590536928769977,
1624858092548608,2025,panoroma_two_pass,360823.1726704277,505390.1981357848,254.17234934972836,7.1797413139955495,23.853490713467735,prior,north,-7.1797413139955495,0.4960159362549801,0.27073552425665104,False,1.821060231842148,True,360811.86949082627,505412.4848493847,,24.989187105324973,9.590536928769977,
1624858092548608,2024,panoroma_coarse,360823.1726704277,505390.1981357848,254.17234934972836,7.1797413139955495,23.853490713467735,prior,north,-7.1797413139955495,0.4379263301500682,0.3143350604490501,False,3.2877112295228508,True,360810.32551985036,505415.22210107394,,28.129132882974563,0.9933433086579487,
1624858092548608,2024,panoroma_fine,360823.1726704277,505390.1981357848,254.17234934972836,7.1797413139955495,23.853490713467735,prior,north,-7.1797413139955495,0.4379263301500682,0.3143350604490501,False,3.2877112295228508,True,360810.44622080127,505411.936606224,,25.18975222443624,3.3594391822493863,
1624858092548608,2024,panoroma_two_pass,360823.1726704277,505390.1981357848,254.17234934972836,7.1797413139955495,23.853490713467735,prior,north,-7.1797413139955495,0.4379263301500682,0.3143350604490501,False,3.2877112295228508,True,360810.44622080127,505411.936606224,,25.18975222443624,3.3594391822493863,
1132747332749947,2025,panoroma_coarse,360984.0406199746,505200.1745466972,207.17550998792115,-8.78091025217077,21.611662427442003,prior,north,8.78091025217077,0.5679886685552408,0.39928698752228164,False,4.487376584212862,True,360989.30888141075,505189.367859044,,12.02244054229171,11.96623711203079,
1132747332749947,2025,panoroma_fine,360984.0406199746,505200.1745466972,207.17550998792115,-8.78091025217077,21.611662427442003,prior,north,8.78091025217077,0.5679886685552408,0.39928698752228164,False,4.487376584212862,True,360986.2279069294,505192.6303956114,,7.85483544242658,7.841280990923636,
1132747332749947,2025,panoroma_two_pass,360984.0406199746,505200.1745466972,207.17550998792115,-8.78091025217077,21.611662427442003,prior,north,8.78091025217077,0.5679886685552408,0.39928698752228164,False,4.487376584212862,True,360986.2279069294,505192.6303956114,,7.85483544242658,7.841280990923636,
1132747332749947,2024,panoroma_coarse,360984.0406199746,505200.1745466972,207.17550998792115,-8.78091025217077,21.611662427442003,prior,north,8.78091025217077,0.6705882352941176,0.46564885496183206,False,3.715497501101911,True,360988.79199832596,505191.56654220034,,9.832260048196707,10.446341359206524,
1132747332749947,2024,panoroma_fine,360984.0406199746,505200.1745466972,207.17550998792115,-8.78091025217077,21.611662427442003,prior,north,8.78091025217077,0.6705882352941176,0.46564885496183206,False,3.715497501101911,True,360985.12038365274,505192.13589918154,,8.110841108130684,9.106652406125573,
1132747332749947,2024,panoroma_two_pass,360984.0406199746,505200.1745466972,207.17550998792115,-8.78091025217077,21.611662427442003,prior,north,8.78091025217077,0.6705882352941176,0.46564885496183206,False,3.715497501101911,True,360985.12038365274,505192.13589918154,,8.110841108130684,9.106652406125573,
1999264247459733,2025,panoroma_coarse,360822.3839241866,505393.22124050464,254.44886624505065,4.525898695169161,16.108094445687676,prior,north,-4.525898695169161,0.3404255319148936,0.3911368015414258,False,0.9659890522512855,True,360808.9483863347,505419.220624177,,29.265707384456103,8.255613262699544,
1999264247459733,2025,panoroma_fine,360822.3839241866,505393.22124050464,254.44886624505065,4.525898695169161,16.108094445687676,prior,north,-4.525898695169161,0.3404255319148936,0.3911368015414258,False,0.9659890522512855,True,360808.2163644736,505419.8509247752,,30.163882915970177,5.58562465102828,
1999264247459733,2025,panoroma_two_pass,360822.3839241866,505393.22124050464,254.44886624505065,4.525898695169161,16.108094445687676,prior,north,-4.525898695169161,0.3404255319148936,0.3911368015414258,False,0.9659890522512855,True,360808.2163644736,505419.8509247752,,30.163882915970177,5.58562465102828,
1999264247459733,2024,panoroma_coarse,360822.3839241866,505393.22124050464,254.44886624505065,4.525898695169161,16.108094445687676,prior,north,-4.525898695169161,0.33774834437086093,0.3313953488372093,False,4.125271069701772,True,360809.8513581139,505416.49940994236,,26.43744285547579,3.3513379842589193,
1999264247459733,2024,panoroma_fine,360822.3839241866,505393.22124050464,254.44886624505065,4.525898695169161,16.108094445687676,prior,north,-4.525898695169161,0.33774834437086093,0.3313953488372093,False,4.125271069701772,True,360807.80202723714,505420.079647973,,30.56150798603781,6.453923943216973,
1999264247459733,2024,panoroma_two_pass,360822.3839241866,505393.22124050464,254.44886624505065,4.525898695169161,16.108094445687676,prior,north,-4.525898695169161,0.33774834437086093,0.3313953488372093,False,4.125271069701772,True,360807.80202723714,505420.079647973,,30.56150798603781,6.453923943216973,
1069879799117962,2025,panoroma_coarse,360820.8094764566,505399.36092613544,254.80554887126746,5.634211228274609,10.055771934509213,prior,north,-5.634211228274609,0.6278118609406953,0.3597122302158273,False,1.8929176595503765,True,360817.4855046403,505383.35384541214,,16.348560239899648,1.057613637508306,
1069879799117962,2025,panoroma_fine,360820.8094764566,505399.36092613544,254.80554887126746,5.634211228274609,10.055771934509213,prior,north,-5.634211228274609,0.6278118609406953,0.3597122302158273,False,1.8929176595503765,True,360818.90106951963,505384.6105527521,,14.873316105870032,1.4756978476795433,
1069879799117962,2025,panoroma_two_pass,360820.8094764566,505399.36092613544,254.80554887126746,5.634211228274609,10.055771934509213,prior,north,-5.634211228274609,0.6278118609406953,0.3597122302158273,False,1.8929176595503765,True,360818.90106951963,505384.6105527521,,14.873316105870032,1.4756978476795433,
1069879799117962,2024,panoroma_coarse,360820.8094764566,505399.36092613544,254.80554887126746,5.634211228274609,10.055771934509213,prior,north,-5.634211228274609,0.6093117408906883,0.457089552238806,False,3.665596890283645,True,360817.3685542019,505382.10696141486,,17.593727420363614,3.0358820368355723,
1069879799117962,2024,panoroma_fine,360820.8094764566,505399.36092613544,254.80554887126746,5.634211228274609,10.055771934509213,prior,north,-5.634211228274609,0.6093117408906883,0.457089552238806,False,3.665596890283645,True,360818.09338409326,505385.7001803326,,13.92814178620328,2.3764078659511716,
1069879799117962,2024,panoroma_two_pass,360820.8094764566,505399.36092613544,254.80554887126746,5.634211228274609,10.055771934509213,prior,north,-5.634211228274609,0.6093117408906883,0.457089552238806,False,3.665596890283645,True,360818.09338409326,505385.7001803326,,13.92814178620328,2.3764078659511716,
946071411273849,2025,panoroma_coarse,360812.4749577944,505432.53320290986,255.0794710465457,-3.0094849031974036,27.06803760713839,prior,north,3.0094849031974036,0.6020408163265306,0.40148698884758366,False,2.880803579478869,True,360805.80856231245,505439.30961532384,,9.50581895084916,3.401791028072059,
946071411273849,2025,panoroma_fine,360812.4749577944,505432.53320290986,255.0794710465457,-3.0094849031974036,27.06803760713839,prior,north,3.0094849031974036,0.6020408163265306,0.40148698884758366,False,2.880803579478869,True,360805.985690606,505442.1849683163,,11.630441268639132,1.8508855421947799,
946071411273849,2025,panoroma_two_pass,360812.4749577944,505432.53320290986,255.0794710465457,-3.0094849031974036,27.06803760713839,prior,north,3.0094849031974036,0.6020408163265306,0.40148698884758366,False,2.880803579478869,True,360805.985690606,505442.1849683163,,11.630441268639132,1.8508855421947799,
946071411273849,2024,panoroma_coarse,360812.4749577944,505432.53320290986,255.0794710465457,-3.0094849031974036,27.06803760713839,prior,north,3.0094849031974036,0.546692607003891,0.35084745762711866,False,3.6382813078681786,True,360804.95189842355,505438.93802686594,,9.880191911395139,1.2141656708076907,
946071411273849,2024,panoroma_fine,360812.4749577944,505432.53320290986,255.0794710465457,-3.0094849031974036,27.06803760713839,prior,north,3.0094849031974036,0.546692607003891,0.35084745762711866,False,3.6382813078681786,True,360805.0214520303,505442.57564327936,,12.506212726112524,2.005039453195078,
946071411273849,2024,panoroma_two_pass,360812.4749577944,505432.53320290986,255.0794710465457,-3.0094849031974036,27.06803760713839,prior,north,3.0094849031974036,0.546692607003891,0.35084745762711866,False,3.6382813078681786,True,360805.0214520303,505442.57564327936,,12.506212726112524,2.005039453195078,
28630049443257593,2025,panoroma_coarse,360803.7528703903,505466.15015777014,254.4464986745188,-6.098766869888834,3.470913553345336,prior,north,6.098766869888834,0.592436974789916,0.4025735294117647,False,0.7872610520087399,True,360798.97613477893,505466.27176100697,,4.7782832113843225,10.950420126585326,
28630049443257593,2025,panoroma_fine,360803.7528703903,505466.15015777014,254.4464986745188,-6.098766869888834,3.470913553345336,prior,north,6.098766869888834,0.592436974789916,0.4025735294117647,False,0.7872610520087399,True,360798.6513217251,505466.9888917092,,5.170036112441049,4.020809692452017,
28630049443257593,2025,panoroma_two_pass,360803.7528703903,505466.15015777014,254.4464986745188,-6.098766869888834,3.470913553345336,prior,north,6.098766869888834,0.592436974789916,0.4025735294117647,False,0.7872610520087399,True,360798.6513217251,505466.9888917092,,5.170036112441049,4.020809692452017,
28630049443257593,2024,panoroma_coarse,360803.7528703903,505466.15015777014,254.4464986745188,-6.098766869888834,3.470913553345336,prior,north,6.098766869888834,0.5801393728222997,0.3576271186440678,False,1.5911718069885503,True,360798.1822803686,505465.26298156823,,5.640793809688944,5.719994746383492,
28630049443257593,2024,panoroma_fine,360803.7528703903,505466.15015777014,254.4464986745188,-6.098766869888834,3.470913553345336,prior,north,6.098766869888834,0.5801393728222997,0.3576271186440678,False,1.5911718069885503,True,360799.70683355577,505465.7185749163,,4.06898977955974,1.830852399713714,
28630049443257593,2024,panoroma_two_pass,360803.7528703903,505466.15015777014,254.4464986745188,-6.098766869888834,3.470913553345336,prior,north,6.098766869888834,0.5801393728222997,0.3576271186440678,False,1.5911718069885503,True,360799.70683355577,505465.7185749163,,4.06898977955974,1.830852399713714,
2325916388183213,2025,panoroma_coarse,360795.28008992714,505498.1880449727,254.86163925606502,6.214781891097573,18.240725304295992,prior,north,-6.214781891097573,0.6411657559198543,0.3934142114384749,False,2.5249483696853954,True,360790.8428099835,505487.4335686294,,11.633925163844381,4.409617063214254,
2325916388183213,2025,panoroma_fine,360795.28008992714,505498.1880449727,254.86163925606502,6.214781891097573,18.240725304295992,prior,north,-6.214781891097573,0.6411657559198543,0.3934142114384749,False,2.5249483696853954,True,360789.9354880392,505489.7898646972,,9.954607037969646,4.044052704739363,
2325916388183213,2025,panoroma_two_pass,360795.28008992714,505498.1880449727,254.86163925606502,6.214781891097573,18.240725304295992,prior,north,-6.214781891097573,0.6411657559198543,0.3934142114384749,False,2.5249483696853954,True,360789.9354880392,505489.7898646972,,9.954607037969646,4.044052704739363,
2325916388183213,2024,panoroma_coarse,360795.28008992714,505498.1880449727,254.86163925606502,6.214781891097573,18.240725304295992,prior,north,-6.214781891097573,0.5428109854604201,0.3349206349206349,False,2.2754092147397476,True,360799.6790420228,505483.6431113413,,15.19558731614781,7.443516773859924,
2325916388183213,2024,panoroma_fine,360795.28008992714,505498.1880449727,254.86163925606502,6.214781891097573,18.240725304295992,prior,north,-6.214781891097573,0.5428109854604201,0.3349206349206349,False,2.2754092147397476,True,360801.62324989366,505484.8252885062,,14.791853796724169,21.064003634971446,
2325916388183213,2024,panoroma_two_pass,360795.28008992714,505498.1880449727,254.86163925606502,6.214781891097573,18.240725304295992,prior,north,-6.214781891097573,0.5428109854604201,0.3349206349206349,False,2.2754092147397476,True,360801.62324989366,505484.8252885062,,14.791853796724169,21.064003634971446,
1975241993146792,2025,panoroma_coarse,360790.9305160588,505531.0259289183,275.5645292688212,-9.310324339458248,14.384811499204622,prior,north,9.310324339458248,0.6547008547008547,0.38879736408566723,False,2.7906156288893165,True,360800.43571623403,505544.77185055526,,16.71224676760285,3.049624677019386,
1975241993146792,2025,panoroma_fine,360790.9305160588,505531.0259289183,275.5645292688212,-9.310324339458248,14.384811499204622,prior,north,9.310324339458248,0.6547008547008547,0.38879736408566723,False,2.7906156288893165,True,360797.93163422093,505546.0035602856,,16.533151450821556,10.718489306816863,
1975241993146792,2025,panoroma_two_pass,360790.9305160588,505531.0259289183,275.5645292688212,-9.310324339458248,14.384811499204622,prior,north,9.310324339458248,0.6547008547008547,0.38879736408566723,False,2.7906156288893165,True,360797.93163422093,505546.0035602856,,16.533151450821556,10.718489306816863,
1975241993146792,2024,panoroma_coarse,360790.9305160588,505531.0259289183,275.5645292688212,-9.310324339458248,14.384811499204622,prior,north,9.310324339458248,0.7168316831683168,0.4066115702479339,False,3.145509854605734,True,360802.4823960684,505555.9832050111,,27.501119281409093,9.42135528367651,
1975241993146792,2024,panoroma_fine,360790.9305160588,505531.0259289183,275.5645292688212,-9.310324339458248,14.384811499204622,prior,north,9.310324339458248,0.7168316831683168,0.4066115702479339,False,3.145509854605734,True,360800.15463359136,505558.09880282165,,28.601133642612307,6.26278941446279,
1975241993146792,2024,panoroma_two_pass,360790.9305160588,505531.0259289183,275.5645292688212,-9.310324339458248,14.384811499204622,prior,north,9.310324339458248,0.7168316831683168,0.4066115702479339,False,3.145509854605734,True,360800.15463359136,505558.09880282165,,28.601133642612307,6.26278941446279,
2266652857522078,2025,panoroma_coarse,360801.94835124625,505561.35963224806,291.8080147247711,6.541867417117373,20.22785191795692,prior,north,-6.541867417117373,0.634584013050571,0.4177777777777778,False,3.868249221515207,True,360806.6060069435,505573.7170094204,,13.206003451970346,3.132050651366325,
2266652857522078,2025,panoroma_fine,360801.94835124625,505561.35963224806,291.8080147247711,6.541867417117373,20.22785191795692,prior,north,-6.541867417117373,0.634584013050571,0.4177777777777778,False,3.868249221515207,True,360802.7531053413,505574.06124957406,,12.727085756360573,4.7853072047505485,
2266652857522078,2025,panoroma_two_pass,360801.94835124625,505561.35963224806,291.8080147247711,6.541867417117373,20.22785191795692,prior,north,-6.541867417117373,0.634584013050571,0.4177777777777778,False,3.868249221515207,True,360802.7531053413,505574.06124957406,,12.727085756360573,4.7853072047505485,
2266652857522078,2024,panoroma_coarse,360801.94835124625,505561.35963224806,291.8080147247711,6.541867417117373,20.22785191795692,prior,north,-6.541867417117373,0.5577464788732395,0.36378205128205127,False,3.376436084037378,True,360805.0866412205,505576.5210861314,,15.482846889995514,14.524725713252485,
2266652857522078,2024,panoroma_fine,360801.94835124625,505561.35963224806,291.8080147247711,6.541867417117373,20.22785191795692,prior,north,-6.541867417117373,0.5577464788732395,0.36378205128205127,False,3.376436084037378,True,360802.4034267493,505574.4715299036,,13.119792446626354,10.578757246946891,
2266652857522078,2024,panoroma_two_pass,360801.94835124625,505561.35963224806,291.8080147247711,6.541867417117373,20.22785191795692,prior,north,-6.541867417117373,0.5577464788732395,0.36378205128205127,False,3.376436084037378,True,360802.4034267493,505574.4715299036,,13.119792446626354,10.578757246946891,
2664235027388592,2025,panoroma_coarse,360814.3610915972,505591.13648182247,292.5960751883997,-7.8540605103696635,19.085480397872484,prior,north,7.8540605103696635,0.7708333333333334,0.5173824130879345,False,1.8503330791018495,True,360808.09529431054,505586.5439101203,,7.768650492631172,4.994288509058009,
2664235027388592,2025,panoroma_fine,360814.3610915972,505591.13648182247,292.5960751883997,-7.8540605103696635,19.085480397872484,prior,north,7.8540605103696635,0.7708333333333334,0.5173824130879345,False,1.8503330791018495,True,360809.4185700544,505585.2505912079,,7.685845921415181,5.100702424195835,
2664235027388592,2025,panoroma_two_pass,360814.3610915972,505591.13648182247,292.5960751883997,-7.8540605103696635,19.085480397872484,prior,north,7.8540605103696635,0.7708333333333334,0.5173824130879345,False,1.8503330791018495,True,360809.4185700544,505585.2505912079,,7.685845921415181,5.100702424195835,
2664235027388592,2024,panoroma_coarse,360814.3610915972,505591.13648182247,292.5960751883997,-7.8540605103696635,19.085480397872484,prior,north,7.8540605103696635,0.7452631578947368,0.4563106796116505,False,1.4920772906707471,True,360808.36592511315,505586.92136997276,,7.328655338933125,10.215521048318376,
2664235027388592,2024,panoroma_fine,360814.3610915972,505591.13648182247,292.5960751883997,-7.8540605103696635,19.085480397872484,prior,north,7.8540605103696635,0.7452631578947368,0.4563106796116505,False,1.4920772906707471,True,360809.4952373925,505585.94620413193,,7.1144584928267705,4.5512463666872565,
2664235027388592,2024,panoroma_two_pass,360814.3610915972,505591.13648182247,292.5960751883997,-7.8540605103696635,19.085480397872484,prior,north,7.8540605103696635,0.7452631578947368,0.4563106796116505,False,1.4920772906707471,True,360809.4952373925,505585.94620413193,,7.1144584928267705,4.5512463666872565,
2298332014341910,2025,panoroma_coarse,360828.7860962364,505620.79880488664,298.88369572152936,-0.596773663281283,13.629079040365383,prior,north,0.596773663281283,0.7357293868921776,0.4376278118609407,False,0.8479310452916607,True,360823.58542112587,505615.7231361652,,7.267010016165895,0.26917142871621497,
2298332014341910,2025,panoroma_fine,360828.7860962364,505620.79880488664,298.88369572152936,-0.596773663281283,13.629079040365383,prior,north,0.596773663281283,0.7357293868921776,0.4376278118609407,False,0.8479310452916607,True,360823.9108424897,505616.5061355225,,6.495776271118811,1.1108348853209038,
2298332014341910,2025,panoroma_two_pass,360828.7860962364,505620.79880488664,298.88369572152936,-0.596773663281283,13.629079040365383,prior,north,0.596773663281283,0.7357293868921776,0.4376278118609407,False,0.8479310452916607,True,360823.9108424897,505616.5061355225,,6.495776271118811,1.1108348853209038,
2298332014341910,2024,panoroma_coarse,360828.7860962364,505620.79880488664,298.88369572152936,-0.596773663281283,13.629079040365383,prior,north,0.596773663281283,0.7526427061310782,0.4679611650485437,False,1.8284776000166167,True,360823.7441235376,505615.89403078175,,7.034081156412451,0.2949535250077741,
2298332014341910,2024,panoroma_fine,360828.7860962364,505620.79880488664,298.88369572152936,-0.596773663281283,13.629079040365383,prior,north,0.596773663281283,0.7526427061310782,0.4679611650485437,False,1.8284776000166167,True,360824.11004484416,505617.6855195289,,5.6176509629241425,1.2560676938715074,
2298332014341910,2024,panoroma_two_pass,360828.7860962364,505620.79880488664,298.88369572152936,-0.596773663281283,13.629079040365383,prior,north,0.596773663281283,0.7526427061310782,0.4679611650485437,False,1.8284776000166167,True,360824.11004484416,505617.6855195289,,5.6176509629241425,1.2560676938715074,
2664985677254720,2025,panoroma_coarse,360846.2640029569,505652.54278573673,296.3486771705366,-6.696610376305955,16.315075646700098,prior,north,6.696610376305955,0.5191815856777494,0.38589211618257263,False,1.1757303643553147,True,360841.82118005666,505647.9309428866,,6.403730927910693,8.809480089988188,
2664985677254720,2025,panoroma_fine,360846.2640029569,505652.54278573673,296.3486771705366,-6.696610376305955,16.315075646700098,prior,north,6.696610376305955,0.5191815856777494,0.38589211618257263,False,1.1757303643553147,True,360842.2601596951,505649.0216485145,,5.331900993353462,9.473941498907259,
2664985677254720,2025,panoroma_two_pass,360846.2640029569,505652.54278573673,296.3486771705366,-6.696610376305955,16.315075646700098,prior,north,6.696610376305955,0.5191815856777494,0.38589211618257263,False,1.1757303643553147,True,360842.2601596951,505649.0216485145,,5.331900993353462,9.473941498907259,
2664985677254720,2024,panoroma_coarse,360846.2640029569,505652.54278573673,296.3486771705366,-6.696610376305955,16.315075646700098,prior,north,6.696610376305955,0.5784172661870504,0.35012919896640826,False,1.760532265081817,True,360839.8040513822,505649.4426061431,,7.165339340249774,7.779972484740518,
2664985677254720,2024,panoroma_fine,360846.2640029569,505652.54278573673,296.3486771705366,-6.696610376305955,16.315075646700098,prior,north,6.696610376305955,0.5784172661870504,0.35012919896640826,False,1.760532265081817,True,360841.55623433244,505649.2713497122,,5.7328334254605275,3.971840609012769,
2664985677254720,2024,panoroma_two_pass,360846.2640029569,505652.54278573673,296.3486771705366,-6.696610376305955,16.315075646700098,prior,north,6.696610376305955,0.5784172661870504,0.35012919896640826,False,1.760532265081817,True,360841.55623433244,505649.2713497122,,5.7328334254605275,3.971840609012769,
2190862265201212,2025,panoroma_coarse,360858.074267425,505681.2016031267,287.6809987164796,-6.584251183212814,19.459667173620172,prior,north,6.584251183212814,0.6263537906137184,0.44912280701754387,False,2.5966263900940665,True,360852.68541470263,505677.3584980249,,6.618851145527272,4.241023135873286,
2190862265201212,2025,panoroma_fine,360858.074267425,505681.2016031267,287.6809987164796,-6.584251183212814,19.459667173620172,prior,north,6.584251183212814,0.6263537906137184,0.44912280701754387,False,2.5966263900940665,True,360850.2263860455,505678.1925523836,,8.40497641407212,8.90682968490277,
2190862265201212,2025,panoroma_two_pass,360858.074267425,505681.2016031267,287.6809987164796,-6.584251183212814,19.459667173620172,prior,north,6.584251183212814,0.6263537906137184,0.44912280701754387,False,2.5966263900940665,True,360850.2263860455,505678.1925523836,,8.40497641407212,8.90682968490277,
2190862265201212,2024,panoroma_coarse,360858.074267425,505681.2016031267,287.6809987164796,-6.584251183212814,19.459667173620172,prior,north,6.584251183212814,0.5697278911564626,0.4807692307692308,False,3.7016307393828476,True,360848.79704764095,505673.02169958124,,12.368412547074643,25.00127290767508,
2190862265201212,2024,panoroma_fine,360858.074267425,505681.2016031267,287.6809987164796,-6.584251183212814,19.459667173620172,prior,north,6.584251183212814,0.5697278911564626,0.4807692307692308,False,3.7016307393828476,True,360850.26804762863,505676.41849647934,,9.155062900341987,2.5914900178510085,
2190862265201212,2024,panoroma_two_pass,360858.074267425,505681.2016031267,287.6809987164796,-6.584251183212814,19.459667173620172,prior,north,6.584251183212814,0.5697278911564626,0.4807692307692308,False,3.7016307393828476,True,360850.26804762863,505676.41849647934,,9.155062900341987,2.5914900178510085,
1803778274142674,2025,panoroma_coarse,360866.5628902905,505714.5663897488,280.4521159059846,-9.689798420543354,25.618785417139208,prior,north,9.689798420543354,0.7199281867145422,0.42694805194805197,False,2.318300776195469,True,360857.71892450744,505710.9865519648,,9.541015110162354,9.923665730107428,
1803778274142674,2025,panoroma_fine,360866.5628902905,505714.5663897488,280.4521159059846,-9.689798420543354,25.618785417139208,prior,north,9.689798420543354,0.7199281867145422,0.42694805194805197,False,2.318300776195469,True,360858.12908070255,505713.26828165614,,8.53312538208235,0.7823339739075383,
1803778274142674,2025,panoroma_two_pass,360866.5628902905,505714.5663897488,280.4521159059846,-9.689798420543354,25.618785417139208,prior,north,9.689798420543354,0.7199281867145422,0.42694805194805197,False,2.318300776195469,True,360858.12908070255,505713.26828165614,,8.53312538208235,0.7823339739075383,
1803778274142674,2024,panoroma_coarse,360866.5628902905,505714.5663897488,280.4521159059846,-9.689798420543354,25.618785417139208,prior,north,9.689798420543354,0.7007299270072993,0.4397496087636933,False,2.6536798747785055,True,360860.02561937436,505710.6827282789,,7.603863323609898,7.855550097323606,
1803778274142674,2024,panoroma_fine,360866.5628902905,505714.5663897488,280.4521159059846,-9.689798420543354,25.618785417139208,prior,north,9.689798420543354,0.7007299270072993,0.4397496087636933,False,2.6536798747785055,True,360860.06305354415,505713.3361441078,,6.615238625078375,7.190615092807975,
1803778274142674,2024,panoroma_two_pass,360866.5628902905,505714.5663897488,280.4521159059846,-9.689798420543354,25.618785417139208,prior,north,9.689798420543354,0.7007299270072993,0.4397496087636933,False,2.6536798747785055,True,360860.06305354415,505713.3361441078,,6.615238625078375,7.190615092807975,
1595260398958253,2025,panoroma_coarse,360876.16708211036,505747.10174129903,294.28648085219186,-7.6361577110843655,23.198029424040953,prior,north,7.6361577110843655,0.7331240188383046,0.3877266387726639,False,2.2470246475166062,True,360870.9774549616,505749.81745804334,,5.85724742333784,5.277160671150058,
1595260398958253,2025,panoroma_fine,360876.16708211036,505747.10174129903,294.28648085219186,-7.6361577110843655,23.198029424040953,prior,north,7.6361577110843655,0.7331240188383046,0.3877266387726639,False,2.2470246475166062,True,360870.82028267474,505747.5759369886,,5.367785926870279,5.334767586253216,
1595260398958253,2025,panoroma_two_pass,360876.16708211036,505747.10174129903,294.28648085219186,-7.6361577110843655,23.198029424040953,prior,north,7.6361577110843655,0.7331240188383046,0.3877266387726639,False,2.2470246475166062,True,360870.82028267474,505747.5759369886,,5.367785926870279,5.334767586253216,
1595260398958253,2024,panoroma_coarse,360876.16708211036,505747.10174129903,294.28648085219186,-7.6361577110843655,23.198029424040953,prior,north,7.6361577110843655,0.7568881685575365,0.46567164179104475,False,1.088725334984935,True,360868.21972201165,505748.88819583395,,8.14567077311039,16.238575615133367,
1595260398958253,2024,panoroma_fine,360876.16708211036,505747.10174129903,294.28648085219186,-7.6361577110843655,23.198029424040953,prior,north,7.6361577110843655,0.7568881685575365,0.46567164179104475,False,1.088725334984935,True,360869.20246904343,505748.41965434526,,7.0882106324113465,0.7730148724718852,
1595260398958253,2024,panoroma_two_pass,360876.16708211036,505747.10174129903,294.28648085219186,-7.6361577110843655,23.198029424040953,prior,north,7.6361577110843655,0.7568881685575365,0.46567164179104475,False,1.088725334984935,True,360869.20246904343,505748.41965434526,,7.0882106324113465,0.7730148724718852,
1618478246297464,2025,panoroma_coarse,360897.08296487853,505770.6888914574,359.2443918729163,-4.400738283139276,16.045954500843077,prior,north,4.400738283139276,0.711764705882353,0.38082191780821917,False,2.5198395574068146,True,360888.83186464536,505769.076624492,,8.407143380813416,4.607587801887038,
1618478246297464,2025,panoroma_fine,360897.08296487853,505770.6888914574,359.2443918729163,-4.400738283139276,16.045954500843077,prior,north,4.400738283139276,0.711764705882353,0.38082191780821917,False,2.5198395574068146,True,360886.53408284683,505770.11093112035,,10.564703037466579,1.5774746988951773,
1618478246297464,2025,panoroma_two_pass,360897.08296487853,505770.6888914574,359.2443918729163,-4.400738283139276,16.045954500843077,prior,north,4.400738283139276,0.711764705882353,0.38082191780821917,False,2.5198395574068146,True,360886.53408284683,505770.11093112035,,10.564703037466579,1.5774746988951773,
1618478246297464,2024,panoroma_coarse,360897.08296487853,505770.6888914574,359.2443918729163,-4.400738283139276,16.045954500843077,prior,north,4.400738283139276,0.7050898203592815,0.37447988904299584,False,1.6936986242525993,True,360886.809908665,505771.4800426718,,10.303475346211709,3.6687690937075055,
1618478246297464,2024,panoroma_fine,360897.08296487853,505770.6888914574,359.2443918729163,-4.400738283139276,16.045954500843077,prior,north,4.400738283139276,0.7050898203592815,0.37447988904299584,False,1.6936986242525993,True,360888.10050810536,505772.57684170274,,9.178719181388358,3.2904472349642258,
1618478246297464,2024,panoroma_two_pass,360897.08296487853,505770.6888914574,359.2443918729163,-4.400738283139276,16.045954500843077,prior,north,4.400738283139276,0.7050898203592815,0.37447988904299584,False,1.6936986242525993,True,360888.10050810536,505772.57684170274,,9.178719181388358,3.2904472349642258,
1411397654284692,2025,panoroma_coarse,360928.39490721177,505760.7714622654,17.352959867827888,6.246018061213743,2.096490986487808,prior,north,-6.246018061213732,0.7452830188679245,0.5448369565217391,False,0.9485311155668917,True,360921.63673818717,505763.17059268977,,7.171378902149906,2.997025907574239,
1411397654284692,2025,panoroma_fine,360928.39490721177,505760.7714622654,17.352959867827888,6.246018061213743,2.096490986487808,prior,north,-6.246018061213732,0.7452830188679245,0.5448369565217391,False,0.9485311155668917,True,360922.5720472047,505763.01276899397,,6.239323241611545,2.64175684944767,
1411397654284692,2025,panoroma_two_pass,360928.39490721177,505760.7714622654,17.352959867827888,6.246018061213743,2.096490986487808,prior,north,-6.246018061213732,0.7452830188679245,0.5448369565217391,False,0.9485311155668917,True,360922.5720472047,505763.01276899397,,6.239323241611545,2.64175684944767,
1411397654284692,2024,panoroma_coarse,360928.39490721177,505760.7714622654,17.352959867827888,6.246018061213743,2.096490986487808,prior,north,-6.246018061213732,0.7497314715359829,0.5237483953786907,False,1.09122125655683,True,360938.55778972834,505761.5467309734,,10.19241004940337,6.205033957687583,
1411397654284692,2024,panoroma_fine,360928.39490721177,505760.7714622654,17.352959867827888,6.246018061213743,2.096490986487808,prior,north,-6.246018061213732,0.7497314715359829,0.5237483953786907,False,1.09122125655683,True,360937.61837234447,505760.9915203741,,9.226089888211547,9.626592460847892,
1411397654284692,2024,panoroma_two_pass,360928.39490721177,505760.7714622654,17.352959867827888,6.246018061213743,2.096490986487808,prior,north,-6.246018061213732,0.7497314715359829,0.5237483953786907,False,1.09122125655683,True,360937.61837234447,505760.9915203741,,9.226089888211547,9.626592460847892,
2199725277275110,2025,panoroma_coarse,360959.47657312726,505750.6162178423,17.29410753099758,7.773469456953347,23.28978753886541,prior,north,-7.773469456953336,0.6482051282051282,0.4765906362545018,False,4.524647688530656,True,360973.4048656414,505744.10900042974,,15.373392950594443,31.058615086917687,
2199725277275110,2025,panoroma_fine,360959.47657312726,505750.6162178423,17.29410753099758,7.773469456953347,23.28978753886541,prior,north,-7.773469456953336,0.6482051282051282,0.4765906362545018,False,4.524647688530656,True,360977.90904823557,505744.5388560609,,19.408515266263162,2.959157604424667,
2199725277275110,2025,panoroma_two_pass,360959.47657312726,505750.6162178423,17.29410753099758,7.773469456953347,23.28978753886541,prior,north,-7.773469456953336,0.6482051282051282,0.4765906362545018,False,4.524647688530656,True,360977.90904823557,505744.5388560609,,19.408515266263162,2.959157604424667,
2199725277275110,2024,panoroma_coarse,360959.47657312726,505750.6162178423,17.29410753099758,7.773469456953347,23.28978753886541,prior,north,-7.773469456953336,0.6954787234042553,0.46091015169194866,False,4.055162390003453,True,360975.2859901714,505742.60856268986,,17.72174394118978,4.3879201502958916,
2199725277275110,2024,panoroma_fine,360959.47657312726,505750.6162178423,17.29410753099758,7.773469456953347,23.28978753886541,prior,north,-7.773469456953336,0.6954787234042553,0.46091015169194866,False,4.055162390003453,True,360979.0403136097,505744.1413371449,,20.60737784654376,7.659867717453282,
2199725277275110,2024,panoroma_two_pass,360959.47657312726,505750.6162178423,17.29410753099758,7.773469456953347,23.28978753886541,prior,north,-7.773469456953336,0.6954787234042553,0.46091015169194866,False,4.055162390003453,True,360979.0403136097,505744.1413371449,,20.60737784654376,7.659867717453282,
1630029038733543,2025,panoroma_coarse,360977.76595758327,505730.73830788117,109.2852212235517,-2.240261776981299,15.147889371003807,prior,north,2.240261776981299,0.7775061124694377,0.5112414467253177,False,2.1194675439996704,True,360976.679512948,505731.0399153825,,1.1275322746710068,1.0461589765943375,
1630029038733543,2025,panoroma_fine,360977.76595758327,505730.73830788117,109.2852212235517,-2.240261776981299,15.147889371003807,prior,north,2.240261776981299,0.7775061124694377,0.5112414467253177,False,2.1194675439996704,True,360975.9996029539,505733.0473677655,,2.9071921550084965,4.750944938536295,
1630029038733543,2025,panoroma_two_pass,360977.76595758327,505730.73830788117,109.2852212235517,-2.240261776981299,15.147889371003807,prior,north,2.240261776981299,0.7775061124694377,0.5112414467253177,False,2.1194675439996704,True,360975.9996029539,505733.0473677655,,2.9071921550084965,4.750944938536295,
1630029038733543,2024,panoroma_coarse,360977.76595758327,505730.73830788117,109.2852212235517,-2.240261776981299,15.147889371003807,prior,north,2.240261776981299,0.7896039603960396,0.538135593220339,False,1.2601822060413315,True,360976.41834671237,505732.67299009766,,2.3577638427525334,2.653710896526307,
1630029038733543,2024,panoroma_fine,360977.76595758327,505730.73830788117,109.2852212235517,-2.240261776981299,15.147889371003807,prior,north,2.240261776981299,0.7896039603960396,0.538135593220339,False,1.2601822060413315,True,360975.629744593,505733.655927476,,3.616062781532378,1.557900113871767,
1630029038733543,2024,panoroma_two_pass,360977.76595758327,505730.73830788117,109.2852212235517,-2.240261776981299,15.147889371003807,prior,north,2.240261776981299,0.7896039603960396,0.538135593220339,False,1.2601822060413315,True,360975.629744593,505733.655927476,,3.616062781532378,1.557900113871767,
1029541690071867,2025,panoroma_coarse,360965.52086601197,505699.5423200922,110.60057777067044,-5.522416923790388,9.584062810049588,prior,north,5.522416923790388,0.5656565656565656,0.5629984051036683,False,0.8341774568709525,True,360964.42701899447,505700.8981131389,,1.74203217054034,3.807333450237088,
1029541690071867,2025,panoroma_fine,360965.52086601197,505699.5423200922,110.60057777067044,-5.522416923790388,9.584062810049588,prior,north,5.522416923790388,0.5656565656565656,0.5629984051036683,False,0.8341774568709525,True,360963.86962145666,505701.5187257511,,2.575419948255607,5.6540499469939585,
1029541690071867,2025,panoroma_two_pass,360965.52086601197,505699.5423200922,110.60057777067044,-5.522416923790388,9.584062810049588,prior,north,5.522416923790388,0.5656565656565656,0.5629984051036683,False,0.8341774568709525,True,360963.86962145666,505701.5187257511,,2.575419948255607,5.6540499469939585,
1029541690071867,2024,panoroma_coarse,360965.52086601197,505699.5423200922,110.60057777067044,-5.522416923790388,9.584062810049588,prior,north,5.522416923790388,0.7492096944151738,0.565008025682183,False,1.423387960725271,True,360964.6377484693,505700.4952252078,,1.2992015830949086,0.9669327049582628,
1029541690071867,2024,panoroma_fine,360965.52086601197,505699.5423200922,110.60057777067044,-5.522416923790388,9.584062810049588,prior,north,5.522416923790388,0.7492096944151738,0.565008025682183,False,1.423387960725271,True,360963.2399193833,505700.7637529218,,2.58739553990528,3.5871804710881365,
1029541690071867,2024,panoroma_two_pass,360965.52086601197,505699.5423200922,110.60057777067044,-5.522416923790388,9.584062810049588,prior,north,5.522416923790388,0.7492096944151738,0.565008025682183,False,1.423387960725271,True,360963.2399193833,505700.7637529218,,2.58739553990528,3.5871804710881365,
1110169474745368,2025,panoroma_coarse,360954.2398640532,505667.78448765073,105.04909601937412,3.6021032489483247,9.767387131936394,prior,north,-3.6021032489483105,0.8866120218579235,0.7074468085106383,False,2.8984395667075087,True,360950.3756105792,505667.2161378714,,3.9058259540009157,0.5612233514844892,
1110169474745368,2025,panoroma_fine,360954.2398640532,505667.78448765073,105.04909601937412,3.6021032489483247,9.767387131936394,prior,north,-3.6021032489483105,0.8866120218579235,0.7074468085106383,False,2.8984395667075087,True,360951.537295837,505669.8715924998,,3.414656880874213,5.783130507582998,
1110169474745368,2025,panoroma_two_pass,360954.2398640532,505667.78448765073,105.04909601937412,3.6021032489483247,9.767387131936394,prior,north,-3.6021032489483105,0.8866120218579235,0.7074468085106383,False,2.8984395667075087,True,360951.537295837,505669.8715924998,,3.414656880874213,5.783130507582998,
1110169474745368,2024,panoroma_coarse,360954.2398640532,505667.78448765073,105.04909601937412,3.6021032489483247,9.767387131936394,prior,north,-3.6021032489483105,0.8841961852861036,0.6795212765957447,False,2.2807833906766874,True,360951.42853977234,505667.3242293852,,2.84875093385982,0.8964545936461488,
1110169474745368,2024,panoroma_fine,360954.2398640532,505667.78448765073,105.04909601937412,3.6021032489483247,9.767387131936394,prior,north,-3.6021032489483105,0.8841961852861036,0.6795212765957447,False,2.2807833906766874,True,360951.1240930948,505669.58460216323,,3.598394214572205,2.936873991307138,
1110169474745368,2024,panoroma_two_pass,360954.2398640532,505667.78448765073,105.04909601937412,3.6021032489483247,9.767387131936394,prior,north,-3.6021032489483105,0.8841961852861036,0.6795212765957447,False,2.2807833906766874,True,360951.1240930948,505669.58460216323,,3.598394214572205,2.936873991307138,
2143531059567041,2025,panoroma_coarse,360980.2035497979,505651.34399289545,21.80630224487809,4.559382584696987,19.651679460938592,prior,north,-4.559382584696976,0.7434782608695653,0.5338345864661654,False,4.096502326427869,True,361001.6913716503,505641.8058797656,,23.509616969231082,0.875448007669958,
2143531059567041,2025,panoroma_fine,360980.2035497979,505651.34399289545,21.80630224487809,4.559382584696987,19.651679460938592,prior,north,-4.559382584696976,0.7434782608695653,0.5338345864661654,False,4.096502326427869,True,360998.64216080785,505644.5415048402,,19.65340224284298,5.303805118221913,
2143531059567041,2025,panoroma_two_pass,360980.2035497979,505651.34399289545,21.80630224487809,4.559382584696987,19.651679460938592,prior,north,-4.559382584696976,0.7434782608695653,0.5338345864661654,False,4.096502326427869,True,360998.64216080785,505644.5415048402,,19.65340224284298,5.303805118221913,
2143531059567041,2024,panoroma_coarse,360980.2035497979,505651.34399289545,21.80630224487809,4.559382584696987,19.651679460938592,prior,north,-4.559382584696976,0.42663378545006164,0.5531496062992126,False,3.980871192339043,True,360984.27110475797,505649.22010190674,,4.588672606017106,9.378773283868155,
2143531059567041,2024,panoroma_fine,360980.2035497979,505651.34399289545,21.80630224487809,4.559382584696987,19.651679460938592,prior,north,-4.559382584696976,0.42663378545006164,0.5531496062992126,False,3.980871192339043,True,360980.87493609544,505651.296968264,,0.6730311111047707,3.5144311943607445,
2143531059567041,2024,panoroma_two_pass,360980.2035497979,505651.34399289545,21.80630224487809,4.559382584696987,19.651679460938592,prior,north,-4.559382584696976,0.42663378545006164,0.5531496062992126,False,3.980871192339043,True,360980.87493609544,505651.296968264,,0.6730311111047707,3.5144311943607445,
1885191899114432,2025,panoroma_coarse,361009.02305004245,505639.24162336625,22.564392727789823,-6.3497481432418965,9.55927022792837,prior,north,6.3497481432418965,0.5487421383647799,0.44144144144144143,False,2.9744282642266873,True,361006.1156258777,505638.95633638604,,2.9213873305192752,15.751550294972665,
1885191899114432,2025,panoroma_fine,361009.02305004245,505639.24162336625,22.564392727789823,-6.3497481432418965,9.55927022792837,prior,north,6.3497481432418965,0.5487421383647799,0.44144144144144143,False,2.9744282642266873,True,361008.8408595144,505640.1481103261,,0.9246145125703394,3.728798816258192,
1885191899114432,2025,panoroma_two_pass,361009.02305004245,505639.24162336625,22.564392727789823,-6.3497481432418965,9.55927022792837,prior,north,6.3497481432418965,0.5487421383647799,0.44144144144144143,False,2.9744282642266873,True,361008.8408595144,505640.1481103261,,0.9246145125703394,3.728798816258192,
1885191899114432,2024,panoroma_coarse,361009.02305004245,505639.24162336625,22.564392727789823,-6.3497481432418965,9.55927022792837,prior,north,6.3497481432418965,0.5905383360522023,0.4756756756756757,False,3.66124309203567,True,361001.65244434355,505641.26821960264,,7.644142899897975,3.7353128947757885,
1885191899114432,2024,panoroma_fine,361009.02305004245,505639.24162336625,22.564392727789823,-6.3497481432418965,9.55927022792837,prior,north,6.3497481432418965,0.5905383360522023,0.4756756756756757,False,3.66124309203567,True,361005.313587056,505641.2411083823,,4.214030846728876,2.8996842747802765,
1885191899114432,2024,panoroma_two_pass,361009.02305004245,505639.24162336625,22.564392727789823,-6.3497481432418965,9.55927022792837,prior,north,6.3497481432418965,0.5905383360522023,0.4756756756756757,False,3.66124309203567,True,361005.313587056,505641.2411083823,,4.214030846728876,2.8996842747802765,
1566349148627059,2025,panoroma_coarse,361039.9677668257,505626.0771525111,22.528355738064644,5.329842515423419,18.30538421682893,prior,north,-5.329842515423422,0.5277777777777778,0.5100182149362478,False,2.6612211164154065,True,361037.32988101686,505625.69851538487,,2.6649216899910133,3.6568277244287817,
1566349148627059,2025,panoroma_fine,361039.9677668257,505626.0771525111,22.528355738064644,5.329842515423419,18.30538421682893,prior,north,-5.329842515423422,0.5277777777777778,0.5100182149362478,False,2.6612211164154065,True,361039.9510204128,505626.158652427,,0.08320263601602082,2.4348694795527552,
1566349148627059,2025,panoroma_two_pass,361039.9677668257,505626.0771525111,22.528355738064644,5.329842515423419,18.30538421682893,prior,north,-5.329842515423422,0.5277777777777778,0.5100182149362478,False,2.6612211164154065,True,361039.9510204128,505626.158652427,,0.08320263601602082,2.4348694795527552,
1566349148627059,2024,panoroma_coarse,361039.9677668257,505626.0771525111,22.528355738064644,5.329842515423419,18.30538421682893,prior,north,-5.329842515423422,0.6861598440545809,0.4245901639344262,False,1.1923777109991012,True,361037.58385627554,505625.56232290616,,2.4388683919519227,0.4849553906556444,
1566349148627059,2024,panoroma_fine,361039.9677668257,505626.0771525111,22.528355738064644,5.329842515423419,18.30538421682893,prior,north,-5.329842515423422,0.6861598440545809,0.4245901639344262,False,1.1923777109991012,True,361037.2113071713,505626.6950063441,,2.8248563122966996,5.553155799677391,
1566349148627059,2024,panoroma_two_pass,361039.9677668257,505626.0771525111,22.528355738064644,5.329842515423419,18.30538421682893,prior,north,-5.329842515423422,0.6861598440545809,0.4245901639344262,False,1.1923777109991012,True,361037.2113071713,505626.6950063441,,2.8248563122966996,5.553155799677391,
2343542236381893,2025,panoroma_coarse,361071.1612371945,505613.02524712496,21.688621760325894,7.538995750061545,14.656620704728047,prior,north,-7.538995750061531,0.6551724137931034,0.3401015228426396,False,0.9216523835174092,True,361071.1036011802,505612.6912929393,,0.3388912926899437,7.016831920365616,
2343542236381893,2025,panoroma_fine,361071.1612371945,505613.02524712496,21.688621760325894,7.538995750061545,14.656620704728047,prior,north,-7.538995750061531,0.6551724137931034,0.3401015228426396,False,0.9216523835174092,True,361070.5714679859,505613.44380697876,,0.7232012656194066,1.3707245260816612,
2343542236381893,2025,panoroma_two_pass,361071.1612371945,505613.02524712496,21.688621760325894,7.538995750061545,14.656620704728047,prior,north,-7.538995750061531,0.6551724137931034,0.3401015228426396,False,0.9216523835174092,True,361070.5714679859,505613.44380697876,,0.7232012656194066,1.3707245260816612,
2343542236381893,2024,panoroma_coarse,361071.1612371945,505613.02524712496,21.688621760325894,7.538995750061545,14.656620704728047,prior,north,-7.538995750061531,0.6231060606060606,0.48014440433212996,False,3.70303815069145,True,361072.0553557157,505613.021962517,,0.8941245542879895,12.169345723475212,
2343542236381893,2024,panoroma_fine,361071.1612371945,505613.02524712496,21.688621760325894,7.538995750061545,14.656620704728047,prior,north,-7.538995750061531,0.6231060606060606,0.48014440433212996,False,3.70303815069145,True,361068.960822032,505615.05576507037,,2.9941325979241684,7.5602411578780515,
2343542236381893,2024,panoroma_two_pass,361071.1612371945,505613.02524712496,21.688621760325894,7.538995750061545,14.656620704728047,prior,north,-7.538995750061531,0.6231060606060606,0.48014440433212996,False,3.70303815069145,True,361068.960822032,505615.05576507037,,2.9941325979241684,7.5602411578780515,
1843956966766764,2025,panoroma_coarse,361101.9827967382,505599.7779691089,22.536645763096583,6.441785557255869,19.16455212691325,prior,north,-6.441785557255855,0.6697038724373576,0.4387947269303202,False,3.0458212529133726,True,361106.27865871234,505599.6077727493,,4.299232129293575,0.24231329439015278,
1843956966766764,2025,panoroma_fine,361101.9827967382,505599.7779691089,22.536645763096583,6.441785557255869,19.16455212691325,prior,north,-6.441785557255855,0.6697038724373576,0.4387947269303202,False,3.0458212529133726,True,361103.42041986075,505598.5553955488,,1.887179470068402,0.07383844046316695,
1843956966766764,2025,panoroma_two_pass,361101.9827967382,505599.7779691089,22.536645763096583,6.441785557255869,19.16455212691325,prior,north,-6.441785557255855,0.6697038724373576,0.4387947269303202,False,3.0458212529133726,True,361103.42041986075,505598.5553955488,,1.887179470068402,0.07383844046316695,
1843956966766764,2024,panoroma_coarse,361101.9827967382,505599.7779691089,22.536645763096583,6.441785557255869,19.16455212691325,prior,north,-6.441785557255855,0.59375,0.350844277673546,False,1.9704168050132138,True,361103.3287264242,505601.06967820774,,1.8654862946831,5.611484126935909,
1843956966766764,2024,panoroma_fine,361101.9827967382,505599.7779691089,22.536645763096583,6.441785557255869,19.16455212691325,prior,north,-6.441785557255855,0.59375,0.350844277673546,False,1.9704168050132138,True,361102.20768512035,505599.4492434573,,0.39829052014873867,1.072599274858199,
1843956966766764,2024,panoroma_two_pass,361101.9827967382,505599.7779691089,22.536645763096583,6.441785557255869,19.16455212691325,prior,north,-6.441785557255855,0.59375,0.350844277673546,False,1.9704168050132138,True,361102.20768512035,505599.4492434573,,0.39829052014873867,1.072599274858199,
1378668397810037,2025,panoroma_coarse,361133.45828977134,505587.590027526,18.889311079430556,9.19654775307659,18.29082996174737,prior,north,-9.1965477530766,0.7510121457489879,0.471326164874552,False,0.9022450351788124,True,361134.72414409346,505585.9587543102,,2.0648097901379874,7.079363909964677,
1378668397810037,2025,panoroma_fine,361133.45828977134,505587.590027526,18.889311079430556,9.19654775307659,18.29082996174737,prior,north,-9.1965477530766,0.7510121457489879,0.471326164874552,False,0.9022450351788124,True,361134.6013500912,505586.8526042621,,1.360286721624163,5.191162190004197,
1378668397810037,2025,panoroma_two_pass,361133.45828977134,505587.590027526,18.889311079430556,9.19654775307659,18.29082996174737,prior,north,-9.1965477530766,0.7510121457489879,0.471326164874552,False,0.9022450351788124,True,361134.6013500912,505586.8526042621,,1.360286721624163,5.191162190004197,
1378668397810037,2024,panoroma_coarse,361133.45828977134,505587.590027526,18.889311079430556,9.19654775307659,18.29082996174737,prior,north,-9.1965477530766,0.7263581488933601,0.4593698175787728,False,2.8934291074207157,True,361132.0572458911,505588.62116867903,,1.7395907656300353,1.151818335456326,
1378668397810037,2024,panoroma_fine,361133.45828977134,505587.590027526,18.889311079430556,9.19654775307659,18.29082996174737,prior,north,-9.1965477530766,0.7263581488933601,0.4593698175787728,False,2.8934291074207157,True,361134.6932845214,505587.4281756618,,1.2455553213900348,2.5964960866480324,
1378668397810037,2024,panoroma_two_pass,361133.45828977134,505587.590027526,18.889311079430556,9.19654775307659,18.29082996174737,prior,north,-9.1965477530766,0.7263581488933601,0.4593698175787728,False,2.8934291074207157,True,361134.6932845214,505587.4281756618,,1.2455553213900348,2.5964960866480324,
1640881657746457,2025,panoroma_coarse,361164.7459236542,505574.790562897,22.57263785958171,-3.138304440327204,10.271705287279374,prior,north,3.138304440327204,0.7612687813021702,0.5522388059701493,False,1.163949403565105,True,361171.2713861317,505571.7334873897,,7.206064890280043,1.8274393107602311,
1640881657746457,2025,panoroma_fine,361164.7459236542,505574.790562897,22.57263785958171,-3.138304440327204,10.271705287279374,prior,north,3.138304440327204,0.7612687813021702,0.5522388059701493,False,1.163949403565105,True,361170.27105442405,505572.32856275357,,6.048844082175564,1.9012387325363658,
1640881657746457,2025,panoroma_two_pass,361164.7459236542,505574.790562897,22.57263785958171,-3.138304440327204,10.271705287279374,prior,north,3.138304440327204,0.7612687813021702,0.5522388059701493,False,1.163949403565105,True,361170.27105442405,505572.32856275357,,6.048844082175564,1.9012387325363658,
1640881657746457,2024,panoroma_coarse,361164.7459236542,505574.790562897,22.57263785958171,-3.138304440327204,10.271705287279374,prior,north,3.138304440327204,0.777027027027027,0.4795763993948563,False,1.5333742688177345,True,361170.7941944788,505572.10842953244,,6.616299521100454,0.45615862668157986,
1640881657746457,2024,panoroma_fine,361164.7459236542,505574.790562897,22.57263785958171,-3.138304440327204,10.271705287279374,prior,north,3.138304440327204,0.777027027027027,0.4795763993948563,False,1.5333742688177345,True,361172.3275602906,505572.1033368417,,8.043780078964327,3.844043154641543,
1640881657746457,2024,panoroma_two_pass,361164.7459236542,505574.790562897,22.57263785958171,-3.138304440327204,10.271705287279374,prior,north,3.138304440327204,0.777027027027027,0.4795763993948563,False,1.5333742688177345,True,361172.3275602906,505572.1033368417,,8.043780078964327,3.844043154641543,
1329442135766852,2025,panoroma_coarse,361195.54057250504,505562.247072299,20.64097160126914,0.7450062186188795,20.772686603243322,prior,north,-0.7450062186188688,0.7831149927219796,0.3609112709832134,False,2.3977059518368,True,361191.4495179081,505563.23281686334,,4.208137362448141,7.759103023172647,
1329442135766852,2025,panoroma_fine,361195.54057250504,505562.247072299,20.64097160126914,0.7450062186188795,20.772686603243322,prior,north,-0.7450062186188688,0.7831149927219796,0.3609112709832134,False,2.3977059518368,True,361190.4601145858,505565.41686697665,,5.988209328952382,4.855874308534362,
1329442135766852,2025,panoroma_two_pass,361195.54057250504,505562.247072299,20.64097160126914,0.7450062186188795,20.772686603243322,prior,north,-0.7450062186188688,0.7831149927219796,0.3609112709832134,False,2.3977059518368,True,361190.4601145858,505565.41686697665,,5.988209328952382,4.855874308534362,
1329442135766852,2024,panoroma_coarse,361195.54057250504,505562.247072299,20.64097160126914,0.7450062186188795,20.772686603243322,prior,north,-0.7450062186188688,0.7417452830188679,0.4943109987357775,False,3.5998917141278306,True,361164.2978839492,505574.5370682938,,33.573048562044725,6.0118003276889365,
1329442135766852,2024,panoroma_fine,361195.54057250504,505562.247072299,20.64097160126914,0.7450062186188795,20.772686603243322,prior,north,-0.7450062186188688,0.7417452830188679,0.4943109987357775,False,3.5998917141278306,True,361160.88072988956,505575.6694456542,,37.16806151275722,2.8535867920670253,
1329442135766852,2024,panoroma_two_pass,361195.54057250504,505562.247072299,20.64097160126914,0.7450062186188795,20.772686603243322,prior,north,-0.7450062186188688,0.7417452830188679,0.4943109987357775,False,3.5998917141278306,True,361160.88072988956,505575.6694456542,,37.16806151275722,2.8535867920670253,
1877539553208523,2025,panoroma_coarse,361226.3647825685,505550.4629049683,19.144616178197545,-7.744703053850381,16.0628047968742,prior,north,7.7447030538503725,0.6419400855920114,0.378839590443686,False,1.8483036800055732,True,361234.6970286496,505547.62385972374,,8.80264179990569,9.983121937132259,
1877539553208523,2025,panoroma_fine,361226.3647825685,505550.4629049683,19.144616178197545,-7.744703053850381,16.0628047968742,prior,north,7.7447030538503725,0.6419400855920114,0.378839590443686,False,1.8483036800055732,True,361234.04280992725,505545.8952115939,,8.93397598411804,0.3576048735240203,
1877539553208523,2025,panoroma_two_pass,361226.3647825685,505550.4629049683,19.144616178197545,-7.744703053850381,16.0628047968742,prior,north,7.7447030538503725,0.6419400855920114,0.378839590443686,False,1.8483036800055732,True,361234.04280992725,505545.8952115939,,8.93397598411804,0.3576048735240203,
1877539553208523,2024,panoroma_coarse,361226.3647825685,505550.4629049683,19.144616178197545,-7.744703053850381,16.0628047968742,prior,north,7.7447030538503725,0.7280130293159609,0.4347048300536673,False,1.4350545972321451,True,361233.4800696699,505547.4193117587,,7.738912724735563,9.666827868216604,
1877539553208523,2024,panoroma_fine,361226.3647825685,505550.4629049683,19.144616178197545,-7.744703053850381,16.0628047968742,prior,north,7.7447030538503725,0.7280130293159609,0.4347048300536673,False,1.4350545972321451,True,361233.3188110424,505545.9933463481,,8.266526856882411,1.2896329557054025,
1877539553208523,2024,panoroma_two_pass,361226.3647825685,505550.4629049683,19.144616178197545,-7.744703053850381,16.0628047968742,prior,north,7.7447030538503725,0.7280130293159609,0.4347048300536673,False,1.4350545972321451,True,361233.3188110424,505545.9933463481,,8.266526856882411,1.2896329557054025,
971140639343305,2025,panoroma_coarse,361257.99184614775,505539.6962324716,20.161977218906035,0.1511464765484405,13.103445655290946,prior,north,-0.15114647654843338,0.6392961876832844,0.484629294755877,False,4.649280646265584,True,361262.8648713545,505554.4814506044,,15.567564032282807,8.143072325102775,
971140639343305,2025,panoroma_fine,361257.99184614775,505539.6962324716,20.161977218906035,0.1511464765484405,13.103445655290946,prior,north,-0.15114647654843338,0.6392961876832844,0.484629294755877,False,4.649280646265584,True,361267.1245921984,505556.3444022569,,18.988644175534674,1.7126374031586793,
971140639343305,2025,panoroma_two_pass,361257.99184614775,505539.6962324716,20.161977218906035,0.1511464765484405,13.103445655290946,prior,north,-0.15114647654843338,0.6392961876832844,0.484629294755877,False,4.649280646265584,True,361267.1245921984,505556.3444022569,,18.988644175534674,1.7126374031586793,
971140639343305,2024,panoroma_coarse,361257.99184614775,505539.6962324716,20.161977218906035,0.1511464765484405,13.103445655290946,prior,north,-0.15114647654843338,0.3478964401294498,0.37281795511221943,False,4.045123402875185,True,361229.193873884,505548.92941380956,,30.241938498120394,27.196068048810076,
971140639343305,2024,panoroma_fine,361257.99184614775,505539.6962324716,20.161977218906035,0.1511464765484405,13.103445655290946,prior,north,-0.15114647654843338,0.3478964401294498,0.37281795511221943,False,4.045123402875185,True,361225.38458949246,505550.29043393035,,34.28513221692782,1.3438669965717347,
971140639343305,2024,panoroma_two_pass,361257.99184614775,505539.6962324716,20.161977218906035,0.1511464765484405,13.103445655290946,prior,north,-0.15114647654843338,0.3478964401294498,0.37281795511221943,False,4.045123402875185,True,361225.38458949246,505550.29043393035,,34.28513221692782,1.3438669965717347,
1426839858986128,2025,panoroma_coarse,361288.8926168677,505527.25597672444,27.06509414953422,-9.004017419140517,22.006004154289617,prior,north,9.004017419140524,0.7009803921568627,0.35515548281505727,False,2.562185313322598,True,361295.7814814179,505518.0577487126,,11.491903817392371,7.242176465149441,
1426839858986128,2025,panoroma_fine,361288.8926168677,505527.25597672444,27.06509414953422,-9.004017419140517,22.006004154289617,prior,north,9.004017419140524,0.7009803921568627,0.35515548281505727,False,2.562185313322598,True,361293.22155049973,505517.9502904683,,10.263306635201287,2.160612275081437,
1426839858986128,2025,panoroma_two_pass,361288.8926168677,505527.25597672444,27.06509414953422,-9.004017419140517,22.006004154289617,prior,north,9.004017419140524,0.7009803921568627,0.35515548281505727,False,2.562185313322598,True,361293.22155049973,505517.9502904683,,10.263306635201287,2.160612275081437,
1426839858986128,2024,panoroma_coarse,361288.8926168677,505527.25597672444,27.06509414953422,-9.004017419140517,22.006004154289617,prior,north,9.004017419140524,0.6900175131348512,0.43883792048929665,False,1.7328285422226837,True,361294.40786763316,505517.0377987975,,11.611595547234245,11.312729492003653,
1426839858986128,2024,panoroma_fine,361288.8926168677,505527.25597672444,27.06509414953422,-9.004017419140517,22.006004154289617,prior,north,9.004017419140524,0.6900175131348512,0.43883792048929665,False,1.7328285422226837,True,361294.55455402564,505518.76440757164,,10.206090292416766,11.288841005497787,
1426839858986128,2024,panoroma_two_pass,361288.8926168677,505527.25597672444,27.06509414953422,-9.004017419140517,22.006004154289617,prior,north,9.004017419140524,0.6900175131348512,0.43883792048929665,False,1.7328285422226837,True,361294.55455402564,505518.76440757164,,10.206090292416766,11.288841005497787,
1419645030041727,2025,panoroma_coarse,361318.3638489618,505515.4230037108,14.89806713836782,-0.4548197651768717,14.476907131508781,prior,north,0.4548197651768646,0.7701019252548131,0.4046242774566474,False,2.3927669521054216,True,361297.554983168,505518.4702998841,,21.030808581458466,1.394603324666541,
1419645030041727,2025,panoroma_fine,361318.3638489618,505515.4230037108,14.89806713836782,-0.4548197651768717,14.476907131508781,prior,north,0.4548197651768646,0.7701019252548131,0.4046242774566474,False,2.3927669521054216,True,361295.19181278173,505518.09512071026,,23.325596883849713,5.297843393800577,
1419645030041727,2025,panoroma_two_pass,361318.3638489618,505515.4230037108,14.89806713836782,-0.4548197651768717,14.476907131508781,prior,north,0.4548197651768646,0.7701019252548131,0.4046242774566474,False,2.3927669521054216,True,361295.19181278173,505518.09512071026,,23.325596883849713,5.297843393800577,
1419645030041727,2024,panoroma_coarse,361318.3638489618,505515.4230037108,14.89806713836782,-0.4548197651768717,14.476907131508781,prior,north,0.4548197651768646,0.6478304742684158,0.46787709497206703,False,1.4180920627411375,True,361321.1145275949,505509.92616373923,,6.146664348710546,3.498030799441002,
1419645030041727,2024,panoroma_fine,361318.3638489618,505515.4230037108,14.89806713836782,-0.4548197651768717,14.476907131508781,prior,north,0.4548197651768646,0.6478304742684158,0.46787709497206703,False,1.4180920627411375,True,361321.06048725883,505508.50910172914,,7.42117906516357,2.2979706943691034,
1419645030041727,2024,panoroma_two_pass,361318.3638489618,505515.4230037108,14.89806713836782,-0.4548197651768717,14.476907131508781,prior,north,0.4548197651768646,0.6478304742684158,0.46787709497206703,False,1.4180920627411375,True,361321.06048725883,505508.50910172914,,7.42117906516357,2.2979706943691034,
4510807879135648,2025,panoroma_coarse,361351.93503453897,505507.6781751616,10.412533002251346,-6.189305251400814,17.753895335435598,prior,north,6.1893052514008104,0.7511045655375552,0.4943019943019943,False,2.686295927170602,True,361322.87950131175,505506.7674698943,,29.069802118382487,1.4130726993771798,
4510807879135648,2025,panoroma_fine,361351.93503453897,505507.6781751616,10.412533002251346,-6.189305251400814,17.753895335435598,prior,north,6.1893052514008104,0.7511045655375552,0.4943019943019943,False,2.686295927170602,True,361321.6698563131,505509.16599960765,,30.30172659480543,1.325923142223291,
4510807879135648,2025,panoroma_two_pass,361351.93503453897,505507.6781751616,10.412533002251346,-6.189305251400814,17.753895335435598,prior,north,6.1893052514008104,0.7511045655375552,0.4943019943019943,False,2.686295927170602,True,361321.6698563131,505509.16599960765,,30.30172659480543,1.325923142223291,
4510807879135648,2024,panoroma_coarse,361351.93503453897,505507.6781751616,10.412533002251346,-6.189305251400814,17.753895335435598,prior,north,6.1893052514008104,0.7119113573407202,0.36548223350253806,False,3.932149279722455,True,361349.8901948283,505498.71851336467,,9.190044012824917,4.950538497800814,
4510807879135648,2024,panoroma_fine,361351.93503453897,505507.6781751616,10.412533002251346,-6.189305251400814,17.753895335435598,prior,north,6.1893052514008104,0.7119113573407202,0.36548223350253806,False,3.932149279722455,True,361353.7563130504,505499.43609809893,,8.44090574068182,6.508768137563815,
4510807879135648,2024,panoroma_two_pass,361351.93503453897,505507.6781751616,10.412533002251346,-6.189305251400814,17.753895335435598,prior,north,6.1893052514008104,0.7119113573407202,0.36548223350253806,False,3.932149279722455,True,361353.7563130504,505499.43609809893,,8.44090574068182,6.508768137563815,
929538789876463,2025,panoroma_coarse,361382.61629521067,505499.73874528706,54.501828891654704,9.315541297746691,17.1982891736279,prior,north,-9.315541297746677,0.7008086253369272,0.4226415094339623,False,0.7091493141253081,True,361384.72379591345,505491.0372916899,,8.953036016676489,7.757715623920887,
929538789876463,2025,panoroma_fine,361382.61629521067,505499.73874528706,54.501828891654704,9.315541297746691,17.1982891736279,prior,north,-9.315541297746677,0.7008086253369272,0.4226415094339623,False,0.7091493141253081,True,361384.03274440067,505490.8781045156,,8.97314232521757,7.1489221459228816,
929538789876463,2025,panoroma_two_pass,361382.61629521067,505499.73874528706,54.501828891654704,9.315541297746691,17.1982891736279,prior,north,-9.315541297746677,0.7008086253369272,0.4226415094339623,False,0.7091493141253081,True,361384.03274440067,505490.8781045156,,8.97314232521757,7.1489221459228816,
929538789876463,2024,panoroma_coarse,361382.61629521067,505499.73874528706,54.501828891654704,9.315541297746691,17.1982891736279,prior,north,-9.315541297746677,0.6352201257861635,0.4094488188976378,False,1.9531061639896057,True,361384.8460699923,505493.2986935153,,6.815142140826991,10.153481737041924,
929538789876463,2024,panoroma_fine,361382.61629521067,505499.73874528706,54.501828891654704,9.315541297746691,17.1982891736279,prior,north,-9.315541297746677,0.6352201257861635,0.4094488188976378,False,1.9531061639896057,True,361383.98250335257,505491.5468726493,,8.30501667671788,11.746508089180555,
929538789876463,2024,panoroma_two_pass,361382.61629521067,505499.73874528706,54.501828891654704,9.315541297746691,17.1982891736279,prior,north,-9.315541297746677,0.6352201257861635,0.4094488188976378,False,1.9531061639896057,True,361383.98250335257,505491.5468726493,,8.30501667671788,11.746508089180555,
1736493034133252,2025,panoroma_coarse,361376.68114395306,505464.6876076674,100.01794967969442,-4.190006797842443,29.5209337350393,prior,north,4.190006797842443,0.5797872340425532,0.4133949191685912,False,4.87196248586887,True,361369.9511967978,505455.82280624873,,11.12999968128817,6.533157748219246,
1736493034133252,2025,panoroma_fine,361376.68114395306,505464.6876076674,100.01794967969442,-4.190006797842443,29.5209337350393,prior,north,4.190006797842443,0.5797872340425532,0.4133949191685912,False,4.87196248586887,True,361373.945134279,505458.6128746815,,6.662441728580347,2.4801705927407998,
1736493034133252,2025,panoroma_two_pass,361376.68114395306,505464.6876076674,100.01794967969442,-4.190006797842443,29.5209337350393,prior,north,4.190006797842443,0.5797872340425532,0.4133949191685912,False,4.87196248586887,True,361373.945134279,505458.6128746815,,6.662441728580347,2.4801705927407998,
1736493034133252,2024,panoroma_coarse,361376.68114395306,505464.6876076674,100.01794967969442,-4.190006797842443,29.5209337350393,prior,north,4.190006797842443,0.5036674816625917,0.4322916666666667,False,4.401261158122877,True,361373.07920104417,505456.71638254164,,8.747252295702761,7.023403661050802,
1736493034133252,2024,panoroma_fine,361376.68114395306,505464.6876076674,100.01794967969442,-4.190006797842443,29.5209337350393,prior,north,4.190006797842443,0.5036674816625917,0.4322916666666667,False,4.401261158122877,True,361376.35608821386,505459.6545980305,,5.0434955377060655,5.176967694726371,
1736493034133252,2024,panoroma_two_pass,361376.68114395306,505464.6876076674,100.01794967969442,-4.190006797842443,29.5209337350393,prior,north,4.190006797842443,0.5036674816625917,0.4322916666666667,False,4.401261158122877,True,361376.35608821386,505459.6545980305,,5.0434955377060655,5.176967694726371,
2001244650439529,2025,panoroma_coarse,361378.1259606169,505432.5480952319,60.5864528032553,2.812619304964123,6.0623610344927865,prior,north,-2.81261930496413,0.6134615384615385,0.3670886075949367,False,1.7602717165312844,True,361375.80192588246,505428.70144549897,,4.494201999756967,8.369529147799469,
2001244650439529,2025,panoroma_fine,361378.1259606169,505432.5480952319,60.5864528032553,2.812619304964123,6.0623610344927865,prior,north,-2.81261930496413,0.6134615384615385,0.3670886075949367,False,1.7602717165312844,True,361377.55758787587,505428.8287541042,,3.7625185709480338,0.48842123015833144,
2001244650439529,2025,panoroma_two_pass,361378.1259606169,505432.5480952319,60.5864528032553,2.812619304964123,6.0623610344927865,prior,north,-2.81261930496413,0.6134615384615385,0.3670886075949367,False,1.7602717165312844,True,361377.55758787587,505428.8287541042,,3.7625185709480338,0.48842123015833144,
2001244650439529,2024,panoroma_coarse,361378.1259606169,505432.5480952319,60.5864528032553,2.812619304964123,6.0623610344927865,prior,north,-2.81261930496413,0.5923809523809523,0.3885017421602787,False,1.4896374330769875,True,361377.4383327724,505426.4479472394,,6.138781441199511,5.6230972237887515,
2001244650439529,2024,panoroma_fine,361378.1259606169,505432.5480952319,60.5864528032553,2.812619304964123,6.0623610344927865,prior,north,-2.81261930496413,0.5923809523809523,0.3885017421602787,False,1.4896374330769875,True,361376.2669950662,505427.36826656444,,5.503306092043204,2.538657156617563,
2001244650439529,2024,panoroma_two_pass,361378.1259606169,505432.5480952319,60.5864528032553,2.812619304964123,6.0623610344927865,prior,north,-2.81261930496413,0.5923809523809523,0.3885017421602787,False,1.4896374330769875,True,361376.2669950662,505427.36826656444,,5.503306092043204,2.538657156617563,
2042982259659935,2025,panoroma_coarse,361402.5514528438,505412.2859219806,34.54901273914318,4.786739326289158,13.914701780048755,prior,north,-4.786739326289165,0.5207920792079208,0.3319587628865979,False,4.325943470688771,True,361402.8259471598,505404.7728933586,,7.518041380893722,2.7729964312121687,
2042982259659935,2025,panoroma_fine,361402.5514528438,505412.2859219806,34.54901273914318,4.786739326289158,13.914701780048755,prior,north,-4.786739326289165,0.5207920792079208,0.3319587628865979,False,4.325943470688771,True,361401.0557949539,505408.72008832206,,3.8668025814930385,6.629915829155659,
2042982259659935,2025,panoroma_two_pass,361402.5514528438,505412.2859219806,34.54901273914318,4.786739326289158,13.914701780048755,prior,north,-4.786739326289165,0.5207920792079208,0.3319587628865979,False,4.325943470688771,True,361401.0557949539,505408.72008832206,,3.8668025814930385,6.629915829155659,
2042982259659935,2024,panoroma_coarse,361402.5514528438,505412.2859219806,34.54901273914318,4.786739326289158,13.914701780048755,prior,north,-4.786739326289165,0.6025369978858351,0.3782051282051282,False,3.1489821306625534,True,361398.72099894413,505406.5588259141,,6.8899932099227765,4.1023735358808375,
2042982259659935,2024,panoroma_fine,361402.5514528438,505412.2859219806,34.54901273914318,4.786739326289158,13.914701780048755,prior,north,-4.786739326289165,0.6025369978858351,0.3782051282051282,False,3.1489821306625534,True,361400.9620724791,505408.77099179174,,3.857572316445874,3.0505528833348747,
2042982259659935,2024,panoroma_two_pass,361402.5514528438,505412.2859219806,34.54901273914318,4.786739326289158,13.914701780048755,prior,north,-4.786739326289165,0.6025369978858351,0.3782051282051282,False,3.1489821306625534,True,361400.9620724791,505408.77099179174,,3.857572316445874,3.0505528833348747,
1414668144105202,2025,panoroma_coarse,361429.77660105436,505392.94916052837,36.35041238830319,1.7316749937805653,17.5722933967522,prior,north,-1.7316749937805582,0.6113861386138614,0.44575471698113206,False,4.188989663572595,True,361423.6280886252,505387.7702449703,,8.038990698418626,5.379770398489256,
1414668144105202,2025,panoroma_fine,361429.77660105436,505392.94916052837,36.35041238830319,1.7316749937805653,17.5722933967522,prior,north,-1.7316749937805582,0.6113861386138614,0.44575471698113206,False,4.188989663572595,True,361424.8321002053,505391.78247508785,,5.0802798705838,6.998635694289611,
1414668144105202,2025,panoroma_two_pass,361429.77660105436,505392.94916052837,36.35041238830319,1.7316749937805653,17.5722933967522,prior,north,-1.7316749937805582,0.6113861386138614,0.44575471698113206,False,4.188989663572595,True,361424.8321002053,505391.78247508785,,5.0802798705838,6.998635694289611,
1414668144105202,2024,panoroma_coarse,361429.77660105436,505392.94916052837,36.35041238830319,1.7316749937805653,17.5722933967522,prior,north,-1.7316749937805582,0.6294536817102138,0.4782608695652174,False,2.5187015597064115,True,361426.5316928081,505389.89841713407,,4.453814632937287,5.114676960831833,
1414668144105202,2024,panoroma_fine,361429.77660105436,505392.94916052837,36.35041238830319,1.7316749937805653,17.5722933967522,prior,north,-1.7316749937805582,0.6294536817102138,0.4782608695652174,False,2.5187015597064115,True,361424.49976663047,505391.3867496089,,5.503281695349327,8.394642616776773,
1414668144105202,2024,panoroma_two_pass,361429.77660105436,505392.94916052837,36.35041238830319,1.7316749937805653,17.5722933967522,prior,north,-1.7316749937805582,0.6294536817102138,0.4782608695652174,False,2.5187015597064115,True,361424.49976663047,505391.3867496089,,5.503281695349327,8.394642616776773,
1618985639622967,2025,panoroma_coarse,361660.73672209936,505384.5892911423,341.9133629584468,7.844000921557267,29.359748948213433,prior,north,-7.844000921557267,0.6916167664670658,0.5136518771331058,False,3.2634279725133837,True,361669.80211715715,505384.48437091924,,9.066002195394212,13.512630579198921,
1618985639622967,2025,panoroma_fine,361660.73672209936,505384.5892911423,341.9133629584468,7.844000921557267,29.359748948213433,prior,north,-7.844000921557267,0.6916167664670658,0.5136518771331058,False,3.2634279725133837,True,361667.61671130627,505386.907997004,,7.2602099391267485,6.774795189564737,
1618985639622967,2025,panoroma_two_pass,361660.73672209936,505384.5892911423,341.9133629584468,7.844000921557267,29.359748948213433,prior,north,-7.844000921557267,0.6916167664670658,0.5136518771331058,False,3.2634279725133837,True,361667.61671130627,505386.907997004,,7.2602099391267485,6.774795189564737,
1618985639622967,2024,panoroma_coarse,361660.73672209936,505384.5892911423,341.9133629584468,7.844000921557267,29.359748948213433,prior,north,-7.844000921557267,0.43128654970760233,0.5163934426229508,False,2.5415996596554202,True,361669.0474540547,505385.25077929266,,8.337015785432525,9.092029563077414,
1618985639622967,2024,panoroma_fine,361660.73672209936,505384.5892911423,341.9133629584468,7.844000921557267,29.359748948213433,prior,north,-7.844000921557267,0.43128654970760233,0.5163934426229508,False,2.5415996596554202,True,361667.6904543342,505387.3997978102,,7.500222644960472,6.867668288530094,
1618985639622967,2024,panoroma_two_pass,361660.73672209936,505384.5892911423,341.9133629584468,7.844000921557267,29.359748948213433,prior,north,-7.844000921557267,0.43128654970760233,0.5163934426229508,False,2.5415996596554202,True,361667.6904543342,505387.3997978102,,7.500222644960472,6.867668288530094,
1474764354670842,2025,panoroma_coarse,361440.31565603625,505384.64882748015,38.95936464265365,1.73382380245949,27.48373705659677,prior,north,-1.733823802459483,0.44954128440366975,0.43568464730290457,False,2.4350139222236886,True,361456.7187352808,505369.92799378705,,22.040053387476398,9.72388501007854,
1474764354670842,2025,panoroma_fine,361440.31565603625,505384.64882748015,38.95936464265365,1.73382380245949,27.48373705659677,prior,north,-1.733823802459483,0.44954128440366975,0.43568464730290457,False,2.4350139222236886,True,361456.233440388,505367.5418291514,,23.36718319542732,1.1586260804697293,
1474764354670842,2025,panoroma_two_pass,361440.31565603625,505384.64882748015,38.95936464265365,1.73382380245949,27.48373705659677,prior,north,-1.733823802459483,0.44954128440366975,0.43568464730290457,False,2.4350139222236886,True,361456.233440388,505367.5418291514,,23.36718319542732,1.1586260804697293,
1474764354670842,2024,panoroma_coarse,361440.31565603625,505384.64882748015,38.95936464265365,1.73382380245949,27.48373705659677,prior,north,-1.733823802459483,0.6382022471910113,0.47368421052631576,False,2.023825678557452,True,361454.21187894535,505370.4643504425,,19.8570994853349,0.17902881887424701,
1474764354670842,2024,panoroma_fine,361440.31565603625,505384.64882748015,38.95936464265365,1.73382380245949,27.48373705659677,prior,north,-1.733823802459483,0.6382022471910113,0.47368421052631576,False,2.023825678557452,True,361454.5071347708,505368.4621780287,,21.526859713781654,6.14621240911781,
1474764354670842,2024,panoroma_two_pass,361440.31565603625,505384.64882748015,38.95936464265365,1.73382380245949,27.48373705659677,prior,north,-1.733823802459483,0.6382022471910113,0.47368421052631576,False,2.023825678557452,True,361454.5071347708,505368.4621780287,,21.526859713781654,6.14621240911781,
1068392369135122,2025,panoroma_coarse,361663.91543647763,505385.67106408905,341.2056764857247,2.6500842519182015,12.54106987823019,prior,north,-2.6500842519182015,0.7831541218637993,0.505654281098546,False,3.3741014244870486,True,361655.4301137443,505383.26384741295,,8.820169727099477,2.607470924571406,
1068392369135122,2025,panoroma_fine,361663.91543647763,505385.67106408905,341.2056764857247,2.6500842519182015,12.54106987823019,prior,north,-2.6500842519182015,0.7831541218637993,0.505654281098546,False,3.3741014244870486,True,361652.28088535013,505384.47501253145,,11.695867614967751,14.235225755058673,
1068392369135122,2025,panoroma_two_pass,361663.91543647763,505385.67106408905,341.2056764857247,2.6500842519182015,12.54106987823019,prior,north,-2.6500842519182015,0.7831541218637993,0.505654281098546,False,3.3741014244870486,True,361652.28088535013,505384.47501253145,,11.695867614967751,14.235225755058673,
1068392369135122,2024,panoroma_coarse,361663.91543647763,505385.67106408905,341.2056764857247,2.6500842519182015,12.54106987823019,prior,north,-2.6500842519182015,0.774597495527728,0.49572649572649574,False,1.4326892420750195,True,361654.40195832856,505382.6225099628,,9.989992430104474,6.508374503810788,
1068392369135122,2024,panoroma_fine,361663.91543647763,505385.67106408905,341.2056764857247,2.6500842519182015,12.54106987823019,prior,north,-2.6500842519182015,0.774597495527728,0.49572649572649574,False,1.4326892420750195,True,361653.16605001607,505383.34716788726,,10.997718074984975,7.089450044317218,
1068392369135122,2024,panoroma_two_pass,361663.91543647763,505385.67106408905,341.2056764857247,2.6500842519182015,12.54106987823019,prior,north,-2.6500842519182015,0.774597495527728,0.49572649572649574,False,1.4326892420750195,True,361653.16605001607,505383.34716788726,,10.997718074984975,7.089450044317218,
1564945198650080,2025,panoroma_coarse,361437.8867985086,505386.64270352945,38.26679697796344,1.9030999254935423,20.927605013646513,prior,north,-1.9030999254935352,0.663594470046083,0.4484848484848485,False,2.041397838293468,True,361434.11063545576,505385.42650069407,,3.967184989171417,1.663056384441986,
1564945198650080,2025,panoroma_fine,361437.8867985086,505386.64270352945,38.26679697796344,1.9030999254935423,20.927605013646513,prior,north,-1.9030999254935352,0.663594470046083,0.4484848484848485,False,2.041397838293468,True,361435.9216063792,505384.4843279664,,2.919000715394396,5.71244831377229,
1564945198650080,2025,panoroma_two_pass,361437.8867985086,505386.64270352945,38.26679697796344,1.9030999254935423,20.927605013646513,prior,north,-1.9030999254935352,0.663594470046083,0.4484848484848485,False,2.041397838293468,True,361435.9216063792,505384.4843279664,,2.919000715394396,5.71244831377229,
1564945198650080,2024,panoroma_coarse,361437.8867985086,505386.64270352945,38.26679697796344,1.9030999254935423,20.927605013646513,prior,north,-1.9030999254935352,0.6682242990654206,0.4852941176470588,False,0.6658661142374619,True,361433.85864974157,505385.9752191875,,4.083077005879693,0.30272689499103655,
1564945198650080,2024,panoroma_fine,361437.8867985086,505386.64270352945,38.26679697796344,1.9030999254935423,20.927605013646513,prior,north,-1.9030999254935352,0.6682242990654206,0.4852941176470588,False,0.6658661142374619,True,361433.2976939199,505386.33397571807,,4.599477555902266,4.3144339452027705,
1564945198650080,2024,panoroma_two_pass,361437.8867985086,505386.64270352945,38.26679697796344,1.9030999254935423,20.927605013646513,prior,north,-1.9030999254935352,0.6682242990654206,0.4852941176470588,False,0.6658661142374619,True,361433.2976939199,505386.33397571807,,4.599477555902266,4.3144339452027705,
4615440378688443,2025,panoroma_coarse,361667.09693574253,505386.74030265305,341.80319371641906,-2.3483484034853177,12.340544478423272,prior,north,2.3483484034853177,0.6955223880597015,0.5135566188197768,False,4.246901205763487,True,361660.5266923301,505384.3078501542,,7.006063349570132,2.6514387230251395,
4615440378688443,2025,panoroma_fine,361667.09693574253,505386.74030265305,341.80319371641906,-2.3483484034853177,12.340544478423272,prior,north,2.3483484034853177,0.6955223880597015,0.5135566188197768,False,4.246901205763487,True,361656.29376296303,505383.963642622,,11.15429885881895,4.085111930288104,
4615440378688443,2025,panoroma_two_pass,361667.09693574253,505386.74030265305,341.80319371641906,-2.3483484034853177,12.340544478423272,prior,north,2.3483484034853177,0.6955223880597015,0.5135566188197768,False,4.246901205763487,True,361656.29376296303,505383.963642622,,11.15429885881895,4.085111930288104,
4615440378688443,2024,panoroma_coarse,361667.09693574253,505386.74030265305,341.80319371641906,-2.3483484034853177,12.340544478423272,prior,north,2.3483484034853177,0.7911184210526315,0.5,False,2.1738726462566085,True,361660.0370963153,505383.99287826585,,7.575597237298283,0.17169695312570504,
4615440378688443,2024,panoroma_fine,361667.09693574253,505386.74030265305,341.80319371641906,-2.3483484034853177,12.340544478423272,prior,north,2.3483484034853177,0.7911184210526315,0.5,False,2.1738726462566085,True,361657.86822909134,505384.1403138353,,9.587959548634432,1.9977002911461612,
4615440378688443,2024,panoroma_two_pass,361667.09693574253,505386.74030265305,341.80319371641906,-2.3483484034853177,12.340544478423272,prior,north,2.3483484034853177,0.7911184210526315,0.5,False,2.1738726462566085,True,361657.86822909134,505384.1403138353,,9.587959548634432,1.9977002911461612,
2475590072940447,2025,panoroma_coarse,361435.191131282,505388.7912223553,37.60874143036869,6.561074116439073,21.861872817515597,prior,north,-6.561074116439073,0.5833333333333334,0.5187793427230047,False,4.432338384952572,True,361434.58647483937,505385.5608121578,,3.2865117461923163,0.2724312743571432,
2475590072940447,2025,panoroma_fine,361435.191131282,505388.7912223553,37.60874143036869,6.561074116439073,21.861872817515597,prior,north,-6.561074116439073,0.5833333333333334,0.5187793427230047,False,4.432338384952572,True,361430.57888613985,505387.4541838524,,4.802132568945722,1.2928398329356958,
2475590072940447,2025,panoroma_two_pass,361435.191131282,505388.7912223553,37.60874143036869,6.561074116439073,21.861872817515597,prior,north,-6.561074116439073,0.5833333333333334,0.5187793427230047,False,4.432338384952572,True,361430.57888613985,505387.4541838524,,4.802132568945722,1.2928398329356958,
2475590072940447,2024,panoroma_coarse,361435.191131282,505388.7912223553,37.60874143036869,6.561074116439073,21.861872817515597,prior,north,-6.561074116439073,0.6368038740920097,0.5069767441860465,False,4.545628674015305,True,361435.15025134705,505385.24173952814,,3.5497182296075995,0.02996923053490098,
2475590072940447,2024,panoroma_fine,361435.191131282,505388.7912223553,37.60874143036869,6.561074116439073,21.861872817515597,prior,north,-6.561074116439073,0.6368038740920097,0.5069767441860465,False,4.545628674015305,True,361430.99530393066,505387.0854184614,,4.52931938451087,4.172931942266023,
2475590072940447,2024,panoroma_two_pass,361435.191131282,505388.7912223553,37.60874143036869,6.561074116439073,21.861872817515597,prior,north,-6.561074116439073,0.6368038740920097,0.5069767441860465,False,4.545628674015305,True,361430.99530393066,505387.0854184614,,4.52931938451087,4.172931942266023,
1396114019377954,2025,panoroma_coarse,361670.2548139775,505387.72986708675,342.5975018495259,4.9904432314068,12.802808954800723,prior,north,-4.9904432314068,0.7996219281663516,0.537542662116041,False,1.703459160185142,True,361660.2342868885,505382.5658216779,,11.272902382535456,10.263766739012775,
1396114019377954,2025,panoroma_fine,361670.2548139775,505387.72986708675,342.5975018495259,4.9904432314068,12.802808954800723,prior,north,-4.9904432314068,0.7996219281663516,0.537542662116041,False,1.703459160185142,True,361660.35696343146,505384.26485775056,,10.486836278491365,11.366197663538493,
1396114019377954,2025,panoroma_two_pass,361670.2548139775,505387.72986708675,342.5975018495259,4.9904432314068,12.802808954800723,prior,north,-4.9904432314068,0.7996219281663516,0.537542662116041,False,1.703459160185142,True,361660.35696343146,505384.26485775056,,10.486836278491365,11.366197663538493,
1396114019377954,2024,panoroma_coarse,361670.2548139775,505387.72986708675,342.5975018495259,4.9904432314068,12.802808954800723,prior,north,-4.9904432314068,0.7928436911487758,0.4233128834355828,False,1.4680086992623014,True,361660.68577642745,505382.8549204852,,10.739254350412207,4.695441581642463,
1396114019377954,2024,panoroma_fine,361670.2548139775,505387.72986708675,342.5975018495259,4.9904432314068,12.802808954800723,prior,north,-4.9904432314068,0.7928436911487758,0.4233128834355828,False,1.4680086992623014,True,361659.75479490444,505383.9899636319,,11.146177747845675,5.3396296683865,
1396114019377954,2024,panoroma_two_pass,361670.2548139775,505387.72986708675,342.5975018495259,4.9904432314068,12.802808954800723,prior,north,-4.9904432314068,0.7928436911487758,0.4233128834355828,False,1.4680086992623014,True,361659.75479490444,505383.9899636319,,11.146177747845675,5.3396296683865,
2297705431003261,2025,panoroma_coarse,361692.0407925941,505395.04660389107,341.62760906800236,8.285998239926982,13.096277008695289,prior,north,-8.285998239926982,0.871319520174482,0.7270051508462104,False,4.949404152862166,True,361684.8354615339,505389.7014880389,,8.971458028654201,4.747878649227891,
2297705431003261,2025,panoroma_fine,361692.0407925941,505395.04660389107,341.62760906800236,8.285998239926982,13.096277008695289,prior,north,-8.285998239926982,0.871319520174482,0.7270051508462104,False,4.949404152862166,True,361679.9036396625,505389.28467333526,,13.43541309431249,8.245701150646102,
2297705431003261,2025,panoroma_two_pass,361692.0407925941,505395.04660389107,341.62760906800236,8.285998239926982,13.096277008695289,prior,north,-8.285998239926982,0.871319520174482,0.7270051508462104,False,4.949404152862166,True,361679.9036396625,505389.28467333526,,13.43541309431249,8.245701150646102,
2297705431003261,2024,panoroma_coarse,361692.0407925941,505395.04660389107,341.62760906800236,8.285998239926982,13.096277008695289,prior,north,-8.285998239926982,0.8535242290748899,0.7958426132145509,False,3.6419276528974383,True,361682.8762921834,505390.13266746304,,10.398790265979839,8.656378682486045,
2297705431003261,2024,panoroma_fine,361692.0407925941,505395.04660389107,341.62760906800236,8.285998239926982,13.096277008695289,prior,north,-8.285998239926982,0.8535242290748899,0.7958426132145509,False,3.6419276528974383,True,361679.58739546494,505391.69689104176,,12.896033352501224,5.393720679306734,
2297705431003261,2024,panoroma_two_pass,361692.0407925941,505395.04660389107,341.62760906800236,8.285998239926982,13.096277008695289,prior,north,-8.285998239926982,0.8535242290748899,0.7958426132145509,False,3.6419276528974383,True,361679.58739546494,505391.69689104176,,12.896033352501224,5.393720679306734,
3578370962341082,2025,panoroma_coarse,361722.43283607205,505405.1593217058,341.70905350321345,9.194914049966599,17.401209465369714,prior,north,-9.194914049966599,0.8123028391167192,0.38764044943820225,False,3.725708145929271,True,361736.4083678714,505408.2372111323,,14.310446967055825,8.914883276294049,
3578370962341082,2025,panoroma_fine,361722.43283607205,505405.1593217058,341.70905350321345,9.194914049966599,17.401209465369714,prior,north,-9.194914049966599,0.8123028391167192,0.38764044943820225,False,3.725708145929271,True,361740.1210079767,505408.54898771504,,18.010032231581047,10.129797361249123,
3578370962341082,2025,panoroma_two_pass,361722.43283607205,505405.1593217058,341.70905350321345,9.194914049966599,17.401209465369714,prior,north,-9.194914049966599,0.8123028391167192,0.38764044943820225,False,3.725708145929271,True,361740.1210079767,505408.54898771504,,18.010032231581047,10.129797361249123,
3578370962341082,2024,panoroma_coarse,361722.43283607205,505405.1593217058,341.70905350321345,9.194914049966599,17.401209465369714,prior,north,-9.194914049966599,0.8251192368839427,0.4885290148448043,False,2.1138840066093465,True,361737.53288450005,505409.7697443249,,15.788206334299668,10.142005562492566,
3578370962341082,2024,panoroma_fine,361722.43283607205,505405.1593217058,341.70905350321345,9.194914049966599,17.401209465369714,prior,north,-9.194914049966599,0.8251192368839427,0.4885290148448043,False,2.1138840066093465,True,361739.34024079604,505408.6734009422,,17.268731493079798,9.072655565574616,
3578370962341082,2024,panoroma_two_pass,361722.43283607205,505405.1593217058,341.70905350321345,9.194914049966599,17.401209465369714,prior,north,-9.194914049966599,0.8251192368839427,0.4885290148448043,False,2.1138840066093465,True,361739.34024079604,505408.6734009422,,17.268731493079798,9.072655565574616,
