frame_id,year,method,gt_e,gt_n,gt_yaw,crop_rot_deg,centre_guess_m,heading,ref_up,residual_rot_deg,inliers_peak,inliers_fine,fallback_fine,fine_shift_m,ok,pred_e,pred_n,pred_yaw,err_m,err_deg,error
2095057974553082,2025,panoroma_coarse,360026.3821716677,504344.61452205386,81.42574118763453,2.725570345245515,6.078716834144202,prior,north,-2.725570345245501,0.49430523917995445,0.25061425061425063,False,3.3612763546941418,True,360027.46075043705,504342.470901897,,2.3996748818475075,2.0731378115091994,
2095057974553082,2025,panoroma_fine,360026.3821716677,504344.61452205386,81.42574118763453,2.725570345245515,6.078716834144202,prior,north,-2.725570345245501,0.49430523917995445,0.25061425061425063,False,3.3612763546941418,True,360030.48409919825,504341.00204485806,,5.46587604652733,30.81506058901626,
2095057974553082,2025,panoroma_two_pass,360026.3821716677,504344.61452205386,81.42574118763453,2.725570345245515,6.078716834144202,prior,north,-2.725570345245501,0.49430523917995445,0.25061425061425063,False,3.3612763546941418,True,360030.48409919825,504341.00204485806,,5.46587604652733,30.81506058901626,
2095057974553082,2024,panoroma_coarse,360026.3821716677,504344.61452205386,81.42574118763453,2.725570345245515,6.078716834144202,prior,north,-2.725570345245501,0.513189448441247,0.31295843520782396,False,3.170322710124572,True,360026.8304019831,504342.8646245459,,1.8063919021026542,2.864016901916483,
2095057974553082,2024,panoroma_fine,360026.3821716677,504344.61452205386,81.42574118763453,2.725570345245515,6.078716834144202,prior,north,-2.725570345245501,0.513189448441247,0.31295843520782396,False,3.170322710124572,True,360028.52443539014,504340.18484901387,,4.9204976473626285,1.065294513725077,
2095057974553082,2024,panoroma_two_pass,360026.3821716677,504344.61452205386,81.42574118763453,2.725570345245515,6.078716834144202,prior,north,-2.725570345245501,0.513189448441247,0.31295843520782396,False,3.170322710124572,True,360028.52443539014,504340.18484901387,,4.9204976473626285,1.065294513725077,
2134127433808624,2025,panoroma_coarse,360032.84761322686,504307.9422390545,69.43286538919972,2.7334306631946674,11.661891745019847,prior,north,-2.7334306631946674,0.36,0.16233766233766234,False,1.6566913770898908,True,360032.75311201083,504307.5292401823,,0.42367268998898755,0.12372463170384286,
2134127433808624,2025,panoroma_fine,360032.84761322686,504307.9422390545,69.43286538919972,2.7334306631946674,11.661891745019847,prior,north,-2.7334306631946674,0.36,0.16233766233766234,False,1.6566913770898908,True,360032.46410099574,504305.89795266866,,2.0799491480943044,3.2916879128187637,
2134127433808624,2025,panoroma_two_pass,360032.84761322686,504307.9422390545,69.43286538919972,2.7334306631946674,11.661891745019847,prior,north,-2.7334306631946674,0.36,0.16233766233766234,False,1.6566913770898908,True,360032.46410099574,504305.89795266866,,2.0799491480943044,3.2916879128187637,
2134127433808624,2024,panoroma_coarse,360032.84761322686,504307.9422390545,69.43286538919972,2.7334306631946674,11.661891745019847,prior,north,-2.7334306631946674,0.3295880149812734,0.15217391304347827,False,0.19154790531904345,True,360030.98411956447,504307.83384284726,,1.8666436101973125,0.8122737046599616,
2134127433808624,2024,panoroma_fine,360032.84761322686,504307.9422390545,69.43286538919972,2.7334306631946674,11.661891745019847,prior,north,-2.7334306631946674,0.3295880149812734,0.15217391304347827,False,0.19154790531904345,True,360030.87752005475,504307.99298788985,,1.9707466988565612,8.062685781131878,
2134127433808624,2024,panoroma_two_pass,360032.84761322686,504307.9422390545,69.43286538919972,2.7334306631946674,11.661891745019847,prior,north,-2.7334306631946674,0.3295880149812734,0.15217391304347827,False,0.19154790531904345,True,360030.87752005475,504307.99298788985,,1.9707466988565612,8.062685781131878,
28398706986416513,2025,panoroma_coarse,360060.1043976202,504303.69896460697,354.88874202101726,-0.9760247201908214,15.006479104534213,prior,north,0.9760247201908214,0.35083532219570407,0.16071428571428573,True,6.1150120078742,True,360054.5667526094,504299.15061317757,,7.166101659270923,8.00210910351416,
28398706986416513,2025,panoroma_fine,360060.1043976202,504303.69896460697,354.88874202101726,-0.9760247201908214,15.006479104534213,prior,north,0.9760247201908214,0.35083532219570407,0.16071428571428573,True,6.1150120078742,True,360058.03702537407,504294.11567734927,,9.803745338780018,2.2822855482505435,
28398706986416513,2025,panoroma_two_pass,360060.1043976202,504303.69896460697,354.88874202101726,-0.9760247201908214,15.006479104534213,prior,north,0.9760247201908214,0.35083532219570407,0.16071428571428573,True,6.1150120078742,True,360054.5667526094,504299.15061317757,,7.166101659270923,8.00210910351416,
28398706986416513,2024,panoroma_coarse,360060.1043976202,504303.69896460697,354.88874202101726,-0.9760247201908214,15.006479104534213,prior,north,0.9760247201908214,0.35751295336787564,0.19458128078817735,False,2.64615233935177,True,360057.5004153731,504298.15535235096,,6.12473349525982,2.203919257128651,
28398706986416513,2024,panoroma_fine,360060.1043976202,504303.69896460697,354.88874202101726,-0.9760247201908214,15.006479104534213,prior,north,0.9760247201908214,0.35751295336787564,0.19458128078817735,False,2.64615233935177,True,360058.0492560169,504295.566743429,,8.387885806154221,10.844750777439282,
28398706986416513,2024,panoroma_two_pass,360060.1043976202,504303.69896460697,354.88874202101726,-0.9760247201908214,15.006479104534213,prior,north,0.9760247201908214,0.35751295336787564,0.19458128078817735,False,2.64615233935177,True,360058.0492560169,504295.566743429,,8.387885806154221,10.844750777439282,
1100804636233191,2025,panoroma_coarse,360094.6966482403,504308.69749890827,349.42166902017294,-2.161816277693731,21.24791738217679,prior,north,2.161816277693731,0.5563463819691578,0.3145933014354067,False,3.001874525224889,True,360073.9958684855,504305.2008015315,,20.99402712685812,6.390847777247516,
1100804636233191,2025,panoroma_fine,360094.6966482403,504308.69749890827,349.42166902017294,-2.161816277693731,21.24791738217679,prior,north,2.161816277693731,0.5563463819691578,0.3145933014354067,False,3.001874525224889,True,360074.02567638585,504302.19907500263,,21.66837766575458,6.51215776018003,
1100804636233191,2025,panoroma_two_pass,360094.6966482403,504308.69749890827,349.42166902017294,-2.161816277693731,21.24791738217679,prior,north,2.161816277693731,0.5563463819691578,0.3145933014354067,False,3.001874525224889,True,360074.02567638585,504302.19907500263,,21.66837766575458,6.51215776018003,
1100804636233191,2024,panoroma_coarse,360094.6966482403,504308.69749890827,349.42166902017294,-2.161816277693731,21.24791738217679,prior,north,2.161816277693731,0.5400516795865633,0.273972602739726,False,2.6150938201877936,True,360074.198841687,504303.8892835071,,21.054192191619748,1.6067743089284403,
1100804636233191,2024,panoroma_fine,360094.6966482403,504308.69749890827,349.42166902017294,-2.161816277693731,21.24791738217679,prior,north,2.161816277693731,0.5400516795865633,0.273972602739726,False,2.6150938201877936,True,360072.8782205933,504301.6321446953,,22.93388355995698,8.101542192762016,
1100804636233191,2024,panoroma_two_pass,360094.6966482403,504308.69749890827,349.42166902017294,-2.161816277693731,21.24791738217679,prior,north,2.161816277693731,0.5400516795865633,0.273972602739726,False,2.6150938201877936,True,360072.8782205933,504301.6321446953,,22.93388355995698,8.101542192762016,
1794136951725433,2025,panoroma_coarse,360128.5122393634,504314.32278087456,350.37814580786244,-5.31579783024938,18.831871251631615,prior,north,5.31579783024938,0.3583535108958838,0.2190366972477064,False,1.2451912036305557,True,360126.47973490285,504311.53637464845,,3.448932304207873,9.482518864142792,
1794136951725433,2025,panoroma_fine,360128.5122393634,504314.32278087456,350.37814580786244,-5.31579783024938,18.831871251631615,prior,north,5.31579783024938,0.3583535108958838,0.2190366972477064,False,1.2451912036305557,True,360126.32538173033,504310.3007872449,,4.578075912879956,16.90832390714717,
1794136951725433,2025,panoroma_two_pass,360128.5122393634,504314.32278087456,350.37814580786244,-5.31579783024938,18.831871251631615,prior,north,5.31579783024938,0.3583535108958838,0.2190366972477064,False,1.2451912036305557,True,360126.32538173033,504310.3007872449,,4.578075912879956,16.90832390714717,
1794136951725433,2024,panoroma_coarse,360128.5122393634,504314.32278087456,350.37814580786244,-5.31579783024938,18.831871251631615,prior,north,5.31579783024938,0.34987593052109184,0.2419889502762431,False,2.5038475651129986,True,360126.29395217705,504309.8269013868,,5.013355204821357,6.31740400922407,
1794136951725433,2024,panoroma_fine,360128.5122393634,504314.32278087456,350.37814580786244,-5.31579783024938,18.831871251631615,prior,north,5.31579783024938,0.34987593052109184,0.2419889502762431,False,2.5038475651129986,True,360128.2086843246,504308.2135032857,,6.116814393054861,8.433983536080031,
1794136951725433,2024,panoroma_two_pass,360128.5122393634,504314.32278087456,350.37814580786244,-5.31579783024938,18.831871251631615,prior,north,5.31579783024938,0.34987593052109184,0.2419889502762431,False,2.5038475651129986,True,360128.2086843246,504308.2135032857,,6.116814393054861,8.433983536080031,
2250285992180932,2025,panoroma_coarse,360142.6419883799,504291.9622382168,80.71202241156853,-8.90746811004847,30.21488618115079,prior,north,8.907468110048455,0.39224952741020797,0.14387464387464388,False,0.2689428921151409,True,360151.2626570881,504329.4888897252,,38.50409721588779,33.745561277402935,
2250285992180932,2025,panoroma_fine,360142.6419883799,504291.9622382168,80.71202241156853,-8.90746811004847,30.21488618115079,prior,north,8.907468110048455,0.39224952741020797,0.14387464387464388,False,0.2689428921151409,True,360151.2998810245,504329.2225353414,,38.25295866807289,4.2480785547352475,
2250285992180932,2025,panoroma_two_pass,360142.6419883799,504291.9622382168,80.71202241156853,-8.90746811004847,30.21488618115079,prior,north,8.907468110048455,0.39224952741020797,0.14387464387464388,False,0.2689428921151409,True,360151.2998810245,504329.2225353414,,38.25295866807289,4.2480785547352475,
2250285992180932,2024,panoroma_coarse,360142.6419883799,504291.9622382168,80.71202241156853,-8.90746811004847,30.21488618115079,prior,north,8.907468110048455,0.5036407766990292,0.19326683291770574,False,5.384532722645098,True,360150.26610496314,504328.5427519165,,37.3665777963651,21.653372123048257,
2250285992180932,2024,panoroma_fine,360142.6419883799,504291.9622382168,80.71202241156853,-8.90746811004847,30.21488618115079,prior,north,8.907468110048455,0.5036407766990292,0.19326683291770574,False,5.384532722645098,True,360146.0027570411,504331.8316813983,,40.01083935137003,30.170514301892986,
2250285992180932,2024,panoroma_two_pass,360142.6419883799,504291.9622382168,80.71202241156853,-8.90746811004847,30.21488618115079,prior,north,8.907468110048455,0.5036407766990292,0.19326683291770574,False,5.384532722645098,True,360146.0027570411,504331.8316813983,,40.01083935137003,30.170514301892986,
1113377307836084,2025,panoroma_coarse,360152.59731493844,504260.3036048608,31.148380222847756,-2.1963602555590036,17.530503018157212,prior,north,2.196360255559,0.2681744749596123,0.19767441860465115,False,2.991071941600926,True,360149.047286293,504261.2395615682,,3.671337405023304,11.823449275445222,
1113377307836084,2025,panoroma_fine,360152.59731493844,504260.3036048608,31.148380222847756,-2.1963602555590036,17.530503018157212,prior,north,2.196360255559,0.2681744749596123,0.19767441860465115,False,2.991071941600926,True,360148.994339137,504258.24895829154,,4.147650798986878,10.842353924067115,
1113377307836084,2025,panoroma_two_pass,360152.59731493844,504260.3036048608,31.148380222847756,-2.1963602555590036,17.530503018157212,prior,north,2.196360255559,0.2681744749596123,0.19767441860465115,False,2.991071941600926,True,360148.994339137,504258.24895829154,,4.147650798986878,10.842353924067115,
1113377307836084,2024,panoroma_coarse,360152.59731493844,504260.3036048608,31.148380222847756,-2.1963602555590036,17.530503018157212,prior,north,2.196360255559,0.29819277108433734,0.17443868739205526,False,3.813240277938337,True,360150.9424562205,504258.19455368584,,2.680793583038184,9.225793587092804,
1113377307836084,2024,panoroma_fine,360152.59731493844,504260.3036048608,31.148380222847756,-2.1963602555590036,17.530503018157212,prior,north,2.196360255559,0.29819277108433734,0.17443868739205526,False,3.813240277938337,True,360151.02687197685,504254.382247901,,6.126072097264235,3.1879932825909685,
1113377307836084,2024,panoroma_two_pass,360152.59731493844,504260.3036048608,31.148380222847756,-2.1963602555590036,17.530503018157212,prior,north,2.196360255559,0.29819277108433734,0.17443868739205526,False,3.813240277938337,True,360151.02687197685,504254.382247901,,6.126072097264235,3.1879932825909685,
2163701757795311,2025,panoroma_coarse,360185.94907221664,504266.20596416295,348.4601985591976,-3.8132556254095675,26.62386681226079,prior,north,3.8132556254095675,0.49051833122629585,0.3937007874015748,False,5.122503195720654,True,360183.8754955395,504263.6424848174,,3.2971421854157574,5.603629660932093,
2163701757795311,2025,panoroma_fine,360185.94907221664,504266.20596416295,348.4601985591976,-3.8132556254095675,26.62386681226079,prior,north,3.8132556254095675,0.49051833122629585,0.3937007874015748,False,5.122503195720654,True,360181.02537389204,504267.8988736136,,5.20660614986392,3.512361166943303,
2163701757795311,2025,panoroma_two_pass,360185.94907221664,504266.20596416295,348.4601985591976,-3.8132556254095675,26.62386681226079,prior,north,3.8132556254095675,0.49051833122629585,0.3937007874015748,False,5.122503195720654,True,360181.02537389204,504267.8988736136,,5.20660614986392,3.512361166943303,
2163701757795311,2024,panoroma_coarse,360185.94907221664,504266.20596416295,348.4601985591976,-3.8132556254095675,26.62386681226079,prior,north,3.8132556254095675,0.6229281767955801,0.38404452690166974,False,3.3281562034760035,True,360165.7575775046,504256.8465793243,,22.255213844489333,4.198012013340717,
2163701757795311,2024,panoroma_fine,360185.94907221664,504266.20596416295,348.4601985591976,-3.8132556254095675,26.62386681226079,prior,north,3.8132556254095675,0.6229281767955801,0.38404452690166974,False,3.3281562034760035,True,360165.8456738645,504260.17356936727,,20.988959294750092,2.4958499926569897,
2163701757795311,2024,panoroma_two_pass,360185.94907221664,504266.20596416295,348.4601985591976,-3.8132556254095675,26.62386681226079,prior,north,3.8132556254095675,0.6229281767955801,0.38404452690166974,False,3.3281562034760035,True,360165.8456738645,504260.17356936727,,20.988959294750092,2.4958499926569897,
1407730031543039,2025,panoroma_coarse,360163.45460668084,504260.85942704603,167.10602898892608,3.2101088841156695,16.20263947224276,prior,north,-3.2101088841156695,0.4491682070240296,0.15892857142857142,False,4.072640037805851,True,360162.88502486993,504260.9721882184,,0.5806363072594255,7.960997978754598,
1407730031543039,2025,panoroma_fine,360163.45460668084,504260.85942704603,167.10602898892608,3.2101088841156695,16.20263947224276,prior,north,-3.2101088841156695,0.4491682070240296,0.15892857142857142,False,4.072640037805851,True,360163.80532420706,504257.00489115267,,3.8704585951044295,19.066168492379912,
1407730031543039,2025,panoroma_two_pass,360163.45460668084,504260.85942704603,167.10602898892608,3.2101088841156695,16.20263947224276,prior,north,-3.2101088841156695,0.4491682070240296,0.15892857142857142,False,4.072640037805851,True,360163.80532420706,504257.00489115267,,3.8704585951044295,19.066168492379912,
1407730031543039,2024,panoroma_coarse,360163.45460668084,504260.85942704603,167.10602898892608,3.2101088841156695,16.20263947224276,prior,north,-3.2101088841156695,0.47173489278752434,0.15104166666666666,True,7.3629498479064726,True,360161.65481336386,504260.6140149656,,1.8164479274335517,13.045887019647099,
1407730031543039,2024,panoroma_fine,360163.45460668084,504260.85942704603,167.10602898892608,3.2101088841156695,16.20263947224276,prior,north,-3.2101088841156695,0.47173489278752434,0.15104166666666666,True,7.3629498479064726,True,360156.07616915315,504255.8086264035,,8.94158417063239,71.62884616865757,
1407730031543039,2024,panoroma_two_pass,360163.45460668084,504260.85942704603,167.10602898892608,3.2101088841156695,16.20263947224276,prior,north,-3.2101088841156695,0.47173489278752434,0.15104166666666666,True,7.3629498479064726,True,360161.65481336386,504260.6140149656,,1.8164479274335517,13.045887019647099,
4644665985853547,2025,panoroma_coarse,360145.23046914255,504280.3795425352,256.1522303114766,-0.6694210753320533,6.890667594968546,prior,north,0.6694210753320533,0.39671931956257594,0.44375,False,0.7062753324052902,True,360143.9257545333,504279.3442627975,,1.6655582687983226,6.863280988892284,
4644665985853547,2025,panoroma_fine,360145.23046914255,504280.3795425352,256.1522303114766,-0.6694210753320533,6.890667594968546,prior,north,0.6694210753320533,0.39671931956257594,0.44375,False,0.7062753324052902,True,360143.7659578816,504278.65630213346,,2.2614930279813446,7.200855032092542,
4644665985853547,2025,panoroma_two_pass,360145.23046914255,504280.3795425352,256.1522303114766,-0.6694210753320533,6.890667594968546,prior,north,0.6694210753320533,0.39671931956257594,0.44375,False,0.7062753324052902,True,360143.7659578816,504278.65630213346,,2.2614930279813446,7.200855032092542,
4644665985853547,2024,panoroma_coarse,360145.23046914255,504280.3795425352,256.1522303114766,-0.6694210753320533,6.890667594968546,prior,north,0.6694210753320533,0.7040454222853088,0.5464285714285714,False,2.102339402997859,True,360145.61285027256,504278.09663641726,,2.3147085500697564,0.8013864407387093,
4644665985853547,2024,panoroma_fine,360145.23046914255,504280.3795425352,256.1522303114766,-0.6694210753320533,6.890667594968546,prior,north,0.6694210753320533,0.7040454222853088,0.5464285714285714,False,2.102339402997859,True,360144.1282840815,504279.5852244025,,1.3585850008969675,1.5067839682844386,
4644665985853547,2024,panoroma_two_pass,360145.23046914255,504280.3795425352,256.1522303114766,-0.6694210753320533,6.890667594968546,prior,north,0.6694210753320533,0.7040454222853088,0.5464285714285714,False,2.102339402997859,True,360144.1282840815,504279.5852244025,,1.3585850008969675,1.5067839682844386,
2298484727642838,2025,panoroma_coarse,360140.65024008346,504313.04823736195,285.4108410359246,8.674834325535244,29.29750458347407,prior,north,-8.674834325535244,0.2601398601398601,0.1787280701754386,True,9.467571906720883,True,360129.2876678584,504304.94408192614,,13.956553403225405,42.12145372325146,
2298484727642838,2025,panoroma_fine,360140.65024008346,504313.04823736195,285.4108410359246,8.674834325535244,29.29750458347407,prior,north,-8.674834325535244,0.2601398601398601,0.1787280701754386,True,9.467571906720883,True,360138.46190692554,504302.6056518229,,10.66941398348027,29.816930487998206,
2298484727642838,2025,panoroma_two_pass,360140.65024008346,504313.04823736195,285.4108410359246,8.674834325535244,29.29750458347407,prior,north,-8.674834325535244,0.2601398601398601,0.1787280701754386,True,9.467571906720883,True,360129.2876678584,504304.94408192614,,13.956553403225405,42.12145372325146,
2298484727642838,2024,panoroma_coarse,360140.65024008346,504313.04823736195,285.4108410359246,8.674834325535244,29.29750458347407,prior,north,-8.674834325535244,0.4366347177848775,0.1673960612691466,False,4.7220193124975935,True,360133.98890096875,504309.655226941,,7.475691173256659,7.887510750012802,
2298484727642838,2024,panoroma_fine,360140.65024008346,504313.04823736195,285.4108410359246,8.674834325535244,29.29750458347407,prior,north,-8.674834325535244,0.4366347177848775,0.1673960612691466,False,4.7220193124975935,True,360137.4616885953,504312.85479136265,,3.1944141790437053,14.76658026504431,
2298484727642838,2024,panoroma_two_pass,360140.65024008346,504313.04823736195,285.4108410359246,8.674834325535244,29.29750458347407,prior,north,-8.674834325535244,0.4366347177848775,0.1673960612691466,False,4.7220193124975935,True,360137.4616885953,504312.85479136265,,3.1944141790437053,14.76658026504431,
978411255289595,2025,panoroma_coarse,360172.54386717896,504320.6193851456,353.22410338906485,-8.74934191626511,10.215259135897133,prior,north,8.74934191626511,0.6009852216748769,0.2097560975609756,False,1.464925631257581,True,360173.40157974686,504321.4347835496,,1.1834464104159947,4.318657896353532,
978411255289595,2025,panoroma_fine,360172.54386717896,504320.6193851456,353.22410338906485,-8.74934191626511,10.215259135897133,prior,north,8.74934191626511,0.6009852216748769,0.2097560975609756,False,1.464925631257581,True,360173.0299431419,504320.0177820185,,0.7734314218323733,0.4959040946672577,
978411255289595,2025,panoroma_two_pass,360172.54386717896,504320.6193851456,353.22410338906485,-8.74934191626511,10.215259135897133,prior,north,8.74934191626511,0.6009852216748769,0.2097560975609756,False,1.464925631257581,True,360173.0299431419,504320.0177820185,,0.7734314218323733,0.4959040946672577,
978411255289595,2024,panoroma_coarse,360172.54386717896,504320.6193851456,353.22410338906485,-8.74934191626511,10.215259135897133,prior,north,8.74934191626511,0.5640535372848948,0.23190789473684212,True,6.511693693003337,True,360174.5148731221,504319.7054639691,,2.1725828740848705,2.0769477295739653,
978411255289595,2024,panoroma_fine,360172.54386717896,504320.6193851456,353.22410338906485,-8.74934191626511,10.215259135897133,prior,north,8.74934191626511,0.5640535372848948,0.23190789473684212,True,6.511693693003337,True,360168.0561487867,504318.8765883991,,4.8142452023119775,21.53526457883875,
978411255289595,2024,panoroma_two_pass,360172.54386717896,504320.6193851456,353.22410338906485,-8.74934191626511,10.215259135897133,prior,north,8.74934191626511,0.5640535372848948,0.23190789473684212,True,6.511693693003337,True,360174.5148731221,504319.7054639691,,2.1725828740848705,2.0769477295739653,
1394833675537922,2025,panoroma_coarse,360205.21622605325,504314.60090983845,23.92590491563239,5.465485206348241,24.07275643370788,prior,north,-5.465485206348234,0.7536231884057971,0.3113673805601318,False,4.003011911318085,True,360207.7296037633,504311.7906166567,,3.770254007467155,5.313212095334102,
1394833675537922,2025,panoroma_fine,360205.21622605325,504314.60090983845,23.92590491563239,5.465485206348241,24.07275643370788,prior,north,-5.465485206348234,0.7536231884057971,0.3113673805601318,False,4.003011911318085,True,360205.6820806049,504315.2303482273,,0.7830792735458603,0.9016205702823483,
1394833675537922,2025,panoroma_two_pass,360205.21622605325,504314.60090983845,23.92590491563239,5.465485206348241,24.07275643370788,prior,north,-5.465485206348234,0.7536231884057971,0.3113673805601318,False,4.003011911318085,True,360205.6820806049,504315.2303482273,,0.7830792735458603,0.9016205702823483,
1394833675537922,2024,panoroma_coarse,360205.21622605325,504314.60090983845,23.92590491563239,5.465485206348241,24.07275643370788,prior,north,-5.465485206348234,0.7704918032786885,0.3310810810810811,False,0.8239078153189352,True,360206.43685349106,504311.1856722853,,3.6268138753214725,6.544717075457083,
1394833675537922,2024,panoroma_fine,360205.21622605325,504314.60090983845,23.92590491563239,5.465485206348241,24.07275643370788,prior,north,-5.465485206348234,0.7704918032786885,0.3310810810810811,False,0.8239078153189352,True,360206.8418900561,504311.9031466536,,3.1497158048993996,3.760965281073932,
1394833675537922,2024,panoroma_two_pass,360205.21622605325,504314.60090983845,23.92590491563239,5.465485206348241,24.07275643370788,prior,north,-5.465485206348234,0.7704918032786885,0.3310810810810811,False,0.8239078153189352,True,360206.8418900561,504311.9031466536,,3.1497158048993996,3.760965281073932,
1395652132772836,2025,panoroma_coarse,360212.6186717645,504285.4790996788,104.2002610016034,-5.775530422128938,16.23827392956013,prior,north,5.775530422128952,0.6506024096385542,0.5083682008368201,False,1.8997017206910243,True,360211.0363968389,504285.0654177398,,1.6354591669801477,1.6728373831541143,
1395652132772836,2025,panoroma_fine,360212.6186717645,504285.4790996788,104.2002610016034,-5.775530422128938,16.23827392956013,prior,north,5.775530422128952,0.6506024096385542,0.5083682008368201,False,1.8997017206910243,True,360212.24694503256,504283.60136866325,,1.9141720220567564,4.766132037426968,
1395652132772836,2025,panoroma_two_pass,360212.6186717645,504285.4790996788,104.2002610016034,-5.775530422128938,16.23827392956013,prior,north,5.775530422128952,0.6506024096385542,0.5083682008368201,False,1.8997017206910243,True,360212.24694503256,504283.60136866325,,1.9141720220567564,4.766132037426968,
1395652132772836,2024,panoroma_coarse,360212.6186717645,504285.4790996788,104.2002610016034,-5.775530422128938,16.23827392956013,prior,north,5.775530422128952,0.6220183486238532,0.5140997830802603,False,0.686311657573868,True,360211.8016584001,504281.11372616305,,4.441170653069052,0.39729169245527796,
1395652132772836,2024,panoroma_fine,360212.6186717645,504285.4790996788,104.2002610016034,-5.775530422128938,16.23827392956013,prior,north,5.775530422128952,0.6220183486238532,0.5140997830802603,False,0.686311657573868,True,360212.0922080917,504281.7355014987,,3.7804353364420993,4.497779584645665,
1395652132772836,2024,panoroma_two_pass,360212.6186717645,504285.4790996788,104.2002610016034,-5.775530422128938,16.23827392956013,prior,north,5.775530422128952,0.6220183486238532,0.5140997830802603,False,0.686311657573868,True,360212.0922080917,504281.7355014987,,3.7804353364420993,4.497779584645665,
1400355921620343,2025,panoroma_coarse,360205.4759034122,504254.55547422264,107.0257488016855,4.523762939345843,22.887741252164506,prior,north,-4.523762939345829,0.6988130563798219,0.3469387755102041,False,0.06338320118996321,True,360206.6585727919,504256.8606840495,,2.5908877257563416,0.7736219003586661,
1400355921620343,2025,panoroma_fine,360205.4759034122,504254.55547422264,107.0257488016855,4.523762939345843,22.887741252164506,prior,north,-4.523762939345829,0.6988130563798219,0.3469387755102041,False,0.06338320118996321,True,360206.6282388262,504256.80503083114,,2.527524844806498,1.637051695322018,
1400355921620343,2025,panoroma_two_pass,360205.4759034122,504254.55547422264,107.0257488016855,4.523762939345843,22.887741252164506,prior,north,-4.523762939345829,0.6988130563798219,0.3469387755102041,False,0.06338320118996321,True,360206.6282388262,504256.80503083114,,2.527524844806498,1.637051695322018,
1400355921620343,2024,panoroma_coarse,360205.4759034122,504254.55547422264,107.0257488016855,4.523762939345843,22.887741252164506,prior,north,-4.523762939345829,0.47878787878787876,0.39813374805598756,False,2.493317286604421,True,360208.7818201794,504275.25567480695,,20.96252346217953,4.745083999497001,
1400355921620343,2024,panoroma_fine,360205.4759034122,504254.55547422264,107.0257488016855,4.523762939345843,22.887741252164506,prior,north,-4.523762939345829,0.47878787878787876,0.39813374805598756,False,2.493317286604421,True,360211.2692245577,504275.4272864345,,21.660912143818173,5.002061480910657,
1400355921620343,2024,panoroma_two_pass,360205.4759034122,504254.55547422264,107.0257488016855,4.523762939345843,22.887741252164506,prior,north,-4.523762939345829,0.47878787878787876,0.39813374805598756,False,2.493317286604421,True,360211.2692245577,504275.4272864345,,21.660912143818173,5.002061480910657,
1659474219043827,2025,panoroma_coarse,360194.59397493093,504220.8789819656,105.45750862113835,1.8236946770203843,28.29686517500868,prior,north,-1.8236946770203986,0.592496765847348,0.37360890302066774,False,3.686744786460525,True,360200.8041784592,504250.17613142193,,29.948115034669886,5.987371249231313,
1659474219043827,2025,panoroma_fine,360194.59397493093,504220.8789819656,105.45750862113835,1.8236946770203843,28.29686517500868,prior,north,-1.8236946770203986,0.592496765847348,0.37360890302066774,False,3.686744786460525,True,360203.64522966865,504252.52570907463,,32.915658113439775,1.8099055883594322,
1659474219043827,2025,panoroma_two_pass,360194.59397493093,504220.8789819656,105.45750862113835,1.8236946770203843,28.29686517500868,prior,north,-1.8236946770203986,0.592496765847348,0.37360890302066774,False,3.686744786460525,True,360203.64522966865,504252.52570907463,,32.915658113439775,1.8099055883594322,
1659474219043827,2024,panoroma_coarse,360194.59397493093,504220.8789819656,105.45750862113835,1.8236946770203843,28.29686517500868,prior,north,-1.8236946770203986,0.6320224719101124,0.41297935103244837,False,2.6075810486021123,True,360200.49016506784,504250.97196964367,,30.665175126242357,2.413531305509931,
1659474219043827,2024,panoroma_fine,360194.59397493093,504220.8789819656,105.45750862113835,1.8236946770203843,28.29686517500868,prior,north,-1.8236946770203986,0.6320224719101124,0.41297935103244837,False,2.6075810486021123,True,360203.08914981934,504251.18352858647,,31.472742846487908,4.269234200383126,
1659474219043827,2024,panoroma_two_pass,360194.59397493093,504220.8789819656,105.45750862113835,1.8236946770203843,28.29686517500868,prior,north,-1.8236946770203986,0.6320224719101124,0.41297935103244837,False,2.6075810486021123,True,360203.08914981934,504251.18352858647,,31.472742846487908,4.269234200383126,
3757320467753222,2025,panoroma_coarse,360184.3176811162,504190.7261088975,109.89330425369523,0.30327979300933805,16.261700513066646,prior,north,-0.30327979300932384,0.7383720930232558,0.4868965517241379,False,1.546940812132398,True,360183.3672327406,504187.8954100592,,2.986002014021705,1.6183990631838878,
3757320467753222,2025,panoroma_fine,360184.3176811162,504190.7261088975,109.89330425369523,0.30327979300933805,16.261700513066646,prior,north,-0.30327979300932384,0.7383720930232558,0.4868965517241379,False,1.546940812132398,True,360184.73620618926,504188.6157832771,,2.151426843015787,3.915433132691233,
3757320467753222,2025,panoroma_two_pass,360184.3176811162,504190.7261088975,109.89330425369523,0.30327979300933805,16.261700513066646,prior,north,-0.30327979300932384,0.7383720930232558,0.4868965517241379,False,1.546940812132398,True,360184.73620618926,504188.6157832771,,2.151426843015787,3.915433132691233,
3757320467753222,2024,panoroma_coarse,360184.3176811162,504190.7261088975,109.89330425369523,0.30327979300933805,16.261700513066646,prior,north,-0.30327979300932384,0.7270029673590505,0.4135546334716459,False,1.2192855757916667,True,360183.1619888636,504188.6875601371,,2.3433535010940125,0.3431074876814971,
3757320467753222,2024,panoroma_fine,360184.3176811162,504190.7261088975,109.89330425369523,0.30327979300933805,16.261700513066646,prior,north,-0.30327979300932384,0.7270029673590505,0.4135546334716459,False,1.2192855757916667,True,360184.3519030414,504188.42154967715,,2.3048132983298757,4.320709156623606,
3757320467753222,2024,panoroma_two_pass,360184.3176811162,504190.7261088975,109.89330425369523,0.30327979300933805,16.261700513066646,prior,north,-0.30327979300932384,0.7270029673590505,0.4135546334716459,False,1.2192855757916667,True,360184.3519030414,504188.42154967715,,2.3048132983298757,4.320709156623606,
1084706981111921,2025,panoroma_coarse,360172.7961192918,504159.78433716483,109.07841537892595,-2.4876025192762796,13.771266339979283,prior,north,2.4876025192762654,0.5980926430517711,0.46275071633237824,False,2.8356998187737132,True,360173.1928196557,504157.99786556314,,1.829986874916947,1.2460217776983817,
1084706981111921,2025,panoroma_fine,360172.7961192918,504159.78433716483,109.07841537892595,-2.4876025192762796,13.771266339979283,prior,north,2.4876025192762654,0.5980926430517711,0.46275071633237824,False,2.8356998187737132,True,360170.76044807385,504156.54020924214,,3.8299247102746734,3.648661698686594,
1084706981111921,2025,panoroma_two_pass,360172.7961192918,504159.78433716483,109.07841537892595,-2.4876025192762796,13.771266339979283,prior,north,2.4876025192762654,0.5980926430517711,0.46275071633237824,False,2.8356998187737132,True,360170.76044807385,504156.54020924214,,3.8299247102746734,3.648661698686594,
1084706981111921,2024,panoroma_coarse,360172.7961192918,504159.78433716483,109.07841537892595,-2.4876025192762796,13.771266339979283,prior,north,2.4876025192762654,0.6605113636363636,0.46875,False,3.0606705056689836,True,360174.0519832703,504155.7545954511,,4.22090187185744,0.6702976568017807,
1084706981111921,2024,panoroma_fine,360172.7961192918,504159.78433716483,109.07841537892595,-2.4876025192762796,13.771266339979283,prior,north,2.4876025192762654,0.6605113636363636,0.46875,False,3.0606705056689836,True,360171.14454941073,504156.7109072707,,3.489076437405979,4.781036434395663,
1084706981111921,2024,panoroma_two_pass,360172.7961192918,504159.78433716483,109.07841537892595,-2.4876025192762796,13.771266339979283,prior,north,2.4876025192762654,0.6605113636363636,0.46875,False,3.0606705056689836,True,360171.14454941073,504156.7109072707,,3.489076437405979,4.781036434395663,
1569936184813606,2025,panoroma_coarse,360163.02569056407,504128.34509992413,107.55053766241267,-5.274329366226681,12.848549724647116,prior,north,5.274329366226681,0.39798206278026904,0.3151515151515151,False,0.38000835083273415,True,360161.46145731455,504125.3230943906,,3.4028433850908817,2.752597506512362,
1569936184813606,2025,panoroma_fine,360163.02569056407,504128.34509992413,107.55053766241267,-5.274329366226681,12.848549724647116,prior,north,5.274329366226681,0.39798206278026904,0.3151515151515151,False,0.38000835083273415,True,360161.41938075516,504124.9454226948,,3.760058040234175,5.703459054033517,
1569936184813606,2025,panoroma_two_pass,360163.02569056407,504128.34509992413,107.55053766241267,-5.274329366226681,12.848549724647116,prior,north,5.274329366226681,0.39798206278026904,0.3151515151515151,False,0.38000835083273415,True,360161.41938075516,504124.9454226948,,3.760058040234175,5.703459054033517,
1569936184813606,2024,panoroma_coarse,360163.02569056407,504128.34509992413,107.55053766241267,-5.274329366226681,12.848549724647116,prior,north,5.274329366226681,0.30113636363636365,0.43993231810490696,False,1.0342280808104494,True,360160.84817069117,504125.3865927803,,3.673466662023294,0.9543968611475411,
1569936184813606,2024,panoroma_fine,360163.02569056407,504128.34509992413,107.55053766241267,-5.274329366226681,12.848549724647116,prior,north,5.274329366226681,0.30113636363636365,0.43993231810490696,False,1.0342280808104494,True,360161.41607149417,504126.2509517342,,2.6412743499311055,0.1592426904757966,
1569936184813606,2024,panoroma_two_pass,360163.02569056407,504128.34509992413,107.55053766241267,-5.274329366226681,12.848549724647116,prior,north,5.274329366226681,0.30113636363636365,0.43993231810490696,False,1.0342280808104494,True,360161.41607149417,504126.2509517342,,2.6412743499311055,0.1592426904757966,
1966035434037497,2025,panoroma_coarse,360152.2255144523,504096.58446743246,108.93797822619024,0.46948384629791917,2.954532516091057,prior,north,-0.46948384629791917,0.6507352941176471,0.3686440677966102,False,1.4934015010607569,True,360150.06102268037,504095.9826065182,,2.246611045768814,1.924371524514421,
1966035434037497,2025,panoroma_fine,360152.2255144523,504096.58446743246,108.93797822619024,0.46948384629791917,2.954532516091057,prior,north,-0.46948384629791917,0.6507352941176471,0.3686440677966102,False,1.4934015010607569,True,360149.9859233048,504097.47411854536,,2.409823149262609,4.040875284572092,
1966035434037497,2025,panoroma_two_pass,360152.2255144523,504096.58446743246,108.93797822619024,0.46948384629791917,2.954532516091057,prior,north,-0.46948384629791917,0.6507352941176471,0.3686440677966102,False,1.4934015010607569,True,360149.9859233048,504097.47411854536,,2.409823149262609,4.040875284572092,
1966035434037497,2024,panoroma_coarse,360152.2255144523,504096.58446743246,108.93797822619024,0.46948384629791917,2.954532516091057,prior,north,-0.46948384629791917,0.6596026490066225,0.4486111111111111,False,1.1059647009728688,True,360149.17768886365,504097.5819486841,,3.206900320615544,1.710143919508054,
1966035434037497,2024,panoroma_fine,360152.2255144523,504096.58446743246,108.93797822619024,0.46948384629791917,2.954532516091057,prior,north,-0.46948384629791917,0.6596026490066225,0.4486111111111111,False,1.1059647009728688,True,360150.0998006466,504098.19257768727,,2.6654601432894207,4.1445229314106955,
1966035434037497,2024,panoroma_two_pass,360152.2255144523,504096.58446743246,108.93797822619024,0.46948384629791917,2.954532516091057,prior,north,-0.46948384629791917,0.6596026490066225,0.4486111111111111,False,1.1059647009728688,True,360150.0998006466,504098.19257768727,,2.6654601432894207,4.1445229314106955,
1897080597943369,2025,panoroma_coarse,360140.1340845268,504063.5842964947,110.06125082140551,-5.851287951340339,16.00412196530676,prior,north,5.851287951340339,0.5957683741648107,0.3612750885478158,False,0.5016767329886709,True,360137.54973240447,504065.0679393991,,2.9799449927639405,5.063667123575884,
1897080597943369,2025,panoroma_fine,360140.1340845268,504063.5842964947,110.06125082140551,-5.851287951340339,16.00412196530676,prior,north,5.851287951340339,0.5957683741648107,0.3612750885478158,False,0.5016767329886709,True,360137.04966285813,504065.0278146777,,3.4054958192140634,4.0917436024422935,
1897080597943369,2025,panoroma_two_pass,360140.1340845268,504063.5842964947,110.06125082140551,-5.851287951340339,16.00412196530676,prior,north,5.851287951340339,0.5957683741648107,0.3612750885478158,False,0.5016767329886709,True,360137.04966285813,504065.0278146777,,3.4054958192140634,4.0917436024422935,
1897080597943369,2024,panoroma_coarse,360140.1340845268,504063.5842964947,110.06125082140551,-5.851287951340339,16.00412196530676,prior,north,5.851287951340339,0.44057193923145666,0.3495575221238938,False,4.835309783409187,True,360129.5959762622,504034.22338634223,,31.194787557853203,0.47510971941103175,
1897080597943369,2024,panoroma_fine,360140.1340845268,504063.5842964947,110.06125082140551,-5.851287951340339,16.00412196530676,prior,north,5.851287951340339,0.44057193923145666,0.3495575221238938,False,4.835309783409187,True,360125.502507134,504031.64972529275,,35.12691126266982,8.723680413222842,
1897080597943369,2024,panoroma_two_pass,360140.1340845268,504063.5842964947,110.06125082140551,-5.851287951340339,16.00412196530676,prior,north,5.851287951340339,0.44057193923145666,0.3495575221238938,False,4.835309783409187,True,360125.502507134,504031.64972529275,,35.12691126266982,8.723680413222842,
962616489483305,2025,panoroma_coarse,360128.71088285104,504033.5532297725,111.37466616997419,8.473188058930717,16.963064197153102,prior,north,-8.473188058930702,0.36261980830670926,0.368942731277533,False,3.4300677222665037,True,360135.9092971932,504063.1873129807,,30.495836709845175,5.73989558312449,
962616489483305,2025,panoroma_fine,360128.71088285104,504033.5532297725,111.37466616997419,8.473188058930717,16.963064197153102,prior,north,-8.473188058930702,0.36261980830670926,0.368942731277533,False,3.4300677222665037,True,360137.59546654584,504066.1743177503,,33.80933611131318,4.3087353528228975,
962616489483305,2025,panoroma_two_pass,360128.71088285104,504033.5532297725,111.37466616997419,8.473188058930717,16.963064197153102,prior,north,-8.473188058930702,0.36261980830670926,0.368942731277533,False,3.4300677222665037,True,360137.59546654584,504066.1743177503,,33.80933611131318,4.3087353528228975,
962616489483305,2024,panoroma_coarse,360128.71088285104,504033.5532297725,111.37466616997419,8.473188058930717,16.963064197153102,prior,north,-8.473188058930702,0.38687258687258685,0.31879543094496365,False,3.6054638487526574,True,360126.7119517974,504033.7638558155,,2.009997185849425,4.087301721718685,
962616489483305,2024,panoroma_fine,360128.71088285104,504033.5532297725,111.37466616997419,8.473188058930717,16.963064197153102,prior,north,-8.473188058930702,0.38687258687258685,0.31879543094496365,False,3.6054638487526574,True,360124.3226714641,504036.4639871185,,5.26582448470268,9.413584398327577,
962616489483305,2024,panoroma_two_pass,360128.71088285104,504033.5532297725,111.37466616997419,8.473188058930717,16.963064197153102,prior,north,-8.473188058930702,0.38687258687258685,0.31879543094496365,False,3.6054638487526574,True,360124.3226714641,504036.4639871185,,5.26582448470268,9.413584398327577,
2210288512880939,2025,panoroma_coarse,360119.1444854562,504000.351743727,91.05155375073208,3.7164785849764,5.990761113332569,prior,north,-3.7164785849764144,0.50920245398773,0.35313531353135313,False,2.4703457591518374,True,360113.7420938869,504000.33158411557,,5.402429183099485,4.455470032113759,
2210288512880939,2025,panoroma_fine,360119.1444854562,504000.351743727,91.05155375073208,3.7164785849764,5.990761113332569,prior,north,-3.7164785849764144,0.50920245398773,0.35313531353135313,False,2.4703457591518374,True,360115.3369839013,503998.4450703966,,4.258223958396909,5.3329001816599915,
2210288512880939,2025,panoroma_two_pass,360119.1444854562,504000.351743727,91.05155375073208,3.7164785849764,5.990761113332569,prior,north,-3.7164785849764144,0.50920245398773,0.35313531353135313,False,2.4703457591518374,True,360115.3369839013,503998.4450703966,,4.258223958396909,5.3329001816599915,
2210288512880939,2024,panoroma_coarse,360119.1444854562,504000.351743727,91.05155375073208,3.7164785849764,5.990761113332569,prior,north,-3.7164785849764144,0.5871369294605809,0.3719646799116998,False,0.6993996415808371,True,360115.6243529796,503999.5671495715,,3.6065108681283915,0.09050140161799387,
2210288512880939,2024,panoroma_fine,360119.1444854562,504000.351743727,91.05155375073208,3.7164785849764,5.990761113332569,prior,north,-3.7164785849764144,0.5871369294605809,0.3719646799116998,False,0.6993996415808371,True,360115.4585354503,503998.88769066497,,3.966065911553904,0.5532308788940129,
2210288512880939,2024,panoroma_two_pass,360119.1444854562,504000.351743727,91.05155375073208,3.7164785849764,5.990761113332569,prior,north,-3.7164785849764144,0.5871369294605809,0.3719646799116998,False,0.6993996415808371,True,360115.4585354503,503998.88769066497,,3.966065911553904,0.5532308788940129,
1039518862467428,2025,panoroma_coarse,360133.0528596273,503973.5716151353,35.618167811678525,-4.413916958369704,11.332507331853833,prior,north,4.413916958369697,0.36231884057971014,0.39268680445151033,False,4.60101310494979,True,360124.2423192465,503991.18676741095,,19.6956647893827,2.482821744134413,
1039518862467428,2025,panoroma_fine,360133.0528596273,503973.5716151353,35.618167811678525,-4.413916958369704,11.332507331853833,prior,north,4.413916958369697,0.36231884057971014,0.39268680445151033,False,4.60101310494979,True,360119.67968723,503990.59371541184,,21.647023762937707,5.144447617478318,
1039518862467428,2025,panoroma_two_pass,360133.0528596273,503973.5716151353,35.618167811678525,-4.413916958369704,11.332507331853833,prior,north,4.413916958369697,0.36231884057971014,0.39268680445151033,False,4.60101310494979,True,360119.67968723,503990.59371541184,,21.647023762937707,5.144447617478318,
1039518862467428,2024,panoroma_coarse,360133.0528596273,503973.5716151353,35.618167811678525,-4.413916958369704,11.332507331853833,prior,north,4.413916958369697,0.3260025873221216,0.32338308457711445,False,2.646676890848829,True,360130.40148412896,503975.5221321927,,3.2915511274010534,17.16314371843159,
1039518862467428,2024,panoroma_fine,360133.0528596273,503973.5716151353,35.618167811678525,-4.413916958369704,11.332507331853833,prior,north,4.413916958369697,0.3260025873221216,0.32338308457711445,False,2.646676890848829,True,360131.08514051803,503978.0789881734,,4.918163295126158,2.125733222176495,
1039518862467428,2024,panoroma_two_pass,360133.0528596273,503973.5716151353,35.618167811678525,-4.413916958369704,11.332507331853833,prior,north,4.413916958369697,0.3260025873221216,0.32338308457711445,False,2.646676890848829,True,360131.08514051803,503978.0789881734,,4.918163295126158,2.125733222176495,
1068673502542792,2025,panoroma_coarse,360165.8632651619,503970.6280462332,350.15053243802794,2.886426762550684,12.214114737920937,prior,north,-2.886426762550684,0.658774373259053,0.3806343906510851,False,2.670728227954825,True,360177.0062738518,503973.3111625721,,11.46149012783604,3.610297071121511,
1068673502542792,2025,panoroma_fine,360165.8632651619,503970.6280462332,350.15053243802794,2.886426762550684,12.214114737920937,prior,north,-2.886426762550684,0.658774373259053,0.3806343906510851,False,2.670728227954825,True,360178.1093053041,503970.8788569,,12.248608294615563,3.5721518444553215,
1068673502542792,2025,panoroma_two_pass,360165.8632651619,503970.6280462332,350.15053243802794,2.886426762550684,12.214114737920937,prior,north,-2.886426762550684,0.658774373259053,0.3806343906510851,False,2.670728227954825,True,360178.1093053041,503970.8788569,,12.248608294615563,3.5721518444553215,
1068673502542792,2024,panoroma_coarse,360165.8632651619,503970.6280462332,350.15053243802794,2.886426762550684,12.214114737920937,prior,north,-2.886426762550684,0.5078597339782346,0.5569620253164557,False,3.9177079985814327,True,360169.4377231799,503969.2044660559,,3.8475096677283647,3.9314877644056696,
1068673502542792,2024,panoroma_fine,360165.8632651619,503970.6280462332,350.15053243802794,2.886426762550684,12.214114737920937,prior,north,-2.886426762550684,0.5078597339782346,0.5569620253164557,False,3.9177079985814327,True,360165.5206830831,503969.13212766533,,1.534644858735665,0.24087851605295743,
1068673502542792,2024,panoroma_two_pass,360165.8632651619,503970.6280462332,350.15053243802794,2.886426762550684,12.214114737920937,prior,north,-2.886426762550684,0.5078597339782346,0.5569620253164557,False,3.9177079985814327,True,360165.5206830831,503969.13212766533,,1.534644858735665,0.24087851605295743,
1614796256716672,2025,panoroma_coarse,360199.6908804353,503976.64319369476,347.084474668747,-2.6424565998051435,15.046450192013534,prior,north,2.6424565998051435,0.7598566308243727,0.472,False,0.9573602531556684,True,360197.90986828704,503975.35935802717,,2.1955041092167327,1.8966174920205028,
1614796256716672,2025,panoroma_fine,360199.6908804353,503976.64319369476,347.084474668747,-2.6424565998051435,15.046450192013534,prior,north,2.6424565998051435,0.7598566308243727,0.472,False,0.9573602531556684,True,360197.05443439167,503975.78920858836,,2.771306244868783,2.7340276522037823,
1614796256716672,2025,panoroma_two_pass,360199.6908804353,503976.64319369476,347.084474668747,-2.6424565998051435,15.046450192013534,prior,north,2.6424565998051435,0.7598566308243727,0.472,False,0.9573602531556684,True,360197.05443439167,503975.78920858836,,2.771306244868783,2.7340276522037823,
1614796256716672,2024,panoroma_coarse,360199.6908804353,503976.64319369476,347.084474668747,-2.6424565998051435,15.046450192013534,prior,north,2.6424565998051435,0.7736842105263158,0.3549848942598187,False,0.40814967029745824,True,360196.9024307618,503975.4872024825,,3.0185704007970062,0.4916445056578977,
1614796256716672,2024,panoroma_fine,360199.6908804353,503976.64319369476,347.084474668747,-2.6424565998051435,15.046450192013534,prior,north,2.6424565998051435,0.7736842105263158,0.3549848942598187,False,0.40814967029745824,True,360197.16678228945,503975.79817583045,,2.6617901196009566,3.354250087376968,
1614796256716672,2024,panoroma_two_pass,360199.6908804353,503976.64319369476,347.084474668747,-2.6424565998051435,15.046450192013534,prior,north,2.6424565998051435,0.7736842105263158,0.3549848942598187,False,0.40814967029745824,True,360197.16678228945,503975.79817583045,,2.6617901196009566,3.354250087376968,
1623097549539635,2025,panoroma_coarse,360230.81751104794,503983.41809891164,347.18431886247004,9.178986444773386,1.8347676850609251,prior,north,-9.178986444773386,0.34445768772348034,0.32592592592592595,False,3.1204151677286704,True,360244.14615688013,503986.61582773196,,13.706869421148964,2.6944246158986362,
1623097549539635,2025,panoroma_fine,360230.81751104794,503983.41809891164,347.18431886247004,9.178986444773386,1.8347676850609251,prior,north,-9.178986444773386,0.34445768772348034,0.32592592592592595,False,3.1204151677286704,True,360246.16169425874,503984.23368586076,,15.365843305149006,3.8429179833139213,
1623097549539635,2025,panoroma_two_pass,360230.81751104794,503983.41809891164,347.18431886247004,9.178986444773386,1.8347676850609251,prior,north,-9.178986444773386,0.34445768772348034,0.32592592592592595,False,3.1204151677286704,True,360246.16169425874,503984.23368586076,,15.365843305149006,3.8429179833139213,
1623097549539635,2024,panoroma_coarse,360230.81751104794,503983.41809891164,347.18431886247004,9.178986444773386,1.8347676850609251,prior,north,-9.178986444773386,0.32456140350877194,0.4933920704845815,False,2.926646516301616,True,360227.30517362576,503982.1771949404,,3.7250982313307737,13.589749870496844,
1623097549539635,2024,panoroma_fine,360230.81751104794,503983.41809891164,347.18431886247004,9.178986444773386,1.8347676850609251,prior,north,-9.178986444773386,0.32456140350877194,0.4933920704845815,False,2.926646516301616,True,360230.2154893981,503982.4859374491,,1.109664390313135,4.419193582476296,
1623097549539635,2024,panoroma_two_pass,360230.81751104794,503983.41809891164,347.18431886247004,9.178986444773386,1.8347676850609251,prior,north,-9.178986444773386,0.32456140350877194,0.4933920704845815,False,2.926646516301616,True,360230.2154893981,503982.4859374491,,1.109664390313135,4.419193582476296,
1585086595814553,2025,panoroma_coarse,360265.8288479847,503990.3496837346,348.28538668930594,-6.842024136820726,15.720703665446791,prior,north,6.842024136820726,0.6754250386398764,0.4117647058823529,False,3.288839091857485,True,360265.1249855611,503989.85178442136,,0.8621635792974645,5.858557229641377,
1585086595814553,2025,panoroma_fine,360265.8288479847,503990.3496837346,348.28538668930594,-6.842024136820726,15.720703665446791,prior,north,6.842024136820726,0.6754250386398764,0.4117647058823529,False,3.288839091857485,True,360263.8640499721,503986.8142683288,,4.044699410601051,5.658688429706023,
1585086595814553,2025,panoroma_two_pass,360265.8288479847,503990.3496837346,348.28538668930594,-6.842024136820726,15.720703665446791,prior,north,6.842024136820726,0.6754250386398764,0.4117647058823529,False,3.288839091857485,True,360263.8640499721,503986.8142683288,,4.044699410601051,5.658688429706023,
1585086595814553,2024,panoroma_coarse,360265.8288479847,503990.3496837346,348.28538668930594,-6.842024136820726,15.720703665446791,prior,north,6.842024136820726,0.6744186046511628,0.4472934472934473,False,3.060898634417566,True,360264.56064045813,503990.6604336659,,1.305724262743584,6.574987862981273,
1585086595814553,2024,panoroma_fine,360265.8288479847,503990.3496837346,348.28538668930594,-6.842024136820726,15.720703665446791,prior,north,6.842024136820726,0.6744186046511628,0.4472934472934473,False,3.060898634417566,True,360264.95932574006,503987.6256106898,,2.859482975518143,8.980674914202526,
1585086595814553,2024,panoroma_two_pass,360265.8288479847,503990.3496837346,348.28538668930594,-6.842024136820726,15.720703665446791,prior,north,6.842024136820726,0.6744186046511628,0.4472934472934473,False,3.060898634417566,True,360264.95932574006,503987.6256106898,,2.859482975518143,8.980674914202526,
1605463537903045,2025,panoroma_coarse,360296.4594195853,503997.18667273317,346.64073882745475,-0.20381848934039226,19.853584068747864,prior,north,0.20381848934039226,0.6644067796610169,0.5511945392491467,False,2.758270150520213,True,360294.5541367365,503998.71477563924,,2.4423761433279276,2.8948429752762386,
1605463537903045,2025,panoroma_fine,360296.4594195853,503997.18667273317,346.64073882745475,-0.20381848934039226,19.853584068747864,prior,north,0.20381848934039226,0.6644067796610169,0.5511945392491467,False,2.758270150520213,True,360296.0032285185,503996.367822885,,0.9373501817947095,2.979429591140895,
1605463537903045,2025,panoroma_two_pass,360296.4594195853,503997.18667273317,346.64073882745475,-0.20381848934039226,19.853584068747864,prior,north,0.20381848934039226,0.6644067796610169,0.5511945392491467,False,2.758270150520213,True,360296.0032285185,503996.367822885,,0.9373501817947095,2.979429591140895,
1605463537903045,2024,panoroma_coarse,360296.4594195853,503997.18667273317,346.64073882745475,-0.20381848934039226,19.853584068747864,prior,north,0.20381848934039226,0.7299145299145299,0.6133768352365416,False,1.926446889399564,True,360294.51626625884,503997.4142709891,,1.9564370207641089,1.030385268383456,
1605463537903045,2024,panoroma_fine,360296.4594195853,503997.18667273317,346.64073882745475,-0.20381848934039226,19.853584068747864,prior,north,0.20381848934039226,0.7299145299145299,0.6133768352365416,False,1.926446889399564,True,360296.1158182533,503996.34066443425,,0.9131220713480753,4.497379770195659,
1605463537903045,2024,panoroma_two_pass,360296.4594195853,503997.18667273317,346.64073882745475,-0.20381848934039226,19.853584068747864,prior,north,0.20381848934039226,0.7299145299145299,0.6133768352365416,False,1.926446889399564,True,360296.1158182533,503996.34066443425,,0.9131220713480753,4.497379770195659,
3789502397873420,2025,panoroma_coarse,360329.7389217006,504003.7331037838,344.91925715035035,-7.035245201361761,22.509123266098655,prior,north,7.035245201361761,0.6412429378531074,0.2861491628614916,False,3.454603296031973,True,360327.1363691586,504005.9222583702,,3.400834829470509,5.395609591410949,
3789502397873420,2025,panoroma_fine,360329.7389217006,504003.7331037838,344.91925715035035,-7.035245201361761,22.509123266098655,prior,north,7.035245201361761,0.6412429378531074,0.2861491628614916,False,3.454603296031973,True,360330.46454268566,504004.9962211644,,1.456705643268016,4.207811874220225,
3789502397873420,2025,panoroma_two_pass,360329.7389217006,504003.7331037838,344.91925715035035,-7.035245201361761,22.509123266098655,prior,north,7.035245201361761,0.6412429378531074,0.2861491628614916,False,3.454603296031973,True,360330.46454268566,504004.9962211644,,1.456705643268016,4.207811874220225,
3789502397873420,2024,panoroma_coarse,360329.7389217006,504003.7331037838,344.91925715035035,-7.035245201361761,22.509123266098655,prior,north,7.035245201361761,0.7312775330396476,0.4348484848484849,False,1.904169752506235,True,360327.65524512884,504003.87420342356,,2.0884485064608564,4.914180264512269,
3789502397873420,2024,panoroma_fine,360329.7389217006,504003.7331037838,344.91925715035035,-7.035245201361761,22.509123266098655,prior,north,7.035245201361761,0.7312775330396476,0.4348484848484849,False,1.904169752506235,True,360327.8998032682,504001.9858036346,,2.5368118613334625,1.4667471154737755,
3789502397873420,2024,panoroma_two_pass,360329.7389217006,504003.7331037838,344.91925715035035,-7.035245201361761,22.509123266098655,prior,north,7.035245201361761,0.7312775330396476,0.4348484848484849,False,1.904169752506235,True,360327.8998032682,504001.9858036346,,2.5368118613334625,1.4667471154737755,
1950003419008286,2025,panoroma_coarse,360363.1358821056,504010.94987133984,349.8785002006545,-8.337062201042443,13.1404951610002,prior,north,8.337062201042443,0.2870022539444027,0.3800205973223481,False,3.245600982534909,True,360368.3402958625,504011.1502154702,,5.208268457328233,5.032501010820765,
1950003419008286,2025,panoroma_fine,360363.1358821056,504010.94987133984,349.8785002006545,-8.337062201042443,13.1404951610002,prior,north,8.337062201042443,0.2870022539444027,0.3800205973223481,False,3.245600982534909,True,360365.1392770082,504010.6141147033,,2.031335436257959,7.967842381593668,
1950003419008286,2025,panoroma_two_pass,360363.1358821056,504010.94987133984,349.8785002006545,-8.337062201042443,13.1404951610002,prior,north,8.337062201042443,0.2870022539444027,0.3800205973223481,False,3.245600982534909,True,360365.1392770082,504010.6141147033,,2.031335436257959,7.967842381593668,
1950003419008286,2024,panoroma_coarse,360363.1358821056,504010.94987133984,349.8785002006545,-8.337062201042443,13.1404951610002,prior,north,8.337062201042443,0.597457627118644,0.4503386004514673,False,3.332645442266211,True,360360.18660322356,504008.7909373844,,3.655029650776255,4.460863194534765,
1950003419008286,2024,panoroma_fine,360363.1358821056,504010.94987133984,349.8785002006545,-8.337062201042443,13.1404951610002,prior,north,8.337062201042443,0.597457627118644,0.4503386004514673,False,3.332645442266211,True,360363.061792656,504010.4761113728,,0.47951825084282856,1.3167955094544481,
1950003419008286,2024,panoroma_two_pass,360363.1358821056,504010.94987133984,349.8785002006545,-8.337062201042443,13.1404951610002,prior,north,8.337062201042443,0.597457627118644,0.4503386004514673,False,3.332645442266211,True,360363.061792656,504010.4761113728,,0.47951825084282856,1.3167955094544481,
1783034616269773,2025,panoroma_coarse,360394.11981327285,504016.33189696353,349.3653990519746,-6.495003192321349,12.270147858824737,prior,north,6.495003192321349,0.6041909196740396,0.3788235294117647,False,3.4908097451092406,True,360396.9675242742,504016.6158721593,,2.8618350509800368,3.2188102131604746,
1783034616269773,2025,panoroma_fine,360394.11981327285,504016.33189696353,349.3653990519746,-6.495003192321349,12.270147858824737,prior,north,6.495003192321349,0.6041909196740396,0.3788235294117647,False,3.4908097451092406,True,360393.7760691042,504015.20152899926,,1.1814786448046743,2.312843748480039,
1783034616269773,2025,panoroma_two_pass,360394.11981327285,504016.33189696353,349.3653990519746,-6.495003192321349,12.270147858824737,prior,north,6.495003192321349,0.6041909196740396,0.3788235294117647,False,3.4908097451092406,True,360393.7760691042,504015.20152899926,,1.1814786448046743,2.312843748480039,
1783034616269773,2024,panoroma_coarse,360394.11981327285,504016.33189696353,349.3653990519746,-6.495003192321349,12.270147858824737,prior,north,6.495003192321349,0.7149478563151797,0.44344904815229563,False,3.2531759084357263,True,360395.3500327402,504016.3624533001,,1.2305988898080562,3.3094261862223853,
1783034616269773,2024,panoroma_fine,360394.11981327285,504016.33189696353,349.3653990519746,-6.495003192321349,12.270147858824737,prior,north,6.495003192321349,0.7149478563151797,0.44344904815229563,False,3.2531759084357263,True,360393.111439295,504014.0019760436,,2.5387693026751355,2.90397559495432,
1783034616269773,2024,panoroma_two_pass,360394.11981327285,504016.33189696353,349.3653990519746,-6.495003192321349,12.270147858824737,prior,north,6.495003192321349,0.7149478563151797,0.44344904815229563,False,3.2531759084357263,True,360393.111439295,504014.0019760436,,2.5387693026751355,2.90397559495432,
1751971182727263,2025,panoroma_coarse,360428.991711286,504022.2797679808,350.0611522646833,9.077511800668105,7.782601025164379,prior,north,-9.077511800668105,0.5302593659942363,0.33969849246231154,False,3.7168326750847456,True,360421.0585174942,504017.42924509326,,9.298555587904644,14.326594044877542,
1751971182727263,2025,panoroma_fine,360428.991711286,504022.2797679808,350.0611522646833,9.077511800668105,7.782601025164379,prior,north,-9.077511800668105,0.5302593659942363,0.33969849246231154,False,3.7168326750847456,True,360424.7516558076,504017.8482612419,,6.133214690254554,9.007628343739729,
1751971182727263,2025,panoroma_two_pass,360428.991711286,504022.2797679808,350.0611522646833,9.077511800668105,7.782601025164379,prior,north,-9.077511800668105,0.5302593659942363,0.33969849246231154,False,3.7168326750847456,True,360424.7516558076,504017.8482612419,,6.133214690254554,9.007628343739729,
1751971182727263,2024,panoroma_coarse,360428.991711286,504022.2797679808,350.0611522646833,9.077511800668105,7.782601025164379,prior,north,-9.077511800668105,0.4134529147982063,0.39548693586698336,False,1.443107998532694,True,360408.8491453986,504018.47369198815,,20.499004243887015,10.297573727287762,
1751971182727263,2024,panoroma_fine,360428.991711286,504022.2797679808,350.0611522646833,9.077511800668105,7.782601025164379,prior,north,-9.077511800668105,0.4134529147982063,0.39548693586698336,False,1.443107998532694,True,360408.99189066375,504017.037661179,,20.675408306585187,5.1827223737796855,
1751971182727263,2024,panoroma_two_pass,360428.991711286,504022.2797679808,350.0611522646833,9.077511800668105,7.782601025164379,prior,north,-9.077511800668105,0.4134529147982063,0.39548693586698336,False,1.443107998532694,True,360408.99189066375,504017.037661179,,20.675408306585187,5.1827223737796855,
1041946372000040,2025,panoroma_coarse,360460.61334308796,504027.6650502281,349.5307363918364,-7.590121279440325,22.887002217588915,prior,north,7.590121279440325,0.4634858812074002,0.5045454545454545,False,3.5113557946771974,True,360427.87045914365,504022.67879847315,,33.12037372304297,6.281744723787243,
1041946372000040,2025,panoroma_fine,360460.61334308796,504027.6650502281,349.5307363918364,-7.590121279440325,22.887002217588915,prior,north,7.590121279440325,0.4634858812074002,0.5045454545454545,False,3.5113557946771974,True,360430.64883807383,504020.53165384894,,30.801897744199927,5.171833415598429,
1041946372000040,2025,panoroma_two_pass,360460.61334308796,504027.6650502281,349.5307363918364,-7.590121279440325,22.887002217588915,prior,north,7.590121279440325,0.4634858812074002,0.5045454545454545,False,3.5113557946771974,True,360430.64883807383,504020.53165384894,,30.801897744199927,5.171833415598429,
1041946372000040,2024,panoroma_coarse,360460.61334308796,504027.6650502281,349.5307363918364,-7.590121279440325,22.887002217588915,prior,north,7.590121279440325,0.6082365364308342,0.5013404825737265,False,3.8803979485154088,True,360423.1910019963,504019.7417077002,,38.251940729807174,6.76802824411289,
1041946372000040,2024,panoroma_fine,360460.61334308796,504027.6650502281,349.5307363918364,-7.590121279440325,22.887002217588915,prior,north,7.590121279440325,0.6082365364308342,0.5013404825737265,False,3.8803979485154088,True,360427.0639381149,504019.98223640857,,34.41784714696032,5.976710814114143,
1041946372000040,2024,panoroma_two_pass,360460.61334308796,504027.6650502281,349.5307363918364,-7.590121279440325,22.887002217588915,prior,north,7.590121279440325,0.6082365364308342,0.5013404825737265,False,3.8803979485154088,True,360427.0639381149,504019.98223640857,,34.41784714696032,5.976710814114143,
1058349307017059,2025,panoroma_coarse,360492.22805497993,504032.4493259415,350.455605222158,-5.987298730694533,23.168447841648806,prior,north,5.987298730694533,0.6889818688981869,0.35195530726256985,False,1.7608470134512668,True,360488.7543914959,504031.57790949586,,3.5812992924466176,7.773832226995361,
1058349307017059,2025,panoroma_fine,360492.22805497993,504032.4493259415,350.455605222158,-5.987298730694533,23.168447841648806,prior,north,5.987298730694533,0.6889818688981869,0.35195530726256985,False,1.7608470134512668,True,360489.43362422235,504033.20247870276,,2.894146219649413,7.726972069043495,
1058349307017059,2025,panoroma_two_pass,360492.22805497993,504032.4493259415,350.455605222158,-5.987298730694533,23.168447841648806,prior,north,5.987298730694533,0.6889818688981869,0.35195530726256985,False,1.7608470134512668,True,360489.43362422235,504033.20247870276,,2.894146219649413,7.726972069043495,
1058349307017059,2024,panoroma_coarse,360492.22805497993,504032.4493259415,350.455605222158,-5.987298730694533,23.168447841648806,prior,north,5.987298730694533,0.723589001447178,0.4388586956521739,False,3.0781702502219406,True,360489.7575078952,504031.2537646545,,2.7446256008693735,7.306839771596966,
1058349307017059,2024,panoroma_fine,360492.22805497993,504032.4493259415,350.455605222158,-5.987298730694533,23.168447841648806,prior,north,5.987298730694533,0.723589001447178,0.4388586956521739,False,3.0781702502219406,True,360492.83350452257,504031.36942293536,,1.2380467080695283,10.291136755024938,
1058349307017059,2024,panoroma_two_pass,360492.22805497993,504032.4493259415,350.455605222158,-5.987298730694533,23.168447841648806,prior,north,5.987298730694533,0.723589001447178,0.4388586956521739,False,3.0781702502219406,True,360492.83350452257,504031.36942293536,,1.2380467080695283,10.291136755024938,
1588073185524588,2025,panoroma_coarse,360526.7575126549,504038.45668191835,349.1696028052205,-9.875916858056655,23.77045055515438,prior,north,9.875916858056655,0.6772959183673469,0.44136191677175285,False,3.9232222490065505,True,360520.3651324852,504034.3645341025,,7.590006454553493,15.938431468999307,
1588073185524588,2025,panoroma_fine,360526.7575126549,504038.45668191835,349.1696028052205,-9.875916858056655,23.77045055515438,prior,north,9.875916858056655,0.6772959183673469,0.44136191677175285,False,3.9232222490065505,True,360522.46421973646,504037.6789730485,,4.363163436034755,2.1411327834232288,
1588073185524588,2025,panoroma_two_pass,360526.7575126549,504038.45668191835,349.1696028052205,-9.875916858056655,23.77045055515438,prior,north,9.875916858056655,0.6772959183673469,0.44136191677175285,False,3.9232222490065505,True,360522.46421973646,504037.6789730485,,4.363163436034755,2.1411327834232288,
1588073185524588,2024,panoroma_coarse,360526.7575126549,504038.45668191835,349.1696028052205,-9.875916858056655,23.77045055515438,prior,north,9.875916858056655,0.6232227488151659,0.49594594594594593,False,4.580863372420837,True,360521.486252402,504033.84944619774,,7.000914628726129,15.715553242347289,
1588073185524588,2024,panoroma_fine,360526.7575126549,504038.45668191835,349.1696028052205,-9.875916858056655,23.77045055515438,prior,north,9.875916858056655,0.6232227488151659,0.49594594594594593,False,4.580863372420837,True,360524.2402437696,504037.510025494,,2.689386738012112,9.049075348981786,
1588073185524588,2024,panoroma_two_pass,360526.7575126549,504038.45668191835,349.1696028052205,-9.875916858056655,23.77045055515438,prior,north,9.875916858056655,0.6232227488151659,0.49594594594594593,False,4.580863372420837,True,360524.2402437696,504037.510025494,,2.689386738012112,9.049075348981786,
1098905325943467,2025,panoroma_coarse,360560.68061371776,504043.917289393,350.5254085542267,-7.000634216850983,18.643697362914146,prior,north,7.000634216850983,0.4685258964143426,0.48808290155440415,False,4.0968270292327995,True,360586.5269990601,504047.64140447247,,26.113304432620172,8.061280276283009,
1098905325943467,2025,panoroma_fine,360560.68061371776,504043.917289393,350.5254085542267,-7.000634216850983,18.643697362914146,prior,north,7.000634216850983,0.4685258964143426,0.48808290155440415,False,4.0968270292327995,True,360590.6113543841,504047.3219779634,,30.12376372728008,8.069132343746904,
1098905325943467,2025,panoroma_two_pass,360560.68061371776,504043.917289393,350.5254085542267,-7.000634216850983,18.643697362914146,prior,north,7.000634216850983,0.4685258964143426,0.48808290155440415,False,4.0968270292327995,True,360590.6113543841,504047.3219779634,,30.12376372728008,8.069132343746904,
1098905325943467,2024,panoroma_coarse,360560.68061371776,504043.917289393,350.5254085542267,-7.000634216850983,18.643697362914146,prior,north,7.000634216850983,0.5499612703330752,0.34503510531594783,False,4.856631893529734,True,360563.67524856346,504042.3347482299,,3.3870746068126074,6.410941274106298,
1098905325943467,2024,panoroma_fine,360560.68061371776,504043.917289393,350.5254085542267,-7.000634216850983,18.643697362914146,prior,north,7.000634216850983,0.5499612703330752,0.34503510531594783,False,4.856631893529734,True,360568.07053672394,504044.4007383886,,7.405719746829519,13.997491788907045,
1098905325943467,2024,panoroma_two_pass,360560.68061371776,504043.917289393,350.5254085542267,-7.000634216850983,18.643697362914146,prior,north,7.000634216850983,0.5499612703330752,0.34503510531594783,False,4.856631893529734,True,360568.07053672394,504044.4007383886,,7.405719746829519,13.997491788907045,
3499536660219793,2025,panoroma_coarse,360594.0596022819,504048.21201448794,352.13471761739805,-6.065126177072614,24.942352313325827,prior,north,6.065126177072614,0.5886214442013129,0.4697508896797153,False,3.9880390077104355,True,360588.66235969303,504047.84871395613,,5.409456057633133,5.66881266510537,
3499536660219793,2025,panoroma_fine,360594.0596022819,504048.21201448794,352.13471761739805,-6.065126177072614,24.942352313325827,prior,north,6.065126177072614,0.5886214442013129,0.4697508896797153,False,3.9880390077104355,True,360592.6500896405,504047.89836265286,,1.4439886979621315,4.033752378639493,
3499536660219793,2025,panoroma_two_pass,360594.0596022819,504048.21201448794,352.13471761739805,-6.065126177072614,24.942352313325827,prior,north,6.065126177072614,0.5886214442013129,0.4697508896797153,False,3.9880390077104355,True,360592.6500896405,504047.89836265286,,1.4439886979621315,4.033752378639493,
3499536660219793,2024,panoroma_coarse,360594.0596022819,504048.21201448794,352.13471761739805,-6.065126177072614,24.942352313325827,prior,north,6.065126177072614,0.694047619047619,0.45642201834862384,False,1.2849160891822091,True,360590.6779681526,504048.5797100844,,3.401565732998354,4.511452865067557,
3499536660219793,2024,panoroma_fine,360594.0596022819,504048.21201448794,352.13471761739805,-6.065126177072614,24.942352313325827,prior,north,6.065126177072614,0.694047619047619,0.45642201834862384,False,1.2849160891822091,True,360591.95096018695,504048.40506576904,,2.1174608099557695,3.809415926792484,
3499536660219793,2024,panoroma_two_pass,360594.0596022819,504048.21201448794,352.13471761739805,-6.065126177072614,24.942352313325827,prior,north,6.065126177072614,0.694047619047619,0.45642201834862384,False,1.2849160891822091,True,360591.95096018695,504048.40506576904,,2.1174608099557695,3.809415926792484,
2175866539657391,2025,panoroma_coarse,360627.0786677387,504052.1780074034,348.42048951318594,9.418000040432787,12.590444821784821,prior,north,-9.418000040432787,0.6588669950738916,0.4105011933174224,False,1.2736485698874949,True,360626.3267014581,504051.9665210022,,0.7811400547286542,2.2309114075319294,
2175866539657391,2025,panoroma_fine,360627.0786677387,504052.1780074034,348.42048951318594,9.418000040432787,12.590444821784821,prior,north,-9.418000040432787,0.6588669950738916,0.4105011933174224,False,1.2736485698874949,True,360625.0586057634,504052.08532331197,,2.022187114191372,2.3784937582204964,
2175866539657391,2025,panoroma_two_pass,360627.0786677387,504052.1780074034,348.42048951318594,9.418000040432787,12.590444821784821,prior,north,-9.418000040432787,0.6588669950738916,0.4105011933174224,False,1.2736485698874949,True,360625.0586057634,504052.08532331197,,2.022187114191372,2.3784937582204964,
2175866539657391,2024,panoroma_coarse,360627.0786677387,504052.1780074034,348.42048951318594,9.418000040432787,12.590444821784821,prior,north,-9.418000040432787,0.7213114754098361,0.46308724832214765,False,2.075747078189058,True,360626.01813059615,504050.5195719052,,1.9685393906169506,3.639581791715019,
2175866539657391,2024,panoroma_fine,360627.0786677387,504052.1780074034,348.42048951318594,9.418000040432787,12.590444821784821,prior,north,-9.418000040432787,0.7213114754098361,0.46308724832214765,False,2.075747078189058,True,360624.8369402987,504052.2264741912,,2.2422513117241327,4.7285958587616745,
2175866539657391,2024,panoroma_two_pass,360627.0786677387,504052.1780074034,348.42048951318594,9.418000040432787,12.590444821784821,prior,north,-9.418000040432787,0.7213114754098361,0.46308724832214765,False,2.075747078189058,True,360624.8369402987,504052.2264741912,,2.2422513117241327,4.7285958587616745,
1470108621835604,2025,panoroma_coarse,360656.9868018321,504057.98584541585,350.7771210413869,2.896819021986232,16.905858048894327,prior,north,-2.896819021986232,0.700312174817898,0.4088514225500527,False,0.8449463442929146,True,360655.34147489275,504058.28211750434,,1.6717888287027562,1.0645770651627378,
1470108621835604,2025,panoroma_fine,360656.9868018321,504057.98584541585,350.7771210413869,2.896819021986232,16.905858048894327,prior,north,-2.896819021986232,0.700312174817898,0.4088514225500527,False,0.8449463442929146,True,360654.49924483564,504058.2144207119,,2.498036524278037,0.7049775294627574,
1470108621835604,2025,panoroma_two_pass,360656.9868018321,504057.98584541585,350.7771210413869,2.896819021986232,16.905858048894327,prior,north,-2.896819021986232,0.700312174817898,0.4088514225500527,False,0.8449463442929146,True,360654.49924483564,504058.2144207119,,2.498036524278037,0.7049775294627574,
1470108621835604,2024,panoroma_coarse,360656.9868018321,504057.98584541585,350.7771210413869,2.896819021986232,16.905858048894327,prior,north,-2.896819021986232,0.6579234972677596,0.41971544715447157,False,1.8821130552887857,True,360653.38143620454,504060.03311113437,,4.146077451111584,2.1059088841082745,
1470108621835604,2024,panoroma_fine,360656.9868018321,504057.98584541585,350.7771210413869,2.896819021986232,16.905858048894327,prior,north,-2.896819021986232,0.6579234972677596,0.41971544715447157,False,1.8821130552887857,True,360653.2382252506,504058.15645448613,,3.75245704066918,0.8936861360803277,
1470108621835604,2024,panoroma_two_pass,360656.9868018321,504057.98584541585,350.7771210413869,2.896819021986232,16.905858048894327,prior,north,-2.896819021986232,0.6579234972677596,0.41971544715447157,False,1.8821130552887857,True,360653.2382252506,504058.15645448613,,3.75245704066918,0.8936861360803277,
1261127602821029,2025,panoroma_coarse,360680.909761988,504040.49847353157,76.3375943069395,-9.677281498632837,19.730306813112847,prior,north,9.677281498632851,0.7123966942148761,0.514637904468413,False,2.7994218896497287,True,360678.36221433646,504039.30097828235,,2.8149589532754167,8.37902148225113,
1261127602821029,2025,panoroma_fine,360680.909761988,504040.49847353157,76.3375943069395,-9.677281498632837,19.730306813112847,prior,north,9.677281498632851,0.7123966942148761,0.514637904468413,False,2.7994218896497287,True,360679.6209017721,504041.80147200474,,1.832748121569805,0.14781171978760155,
1261127602821029,2025,panoroma_two_pass,360680.909761988,504040.49847353157,76.3375943069395,-9.677281498632837,19.730306813112847,prior,north,9.677281498632851,0.7123966942148761,0.514637904468413,False,2.7994218896497287,True,360679.6209017721,504041.80147200474,,1.832748121569805,0.14781171978760155,
1261127602821029,2024,panoroma_coarse,360680.909761988,504040.49847353157,76.3375943069395,-9.677281498632837,19.730306813112847,prior,north,9.677281498632851,0.800978792822186,0.5392,False,1.9759340062761568,True,360678.0431584316,504039.707929843,,2.9736131680165045,9.974026260923706,
1261127602821029,2024,panoroma_fine,360680.909761988,504040.49847353157,76.3375943069395,-9.677281498632837,19.730306813112847,prior,north,9.677281498632851,0.800978792822186,0.5392,False,1.9759340062761568,True,360679.11012092663,504041.3710312324,,2.0000162226764493,2.923160523460522,
1261127602821029,2024,panoroma_two_pass,360680.909761988,504040.49847353157,76.3375943069395,-9.677281498632837,19.730306813112847,prior,north,9.677281498632851,0.800978792822186,0.5392,False,1.9759340062761568,True,360679.11012092663,504041.3710312324,,2.0000162226764493,2.923160523460522,
1810167326654101,2025,panoroma_coarse,360686.993854056,504006.6269094348,79.55305043736588,5.206673465197966,24.776480566452555,prior,north,-5.20667346519798,0.3960975609756098,0.4474708171206226,False,4.424031834356561,True,360690.7486419419,503989.36766445136,,17.66295472071693,1.813560600973486,
1810167326654101,2025,panoroma_fine,360686.993854056,504006.6269094348,79.55305043736588,5.206673465197966,24.776480566452555,prior,north,-5.20667346519798,0.3960975609756098,0.4474708171206226,False,4.424031834356561,True,360687.7634074077,503992.63269621955,,14.015356430535894,2.7151179144111897,
1810167326654101,2025,panoroma_two_pass,360686.993854056,504006.6269094348,79.55305043736588,5.206673465197966,24.776480566452555,prior,north,-5.20667346519798,0.3960975609756098,0.4474708171206226,False,4.424031834356561,True,360687.7634074077,503992.63269621955,,14.015356430535894,2.7151179144111897,
1810167326654101,2024,panoroma_coarse,360686.993854056,504006.6269094348,79.55305043736588,5.206673465197966,24.776480566452555,prior,north,-5.20667346519798,0.4076655052264808,0.5117370892018779,False,3.751268513356627,True,360687.52650057053,503981.7175497979,,24.915053879721548,18.154867415932838,
1810167326654101,2024,panoroma_fine,360686.993854056,504006.6269094348,79.55305043736588,5.206673465197966,24.776480566452555,prior,north,-5.20667346519798,0.4076655052264808,0.5117370892018779,False,3.751268513356627,True,360690.3332884266,503984.2063160364,,22.667925142184902,10.019284781609768,
1810167326654101,2024,panoroma_two_pass,360686.993854056,504006.6269094348,79.55305043736588,5.206673465197966,24.776480566452555,prior,north,-5.20667346519798,0.4076655052264808,0.5117370892018779,False,3.751268513356627,True,360690.3332884266,503984.2063160364,,22.667925142184902,10.019284781609768,
28353982287585850,2025,panoroma_coarse,360692.8649872906,503972.47876364924,79.66269750615494,4.956407896206599,22.17425146778149,prior,north,-4.956407896206599,0.48095238095238096,0.4261992619926199,False,1.9011755020110308,True,360694.8472301136,503938.20770257065,,34.32833980928246,3.167367384901595,
28353982287585850,2025,panoroma_fine,360692.8649872906,503972.47876364924,79.66269750615494,4.956407896206599,22.17425146778149,prior,north,-4.956407896206599,0.48095238095238096,0.4261992619926199,False,1.9011755020110308,True,360695.99135302624,503936.6893313874,,35.92572371348672,0.2365161015797923,
28353982287585850,2025,panoroma_two_pass,360692.8649872906,503972.47876364924,79.66269750615494,4.956407896206599,22.17425146778149,prior,north,-4.956407896206599,0.48095238095238096,0.4261992619926199,False,1.9011755020110308,True,360695.99135302624,503936.6893313874,,35.92572371348672,0.2365161015797923,
28353982287585850,2024,panoroma_coarse,360692.8649872906,503972.47876364924,79.66269750615494,4.956407896206599,22.17425146778149,prior,north,-4.956407896206599,0.6566929133858268,0.3634782608695652,False,1.3773307877179104,True,360692.60919794126,503941.9979254371,,30.481911460816416,0.6453183396665444,
28353982287585850,2024,panoroma_fine,360692.8649872906,503972.47876364924,79.66269750615494,4.956407896206599,22.17425146778149,prior,north,-4.956407896206599,0.6566929133858268,0.3634782608695652,False,1.3773307877179104,True,360693.98175282596,503941.88332531846,,30.61581310228075,2.629382218110266,
28353982287585850,2024,panoroma_two_pass,360692.8649872906,503972.47876364924,79.66269750615494,4.956407896206599,22.17425146778149,prior,north,-4.956407896206599,0.6566929133858268,0.3634782608695652,False,1.3773307877179104,True,360693.98175282596,503941.88332531846,,30.61581310228075,2.629382218110266,
3724194881070199,2025,panoroma_coarse,360698.43418773764,503941.5210407255,79.67306387451882,-6.63715471041823,11.874902683208001,prior,north,6.63715471041823,0.6218809980806143,0.43157894736842106,False,2.6409025526415166,True,360694.8916005773,503940.540794277,,3.675704951252635,7.635371075400341,
3724194881070199,2025,panoroma_fine,360698.43418773764,503941.5210407255,79.67306387451882,-6.63715471041823,11.874902683208001,prior,north,6.63715471041823,0.6218809980806143,0.43157894736842106,False,2.6409025526415166,True,360695.39147065865,503943.13395763363,,3.4437810870112653,7.129241300759933,
3724194881070199,2025,panoroma_two_pass,360698.43418773764,503941.5210407255,79.67306387451882,-6.63715471041823,11.874902683208001,prior,north,6.63715471041823,0.6218809980806143,0.43157894736842106,False,2.6409025526415166,True,360695.39147065865,503943.13395763363,,3.4437810870112653,7.129241300759933,
3724194881070199,2024,panoroma_coarse,360698.43418773764,503941.5210407255,79.67306387451882,-6.63715471041823,11.874902683208001,prior,north,6.63715471041823,0.5828343313373253,0.3141025641025641,False,3.5963322682350327,True,360692.08835819946,503944.61989316484,,7.062042124511944,3.471889766129494,
3724194881070199,2024,panoroma_fine,360698.43418773764,503941.5210407255,79.67306387451882,-6.63715471041823,11.874902683208001,prior,north,6.63715471041823,0.5828343313373253,0.3141025641025641,False,3.5963322682350327,True,360695.61905826716,503945.30382504413,,4.715337860294494,1.0653832134022656,
3724194881070199,2024,panoroma_two_pass,360698.43418773764,503941.5210407255,79.67306387451882,-6.63715471041823,11.874902683208001,prior,north,6.63715471041823,0.5828343313373253,0.3141025641025641,False,3.5963322682350327,True,360695.61905826716,503945.30382504413,,4.715337860294494,1.0653832134022656,
2127011918227183,2025,panoroma_coarse,360690.3178709857,503914.0249450132,113.26557597296303,-1.2523605222595222,20.33411220255481,prior,north,1.2523605222595222,0.8266199649737302,0.5,False,0.7588468984993006,True,360686.1377474668,503914.547153205,,4.2126160552572784,2.1002402498804864,
2127011918227183,2025,panoroma_fine,360690.3178709857,503914.0249450132,113.26557597296303,-1.2523605222595222,20.33411220255481,prior,north,1.2523605222595222,0.8266199649737302,0.5,False,0.7588468984993006,True,360686.6705202657,503914.00678133295,,3.647395946982452,1.2264780529869643,
2127011918227183,2025,panoroma_two_pass,360690.3178709857,503914.0249450132,113.26557597296303,-1.2523605222595222,20.33411220255481,prior,north,1.2523605222595222,0.8266199649737302,0.5,False,0.7588468984993006,True,360686.6705202657,503914.00678133295,,3.647395946982452,1.2264780529869643,
2127011918227183,2024,panoroma_coarse,360690.3178709857,503914.0249450132,113.26557597296303,-1.2523605222595222,20.33411220255481,prior,north,1.2523605222595222,0.8047138047138047,0.5051194539249146,False,2.533279135777809,True,360684.9090621475,503915.3436090307,,5.567233409826124,1.4370934967542648,
2127011918227183,2024,panoroma_fine,360690.3178709857,503914.0249450132,113.26557597296303,-1.2523605222595222,20.33411220255481,prior,north,1.2523605222595222,0.8047138047138047,0.5051194539249146,False,2.533279135777809,True,360687.1916223136,503914.24478135176,,3.13396853458881,0.9017236640359914,
2127011918227183,2024,panoroma_two_pass,360690.3178709857,503914.0249450132,113.26557597296303,-1.2523605222595222,20.33411220255481,prior,north,1.2523605222595222,0.8047138047138047,0.5051194539249146,False,2.533279135777809,True,360687.1916223136,503914.24478135176,,3.13396853458881,0.9017236640359914,
1050395951111401,2025,panoroma_coarse,360694.0420611825,503880.718190806,80.30233984358654,-1.1804938458912488,24.99097162092474,prior,north,1.1804938458912488,0.5628997867803838,0.5512995896032832,False,2.069185723251755,True,360695.5201819871,503876.7894460258,,4.19760368077276,2.543409797175766,
1050395951111401,2025,panoroma_fine,360694.0420611825,503880.718190806,80.30233984358654,-1.1804938458912488,24.99097162092474,prior,north,1.1804938458912488,0.5628997867803838,0.5512995896032832,False,2.069185723251755,True,360693.54791416257,503877.41529679525,,3.339654192193297,0.7886386544692612,
1050395951111401,2025,panoroma_two_pass,360694.0420611825,503880.718190806,80.30233984358654,-1.1804938458912488,24.99097162092474,prior,north,1.1804938458912488,0.5628997867803838,0.5512995896032832,False,2.069185723251755,True,360693.54791416257,503877.41529679525,,3.339654192193297,0.7886386544692612,
1050395951111401,2024,panoroma_coarse,360694.0420611825,503880.718190806,80.30233984358654,-1.1804938458912488,24.99097162092474,prior,north,1.1804938458912488,0.6293393057110862,0.665680473372781,False,3.166625675858714,True,360695.31664798205,503853.0384654836,,27.70905565755505,0.9758064506138086,
1050395951111401,2024,panoroma_fine,360694.0420611825,503880.718190806,80.30233984358654,-1.1804938458912488,24.99097162092474,prior,north,1.1804938458912488,0.6293393057110862,0.665680473372781,False,3.166625675858714,True,360694.7389007461,503856.1519404397,,24.576131559623537,1.1189511387929243,
1050395951111401,2024,panoroma_two_pass,360694.0420611825,503880.718190806,80.30233984358654,-1.1804938458912488,24.99097162092474,prior,north,1.1804938458912488,0.6293393057110862,0.665680473372781,False,3.166625675858714,True,360694.7389007461,503856.1519404397,,24.576131559623537,1.1189511387929243,
1833929260931559,2025,panoroma_coarse,360699.44298365375,503847.9524849532,78.503812065449,1.851528985061421,16.967743238834757,prior,north,-1.8515289850614067,0.817629179331307,0.5331230283911672,False,1.968012096493714,True,360697.8144271504,503847.9615268895,,1.6285816040831134,2.434460145773959,
1833929260931559,2025,panoroma_fine,360699.44298365375,503847.9524849532,78.503812065449,1.851528985061421,16.967743238834757,prior,north,-1.8515289850614067,0.817629179331307,0.5331230283911672,False,1.968012096493714,True,360698.77847291855,503849.67724463117,,1.848342626210496,1.212053725016525,
1833929260931559,2025,panoroma_two_pass,360699.44298365375,503847.9524849532,78.503812065449,1.851528985061421,16.967743238834757,prior,north,-1.8515289850614067,0.817629179331307,0.5331230283911672,False,1.968012096493714,True,360698.77847291855,503849.67724463117,,1.848342626210496,1.212053725016525,
1833929260931559,2024,panoroma_coarse,360699.44298365375,503847.9524849532,78.503812065449,1.851528985061421,16.967743238834757,prior,north,-1.8515289850614067,0.775609756097561,0.4853503184713376,False,3.0597843369682796,True,360697.45995903277,503849.71207581484,,2.651140631443494,1.993039554135686,
1833929260931559,2024,panoroma_fine,360699.44298365375,503847.9524849532,78.503812065449,1.851528985061421,16.967743238834757,prior,north,-1.8515289850614067,0.775609756097561,0.4853503184713376,False,3.0597843369682796,True,360697.34806830104,503852.76981364744,,5.253125363355801,0.42834459188467744,
1833929260931559,2024,panoroma_two_pass,360699.44298365375,503847.9524849532,78.503812065449,1.851528985061421,16.967743238834757,prior,north,-1.8515289850614067,0.775609756097561,0.4853503184713376,False,3.0597843369682796,True,360697.34806830104,503852.76981364744,,5.253125363355801,0.42834459188467744,
1547432720042956,2025,panoroma_coarse,360704.86164560367,503815.27723250724,80.3573212672232,-3.9964615209487704,20.14044734815143,prior,north,3.9964615209487704,0.4740061162079511,0.5830815709969789,False,0.6285185873261965,True,360703.10140988254,503815.866128609,,1.8561326495142043,11.195416518068116,
1547432720042956,2025,panoroma_fine,360704.86164560367,503815.27723250724,80.3573212672232,-3.9964615209487704,20.14044734815143,prior,north,3.9964615209487704,0.4740061162079511,0.5830815709969789,False,0.6285185873261965,True,360702.68573892536,503816.3375660597,,2.4205117465606487,4.475810354859217,
1547432720042956,2025,panoroma_two_pass,360704.86164560367,503815.27723250724,80.3573212672232,-3.9964615209487704,20.14044734815143,prior,north,3.9964615209487704,0.4740061162079511,0.5830815709969789,False,0.6285185873261965,True,360702.68573892536,503816.3375660597,,2.4205117465606487,4.475810354859217,
1547432720042956,2024,panoroma_coarse,360704.86164560367,503815.27723250724,80.3573212672232,-3.9964615209487704,20.14044734815143,prior,north,3.9964615209487704,0.7259887005649718,0.5741029641185648,False,0.49652163254354637,True,360702.1669823129,503816.6803806296,,3.038097250551293,9.224776281647445,
1547432720042956,2024,panoroma_fine,360704.86164560367,503815.27723250724,80.3573212672232,-3.9964615209487704,20.14044734815143,prior,north,3.9964615209487704,0.7259887005649718,0.5741029641185648,False,0.49652163254354637,True,360702.19897622714,503817.17587040854,,3.270265140463174,8.681864371008153,
1547432720042956,2024,panoroma_two_pass,360704.86164560367,503815.27723250724,80.3573212672232,-3.9964615209487704,20.14044734815143,prior,north,3.9964615209487704,0.7259887005649718,0.5741029641185648,False,0.49652163254354637,True,360702.19897622714,503817.17587040854,,3.270265140463174,8.681864371008153,
948728088280240,2025,panoroma_coarse,360720.42209097266,503787.8620452555,31.342302735199002,-0.7030893339949209,12.048001089627288,prior,north,0.7030893339949102,0.7567873303167421,0.4925544100801833,False,2.5484268498879974,True,360718.87681978993,503787.02180983435,,1.7589367785966625,2.2135719502067035,
948728088280240,2025,panoroma_fine,360720.42209097266,503787.8620452555,31.342302735199002,-0.7030893339949209,12.048001089627288,prior,north,0.7030893339949102,0.7567873303167421,0.4925544100801833,False,2.5484268498879974,True,360719.49711588933,503784.5500266403,,3.438756492129573,0.7881390277461889,
948728088280240,2025,panoroma_two_pass,360720.42209097266,503787.8620452555,31.342302735199002,-0.7030893339949209,12.048001089627288,prior,north,0.7030893339949102,0.7567873303167421,0.4925544100801833,False,2.5484268498879974,True,360719.49711588933,503784.5500266403,,3.438756492129573,0.7881390277461889,
948728088280240,2024,panoroma_coarse,360720.42209097266,503787.8620452555,31.342302735199002,-0.7030893339949209,12.048001089627288,prior,north,0.7030893339949102,0.752,0.5288248337028825,False,0.45297231847274827,True,360718.82712748856,503786.5684447873,,2.0536091855356657,3.352355264956509,
948728088280240,2024,panoroma_fine,360720.42209097266,503787.8620452555,31.342302735199002,-0.7030893339949209,12.048001089627288,prior,north,0.7030893339949102,0.752,0.5288248337028825,False,0.45297231847274827,True,360719.1564986407,503786.2574808579,,2.0436122080025294,0.7097461441200874,
948728088280240,2024,panoroma_two_pass,360720.42209097266,503787.8620452555,31.342302735199002,-0.7030893339949209,12.048001089627288,prior,north,0.7030893339949102,0.752,0.5288248337028825,False,0.45297231847274827,True,360719.1564986407,503786.2574808579,,2.0436122080025294,0.7097461441200874,
1085515110888108,2025,panoroma_coarse,360727.5431572441,503758.03646339476,81.9371883405536,1.9243925147662821,10.85882330640687,prior,north,-1.9243925147662821,0.7601476014760148,0.46589018302828616,False,1.1288264477535819,True,360727.44613750116,503758.9983259781,,0.9667432232895086,1.6169760867674177,
1085515110888108,2025,panoroma_fine,360727.5431572441,503758.03646339476,81.9371883405536,1.9243925147662821,10.85882330640687,prior,north,-1.9243925147662821,0.7601476014760148,0.46589018302828616,False,1.1288264477535819,True,360726.5399003116,503758.32528563356,,1.0440032366809415,0.7294004352991607,
1085515110888108,2025,panoroma_two_pass,360727.5431572441,503758.03646339476,81.9371883405536,1.9243925147662821,10.85882330640687,prior,north,-1.9243925147662821,0.7601476014760148,0.46589018302828616,False,1.1288264477535819,True,360726.5399003116,503758.32528563356,,1.0440032366809415,0.7294004352991607,
1085515110888108,2024,panoroma_coarse,360727.5431572441,503758.03646339476,81.9371883405536,1.9243925147662821,10.85882330640687,prior,north,-1.9243925147662821,0.7896678966789668,0.44093178036605657,False,0.7086496616130004,True,360727.2471583027,503758.45774151507,,0.5148695251872148,2.4496218468966537,
1085515110888108,2024,panoroma_fine,360727.5431572441,503758.03646339476,81.9371883405536,1.9243925147662821,10.85882330640687,prior,north,-1.9243925147662821,0.7896678966789668,0.44093178036605657,False,0.7086496616130004,True,360726.58032260026,503758.2179197295,,0.9797841358110858,0.0858680870852583,
1085515110888108,2024,panoroma_two_pass,360727.5431572441,503758.03646339476,81.9371883405536,1.9243925147662821,10.85882330640687,prior,north,-1.9243925147662821,0.7896678966789668,0.44093178036605657,False,0.7086496616130004,True,360726.58032260026,503758.2179197295,,0.9797841358110858,0.0858680870852583,
1414526570784660,2025,panoroma_coarse,360749.53874211723,503742.96506125573,350.7055676122848,-7.359073565521157,28.964543147932854,prior,north,7.359073565521157,0.8173076923076923,0.46846846846846846,False,3.5470307283482247,True,360744.6609540129,503742.70589396387,,4.884668307685607,5.7007506414916875,
1414526570784660,2025,panoroma_fine,360749.53874211723,503742.96506125573,350.7055676122848,-7.359073565521157,28.964543147932854,prior,north,7.359073565521157,0.8173076923076923,0.46846846846846846,False,3.5470307283482247,True,360747.9641029228,503741.4133637837,,2.210713377476172,1.1942444033361541,
1414526570784660,2025,panoroma_two_pass,360749.53874211723,503742.96506125573,350.7055676122848,-7.359073565521157,28.964543147932854,prior,north,7.359073565521157,0.8173076923076923,0.46846846846846846,False,3.5470307283482247,True,360747.9641029228,503741.4133637837,,2.210713377476172,1.1942444033361541,
1414526570784660,2024,panoroma_coarse,360749.53874211723,503742.96506125573,350.7055676122848,-7.359073565521157,28.964543147932854,prior,north,7.359073565521157,0.5475113122171946,0.4230769230769231,False,4.580520156821715,True,360742.98075371323,503741.5441396772,,6.710158719391217,5.319107607272624,
1414526570784660,2024,panoroma_fine,360749.53874211723,503742.96506125573,350.7055676122848,-7.359073565521157,28.964543147932854,prior,north,7.359073565521157,0.5475113122171946,0.4230769230769231,False,4.580520156821715,True,360747.5599921771,503741.43578840664,,2.5008252182953346,1.1512161765709652,
1414526570784660,2024,panoroma_two_pass,360749.53874211723,503742.96506125573,350.7055676122848,-7.359073565521157,28.964543147932854,prior,north,7.359073565521157,0.5475113122171946,0.4230769230769231,False,4.580520156821715,True,360747.5599921771,503741.43578840664,,2.5008252182953346,1.1512161765709652,
4655499598016038,2025,panoroma_coarse,360783.9939634348,503748.48009199556,350.10718637867046,-5.604337084580777,8.497585644266257,prior,north,5.604337084580777,0.7373029772329247,0.410459587955626,False,1.808249992995021,True,360785.3117854375,503747.2952787427,,1.77212789464515,3.8830143789412306,
4655499598016038,2025,panoroma_fine,360783.9939634348,503748.48009199556,350.10718637867046,-5.604337084580777,8.497585644266257,prior,north,5.604337084580777,0.7373029772329247,0.410459587955626,False,1.808249992995021,True,360786.3339439059,503748.786908758,,2.36000956156332,6.675702488605736,
4655499598016038,2025,panoroma_two_pass,360783.9939634348,503748.48009199556,350.10718637867046,-5.604337084580777,8.497585644266257,prior,north,5.604337084580777,0.7373029772329247,0.410459587955626,False,1.808249992995021,True,360786.3339439059,503748.786908758,,2.36000956156332,6.675702488605736,
4655499598016038,2024,panoroma_coarse,360783.9939634348,503748.48009199556,350.10718637867046,-5.604337084580777,8.497585644266257,prior,north,5.604337084580777,0.7289879931389366,0.4322678843226788,False,2.57689985044591,True,360782.82632697007,503746.61793088034,,2.197957900612768,2.944289953759785,
4655499598016038,2024,panoroma_fine,360783.9939634348,503748.48009199556,350.10718637867046,-5.604337084580777,8.497585644266257,prior,north,5.604337084580777,0.7289879931389366,0.4322678843226788,False,2.57689985044591,True,360785.09452998964,503747.8409059011,,1.2727158382464594,8.802430669067313,
4655499598016038,2024,panoroma_two_pass,360783.9939634348,503748.48009199556,350.10718637867046,-5.604337084580777,8.497585644266257,prior,north,5.604337084580777,0.7289879931389366,0.4322678843226788,False,2.57689985044591,True,360785.09452998964,503747.8409059011,,1.2727158382464594,8.802430669067313,
3033300290207352,2025,panoroma_coarse,360817.63395764213,503753.72948514856,351.99106902931936,-4.479097542094394,24.283266444051378,prior,north,4.479097542094394,0.5048899755501223,0.418848167539267,False,3.5821085149102045,True,360802.5741115936,503753.16069912806,,15.070583284753146,7.090810508531523,
3033300290207352,2025,panoroma_fine,360817.63395764213,503753.72948514856,351.99106902931936,-4.479097542094394,24.283266444051378,prior,north,4.479097542094394,0.5048899755501223,0.418848167539267,False,3.5821085149102045,True,360806.13307843596,503752.7541816901,,11.54215921528596,2.1335810341666193,
3033300290207352,2025,panoroma_two_pass,360817.63395764213,503753.72948514856,351.99106902931936,-4.479097542094394,24.283266444051378,prior,north,4.479097542094394,0.5048899755501223,0.418848167539267,False,3.5821085149102045,True,360806.13307843596,503752.7541816901,,11.54215921528596,2.1335810341666193,
3033300290207352,2024,panoroma_coarse,360817.63395764213,503753.72948514856,351.99106902931936,-4.479097542094394,24.283266444051378,prior,north,4.479097542094394,0.3777544596012592,0.40181268882175225,False,3.4317237715265714,True,360807.92798076855,503757.5694286407,,10.437966904205867,4.707791353936507,
3033300290207352,2024,panoroma_fine,360817.63395764213,503753.72948514856,351.99106902931936,-4.479097542094394,24.283266444051378,prior,north,4.479097542094394,0.3777544596012592,0.40181268882175225,False,3.4317237715265714,True,360806.7981619047,503754.32902166335,,10.85236901770201,4.996135019994549,
3033300290207352,2024,panoroma_two_pass,360817.63395764213,503753.72948514856,351.99106902931936,-4.479097542094394,24.283266444051378,prior,north,4.479097542094394,0.3777544596012592,0.40181268882175225,False,3.4317237715265714,True,360806.7981619047,503754.32902166335,,10.85236901770201,4.996135019994549,
1423796489689610,2025,panoroma_coarse,360849.0187159285,503754.3348842468,5.7238110324634,9.87751076958628,21.3253140751009,prior,north,-9.87751076958628,0.45672664952870606,0.3300613496932515,False,1.7508233823045287,True,360854.6628500859,503754.93019105337,,5.675441884171806,10.53046196563052,
1423796489689610,2025,panoroma_fine,360849.0187159285,503754.3348842468,5.7238110324634,9.87751076958628,21.3253140751009,prior,north,-9.87751076958628,0.45672664952870606,0.3300613496932515,False,1.7508233823045287,True,360856.2901824364,503755.57607953984,,7.376638186282204,13.253118012308622,
1423796489689610,2025,panoroma_two_pass,360849.0187159285,503754.3348842468,5.7238110324634,9.87751076958628,21.3253140751009,prior,north,-9.87751076958628,0.45672664952870606,0.3300613496932515,False,1.7508233823045287,True,360856.2901824364,503755.57607953984,,7.376638186282204,13.253118012308622,
1423796489689610,2024,panoroma_coarse,360849.0187159285,503754.3348842468,5.7238110324634,9.87751076958628,21.3253140751009,prior,north,-9.87751076958628,0.6022727272727273,0.38850574712643676,False,3.716984584654928,True,360879.4946579721,503745.14285634895,,31.832003083732975,9.814761518794164,
1423796489689610,2024,panoroma_fine,360849.0187159285,503754.3348842468,5.7238110324634,9.87751076958628,21.3253140751009,prior,north,-9.87751076958628,0.6022727272727273,0.38850574712643676,False,3.716984584654928,True,360876.3933575575,503747.19173656526,,28.29126301733936,14.588044366154396,
1423796489689610,2024,panoroma_two_pass,360849.0187159285,503754.3348842468,5.7238110324634,9.87751076958628,21.3253140751009,prior,north,-9.87751076958628,0.6022727272727273,0.38850574712643676,False,3.716984584654928,True,360876.3933575575,503747.19173656526,,28.29126301733936,14.588044366154396,
2132600394311539,2025,panoroma_coarse,360880.1354032153,503744.7996306652,26.658949271794334,6.4609772203970905,6.985901107902148,prior,north,-6.460977220397098,0.5299334811529933,0.5113230035756854,False,3.8001055608591314,True,360878.22029158025,503745.1769427239,,1.951926475142615,5.783472275831121,
2132600394311539,2025,panoroma_fine,360880.1354032153,503744.7996306652,26.658949271794334,6.4609772203970905,6.985901107902148,prior,north,-6.460977220397098,0.5299334811529933,0.5113230035756854,False,3.8001055608591314,True,360874.68982113706,503746.5828519399,,5.730117126670106,3.228065213679292,
2132600394311539,2025,panoroma_two_pass,360880.1354032153,503744.7996306652,26.658949271794334,6.4609772203970905,6.985901107902148,prior,north,-6.460977220397098,0.5299334811529933,0.5113230035756854,False,3.8001055608591314,True,360874.68982113706,503746.5828519399,,5.730117126670106,3.228065213679292,
2132600394311539,2024,panoroma_coarse,360880.1354032153,503744.7996306652,26.658949271794334,6.4609772203970905,6.985901107902148,prior,north,-6.460977220397098,0.7269279393173198,0.46002460024600245,False,2.3325362222945465,True,360877.6257458652,503743.5576387636,,2.800164977001963,4.290065942111558,
2132600394311539,2024,panoroma_fine,360880.1354032153,503744.7996306652,26.658949271794334,6.4609772203970905,6.985901107902148,prior,north,-6.460977220397098,0.7269279393173198,0.46002460024600245,False,2.3325362222945465,True,360875.5414564465,503744.6047599827,,4.598078022101455,1.5569817454290698,
2132600394311539,2024,panoroma_two_pass,360880.1354032153,503744.7996306652,26.658949271794334,6.4609772203970905,6.985901107902148,prior,north,-6.460977220397098,0.7269279393173198,0.46002460024600245,False,2.3325362222945465,True,360875.5414564465,503744.6047599827,,4.598078022101455,1.5569817454290698,
989523250818847,2025,panoroma_coarse,360908.6289439254,503724.0568379499,34.753324911071644,-4.744037194425189,19.700842620780378,prior,north,4.744037194425175,0.6759689922480621,0.36671177266576455,False,2.694672287843438,True,360910.14410119125,503723.32331197703,,1.683378119504105,1.6928622173068852,
989523250818847,2025,panoroma_fine,360908.6289439254,503724.0568379499,34.753324911071644,-4.744037194425189,19.700842620780378,prior,north,4.744037194425175,0.6759689922480621,0.36671177266576455,False,2.694672287843438,True,360907.7688637242,503724.5959099944,,1.015054984522883,1.566752622630179,
989523250818847,2025,panoroma_two_pass,360908.6289439254,503724.0568379499,34.753324911071644,-4.744037194425189,19.700842620780378,prior,north,4.744037194425175,0.6759689922480621,0.36671177266576455,False,2.694672287843438,True,360907.7688637242,503724.5959099944,,1.015054984522883,1.566752622630179,
989523250818847,2024,panoroma_coarse,360908.6289439254,503724.0568379499,34.753324911071644,-4.744037194425189,19.700842620780378,prior,north,4.744037194425175,0.691358024691358,0.4013605442176871,False,4.89142175502477,True,360910.88790707703,503723.19869204256,,2.4164703430530072,5.024762915420321,
989523250818847,2024,panoroma_fine,360908.6289439254,503724.0568379499,34.753324911071644,-4.744037194425189,19.700842620780378,prior,north,4.744037194425175,0.691358024691358,0.4013605442176871,False,4.89142175502477,True,360906.4232302607,503725.19685812964,,2.482905310441516,0.4082281772311842,
989523250818847,2024,panoroma_two_pass,360908.6289439254,503724.0568379499,34.753324911071644,-4.744037194425189,19.700842620780378,prior,north,4.744037194425175,0.691358024691358,0.4013605442176871,False,4.89142175502477,True,360906.4232302607,503725.19685812964,,2.482905310441516,0.4082281772311842,
1632250488424820,2025,panoroma_coarse,360931.21201359126,503742.673667931,307.71114265255073,-4.238741015149117,8.296340545500817,prior,north,4.238741015149117,0.5782608695652174,0.4049247606019152,False,2.3850958640974467,True,360928.25332062464,503744.0238673685,,3.2522150285257205,1.5779974570671798,
1632250488424820,2025,panoroma_fine,360931.21201359126,503742.673667931,307.71114265255073,-4.238741015149117,8.296340545500817,prior,north,4.238741015149117,0.5782608695652174,0.4049247606019152,False,2.3850958640974467,True,360930.536595538,503743.33441979915,,0.9448717256326911,2.483780889587617,
1632250488424820,2025,panoroma_two_pass,360931.21201359126,503742.673667931,307.71114265255073,-4.238741015149117,8.296340545500817,prior,north,4.238741015149117,0.5782608695652174,0.4049247606019152,False,2.3850958640974467,True,360930.536595538,503743.33441979915,,0.9448717256326911,2.483780889587617,
1632250488424820,2024,panoroma_coarse,360931.21201359126,503742.673667931,307.71114265255073,-4.238741015149117,8.296340545500817,prior,north,4.238741015149117,0.6208393632416788,0.3786279683377309,False,2.4276101968015515,True,360927.41957023245,503744.65903943224,,4.280692307056546,2.2991804248255936,
1632250488424820,2024,panoroma_fine,360931.21201359126,503742.673667931,307.71114265255073,-4.238741015149117,8.296340545500817,prior,north,4.238741015149117,0.6208393632416788,0.3786279683377309,False,2.4276101968015515,True,360929.26358237566,503743.0801440958,,1.9903786259110148,6.347017434685287,
1632250488424820,2024,panoroma_two_pass,360931.21201359126,503742.673667931,307.71114265255073,-4.238741015149117,8.296340545500817,prior,north,4.238741015149117,0.6208393632416788,0.3786279683377309,False,2.4276101968015515,True,360929.26358237566,503743.0801440958,,1.9903786259110148,6.347017434685287,
2077858049513350,2025,panoroma_coarse,360958.9264981925,503738.99869255535,36.57943141067384,0.8628324443774247,15.720749995554163,prior,north,-0.8628324443774318,0.6090133982947625,0.3625,False,1.038022251148176,True,360955.7536200081,503741.29207462526,,3.9149402666387676,1.5990192908829373,
2077858049513350,2025,panoroma_fine,360958.9264981925,503738.99869255535,36.57943141067384,0.8628324443774247,15.720749995554163,prior,north,-0.8628324443774318,0.6090133982947625,0.3625,False,1.038022251148176,True,360955.6187656419,503740.2628494343,,3.5410714820301483,1.8059367719403416,
2077858049513350,2025,panoroma_two_pass,360958.9264981925,503738.99869255535,36.57943141067384,0.8628324443774247,15.720749995554163,prior,north,-0.8628324443774318,0.6090133982947625,0.3625,False,1.038022251148176,True,360955.6187656419,503740.2628494343,,3.5410714820301483,1.8059367719403416,
2077858049513350,2024,panoroma_coarse,360958.9264981925,503738.99869255535,36.57943141067384,0.8628324443774247,15.720749995554163,prior,north,-0.8628324443774318,0.6537997587454765,0.464735516372796,False,2.2069489723021567,True,360956.61896649806,503739.6780841525,,2.4054678262309612,1.387297911984554,
2077858049513350,2024,panoroma_fine,360958.9264981925,503738.99869255535,36.57943141067384,0.8628324443774247,15.720749995554163,prior,north,-0.8628324443774318,0.6537997587454765,0.464735516372796,False,2.2069489723021567,True,360954.7252506168,503740.8114260813,,4.5756402861578405,1.2886422193212501,
2077858049513350,2024,panoroma_two_pass,360958.9264981925,503738.99869255535,36.57943141067384,0.8628324443774247,15.720749995554163,prior,north,-0.8628324443774318,0.6537997587454765,0.464735516372796,False,2.2069489723021567,True,360954.7252506168,503740.8114260813,,4.5756402861578405,1.2886422193212501,
1589393802867647,2025,panoroma_coarse,360989.10427757644,503724.1385183977,3.2836355909824206,3.791449615632061,13.620486228676821,prior,north,-3.791449615632075,0.7678756476683938,0.4784995425434584,False,1.1407679096730117,True,360986.71954264835,503724.1054019822,,2.3849648580637823,3.7032973450841093,
1589393802867647,2025,panoroma_fine,360989.10427757644,503724.1385183977,3.2836355909824206,3.791449615632061,13.620486228676821,prior,north,-3.791449615632075,0.7678756476683938,0.4784995425434584,False,1.1407679096730117,True,360985.6042858337,503724.3453054234,,3.5060951317833204,2.7190228587023704,
1589393802867647,2025,panoroma_two_pass,360989.10427757644,503724.1385183977,3.2836355909824206,3.791449615632061,13.620486228676821,prior,north,-3.791449615632075,0.7678756476683938,0.4784995425434584,False,1.1407679096730117,True,360985.6042858337,503724.3453054234,,3.5060951317833204,2.7190228587023704,
1589393802867647,2024,panoroma_coarse,360989.10427757644,503724.1385183977,3.2836355909824206,3.791449615632061,13.620486228676821,prior,north,-3.791449615632075,0.7981366459627329,0.5408450704225352,False,0.1171801303453212,True,360985.0388534828,503724.4428607389,,4.076799887374183,1.3982596481454945,
1589393802867647,2024,panoroma_fine,360989.10427757644,503724.1385183977,3.2836355909824206,3.791449615632061,13.620486228676821,prior,north,-3.791449615632075,0.7981366459627329,0.5408450704225352,False,0.1171801303453212,True,360985.1035146637,503724.34513605095,,4.00609469915007,2.772028125402767,
1589393802867647,2024,panoroma_two_pass,360989.10427757644,503724.1385183977,3.2836355909824206,3.791449615632061,13.620486228676821,prior,north,-3.791449615632075,0.7981366459627329,0.5408450704225352,False,0.1171801303453212,True,360985.1035146637,503724.34513605095,,4.00609469915007,2.772028125402767,
1390751626576697,2025,panoroma_coarse,361021.37273823074,503733.2989859199,327.7075825822231,4.1328737014398484,2.718628931427968,prior,north,-4.1328737014398484,0.7807308970099668,0.48945147679324896,False,0.780301727901969,True,361020.42579168594,503734.35578062525,,1.4189865425518842,2.045770049399985,
1390751626576697,2025,panoroma_fine,361021.37273823074,503733.2989859199,327.7075825822231,4.1328737014398484,2.718628931427968,prior,north,-4.1328737014398484,0.7807308970099668,0.48945147679324896,False,0.780301727901969,True,361021.07052412175,503734.79531546205,,1.5265436339431615,1.7861475739033292,
1390751626576697,2025,panoroma_two_pass,361021.37273823074,503733.2989859199,327.7075825822231,4.1328737014398484,2.718628931427968,prior,north,-4.1328737014398484,0.7807308970099668,0.48945147679324896,False,0.780301727901969,True,361021.07052412175,503734.79531546205,,1.5265436339431615,1.7861475739033292,
1390751626576697,2024,panoroma_coarse,361021.37273823074,503733.2989859199,327.7075825822231,4.1328737014398484,2.718628931427968,prior,north,-4.1328737014398484,0.7993235625704622,0.5220061412487206,False,2.5078402961775956,True,361019.52666613006,503733.52790199366,,1.860210947646754,3.2576649661844743,
1390751626576697,2024,panoroma_fine,361021.37273823074,503733.2989859199,327.7075825822231,4.1328737014398484,2.718628931427968,prior,north,-4.1328737014398484,0.7993235625704622,0.5220061412487206,False,2.5078402961775956,True,361022.00453167234,503733.9144835578,,0.8820432501279909,3.07367204821711,
1390751626576697,2024,panoroma_two_pass,361021.37273823074,503733.2989859199,327.7075825822231,4.1328737014398484,2.718628931427968,prior,north,-4.1328737014398484,0.7993235625704622,0.5220061412487206,False,2.5078402961775956,True,361022.00453167234,503733.9144835578,,0.8820432501279909,3.07367204821711,
1779130370087030,2025,panoroma_coarse,361045.8460264687,503753.44114216417,320.3654600271832,6.206946733515508,23.27192846161696,prior,north,-6.206946733515508,0.6526104417670683,0.49144811858608894,False,3.744911637021906,True,361061.68397303426,503776.12217249925,,27.6635082459771,5.473461395619463,
1779130370087030,2025,panoroma_fine,361045.8460264687,503753.44114216417,320.3654600271832,6.206946733515508,23.27192846161696,prior,north,-6.206946733515508,0.6526104417670683,0.49144811858608894,False,3.744911637021906,True,361065.4125660353,503775.7729485002,,29.691060015445068,0.4346575122803306,
1779130370087030,2025,panoroma_two_pass,361045.8460264687,503753.44114216417,320.3654600271832,6.206946733515508,23.27192846161696,prior,north,-6.206946733515508,0.6526104417670683,0.49144811858608894,False,3.744911637021906,True,361065.4125660353,503775.7729485002,,29.691060015445068,0.4346575122803306,
1779130370087030,2024,panoroma_coarse,361045.8460264687,503753.44114216417,320.3654600271832,6.206946733515508,23.27192846161696,prior,north,-6.206946733515508,0.30193236714975846,0.5495716034271726,False,3.393080408834132,True,361047.18816625467,503756.57320065977,,3.407510766672536,1.2451730837823964,
1779130370087030,2024,panoroma_fine,361045.8460264687,503753.44114216417,320.3654600271832,6.206946733515508,23.27192846161696,prior,north,-6.206946733515508,0.30193236714975846,0.5495716034271726,False,3.393080408834132,True,361044.7597143317,503754.2034715785,,1.3271097146946045,3.3921843859438763,
1779130370087030,2024,panoroma_two_pass,361045.8460264687,503753.44114216417,320.3654600271832,6.206946733515508,23.27192846161696,prior,north,-6.206946733515508,0.30193236714975846,0.5495716034271726,False,3.393080408834132,True,361044.7597143317,503754.2034715785,,1.3271097146946045,3.3921843859438763,
1081892811088637,2025,panoroma_coarse,361071.6103484227,503775.00968521927,319.9919728113934,-7.209987336558186,14.789272543165287,prior,north,7.209987336558186,0.6555555555555556,0.5120567375886524,False,3.7345265887833916,True,361072.58909948985,503774.06922951335,,1.3573542596539103,6.770645678954272,
1081892811088637,2025,panoroma_fine,361071.6103484227,503775.00968521927,319.9919728113934,-7.209987336558186,14.789272543165287,prior,north,7.209987336558186,0.6555555555555556,0.5120567375886524,False,3.7345265887833916,True,361073.94914737,503777.5472977424,,3.451008234319756,12.312599798359855,
1081892811088637,2025,panoroma_two_pass,361071.6103484227,503775.00968521927,319.9919728113934,-7.209987336558186,14.789272543165287,prior,north,7.209987336558186,0.6555555555555556,0.5120567375886524,False,3.7345265887833916,True,361073.94914737,503777.5472977424,,3.451008234319756,12.312599798359855,
1081892811088637,2024,panoroma_coarse,361071.6103484227,503775.00968521927,319.9919728113934,-7.209987336558186,14.789272543165287,prior,north,7.209987336558186,0.6954022988505747,0.45776566757493187,False,1.0845382078024863,True,361071.7083362255,503774.2459591355,,0.7699864547883137,7.508380024301115,
1081892811088637,2024,panoroma_fine,361071.6103484227,503775.00968521927,319.9919728113934,-7.209987336558186,14.789272543165287,prior,north,7.209987336558186,0.6954022988505747,0.45776566757493187,False,1.0845382078024863,True,361071.82728758454,503775.32395435736,,0.3818739204106664,6.991468638947738,
1081892811088637,2024,panoroma_two_pass,361071.6103484227,503775.00968521927,319.9919728113934,-7.209987336558186,14.789272543165287,prior,north,7.209987336558186,0.6954022988505747,0.45776566757493187,False,1.0845382078024863,True,361071.82728758454,503775.32395435736,,0.3818739204106664,6.991468638947738,
1571657080838112,2025,panoroma_coarse,361097.6871538623,503796.1688923789,321.71023488531455,-8.181697797323295,14.601379036572121,prior,north,8.181697797323295,0.7489406779661016,0.5120307988450433,False,0.6073990051179653,True,361097.0853573256,503796.5655248141,,0.7207470848020198,7.607512716935161,
1571657080838112,2025,panoroma_fine,361097.6871538623,503796.1688923789,321.71023488531455,-8.181697797323295,14.601379036572121,prior,north,8.181697797323295,0.7489406779661016,0.5120307988450433,False,0.6073990051179653,True,361097.4564165989,503796.0846417024,,0.24563766244280763,5.114718053556512,
1571657080838112,2025,panoroma_two_pass,361097.6871538623,503796.1688923789,321.71023488531455,-8.181697797323295,14.601379036572121,prior,north,8.181697797323295,0.7489406779661016,0.5120307988450433,False,0.6073990051179653,True,361097.4564165989,503796.0846417024,,0.24563766244280763,5.114718053556512,
1571657080838112,2024,panoroma_coarse,361097.6871538623,503796.1688923789,321.71023488531455,-8.181697797323295,14.601379036572121,prior,north,8.181697797323295,0.7575757575757576,0.49903474903474904,False,0.8081507871438723,True,361097.91936372407,503795.1754686757,,1.020201977089019,8.163656351448777,
1571657080838112,2024,panoroma_fine,361097.6871538623,503796.1688923789,321.71023488531455,-8.181697797323295,14.601379036572121,prior,north,8.181697797323295,0.7575757575757576,0.49903474903474904,False,0.8081507871438723,True,361097.1469646985,503795.41318161204,,0.9289257752316177,5.081323852858745,
1571657080838112,2024,panoroma_two_pass,361097.6871538623,503796.1688923789,321.71023488531455,-8.181697797323295,14.601379036572121,prior,north,8.181697797323295,0.7575757575757576,0.49903474903474904,False,0.8081507871438723,True,361097.1469646985,503795.41318161204,,0.9289257752316177,5.081323852858745,
952888117221424,2025,panoroma_coarse,361123.05922481813,503818.2571096383,316.61607292312294,-7.783075920117881,3.7028244098169445,prior,north,7.783075920117881,0.7673202614379085,0.6172069825436409,False,1.7242265685971243,True,361122.42507535685,503815.4476661982,,2.88012464703306,5.345851071010519,
952888117221424,2025,panoroma_fine,361123.05922481813,503818.2571096383,316.61607292312294,-7.783075920117881,3.7028244098169445,prior,north,7.783075920117881,0.7673202614379085,0.6172069825436409,False,1.7242265685971243,True,361122.70842535316,503817.1484513226,,1.1628342640553162,12.410117166214436,
952888117221424,2025,panoroma_two_pass,361123.05922481813,503818.2571096383,316.61607292312294,-7.783075920117881,3.7028244098169445,prior,north,7.783075920117881,0.7673202614379085,0.6172069825436409,False,1.7242265685971243,True,361122.70842535316,503817.1484513226,,1.1628342640553162,12.410117166214436,
952888117221424,2024,panoroma_coarse,361123.05922481813,503818.2571096383,316.61607292312294,-7.783075920117881,3.7028244098169445,prior,north,7.783075920117881,0.7838874680306905,0.5880239520958084,False,0.9825834977594248,True,361123.4049970243,503818.0492307495,,0.40345018398434856,6.221583763965413,
952888117221424,2024,panoroma_fine,361123.05922481813,503818.2571096383,316.61607292312294,-7.783075920117881,3.7028244098169445,prior,north,7.783075920117881,0.7838874680306905,0.5880239520958084,False,0.9825834977594248,True,361122.52546143066,503817.61118112947,,0.8379301834476827,5.8060345400492155,
952888117221424,2024,panoroma_two_pass,361123.05922481813,503818.2571096383,316.61607292312294,-7.783075920117881,3.7028244098169445,prior,north,7.783075920117881,0.7838874680306905,0.5880239520958084,False,0.9825834977594248,True,361122.52546143066,503817.61118112947,,0.8379301834476827,5.8060345400492155,
1088755186866756,2025,panoroma_coarse,361149.29993063095,503840.03393467236,320.98889387954176,-8.863630300116938,18.217226499267987,prior,north,8.863630300116938,0.726027397260274,0.44432989690721647,False,3.281776491930427,True,361149.84196274274,503841.9705089605,,2.0109994489343115,7.98030986987668,
1088755186866756,2025,panoroma_fine,361149.29993063095,503840.03393467236,320.98889387954176,-8.863630300116938,18.217226499267987,prior,north,8.863630300116938,0.726027397260274,0.44432989690721647,False,3.281776491930427,True,361153.0846558496,503841.4655353396,,4.0464336706825605,8.330975126165306,
1088755186866756,2025,panoroma_two_pass,361149.29993063095,503840.03393467236,320.98889387954176,-8.863630300116938,18.217226499267987,prior,north,8.863630300116938,0.726027397260274,0.44432989690721647,False,3.281776491930427,True,361153.0846558496,503841.4655353396,,4.0464336706825605,8.330975126165306,
1088755186866756,2024,panoroma_coarse,361149.29993063095,503840.03393467236,320.98889387954176,-8.863630300116938,18.217226499267987,prior,north,8.863630300116938,0.754406580493537,0.4740740740740741,False,1.4093015087258407,True,361148.5069972897,503839.4577279516,,0.9801823650288132,8.003978159129757,
1088755186866756,2024,panoroma_fine,361149.29993063095,503840.03393467236,320.98889387954176,-8.863630300116938,18.217226499267987,prior,north,8.863630300116938,0.754406580493537,0.4740740740740741,False,1.4093015087258407,True,361148.5711291895,503838.04988639726,,2.1136695813152975,7.195000135695017,
1088755186866756,2024,panoroma_two_pass,361149.29993063095,503840.03393467236,320.98889387954176,-8.863630300116938,18.217226499267987,prior,north,8.863630300116938,0.754406580493537,0.4740740740740741,False,1.4093015087258407,True,361148.5711291895,503838.04988639726,,2.1136695813152975,7.195000135695017,
1666620238369939,2025,panoroma_coarse,361173.00583708816,503862.9563626265,292.94851285843356,6.397136339237818,13.164329464393255,prior,north,-6.397136339237818,0.7473867595818815,0.5443234836702955,False,0.5437511218044514,True,361173.32164814294,503864.11184647697,,1.1978645795659315,4.333523823132561,
1666620238369939,2025,panoroma_fine,361173.00583708816,503862.9563626265,292.94851285843356,6.397136339237818,13.164329464393255,prior,north,-6.397136339237818,0.7473867595818815,0.5443234836702955,False,0.5437511218044514,True,361173.8622928756,503864.16988573543,,1.4853130483879622,2.4426280447389903,
1666620238369939,2025,panoroma_two_pass,361173.00583708816,503862.9563626265,292.94851285843356,6.397136339237818,13.164329464393255,prior,north,-6.397136339237818,0.7473867595818815,0.5443234836702955,False,0.5437511218044514,True,361173.8622928756,503864.16988573543,,1.4853130483879622,2.4426280447389903,
1666620238369939,2024,panoroma_coarse,361173.00583708816,503862.9563626265,292.94851285843356,6.397136339237818,13.164329464393255,prior,north,-6.397136339237818,0.7851099830795262,0.5453074433656958,False,0.6351025852886576,True,361173.1006676994,503862.15173926094,,0.8101923260949891,4.609288113979301,
1666620238369939,2024,panoroma_fine,361173.00583708816,503862.9563626265,292.94851285843356,6.397136339237818,13.164329464393255,prior,north,-6.397136339237818,0.7851099830795262,0.5453074433656958,False,0.6351025852886576,True,361173.2509154551,503862.76881373435,,0.3086065341148596,8.341907675733191,
1666620238369939,2024,panoroma_two_pass,361173.00583708816,503862.9563626265,292.94851285843356,6.397136339237818,13.164329464393255,prior,north,-6.397136339237818,0.7851099830795262,0.5453074433656958,False,0.6351025852886576,True,361173.2509154551,503862.76881373435,,0.3086065341148596,8.341907675733191,
1762029464919045,2025,panoroma_coarse,361156.16527727724,503890.4513906976,230.02804423733778,3.1326421045083066,23.605552969646,prior,north,-3.1326421045083066,0.7315112540192926,0.5184049079754601,False,3.511558386933452,True,361153.3630046422,503890.15827639325,,2.817560632276605,2.2571600226429576,
1762029464919045,2025,panoroma_fine,361156.16527727724,503890.4513906976,230.02804423733778,3.1326421045083066,23.605552969646,prior,north,-3.1326421045083066,0.7315112540192926,0.5184049079754601,False,3.511558386933452,True,361156.6532529107,503891.3851865922,,1.0536104553141739,2.039008816489959,
1762029464919045,2025,panoroma_two_pass,361156.16527727724,503890.4513906976,230.02804423733778,3.1326421045083066,23.605552969646,prior,north,-3.1326421045083066,0.7315112540192926,0.5184049079754601,False,3.511558386933452,True,361156.6532529107,503891.3851865922,,1.0536104553141739,2.039008816489959,
1762029464919045,2024,panoroma_coarse,361156.16527727724,503890.4513906976,230.02804423733778,3.1326421045083066,23.605552969646,prior,north,-3.1326421045083066,0.7644230769230769,0.5022354694485842,False,3.0230496939492806,True,361153.7817584246,503890.0247865323,,2.4213948944346555,0.5264545678097627,
1762029464919045,2024,panoroma_fine,361156.16527727724,503890.4513906976,230.02804423733778,3.1326421045083066,23.605552969646,prior,north,-3.1326421045083066,0.7644230769230769,0.5022354694485842,False,3.0230496939492806,True,361155.88395948947,503892.19724599906,,1.768375082185643,1.9323754138175766,
1762029464919045,2024,panoroma_two_pass,361156.16527727724,503890.4513906976,230.02804423733778,3.1326421045083066,23.605552969646,prior,north,-3.1326421045083066,0.7644230769230769,0.5022354694485842,False,3.0230496939492806,True,361155.88395948947,503892.19724599906,,1.768375082185643,1.9323754138175766,
1132839019071351,2025,panoroma_coarse,361142.207623885,503903.8411272457,30.809075166005442,-8.058651102678024,3.8188374497366575,prior,north,8.058651102678027,0.7821138211382114,0.5033783783783784,False,2.627415300186163,True,361140.33887953946,503907.3519077698,,3.9771579447567804,3.4620757727095257,
1132839019071351,2025,panoroma_fine,361142.207623885,503903.8411272457,30.809075166005442,-8.058651102678024,3.8188374497366575,prior,north,8.058651102678027,0.7821138211382114,0.5033783783783784,False,2.627415300186163,True,361142.78496136947,503906.3927441547,,2.616116859290057,0.6578124388931468,
1132839019071351,2025,panoroma_two_pass,361142.207623885,503903.8411272457,30.809075166005442,-8.058651102678024,3.8188374497366575,prior,north,8.058651102678027,0.7821138211382114,0.5033783783783784,False,2.627415300186163,True,361142.78496136947,503906.3927441547,,2.616116859290057,0.6578124388931468,
1132839019071351,2024,panoroma_coarse,361142.207623885,503903.8411272457,30.809075166005442,-8.058651102678024,3.8188374497366575,prior,north,8.058651102678027,0.7645107794361525,0.5425531914893617,False,1.6978420840988195,True,361140.41751879116,503906.3559614453,,3.0868863436541676,2.0385121396057095,
1132839019071351,2024,panoroma_fine,361142.207623885,503903.8411272457,30.809075166005442,-8.058651102678024,3.8188374497366575,prior,north,8.058651102678027,0.7645107794361525,0.5425531914893617,False,1.6978420840988195,True,361141.85518621095,503905.45275596884,,1.6497149618659575,2.5162578177608665,
1132839019071351,2024,panoroma_two_pass,361142.207623885,503903.8411272457,30.809075166005442,-8.058651102678024,3.8188374497366575,prior,north,8.058651102678027,0.7645107794361525,0.5425531914893617,False,1.6978420840988195,True,361141.85518621095,503905.45275596884,,1.6497149618659575,2.5162578177608665,
1796949328283937,2025,panoroma_coarse,361165.4447950305,503879.9005597392,49.11875024070156,-7.311398965044141,20.857311115588583,prior,north,7.311398965044134,0.8042704626334519,0.39747634069400634,False,1.9448332465352027,True,361167.7848627677,503881.87124806165,,3.0593348098368294,6.8217320540914255,
1796949328283937,2025,panoroma_fine,361165.4447950305,503879.9005597392,49.11875024070156,-7.311398965044141,20.857311115588583,prior,north,7.311398965044134,0.8042704626334519,0.39747634069400634,False,1.9448332465352027,True,361165.84362663137,503881.75301684806,,1.894904743241793,2.2266840882328425,
1796949328283937,2025,panoroma_two_pass,361165.4447950305,503879.9005597392,49.11875024070156,-7.311398965044141,20.857311115588583,prior,north,7.311398965044134,0.8042704626334519,0.39747634069400634,False,1.9448332465352027,True,361165.84362663137,503881.75301684806,,1.894904743241793,2.2266840882328425,
1796949328283937,2024,panoroma_coarse,361165.4447950305,503879.9005597392,49.11875024070156,-7.311398965044141,20.857311115588583,prior,north,7.311398965044134,0.8066202090592335,0.484573502722323,False,2.5925095249763794,True,361167.56435227214,503882.0952134,,3.051069909298648,5.403606440592677,
1796949328283937,2024,panoroma_fine,361165.4447950305,503879.9005597392,49.11875024070156,-7.311398965044141,20.857311115588583,prior,north,7.311398965044134,0.8066202090592335,0.484573502722323,False,2.5925095249763794,True,361165.04158022377,503882.69247952924,,2.820886083195059,3.826215664310611,
1796949328283937,2024,panoroma_two_pass,361165.4447950305,503879.9005597392,49.11875024070156,-7.311398965044141,20.857311115588583,prior,north,7.311398965044134,0.8066202090592335,0.484573502722323,False,2.5925095249763794,True,361165.04158022377,503882.69247952924,,2.820886083195059,3.826215664310611,
1457053619817270,2025,panoroma_coarse,361163.461901341,503852.34058410395,137.93171992162561,-6.666266701522943,23.65700984246289,prior,north,6.666266701522943,0.5631067961165048,0.305352798053528,False,1.1168105082306903,True,361170.9510220327,503858.08284631773,,9.437187296383986,12.308677899465605,
1457053619817270,2025,panoroma_fine,361163.461901341,503852.34058410395,137.93171992162561,-6.666266701522943,23.65700984246289,prior,north,6.666266701522943,0.5631067961165048,0.305352798053528,False,1.1168105082306903,True,361170.9635239709,503859.1995868484,,10.164657432989689,40.1948007065452,
1457053619817270,2025,panoroma_two_pass,361163.461901341,503852.34058410395,137.93171992162561,-6.666266701522943,23.65700984246289,prior,north,6.666266701522943,0.5631067961165048,0.305352798053528,False,1.1168105082306903,True,361170.9635239709,503859.1995868484,,10.164657432989689,40.1948007065452,
1457053619817270,2024,panoroma_coarse,361163.461901341,503852.34058410395,137.93171992162561,-6.666266701522943,23.65700984246289,prior,north,6.666266701522943,0.7126917712691772,0.34720700985761227,False,4.723083015482393,True,361171.83589640027,503859.10509701,,10.764870092515643,6.1914010369641925,
1457053619817270,2024,panoroma_fine,361163.461901341,503852.34058410395,137.93171992162561,-6.666266701522943,23.65700984246289,prior,north,6.666266701522943,0.7126917712691772,0.34720700985761227,False,4.723083015482393,True,361167.9021822237,503856.4910185972,,6.078009608426744,16.521382064645167,
1457053619817270,2024,panoroma_two_pass,361163.461901341,503852.34058410395,137.93171992162561,-6.666266701522943,23.65700984246289,prior,north,6.666266701522943,0.7126917712691772,0.34720700985761227,False,4.723083015482393,True,361167.9021822237,503856.4910185972,,6.078009608426744,16.521382064645167,
1837757387401780,2025,panoroma_coarse,361139.2848980101,503832.87409963924,140.0515130566729,-3.9298710488354516,23.607606526840335,prior,north,3.9298710488354516,0.6706875753920386,0.41606714628297364,False,3.070315335462259,True,361153.189167824,503844.8575372823,,18.3556938523867,5.1893088791305235,
1837757387401780,2025,panoroma_fine,361139.2848980101,503832.87409963924,140.0515130566729,-3.9298710488354516,23.607606526840335,prior,north,3.9298710488354516,0.6706875753920386,0.41606714628297364,False,3.070315335462259,True,361155.8529133541,503846.3843954977,,21.37819512078828,10.204737462463061,
1837757387401780,2025,panoroma_two_pass,361139.2848980101,503832.87409963924,140.0515130566729,-3.9298710488354516,23.607606526840335,prior,north,3.9298710488354516,0.6706875753920386,0.41606714628297364,False,3.070315335462259,True,361155.8529133541,503846.3843954977,,21.37819512078828,10.204737462463061,
1837757387401780,2024,panoroma_coarse,361139.2848980101,503832.87409963924,140.0515130566729,-3.9298710488354516,23.607606526840335,prior,north,3.9298710488354516,0.6343949044585987,0.36866902237926974,False,2.245511510542733,True,361149.5733250883,503839.60177728644,,12.292818158117372,2.797903781072382,
1837757387401780,2024,panoroma_fine,361139.2848980101,503832.87409963924,140.0515130566729,-3.9298710488354516,23.607606526840335,prior,north,3.9298710488354516,0.6343949044585987,0.36866902237926974,False,2.245511510542733,True,361147.87198147847,503838.1362562647,,10.071161543926582,4.116451746609396,
1837757387401780,2024,panoroma_two_pass,361139.2848980101,503832.87409963924,140.0515130566729,-3.9298710488354516,23.607606526840335,prior,north,3.9298710488354516,0.6343949044585987,0.36866902237926974,False,2.245511510542733,True,361147.87198147847,503838.1362562647,,10.071161543926582,4.116451746609396,
910305541902539,2025,panoroma_coarse,361113.2990068514,503811.5212163888,139.70288319418458,-3.0993717870329647,12.135700176946136,prior,north,3.0993717870329647,0.8277777777777777,0.5943877551020408,False,2.1487834576276503,True,361113.879764899,503814.34379858244,,2.8817095880296613,0.6386415266356653,
910305541902539,2025,panoroma_fine,361113.2990068514,503811.5212163888,139.70288319418458,-3.0993717870329647,12.135700176946136,prior,north,3.0993717870329647,0.8277777777777777,0.5943877551020408,False,2.1487834576276503,True,361112.94742458983,503812.4078203037,,0.9537696726980622,4.64537901978571,
910305541902539,2025,panoroma_two_pass,361113.2990068514,503811.5212163888,139.70288319418458,-3.0993717870329647,12.135700176946136,prior,north,3.0993717870329647,0.8277777777777777,0.5943877551020408,False,2.1487834576276503,True,361112.94742458983,503812.4078203037,,0.9537696726980622,4.64537901978571,
910305541902539,2024,panoroma_coarse,361113.2990068514,503811.5212163888,139.70288319418458,-3.0993717870329647,12.135700176946136,prior,north,3.0993717870329647,0.8021680216802168,0.7156593406593407,False,1.614506776773577,True,361112.219608034,503814.21904019575,,2.9057451884758545,2.6098912050473753,
910305541902539,2024,panoroma_fine,361113.2990068514,503811.5212163888,139.70288319418458,-3.0993717870329647,12.135700176946136,prior,north,3.0993717870329647,0.8021680216802168,0.7156593406593407,False,1.614506776773577,True,361112.14792445424,503812.6061255679,,1.5817770424388926,1.3394839303104984,
910305541902539,2024,panoroma_two_pass,361113.2990068514,503811.5212163888,139.70288319418458,-3.0993717870329647,12.135700176946136,prior,north,3.0993717870329647,0.8021680216802168,0.7156593406593407,False,1.614506776773577,True,361112.14792445424,503812.6061255679,,1.5817770424388926,1.3394839303104984,
943623705468611,2025,panoroma_coarse,361124.27563437924,503784.4712108318,49.80342135264164,-6.015722885447353,17.02001057418736,prior,north,6.01572288544736,0.7871939736346516,0.4472168905950096,False,0.23558737281122227,True,361125.8230778087,503784.08447928354,,1.5950368202087681,2.68623328890421,
943623705468611,2025,panoroma_fine,361124.27563437924,503784.4712108318,49.80342135264164,-6.015722885447353,17.02001057418736,prior,north,6.01572288544736,0.7871939736346516,0.4472168905950096,False,0.23558737281122227,True,361125.6713286101,503784.2646835869,,1.410891877121738,5.122032516943802,
943623705468611,2025,panoroma_two_pass,361124.27563437924,503784.4712108318,49.80342135264164,-6.015722885447353,17.02001057418736,prior,north,6.01572288544736,0.7871939736346516,0.4472168905950096,False,0.23558737281122227,True,361125.6713286101,503784.2646835869,,1.410891877121738,5.122032516943802,
943623705468611,2024,panoroma_coarse,361124.27563437924,503784.4712108318,49.80342135264164,-6.015722885447353,17.02001057418736,prior,north,6.01572288544736,0.7897727272727273,0.40847784200385356,False,1.6325095564669785,True,361125.3615907022,503783.9605127062,,1.2000473785856207,4.865882124068888,
943623705468611,2024,panoroma_fine,361124.27563437924,503784.4712108318,49.80342135264164,-6.015722885447353,17.02001057418736,prior,north,6.01572288544736,0.7897727272727273,0.40847784200385356,False,1.6325095564669785,True,361124.9673877579,503785.5447132903,,1.27707880153459,4.745720235297392,
943623705468611,2024,panoroma_two_pass,361124.27563437924,503784.4712108318,49.80342135264164,-6.015722885447353,17.02001057418736,prior,north,6.01572288544736,0.7897727272727273,0.40847784200385356,False,1.6325095564669785,True,361124.9673877579,503785.5447132903,,1.27707880153459,4.745720235297392,
29302096676059304,2025,panoroma_coarse,361152.32174410915,503793.66742612515,319.9515651069156,4.316161634599496,13.949475893151511,prior,north,-4.316161634599496,0.41452991452991456,0.39967637540453077,False,3.184360713401663,True,361149.7399717747,503788.9480432705,,5.379416596223506,0.95550861057209,
29302096676059304,2025,panoroma_fine,361152.32174410915,503793.66742612515,319.9515651069156,4.316161634599496,13.949475893151511,prior,north,-4.316161634599496,0.41452991452991456,0.39967637540453077,False,3.184360713401663,True,361152.92093733983,503788.80103569845,,4.903140658066249,12.87795022325331,
29302096676059304,2025,panoroma_two_pass,361152.32174410915,503793.66742612515,319.9515651069156,4.316161634599496,13.949475893151511,prior,north,-4.316161634599496,0.41452991452991456,0.39967637540453077,False,3.184360713401663,True,361152.92093733983,503788.80103569845,,4.903140658066249,12.87795022325331,
29302096676059304,2024,panoroma_coarse,361152.32174410915,503793.66742612515,319.9515651069156,4.316161634599496,13.949475893151511,prior,north,-4.316161634599496,0.6509572901325479,0.423728813559322,False,0.7578276802910276,True,361152.91094738565,503792.72796241345,,1.108942093448759,7.710748211723785,
29302096676059304,2024,panoroma_fine,361152.32174410915,503793.66742612515,319.9515651069156,4.316161634599496,13.949475893151511,prior,north,-4.316161634599496,0.6509572901325479,0.423728813559322,False,0.7578276802910276,True,361152.2715698714,503793.1347783268,,0.5350057300942341,1.3461223957010027,
29302096676059304,2024,panoroma_two_pass,361152.32174410915,503793.66742612515,319.9515651069156,4.316161634599496,13.949475893151511,prior,north,-4.316161634599496,0.6509572901325479,0.423728813559322,False,0.7578276802910276,True,361152.2715698714,503793.1347783268,,0.5350057300942341,1.3461223957010027,
945959455229054,2025,panoroma_coarse,361178.48574524716,503815.7914123349,319.40193817603665,5.641812144021799,27.251830454577384,prior,north,-5.641812144021799,0.3522012578616352,0.3953871499176277,False,4.362887524219464,True,361135.4685203926,503834.08842397097,,46.74678886296247,0.31966541925087516,
945959455229054,2025,panoroma_fine,361178.48574524716,503815.7914123349,319.40193817603665,5.641812144021799,27.251830454577384,prior,north,-5.641812144021799,0.3522012578616352,0.3953871499176277,False,4.362887524219464,True,361139.2861522393,503831.97644039337,,42.409470937930834,10.75899271170135,
945959455229054,2025,panoroma_two_pass,361178.48574524716,503815.7914123349,319.40193817603665,5.641812144021799,27.251830454577384,prior,north,-5.641812144021799,0.3522012578616352,0.3953871499176277,False,4.362887524219464,True,361139.2861522393,503831.97644039337,,42.409470937930834,10.75899271170135,
945959455229054,2024,panoroma_coarse,361178.48574524716,503815.7914123349,319.40193817603665,5.641812144021799,27.251830454577384,prior,north,-5.641812144021799,0.5612535612535613,0.4028776978417266,False,3.0408711313298924,True,361168.6770099985,503809.3219383078,,11.750122610693738,5.901840896023791,
945959455229054,2024,panoroma_fine,361178.48574524716,503815.7914123349,319.40193817603665,5.641812144021799,27.251830454577384,prior,north,-5.641812144021799,0.5612535612535613,0.4028776978417266,False,3.0408711313298924,True,361171.7178811108,503809.32159829,,9.362824293121637,6.436535765130437,
945959455229054,2024,panoroma_two_pass,361178.48574524716,503815.7914123349,319.40193817603665,5.641812144021799,27.251830454577384,prior,north,-5.641812144021799,0.5612535612535613,0.4028776978417266,False,3.0408711313298924,True,361171.7178811108,503809.32159829,,9.362824293121637,6.436535765130437,
1673666160842107,2025,panoroma_coarse,361202.9486604999,503836.40604008455,318.7916284373411,-6.271234669343528,15.70464143546742,prior,north,6.271234669343528,0.7508896797153025,0.4434931506849315,False,1.42890773258013,True,361204.7391558683,503835.3837531429,,2.0617818156613508,5.834142402561951,
1673666160842107,2025,panoroma_fine,361202.9486604999,503836.40604008455,318.7916284373411,-6.271234669343528,15.70464143546742,prior,north,6.271234669343528,0.7508896797153025,0.4434931506849315,False,1.42890773258013,True,361206.01548084774,503836.0262263759,,3.090250070675227,6.48271399811655,
1673666160842107,2025,panoroma_two_pass,361202.9486604999,503836.40604008455,318.7916284373411,-6.271234669343528,15.70464143546742,prior,north,6.271234669343528,0.7508896797153025,0.4434931506849315,False,1.42890773258013,True,361206.01548084774,503836.0262263759,,3.090250070675227,6.48271399811655,
1673666160842107,2024,panoroma_coarse,361202.9486604999,503836.40604008455,318.7916284373411,-6.271234669343528,15.70464143546742,prior,north,6.271234669343528,0.6329113924050633,0.4473684210526316,False,0.8192191104905302,True,361204.1138874598,503835.15825931384,,1.7072523890301974,3.6069536137605596,
1673666160842107,2024,panoroma_fine,361202.9486604999,503836.40604008455,318.7916284373411,-6.271234669343528,15.70464143546742,prior,north,6.271234669343528,0.6329113924050633,0.4473684210526316,False,0.8192191104905302,True,361204.7166414979,503835.71306335175,,1.8989401153280585,4.474707745120518,
1673666160842107,2024,panoroma_two_pass,361202.9486604999,503836.40604008455,318.7916284373411,-6.271234669343528,15.70464143546742,prior,north,6.271234669343528,0.6329113924050633,0.4473684210526316,False,0.8192191104905302,True,361204.7166414979,503835.71306335175,,1.8989401153280585,4.474707745120518,
1090951123865054,2025,panoroma_coarse,361229.35377108154,503858.7442823788,319.919795509785,-0.549489801134257,16.959665045204776,prior,north,0.549489801134257,0.7473309608540926,0.4474885844748858,False,2.092583944251647,True,361231.1177065513,503857.28106346773,,2.291828510847506,3.0411712203219983,
1090951123865054,2025,panoroma_fine,361229.35377108154,503858.7442823788,319.919795509785,-0.549489801134257,16.959665045204776,prior,north,0.549489801134257,0.7473309608540926,0.4474885844748858,False,2.092583944251647,True,361232.12184321304,503859.11698752065,,2.793050742096431,0.917963920017761,
1090951123865054,2025,panoroma_two_pass,361229.35377108154,503858.7442823788,319.919795509785,-0.549489801134257,16.959665045204776,prior,north,0.549489801134257,0.7473309608540926,0.4474885844748858,False,2.092583944251647,True,361232.12184321304,503859.11698752065,,2.793050742096431,0.917963920017761,
1090951123865054,2024,panoroma_coarse,361229.35377108154,503858.7442823788,319.919795509785,-0.549489801134257,16.959665045204776,prior,north,0.549489801134257,0.761168384879725,0.4616564417177914,False,0.9649497043264217,True,361233.43766930053,503860.0121927064,,4.276192378958695,1.600429728665911,
1090951123865054,2024,panoroma_fine,361229.35377108154,503858.7442823788,319.919795509785,-0.549489801134257,16.959665045204776,prior,north,0.549489801134257,0.761168384879725,0.4616564417177914,False,0.9649497043264217,True,361233.32063945994,503860.97001938603,,4.548620665303334,3.9523496990797202,
1090951123865054,2024,panoroma_two_pass,361229.35377108154,503858.7442823788,319.919795509785,-0.549489801134257,16.959665045204776,prior,north,0.549489801134257,0.761168384879725,0.4616564417177914,False,0.9649497043264217,True,361233.32063945994,503860.97001938603,,4.548620665303334,3.9523496990797202,
2599151813871531,2025,panoroma_coarse,361254.8027265823,503880.00557597354,319.1352500356382,-7.442632084407023,12.281534146748811,prior,north,7.442632084407023,0.6933085501858736,0.3850267379679144,False,2.0909622174356413,True,361254.3062933333,503876.09460577177,,3.942351314869534,5.997242321001444,
2599151813871531,2025,panoroma_fine,361254.8027265823,503880.00557597354,319.1352500356382,-7.442632084407023,12.281534146748811,prior,north,7.442632084407023,0.6933085501858736,0.3850267379679144,False,2.0909622174356413,True,361254.2711205609,503878.1852721418,,1.8963414781469805,6.569639897285386,
2599151813871531,2025,panoroma_two_pass,361254.8027265823,503880.00557597354,319.1352500356382,-7.442632084407023,12.281534146748811,prior,north,7.442632084407023,0.6933085501858736,0.3850267379679144,False,2.0909622174356413,True,361254.2711205609,503878.1852721418,,1.8963414781469805,6.569639897285386,
2599151813871531,2024,panoroma_coarse,361254.8027265823,503880.00557597354,319.1352500356382,-7.442632084407023,12.281534146748811,prior,north,7.442632084407023,0.6931407942238267,0.41798941798941797,False,2.5614234838716676,True,361254.9696007462,503877.9039250549,,2.108265536045904,4.897282562870743,
2599151813871531,2024,panoroma_fine,361254.8027265823,503880.00557597354,319.1352500356382,-7.442632084407023,12.281534146748811,prior,north,7.442632084407023,0.6931407942238267,0.41798941798941797,False,2.5614234838716676,True,361256.39141046954,503880.03449947847,,1.5889471554471493,8.149786711502495,
2599151813871531,2024,panoroma_two_pass,361254.8027265823,503880.00557597354,319.1352500356382,-7.442632084407023,12.281534146748811,prior,north,7.442632084407023,0.6931407942238267,0.41798941798941797,False,2.5614234838716676,True,361256.39141046954,503880.03449947847,,1.5889471554471493,8.149786711502495,
1597452008592561,2025,panoroma_coarse,361281.9459420293,503902.72692003846,319.49911736546557,-9.68035871207644,10.473701680738039,prior,north,9.68035871207644,0.6917562724014337,0.5495934959349593,False,2.5087579793238532,True,361284.25585907075,503900.5727553745,,3.15850314831684,3.244991446706912,
1597452008592561,2025,panoroma_fine,361281.9459420293,503902.72692003846,319.49911736546557,-9.68035871207644,10.473701680738039,prior,north,9.68035871207644,0.6917562724014337,0.5495934959349593,False,2.5087579793238532,True,361281.75848726195,503900.3340072908,,2.400243885076799,5.731982345400528,
1597452008592561,2025,panoroma_two_pass,361281.9459420293,503902.72692003846,319.49911736546557,-9.68035871207644,10.473701680738039,prior,north,9.68035871207644,0.6917562724014337,0.5495934959349593,False,2.5087579793238532,True,361281.75848726195,503900.3340072908,,2.400243885076799,5.731982345400528,
1597452008592561,2024,panoroma_coarse,361281.9459420293,503902.72692003846,319.49911736546557,-9.68035871207644,10.473701680738039,prior,north,9.68035871207644,0.729636048526863,0.5251677852348994,False,4.130764112885724,True,361286.1310287852,503902.93889987,,4.190451837612633,2.9208562905010984,
1597452008592561,2024,panoroma_fine,361281.9459420293,503902.72692003846,319.49911736546557,-9.68035871207644,10.473701680738039,prior,north,9.68035871207644,0.729636048526863,0.5251677852348994,False,4.130764112885724,True,361282.19460383133,503901.68679334945,,1.0694373385029203,2.904045581968697,
1597452008592561,2024,panoroma_two_pass,361281.9459420293,503902.72692003846,319.49911736546557,-9.68035871207644,10.473701680738039,prior,north,9.68035871207644,0.729636048526863,0.5251677852348994,False,4.130764112885724,True,361282.19460383133,503901.68679334945,,1.0694373385029203,2.904045581968697,
1591043065903450,2025,panoroma_coarse,361306.3013394185,503923.1993527394,319.37232726574774,3.222610575580063,23.29122924387973,prior,north,-3.222610575580063,0.5356600910470409,0.48,False,2.9355110894941205,True,361310.7447172812,503921.6300020191,,4.7123739785585785,0.23169395980991772,
1591043065903450,2025,panoroma_fine,361306.3013394185,503923.1993527394,319.37232726574774,3.222610575580063,23.29122924387973,prior,north,-3.222610575580063,0.5356600910470409,0.48,False,2.9355110894941205,True,361309.4697690691,503924.2741904415,,3.345776821104139,2.7615940800253753,
1591043065903450,2025,panoroma_two_pass,361306.3013394185,503923.1993527394,319.37232726574774,3.222610575580063,23.29122924387973,prior,north,-3.222610575580063,0.5356600910470409,0.48,False,2.9355110894941205,True,361309.4697690691,503924.2741904415,,3.345776821104139,2.7615940800253753,
1591043065903450,2024,panoroma_coarse,361306.3013394185,503923.1993527394,319.37232726574774,3.222610575580063,23.29122924387973,prior,north,-3.222610575580063,0.5671641791044776,0.41147540983606556,False,4.100151794788805,True,361311.84306697117,503920.77022705006,,6.050735152225615,2.0445625657058453,
1591043065903450,2024,panoroma_fine,361306.3013394185,503923.1993527394,319.37232726574774,3.222610575580063,23.29122924387973,prior,north,-3.222610575580063,0.5671641791044776,0.41147540983606556,False,4.100151794788805,True,361308.3717801899,503922.95229323214,,2.0851291058403545,2.491168769874772,
1591043065903450,2024,panoroma_two_pass,361306.3013394185,503923.1993527394,319.37232726574774,3.222610575580063,23.29122924387973,prior,north,-3.222610575580063,0.5671641791044776,0.41147540983606556,False,4.100151794788805,True,361308.3717801899,503922.95229323214,,2.0851291058403545,2.491168769874772,
1112966985014802,2025,panoroma_coarse,361331.9141680186,503944.78736955114,319.4289408658014,-4.960667802704165,11.004181313748436,prior,north,4.960667802704165,0.6801242236024845,0.3086232980332829,False,3.702359787125431,True,361334.16188998154,503946.8454815679,,3.047635000478833,4.433491780422795,
1112966985014802,2025,panoroma_fine,361331.9141680186,503944.78736955114,319.4289408658014,-4.960667802704165,11.004181313748436,prior,north,4.960667802704165,0.6801242236024845,0.3086232980332829,False,3.702359787125431,True,361337.74290463823,503947.78558902,,6.554654114774505,7.702516378872716,
1112966985014802,2025,panoroma_two_pass,361331.9141680186,503944.78736955114,319.4289408658014,-4.960667802704165,11.004181313748436,prior,north,4.960667802704165,0.6801242236024845,0.3086232980332829,False,3.702359787125431,True,361337.74290463823,503947.78558902,,6.554654114774505,7.702516378872716,
1112966985014802,2024,panoroma_coarse,361331.9141680186,503944.78736955114,319.4289408658014,-4.960667802704165,11.004181313748436,prior,north,4.960667802704165,0.42752740560292324,0.40965732087227413,False,3.6342600997572885,True,361334.9510793207,503948.47509455297,,4.777252970669387,9.101134369253034,
1112966985014802,2024,panoroma_fine,361331.9141680186,503944.78736955114,319.4289408658014,-4.960667802704165,11.004181313748436,prior,north,4.960667802704165,0.42752740560292324,0.40965732087227413,False,3.6342600997572885,True,361333.44679325644,503945.16677626275,,1.578888714395556,1.241234064045805,
1112966985014802,2024,panoroma_two_pass,361331.9141680186,503944.78736955114,319.4289408658014,-4.960667802704165,11.004181313748436,prior,north,4.960667802704165,0.42752740560292324,0.40965732087227413,False,3.6342600997572885,True,361333.44679325644,503945.16677626275,,1.578888714395556,1.241234064045805,
2366348720838280,2025,panoroma_coarse,361357.22639762436,503965.9155402966,319.33710303448834,-2.790270094327809,19.9311952713854,prior,north,2.790270094327809,0.7098540145985401,0.482078853046595,False,0.8336370665519589,True,361357.752858843,503963.0052472079,,2.9575272233570384,3.735274264586513,
2366348720838280,2025,panoroma_fine,361357.22639762436,503965.9155402966,319.33710303448834,-2.790270094327809,19.9311952713854,prior,north,2.790270094327809,0.7098540145985401,0.482078853046595,False,0.8336370665519589,True,361356.9939820296,503963.35029320593,,2.5757541895077622,3.994000078930193,
2366348720838280,2025,panoroma_two_pass,361357.22639762436,503965.9155402966,319.33710303448834,-2.790270094327809,19.9311952713854,prior,north,2.790270094327809,0.7098540145985401,0.482078853046595,False,0.8336370665519589,True,361356.9939820296,503963.35029320593,,2.5757541895077622,3.994000078930193,
2366348720838280,2024,panoroma_coarse,361357.22639762436,503965.9155402966,319.33710303448834,-2.790270094327809,19.9311952713854,prior,north,2.790270094327809,0.7309160305343512,0.5060034305317325,False,2.719126335218789,True,361358.7843009589,503963.97460652277,,2.4888323997750117,3.839863161571117,
2366348720838280,2024,panoroma_fine,361357.22639762436,503965.9155402966,319.33710303448834,-2.790270094327809,19.9311952713854,prior,north,2.790270094327809,0.7309160305343512,0.5060034305317325,False,2.719126335218789,True,361356.0820827249,503963.6718448303,,2.518655580744901,3.6630371209566217,
2366348720838280,2024,panoroma_two_pass,361357.22639762436,503965.9155402966,319.33710303448834,-2.790270094327809,19.9311952713854,prior,north,2.790270094327809,0.7309160305343512,0.5060034305317325,False,2.719126335218789,True,361356.0820827249,503963.6718448303,,2.518655580744901,3.6630371209566217,
1572977703746490,2025,panoroma_coarse,361381.6841147716,503988.2561406791,315.26503124108785,-7.467504438691435,25.71821621208423,prior,north,7.467504438691435,0.5139593908629442,0.5,False,2.220650798821213,True,361389.6599823662,504017.04751841765,,29.87570745553879,5.426170795623833,
1572977703746490,2025,panoroma_fine,361381.6841147716,503988.2561406791,315.26503124108785,-7.467504438691435,25.71821621208423,prior,north,7.467504438691435,0.5139593908629442,0.5,False,2.220650798821213,True,361389.2492735022,504014.8651783435,,27.663559280090887,3.807650378750464,
1572977703746490,2025,panoroma_two_pass,361381.6841147716,503988.2561406791,315.26503124108785,-7.467504438691435,25.71821621208423,prior,north,7.467504438691435,0.5139593908629442,0.5,False,2.220650798821213,True,361389.2492735022,504014.8651783435,,27.663559280090887,3.807650378750464,
1572977703746490,2024,panoroma_coarse,361381.6841147716,503988.2561406791,315.26503124108785,-7.467504438691435,25.71821621208423,prior,north,7.467504438691435,0.7292993630573248,0.44625407166123776,False,2.807030867833252,True,361389.6557454618,504017.9207813806,,30.71706046824407,7.284053766054382,
1572977703746490,2024,panoroma_fine,361381.6841147716,503988.2561406791,315.26503124108785,-7.467504438691435,25.71821621208423,prior,north,7.467504438691435,0.7292993630573248,0.44625407166123776,False,2.807030867833252,True,361388.72417261,504015.27283985657,,27.91889053691435,6.083290645803598,
1572977703746490,2024,panoroma_two_pass,361381.6841147716,503988.2561406791,315.26503124108785,-7.467504438691435,25.71821621208423,prior,north,7.467504438691435,0.7292993630573248,0.44625407166123776,False,2.807030867833252,True,361388.72417261,504015.27283985657,,27.91889053691435,6.083290645803598,
1579563780527774,2025,panoroma_coarse,361404.36574653024,504011.34464292694,313.0300471049002,-1.5941689526003415,9.763494629555638,prior,north,1.5941689526003415,0.3907894736842105,0.3951048951048951,False,1.8543494451893314,True,361411.5993729352,504017.23626626836,,9.329339556666545,0.1064875503206344,
1579563780527774,2025,panoroma_fine,361404.36574653024,504011.34464292694,313.0300471049002,-1.5941689526003415,9.763494629555638,prior,north,1.5941689526003415,0.3907894736842105,0.3951048951048951,False,1.8543494451893314,True,361413.4232194582,504017.57122257195,,10.991274262631576,0.698551922398035,
1579563780527774,2025,panoroma_two_pass,361404.36574653024,504011.34464292694,313.0300471049002,-1.5941689526003415,9.763494629555638,prior,north,1.5941689526003415,0.3907894736842105,0.3951048951048951,False,1.8543494451893314,True,361413.4232194582,504017.57122257195,,10.991274262631576,0.698551922398035,
1579563780527774,2024,panoroma_coarse,361404.36574653024,504011.34464292694,313.0300471049002,-1.5941689526003415,9.763494629555638,prior,north,1.5941689526003415,0.6080114449213162,0.44851657940663175,False,2.591512819177584,True,361405.05273812934,504009.22385837353,,2.229278937056782,1.5967048115765632,
1579563780527774,2024,panoroma_fine,361404.36574653024,504011.34464292694,313.0300471049002,-1.5941689526003415,9.763494629555638,prior,north,1.5941689526003415,0.6080114449213162,0.44851657940663175,False,2.591512819177584,True,361402.5231255711,504008.66083173355,,3.255471474439404,2.4750045907832887,
1579563780527774,2024,panoroma_two_pass,361404.36574653024,504011.34464292694,313.0300471049002,-1.5941689526003415,9.763494629555638,prior,north,1.5941689526003415,0.6080114449213162,0.44851657940663175,False,2.591512819177584,True,361402.5231255711,504008.66083173355,,3.255471474439404,2.4750045907832887,
1077445214894446,2025,panoroma_coarse,361428.2353577773,504036.8110457519,310.8947311561234,8.05048991485512,3.976917428087291,prior,north,-8.05048991485512,0.6201834862385321,0.3076923076923077,False,1.1952794712754542,True,361424.4545385666,504040.9999012685,,5.642792255872539,5.685620783151172,
1077445214894446,2025,panoroma_fine,361428.2353577773,504036.8110457519,310.8947311561234,8.05048991485512,3.976917428087291,prior,north,-8.05048991485512,0.6201834862385321,0.3076923076923077,False,1.1952794712754542,True,361423.34260944295,504040.56137346046,,6.16473391028235,16.91583602654482,
1077445214894446,2025,panoroma_two_pass,361428.2353577773,504036.8110457519,310.8947311561234,8.05048991485512,3.976917428087291,prior,north,-8.05048991485512,0.6201834862385321,0.3076923076923077,False,1.1952794712754542,True,361423.34260944295,504040.56137346046,,6.16473391028235,16.91583602654482,
1077445214894446,2024,panoroma_coarse,361428.2353577773,504036.8110457519,310.8947311561234,8.05048991485512,3.976917428087291,prior,north,-8.05048991485512,0.6613475177304965,0.4246823956442831,False,3.036788007752115,True,361427.46058874513,504037.64136618783,,1.1356491885614706,6.208268251988189,
1077445214894446,2024,panoroma_fine,361428.2353577773,504036.8110457519,310.8947311561234,8.05048991485512,3.976917428087291,prior,north,-8.05048991485512,0.6613475177304965,0.4246823956442831,False,3.036788007752115,True,361425.59762074484,504035.2431519284,,3.068541623314983,0.3708150458177666,
1077445214894446,2024,panoroma_two_pass,361428.2353577773,504036.8110457519,310.8947311561234,8.05048991485512,3.976917428087291,prior,north,-8.05048991485512,0.6613475177304965,0.4246823956442831,False,3.036788007752115,True,361425.59762074484,504035.2431519284,,3.068541623314983,0.3708150458177666,
1714471442944128,2025,panoroma_coarse,361449.2520025681,504060.74706808943,311.00182836492553,6.734626208630061,6.94251102661193,prior,north,-6.734626208630061,0.746031746031746,0.41354723707664887,False,1.9115636583293087,True,361448.9880800235,504055.81954352657,,4.934587462717289,3.7517630575483913,
1714471442944128,2025,panoroma_fine,361449.2520025681,504060.74706808943,311.00182836492553,6.734626208630061,6.94251102661193,prior,north,-6.734626208630061,0.746031746031746,0.41354723707664887,False,1.9115636583293087,True,361447.6059744425,504057.14009635884,,3.9648018431664016,4.244184254733063,
1714471442944128,2025,panoroma_two_pass,361449.2520025681,504060.74706808943,311.00182836492553,6.734626208630061,6.94251102661193,prior,north,-6.734626208630061,0.746031746031746,0.41354723707664887,False,1.9115636583293087,True,361447.6059744425,504057.14009635884,,3.9648018431664016,4.244184254733063,
1714471442944128,2024,panoroma_coarse,361449.2520025681,504060.74706808943,311.00182836492553,6.734626208630061,6.94251102661193,prior,north,-6.734626208630061,0.7680890538033395,0.42998027613412226,False,1.6388179122666844,True,361449.0856755811,504058.321514433,,2.431249721182357,6.049657375595568,
1714471442944128,2024,panoroma_fine,361449.2520025681,504060.74706808943,311.00182836492553,6.734626208630061,6.94251102661193,prior,north,-6.734626208630061,0.7680890538033395,0.42998027613412226,False,1.6388179122666844,True,361448.4369524888,504056.8165617763,,4.014123379965995,0.051032266907091735,
1714471442944128,2024,panoroma_two_pass,361449.2520025681,504060.74706808943,311.00182836492553,6.734626208630061,6.94251102661193,prior,north,-6.734626208630061,0.7680890538033395,0.42998027613412226,False,1.6388179122666844,True,361448.4369524888,504056.8165617763,,4.014123379965995,0.051032266907091735,
1347449930528506,2025,panoroma_coarse,361472.5967279173,504087.4096917212,309.77782126276634,4.674407105501302,12.618487808285318,prior,north,-4.674407105501302,0.6786885245901639,0.451505016722408,False,1.887443621260593,True,361472.1500785573,504085.7158842121,,1.7517076036353447,3.1735856300454746,
1347449930528506,2025,panoroma_fine,361472.5967279173,504087.4096917212,309.77782126276634,4.674407105501302,12.618487808285318,prior,north,-4.674407105501302,0.6786885245901639,0.451505016722408,False,1.887443621260593,True,361471.1484380409,504084.11614682764,,3.597913497010487,2.520719598566818,
1347449930528506,2025,panoroma_two_pass,361472.5967279173,504087.4096917212,309.77782126276634,4.674407105501302,12.618487808285318,prior,north,-4.674407105501302,0.6786885245901639,0.451505016722408,False,1.887443621260593,True,361471.1484380409,504084.11614682764,,3.597913497010487,2.520719598566818,
1347449930528506,2024,panoroma_coarse,361472.5967279173,504087.4096917212,309.77782126276634,4.674407105501302,12.618487808285318,prior,north,-4.674407105501302,0.6689536878216124,0.476027397260274,False,0.5077780740528774,True,361470.8806078918,504084.4335732792,,3.4354546893867495,4.311085158623296,
1347449930528506,2024,panoroma_fine,361472.5967279173,504087.4096917212,309.77782126276634,4.674407105501302,12.618487808285318,prior,north,-4.674407105501302,0.6689536878216124,0.476027397260274,False,0.5077780740528774,True,361470.53828499414,504084.8086114189,,3.3170477848736137,4.996720340871955,
1347449930528506,2024,panoroma_two_pass,361472.5967279173,504087.4096917212,309.77782126276634,4.674407105501302,12.618487808285318,prior,north,-4.674407105501302,0.6689536878216124,0.476027397260274,False,0.5077780740528774,True,361470.53828499414,504084.8086114189,,3.3170477848736137,4.996720340871955,
1413652087402340,2025,panoroma_coarse,361492.29492151755,504113.28688474465,303.597875428812,8.229073075739507,22.33911953962091,prior,north,-8.229073075739507,0.48903878583473864,0.49755501222493886,False,1.9451905727259415,True,361467.80532307806,504100.07388431666,,27.82667446960131,10.841337894670167,
1413652087402340,2025,panoroma_fine,361492.29492151755,504113.28688474465,303.597875428812,8.229073075739507,22.33911953962091,prior,north,-8.229073075739507,0.48903878583473864,0.49755501222493886,False,1.9451905727259415,True,361467.099019881,504098.26145441236,,29.33593386871345,15.004581292238962,
1413652087402340,2025,panoroma_two_pass,361492.29492151755,504113.28688474465,303.597875428812,8.229073075739507,22.33911953962091,prior,north,-8.229073075739507,0.48903878583473864,0.49755501222493886,False,1.9451905727259415,True,361467.099019881,504098.26145441236,,29.33593386871345,15.004581292238962,
1413652087402340,2024,panoroma_coarse,361492.29492151755,504113.28688474465,303.597875428812,8.229073075739507,22.33911953962091,prior,north,-8.229073075739507,0.4797191887675507,0.42909987669543775,False,1.3557124178644333,True,361489.8255184025,504109.63399654964,,4.409256616461115,5.854836230574978,
1413652087402340,2024,panoroma_fine,361492.29492151755,504113.28688474465,303.597875428812,8.229073075739507,22.33911953962091,prior,north,-8.229073075739507,0.4797191887675507,0.42909987669543775,False,1.3557124178644333,True,361489.8907843886,504110.988137056,,3.326276637763228,5.723171263835173,
1413652087402340,2024,panoroma_two_pass,361492.29492151755,504113.28688474465,303.597875428812,8.229073075739507,22.33911953962091,prior,north,-8.229073075739507,0.4797191887675507,0.42909987669543775,False,1.3557124178644333,True,361489.8907843886,504110.988137056,,3.326276637763228,5.723171263835173,
921953573931750,2025,panoroma_coarse,361509.1497128202,504141.219079501,297.86871804825813,3.041536533574515,6.250142008424994,prior,north,-3.041536533574515,0.6091370558375635,0.42747252747252745,False,3.3741580404829277,True,361509.8253596564,504138.985786656,,2.333258575238115,4.173662565530404,
921953573931750,2025,panoroma_fine,361509.1497128202,504141.219079501,297.86871804825813,3.041536533574515,6.250142008424994,prior,north,-3.041536533574515,0.6091370558375635,0.42747252747252745,False,3.3741580404829277,True,361507.1066107953,504136.98745057004,,4.699037060222564,7.592774056978861,
921953573931750,2025,panoroma_two_pass,361509.1497128202,504141.219079501,297.86871804825813,3.041536533574515,6.250142008424994,prior,north,-3.041536533574515,0.6091370558375635,0.42747252747252745,False,3.3741580404829277,True,361507.1066107953,504136.98745057004,,4.699037060222564,7.592774056978861,
921953573931750,2024,panoroma_coarse,361509.1497128202,504141.219079501,297.86871804825813,3.041536533574515,6.250142008424994,prior,north,-3.041536533574515,0.6139066788655078,0.39090909090909093,False,1.005875427056449,True,361506.8858809066,504137.5062412699,,4.348574785311398,0.050344234772016216,
921953573931750,2024,panoroma_fine,361509.1497128202,504141.219079501,297.86871804825813,3.041536533574515,6.250142008424994,prior,north,-3.041536533574515,0.6139066788655078,0.39090909090909093,False,1.005875427056449,True,361506.1011738122,504136.8769399504,,5.3054468200404195,2.3565871990964093,
921953573931750,2024,panoroma_two_pass,361509.1497128202,504141.219079501,297.86871804825813,3.041536533574515,6.250142008424994,prior,north,-3.041536533574515,0.6139066788655078,0.39090909090909093,False,1.005875427056449,True,361506.1011738122,504136.8769399504,,5.3054468200404195,2.3565871990964093,
1403478994512518,2025,panoroma_coarse,361523.51524609205,504173.20255651977,288.43829113615783,1.6537922372540947,14.866719494006015,prior,north,-1.6537922372540947,0.7140522875816994,0.4468718967229394,False,1.030127457975815,True,361519.6082950625,504169.2736211882,,5.540830189338385,2.6556068789750813,
1403478994512518,2025,panoroma_fine,361523.51524609205,504173.20255651977,288.43829113615783,1.6537922372540947,14.866719494006015,prior,north,-1.6537922372540947,0.7140522875816994,0.4468718967229394,False,1.030127457975815,True,361520.43278700585,504169.8911773517,,4.524023210906229,1.1510826533589908,
1403478994512518,2025,panoroma_two_pass,361523.51524609205,504173.20255651977,288.43829113615783,1.6537922372540947,14.866719494006015,prior,north,-1.6537922372540947,0.7140522875816994,0.4468718967229394,False,1.030127457975815,True,361520.43278700585,504169.8911773517,,4.524023210906229,1.1510826533589908,
1403478994512518,2024,panoroma_coarse,361523.51524609205,504173.20255651977,288.43829113615783,1.6537922372540947,14.866719494006015,prior,north,-1.6537922372540947,0.37127158555729983,0.34770114942528735,False,3.4781146137760435,True,361518.9673016805,504172.2424971162,,4.6481730205702165,4.554734707260467,
1403478994512518,2024,panoroma_fine,361523.51524609205,504173.20255651977,288.43829113615783,1.6537922372540947,14.866719494006015,prior,north,-1.6537922372540947,0.37127158555729983,0.34770114942528735,False,3.4781146137760435,True,361521.70790129993,504170.1009100896,,3.5898058130301815,0.14168634059019825,
1403478994512518,2024,panoroma_two_pass,361523.51524609205,504173.20255651977,288.43829113615783,1.6537922372540947,14.866719494006015,prior,north,-1.6537922372540947,0.37127158555729983,0.34770114942528735,False,3.4781146137760435,True,361521.70790129993,504170.1009100896,,3.5898058130301815,0.14168634059019825,
1794731371773449,2025,panoroma_coarse,361531.8882455436,504204.8006149186,281.7546367960357,-6.150188741466479,5.99396090142357,prior,north,6.150188741466479,0.5317604355716878,0.5506756756756757,False,0.9239593200304609,True,361520.0638437817,504217.3409991299,,17.235942480592005,7.138632642571074,
1794731371773449,2025,panoroma_fine,361531.8882455436,504204.8006149186,281.7546367960357,-6.150188741466479,5.99396090142357,prior,north,6.150188741466479,0.5317604355716878,0.5506756756756757,False,0.9239593200304609,True,361519.1656871418,504217.1241686079,,17.712522909482672,7.427735982557711,
1794731371773449,2025,panoroma_two_pass,361531.8882455436,504204.8006149186,281.7546367960357,-6.150188741466479,5.99396090142357,prior,north,6.150188741466479,0.5317604355716878,0.5506756756756757,False,0.9239593200304609,True,361519.1656871418,504217.1241686079,,17.712522909482672,7.427735982557711,
1794731371773449,2024,panoroma_coarse,361531.8882455436,504204.8006149186,281.7546367960357,-6.150188741466479,5.99396090142357,prior,north,6.150188741466479,0.7031125299281724,0.5386847195357833,False,1.712787446038308,True,361527.8565983082,504198.4512415987,,7.521218052009637,0.5765178381907433,
1794731371773449,2024,panoroma_fine,361531.8882455436,504204.8006149186,281.7546367960357,-6.150188741466479,5.99396090142357,prior,north,6.150188741466479,0.7031125299281724,0.5386847195357833,False,1.712787446038308,True,361528.8848028283,504197.08141084266,,8.282920964834918,3.963306002375138,
1794731371773449,2024,panoroma_two_pass,361531.8882455436,504204.8006149186,281.7546367960357,-6.150188741466479,5.99396090142357,prior,north,6.150188741466479,0.7031125299281724,0.5386847195357833,False,1.712787446038308,True,361528.8848028283,504197.08141084266,,8.282920964834918,3.963306002375138,
3059374137740657,2025,panoroma_coarse,361537.029446159,504237.8977794815,274.71356777171735,2.940754486831679,19.038467885016086,prior,north,-2.940754486831679,0.5632377740303541,0.3007600434310532,False,4.377322318919877,True,361535.72654341493,504242.2816693415,,4.57340637438293,2.5142266834264855,
3059374137740657,2025,panoroma_fine,361537.029446159,504237.8977794815,274.71356777171735,2.940754486831679,19.038467885016086,prior,north,-2.940754486831679,0.5632377740303541,0.3007600434310532,False,4.377322318919877,True,361533.62577459955,504246.1219455123,,8.900667783220278,4.9733026154783975,
3059374137740657,2025,panoroma_two_pass,361537.029446159,504237.8977794815,274.71356777171735,2.940754486831679,19.038467885016086,prior,north,-2.940754486831679,0.5632377740303541,0.3007600434310532,False,4.377322318919877,True,361533.62577459955,504246.1219455123,,8.900667783220278,4.9733026154783975,
3059374137740657,2024,panoroma_coarse,361537.029446159,504237.8977794815,274.71356777171735,2.940754486831679,19.038467885016086,prior,north,-2.940754486831679,0.5608820709491851,0.4288864388092613,False,2.784160916114258,True,361525.0464175637,504239.78799039277,,12.131194154153409,7.105669831699671,
3059374137740657,2024,panoroma_fine,361537.029446159,504237.8977794815,274.71356777171735,2.940754486831679,19.038467885016086,prior,north,-2.940754486831679,0.5608820709491851,0.4288864388092613,False,2.784160916114258,True,361522.9348844481,504241.60264736,,14.573356367684855,2.1646846658731067,
3059374137740657,2024,panoroma_two_pass,361537.029446159,504237.8977794815,274.71356777171735,2.940754486831679,19.038467885016086,prior,north,-2.940754486831679,0.5608820709491851,0.4288864388092613,False,2.784160916114258,True,361522.9348844481,504241.60264736,,14.573356367684855,2.1646846658731067,
1613002776844852,2025,panoroma_coarse,361536.4232422584,504266.85521835927,272.2808270468631,-7.299063866086158,25.477756663519706,prior,north,7.299063866086158,0.7329842931937173,0.43963963963963965,False,2.6646960719803867,True,361534.4808930799,504262.17182109423,,5.070200220236979,10.55108759285219,
1613002776844852,2025,panoroma_fine,361536.4232422584,504266.85521835927,272.2808270468631,-7.299063866086158,25.477756663519706,prior,north,7.299063866086158,0.7329842931937173,0.43963963963963965,False,2.6646960719803867,True,361536.7308051091,504263.59958193457,,3.2701320213355167,10.265058817814115,
1613002776844852,2025,panoroma_two_pass,361536.4232422584,504266.85521835927,272.2808270468631,-7.299063866086158,25.477756663519706,prior,north,7.299063866086158,0.7329842931937173,0.43963963963963965,False,2.6646960719803867,True,361536.7308051091,504263.59958193457,,3.2701320213355167,10.265058817814115,
1613002776844852,2024,panoroma_coarse,361536.4232422584,504266.85521835927,272.2808270468631,-7.299063866086158,25.477756663519706,prior,north,7.299063866086158,0.5793528505392912,0.41865079365079366,False,3.1494995504583567,True,361533.81137858593,504260.58748895425,,6.790159330826466,6.113334805375124,
1613002776844852,2024,panoroma_fine,361536.4232422584,504266.85521835927,272.2808270468631,-7.299063866086158,25.477756663519706,prior,north,7.299063866086158,0.5793528505392912,0.41865079365079366,False,3.1494995504583567,True,361536.00810873613,504262.8444169694,,4.032228122302201,3.06873142425267,
1613002776844852,2024,panoroma_two_pass,361536.4232422584,504266.85521835927,272.2808270468631,-7.299063866086158,25.477756663519706,prior,north,7.299063866086158,0.5793528505392912,0.41865079365079366,False,3.1494995504583567,True,361536.00810873613,504262.8444169694,,4.032228122302201,3.06873142425267,
981836188268787,2025,panoroma_coarse,361538.0477937769,504300.5927658677,272.513291319393,-7.182659188113973,9.522425563158581,prior,north,7.182659188113973,0.6908284023668639,0.48381877022653724,False,2.6026374113160813,True,361536.86874771526,504301.86164443253,,1.7321092424399063,12.860030120227187,
981836188268787,2025,panoroma_fine,361538.0477937769,504300.5927658677,272.513291319393,-7.182659188113973,9.522425563158581,prior,north,7.182659188113973,0.6908284023668639,0.48381877022653724,False,2.6026374113160813,True,361537.70453642256,504304.3264321986,,3.749411938098816,9.400578324734298,
981836188268787,2025,panoroma_two_pass,361538.0477937769,504300.5927658677,272.513291319393,-7.182659188113973,9.522425563158581,prior,north,7.182659188113973,0.6908284023668639,0.48381877022653724,False,2.6026374113160813,True,361537.70453642256,504304.3264321986,,3.749411938098816,9.400578324734298,
981836188268787,2024,panoroma_coarse,361538.0477937769,504300.5927658677,272.513291319393,-7.182659188113973,9.522425563158581,prior,north,7.182659188113973,0.5443592552026287,0.5096153846153846,False,1.4242827513572327,True,361537.41618894006,504299.6617791199,,1.1250159974331906,10.08017911043937,
981836188268787,2024,panoroma_fine,361538.0477937769,504300.5927658677,272.513291319393,-7.182659188113973,9.522425563158581,prior,north,7.182659188113973,0.5443592552026287,0.5096153846153846,False,1.4242827513572327,True,361538.80234483164,504299.989121754,,0.9662988720901083,0.8893762930418013,
981836188268787,2024,panoroma_two_pass,361538.0477937769,504300.5927658677,272.513291319393,-7.182659188113973,9.522425563158581,prior,north,7.182659188113973,0.5443592552026287,0.5096153846153846,False,1.4242827513572327,True,361538.80234483164,504299.989121754,,0.9662988720901083,0.8893762930418013,
1093658489977921,2025,panoroma_coarse,361539.8923210439,504335.836993712,272.28727856222014,9.904899376608512,14.66003649103303,prior,north,-9.904899376608512,0.6384505021520803,0.5352564102564102,False,1.7459595880980483,True,361540.5032892812,504335.9559152146,,0.6224343425740545,9.74164605736914,
1093658489977921,2025,panoroma_fine,361539.8923210439,504335.836993712,272.28727856222014,9.904899376608512,14.66003649103303,prior,north,-9.904899376608512,0.6384505021520803,0.5352564102564102,False,1.7459595880980483,True,361539.57304400025,504337.43341939413,,1.6280395539292076,9.705081939155098,
1093658489977921,2025,panoroma_two_pass,361539.8923210439,504335.836993712,272.28727856222014,9.904899376608512,14.66003649103303,prior,north,-9.904899376608512,0.6384505021520803,0.5352564102564102,False,1.7459595880980483,True,361539.57304400025,504337.43341939413,,1.6280395539292076,9.705081939155098,
1093658489977921,2024,panoroma_coarse,361539.8923210439,504335.836993712,272.28727856222014,9.904899376608512,14.66003649103303,prior,north,-9.904899376608512,0.5399590163934426,0.4628224582701062,False,2.3193290772622603,True,361537.1835699214,504334.06456663774,,3.237102157338283,12.825665535830133,
1093658489977921,2024,panoroma_fine,361539.8923210439,504335.836993712,272.28727856222014,9.904899376608512,14.66003649103303,prior,north,-9.904899376608512,0.5399590163934426,0.4628224582701062,False,2.3193290772622603,True,361539.25145890046,504335.11486304295,,0.9654931330950184,10.026416374068281,
1093658489977921,2024,panoroma_two_pass,361539.8923210439,504335.836993712,272.28727856222014,9.904899376608512,14.66003649103303,prior,north,-9.904899376608512,0.5399590163934426,0.4628224582701062,False,2.3193290772622603,True,361539.25145890046,504335.11486304295,,0.9654931330950184,10.026416374068281,
1619687222851775,2025,panoroma_coarse,361541.55438086914,504368.50681948196,272.37270993829156,5.896318191475984,16.958902953093734,prior,north,-5.896318191475984,0.6855600539811066,0.42344827586206896,False,0.4372888997735625,True,361540.1940310669,504369.05073348363,,1.4650576868064105,5.70494628895743,
1619687222851775,2025,panoroma_fine,361541.55438086914,504368.50681948196,272.37270993829156,5.896318191475984,16.958902953093734,prior,north,-5.896318191475984,0.6855600539811066,0.42344827586206896,False,0.4372888997735625,True,361540.63109773333,504369.0367939363,,1.0645772264598996,0.9642384197099709,
1619687222851775,2025,panoroma_two_pass,361541.55438086914,504368.50681948196,272.37270993829156,5.896318191475984,16.958902953093734,prior,north,-5.896318191475984,0.6855600539811066,0.42344827586206896,False,0.4372888997735625,True,361540.63109773333,504369.0367939363,,1.0645772264598996,0.9642384197099709,
1619687222851775,2024,panoroma_coarse,361541.55438086914,504368.50681948196,272.37270993829156,5.896318191475984,16.958902953093734,prior,north,-5.896318191475984,0.7031602708803611,0.48,False,1.665301156635219,True,361540.7742569526,504367.9197725835,,0.9763285236892422,6.670513234732961,
1619687222851775,2024,panoroma_fine,361541.55438086914,504368.50681948196,272.37270993829156,5.896318191475984,16.958902953093734,prior,north,-5.896318191475984,0.7031602708803611,0.48,False,1.665301156635219,True,361541.0149075556,504369.56759394205,,1.1900730696892696,4.124619067545076,
1619687222851775,2024,panoroma_two_pass,361541.55438086914,504368.50681948196,272.37270993829156,5.896318191475984,16.958902953093734,prior,north,-5.896318191475984,0.7031602708803611,0.48,False,1.665301156635219,True,361541.0149075556,504369.56759394205,,1.1900730696892696,4.124619067545076,
1391865393135267,2025,panoroma_coarse,361544.367099523,504400.577955069,277.8347799880502,-3.973653395355086,3.292530676545595,prior,north,3.973653395355086,0.5669371196754563,0.4177215189873418,False,2.959411583927228,True,361542.7045775126,504384.10110787797,,16.560509436380244,5.391789982248535,
1391865393135267,2025,panoroma_fine,361544.367099523,504400.577955069,277.8347799880502,-3.973653395355086,3.292530676545595,prior,north,3.973653395355086,0.5669371196754563,0.4177215189873418,False,2.959411583927228,True,361542.65429747594,504387.0600923053,,13.625942336268167,10.35627962519419,
1391865393135267,2025,panoroma_two_pass,361544.367099523,504400.577955069,277.8347799880502,-3.973653395355086,3.292530676545595,prior,north,3.973653395355086,0.5669371196754563,0.4177215189873418,False,2.959411583927228,True,361542.65429747594,504387.0600923053,,13.625942336268167,10.35627962519419,
1391865393135267,2024,panoroma_coarse,361544.367099523,504400.577955069,277.8347799880502,-3.973653395355086,3.292530676545595,prior,north,3.973653395355086,0.6852103120759837,0.525096525096525,False,3.345280596159913,True,361545.4544628179,504399.36463673355,,1.629263735038432,2.274324515899948,
1391865393135267,2024,panoroma_fine,361544.367099523,504400.577955069,277.8347799880502,-3.973653395355086,3.292530676545595,prior,north,3.973653395355086,0.6852103120759837,0.525096525096525,False,3.345280596159913,True,361546.5470249563,504402.5264732633,,2.9238327667825788,1.6148232150437278,
1391865393135267,2024,panoroma_two_pass,361544.367099523,504400.577955069,277.8347799880502,-3.973653395355086,3.292530676545595,prior,north,3.973653395355086,0.6852103120759837,0.525096525096525,False,3.345280596159913,True,361546.5470249563,504402.5264732633,,2.9238327667825788,1.6148232150437278,
1316675827064189,2025,panoroma_coarse,361552.2189105195,504434.41134184506,287.1074839647609,-8.711957542347193,20.80738963306581,prior,north,8.711957542347193,0.6479791395045632,0.3426183844011142,False,2.9316016661276847,True,361551.3930826103,504439.4783419768,,5.133856452117012,1.3160005416090281,
1316675827064189,2025,panoroma_fine,361552.2189105195,504434.41134184506,287.1074839647609,-8.711957542347193,20.80738963306581,prior,north,8.711957542347193,0.6479791395045632,0.3426183844011142,False,2.9316016661276847,True,361554.04392381985,504440.73027217074,,6.577199556592641,17.528150178832504,
1316675827064189,2025,panoroma_two_pass,361552.2189105195,504434.41134184506,287.1074839647609,-8.711957542347193,20.80738963306581,prior,north,8.711957542347193,0.6479791395045632,0.3426183844011142,False,2.9316016661276847,True,361554.04392381985,504440.73027217074,,6.577199556592641,17.528150178832504,
1316675827064189,2024,panoroma_coarse,361552.2189105195,504434.41134184506,287.1074839647609,-8.711957542347193,20.80738963306581,prior,north,8.711957542347193,0.6193103448275862,0.3026874115983027,False,3.069727595518315,True,361552.6780745648,504440.99548801867,,6.6001373058430675,5.550324084868949,
1316675827064189,2024,panoroma_fine,361552.2189105195,504434.41134184506,287.1074839647609,-8.711957542347193,20.80738963306581,prior,north,8.711957542347193,0.6193103448275862,0.3026874115983027,False,3.069727595518315,True,361555.3423225122,504442.5202864923,,8.689688473595595,16.516082326981625,
1316675827064189,2024,panoroma_two_pass,361552.2189105195,504434.41134184506,287.1074839647609,-8.711957542347193,20.80738963306581,prior,north,8.711957542347193,0.6193103448275862,0.3026874115983027,False,3.069727595518315,True,361555.3423225122,504442.5202864923,,8.689688473595595,16.516082326981625,
28263711263284815,2025,panoroma_coarse,361563.71273511497,504464.28748197947,292.85422022979816,-1.1825195596875346,21.60799338112897,prior,north,1.1825195596875346,0.5723577235772358,0.395738203957382,False,2.939362778194109,True,361567.19967854506,504463.9254083617,,3.5056913425657057,5.935229228731933,
28263711263284815,2025,panoroma_fine,361563.71273511497,504464.28748197947,292.85422022979816,-1.1825195596875346,21.60799338112897,prior,north,1.1825195596875346,0.5723577235772358,0.395738203957382,False,2.939362778194109,True,361564.4702515919,504465.01631717954,,1.0512050045812027,2.8635129457464017,
28263711263284815,2025,panoroma_two_pass,361563.71273511497,504464.28748197947,292.85422022979816,-1.1825195596875346,21.60799338112897,prior,north,1.1825195596875346,0.5723577235772358,0.395738203957382,False,2.939362778194109,True,361564.4702515919,504465.01631717954,,1.0512050045812027,2.8635129457464017,
28263711263284815,2024,panoroma_coarse,361563.71273511497,504464.28748197947,292.85422022979816,-1.1825195596875346,21.60799338112897,prior,north,1.1825195596875346,0.6113744075829384,0.4428794992175274,False,0.7560528868194185,True,361563.68346387136,504463.12435736344,,1.1634928784077572,2.6964483890639066,
28263711263284815,2024,panoroma_fine,361563.71273511497,504464.28748197947,292.85422022979816,-1.1825195596875346,21.60799338112897,prior,north,1.1825195596875346,0.6113744075829384,0.4428794992175274,False,0.7560528868194185,True,361562.9304392241,504463.0567567103,,1.4583111976004377,0.7169006337675674,
28263711263284815,2024,panoroma_two_pass,361563.71273511497,504464.28748197947,292.85422022979816,-1.1825195596875346,21.60799338112897,prior,north,1.1825195596875346,0.6113744075829384,0.4428794992175274,False,0.7560528868194185,True,361562.9304392241,504463.0567567103,,1.4583111976004377,0.7169006337675674,
3489296377898570,2025,panoroma_coarse,361571.625468986,504493.47068203054,299.5680585925597,4.646418907159841,31.05471874169141,prior,north,-4.646418907159841,0.36818851251840945,0.4178082191780822,False,2.5195719864897876,True,361576.4216487029,504485.6034037694,,9.213978897050417,1.0954846443814608,
3489296377898570,2025,panoroma_fine,361571.625468986,504493.47068203054,299.5680585925597,4.646418907159841,31.05471874169141,prior,north,-4.646418907159841,0.36818851251840945,0.4178082191780822,False,2.5195719864897876,True,361574.17395140923,504484.4649399486,,9.359388500775031,0.24976812718975416,
3489296377898570,2025,panoroma_two_pass,361571.625468986,504493.47068203054,299.5680585925597,4.646418907159841,31.05471874169141,prior,north,-4.646418907159841,0.36818851251840945,0.4178082191780822,False,2.5195719864897876,True,361574.17395140923,504484.4649399486,,9.359388500775031,0.24976812718975416,
3489296377898570,2024,panoroma_coarse,361571.625468986,504493.47068203054,299.5680585925597,4.646418907159841,31.05471874169141,prior,north,-4.646418907159841,0.5389830508474577,0.40933572710951527,False,1.3328839765120781,True,361569.04589206964,504475.3079573721,,18.344993433786254,1.579207995412395,
3489296377898570,2024,panoroma_fine,361571.625468986,504493.47068203054,299.5680585925597,4.646418907159841,31.05471874169141,prior,north,-4.646418907159841,0.5389830508474577,0.40933572710951527,False,1.3328839765120781,True,361567.79656639387,504474.8434522046,,19.01668178333118,7.879389230310524,
3489296377898570,2024,panoroma_two_pass,361571.625468986,504493.47068203054,299.5680585925597,4.646418907159841,31.05471874169141,prior,north,-4.646418907159841,0.5389830508474577,0.40933572710951527,False,1.3328839765120781,True,361567.79656639387,504474.8434522046,,19.01668178333118,7.879389230310524,
1131727186478749,2025,panoroma_coarse,361588.8523000926,504518.82913805824,307.4974744287967,4.978490127356963,12.992740716188614,prior,north,-4.978490127356963,0.4936061381074169,0.3739612188365651,False,4.538066226569166,True,361582.14609026274,504520.18508029287,,6.841917101617979,4.783337431998404,
1131727186478749,2025,panoroma_fine,361588.8523000926,504518.82913805824,307.4974744287967,4.978490127356963,12.992740716188614,prior,north,-4.978490127356963,0.4936061381074169,0.3739612188365651,False,4.538066226569166,True,361579.1059662695,504523.55430738267,,10.831354861481891,3.17985977299586,
1131727186478749,2025,panoroma_two_pass,361588.8523000926,504518.82913805824,307.4974744287967,4.978490127356963,12.992740716188614,prior,north,-4.978490127356963,0.4936061381074169,0.3739612188365651,False,4.538066226569166,True,361579.1059662695,504523.55430738267,,10.831354861481891,3.17985977299586,
1131727186478749,2024,panoroma_coarse,361588.8523000926,504518.82913805824,307.4974744287967,4.978490127356963,12.992740716188614,prior,north,-4.978490127356963,0.510899182561308,0.40600522193211486,False,4.159430172410556,True,361582.3437939114,504521.5637401534,,7.059653060124237,5.228018992301464,
1131727186478749,2024,panoroma_fine,361588.8523000926,504518.82913805824,307.4974744287967,4.978490127356963,12.992740716188614,prior,north,-4.978490127356963,0.510899182561308,0.40600522193211486,False,4.159430172410556,True,361579.48813966656,504524.5879918283,,10.993265994638715,4.048041296756812,
1131727186478749,2024,panoroma_two_pass,361588.8523000926,504518.82913805824,307.4974744287967,4.978490127356963,12.992740716188614,prior,north,-4.978490127356963,0.510899182561308,0.40600522193211486,False,4.159430172410556,True,361579.48813966656,504524.5879918283,,10.993265994638715,4.048041296756812,
1599642875223994,2025,panoroma_coarse,361610.9469463425,504543.66361937486,313.92116788058945,-0.5885879537345886,16.26362682875061,prior,north,0.5885879537345886,0.5259938837920489,0.41906474820143885,False,1.8290498925325065,True,361614.8164877488,504541.0412717171,,4.674404553892961,3.8000652416142664,
1599642875223994,2025,panoroma_fine,361610.9469463425,504543.66361937486,313.92116788058945,-0.5885879537345886,16.26362682875061,prior,north,0.5885879537345886,0.5259938837920489,0.41906474820143885,False,1.8290498925325065,True,361616.64302353776,504541.1371389219,,6.231243767814178,4.314201073731931,
1599642875223994,2025,panoroma_two_pass,361610.9469463425,504543.66361937486,313.92116788058945,-0.5885879537345886,16.26362682875061,prior,north,0.5885879537345886,0.5259938837920489,0.41906474820143885,False,1.8290498925325065,True,361616.64302353776,504541.1371389219,,6.231243767814178,4.314201073731931,
1599642875223994,2024,panoroma_coarse,361610.9469463425,504543.66361937486,313.92116788058945,-0.5885879537345886,16.26362682875061,prior,north,0.5885879537345886,0.3866481223922114,0.40165289256198344,False,1.5660628302501838,True,361615.05827514856,504540.86552007485,,4.973166420348271,5.25420139535745,
1599642875223994,2024,panoroma_fine,361610.9469463425,504543.66361937486,313.92116788058945,-0.5885879537345886,16.26362682875061,prior,north,0.5885879537345886,0.3866481223922114,0.40165289256198344,False,1.5660628302501838,True,361616.62266577233,504540.7931684012,,6.360289288921337,4.9739054894445855,
1599642875223994,2024,panoroma_two_pass,361610.9469463425,504543.66361937486,313.92116788058945,-0.5885879537345886,16.26362682875061,prior,north,0.5885879537345886,0.3866481223922114,0.40165289256198344,False,1.5660628302501838,True,361616.62266577233,504540.7931684012,,6.360289288921337,4.9739054894445855,
1073713638614184,2025,panoroma_coarse,361636.8629086914,504567.6693398636,318.45576423936296,-6.625193360644289,7.870400249050183,prior,north,6.625193360644289,0.6946640316205533,0.503015681544029,False,2.4534987854619863,True,361640.3659946367,504560.31416850444,,8.14678813169405,12.858860775107471,
1073713638614184,2025,panoroma_fine,361636.8629086914,504567.6693398636,318.45576423936296,-6.625193360644289,7.870400249050183,prior,north,6.625193360644289,0.6946640316205533,0.503015681544029,False,2.4534987854619863,True,361640.97080064076,504562.6919544468,,6.453614634838367,8.327367769392092,
1073713638614184,2025,panoroma_two_pass,361636.8629086914,504567.6693398636,318.45576423936296,-6.625193360644289,7.870400249050183,prior,north,6.625193360644289,0.6946640316205533,0.503015681544029,False,2.4534987854619863,True,361640.97080064076,504562.6919544468,,6.453614634838367,8.327367769392092,
1073713638614184,2024,panoroma_coarse,361636.8629086914,504567.6693398636,318.45576423936296,-6.625193360644289,7.870400249050183,prior,north,6.625193360644289,0.43711180124223603,0.5200945626477541,False,1.7291317380767717,True,361641.58018264937,504562.30744921265,,7.141606608259319,7.314128816728087,
1073713638614184,2024,panoroma_fine,361636.8629086914,504567.6693398636,318.45576423936296,-6.625193360644289,7.870400249050183,prior,north,6.625193360644289,0.43711180124223603,0.5200945626477541,False,1.7291317380767717,True,361640.52309285133,504563.6758269845,,5.417111148933892,3.3231872476632063,
1073713638614184,2024,panoroma_two_pass,361636.8629086914,504567.6693398636,318.45576423936296,-6.625193360644289,7.870400249050183,prior,north,6.625193360644289,0.43711180124223603,0.5200945626477541,False,1.7291317380767717,True,361640.52309285133,504563.6758269845,,5.417111148933892,3.3231872476632063,
1120440463974740,2025,panoroma_coarse,361660.74811106944,504589.6475856835,311.0860382163991,-4.294805491446198,22.095073244316996,prior,north,4.294805491446198,0.6060267857142857,0.3491189427312775,False,1.7659081884301449,True,361666.51024429715,504586.6111814785,,6.513211944214234,6.419931426205614,
1120440463974740,2025,panoroma_fine,361660.74811106944,504589.6475856835,311.0860382163991,-4.294805491446198,22.095073244316996,prior,north,4.294805491446198,0.6060267857142857,0.3491189427312775,False,1.7659081884301449,True,361667.7891551128,504587.828891976,,7.272135038800995,4.653296602221485,
1120440463974740,2025,panoroma_two_pass,361660.74811106944,504589.6475856835,311.0860382163991,-4.294805491446198,22.095073244316996,prior,north,4.294805491446198,0.6060267857142857,0.3491189427312775,False,1.7659081884301449,True,361667.7891551128,504587.828891976,,7.272135038800995,4.653296602221485,
1120440463974740,2024,panoroma_coarse,361660.74811106944,504589.6475856835,311.0860382163991,-4.294805491446198,22.095073244316996,prior,north,4.294805491446198,0.5599128540305011,0.3644251626898048,False,1.7570210974435252,True,361665.3259041151,504585.0871945074,,6.461683747126227,4.059870632465076,
1120440463974740,2024,panoroma_fine,361660.74811106944,504589.6475856835,311.0860382163991,-4.294805491446198,22.095073244316996,prior,north,4.294805491446198,0.5599128540305011,0.3644251626898048,False,1.7570210974435252,True,361666.06434804964,504586.681504293,,6.087693688480752,4.080595994855431,
1120440463974740,2024,panoroma_two_pass,361660.74811106944,504589.6475856835,311.0860382163991,-4.294805491446198,22.095073244316996,prior,north,4.294805491446198,0.5599128540305011,0.3644251626898048,False,1.7570210974435252,True,361666.06434804964,504586.681504293,,6.087693688480752,4.080595994855431,
1396740292671110,2025,panoroma_coarse,361683.0279493844,504613.3827825114,318.1565499517186,-5.243072536293141,6.705064392208142,prior,north,5.243072536293141,0.4051638530287984,0.3876889848812095,False,1.7613581299193704,True,361684.58762908407,504607.825099007,,5.772386568899298,0.7762925977686596,
1396740292671110,2025,panoroma_fine,361683.0279493844,504613.3827825114,318.1565499517186,-5.243072536293141,6.705064392208142,prior,north,5.243072536293141,0.4051638530287984,0.3876889848812095,False,1.7613581299193704,True,361686.1195983524,504608.69426678296,,5.616090551022355,7.091108645518225,
1396740292671110,2025,panoroma_two_pass,361683.0279493844,504613.3827825114,318.1565499517186,-5.243072536293141,6.705064392208142,prior,north,5.243072536293141,0.4051638530287984,0.3876889848812095,False,1.7613581299193704,True,361686.1195983524,504608.69426678296,,5.616090551022355,7.091108645518225,
1396740292671110,2024,panoroma_coarse,361683.0279493844,504613.3827825114,318.1565499517186,-5.243072536293141,6.705064392208142,prior,north,5.243072536293141,0.6255274261603375,0.4047878128400435,False,0.9674166898170249,True,361685.9836085435,504608.2557500595,,5.917971174972596,2.534169619303121,
1396740292671110,2024,panoroma_fine,361683.0279493844,504613.3827825114,318.1565499517186,-5.243072536293141,6.705064392208142,prior,north,5.243072536293141,0.6255274261603375,0.4047878128400435,False,0.9674166898170249,True,361686.85956080136,504608.666362643,,6.076665403453085,3.359432388673108,
1396740292671110,2024,panoroma_two_pass,361683.0279493844,504613.3827825114,318.1565499517186,-5.243072536293141,6.705064392208142,prior,north,5.243072536293141,0.6255274261603375,0.4047878128400435,False,0.9674166898170249,True,361686.85956080136,504608.666362643,,6.076665403453085,3.359432388673108,
1100290906086001,2025,panoroma_coarse,361707.85448543716,504638.3282890087,290.3221943299974,6.408059954103123,18.034100514463145,prior,north,-6.408059954103123,0.6298342541436464,0.4158607350096712,False,1.9867018283118874,True,361709.10373679985,504636.02825977554,,2.6173963094196613,2.746723825440045,
1100290906086001,2025,panoroma_fine,361707.85448543716,504638.3282890087,290.3221943299974,6.408059954103123,18.034100514463145,prior,north,-6.408059954103123,0.6298342541436464,0.4158607350096712,False,1.9867018283118874,True,361709.34687645175,504634.0564922273,,4.524983832231967,6.107421465039111,
1100290906086001,2025,panoroma_two_pass,361707.85448543716,504638.3282890087,290.3221943299974,6.408059954103123,18.034100514463145,prior,north,-6.408059954103123,0.6298342541436464,0.4158607350096712,False,1.9867018283118874,True,361709.34687645175,504634.0564922273,,4.524983832231967,6.107421465039111,
1100290906086001,2024,panoroma_coarse,361707.85448543716,504638.3282890087,290.3221943299974,6.408059954103123,18.034100514463145,prior,north,-6.408059954103123,0.6493506493506493,0.4046692607003891,False,0.5406684888910854,True,361709.2874725315,504634.6726583695,,3.9264599046187882,4.552454519560635,
1100290906086001,2024,panoroma_fine,361707.85448543716,504638.3282890087,290.3221943299974,6.408059954103123,18.034100514463145,prior,north,-6.408059954103123,0.6493506493506493,0.4046692607003891,False,0.5406684888910854,True,361709.7334687216,504634.3670281792,,4.384309015437607,5.294579329582501,
1100290906086001,2024,panoroma_two_pass,361707.85448543716,504638.3282890087,290.3221943299974,6.408059954103123,18.034100514463145,prior,north,-6.408059954103123,0.6493506493506493,0.4046692607003891,False,0.5406684888910854,True,361709.7334687216,504634.3670281792,,4.384309015437607,5.294579329582501,
1436906631667845,2025,panoroma_coarse,361697.4136276352,504666.51541773695,211.2542456606379,-9.664194314343604,9.263483136300188,prior,north,9.664194314343604,0.6405375139977604,0.3607456140350877,False,0.5179159630560899,True,361698.71425524354,504659.4258287845,,7.207905638304121,7.587370396790882,
1436906631667845,2025,panoroma_fine,361697.4136276352,504666.51541773695,211.2542456606379,-9.664194314343604,9.263483136300188,prior,north,9.664194314343604,0.6405375139977604,0.3607456140350877,False,0.5179159630560899,True,361699.13536605885,504659.1243281609,,7.588978081454386,7.444298466079646,
1436906631667845,2025,panoroma_two_pass,361697.4136276352,504666.51541773695,211.2542456606379,-9.664194314343604,9.263483136300188,prior,north,9.664194314343604,0.6405375139977604,0.3607456140350877,False,0.5179159630560899,True,361699.13536605885,504659.1243281609,,7.588978081454386,7.444298466079646,
1436906631667845,2024,panoroma_coarse,361697.4136276352,504666.51541773695,211.2542456606379,-9.664194314343604,9.263483136300188,prior,north,9.664194314343604,0.6382252559726962,0.38855780691299163,False,0.317918753347905,True,361699.87098469236,504658.7799289711,,8.116427179073971,6.239854052370582,
1436906631667845,2024,panoroma_fine,361697.4136276352,504666.51541773695,211.2542456606379,-9.664194314343604,9.263483136300188,prior,north,9.664194314343604,0.6382252559726962,0.38855780691299163,False,0.317918753347905,True,361700.1888534673,504658.77429198014,,8.22355801352611,8.164297566625581,
1436906631667845,2024,panoroma_two_pass,361697.4136276352,504666.51541773695,211.2542456606379,-9.664194314343604,9.263483136300188,prior,north,9.664194314343604,0.6382252559726962,0.38855780691299163,False,0.317918753347905,True,361700.1888534673,504658.77429198014,,8.22355801352611,8.164297566625581,
1609692443937868,2025,panoroma_coarse,361668.9486892873,504682.8453561375,210.79401582028814,-6.061627934747776,17.21515125008524,prior,north,6.061627934747776,0.4766355140186916,0.2983508245877061,False,1.566698126464654,True,361666.97883998463,504682.2999377593,,2.0439636695625145,3.390635512235364,
1609692443937868,2025,panoroma_fine,361668.9486892873,504682.8453561375,210.79401582028814,-6.061627934747776,17.21515125008524,prior,north,6.061627934747776,0.4766355140186916,0.2983508245877061,False,1.566698126464654,True,361666.5257268791,504680.80019393686,,3.170715259774848,5.223453089999057,
1609692443937868,2025,panoroma_two_pass,361668.9486892873,504682.8453561375,210.79401582028814,-6.061627934747776,17.21515125008524,prior,north,6.061627934747776,0.4766355140186916,0.2983508245877061,False,1.566698126464654,True,361666.5257268791,504680.80019393686,,3.170715259774848,5.223453089999057,
1609692443937868,2024,panoroma_coarse,361668.9486892873,504682.8453561375,210.79401582028814,-6.061627934747776,17.21515125008524,prior,north,6.061627934747776,0.37721021611001965,0.24074074074074073,False,1.4126271261170862,True,361667.4804405603,504681.8040459466,,1.8000225659304678,2.497441260408531,
1609692443937868,2024,panoroma_fine,361668.9486892873,504682.8453561375,210.79401582028814,-6.061627934747776,17.21515125008524,prior,north,6.061627934747776,0.37721021611001965,0.24074074074074073,False,1.4126271261170862,True,361666.1090441626,504681.4652431755,,3.1572608732816754,6.167854069499762,
1609692443937868,2024,panoroma_two_pass,361668.9486892873,504682.8453561375,210.79401582028814,-6.061627934747776,17.21515125008524,prior,north,6.061627934747776,0.37721021611001965,0.24074074074074073,False,1.4126271261170862,True,361666.1090441626,504681.4652431755,,3.1572608732816754,6.167854069499762,
2140812226473784,2025,panoroma_coarse,361641.04399474245,504701.4222107101,213.78021034732328,-3.4487666741794385,17.644428879364742,prior,north,3.4487666741794385,0.6430379746835443,0.43949930458970793,False,3.375635908488864,True,361643.13785635075,504697.492009834,,4.453171382459809,2.865366382203869,
2140812226473784,2025,panoroma_fine,361641.04399474245,504701.4222107101,213.78021034732328,-3.4487666741794385,17.644428879364742,prior,north,3.4487666741794385,0.6430379746835443,0.43949930458970793,False,3.375635908488864,True,361639.964046582,504698.6417269029,,2.9828473362511416,1.0344872245595202,
2140812226473784,2025,panoroma_two_pass,361641.04399474245,504701.4222107101,213.78021034732328,-3.4487666741794385,17.644428879364742,prior,north,3.4487666741794385,0.6430379746835443,0.43949930458970793,False,3.375635908488864,True,361639.964046582,504698.6417269029,,2.9828473362511416,1.0344872245595202,
2140812226473784,2024,panoroma_coarse,361641.04399474245,504701.4222107101,213.78021034732328,-3.4487666741794385,17.644428879364742,prior,north,3.4487666741794385,0.585,0.450063211125158,False,3.622976919674152,True,361641.10482681723,504695.16226863983,,6.260237636440735,2.6866332326007116,
2140812226473784,2024,panoroma_fine,361641.04399474245,504701.4222107101,213.78021034732328,-3.4487666741794385,17.644428879364742,prior,north,3.4487666741794385,0.585,0.450063211125158,False,3.622976919674152,True,361638.7552580653,504697.9200736439,,4.183692102421986,1.8084098292668704,
2140812226473784,2024,panoroma_two_pass,361641.04399474245,504701.4222107101,213.78021034732328,-3.4487666741794385,17.644428879364742,prior,north,3.4487666741794385,0.585,0.450063211125158,False,3.622976919674152,True,361638.7552580653,504697.9200736439,,4.183692102421986,1.8084098292668704,
1770134364187132,2025,panoroma_coarse,361614.59098087926,504722.44381314795,220.41034254713298,8.804444454854377,19.92527726184344,prior,north,-8.804444454854377,0.5290055248618785,0.4849023090586146,False,2.7477584355681306,True,361613.2811987716,504715.75303470617,,6.817774220857154,8.55144169428883,
1770134364187132,2025,panoroma_fine,361614.59098087926,504722.44381314795,220.41034254713298,8.804444454854377,19.92527726184344,prior,north,-8.804444454854377,0.5290055248618785,0.4849023090586146,False,2.7477584355681306,True,361615.71794002614,504717.0228648045,,5.536850897511088,7.595442334347977,
1770134364187132,2025,panoroma_two_pass,361614.59098087926,504722.44381314795,220.41034254713298,8.804444454854377,19.92527726184344,prior,north,-8.804444454854377,0.5290055248618785,0.4849023090586146,False,2.7477584355681306,True,361615.71794002614,504717.0228648045,,5.536850897511088,7.595442334347977,
1770134364187132,2024,panoroma_coarse,361614.59098087926,504722.44381314795,220.41034254713298,8.804444454854377,19.92527726184344,prior,north,-8.804444454854377,0.5852981969486823,0.3669421487603306,False,2.8220924604213957,True,361612.15126909444,504717.32439404307,,5.671035669477931,8.2928587640547,
1770134364187132,2024,panoroma_fine,361614.59098087926,504722.44381314795,220.41034254713298,8.804444454854377,19.92527726184344,prior,north,-8.804444454854377,0.5852981969486823,0.3669421487603306,False,2.8220924604213957,True,361614.4962106172,504718.8945708197,,3.550507359147396,7.204449929039965,
1770134364187132,2024,panoroma_two_pass,361614.59098087926,504722.44381314795,220.41034254713298,8.804444454854377,19.92527726184344,prior,north,-8.804444454854377,0.5852981969486823,0.3669421487603306,False,2.8220924604213957,True,361614.4962106172,504718.8945708197,,3.550507359147396,7.204449929039965,
3960386027436480,2025,panoroma_coarse,361591.5952234963,504746.5269450778,230.05124253896744,8.361483200621052,15.710932213991812,prior,north,-8.361483200621052,0.6558139534883721,0.39136690647482014,False,3.0462505750209927,True,361591.4195945653,504743.1413336108,,3.390163790575839,7.959768656706694,
3960386027436480,2025,panoroma_fine,361591.5952234963,504746.5269450778,230.05124253896744,8.361483200621052,15.710932213991812,prior,north,-8.361483200621052,0.6558139534883721,0.39136690647482014,False,3.0462505750209927,True,361589.62793736457,504745.60499085987,,2.1726054184269987,2.0568871070440666,
3960386027436480,2025,panoroma_two_pass,361591.5952234963,504746.5269450778,230.05124253896744,8.361483200621052,15.710932213991812,prior,north,-8.361483200621052,0.6558139534883721,0.39136690647482014,False,3.0462505750209927,True,361589.62793736457,504745.60499085987,,2.1726054184269987,2.0568871070440666,
3960386027436480,2024,panoroma_coarse,361591.5952234963,504746.5269450778,230.05124253896744,8.361483200621052,15.710932213991812,prior,north,-8.361483200621052,0.6460905349794238,0.44192634560906513,False,4.492564360969394,True,361590.5467463417,504744.12199889566,,2.6235606497378767,7.182892849884563,
3960386027436480,2024,panoroma_fine,361591.5952234963,504746.5269450778,230.05124253896744,8.361483200621052,15.710932213991812,prior,north,-8.361483200621052,0.6460905349794238,0.44192634560906513,False,4.492564360969394,True,361587.2751540433,504747.20093026396,,4.372328454065093,9.32580363420675,
3960386027436480,2024,panoroma_two_pass,361591.5952234963,504746.5269450778,230.05124253896744,8.361483200621052,15.710932213991812,prior,north,-8.361483200621052,0.6460905349794238,0.44192634560906513,False,4.492564360969394,True,361587.2751540433,504747.20093026396,,4.372328454065093,9.32580363420675,
1799341664552833,2025,panoroma_coarse,361572.6457602309,504774.8962715687,239.07370792608288,8.243739053374185,21.906598058444533,prior,north,-8.243739053374185,0.3934226552984166,0.4215686274509804,False,1.7181789847608726,True,361569.52473441657,504777.5507149514,,4.097178517664205,9.304869360603323,
1799341664552833,2025,panoroma_fine,361572.6457602309,504774.8962715687,239.07370792608288,8.243739053374185,21.906598058444533,prior,north,-8.243739053374185,0.3934226552984166,0.4215686274509804,False,1.7181789847608726,True,361569.4864017614,504779.2684662813,,5.394222144417632,12.301011389254374,
1799341664552833,2025,panoroma_two_pass,361572.6457602309,504774.8962715687,239.07370792608288,8.243739053374185,21.906598058444533,prior,north,-8.243739053374185,0.3934226552984166,0.4215686274509804,False,1.7181789847608726,True,361569.4864017614,504779.2684662813,,5.394222144417632,12.301011389254374,
1799341664552833,2024,panoroma_coarse,361572.6457602309,504774.8962715687,239.07370792608288,8.243739053374185,21.906598058444533,prior,north,-8.243739053374185,0.5351014040561622,0.3629160063391442,False,1.85806821303875,True,361571.8185382787,504779.8406784875,,5.013128358283633,3.4474126098760265,
1799341664552833,2024,panoroma_fine,361572.6457602309,504774.8962715687,239.07370792608288,8.243739053374185,21.906598058444533,prior,north,-8.243739053374185,0.5351014040561622,0.3629160063391442,False,1.85806821303875,True,361569.9713134333,504780.0411226315,,5.798461703886843,19.493855043663377,
1799341664552833,2024,panoroma_two_pass,361572.6457602309,504774.8962715687,239.07370792608288,8.243739053374185,21.906598058444533,prior,north,-8.243739053374185,0.5351014040561622,0.3629160063391442,False,1.85806821303875,True,361569.9713134333,504780.0411226315,,5.798461703886843,19.493855043663377,
1388036546256933,2025,panoroma_coarse,361558.7140618083,504804.42107867356,249.01867383618352,9.474083171671651,17.876799473428807,prior,north,-9.474083171671651,0.5197841726618705,0.3833922261484099,False,2.257333886247616,True,361560.3551484357,504801.1156365956,,3.6904081955051726,12.574227967632725,
1388036546256933,2025,panoroma_fine,361558.7140618083,504804.42107867356,249.01867383618352,9.474083171671651,17.876799473428807,prior,north,-9.474083171671651,0.5197841726618705,0.3833922261484099,False,2.257333886247616,True,361559.1243954208,504803.0079376526,,1.4715098432224991,8.534512864302155,
1388036546256933,2025,panoroma_two_pass,361558.7140618083,504804.42107867356,249.01867383618352,9.474083171671651,17.876799473428807,prior,north,-9.474083171671651,0.5197841726618705,0.3833922261484099,False,2.257333886247616,True,361559.1243954208,504803.0079376526,,1.4715098432224991,8.534512864302155,
1388036546256933,2024,panoroma_coarse,361558.7140618083,504804.42107867356,249.01867383618352,9.474083171671651,17.876799473428807,prior,north,-9.474083171671651,0.7184643510054844,0.3880070546737213,False,3.2930742864837415,True,361561.56603677256,504801.95909432013,,3.767642253889711,7.465858224055932,
1388036546256933,2024,panoroma_fine,361558.7140618083,504804.42107867356,249.01867383618352,9.474083171671651,17.876799473428807,prior,north,-9.474083171671651,0.7184643510054844,0.3880070546737213,False,3.2930742864837415,True,361559.49770901457,504804.52158501116,,0.7900661160811447,6.229494044492681,
1388036546256933,2024,panoroma_two_pass,361558.7140618083,504804.42107867356,249.01867383618352,9.474083171671651,17.876799473428807,prior,north,-9.474083171671651,0.7184643510054844,0.3880070546737213,False,3.2930742864837415,True,361559.49770901457,504804.52158501116,,0.7900661160811447,6.229494044492681,
1392556546281046,2025,panoroma_coarse,361548.052834857,504835.79213500954,250.87378567541663,7.06268696714011,10.700752972659181,prior,north,-7.06268696714011,0.6926605504587156,0.42585034013605444,False,3.8661344279190355,True,361549.0470129118,504836.1973051764,,1.0735701508310924,6.715860230941735,
1392556546281046,2025,panoroma_fine,361548.052834857,504835.79213500954,250.87378567541663,7.06268696714011,10.700752972659181,prior,north,-7.06268696714011,0.6926605504587156,0.42585034013605444,False,3.8661344279190355,True,361552.908760559,504836.0131842258,,4.860954348585736,4.331186722279203,
1392556546281046,2025,panoroma_two_pass,361548.052834857,504835.79213500954,250.87378567541663,7.06268696714011,10.700752972659181,prior,north,-7.06268696714011,0.6926605504587156,0.42585034013605444,False,3.8661344279190355,True,361552.908760559,504836.0131842258,,4.860954348585736,4.331186722279203,
1392556546281046,2024,panoroma_coarse,361548.052834857,504835.79213500954,250.87378567541663,7.06268696714011,10.700752972659181,prior,north,-7.06268696714011,0.75920245398773,0.40483383685800606,False,1.046806389229068,True,361549.91565752693,504836.2505516913,,1.9183988515467008,6.024406010267695,
1392556546281046,2024,panoroma_fine,361548.052834857,504835.79213500954,250.87378567541663,7.06268696714011,10.700752972659181,prior,north,-7.06268696714011,0.75920245398773,0.40483383685800606,False,1.046806389229068,True,361550.1944214629,504837.2595582743,,2.596097884973594,7.493335276325826,
1392556546281046,2024,panoroma_two_pass,361548.052834857,504835.79213500954,250.87378567541663,7.06268696714011,10.700752972659181,prior,north,-7.06268696714011,0.75920245398773,0.40483383685800606,False,1.046806389229068,True,361550.1944214629,504837.2595582743,,2.596097884973594,7.493335276325826,
1400716081531820,2025,panoroma_coarse,361537.2392487183,504867.6496268753,251.32015210508467,3.186497801348793,25.192597472479502,prior,north,-3.186497801348793,0.6516724336793541,0.40985442329227323,False,2.124304751851648,True,361530.5787357755,504892.47211358696,,25.70055017333905,4.214750443071975,
1400716081531820,2025,panoroma_fine,361537.2392487183,504867.6496268753,251.32015210508467,3.186497801348793,25.192597472479502,prior,north,-3.186497801348793,0.6516724336793541,0.40985442329227323,False,2.124304751851648,True,361530.8203982343,504894.5826277269,,27.687328805940254,13.534356424245152,
1400716081531820,2025,panoroma_two_pass,361537.2392487183,504867.6496268753,251.32015210508467,3.186497801348793,25.192597472479502,prior,north,-3.186497801348793,0.6516724336793541,0.40985442329227323,False,2.124304751851648,True,361530.8203982343,504894.5826277269,,27.687328805940254,13.534356424245152,
1400716081531820,2024,panoroma_coarse,361537.2392487183,504867.6496268753,251.32015210508467,3.186497801348793,25.192597472479502,prior,north,-3.186497801348793,0.7933673469387755,0.48614609571788414,False,3.4969364399503298,True,361534.2346190444,504870.2430437079,,3.9690818012495415,1.9607353945816348,
1400716081531820,2024,panoroma_fine,361537.2392487183,504867.6496268753,251.32015210508467,3.186497801348793,25.192597472479502,prior,north,-3.186497801348793,0.7933673469387755,0.48614609571788414,False,3.4969364399503298,True,361537.7287776788,504870.382399019,,2.776271275059001,4.974317248948826,
1400716081531820,2024,panoroma_two_pass,361537.2392487183,504867.6496268753,251.32015210508467,3.186497801348793,25.192597472479502,prior,north,-3.186497801348793,0.7933673469387755,0.48614609571788414,False,3.4969364399503298,True,361537.7287776788,504870.382399019,,2.776271275059001,4.974317248948826,
1892217645152325,2025,panoroma_coarse,361527.15932734055,504899.9309961172,251.75060327783478,-9.0737365324849,21.31033776483124,prior,north,9.0737365324849,0.48244473342002603,0.36906584992343033,False,4.616076291508585,True,361525.228255922,504902.3195074926,,3.071485538639446,17.74150274677495,
1892217645152325,2025,panoroma_fine,361527.15932734055,504899.9309961172,251.75060327783478,-9.0737365324849,21.31033776483124,prior,north,9.0737365324849,0.48244473342002603,0.36906584992343033,False,4.616076291508585,True,361529.752481358,504901.4032408649,,2.9819376847174897,7.638113366331685,
1892217645152325,2025,panoroma_two_pass,361527.15932734055,504899.9309961172,251.75060327783478,-9.0737365324849,21.31033776483124,prior,north,9.0737365324849,0.48244473342002603,0.36906584992343033,False,4.616076291508585,True,361529.752481358,504901.4032408649,,2.9819376847174897,7.638113366331685,
1892217645152325,2024,panoroma_coarse,361527.15932734055,504899.9309961172,251.75060327783478,-9.0737365324849,21.31033776483124,prior,north,9.0737365324849,0.5807365439093485,0.41333333333333333,False,4.189324707905463,True,361525.05312072183,504897.9615430519,,2.8835484558380258,7.304665740783146,
1892217645152325,2024,panoroma_fine,361527.15932734055,504899.9309961172,251.75060327783478,-9.0737365324849,21.31033776483124,prior,north,9.0737365324849,0.5807365439093485,0.41333333333333333,False,4.189324707905463,True,361529.2419053651,504897.89427700615,,2.91296343360216,2.2168512842547017,
1892217645152325,2024,panoroma_two_pass,361527.15932734055,504899.9309961172,251.75060327783478,-9.0737365324849,21.31033776483124,prior,north,9.0737365324849,0.5807365439093485,0.41333333333333333,False,4.189324707905463,True,361529.2419053651,504897.89427700615,,2.91296343360216,2.2168512842547017,
845278345272909,2025,panoroma_coarse,361517.99783600273,504929.75817886833,251.94198824508135,-2.310200403180687,21.380501203604464,prior,north,2.310200403180687,0.716323296354992,0.5612244897959183,False,2.0792866001214043,True,361521.77644841396,504931.9899770153,,4.388488888344518,1.3732635741161423,
845278345272909,2025,panoroma_fine,361517.99783600273,504929.75817886833,251.94198824508135,-2.310200403180687,21.380501203604464,prior,north,2.310200403180687,0.716323296354992,0.5612244897959183,False,2.0792866001214043,True,361519.71417666954,504932.25543514336,,3.030200354390011,2.541749352195226,
845278345272909,2025,panoroma_two_pass,361517.99783600273,504929.75817886833,251.94198824508135,-2.310200403180687,21.380501203604464,prior,north,2.310200403180687,0.716323296354992,0.5612244897959183,False,2.0792866001214043,True,361519.71417666954,504932.25543514336,,3.030200354390011,2.541749352195226,
845278345272909,2024,panoroma_coarse,361517.99783600273,504929.75817886833,251.94198824508135,-2.310200403180687,21.380501203604464,prior,north,2.310200403180687,0.6934749620637329,0.5392592592592592,False,1.9171750605232882,True,361520.08448774775,504932.31014303083,,3.2964581889772773,1.0322778555511265,
845278345272909,2024,panoroma_fine,361517.99783600273,504929.75817886833,251.94198824508135,-2.310200403180687,21.380501203604464,prior,north,2.310200403180687,0.6934749620637329,0.5392592592592592,False,1.9171750605232882,True,361518.6368497883,504933.5670855717,,3.862137865632762,2.418486619348696,
845278345272909,2024,panoroma_two_pass,361517.99783600273,504929.75817886833,251.94198824508135,-2.310200403180687,21.380501203604464,prior,north,2.310200403180687,0.6934749620637329,0.5392592592592592,False,1.9171750605232882,True,361518.6368497883,504933.5670855717,,3.862137865632762,2.418486619348696,
2612096309208434,2025,panoroma_coarse,361509.8059636109,504962.64188964665,260.82867997460966,-7.259085832096645,28.76716591413593,prior,north,7.259085832096645,0.6588021778584392,0.41541353383458646,False,3.4882257150433276,True,361516.2498793189,504961.5170399728,,6.541355856425644,9.966733131534484,
2612096309208434,2025,panoroma_fine,361509.8059636109,504962.64188964665,260.82867997460966,-7.259085832096645,28.76716591413593,prior,north,7.259085832096645,0.6588021778584392,0.41541353383458646,False,3.4882257150433276,True,361513.8221174887,504964.0217737182,,4.2465953446622215,7.361404977819228,
2612096309208434,2025,panoroma_two_pass,361509.8059636109,504962.64188964665,260.82867997460966,-7.259085832096645,28.76716591413593,prior,north,7.259085832096645,0.6588021778584392,0.41541353383458646,False,3.4882257150433276,True,361513.8221174887,504964.0217737182,,4.2465953446622215,7.361404977819228,
2612096309208434,2024,panoroma_coarse,361509.8059636109,504962.64188964665,260.82867997460966,-7.259085832096645,28.76716591413593,prior,north,7.259085832096645,0.5846153846153846,0.3963210702341137,False,4.656252186387911,True,361515.73239872453,504958.4633380454,,7.251408596996799,3.8426949139937405,
2612096309208434,2024,panoroma_fine,361509.8059636109,504962.64188964665,260.82867997460966,-7.259085832096645,28.76716591413593,prior,north,7.259085832096645,0.5846153846153846,0.3963210702341137,False,4.656252186387911,True,361512.4038814332,504961.7193566364,,2.7568540343033234,2.75208283468955,
2612096309208434,2024,panoroma_two_pass,361509.8059636109,504962.64188964665,260.82867997460966,-7.259085832096645,28.76716591413593,prior,north,7.259085832096645,0.5846153846153846,0.3963210702341137,False,4.656252186387911,True,361512.4038814332,504961.7193566364,,2.7568540343033234,2.75208283468955,
1645304160505212,2025,panoroma_coarse,361502.2519723498,504994.43547046836,252.93062506393304,0.9030756828793471,23.126982233794703,prior,north,-0.9030756828793471,0.7226027397260274,0.46608695652173915,False,0.1626548535799784,True,361502.928728105,504994.68781899166,,0.722272891183518,0.23334380928157752,
1645304160505212,2025,panoroma_fine,361502.2519723498,504994.43547046836,252.93062506393304,0.9030756828793471,23.126982233794703,prior,north,-0.9030756828793471,0.7226027397260274,0.46608695652173915,False,0.1626548535799784,True,361502.9449813927,504994.849659753,,0.8073501699993039,6.58713196949159,
1645304160505212,2025,panoroma_two_pass,361502.2519723498,504994.43547046836,252.93062506393304,0.9030756828793471,23.126982233794703,prior,north,-0.9030756828793471,0.7226027397260274,0.46608695652173915,False,0.1626548535799784,True,361502.9449813927,504994.849659753,,0.8073501699993039,6.58713196949159,
1645304160505212,2024,panoroma_coarse,361502.2519723498,504994.43547046836,252.93062506393304,0.9030756828793471,23.126982233794703,prior,north,-0.9030756828793471,0.7552816901408451,0.5,False,0.6586809615124833,True,361502.7241786489,504995.17631704157,,0.8785399444025205,0.761277580275703,
1645304160505212,2024,panoroma_fine,361502.2519723498,504994.43547046836,252.93062506393304,0.9030756828793471,23.126982233794703,prior,north,-0.9030756828793471,0.7552816901408451,0.5,False,0.6586809615124833,True,361503.3805976448,504995.1217761311,,1.3209127598375983,0.3097998324214124,
1645304160505212,2024,panoroma_two_pass,361502.2519723498,504994.43547046836,252.93062506393304,0.9030756828793471,23.126982233794703,prior,north,-0.9030756828793471,0.7552816901408451,0.5,False,0.6586809615124833,True,361503.3805976448,504995.1217761311,,1.3209127598375983,0.3097998324214124,
1368742985247867,2025,panoroma_coarse,361492.2334559488,505028.35266217124,253.1819735066803,-1.6750923090158665,31.475862592707085,prior,north,1.6750923090158665,0.2566137566137566,0.2823529411764706,False,3.016762908707068,True,361479.6514085479,505031.56415731873,,12.98543868653755,4.766427977473792,
1368742985247867,2025,panoroma_fine,361492.2334559488,505028.35266217124,253.1819735066803,-1.6750923090158665,31.475862592707085,prior,north,1.6750923090158665,0.2566137566137566,0.2823529411764706,False,3.016762908707068,True,361480.46122267545,505028.6581188596,,11.77619548203281,1.0211442542370095,
1368742985247867,2025,panoroma_two_pass,361492.2334559488,505028.35266217124,253.1819735066803,-1.6750923090158665,31.475862592707085,prior,north,1.6750923090158665,0.2566137566137566,0.2823529411764706,False,3.016762908707068,True,361480.46122267545,505028.6581188596,,11.77619548203281,1.0211442542370095,
1368742985247867,2024,panoroma_coarse,361492.2334559488,505028.35266217124,253.1819735066803,-1.6750923090158665,31.475862592707085,prior,north,1.6750923090158665,0.2278177458033573,0.3191489361702128,False,4.141289080179761,True,361478.20997781365,505053.0674658751,,28.416183085160522,0.9154471161728188,
1368742985247867,2024,panoroma_fine,361492.2334559488,505028.35266217124,253.1819735066803,-1.6750923090158665,31.475862592707085,prior,north,1.6750923090158665,0.2278177458033573,0.3191489361702128,False,4.141289080179761,True,361476.62628542405,505056.89397781953,,32.5298396971937,5.05449851410976,
1368742985247867,2024,panoroma_two_pass,361492.2334559488,505028.35266217124,253.1819735066803,-1.6750923090158665,31.475862592707085,prior,north,1.6750923090158665,0.2278177458033573,0.3191489361702128,False,4.141289080179761,True,361476.62628542405,505056.89397781953,,32.5298396971937,5.05449851410976,
1094966510141854,2025,panoroma_coarse,361482.8214742172,505058.37402536254,250.83743577092525,-8.858758712488594,23.833040175420262,prior,north,8.858758712488594,0.7629757785467128,0.4203338391502276,False,4.112562864638051,True,361481.4383657369,505050.2926197595,,8.198908804779027,9.948562939485427,
1094966510141854,2025,panoroma_fine,361482.8214742172,505058.37402536254,250.83743577092525,-8.858758712488594,23.833040175420262,prior,north,8.858758712488594,0.7629757785467128,0.4203338391502276,False,4.112562864638051,True,361482.9607933917,505054.1130107541,,4.263291606922392,7.257977289452584,
1094966510141854,2025,panoroma_two_pass,361482.8214742172,505058.37402536254,250.83743577092525,-8.858758712488594,23.833040175420262,prior,north,8.858758712488594,0.7629757785467128,0.4203338391502276,False,4.112562864638051,True,361482.9607933917,505054.1130107541,,4.263291606922392,7.257977289452584,
1094966510141854,2024,panoroma_coarse,361482.8214742172,505058.37402536254,250.83743577092525,-8.858758712488594,23.833040175420262,prior,north,8.858758712488594,0.7679465776293823,0.4689863842662632,False,3.0443737550341625,True,361483.37088867853,505044.64640545036,,13.738609998966018,10.86418975131888,
1094966510141854,2024,panoroma_fine,361482.8214742172,505058.37402536254,250.83743577092525,-8.858758712488594,23.833040175420262,prior,north,8.858758712488594,0.7679465776293823,0.4689863842662632,False,3.0443737550341625,True,361486.40131462505,505044.3553210247,,14.46856346210038,6.045472559416276,
1094966510141854,2024,panoroma_two_pass,361482.8214742172,505058.37402536254,250.83743577092525,-8.858758712488594,23.833040175420262,prior,north,8.858758712488594,0.7679465776293823,0.4689863842662632,False,3.0443737550341625,True,361486.40131462505,505044.3553210247,,14.46856346210038,6.045472559416276,
1576088213452988,2025,panoroma_coarse,361471.7362748644,505091.2981349118,251.55647181361104,3.049221332387475,18.721075740382243,prior,north,-3.049221332387475,0.6852941176470588,0.3773049645390071,False,3.8730399427814217,True,361473.6996447325,505089.3085809105,,2.795200594437377,4.254634254022015,
1576088213452988,2025,panoroma_fine,361471.7362748644,505091.2981349118,251.55647181361104,3.049221332387475,18.721075740382243,prior,north,-3.049221332387475,0.6852941176470588,0.3773049645390071,False,3.8730399427814217,True,361471.04292568617,505092.12678642233,,1.0804612019258868,8.719594154538688,
1576088213452988,2025,panoroma_two_pass,361471.7362748644,505091.2981349118,251.55647181361104,3.049221332387475,18.721075740382243,prior,north,-3.049221332387475,0.6852941176470588,0.3773049645390071,False,3.8730399427814217,True,361471.04292568617,505092.12678642233,,1.0804612019258868,8.719594154538688,
1576088213452988,2024,panoroma_coarse,361471.7362748644,505091.2981349118,251.55647181361104,3.049221332387475,18.721075740382243,prior,north,-3.049221332387475,0.8072289156626506,0.3560830860534125,False,2.2988564088567736,True,361472.7442363111,505087.9331704719,,3.5126872846484547,2.5823059694039556,
1576088213452988,2024,panoroma_fine,361471.7362748644,505091.2981349118,251.55647181361104,3.049221332387475,18.721075740382243,prior,north,-3.049221332387475,0.8072289156626506,0.3560830860534125,False,2.2988564088567736,True,361474.09133303486,505086.07035775844,,5.733755571306558,3.2816217715472717,
1576088213452988,2024,panoroma_two_pass,361471.7362748644,505091.2981349118,251.55647181361104,3.049221332387475,18.721075740382243,prior,north,-3.049221332387475,0.8072289156626506,0.3560830860534125,False,2.2988564088567736,True,361474.09133303486,505086.07035775844,,5.733755571306558,3.2816217715472717,
2326419104828349,2025,panoroma_coarse,361463.87377641036,505123.49797958974,285.5099973265701,1.0527138412930412,26.68045424726671,prior,north,-1.0527138412930412,0.7612781954887218,0.40421792618629176,False,1.3411506870066654,True,361462.80578931596,505126.70528170286,,3.380441284602018,0.2793416925795196,
2326419104828349,2025,panoroma_fine,361463.87377641036,505123.49797958974,285.5099973265701,1.0527138412930412,26.68045424726671,prior,north,-1.0527138412930412,0.7612781954887218,0.40421792618629176,False,1.3411506870066654,True,361463.8958200239,505125.92392504873,,2.426045607753802,1.1885812436605532,
2326419104828349,2025,panoroma_two_pass,361463.87377641036,505123.49797958974,285.5099973265701,1.0527138412930412,26.68045424726671,prior,north,-1.0527138412930412,0.7612781954887218,0.40421792618629176,False,1.3411506870066654,True,361463.8958200239,505125.92392504873,,2.426045607753802,1.1885812436605532,
2326419104828349,2024,panoroma_coarse,361463.87377641036,505123.49797958974,285.5099973265701,1.0527138412930412,26.68045424726671,prior,north,-1.0527138412930412,0.7636363636363637,0.4063047285464098,False,3.455538180230962,True,361461.91877537314,505127.304224934,,4.278963972319215,1.3559609967005442,
2326419104828349,2024,panoroma_fine,361463.87377641036,505123.49797958974,285.5099973265701,1.0527138412930412,26.68045424726671,prior,north,-1.0527138412930412,0.7636363636363637,0.4063047285464098,False,3.455538180230962,True,361465.3435650058,505127.7641815483,,4.512289625760716,0.705146991478661,
2326419104828349,2024,panoroma_two_pass,361463.87377641036,505123.49797958974,285.5099973265701,1.0527138412930412,26.68045424726671,prior,north,-1.0527138412930412,0.7636363636363637,0.4063047285464098,False,3.455538180230962,True,361465.3435650058,505127.7641815483,,4.512289625760716,0.705146991478661,
1611154070401669,2025,panoroma_coarse,361493.0522768595,505138.26740477607,322.2927948363659,5.1298490002480435,7.129906097234458,prior,north,-5.1298490002480435,0.8044217687074829,0.37479806138933763,False,3.181365454372891,True,361491.19673114945,505140.2684752915,,2.7289802289290397,6.517047399814989,
1611154070401669,2025,panoroma_fine,361493.0522768595,505138.26740477607,322.2927948363659,5.1298490002480435,7.129906097234458,prior,north,-5.1298490002480435,0.8044217687074829,0.37479806138933763,False,3.181365454372891,True,361494.0958703302,505141.57846695755,,3.47163075537095,4.579504770630377,
1611154070401669,2025,panoroma_two_pass,361493.0522768595,505138.26740477607,322.2927948363659,5.1298490002480435,7.129906097234458,prior,north,-5.1298490002480435,0.8044217687074829,0.37479806138933763,False,3.181365454372891,True,361494.0958703302,505141.57846695755,,3.47163075537095,4.579504770630377,
1611154070401669,2024,panoroma_coarse,361493.0522768595,505138.26740477607,322.2927948363659,5.1298490002480435,7.129906097234458,prior,north,-5.1298490002480435,0.7064846416382252,0.4709897610921502,False,3.5655937495094574,True,361494.9398381056,505136.1508464952,,2.8359665749104606,5.898842744302863,
1611154070401669,2024,panoroma_fine,361493.0522768595,505138.26740477607,322.2927948363659,5.1298490002480435,7.129906097234458,prior,north,-5.1298490002480435,0.7064846416382252,0.4709897610921502,False,3.5655937495094574,True,361493.7406953052,505139.5087499081,,1.4194568303660382,4.684762865894882,
1611154070401669,2024,panoroma_two_pass,361493.0522768595,505138.26740477607,322.2927948363659,5.1298490002480435,7.129906097234458,prior,north,-5.1298490002480435,0.7064846416382252,0.4709897610921502,False,3.5655937495094574,True,361493.7406953052,505139.5087499081,,1.4194568303660382,4.684762865894882,
2044825309733264,2025,panoroma_coarse,361517.82771305204,505160.52887198236,318.5141274465706,2.600160673080495,13.149040600903362,prior,north,-2.600160673080495,0.8548123980424144,0.5039246467817896,False,2.945456125321941,True,361519.50499535823,505163.48531241185,,3.3990904589036317,0.022376056297781555,
2044825309733264,2025,panoroma_fine,361517.82771305204,505160.52887198236,318.5141274465706,2.600160673080495,13.149040600903362,prior,north,-2.600160673080495,0.8548123980424144,0.5039246467817896,False,2.945456125321941,True,361516.8735766674,505162.16192756244,,1.8913610887797343,1.788268515442154,
2044825309733264,2025,panoroma_two_pass,361517.82771305204,505160.52887198236,318.5141274465706,2.600160673080495,13.149040600903362,prior,north,-2.600160673080495,0.8548123980424144,0.5039246467817896,False,2.945456125321941,True,361516.8735766674,505162.16192756244,,1.8913610887797343,1.788268515442154,
2044825309733264,2024,panoroma_coarse,361517.82771305204,505160.52887198236,318.5141274465706,2.600160673080495,13.149040600903362,prior,north,-2.600160673080495,0.851063829787234,0.5270700636942676,False,1.445339412231653,True,361519.77888121025,505163.6347359208,,3.6678942168244943,0.13405530350719932,
2044825309733264,2024,panoroma_fine,361517.82771305204,505160.52887198236,318.5141274465706,2.600160673080495,13.149040600903362,prior,north,-2.600160673080495,0.851063829787234,0.5270700636942676,False,1.445339412231653,True,361518.37677748344,505163.9856079142,,3.5000707210631172,2.1372497238628796,
2044825309733264,2024,panoroma_two_pass,361517.82771305204,505160.52887198236,318.5141274465706,2.600160673080495,13.149040600903362,prior,north,-2.600160673080495,0.851063829787234,0.5270700636942676,False,1.445339412231653,True,361518.37677748344,505163.9856079142,,3.5000707210631172,2.1372497238628796,
1353979803178810,2025,panoroma_coarse,361530.3587487028,505170.9117681952,148.200596317521,2.817757957417797,19.879731431761236,prior,north,-2.817757957417797,0.7737704918032787,0.4230769230769231,False,3.7957594977625333,True,361528.492487864,505172.9139573524,,2.737095347191151,1.816469730092201,
1353979803178810,2025,panoroma_fine,361530.3587487028,505170.9117681952,148.200596317521,2.817757957417797,19.879731431761236,prior,north,-2.817757957417797,0.7737704918032787,0.4230769230769231,False,3.7957594977625333,True,361524.9946631646,505174.38807150576,,6.392033977378846,0.9953874302339042,
1353979803178810,2025,panoroma_two_pass,361530.3587487028,505170.9117681952,148.200596317521,2.817757957417797,19.879731431761236,prior,north,-2.817757957417797,0.7737704918032787,0.4230769230769231,False,3.7957594977625333,True,361524.9946631646,505174.38807150576,,6.392033977378846,0.9953874302339042,
1353979803178810,2024,panoroma_coarse,361530.3587487028,505170.9117681952,148.200596317521,2.817757957417797,19.879731431761236,prior,north,-2.817757957417797,0.8296041308089501,0.41853512705530643,False,1.4924667865820334,True,361527.9263650614,505172.80104356434,,3.079910972647192,2.3401839631134504,
1353979803178810,2024,panoroma_fine,361530.3587487028,505170.9117681952,148.200596317521,2.817757957417797,19.879731431761236,prior,north,-2.817757957417797,0.8296041308089501,0.41853512705530643,False,1.4924667865820334,True,361526.5881176694,505173.46176364645,,4.5519375205927215,3.5418705917175157,
1353979803178810,2024,panoroma_two_pass,361530.3587487028,505170.9117681952,148.200596317521,2.817757957417797,19.879731431761236,prior,north,-2.817757957417797,0.8296041308089501,0.41853512705530643,False,1.4924667865820334,True,361526.5881176694,505173.46176364645,,4.5519375205927215,3.5418705917175157,
1112299907902984,2025,panoroma_coarse,361505.03398144763,505148.4196676966,135.10897763472872,3.930005124713489,10.34373706356613,prior,north,-3.930005124713489,0.6881559220389805,0.3433029908972692,False,3.478791302084892,True,361503.2507618134,505150.7083988251,,2.9014069763458665,3.567443151160592,
1112299907902984,2025,panoroma_fine,361505.03398144763,505148.4196676966,135.10897763472872,3.930005124713489,10.34373706356613,prior,north,-3.930005124713489,0.6881559220389805,0.3433029908972692,False,3.478791302084892,True,361506.4295263204,505152.1217088166,,3.95634350713072,1.7780239387509282,
1112299907902984,2025,panoroma_two_pass,361505.03398144763,505148.4196676966,135.10897763472872,3.930005124713489,10.34373706356613,prior,north,-3.930005124713489,0.6881559220389805,0.3433029908972692,False,3.478791302084892,True,361506.4295263204,505152.1217088166,,3.95634350713072,1.7780239387509282,
1112299907902984,2024,panoroma_coarse,361505.03398144763,505148.4196676966,135.10897763472872,3.930005124713489,10.34373706356613,prior,north,-3.930005124713489,0.7202898550724638,0.30037546933667086,False,3.7694656530853132,True,361507.06638711767,505153.4408695238,,5.416930920475507,6.429603382516319,
1112299907902984,2024,panoroma_fine,361505.03398144763,505148.4196676966,135.10897763472872,3.930005124713489,10.34373706356613,prior,north,-3.930005124713489,0.7202898550724638,0.30037546933667086,False,3.7694656530853132,True,361505.0004524588,505150.2879684319,,1.868601570868615,3.2131231526763306,
1112299907902984,2024,panoroma_two_pass,361505.03398144763,505148.4196676966,135.10897763472872,3.930005124713489,10.34373706356613,prior,north,-3.930005124713489,0.7202898550724638,0.30037546933667086,False,3.7694656530853132,True,361505.0004524588,505150.2879684319,,1.868601570868615,3.2131231526763306,
1099992155940572,2025,panoroma_coarse,361476.9349046636,505130.8601407418,162.9595274769371,8.887178876421416,20.092687879152262,prior,north,-8.887178876421416,0.8130360205831904,0.38493723849372385,False,2.5850575391712054,True,361478.5794600372,505130.1766225157,,1.780943441597592,11.924220590709018,
1099992155940572,2025,panoroma_fine,361476.9349046636,505130.8601407418,162.9595274769371,8.887178876421416,20.092687879152262,prior,north,-8.887178876421416,0.8130360205831904,0.38493723849372385,False,2.5850575391712054,True,361476.6149125794,505131.8568236248,,1.0467911459374983,16.313643028914914,
1099992155940572,2025,panoroma_two_pass,361476.9349046636,505130.8601407418,162.9595274769371,8.887178876421416,20.092687879152262,prior,north,-8.887178876421416,0.8130360205831904,0.38493723849372385,False,2.5850575391712054,True,361476.6149125794,505131.8568236248,,1.0467911459374983,16.313643028914914,
1099992155940572,2024,panoroma_coarse,361476.9349046636,505130.8601407418,162.9595274769371,8.887178876421416,20.092687879152262,prior,north,-8.887178876421416,0.8096885813148789,0.45773524720893144,False,2.255393351771496,True,361478.0646120585,505129.4858935679,,1.778986816450814,6.382923766317976,
1099992155940572,2024,panoroma_fine,361476.9349046636,505130.8601407418,162.9595274769371,8.887178876421416,20.092687879152262,prior,north,-8.887178876421416,0.8096885813148789,0.45773524720893144,False,2.255393351771496,True,361477.06850330776,505131.5093970959,,0.6628592694073053,14.961230613646363,
1099992155940572,2024,panoroma_two_pass,361476.9349046636,505130.8601407418,162.9595274769371,8.887178876421416,20.092687879152262,prior,north,-8.887178876421416,0.8096885813148789,0.45773524720893144,False,2.255393351771496,True,361477.06850330776,505131.5093970959,,0.6628592694073053,14.961230613646363,
2090069028562856,2025,panoroma_coarse,361462.71241398016,505108.46205451246,77.33940240615863,-3.947619285778174,7.219451698844917,prior,north,3.94761928577816,0.7408207343412527,0.42516268980477223,False,3.600090759736504,True,361460.0936845914,505107.8235047705,,2.695457175402281,3.2126158541802106,
2090069028562856,2025,panoroma_fine,361462.71241398016,505108.46205451246,77.33940240615863,-3.947619285778174,7.219451698844917,prior,north,3.94761928577816,0.7408207343412527,0.42516268980477223,False,3.600090759736504,True,361463.5873887081,505108.69223086286,,0.9047441222698004,5.12175563194299,
2090069028562856,2025,panoroma_two_pass,361462.71241398016,505108.46205451246,77.33940240615863,-3.947619285778174,7.219451698844917,prior,north,3.94761928577816,0.7408207343412527,0.42516268980477223,False,3.600090759736504,True,361463.5873887081,505108.69223086286,,0.9047441222698004,5.12175563194299,
2090069028562856,2024,panoroma_coarse,361462.71241398016,505108.46205451246,77.33940240615863,-3.947619285778174,7.219451698844917,prior,north,3.94761928577816,0.7660044150110376,0.43612334801762115,False,3.007559763041448,True,361459.43604280043,505108.4985255269,,3.276574162484866,3.0383177519522855,
2090069028562856,2024,panoroma_fine,361462.71241398016,505108.46205451246,77.33940240615863,-3.947619285778174,7.219451698844917,prior,north,3.94761928577816,0.7660044150110376,0.43612334801762115,False,3.007559763041448,True,361462.26614371,505109.51633914915,,1.1448463867183054,1.9036885687757557,
2090069028562856,2024,panoroma_two_pass,361462.71241398016,505108.46205451246,77.33940240615863,-3.947619285778174,7.219451698844917,prior,north,3.94761928577816,0.7660044150110376,0.43612334801762115,False,3.007559763041448,True,361462.26614371,505109.51633914915,,1.1448463867183054,1.9036885687757557,
28071381109150220,2025,panoroma_coarse,361468.2257658363,505078.0853922805,76.58461707839409,8.123714022458287,23.939479890668725,prior,north,-8.123714022458273,0.41818181818181815,0.3445635528330781,False,2.7169679548631067,True,361467.01004164096,505097.92464332766,,19.876465164409872,12.904350085718097,
28071381109150220,2025,panoroma_fine,361468.2257658363,505078.0853922805,76.58461707839409,8.123714022458287,23.939479890668725,prior,north,-8.123714022458273,0.41818181818181815,0.3445635528330781,False,2.7169679548631067,True,361469.6817697203,505097.4308985173,,19.40022058816276,17.098204016734783,
28071381109150220,2025,panoroma_two_pass,361468.2257658363,505078.0853922805,76.58461707839409,8.123714022458287,23.939479890668725,prior,north,-8.123714022458273,0.41818181818181815,0.3445635528330781,False,2.7169679548631067,True,361469.6817697203,505097.4308985173,,19.40022058816276,17.098204016734783,
28071381109150220,2024,panoroma_coarse,361468.2257658363,505078.0853922805,76.58461707839409,8.123714022458287,23.939479890668725,prior,north,-8.123714022458273,0.7150635208711433,0.3053040103492885,False,3.042244974440016,True,361467.2610631181,505081.963007897,,3.9958170884221644,4.72996790401764,
28071381109150220,2024,panoroma_fine,361468.2257658363,505078.0853922805,76.58461707839409,8.123714022458287,23.939479890668725,prior,north,-8.123714022458273,0.7150635208711433,0.3053040103492885,False,3.042244974440016,True,361466.5302394299,505079.00984836504,,1.9311729200347707,14.03144359250955,
28071381109150220,2024,panoroma_two_pass,361468.2257658363,505078.0853922805,76.58461707839409,8.123714022458287,23.939479890668725,prior,north,-8.123714022458273,0.7150635208711433,0.3053040103492885,False,3.042244974440016,True,361466.5302394299,505079.00984836504,,1.9311729200347707,14.03144359250955,
1120045207649869,2025,panoroma_coarse,361477.51365528506,505045.06929584127,72.0560999263658,7.635560614031732,15.767017748521466,prior,north,-7.635560614031732,0.742393509127789,0.43149284253578735,False,1.07048877034487,True,361477.74334595166,505045.8482787873,,0.8121405250919164,7.50373585008591,
1120045207649869,2025,panoroma_fine,361477.51365528506,505045.06929584127,72.0560999263658,7.635560614031732,15.767017748521466,prior,north,-7.635560614031732,0.742393509127789,0.43149284253578735,False,1.07048877034487,True,361477.1439919592,505044.96130584565,,0.3851140267812159,4.9060380893528315,
1120045207649869,2025,panoroma_two_pass,361477.51365528506,505045.06929584127,72.0560999263658,7.635560614031732,15.767017748521466,prior,north,-7.635560614031732,0.742393509127789,0.43149284253578735,False,1.07048877034487,True,361477.1439919592,505044.96130584565,,0.3851140267812159,4.9060380893528315,
1120045207649869,2024,panoroma_coarse,361477.51365528506,505045.06929584127,72.0560999263658,7.635560614031732,15.767017748521466,prior,north,-7.635560614031732,0.7381443298969073,0.43724696356275305,False,1.88934910762176,True,361477.16939510836,505044.24678767496,,0.8916472132584952,8.404638991640722,
1120045207649869,2024,panoroma_fine,361477.51365528506,505045.06929584127,72.0560999263658,7.635560614031732,15.767017748521466,prior,north,-7.635560614031732,0.7381443298969073,0.43724696356275305,False,1.88934910762176,True,361477.4606947332,505046.11354544683,,1.0455917266173627,5.531405425554827,
1120045207649869,2024,panoroma_two_pass,361477.51365528506,505045.06929584127,72.0560999263658,7.635560614031732,15.767017748521466,prior,north,-7.635560614031732,0.7381443298969073,0.43724696356275305,False,1.88934910762176,True,361477.4606947332,505046.11354544683,,1.0455917266173627,5.531405425554827,
2176435617086201,2025,panoroma_coarse,361465.31389726076,505019.4838384604,159.3120439262325,-1.7980828454648474,13.909927120831163,prior,north,1.7980828454648474,0.4580152671755725,0.3263888888888889,False,4.699592583347787,True,361462.89781045495,505015.0463404831,,5.052609598178515,1.596083977592192,
2176435617086201,2025,panoroma_fine,361465.31389726076,505019.4838384604,159.3120439262325,-1.7980828454648474,13.909927120831163,prior,north,1.7980828454648474,0.4580152671755725,0.3263888888888889,False,4.699592583347787,True,361461.8261484908,505019.62211485306,,3.4904887684808665,4.209678668228322,
2176435617086201,2025,panoroma_two_pass,361465.31389726076,505019.4838384604,159.3120439262325,-1.7980828454648474,13.909927120831163,prior,north,1.7980828454648474,0.4580152671755725,0.3263888888888889,False,4.699592583347787,True,361461.8261484908,505019.62211485306,,3.4904887684808665,4.209678668228322,
2176435617086201,2024,panoroma_coarse,361465.31389726076,505019.4838384604,159.3120439262325,-1.7980828454648474,13.909927120831163,prior,north,1.7980828454648474,0.5983739837398374,0.4389380530973451,False,1.9335379087159286,True,361464.01702870923,505018.65746530954,,1.537777820231406,1.0067040116097203,
2176435617086201,2024,panoroma_fine,361465.31389726076,505019.4838384604,159.3120439262325,-1.7980828454648474,13.909927120831163,prior,north,1.7980828454648474,0.5983739837398374,0.4389380530973451,False,1.9335379087159286,True,361464.2687500896,505020.57454777806,,1.5106221979452596,6.14800253308352,
2176435617086201,2024,panoroma_two_pass,361465.31389726076,505019.4838384604,159.3120439262325,-1.7980828454648474,13.909927120831163,prior,north,1.7980828454648474,0.5983739837398374,0.4389380530973451,False,1.9335379087159286,True,361464.2687500896,505020.57454777806,,1.5106221979452596,6.14800253308352,
1476656934564153,2025,panoroma_coarse,361435.5440886696,505009.21059400775,161.60204431611461,5.457368974822998,11.639224023998057,prior,north,-5.457368974822998,0.4184652278177458,0.3178893178893179,False,1.6986015227044673,True,361435.9843208195,505011.54741720285,,2.377929139184286,5.324555872668045,
1476656934564153,2025,panoroma_fine,361435.5440886696,505009.21059400775,161.60204431611461,5.457368974822998,11.639224023998057,prior,north,-5.457368974822998,0.4184652278177458,0.3178893178893179,False,1.6986015227044673,True,361434.32504484965,505011.9108045842,,2.962634805741849,5.915232600003004,
1476656934564153,2025,panoroma_two_pass,361435.5440886696,505009.21059400775,161.60204431611461,5.457368974822998,11.639224023998057,prior,north,-5.457368974822998,0.4184652278177458,0.3178893178893179,False,1.6986015227044673,True,361434.32504484965,505011.9108045842,,2.962634805741849,5.915232600003004,
1476656934564153,2024,panoroma_coarse,361435.5440886696,505009.21059400775,161.60204431611461,5.457368974822998,11.639224023998057,prior,north,-5.457368974822998,0.5381727158948686,0.37220843672456577,False,1.5365958876149532,True,361437.03498661827,505011.0034781672,,2.3317826447795547,5.664844765287712,
1476656934564153,2024,panoroma_fine,361435.5440886696,505009.21059400775,161.60204431611461,5.457368974822998,11.639224023998057,prior,north,-5.457368974822998,0.5381727158948686,0.37220843672456577,False,1.5365958876149532,True,361438.09604569484,505012.1149099274,,3.866204291032289,0.13293833460313692,
1476656934564153,2024,panoroma_two_pass,361435.5440886696,505009.21059400775,161.60204431611461,5.457368974822998,11.639224023998057,prior,north,-5.457368974822998,0.5381727158948686,0.37220843672456577,False,1.5365958876149532,True,361438.09604569484,505012.1149099274,,3.866204291032289,0.13293833460313692,
1555312799214362,2025,panoroma_coarse,361402.0505830572,504999.5467164507,164.80215097186715,-0.36491725174775524,20.2364739076955,prior,north,0.36491725174775524,0.3418482344102179,0.2598870056497175,False,4.046753212808391,True,361417.04471145873,505000.72683574987,,15.04049760084872,2.8731336621865697,
1555312799214362,2025,panoroma_fine,361402.0505830572,504999.5467164507,164.80215097186715,-0.36491725174775524,20.2364739076955,prior,north,0.36491725174775524,0.3418482344102179,0.2598870056497175,False,4.046753212808391,True,361421.0797714727,505001.03424793034,,19.087240807814943,8.06001881457751,
1555312799214362,2025,panoroma_two_pass,361402.0505830572,504999.5467164507,164.80215097186715,-0.36491725174775524,20.2364739076955,prior,north,0.36491725174775524,0.3418482344102179,0.2598870056497175,False,4.046753212808391,True,361421.0797714727,505001.03424793034,,19.087240807814943,8.06001881457751,
1555312799214362,2024,panoroma_coarse,361402.0505830572,504999.5467164507,164.80215097186715,-0.36491725174775524,20.2364739076955,prior,north,0.36491725174775524,0.46774193548387094,0.3310344827586207,False,2.810654765069637,True,361411.6973612731,505000.2618942781,,9.673252259261856,0.38333990607064033,
1555312799214362,2024,panoroma_fine,361402.0505830572,504999.5467164507,164.80215097186715,-0.36491725174775524,20.2364739076955,prior,north,0.36491725174775524,0.46774193548387094,0.3310344827586207,False,2.810654765069637,True,361412.8810821159,505002.8111265497,,11.31176746380401,3.7823185218597883,
1555312799214362,2024,panoroma_two_pass,361402.0505830572,504999.5467164507,164.80215097186715,-0.36491725174775524,20.2364739076955,prior,north,0.36491725174775524,0.46774193548387094,0.3310344827586207,False,2.810654765069637,True,361412.8810821159,505002.8111265497,,11.31176746380401,3.7823185218597883,
1626801685484071,2025,panoroma_coarse,361370.61223184236,504993.5602959525,175.96341037533338,-2.573595983101029,14.41569047560796,prior,north,2.573595983101029,0.40987654320987654,0.4333868378812199,False,3.2178861028822667,True,361365.6928737638,504991.986509607,,5.164967315131627,2.738600304064176,
1626801685484071,2025,panoroma_fine,361370.61223184236,504993.5602959525,175.96341037533338,-2.573595983101029,14.41569047560796,prior,north,2.573595983101029,0.40987654320987654,0.4333868378812199,False,3.2178861028822667,True,361368.65146859776,504993.2520164539,,1.9848498055580923,3.213270786324674,
1626801685484071,2025,panoroma_two_pass,361370.61223184236,504993.5602959525,175.96341037533338,-2.573595983101029,14.41569047560796,prior,north,2.573595983101029,0.40987654320987654,0.4333868378812199,False,3.2178861028822667,True,361368.65146859776,504993.2520164539,,1.9848498055580923,3.213270786324674,
1626801685484071,2024,panoroma_coarse,361370.61223184236,504993.5602959525,175.96341037533338,-2.573595983101029,14.41569047560796,prior,north,2.573595983101029,0.46965699208443273,0.413953488372093,False,3.5077797874929213,True,361362.98108148185,504993.3489634602,,7.634076057193557,0.12254396604170208,
1626801685484071,2024,panoroma_fine,361370.61223184236,504993.5602959525,175.96341037533338,-2.573595983101029,14.41569047560796,prior,north,2.573595983101029,0.46965699208443273,0.413953488372093,False,3.5077797874929213,True,361366.4704753404,504992.9902859758,,4.180796370933837,1.5222629575525195,
1626801685484071,2024,panoroma_two_pass,361370.61223184236,504993.5602959525,175.96341037533338,-2.573595983101029,14.41569047560796,prior,north,2.573595983101029,0.46965699208443273,0.413953488372093,False,3.5077797874929213,True,361366.4704753404,504992.9902859758,,4.180796370933837,1.5222629575525195,
1613966733737828,2025,panoroma_coarse,361336.7890929675,504998.1562380204,197.05928498559814,2.207815164005268,26.72184568245672,prior,north,-2.207815164005268,0.688588007736944,0.44308943089430897,False,3.3810578188909384,True,361329.3573686612,505000.3425205181,,7.746635226009169,0.5619887279696699,
1613966733737828,2025,panoroma_fine,361336.7890929675,504998.1562380204,197.05928498559814,2.207815164005268,26.72184568245672,prior,north,-2.207815164005268,0.688588007736944,0.44308943089430897,False,3.3810578188909384,True,361326.40131764224,505001.98365255055,,11.070455193623385,2.2067686137476765,
1613966733737828,2025,panoroma_two_pass,361336.7890929675,504998.1562380204,197.05928498559814,2.207815164005268,26.72184568245672,prior,north,-2.207815164005268,0.688588007736944,0.44308943089430897,False,3.3810578188909384,True,361326.40131764224,505001.98365255055,,11.070455193623385,2.2067686137476765,
1613966733737828,2024,panoroma_coarse,361336.7890929675,504998.1562380204,197.05928498559814,2.207815164005268,26.72184568245672,prior,north,-2.207815164005268,0.717479674796748,0.41843971631205673,False,0.5084685496526768,True,361334.2223801506,504998.5388192479,,2.595068993363175,1.1669946407894818,
1613966733737828,2024,panoroma_fine,361336.7890929675,504998.1562380204,197.05928498559814,2.207815164005268,26.72184568245672,prior,north,-2.207815164005268,0.717479674796748,0.41843971631205673,False,0.5084685496526768,True,361334.4147389609,504998.06814063777,,2.375987815101875,8.222658404923642,
1613966733737828,2024,panoroma_two_pass,361336.7890929675,504998.1562380204,197.05928498559814,2.207815164005268,26.72184568245672,prior,north,-2.207815164005268,0.717479674796748,0.41843971631205673,False,0.5084685496526768,True,361334.4147389609,504998.06814063777,,2.375987815101875,8.222658404923642,
1597169132134158,2025,panoroma_coarse,361306.71443197003,505011.736835639,207.23425306814022,-8.225999577309977,16.617344621785456,prior,north,8.225999577309977,0.6492718446601942,0.35931790499390986,False,1.6157792170329808,True,361310.9691830921,505008.8089362936,,5.1648331713391435,7.356626787476783,
1597169132134158,2025,panoroma_fine,361306.71443197003,505011.736835639,207.23425306814022,-8.225999577309977,16.617344621785456,prior,north,8.225999577309977,0.6492718446601942,0.35931790499390986,False,1.6157792170329808,True,361309.4864662466,505009.4510369354,,3.592916606866699,2.1364086577700703,
1597169132134158,2025,panoroma_two_pass,361306.71443197003,505011.736835639,207.23425306814022,-8.225999577309977,16.617344621785456,prior,north,8.225999577309977,0.6492718446601942,0.35931790499390986,False,1.6157792170329808,True,361309.4864662466,505009.4510369354,,3.592916606866699,2.1364086577700703,
1597169132134158,2024,panoroma_coarse,361306.71443197003,505011.736835639,207.23425306814022,-8.225999577309977,16.617344621785456,prior,north,8.225999577309977,0.7496503496503496,0.5202231520223152,False,4.135787930787993,True,361309.6473675194,505009.7252667125,,3.5564758515634187,6.543616627344435,
1597169132134158,2024,panoroma_fine,361306.71443197003,505011.736835639,207.23425306814022,-8.225999577309977,16.617344621785456,prior,north,8.225999577309977,0.7496503496503496,0.5202231520223152,False,4.135787930787993,True,361305.5476440238,505010.27025209577,,1.874102825558052,8.779390335209388,
1597169132134158,2024,panoroma_two_pass,361306.71443197003,505011.736835639,207.23425306814022,-8.225999577309977,16.617344621785456,prior,north,8.225999577309977,0.7496503496503496,0.5202231520223152,False,4.135787930787993,True,361305.5476440238,505010.27025209577,,1.874102825558052,8.779390335209388,
1402659124563537,2025,panoroma_coarse,361277.040160692,505027.92995291576,208.03905708647943,8.65965665409513,8.855698734088296,prior,north,-8.65965665409513,0.6817518248175183,0.4457070707070707,False,3.6161706584648714,True,361275.0552998956,505027.6605312658,,2.0030627565445203,4.019131119067477,
1402659124563537,2025,panoroma_fine,361277.040160692,505027.92995291576,208.03905708647943,8.65965665409513,8.855698734088296,prior,north,-8.65965665409513,0.6817518248175183,0.4457070707070707,False,3.6161706584648714,True,361272.3470143247,505030.05675318744,,5.152562684796742,7.1199829338417135,
1402659124563537,2025,panoroma_two_pass,361277.040160692,505027.92995291576,208.03905708647943,8.65965665409513,8.855698734088296,prior,north,-8.65965665409513,0.6817518248175183,0.4457070707070707,False,3.6161706584648714,True,361272.3470143247,505030.05675318744,,5.152562684796742,7.1199829338417135,
1402659124563537,2024,panoroma_coarse,361277.040160692,505027.92995291576,208.03905708647943,8.65965665409513,8.855698734088296,prior,north,-8.65965665409513,0.6727785613540197,0.41952506596306066,False,2.4937732356858544,True,361277.5115362047,505026.04003372433,,1.9478165786597916,2.8643916621909087,
1402659124563537,2024,panoroma_fine,361277.040160692,505027.92995291576,208.03905708647943,8.65965665409513,8.855698734088296,prior,north,-8.65965665409513,0.6727785613540197,0.41952506596306066,False,2.4937732356858544,True,361275.5235056885,505027.54557004664,,1.5646062091285076,7.009378696074982,
1402659124563537,2024,panoroma_two_pass,361277.040160692,505027.92995291576,208.03905708647943,8.65965665409513,8.855698734088296,prior,north,-8.65965665409513,0.6727785613540197,0.41952506596306066,False,2.4937732356858544,True,361275.5235056885,505027.54557004664,,1.5646062091285076,7.009378696074982,
1791234278691271,2025,panoroma_coarse,361248.69493693695,505043.69381941203,209.6648863003122,1.7435768371426832,16.24948713467383,prior,north,-1.7435768371426832,0.8465804066543438,0.5097001763668431,False,0.9312937958078515,True,361248.515509111,505040.64982657257,,3.0492764307994507,2.1174607936206327,
1791234278691271,2025,panoroma_fine,361248.69493693695,505043.69381941203,209.6648863003122,1.7435768371426832,16.24948713467383,prior,north,-1.7435768371426832,0.8465804066543438,0.5097001763668431,False,0.9312937958078515,True,361248.99269385834,505041.44957831595,,2.2639075249583964,3.079710739212316,
1791234278691271,2025,panoroma_two_pass,361248.69493693695,505043.69381941203,209.6648863003122,1.7435768371426832,16.24948713467383,prior,north,-1.7435768371426832,0.8465804066543438,0.5097001763668431,False,0.9312937958078515,True,361248.99269385834,505041.44957831595,,2.2639075249583964,3.079710739212316,
1791234278691271,2024,panoroma_coarse,361248.69493693695,505043.69381941203,209.6648863003122,1.7435768371426832,16.24948713467383,prior,north,-1.7435768371426832,0.8020833333333334,0.44045676998368677,False,2.2646165694340445,True,361247.7579934334,505041.8455676218,,2.072172244023974,2.0746187961534344,
1791234278691271,2024,panoroma_fine,361248.69493693695,505043.69381941203,209.6648863003122,1.7435768371426832,16.24948713467383,prior,north,-1.7435768371426832,0.8020833333333334,0.44045676998368677,False,2.2646165694340445,True,361245.6768739413,505042.73855690856,,3.1656327481452062,4.998408422141369,
1791234278691271,2024,panoroma_two_pass,361248.69493693695,505043.69381941203,209.6648863003122,1.7435768371426832,16.24948713467383,prior,north,-1.7435768371426832,0.8020833333333334,0.44045676998368677,False,2.2646165694340445,True,361245.6768739413,505042.73855690856,,3.1656327481452062,4.998408422141369,
1405846657542303,2025,panoroma_coarse,361219.375578727,505062.97825993877,214.96344899372846,6.056737534159993,25.221231150621673,prior,north,-6.056737534159993,0.3383458646616541,0.367816091954023,False,4.244416515333677,True,361198.3684644968,505070.3700272282,,22.269644629884322,7.19680776178084,
1405846657542303,2025,panoroma_fine,361219.375578727,505062.97825993877,214.96344899372846,6.056737534159993,25.221231150621673,prior,north,-6.056737534159993,0.3383458646616541,0.367816091954023,False,4.244416515333677,True,361199.19686366466,505074.5328179237,,23.2527063326759,2.1965563454512,
1405846657542303,2025,panoroma_two_pass,361219.375578727,505062.97825993877,214.96344899372846,6.056737534159993,25.221231150621673,prior,north,-6.056737534159993,0.3383458646616541,0.367816091954023,False,4.244416515333677,True,361199.19686366466,505074.5328179237,,23.2527063326759,2.1965563454512,
1405846657542303,2024,panoroma_coarse,361219.375578727,505062.97825993877,214.96344899372846,6.056737534159993,25.221231150621673,prior,north,-6.056737534159993,0.39123630672926446,0.38697318007662834,False,1.8380407368633713,True,361210.15305468463,505063.9655824885,,9.27522266735936,5.684944197626574,
1405846657542303,2024,panoroma_fine,361219.375578727,505062.97825993877,214.96344899372846,6.056737534159993,25.221231150621673,prior,north,-6.056737534159993,0.39123630672926446,0.38697318007662834,False,1.8380407368633713,True,361209.59698222,505065.71748921106,,10.155014852400505,10.202378936929543,
1405846657542303,2024,panoroma_two_pass,361219.375578727,505062.97825993877,214.96344899372846,6.056737534159993,25.221231150621673,prior,north,-6.056737534159993,0.39123630672926446,0.38697318007662834,False,1.8380407368633713,True,361209.59698222,505065.71748921106,,10.155014852400505,10.202378936929543,
1998492840812168,2025,panoroma_coarse,361193.17285884917,505080.8191491077,211.75623618199398,1.3895225455157458,10.470201063665568,prior,north,-1.3895225455157458,0.4590443686006826,0.398422090729783,False,2.399570960809426,True,361182.2929154321,505083.0318285458,,11.102662701129077,1.1483994337711565,
1998492840812168,2025,panoroma_fine,361193.17285884917,505080.8191491077,211.75623618199398,1.3895225455157458,10.470201063665568,prior,north,-1.3895225455157458,0.4590443686006826,0.398422090729783,False,2.399570960809426,True,361184.6051890076,505083.6731800157,,9.030529272321072,1.170410030982848,
1998492840812168,2025,panoroma_two_pass,361193.17285884917,505080.8191491077,211.75623618199398,1.3895225455157458,10.470201063665568,prior,north,-1.3895225455157458,0.4590443686006826,0.398422090729783,False,2.399570960809426,True,361184.6051890076,505083.6731800157,,9.030529272321072,1.170410030982848,
1998492840812168,2024,panoroma_coarse,361193.17285884917,505080.8191491077,211.75623618199398,1.3895225455157458,10.470201063665568,prior,north,-1.3895225455157458,0.6666666666666666,0.44609665427509293,False,3.6793572221329613,True,361191.8182221009,505077.9403421374,,3.181598700613318,5.27034236496886,
1998492840812168,2024,panoroma_fine,361193.17285884917,505080.8191491077,211.75623618199398,1.3895225455157458,10.470201063665568,prior,north,-1.3895225455157458,0.6666666666666666,0.44609665427509293,False,3.6793572221329613,True,361189.7332620668,505080.97194422607,,3.442988872123502,3.943936354230207,
1998492840812168,2024,panoroma_two_pass,361193.17285884917,505080.8191491077,211.75623618199398,1.3895225455157458,10.470201063665568,prior,north,-1.3895225455157458,0.6666666666666666,0.44609665427509293,False,3.6793572221329613,True,361189.7332620668,505080.97194422607,,3.442988872123502,3.943936354230207,
1805068834011537,2025,panoroma_coarse,361163.0245726018,505098.3813070329,208.45031946885874,8.009280813364882,21.666892470989286,prior,north,-8.009280813364882,0.5070422535211268,0.43621399176954734,False,1.0515034076956526,True,361154.74639736087,505099.8841639495,,8.413487043492932,8.019469203949555,
1805068834011537,2025,panoroma_fine,361163.0245726018,505098.3813070329,208.45031946885874,8.009280813364882,21.666892470989286,prior,north,-8.009280813364882,0.5070422535211268,0.43621399176954734,False,1.0515034076956526,True,361155.3223077132,505100.7639290787,,8.062367656387536,8.098748194906596,
1805068834011537,2025,panoroma_two_pass,361163.0245726018,505098.3813070329,208.45031946885874,8.009280813364882,21.666892470989286,prior,north,-8.009280813364882,0.5070422535211268,0.43621399176954734,False,1.0515034076956526,True,361155.3223077132,505100.7639290787,,8.062367656387536,8.098748194906596,
1805068834011537,2024,panoroma_coarse,361163.0245726018,505098.3813070329,208.45031946885874,8.009280813364882,21.666892470989286,prior,north,-8.009280813364882,0.42585551330798477,0.46613545816733065,False,3.972599000933487,True,361155.5884714744,505102.3417840177,,8.42502094498118,3.0104370361419543,
1805068834011537,2024,panoroma_fine,361163.0245726018,505098.3813070329,208.45031946885874,8.009280813364882,21.666892470989286,prior,north,-8.009280813364882,0.42585551330798477,0.46613545816733065,False,3.972599000933487,True,361151.7544121402,505103.3817512499,,12.329677984343318,3.507553022689216,
1805068834011537,2024,panoroma_two_pass,361163.0245726018,505098.3813070329,208.45031946885874,8.009280813364882,21.666892470989286,prior,north,-8.009280813364882,0.42585551330798477,0.46613545816733065,False,3.972599000933487,True,361151.7544121402,505103.3817512499,,12.329677984343318,3.507553022689216,
1577342996632443,2025,panoroma_coarse,361134.2897713471,505114.6866960563,208.9614748458836,-9.746158045026704,19.367283357091466,prior,north,9.746158045026704,0.5533453887884268,0.4226579520697168,False,3.6948427331819866,True,361131.39283227344,505110.566843142,,5.036411821108257,2.48506970758051,
1577342996632443,2025,panoroma_fine,361134.2897713471,505114.6866960563,208.9614748458836,-9.746158045026704,19.367283357091466,prior,north,9.746158045026704,0.5533453887884268,0.4226579520697168,False,3.6948427331819866,True,361135.08729507634,505110.5138580394,,4.248366887859187,6.661924475396992,
1577342996632443,2025,panoroma_two_pass,361134.2897713471,505114.6866960563,208.9614748458836,-9.746158045026704,19.367283357091466,prior,north,9.746158045026704,0.5533453887884268,0.4226579520697168,False,3.6948427331819866,True,361135.08729507634,505110.5138580394,,4.248366887859187,6.661924475396992,
1577342996632443,2024,panoroma_coarse,361134.2897713471,505114.6866960563,208.9614748458836,-9.746158045026704,19.367283357091466,prior,north,9.746158045026704,0.4470404984423676,0.3448905109489051,False,3.0534913137088178,True,361114.7901872213,505117.6942806968,,19.73016336596317,5.35429072369788,
1577342996632443,2024,panoroma_fine,361134.2897713471,505114.6866960563,208.9614748458836,-9.746158045026704,19.367283357091466,prior,north,9.746158045026704,0.4470404984423676,0.3448905109489051,False,3.0534913137088178,True,361117.8433988897,505117.73560515355,,16.726595998290687,0.23284181388679145,
1577342996632443,2024,panoroma_two_pass,361134.2897713471,505114.6866960563,208.9614748458836,-9.746158045026704,19.367283357091466,prior,north,9.746158045026704,0.4470404984423676,0.3448905109489051,False,3.0534913137088178,True,361117.8433988897,505117.73560515355,,16.726595998290687,0.23284181388679145,
1627218468984037,2025,panoroma_coarse,361104.2994642516,505131.69463421684,208.56185229796802,-9.51871752746277,17.942895650688364,prior,north,9.51871752746277,0.676416819012797,0.348747591522158,False,4.385716537857994,True,361106.9960069941,505132.63428280264,,2.8555703855553576,8.462902869438851,
1627218468984037,2025,panoroma_fine,361104.2994642516,505131.69463421684,208.56185229796802,-9.51871752746277,17.942895650688364,prior,north,9.51871752746277,0.676416819012797,0.348747591522158,False,4.385716537857994,True,361107.5900839942,505128.2889885585,,4.73567319822272,13.834964585913657,
1627218468984037,2025,panoroma_two_pass,361104.2994642516,505131.69463421684,208.56185229796802,-9.51871752746277,17.942895650688364,prior,north,9.51871752746277,0.676416819012797,0.348747591522158,False,4.385716537857994,True,361107.5900839942,505128.2889885585,,4.73567319822272,13.834964585913657,
1627218468984037,2024,panoroma_coarse,361104.2994642516,505131.69463421684,208.56185229796802,-9.51871752746277,17.942895650688364,prior,north,9.51871752746277,0.7566539923954373,0.3063583815028902,False,3.7985371953315914,True,361106.51011591393,505131.1655215851,,2.273090616138887,9.128870580142998,
1627218468984037,2024,panoroma_fine,361104.2994642516,505131.69463421684,208.56185229796802,-9.51871752746277,17.942895650688364,prior,north,9.51871752746277,0.7566539923954373,0.3063583815028902,False,3.7985371953315914,True,361107.3675089377,505127.465013238,,5.225188209090134,8.666332160450049,
1627218468984037,2024,panoroma_two_pass,361104.2994642516,505131.69463421684,208.56185229796802,-9.51871752746277,17.942895650688364,prior,north,9.51871752746277,0.7566539923954373,0.3063583815028902,False,3.7985371953315914,True,361107.3675089377,505127.465013238,,5.225188209090134,8.666332160450049,
2978326649172208,2025,panoroma_coarse,361076.50747162476,505147.5510879224,209.39059915242893,-2.7639669859896685,12.22159616334029,prior,north,2.7639669859896685,0.7215189873417721,0.43759873617693523,False,2.95974810205839,True,361077.27732510515,505141.4596998851,,6.139843858143232,0.03945052106435594,
2978326649172208,2025,panoroma_fine,361076.50747162476,505147.5510879224,209.39059915242893,-2.7639669859896685,12.22159616334029,prior,north,2.7639669859896685,0.7215189873417721,0.43759873617693523,False,2.95974810205839,True,361080.21125911723,505141.84975121566,,6.798770626605217,3.943949872904607,
2978326649172208,2025,panoroma_two_pass,361076.50747162476,505147.5510879224,209.39059915242893,-2.7639669859896685,12.22159616334029,prior,north,2.7639669859896685,0.7215189873417721,0.43759873617693523,False,2.95974810205839,True,361080.21125911723,505141.84975121566,,6.798770626605217,3.943949872904607,
2978326649172208,2024,panoroma_coarse,361076.50747162476,505147.5510879224,209.39059915242893,-2.7639669859896685,12.22159616334029,prior,north,2.7639669859896685,0.7290969899665551,0.6256410256410256,False,2.1958200842990916,True,361078.6510173416,505140.69790989725,,7.180587530608513,2.152066293242429,
2978326649172208,2024,panoroma_fine,361076.50747162476,505147.5510879224,209.39059915242893,-2.7639669859896685,12.22159616334029,prior,north,2.7639669859896685,0.7290969899665551,0.6256410256410256,False,2.1958200842990916,True,361080.8395957973,505140.519724079,,8.258775777605708,4.444231004743648,
2978326649172208,2024,panoroma_two_pass,361076.50747162476,505147.5510879224,209.39059915242893,-2.7639669859896685,12.22159616334029,prior,north,2.7639669859896685,0.7290969899665551,0.6256410256410256,False,2.1958200842990916,True,361080.8395957973,505140.519724079,,8.258775777605708,4.444231004743648,
3754424991393145,2025,panoroma_coarse,361046.96864898404,505164.47608940955,209.01011630305157,-7.323402347842261,4.324208453072117,prior,north,7.323402347842261,0.64,0.4396694214876033,False,0.8526611215513468,True,361047.08833677386,505161.66255691403,,2.8160771066129384,8.056431266831126,
3754424991393145,2025,panoroma_fine,361046.96864898404,505164.47608940955,209.01011630305157,-7.323402347842261,4.324208453072117,prior,north,7.323402347842261,0.64,0.4396694214876033,False,0.8526611215513468,True,361046.31201146764,505162.0151898779,,2.546998102256191,13.963900224845316,
3754424991393145,2025,panoroma_two_pass,361046.96864898404,505164.47608940955,209.01011630305157,-7.323402347842261,4.324208453072117,prior,north,7.323402347842261,0.64,0.4396694214876033,False,0.8526611215513468,True,361046.31201146764,505162.0151898779,,2.546998102256191,13.963900224845316,
3754424991393145,2024,panoroma_coarse,361046.96864898404,505164.47608940955,209.01011630305157,-7.323402347842261,4.324208453072117,prior,north,7.323402347842261,0.6886792452830188,0.3985890652557319,False,2.718603678527052,True,361049.1136341278,505157.0949209633,,7.6865212482025385,7.352047099580448,
3754424991393145,2024,panoroma_fine,361046.96864898404,505164.47608940955,209.01011630305157,-7.323402347842261,4.324208453072117,prior,north,7.323402347842261,0.6886792452830188,0.3985890652557319,False,2.718603678527052,True,361046.56403985113,505158.0385177975,,6.450274165565804,6.437525807290746,
3754424991393145,2024,panoroma_two_pass,361046.96864898404,505164.47608940955,209.01011630305157,-7.323402347842261,4.324208453072117,prior,north,7.323402347842261,0.6886792452830188,0.3985890652557319,False,2.718603678527052,True,361046.56403985113,505158.0385177975,,6.450274165565804,6.437525807290746,
1260741202845756,2025,panoroma_coarse,361019.00799381535,505180.367778033,209.07188553601975,9.974654424802111,20.2058472807065,prior,north,-9.974654424802111,0.7056737588652482,0.3625632377740304,False,4.5138757917052335,True,361019.8289960875,505175.37611348194,,5.058731038647515,3.2218857993561127,
1260741202845756,2025,panoroma_fine,361019.00799381535,505180.367778033,209.07188553601975,9.974654424802111,20.2058472807065,prior,north,-9.974654424802111,0.7056737588652482,0.3625632377740304,False,4.5138757917052335,True,361022.77552946104,505178.7956186715,,4.082402466623945,6.232606623062004,
1260741202845756,2025,panoroma_two_pass,361019.00799381535,505180.367778033,209.07188553601975,9.974654424802111,20.2058472807065,prior,north,-9.974654424802111,0.7056737588652482,0.3625632377740304,False,4.5138757917052335,True,361022.77552946104,505178.7956186715,,4.082402466623945,6.232606623062004,
1260741202845756,2024,panoroma_coarse,361019.00799381535,505180.367778033,209.07188553601975,9.974654424802111,20.2058472807065,prior,north,-9.974654424802111,0.7071713147410359,0.28983050847457625,False,1.6034501237740988,True,361016.7032817151,505172.7955283287,,7.9152172079967915,10.845030360891107,
1260741202845756,2024,panoroma_fine,361019.00799381535,505180.367778033,209.07188553601975,9.974654424802111,20.2058472807065,prior,north,-9.974654424802111,0.7071713147410359,0.28983050847457625,False,1.6034501237740988,True,361016.3837507182,505174.3668183215,,6.549669403256371,8.56277192857367,
1260741202845756,2024,panoroma_two_pass,361019.00799381535,505180.367778033,209.07188553601975,9.974654424802111,20.2058472807065,prior,north,-9.974654424802111,0.7071713147410359,0.28983050847457625,False,1.6034501237740988,True,361016.3837507182,505174.3668183215,,6.549669403256371,8.56277192857367,
1556200629076514,2025,panoroma_coarse,360989.4216288107,505197.2621762613,208.21983132523448,3.866426053039504,23.963388304667205,prior,north,-3.866426053039504,0.47435897435897434,0.3890977443609023,False,1.9130754261335274,True,360976.34014200943,505235.48399149434,,40.39842146225473,5.318542487854327,
1556200629076514,2025,panoroma_fine,360989.4216288107,505197.2621762613,208.21983132523448,3.866426053039504,23.963388304667205,prior,north,-3.866426053039504,0.47435897435897434,0.3890977443609023,False,1.9130754261335274,True,360974.66003914014,505236.39892970794,,41.82810060170184,0.2736682465511878,
1556200629076514,2025,panoroma_two_pass,360989.4216288107,505197.2621762613,208.21983132523448,3.866426053039504,23.963388304667205,prior,north,-3.866426053039504,0.47435897435897434,0.3890977443609023,False,1.9130754261335274,True,360974.66003914014,505236.39892970794,,41.82810060170184,0.2736682465511878,
1556200629076514,2024,panoroma_coarse,360989.4216288107,505197.2621762613,208.21983132523448,3.866426053039504,23.963388304667205,prior,north,-3.866426053039504,0.5142002989536621,0.3345132743362832,False,4.04395774268797,True,360975.11572252563,505206.6001960365,,17.08383937994093,9.251850226588411,
1556200629076514,2024,panoroma_fine,360989.4216288107,505197.2621762613,208.21983132523448,3.866426053039504,23.963388304667205,prior,north,-3.866426053039504,0.5142002989536621,0.3345132743362832,False,4.04395774268797,True,360972.02871586615,505209.2124716937,,21.102677119704374,1.8704151859242326,
1556200629076514,2024,panoroma_two_pass,360989.4216288107,505197.2621762613,208.21983132523448,3.866426053039504,23.963388304667205,prior,north,-3.866426053039504,0.5142002989536621,0.3345132743362832,False,4.04395774268797,True,360972.02871586615,505209.2124716937,,21.102677119704374,1.8704151859242326,
1058757126920400,2025,panoroma_coarse,360824.89545035467,505384.04269541893,252.00850508478257,-4.616044715374443,15.673634989496275,prior,north,4.616044715374443,0.6510204081632653,0.3037300177619893,False,3.3883406933601514,True,360816.2454235327,505413.05458216247,,30.27395805706815,2.0051242464360524,
1058757126920400,2025,panoroma_fine,360824.89545035467,505384.04269541893,252.00850508478257,-4.616044715374443,15.673634989496275,prior,north,4.616044715374443,0.6510204081632653,0.3037300177619893,False,3.3883406933601514,True,360819.4113619759,505411.8472353077,,28.340212839202323,10.702359445859988,
1058757126920400,2025,panoroma_two_pass,360824.89545035467,505384.04269541893,252.00850508478257,-4.616044715374443,15.673634989496275,prior,north,4.616044715374443,0.6510204081632653,0.3037300177619893,False,3.3883406933601514,True,360819.4113619759,505411.8472353077,,28.340212839202323,10.702359445859988,
1058757126920400,2024,panoroma_coarse,360824.89545035467,505384.04269541893,252.00850508478257,-4.616044715374443,15.673634989496275,prior,north,4.616044715374443,0.6389452332657201,0.3680851063829787,False,4.353761817606588,True,360816.87264087785,505409.11112037854,,26.320930869879263,3.864152068459805,
1058757126920400,2024,panoroma_fine,360824.89545035467,505384.04269541893,252.00850508478257,-4.616044715374443,15.673634989496275,prior,north,4.616044715374443,0.6389452332657201,0.3680851063829787,False,4.353761817606588,True,360812.6972980338,505407.87752640183,,26.774877927388548,5.808615410182513,
1058757126920400,2024,panoroma_two_pass,360824.89545035467,505384.04269541893,252.00850508478257,-4.616044715374443,15.673634989496275,prior,north,4.616044715374443,0.6389452332657201,0.3680851063829787,False,4.353761817606588,True,360812.6972980338,505407.87752640183,,26.774877927388548,5.808615410182513,
1100362855725571,2025,panoroma_coarse,360978.4813495051,505203.05984292924,206.0181185359829,-3.755703873765384,9.067933293211542,prior,north,3.755703873765384,0.5923460898502496,0.36082474226804123,False,4.5427401395150016,True,360977.82934816333,505200.14452471543,,2.987337616911708,0.3455925774125567,
1100362855725571,2025,panoroma_fine,360978.4813495051,505203.05984292924,206.0181185359829,-3.755703873765384,9.067933293211542,prior,north,3.755703873765384,0.5923460898502496,0.36082474226804123,False,4.5427401395150016,True,360979.00358117645,505195.75616912293,,7.3223204646858315,2.007185252042105,
1100362855725571,2025,panoroma_two_pass,360978.4813495051,505203.05984292924,206.0181185359829,-3.755703873765384,9.067933293211542,prior,north,3.755703873765384,0.5923460898502496,0.36082474226804123,False,4.5427401395150016,True,360979.00358117645,505195.75616912293,,7.3223204646858315,2.007185252042105,
1100362855725571,2024,panoroma_coarse,360978.4813495051,505203.05984292924,206.0181185359829,-3.755703873765384,9.067933293211542,prior,north,3.755703873765384,0.6741996233521658,0.34946236559139787,False,1.107149378377213,True,360978.407323204,505194.79706755275,,8.263106971091688,0.5286948900677383,
1100362855725571,2024,panoroma_fine,360978.4813495051,505203.05984292924,206.0181185359829,-3.755703873765384,9.067933293211542,prior,north,3.755703873765384,0.6741996233521658,0.34946236559139787,False,1.107149378377213,True,360979.39948129805,505194.30574071413,,8.802117448768431,1.087535060474794,
1100362855725571,2024,panoroma_two_pass,360978.4813495051,505203.05984292924,206.0181185359829,-3.755703873765384,9.067933293211542,prior,north,3.755703873765384,0.6741996233521658,0.34946236559139787,False,1.107149378377213,True,360979.39948129805,505194.30574071413,,8.802117448768431,1.087535060474794,
1041328292272541,2025,panoroma_coarse,360824.0357951551,505387.0502379555,253.4884275094645,0.2674387768103088,21.200510305914783,prior,north,-0.2674387768103088,0.5437062937062938,0.4175365344467641,False,0.7544189098685199,True,360810.9198333837,505410.89548596315,,27.214413565863957,6.478774627431855,
1041328292272541,2025,panoroma_fine,360824.0357951551,505387.0502379555,253.4884275094645,0.2674387768103088,21.200510305914783,prior,north,-0.2674387768103088,0.5437062937062938,0.4175365344467641,False,0.7544189098685199,True,360810.3679136754,505411.40981322,,27.93205848497237,2.572049038748523,
1041328292272541,2025,panoroma_two_pass,360824.0357951551,505387.0502379555,253.4884275094645,0.2674387768103088,21.200510305914783,prior,north,-0.2674387768103088,0.5437062937062938,0.4175365344467641,False,0.7544189098685199,True,360810.3679136754,505411.40981322,,27.93205848497237,2.572049038748523,
1041328292272541,2024,panoroma_coarse,360824.0357951551,505387.0502379555,253.4884275094645,0.2674387768103088,21.200510305914783,prior,north,-0.2674387768103088,0.5789473684210527,0.23693379790940766,False,2.2007556941888526,True,360811.3765846957,505410.9262272836,,27.024405189562795,5.71662290021995,
1041328292272541,2024,panoroma_fine,360824.0357951551,505387.0502379555,253.4884275094645,0.2674387768103088,21.200510305914783,prior,north,-0.2674387768103088,0.5789473684210527,0.23693379790940766,False,2.2007556941888526,True,360810.1107204599,505412.7264809774,,29.209196513840116,3.624099767158316,
1041328292272541,2024,panoroma_two_pass,360824.0357951551,505387.0502379555,253.4884275094645,0.2674387768103088,21.200510305914783,prior,north,-0.2674387768103088,0.5789473684210527,0.23693379790940766,False,2.2007556941888526,True,360810.1107204599,505412.7264809774,,29.209196513840116,3.624099767158316,
1978181079545268,2025,panoroma_coarse,360981.2749126579,505201.62867444754,206.61423474529838,9.644586374877946,12.953828725393263,prior,north,-9.644586374877946,0.6861702127659575,0.4576271186440678,False,0.4339524976955575,True,360981.24078227003,505195.7757579578,,5.853016001986777,11.56204021401298,
1978181079545268,2025,panoroma_fine,360981.2749126579,505201.62867444754,206.61423474529838,9.644586374877946,12.953828725393263,prior,north,-9.644586374877946,0.6861702127659575,0.4576271186440678,False,0.4339524976955575,True,360981.44140158367,505195.39096364746,,6.239932258272828,11.625094094289203,
1978181079545268,2025,panoroma_two_pass,360981.2749126579,505201.62867444754,206.61423474529838,9.644586374877946,12.953828725393263,prior,north,-9.644586374877946,0.6861702127659575,0.4576271186440678,False,0.4339524976955575,True,360981.44140158367,505195.39096364746,,6.239932258272828,11.625094094289203,
1978181079545268,2024,panoroma_coarse,360981.2749126579,505201.62867444754,206.61423474529838,9.644586374877946,12.953828725393263,prior,north,-9.644586374877946,0.7099099099099099,0.4722792607802875,False,0.9819278263756742,True,360982.01982016274,505194.8344207646,,6.834966737228854,10.597731430451296,
1978181079545268,2024,panoroma_fine,360981.2749126579,505201.62867444754,206.61423474529838,9.644586374877946,12.953828725393263,prior,north,-9.644586374877946,0.7099099099099099,0.4722792607802875,False,0.9819278263756742,True,360981.0410094734,505194.7562421831,,6.876411559023105,3.2009892702678595,
1978181079545268,2024,panoroma_two_pass,360981.2749126579,505201.62867444754,206.61423474529838,9.644586374877946,12.953828725393263,prior,north,-9.644586374877946,0.7099099099099099,0.4722792607802875,False,0.9819278263756742,True,360981.0410094734,505194.7562421831,,6.876411559023105,3.2009892702678595,
1624858092548608,2025,panoroma_coarse,360823.1726704277,505390.1981357848,254.17234934972836,7.1797413139955495,23.853490713467735,prior,north,-7.1797413139955495,0.583904109589041,0.2908805031446541,False,3.7063349965869876,True,360809.94880204106,505414.56488369394,,27.72380022243327,10.367703041337789,
1624858092548608,2025,panoroma_fine,360823.1726704277,505390.1981357848,254.17234934972836,7.1797413139955495,23.853490713467735,prior,north,-7.1797413139955495,0.583904109589041,0.2908805031446541,False,3.7063349965869876,True,360809.4370910547,505418.2357243298,,31.221347058196628,1.6135577454277663,
1624858092548608,2025,panoroma_two_pass,360823.1726704277,505390.1981357848,254.17234934972836,7.1797413139955495,23.853490713467735,prior,north,-7.1797413139955495,0.583904109589041,0.2908805031446541,False,3.7063349965869876,True,360809.4370910547,505418.2357243298,,31.221347058196628,1.6135577454277663,
1624858092548608,2024,panoroma_coarse,360823.1726704277,505390.1981357848,254.17234934972836,7.1797413139955495,23.853490713467735,prior,north,-7.1797413139955495,0.5786713286713286,0.335676625659051,False,3.420733438920082,True,360811.59779360675,505415.3413908348,,27.679614302351933,7.5000879746844475,
1624858092548608,2024,panoroma_fine,360823.1726704277,505390.1981357848,254.17234934972836,7.1797413139955495,23.853490713467735,prior,north,-7.1797413139955495,0.5786713286713286,0.335676625659051,False,3.420733438920082,True,360809.2025983564,505417.78361461096,,30.92121530186803,0.18555856643015506,
1624858092548608,2024,panoroma_two_pass,360823.1726704277,505390.1981357848,254.17234934972836,7.1797413139955495,23.853490713467735,prior,north,-7.1797413139955495,0.5786713286713286,0.335676625659051,False,3.420733438920082,True,360809.2025983564,505417.78361461096,,30.92121530186803,0.18555856643015506,
1132747332749947,2025,panoroma_coarse,360984.0406199746,505200.1745466972,207.17550998792115,-8.78091025217077,21.611662427442003,prior,north,8.78091025217077,0.671957671957672,0.44731977818853974,False,1.8348814572446697,True,360986.6090070648,505191.76834959403,,8.789810122063212,5.908960250842128,
1132747332749947,2025,panoroma_fine,360984.0406199746,505200.1745466972,207.17550998792115,-8.78091025217077,21.611662427442003,prior,north,8.78091025217077,0.671957671957672,0.44731977818853974,False,1.8348814572446697,True,360984.9369476418,505192.52399980946,,7.702874201754843,8.650568103972184,
1132747332749947,2025,panoroma_two_pass,360984.0406199746,505200.1745466972,207.17550998792115,-8.78091025217077,21.611662427442003,prior,north,8.78091025217077,0.671957671957672,0.44731977818853974,False,1.8348814572446697,True,360984.9369476418,505192.52399980946,,7.702874201754843,8.650568103972184,
1132747332749947,2024,panoroma_coarse,360984.0406199746,505200.1745466972,207.17550998792115,-8.78091025217077,21.611662427442003,prior,north,8.78091025217077,0.779296875,0.4541984732824427,False,2.811390673330098,True,360986.8226479546,505191.1417399536,,9.45152248838394,9.035166039439812,
1132747332749947,2024,panoroma_fine,360984.0406199746,505200.1745466972,207.17550998792115,-8.78091025217077,21.611662427442003,prior,north,8.78091025217077,0.779296875,0.4541984732824427,False,2.811390673330098,True,360984.2109075524,505192.1822828837,,7.994077728154678,8.066249997973491,
1132747332749947,2024,panoroma_two_pass,360984.0406199746,505200.1745466972,207.17550998792115,-8.78091025217077,21.611662427442003,prior,north,8.78091025217077,0.779296875,0.4541984732824427,False,2.811390673330098,True,360984.2109075524,505192.1822828837,,7.994077728154678,8.066249997973491,
1999264247459733,2025,panoroma_coarse,360822.3839241866,505393.22124050464,254.44886624505065,4.525898695169161,16.108094445687676,prior,north,-4.525898695169161,0.5051948051948052,0.3271317829457364,False,4.023570666841905,True,360809.3416074105,505411.0124555206,,22.059677210513005,11.649237575681669,
1999264247459733,2025,panoroma_fine,360822.3839241866,505393.22124050464,254.44886624505065,4.525898695169161,16.108094445687676,prior,north,-4.525898695169161,0.5051948051948052,0.3271317829457364,False,4.023570666841905,True,360809.28294682066,505415.03559855145,,25.44605715894618,3.8990196339586936,
1999264247459733,2025,panoroma_two_pass,360822.3839241866,505393.22124050464,254.44886624505065,4.525898695169161,16.108094445687676,prior,north,-4.525898695169161,0.5051948051948052,0.3271317829457364,False,4.023570666841905,True,360809.28294682066,505415.03559855145,,25.44605715894618,3.8990196339586936,
1999264247459733,2024,panoroma_coarse,360822.3839241866,505393.22124050464,254.44886624505065,4.525898695169161,16.108094445687676,prior,north,-4.525898695169161,0.4889753566796368,0.297427652733119,False,1.8865451675643246,True,360810.4740292469,505411.96934175194,,22.21118857363069,14.736219613282477,
1999264247459733,2024,panoroma_fine,360822.3839241866,505393.22124050464,254.44886624505065,4.525898695169161,16.108094445687676,prior,north,-4.525898695169161,0.4889753566796368,0.297427652733119,False,1.8865451675643246,True,360811.6814242742,505410.519772879,,20.34165004814798,5.769377509781825,
1999264247459733,2024,panoroma_two_pass,360822.3839241866,505393.22124050464,254.44886624505065,4.525898695169161,16.108094445687676,prior,north,-4.525898695169161,0.4889753566796368,0.297427652733119,False,1.8865451675643246,True,360811.6814242742,505410.519772879,,20.34165004814798,5.769377509781825,
1069879799117962,2025,panoroma_coarse,360820.8094764566,505399.36092613544,254.80554887126746,5.634211228274609,10.055771934509213,prior,north,-5.634211228274609,0.5821917808219178,0.34501845018450183,False,1.8462412247375777,True,360817.5894111433,505383.46450235386,,16.219282032992933,5.064688750384351,
1069879799117962,2025,panoroma_fine,360820.8094764566,505399.36092613544,254.80554887126746,5.634211228274609,10.055771934509213,prior,north,-5.634211228274609,0.5821917808219178,0.34501845018450183,False,1.8462412247375777,True,360819.43523798406,505383.50361672096,,15.916745686415565,3.926014062560441,
1069879799117962,2025,panoroma_two_pass,360820.8094764566,505399.36092613544,254.80554887126746,5.634211228274609,10.055771934509213,prior,north,-5.634211228274609,0.5821917808219178,0.34501845018450183,False,1.8462412247375777,True,360819.43523798406,505383.50361672096,,15.916745686415565,3.926014062560441,
1069879799117962,2024,panoroma_coarse,360820.8094764566,505399.36092613544,254.80554887126746,5.634211228274609,10.055771934509213,prior,north,-5.634211228274609,0.6943942133815552,0.4369918699186992,False,2.7881323293187483,True,360815.71253716486,505383.92569533037,,16.25500354197516,7.940714098987959,
1069879799117962,2024,panoroma_fine,360820.8094764566,505399.36092613544,254.80554887126746,5.634211228274609,10.055771934509213,prior,north,-5.634211228274609,0.6943942133815552,0.4369918699186992,False,2.7881323293187483,True,360818.1801765253,505385.2235542874,,14.379794883745559,4.146797666678385,
1069879799117962,2024,panoroma_two_pass,360820.8094764566,505399.36092613544,254.80554887126746,5.634211228274609,10.055771934509213,prior,north,-5.634211228274609,0.6943942133815552,0.4369918699186992,False,2.7881323293187483,True,360818.1801765253,505385.2235542874,,14.379794883745559,4.146797666678385,
946071411273849,2025,panoroma_coarse,360812.4749577944,505432.53320290986,255.0794710465457,-3.0094849031974036,27.06803760713839,prior,north,3.0094849031974036,0.6907020872865275,0.3431372549019608,False,3.308588755460106,True,360804.5442239609,505436.8158225567,,9.013177584923817,2.6350354658364554,
946071411273849,2025,panoroma_fine,360812.4749577944,505432.53320290986,255.0794710465457,-3.0094849031974036,27.06803760713839,prior,north,3.0094849031974036,0.6907020872865275,0.3431372549019608,False,3.308588755460106,True,360805.249462724,505440.04837539303,,10.425238436795043,3.3158175965232046,
946071411273849,2025,panoroma_two_pass,360812.4749577944,505432.53320290986,255.0794710465457,-3.0094849031974036,27.06803760713839,prior,north,3.0094849031974036,0.6907020872865275,0.3431372549019608,False,3.308588755460106,True,360805.249462724,505440.04837539303,,10.425238436795043,3.3158175965232046,
946071411273849,2024,panoroma_coarse,360812.4749577944,505432.53320290986,255.0794710465457,-3.0094849031974036,27.06803760713839,prior,north,3.0094849031974036,0.6918714555765595,0.3710247349823322,False,1.9088103038029542,True,360802.8178750792,505443.61545416986,,14.699508139993414,2.6820713283283104,
946071411273849,2024,panoroma_fine,360812.4749577944,505432.53320290986,255.0794710465457,-3.0094849031974036,27.06803760713839,prior,north,3.0094849031974036,0.6918714555765595,0.3710247349823322,False,1.9088103038029542,True,360804.6080021413,505444.2780263377,,14.13611929062277,2.0540781697178,
946071411273849,2024,panoroma_two_pass,360812.4749577944,505432.53320290986,255.0794710465457,-3.0094849031974036,27.06803760713839,prior,north,3.0094849031974036,0.6918714555765595,0.3710247349823322,False,1.9088103038029542,True,360804.6080021413,505444.2780263377,,14.13611929062277,2.0540781697178,
28630049443257593,2025,panoroma_coarse,360803.7528703903,505466.15015777014,254.4464986745188,-6.098766869888834,3.470913553345336,prior,north,6.098766869888834,0.6634768740031898,0.35247524752475246,False,2.085050158782247,True,360798.5905693938,505467.7944740172,,5.417852664912711,8.52073419590851,
28630049443257593,2025,panoroma_fine,360803.7528703903,505466.15015777014,254.4464986745188,-6.098766869888834,3.470913553345336,prior,north,6.098766869888834,0.6634768740031898,0.35247524752475246,False,2.085050158782247,True,360800.363833463,505466.69767471665,,3.4329791874419335,6.61229535801658,
28630049443257593,2025,panoroma_two_pass,360803.7528703903,505466.15015777014,254.4464986745188,-6.098766869888834,3.470913553345336,prior,north,6.098766869888834,0.6634768740031898,0.35247524752475246,False,2.085050158782247,True,360800.363833463,505466.69767471665,,3.4329791874419335,6.61229535801658,
28630049443257593,2024,panoroma_coarse,360803.7528703903,505466.15015777014,254.4464986745188,-6.098766869888834,3.470913553345336,prior,north,6.098766869888834,0.5690515806988353,0.34843205574912894,False,3.378605564042774,True,360801.46543837764,505450.5007832735,,15.815665251554488,0.678484293816531,
28630049443257593,2024,panoroma_fine,360803.7528703903,505466.15015777014,254.4464986745188,-6.098766869888834,3.470913553345336,prior,north,6.098766869888834,0.5690515806988353,0.34843205574912894,False,3.378605564042774,True,360803.98933164886,505448.25468926097,,17.897030678010037,10.04326516918179,
28630049443257593,2024,panoroma_two_pass,360803.7528703903,505466.15015777014,254.4464986745188,-6.098766869888834,3.470913553345336,prior,north,6.098766869888834,0.5690515806988353,0.34843205574912894,False,3.378605564042774,True,360803.98933164886,505448.25468926097,,17.897030678010037,10.04326516918179,
2325916388183213,2025,panoroma_coarse,360795.28008992714,505498.1880449727,254.86163925606502,6.214781891097573,18.240725304295992,prior,north,-6.214781891097573,0.6966666666666667,0.4163763066202091,False,4.491383110000825,True,360792.54008498415,505485.68565598514,,12.799115496165745,4.473590435740443,
2325916388183213,2025,panoroma_fine,360795.28008992714,505498.1880449727,254.86163925606502,6.214781891097573,18.240725304295992,prior,north,-6.214781891097573,0.6966666666666667,0.4163763066202091,False,4.491383110000825,True,360789.5642958623,505489.0497608204,,10.778614894334202,2.279891090958431,
2325916388183213,2025,panoroma_two_pass,360795.28008992714,505498.1880449727,254.86163925606502,6.214781891097573,18.240725304295992,prior,north,-6.214781891097573,0.6966666666666667,0.4163763066202091,False,4.491383110000825,True,360789.5642958623,505489.0497608204,,10.778614894334202,2.279891090958431,
2325916388183213,2024,panoroma_coarse,360795.28008992714,505498.1880449727,254.86163925606502,6.214781891097573,18.240725304295992,prior,north,-6.214781891097573,0.4740740740740741,0.40770465489566615,False,3.227887450728111,True,360794.7707570543,505485.8535612115,,12.344995327306663,8.236415842146322,
2325916388183213,2024,panoroma_fine,360795.28008992714,505498.1880449727,254.86163925606502,6.214781891097573,18.240725304295992,prior,north,-6.214781891097573,0.4740740740740741,0.40770465489566615,False,3.227887450728111,True,360791.54904573143,505486.0531446439,,12.695530582875199,5.640272486659763,
2325916388183213,2024,panoroma_two_pass,360795.28008992714,505498.1880449727,254.86163925606502,6.214781891097573,18.240725304295992,prior,north,-6.214781891097573,0.4740740740740741,0.40770465489566615,False,3.227887450728111,True,360791.54904573143,505486.0531446439,,12.695530582875199,5.640272486659763,
1975241993146792,2025,panoroma_coarse,360790.9305160588,505531.0259289183,275.5645292688212,-9.310324339458248,14.384811499204622,prior,north,9.310324339458248,0.634493670886076,0.3397548161120841,False,1.8702805636251107,True,360787.3939496023,505530.9836473217,,3.5368191973255336,5.91387855431481,
1975241993146792,2025,panoroma_fine,360790.9305160588,505531.0259289183,275.5645292688212,-9.310324339458248,14.384811499204622,prior,north,9.310324339458248,0.634493670886076,0.3397548161120841,False,1.8702805636251107,True,360788.5230130354,505532.474675541,,2.8097931568854473,9.03470563778447,
1975241993146792,2025,panoroma_two_pass,360790.9305160588,505531.0259289183,275.5645292688212,-9.310324339458248,14.384811499204622,prior,north,9.310324339458248,0.634493670886076,0.3397548161120841,False,1.8702805636251107,True,360788.5230130354,505532.474675541,,2.8097931568854473,9.03470563778447,
1975241993146792,2024,panoroma_coarse,360790.9305160588,505531.0259289183,275.5645292688212,-9.310324339458248,14.384811499204622,prior,north,9.310324339458248,0.5996563573883161,0.4903100775193798,False,2.15419305497066,True,360786.6559268624,505533.4796298432,,4.9287687131013875,9.410001521284926,
1975241993146792,2024,panoroma_fine,360790.9305160588,505531.0259289183,275.5645292688212,-9.310324339458248,14.384811499204622,prior,north,9.310324339458248,0.5996563573883161,0.4903100775193798,False,2.15419305497066,True,360788.0254118397,505531.8167833034,,3.0108273252201094,8.525495718313774,
1975241993146792,2024,panoroma_two_pass,360790.9305160588,505531.0259289183,275.5645292688212,-9.310324339458248,14.384811499204622,prior,north,9.310324339458248,0.5996563573883161,0.4903100775193798,False,2.15419305497066,True,360788.0254118397,505531.8167833034,,3.0108273252201094,8.525495718313774,
2266652857522078,2025,panoroma_coarse,360801.94835124625,505561.35963224806,291.8080147247711,6.541867417117373,20.22785191795692,prior,north,-6.541867417117373,0.438953488372093,0.3605150214592275,False,3.6077102155013425,True,360805.2891544348,505570.70564432465,,9.925165372959096,1.5660216974778773,
2266652857522078,2025,panoroma_fine,360801.94835124625,505561.35963224806,291.8080147247711,6.541867417117373,20.22785191795692,prior,north,-6.541867417117373,0.438953488372093,0.3605150214592275,False,3.6077102155013425,True,360802.98226199736,505573.4794179782,,12.163806048514816,2.711118241926223,
2266652857522078,2025,panoroma_two_pass,360801.94835124625,505561.35963224806,291.8080147247711,6.541867417117373,20.22785191795692,prior,north,-6.541867417117373,0.438953488372093,0.3605150214592275,False,3.6077102155013425,True,360802.98226199736,505573.4794179782,,12.163806048514816,2.711118241926223,
2266652857522078,2024,panoroma_coarse,360801.94835124625,505561.35963224806,291.8080147247711,6.541867417117373,20.22785191795692,prior,north,-6.541867417117373,0.47702702702702704,0.43010752688172044,False,4.414135400091582,True,360801.36193460773,505568.13670696877,,6.802398565507622,1.5002793452281094,
2266652857522078,2024,panoroma_fine,360801.94835124625,505561.35963224806,291.8080147247711,6.541867417117373,20.22785191795692,prior,north,-6.541867417117373,0.47702702702702704,0.43010752688172044,False,4.414135400091582,True,360803.246600653,505572.1282762377,,10.846619053770006,1.3389152694722184,
2266652857522078,2024,panoroma_two_pass,360801.94835124625,505561.35963224806,291.8080147247711,6.541867417117373,20.22785191795692,prior,north,-6.541867417117373,0.47702702702702704,0.43010752688172044,False,4.414135400091582,True,360803.246600653,505572.1282762377,,10.846619053770006,1.3389152694722184,
2664235027388592,2025,panoroma_coarse,360814.3610915972,505591.13648182247,292.5960751883997,-7.8540605103696635,19.085480397872484,prior,north,7.8540605103696635,0.6575875486381323,0.5157894736842106,False,2.6438606470971546,True,360806.7680929677,505584.9925348836,,9.767380005661154,7.783573354798743,
2664235027388592,2025,panoroma_fine,360814.3610915972,505591.13648182247,292.5960751883997,-7.8540605103696635,19.085480397872484,prior,north,7.8540605103696635,0.6575875486381323,0.5157894736842106,False,2.6438606470971546,True,360809.4118608638,505584.97038917,,7.906679672987684,4.120310127632685,
2664235027388592,2025,panoroma_two_pass,360814.3610915972,505591.13648182247,292.5960751883997,-7.8540605103696635,19.085480397872484,prior,north,7.8540605103696635,0.6575875486381323,0.5157894736842106,False,2.6438606470971546,True,360809.4118608638,505584.97038917,,7.906679672987684,4.120310127632685,
2664235027388592,2024,panoroma_coarse,360814.3610915972,505591.13648182247,292.5960751883997,-7.8540605103696635,19.085480397872484,prior,north,7.8540605103696635,0.6238185255198487,0.4854368932038835,False,1.0237430753418548,True,360808.56999311934,505584.86635938106,,8.535294781686382,5.9216314846887474,
2664235027388592,2024,panoroma_fine,360814.3610915972,505591.13648182247,292.5960751883997,-7.8540605103696635,19.085480397872484,prior,north,7.8540605103696635,0.6238185255198487,0.4854368932038835,False,1.0237430753418548,True,360809.49182148627,505585.31164844026,,7.592000747071663,3.564499046995734,
2664235027388592,2024,panoroma_two_pass,360814.3610915972,505591.13648182247,292.5960751883997,-7.8540605103696635,19.085480397872484,prior,north,7.8540605103696635,0.6238185255198487,0.4854368932038835,False,1.0237430753418548,True,360809.49182148627,505585.31164844026,,7.592000747071663,3.564499046995734,
2298332014341910,2025,panoroma_coarse,360828.7860962364,505620.79880488664,298.88369572152936,-0.596773663281283,13.629079040365383,prior,north,0.596773663281283,0.6693386773547094,0.4175365344467641,False,2.3785379042748915,True,360823.088885243,505614.5662385167,,8.444116096947754,0.3230473791451889,
2298332014341910,2025,panoroma_fine,360828.7860962364,505620.79880488664,298.88369572152936,-0.596773663281283,13.629079040365383,prior,north,0.596773663281283,0.6693386773547094,0.4175365344467641,False,2.3785379042748915,True,360823.50146210403,505616.9087207249,,6.5620204737544405,1.9638041392083834,
2298332014341910,2025,panoroma_two_pass,360828.7860962364,505620.79880488664,298.88369572152936,-0.596773663281283,13.629079040365383,prior,north,0.596773663281283,0.6693386773547094,0.4175365344467641,False,2.3785379042748915,True,360823.50146210403,505616.9087207249,,6.5620204737544405,1.9638041392083834,
2298332014341910,2024,panoroma_coarse,360828.7860962364,505620.79880488664,298.88369572152936,-0.596773663281283,13.629079040365383,prior,north,0.596773663281283,0.6646216768916156,0.4672566371681416,False,3.533595434469098,True,360825.0720475871,505613.55379928875,,8.141514814992853,0.8193957525646809,
2298332014341910,2024,panoroma_fine,360828.7860962364,505620.79880488664,298.88369572152936,-0.596773663281283,13.629079040365383,prior,north,0.596773663281283,0.6646216768916156,0.4672566371681416,False,3.533595434469098,True,360824.4587941835,505617.03377298947,,5.73594004880752,2.1946092548919136,
2298332014341910,2024,panoroma_two_pass,360828.7860962364,505620.79880488664,298.88369572152936,-0.596773663281283,13.629079040365383,prior,north,0.596773663281283,0.6646216768916156,0.4672566371681416,False,3.533595434469098,True,360824.4587941835,505617.03377298947,,5.73594004880752,2.1946092548919136,
2664985677254720,2025,panoroma_coarse,360846.2640029569,505652.54278573673,296.3486771705366,-6.696610376305955,16.315075646700098,prior,north,6.696610376305955,0.5726092089728453,0.3902439024390244,False,2.1744667493073253,True,360842.52184661146,505646.9274947031,,6.747979512883464,2.361475760913445,
2664985677254720,2025,panoroma_fine,360846.2640029569,505652.54278573673,296.3486771705366,-6.696610376305955,16.315075646700098,prior,north,6.696610376305955,0.5726092089728453,0.3902439024390244,False,2.1744667493073253,True,360841.9431607829,505649.02354535984,,5.5726770876236955,10.281428813389477,
2664985677254720,2025,panoroma_two_pass,360846.2640029569,505652.54278573673,296.3486771705366,-6.696610376305955,16.315075646700098,prior,north,6.696610376305955,0.5726092089728453,0.3902439024390244,False,2.1744667493073253,True,360841.9431607829,505649.02354535984,,5.5726770876236955,10.281428813389477,
2664985677254720,2024,panoroma_coarse,360846.2640029569,505652.54278573673,296.3486771705366,-6.696610376305955,16.315075646700098,prior,north,6.696610376305955,0.6574585635359116,0.3854166666666667,False,2.66312966521281,True,360842.30216237926,505647.4785395354,,6.429834395239393,4.75293446761162,
2664985677254720,2024,panoroma_fine,360846.2640029569,505652.54278573673,296.3486771705366,-6.696610376305955,16.315075646700098,prior,north,6.696610376305955,0.6574585635359116,0.3854166666666667,False,2.66312966521281,True,360840.5883786054,505649.5169714794,,6.431816516324386,5.848658650653454,
2664985677254720,2024,panoroma_two_pass,360846.2640029569,505652.54278573673,296.3486771705366,-6.696610376305955,16.315075646700098,prior,north,6.696610376305955,0.6574585635359116,0.3854166666666667,False,2.66312966521281,True,360840.5883786054,505649.5169714794,,6.431816516324386,5.848658650653454,
2190862265201212,2025,panoroma_coarse,360858.074267425,505681.2016031267,287.6809987164796,-6.584251183212814,19.459667173620172,prior,north,6.584251183212814,0.41719342604298354,0.33448275862068966,False,2.798589161361424,True,360843.29623792507,505664.61168771994,,22.217458205306848,6.680542543647883,
2190862265201212,2025,panoroma_fine,360858.074267425,505681.2016031267,287.6809987164796,-6.584251183212814,19.459667173620172,prior,north,6.584251183212814,0.41719342604298354,0.33448275862068966,False,2.798589161361424,True,360846.0885951867,505664.79834842106,,20.31558770851007,5.113619411654915,
2190862265201212,2025,panoroma_two_pass,360858.074267425,505681.2016031267,287.6809987164796,-6.584251183212814,19.459667173620172,prior,north,6.584251183212814,0.41719342604298354,0.33448275862068966,False,2.798589161361424,True,360846.0885951867,505664.79834842106,,20.31558770851007,5.113619411654915,
2190862265201212,2024,panoroma_coarse,360858.074267425,505681.2016031267,287.6809987164796,-6.584251183212814,19.459667173620172,prior,north,6.584251183212814,0.47889374090247455,0.4338235294117647,False,3.788822855560174,True,360848.0274437181,505672.3599876921,,13.383304154465618,10.578244489879598,
2190862265201212,2024,panoroma_fine,360858.074267425,505681.2016031267,287.6809987164796,-6.584251183212814,19.459667173620172,prior,north,6.584251183212814,0.47889374090247455,0.4338235294117647,False,3.788822855560174,True,360849.8919040692,505675.65831548505,,9.883274152017973,4.663767819399483,
2190862265201212,2024,panoroma_two_pass,360858.074267425,505681.2016031267,287.6809987164796,-6.584251183212814,19.459667173620172,prior,north,6.584251183212814,0.47889374090247455,0.4338235294117647,False,3.788822855560174,True,360849.8919040692,505675.65831548505,,9.883274152017973,4.663767819399483,
1803778274142674,2025,panoroma_coarse,360866.5628902905,505714.5663897488,280.4521159059846,-9.689798420543354,25.618785417139208,prior,north,9.689798420543354,0.7717206132879046,0.3615733736762481,False,2.3470088329654226,True,360860.2399672026,505711.33991063683,,7.098557870154233,5.34981649187938,
1803778274142674,2025,panoroma_fine,360866.5628902905,505714.5663897488,280.4521159059846,-9.689798420543354,25.618785417139208,prior,north,9.689798420543354,0.7717206132879046,0.3615733736762481,False,2.3470088329654226,True,360859.4511262322,505713.5503812622,,7.183972526796035,3.8082671593092354,
1803778274142674,2025,panoroma_two_pass,360866.5628902905,505714.5663897488,280.4521159059846,-9.689798420543354,25.618785417139208,prior,north,9.689798420543354,0.7717206132879046,0.3615733736762481,False,2.3470088329654226,True,360859.4511262322,505713.5503812622,,7.183972526796035,3.8082671593092354,
1803778274142674,2024,panoroma_coarse,360866.5628902905,505714.5663897488,280.4521159059846,-9.689798420543354,25.618785417139208,prior,north,9.689798420543354,0.7201365187713311,0.4379905808477237,False,1.944079040502682,True,360860.33457280265,505711.8065627688,,6.812384581720619,8.164475260569422,
1803778274142674,2024,panoroma_fine,360866.5628902905,505714.5663897488,280.4521159059846,-9.689798420543354,25.618785417139208,prior,north,9.689798420543354,0.7201365187713311,0.4379905808477237,False,1.944079040502682,True,360859.8481820519,505713.68881337735,,6.771812683277707,7.927803139524807,
1803778274142674,2024,panoroma_two_pass,360866.5628902905,505714.5663897488,280.4521159059846,-9.689798420543354,25.618785417139208,prior,north,9.689798420543354,0.7201365187713311,0.4379905808477237,False,1.944079040502682,True,360859.8481820519,505713.68881337735,,6.771812683277707,7.927803139524807,
1595260398958253,2025,panoroma_coarse,360876.16708211036,505747.10174129903,294.28648085219186,-7.6361577110843655,23.198029424040953,prior,north,7.6361577110843655,0.6298600311041991,0.43333333333333335,False,1.4682206467531345,True,360867.68402607925,505749.56155416195,,8.832492227423803,8.505925821901052,
1595260398958253,2025,panoroma_fine,360876.16708211036,505747.10174129903,294.28648085219186,-7.6361577110843655,23.198029424040953,prior,north,7.6361577110843655,0.6298600311041991,0.43333333333333335,False,1.4682206467531345,True,360868.6794686279,505748.4823109086,,7.613824801609172,7.568308374348247,
1595260398958253,2025,panoroma_two_pass,360876.16708211036,505747.10174129903,294.28648085219186,-7.6361577110843655,23.198029424040953,prior,north,7.6361577110843655,0.6298600311041991,0.43333333333333335,False,1.4682206467531345,True,360868.6794686279,505748.4823109086,,7.613824801609172,7.568308374348247,
1595260398958253,2024,panoroma_coarse,360876.16708211036,505747.10174129903,294.28648085219186,-7.6361577110843655,23.198029424040953,prior,north,7.6361577110843655,0.7,0.5052950075642966,False,0.8274919772876719,True,360868.12873267167,505748.11954159074,,8.10252918120727,9.31583012209463,
1595260398958253,2024,panoroma_fine,360876.16708211036,505747.10174129903,294.28648085219186,-7.6361577110843655,23.198029424040953,prior,north,7.6361577110843655,0.7,0.5052950075642966,False,0.8274919772876719,True,360868.9454256615,505748.25279147935,,7.312813301513177,3.3467266858748626,
1595260398958253,2024,panoroma_two_pass,360876.16708211036,505747.10174129903,294.28648085219186,-7.6361577110843655,23.198029424040953,prior,north,7.6361577110843655,0.7,0.5052950075642966,False,0.8274919772876719,True,360868.9454256615,505748.25279147935,,7.312813301513177,3.3467266858748626,
1618478246297464,2025,panoroma_coarse,360897.08296487853,505770.6888914574,359.2443918729163,-4.400738283139276,16.045954500843077,prior,north,4.400738283139276,0.6511954992967651,0.3608108108108108,False,1.742343691903533,True,360886.7944774842,505768.2402215271,,10.57586673946661,6.160509125690382,
1618478246297464,2025,panoroma_fine,360897.08296487853,505770.6888914574,359.2443918729163,-4.400738283139276,16.045954500843077,prior,north,4.400738283139276,0.6511954992967651,0.3608108108108108,False,1.742343691903533,True,360886.9034139206,505769.9791563717,,10.204262912963426,0.9913555106567594,
1618478246297464,2025,panoroma_two_pass,360897.08296487853,505770.6888914574,359.2443918729163,-4.400738283139276,16.045954500843077,prior,north,4.400738283139276,0.6511954992967651,0.3608108108108108,False,1.742343691903533,True,360886.9034139206,505769.9791563717,,10.204262912963426,0.9913555106567594,
1618478246297464,2024,panoroma_coarse,360897.08296487853,505770.6888914574,359.2443918729163,-4.400738283139276,16.045954500843077,prior,north,4.400738283139276,0.5858585858585859,0.3588082901554404,False,3.382641335146944,True,360885.7080104544,505770.6934127906,,11.374955322731173,5.675905118558325,
1618478246297464,2024,panoroma_fine,360897.08296487853,505770.6888914574,359.2443918729163,-4.400738283139276,16.045954500843077,prior,north,4.400738283139276,0.5858585858585859,0.3588082901554404,False,3.382641335146944,True,360889.04196430184,505771.2652642967,,8.061631095763639,8.059283300988787,
1618478246297464,2024,panoroma_two_pass,360897.08296487853,505770.6888914574,359.2443918729163,-4.400738283139276,16.045954500843077,prior,north,4.400738283139276,0.5858585858585859,0.3588082901554404,False,3.382641335146944,True,360889.04196430184,505771.2652642967,,8.061631095763639,8.059283300988787,
1411397654284692,2025,panoroma_coarse,360928.39490721177,505760.7714622654,17.352959867827888,6.246018061213743,2.096490986487808,prior,north,-6.246018061213732,0.7989623865110247,0.5398692810457516,False,0.8451667359239456,True,360923.7290670532,505761.74260936445,,4.765835821078688,2.0832594762977923,
1411397654284692,2025,panoroma_fine,360928.39490721177,505760.7714622654,17.352959867827888,6.246018061213743,2.096490986487808,prior,north,-6.246018061213732,0.7989623865110247,0.5398692810457516,False,0.8451667359239456,True,360923.7630568915,505762.58709234383,,4.974992459394796,4.061266400157487,
1411397654284692,2025,panoroma_two_pass,360928.39490721177,505760.7714622654,17.352959867827888,6.246018061213743,2.096490986487808,prior,north,-6.246018061213732,0.7989623865110247,0.5398692810457516,False,0.8451667359239456,True,360923.7630568915,505762.58709234383,,4.974992459394796,4.061266400157487,
1411397654284692,2024,panoroma_coarse,360928.39490721177,505760.7714622654,17.352959867827888,6.246018061213743,2.096490986487808,prior,north,-6.246018061213732,0.46107784431137727,0.4734848484848485,False,1.3900455724819085,True,360938.6117442758,505762.0860863092,,10.301067710155142,3.218937039289874,
1411397654284692,2024,panoroma_fine,360928.39490721177,505760.7714622654,17.352959867827888,6.246018061213743,2.096490986487808,prior,north,-6.246018061213732,0.46107784431137727,0.4734848484848485,False,1.3900455724819085,True,360937.6407655327,505761.09138687025,,9.251391670613268,7.447381958728638,
1411397654284692,2024,panoroma_two_pass,360928.39490721177,505760.7714622654,17.352959867827888,6.246018061213743,2.096490986487808,prior,north,-6.246018061213732,0.46107784431137727,0.4734848484848485,False,1.3900455724819085,True,360937.6407655327,505761.09138687025,,9.251391670613268,7.447381958728638,
2199725277275110,2025,panoroma_coarse,360959.47657312726,505750.6162178423,17.29410753099758,7.773469456953347,23.28978753886541,prior,north,-7.773469456953336,0.6936488169364882,0.3412042502951594,False,2.1280006953261235,True,360977.9054726251,505744.33302052465,,19.47056509797396,5.402211157715472,
2199725277275110,2025,panoroma_fine,360959.47657312726,505750.6162178423,17.29410753099758,7.773469456953347,23.28978753886541,prior,north,-7.773469456953336,0.6936488169364882,0.3412042502951594,False,2.1280006953261235,True,360977.3471485128,505746.38647155766,,18.36431916086388,9.05075035858231,
2199725277275110,2025,panoroma_two_pass,360959.47657312726,505750.6162178423,17.29410753099758,7.773469456953347,23.28978753886541,prior,north,-7.773469456953336,0.6936488169364882,0.3412042502951594,False,2.1280006953261235,True,360977.3471485128,505746.38647155766,,18.36431916086388,9.05075035858231,
2199725277275110,2024,panoroma_coarse,360959.47657312726,505750.6162178423,17.29410753099758,7.773469456953347,23.28978753886541,prior,north,-7.773469456953336,0.7282608695652174,0.42627013630731103,False,3.6984650522860676,True,360976.6892424051,505742.4400940421,,19.05583858205558,5.003595895687719,
2199725277275110,2024,panoroma_fine,360959.47657312726,505750.6162178423,17.29410753099758,7.773469456953347,23.28978753886541,prior,north,-7.773469456953336,0.7282608695652174,0.42627013630731103,False,3.6984650522860676,True,360980.10998332605,505743.84621469653,,21.715675421812872,1.9523826526002392,
2199725277275110,2024,panoroma_two_pass,360959.47657312726,505750.6162178423,17.29410753099758,7.773469456953347,23.28978753886541,prior,north,-7.773469456953336,0.7282608695652174,0.42627013630731103,False,3.6984650522860676,True,360980.10998332605,505743.84621469653,,21.715675421812872,1.9523826526002392,
1630029038733543,2025,panoroma_coarse,360977.76595758327,505730.73830788117,109.2852212235517,-2.240261776981299,15.147889371003807,prior,north,2.240261776981299,0.7554535017221584,0.5301455301455301,False,1.1597379919605386,True,360975.6746199669,505731.8433362716,,2.365328892420804,2.060679468798989,
1630029038733543,2025,panoroma_fine,360977.76595758327,505730.73830788117,109.2852212235517,-2.240261776981299,15.147889371003807,prior,north,2.240261776981299,0.7554535017221584,0.5301455301455301,False,1.1597379919605386,True,360975.8628113154,505732.98770344444,,2.946480292984858,3.2540902187816707,
1630029038733543,2025,panoroma_two_pass,360977.76595758327,505730.73830788117,109.2852212235517,-2.240261776981299,15.147889371003807,prior,north,2.240261776981299,0.7554535017221584,0.5301455301455301,False,1.1597379919605386,True,360975.8628113154,505732.98770344444,,2.946480292984858,3.2540902187816707,
1630029038733543,2024,panoroma_coarse,360977.76595758327,505730.73830788117,109.2852212235517,-2.240261776981299,15.147889371003807,prior,north,2.240261776981299,0.7349537037037037,0.5452513966480447,False,0.5746165970883864,True,360976.12834648776,505733.2997003067,,3.040148229581298,1.3244440649377758,
1630029038733543,2024,panoroma_fine,360977.76595758327,505730.73830788117,109.2852212235517,-2.240261776981299,15.147889371003807,prior,north,2.240261776981299,0.7349537037037037,0.5452513966480447,False,0.5746165970883864,True,360975.6558532327,505733.62670849863,,3.5770656266221277,0.41224161027863004,
1630029038733543,2024,panoroma_two_pass,360977.76595758327,505730.73830788117,109.2852212235517,-2.240261776981299,15.147889371003807,prior,north,2.240261776981299,0.7349537037037037,0.5452513966480447,False,0.5746165970883864,True,360975.6558532327,505733.62670849863,,3.5770656266221277,0.41224161027863004,
1029541690071867,2025,panoroma_coarse,360965.52086601197,505699.5423200922,110.60057777067044,-5.522416923790388,9.584062810049588,prior,north,5.522416923790388,0.8482871125611745,0.5243506493506493,False,1.7912483103935755,True,360964.50685542997,505699.82019201363,,1.0513944384152325,6.491659453969143,
1029541690071867,2025,panoroma_fine,360965.52086601197,505699.5423200922,110.60057777067044,-5.522416923790388,9.584062810049588,prior,north,5.522416923790388,0.8482871125611745,0.5243506493506493,False,1.7912483103935755,True,360963.80040034367,505701.46624539077,,2.5809863754455917,5.7028834091339355,
1029541690071867,2025,panoroma_two_pass,360965.52086601197,505699.5423200922,110.60057777067044,-5.522416923790388,9.584062810049588,prior,north,5.522416923790388,0.8482871125611745,0.5243506493506493,False,1.7912483103935755,True,360963.80040034367,505701.46624539077,,2.5809863754455917,5.7028834091339355,
1029541690071867,2024,panoroma_coarse,360965.52086601197,505699.5423200922,110.60057777067044,-5.522416923790388,9.584062810049588,prior,north,5.522416923790388,0.8705281090289608,0.5697865353037767,False,1.4064940058664808,True,360963.8915113195,505701.4330823882,,2.4959524782704396,4.632654958599235,
1029541690071867,2024,panoroma_fine,360965.52086601197,505699.5423200922,110.60057777067044,-5.522416923790388,9.584062810049588,prior,north,5.522416923790388,0.8705281090289608,0.5697865353037767,False,1.4064940058664808,True,360962.5571126596,505700.98855386826,,3.2977910892816,5.775020089436663,
1029541690071867,2024,panoroma_two_pass,360965.52086601197,505699.5423200922,110.60057777067044,-5.522416923790388,9.584062810049588,prior,north,5.522416923790388,0.8705281090289608,0.5697865353037767,False,1.4064940058664808,True,360962.5571126596,505700.98855386826,,3.2977910892816,5.775020089436663,
1110169474745368,2025,panoroma_coarse,360954.2398640532,505667.78448765073,105.04909601937412,3.6021032489483247,9.767387131936394,prior,north,-3.6021032489483105,0.7901390644753477,0.6852589641434262,False,2.457891285267215,True,360950.79583697976,505667.4101286907,,3.464313368272792,4.60700292415774,
1110169474745368,2025,panoroma_fine,360954.2398640532,505667.78448765073,105.04909601937412,3.6021032489483247,9.767387131936394,prior,north,-3.6021032489483105,0.7901390644753477,0.6852589641434262,False,2.457891285267215,True,360951.3867538426,505669.79592977866,,3.4908648366779547,5.7657158424235195,
1110169474745368,2025,panoroma_two_pass,360954.2398640532,505667.78448765073,105.04909601937412,3.6021032489483247,9.767387131936394,prior,north,-3.6021032489483105,0.7901390644753477,0.6852589641434262,False,2.457891285267215,True,360951.3867538426,505669.79592977866,,3.4908648366779547,5.7657158424235195,
1110169474745368,2024,panoroma_coarse,360954.2398640532,505667.78448765073,105.04909601937412,3.6021032489483247,9.767387131936394,prior,north,-3.6021032489483105,0.7869281045751634,0.677376171352075,False,3.1371538065866877,True,360949.80737475894,505667.7307873843,,4.432814575685528,3.3271477250559753,
1110169474745368,2024,panoroma_fine,360954.2398640532,505667.78448765073,105.04909601937412,3.6021032489483247,9.767387131936394,prior,north,-3.6021032489483105,0.7869281045751634,0.677376171352075,False,3.1371538065866877,True,360952.59078322526,505669.1779816753,,2.159002819278563,8.790924616790697,
1110169474745368,2024,panoroma_two_pass,360954.2398640532,505667.78448765073,105.04909601937412,3.6021032489483247,9.767387131936394,prior,north,-3.6021032489483105,0.7869281045751634,0.677376171352075,False,3.1371538065866877,True,360952.59078322526,505669.1779816753,,2.159002819278563,8.790924616790697,
2143531059567041,2025,panoroma_coarse,360980.2035497979,505651.34399289545,21.80630224487809,4.559382584696987,19.651679460938592,prior,north,-4.559382584696976,0.7127882599580713,0.5596868884540117,False,3.722295294782379,True,361000.33796147245,505642.33772463416,,22.056912782064664,4.67284701939805,
2143531059567041,2025,panoroma_fine,360980.2035497979,505651.34399289545,21.80630224487809,4.559382584696987,19.651679460938592,prior,north,-4.559382584696976,0.7127882599580713,0.5596868884540117,False,3.722295294782379,True,360997.6822792282,505644.9459489495,,18.61292424182298,4.66808395193469,
2143531059567041,2025,panoroma_two_pass,360980.2035497979,505651.34399289545,21.80630224487809,4.559382584696987,19.651679460938592,prior,north,-4.559382584696976,0.7127882599580713,0.5596868884540117,False,3.722295294782379,True,360997.6822792282,505644.9459489495,,18.61292424182298,4.66808395193469,
2143531059567041,2024,panoroma_coarse,360980.2035497979,505651.34399289545,21.80630224487809,4.559382584696987,19.651679460938592,prior,north,-4.559382584696976,0.39280958721704395,0.5311827956989247,False,4.117371903578875,True,360989.4340519996,505649.40426113445,,9.43211165118377,7.772640301341838,
2143531059567041,2024,panoroma_fine,360980.2035497979,505651.34399289545,21.80630224487809,4.559382584696987,19.651679460938592,prior,north,-4.559382584696976,0.39280958721704395,0.5311827956989247,False,4.117371903578875,True,360985.48095181154,505650.55567343923,,5.3359553576465535,3.756152378759658,
2143531059567041,2024,panoroma_two_pass,360980.2035497979,505651.34399289545,21.80630224487809,4.559382584696987,19.651679460938592,prior,north,-4.559382584696976,0.39280958721704395,0.5311827956989247,False,4.117371903578875,True,360985.48095181154,505650.55567343923,,5.3359553576465535,3.756152378759658,
1885191899114432,2025,panoroma_coarse,361009.02305004245,505639.24162336625,22.564392727789823,-6.3497481432418965,9.55927022792837,prior,north,6.3497481432418965,0.45575757575757575,0.4318529862174579,False,3.5788325593953205,True,360986.08981716866,505646.917168705,,24.18361359043084,5.098800212328998,
1885191899114432,2025,panoroma_fine,361009.02305004245,505639.24162336625,22.564392727789823,-6.3497481432418965,9.55927022792837,prior,north,6.3497481432418965,0.45575757575757575,0.4318529862174579,False,3.5788325593953205,True,360989.6175155092,505647.5199845198,,21.097536204738436,3.3647969046927257,
1885191899114432,2025,panoroma_two_pass,361009.02305004245,505639.24162336625,22.564392727789823,-6.3497481432418965,9.55927022792837,prior,north,6.3497481432418965,0.45575757575757575,0.4318529862174579,False,3.5788325593953205,True,360989.6175155092,505647.5199845198,,21.097536204738436,3.3647969046927257,
1885191899114432,2024,panoroma_coarse,361009.02305004245,505639.24162336625,22.564392727789823,-6.3497481432418965,9.55927022792837,prior,north,6.3497481432418965,0.5991058122205664,0.43144424131627057,False,3.9728982889800113,True,361001.0994050096,505642.7407616396,,8.66187735210163,0.5809779130747423,
1885191899114432,2024,panoroma_fine,361009.02305004245,505639.24162336625,22.564392727789823,-6.3497481432418965,9.55927022792837,prior,north,6.3497481432418965,0.5991058122205664,0.43144424131627057,False,3.9728982889800113,True,361005.01198633516,505642.0511036192,,4.897122762988563,3.658527175706465,
1885191899114432,2024,panoroma_two_pass,361009.02305004245,505639.24162336625,22.564392727789823,-6.3497481432418965,9.55927022792837,prior,north,6.3497481432418965,0.5991058122205664,0.43144424131627057,False,3.9728982889800113,True,361005.01198633516,505642.0511036192,,4.897122762988563,3.658527175706465,
1566349148627059,2025,panoroma_coarse,361039.9677668257,505626.0771525111,22.528355738064644,5.329842515423419,18.30538421682893,prior,north,-5.329842515423422,0.7096273291925466,0.40942028985507245,False,3.2266162416907034,True,361038.2189102454,505624.2987212305,,2.494256834883686,3.3019549229799865,
1566349148627059,2025,panoroma_fine,361039.9677668257,505626.0771525111,22.528355738064644,5.329842515423419,18.30538421682893,prior,north,-5.329842515423422,0.7096273291925466,0.40942028985507245,False,3.2266162416907034,True,361040.854914415,505626.1595098775,,0.8909621658592096,2.9324723595729782,
1566349148627059,2025,panoroma_two_pass,361039.9677668257,505626.0771525111,22.528355738064644,5.329842515423419,18.30538421682893,prior,north,-5.329842515423422,0.7096273291925466,0.40942028985507245,False,3.2266162416907034,True,361040.854914415,505626.1595098775,,0.8909621658592096,2.9324723595729782,
1566349148627059,2024,panoroma_coarse,361039.9677668257,505626.0771525111,22.528355738064644,5.329842515423419,18.30538421682893,prior,north,-5.329842515423422,0.8030018761726079,0.38825448613376834,False,3.061475178670977,True,361038.12121031026,505624.1117656452,,2.6967603707622727,1.8595781761790628,
1566349148627059,2024,panoroma_fine,361039.9677668257,505626.0771525111,22.528355738064644,5.329842515423419,18.30538421682893,prior,north,-5.329842515423422,0.8030018761726079,0.38825448613376834,False,3.061475178670977,True,361038.0780774914,505627.1729369618,,2.1844151030994916,6.729598167490785,
1566349148627059,2024,panoroma_two_pass,361039.9677668257,505626.0771525111,22.528355738064644,5.329842515423419,18.30538421682893,prior,north,-5.329842515423422,0.8030018761726079,0.38825448613376834,False,3.061475178670977,True,361038.0780774914,505627.1729369618,,2.1844151030994916,6.729598167490785,
2343542236381893,2025,panoroma_coarse,361071.1612371945,505613.02524712496,21.688621760325894,7.538995750061545,14.656620704728047,prior,north,-7.538995750061531,0.602291325695581,0.33607907742998355,False,4.145051363567659,True,361070.4263757808,505610.7651819649,,2.3765344148667844,3.336844313869258,
2343542236381893,2025,panoroma_fine,361071.1612371945,505613.02524712496,21.688621760325894,7.538995750061545,14.656620704728047,prior,north,-7.538995750061531,0.602291325695581,0.33607907742998355,False,4.145051363567659,True,361074.528146327,505611.362617478,,3.755051857100401,8.91356560037591,
2343542236381893,2025,panoroma_two_pass,361071.1612371945,505613.02524712496,21.688621760325894,7.538995750061545,14.656620704728047,prior,north,-7.538995750061531,0.602291325695581,0.33607907742998355,False,4.145051363567659,True,361074.528146327,505611.362617478,,3.755051857100401,8.91356560037591,
2343542236381893,2024,panoroma_coarse,361071.1612371945,505613.02524712496,21.688621760325894,7.538995750061545,14.656620704728047,prior,north,-7.538995750061531,0.6815642458100558,0.48722316865417375,False,4.195212073676198,True,361074.3468380317,505611.8054833467,,3.411140039475373,3.3428268628399826,
2343542236381893,2024,panoroma_fine,361071.1612371945,505613.02524712496,21.688621760325894,7.538995750061545,14.656620704728047,prior,north,-7.538995750061531,0.6815642458100558,0.48722316865417375,False,4.195212073676198,True,361070.6240078068,505613.73947907035,,0.8937240551800535,0.6076098523318361,
2343542236381893,2024,panoroma_two_pass,361071.1612371945,505613.02524712496,21.688621760325894,7.538995750061545,14.656620704728047,prior,north,-7.538995750061531,0.6815642458100558,0.48722316865417375,False,4.195212073676198,True,361070.6240078068,505613.73947907035,,0.8937240551800535,0.6076098523318361,
1843956966766764,2025,panoroma_coarse,361101.9827967382,505599.7779691089,22.536645763096583,6.441785557255869,19.16455212691325,prior,north,-6.441785557255855,0.7338551859099804,0.43373493975903615,False,2.6540724777057223,True,361106.8665718613,505597.75654975616,,5.285583757037868,4.579842956832123,
1843956966766764,2025,panoroma_fine,361101.9827967382,505599.7779691089,22.536645763096583,6.441785557255869,19.16455212691325,prior,north,-6.441785557255855,0.7338551859099804,0.43373493975903615,False,2.6540724777057223,True,361104.32444931247,505598.51925131225,,2.658515990189718,2.9726089534863513,
1843956966766764,2025,panoroma_two_pass,361101.9827967382,505599.7779691089,22.536645763096583,6.441785557255869,19.16455212691325,prior,north,-6.441785557255855,0.7338551859099804,0.43373493975903615,False,2.6540724777057223,True,361104.32444931247,505598.51925131225,,2.658515990189718,2.9726089534863513,
1843956966766764,2024,panoroma_coarse,361101.9827967382,505599.7779691089,22.536645763096583,6.441785557255869,19.16455212691325,prior,north,-6.441785557255855,0.7565217391304347,0.428842504743833,False,4.045474598865867,True,361108.46597465785,505597.5621205215,,6.851392624858055,1.9051443514136275,
1843956966766764,2024,panoroma_fine,361101.9827967382,505599.7779691089,22.536645763096583,6.441785557255869,19.16455212691325,prior,north,-6.441785557255855,0.7565217391304347,0.428842504743833,False,4.045474598865867,True,361104.45547985274,505598.0929652709,,2.992223206722787,8.137051292481896,
1843956966766764,2024,panoroma_two_pass,361101.9827967382,505599.7779691089,22.536645763096583,6.441785557255869,19.16455212691325,prior,north,-6.441785557255855,0.7565217391304347,0.428842504743833,False,4.045474598865867,True,361104.45547985274,505598.0929652709,,2.992223206722787,8.137051292481896,
1378668397810037,2025,panoroma_coarse,361133.45828977134,505587.590027526,18.889311079430556,9.19654775307659,18.29082996174737,prior,north,-9.1965477530766,0.7099644128113879,0.4874551971326165,False,2.238931520753281,True,361136.22403801745,505584.7846843899,,3.939455986845743,8.520303541122507,
1378668397810037,2025,panoroma_fine,361133.45828977134,505587.590027526,18.889311079430556,9.19654775307659,18.29082996174737,prior,north,-9.1965477530766,0.7099644128113879,0.4874551971326165,False,2.238931520753281,True,361134.9828868435,505586.64811083546,,1.7920946639019828,10.16798537996275,
1378668397810037,2025,panoroma_two_pass,361133.45828977134,505587.590027526,18.889311079430556,9.19654775307659,18.29082996174737,prior,north,-9.1965477530766,0.7099644128113879,0.4874551971326165,False,2.238931520753281,True,361134.9828868435,505586.64811083546,,1.7920946639019828,10.16798537996275,
1378668397810037,2024,panoroma_coarse,361133.45828977134,505587.590027526,18.889311079430556,9.19654775307659,18.29082996174737,prior,north,-9.1965477530766,0.697196261682243,0.496309963099631,False,0.7844325248280416,True,361134.6971077146,505585.9276776156,,2.073180436239663,5.180839778163915,
1378668397810037,2024,panoroma_fine,361133.45828977134,505587.590027526,18.889311079430556,9.19654775307659,18.29082996174737,prior,north,-9.1965477530766,0.697196261682243,0.496309963099631,False,0.7844325248280416,True,361135.0592251037,505586.62352629344,,1.8700584405282092,6.483581153511956,
1378668397810037,2024,panoroma_two_pass,361133.45828977134,505587.590027526,18.889311079430556,9.19654775307659,18.29082996174737,prior,north,-9.1965477530766,0.697196261682243,0.496309963099631,False,0.7844325248280416,True,361135.0592251037,505586.62352629344,,1.8700584405282092,6.483581153511956,
1640881657746457,2025,panoroma_coarse,361164.7459236542,505574.790562897,22.57263785958171,-3.138304440327204,10.271705287279374,prior,north,3.138304440327204,0.7360248447204969,0.5244444444444445,False,0.6509909871364534,True,361170.60631964146,505572.5474203748,,6.275024263106105,0.3350834109617624,
1640881657746457,2025,panoroma_fine,361164.7459236542,505574.790562897,22.57263785958171,-3.138304440327204,10.271705287279374,prior,north,3.138304440327204,0.7360248447204969,0.5244444444444445,False,0.6509909871364534,True,361169.96901900234,505572.680225347,,5.633316038615445,0.636829625451337,
1640881657746457,2025,panoroma_two_pass,361164.7459236542,505574.790562897,22.57263785958171,-3.138304440327204,10.271705287279374,prior,north,3.138304440327204,0.7360248447204969,0.5244444444444445,False,0.6509909871364534,True,361169.96901900234,505572.680225347,,5.633316038615445,0.636829625451337,
1640881657746457,2024,panoroma_coarse,361164.7459236542,505574.790562897,22.57263785958171,-3.138304440327204,10.271705287279374,prior,north,3.138304440327204,0.7051094890510949,0.5174506828528073,False,2.7838004636161924,True,361169.01104049664,505572.8468623877,,4.687130609399869,1.8542874250710486,
1640881657746457,2024,panoroma_fine,361164.7459236542,505574.790562897,22.57263785958171,-3.138304440327204,10.271705287279374,prior,north,3.138304440327204,0.7051094890510949,0.5174506828528073,False,2.7838004636161924,True,361171.66159353574,505571.99591373577,,7.458991476406286,2.3723483173469697,
1640881657746457,2024,panoroma_two_pass,361164.7459236542,505574.790562897,22.57263785958171,-3.138304440327204,10.271705287279374,prior,north,3.138304440327204,0.7051094890510949,0.5174506828528073,False,2.7838004636161924,True,361171.66159353574,505571.99591373577,,7.458991476406286,2.3723483173469697,
1329442135766852,2025,panoroma_coarse,361195.54057250504,505562.247072299,20.64097160126914,0.7450062186188795,20.772686603243322,prior,north,-0.7450062186188688,0.4287169042769857,0.40473225404732255,False,1.2233910837074062,True,361191.4618733497,505564.9592373177,,4.898124731812045,1.6507035134074575,
1329442135766852,2025,panoroma_fine,361195.54057250504,505562.247072299,20.64097160126914,0.7450062186188795,20.772686603243322,prior,north,-0.7450062186188688,0.4287169042769857,0.40473225404732255,False,1.2233910837074062,True,361190.50708875014,505565.72413738444,,6.117674420823592,2.1734958599802776,
1329442135766852,2025,panoroma_two_pass,361195.54057250504,505562.247072299,20.64097160126914,0.7450062186188795,20.772686603243322,prior,north,-0.7450062186188688,0.4287169042769857,0.40473225404732255,False,1.2233910837074062,True,361190.50708875014,505565.72413738444,,6.117674420823592,2.1734958599802776,
1329442135766852,2024,panoroma_coarse,361195.54057250504,505562.247072299,20.64097160126914,0.7450062186188795,20.772686603243322,prior,north,-0.7450062186188688,0.28,0.44506726457399104,False,4.369274696610544,True,361168.3037625148,505572.33617395366,,29.045374685877505,0.6490790291405293,
1329442135766852,2024,panoroma_fine,361195.54057250504,505562.247072299,20.64097160126914,0.7450062186188795,20.772686603243322,prior,north,-0.7450062186188688,0.28,0.44506726457399104,False,4.369274696610544,True,361164.21254012105,505573.86994730704,,33.4146201011543,13.25141205420823,
1329442135766852,2024,panoroma_two_pass,361195.54057250504,505562.247072299,20.64097160126914,0.7450062186188795,20.772686603243322,prior,north,-0.7450062186188688,0.28,0.44506726457399104,False,4.369274696610544,True,361164.21254012105,505573.86994730704,,33.4146201011543,13.25141205420823,
1877539553208523,2025,panoroma_coarse,361226.3647825685,505550.4629049683,19.144616178197545,-7.744703053850381,16.0628047968742,prior,north,7.7447030538503725,0.6543624161073825,0.35737704918032787,False,2.918068870706823,True,361236.1697885534,505548.7963622924,,9.945627524420626,10.672825475103368,
1877539553208523,2025,panoroma_fine,361226.3647825685,505550.4629049683,19.144616178197545,-7.744703053850381,16.0628047968742,prior,north,7.7447030538503725,0.6543624161073825,0.35737704918032787,False,2.918068870706823,True,361236.0947135796,505545.87925933185,,10.75552717449273,0.08054069358663102,
1877539553208523,2025,panoroma_two_pass,361226.3647825685,505550.4629049683,19.144616178197545,-7.744703053850381,16.0628047968742,prior,north,7.7447030538503725,0.6543624161073825,0.35737704918032787,False,2.918068870706823,True,361236.0947135796,505545.87925933185,,10.75552717449273,0.08054069358663102,
1877539553208523,2024,panoroma_coarse,361226.3647825685,505550.4629049683,19.144616178197545,-7.744703053850381,16.0628047968742,prior,north,7.7447030538503725,0.6399345335515548,0.3859964093357271,False,1.3536079227218598,True,361234.45603456744,505547.5213775796,,8.609352024933319,7.183075262782651,
1877539553208523,2024,panoroma_fine,361226.3647825685,505550.4629049683,19.144616178197545,-7.744703053850381,16.0628047968742,prior,north,7.7447030538503725,0.6399345335515548,0.3859964093357271,False,1.3536079227218598,True,361234.2791378173,505546.17937834404,,8.999201039303927,0.8917501351191425,
1877539553208523,2024,panoroma_two_pass,361226.3647825685,505550.4629049683,19.144616178197545,-7.744703053850381,16.0628047968742,prior,north,7.7447030538503725,0.6399345335515548,0.3859964093357271,False,1.3536079227218598,True,361234.2791378173,505546.17937834404,,8.999201039303927,0.8917501351191425,
971140639343305,2025,panoroma_coarse,361257.99184614775,505539.6962324716,20.161977218906035,0.1511464765484405,13.103445655290946,prior,north,-0.15114647654843338,0.4882108183079057,0.42065868263473055,False,3.4363799256531036,True,361247.3071886764,505540.7989334029,,10.741408409721513,3.646308748032629,
971140639343305,2025,panoroma_fine,361257.99184614775,505539.6962324716,20.161977218906035,0.1511464765484405,13.103445655290946,prior,north,-0.15114647654843338,0.4882108183079057,0.42065868263473055,False,3.4363799256531036,True,361250.49305562704,505539.51092767075,,7.501079731791837,3.813666860963872,
971140639343305,2025,panoroma_two_pass,361257.99184614775,505539.6962324716,20.161977218906035,0.1511464765484405,13.103445655290946,prior,north,-0.15114647654843338,0.4882108183079057,0.42065868263473055,False,3.4363799256531036,True,361250.49305562704,505539.51092767075,,7.501079731791837,3.813666860963872,
971140639343305,2024,panoroma_coarse,361257.99184614775,505539.6962324716,20.161977218906035,0.1511464765484405,13.103445655290946,prior,north,-0.15114647654843338,0.6965174129353234,0.3203230148048452,False,4.1061204486885,True,361260.54114003514,505533.6427490761,,6.568375791910313,2.5188878636894168,
971140639343305,2024,panoroma_fine,361257.99184614775,505539.6962324716,20.161977218906035,0.1511464765484405,13.103445655290946,prior,north,-0.15114647654843338,0.6965174129353234,0.3203230148048452,False,4.1061204486885,True,361264.41559357365,505535.00246776664,,7.95587569645485,14.654411129822625,
971140639343305,2024,panoroma_two_pass,361257.99184614775,505539.6962324716,20.161977218906035,0.1511464765484405,13.103445655290946,prior,north,-0.15114647654843338,0.6965174129353234,0.3203230148048452,False,4.1061204486885,True,361264.41559357365,505535.00246776664,,7.95587569645485,14.654411129822625,
1426839858986128,2025,panoroma_coarse,361288.8926168677,505527.25597672444,27.06509414953422,-9.004017419140517,22.006004154289617,prior,north,9.004017419140524,0.5753803596127247,0.3163097199341021,False,1.3325246636450978,True,361295.39981903386,505518.50948300003,,10.901597704099302,9.833481315851037,
1426839858986128,2025,panoroma_fine,361288.8926168677,505527.25597672444,27.06509414953422,-9.004017419140517,22.006004154289617,prior,north,9.004017419140524,0.5753803596127247,0.3163097199341021,False,1.3325246636450978,True,361294.1661629321,505518.0057820949,,10.647834933805246,2.922535453028255,
1426839858986128,2025,panoroma_two_pass,361288.8926168677,505527.25597672444,27.06509414953422,-9.004017419140517,22.006004154289617,prior,north,9.004017419140524,0.5753803596127247,0.3163097199341021,False,1.3325246636450978,True,361294.1661629321,505518.0057820949,,10.647834933805246,2.922535453028255,
1426839858986128,2024,panoroma_coarse,361288.8926168677,505527.25597672444,27.06509414953422,-9.004017419140517,22.006004154289617,prior,north,9.004017419140524,0.7168784029038112,0.4115853658536585,False,2.513666114736349,True,361292.8955410465,505518.55322885135,,9.579207823387842,6.829948059363354,
1426839858986128,2024,panoroma_fine,361288.8926168677,505527.25597672444,27.06509414953422,-9.004017419140517,22.006004154289617,prior,north,9.004017419140524,0.7168784029038112,0.4115853658536585,False,2.513666114736349,True,361295.38702798676,505518.88641072786,,10.593725065054032,8.374049552645186,
1426839858986128,2024,panoroma_two_pass,361288.8926168677,505527.25597672444,27.06509414953422,-9.004017419140517,22.006004154289617,prior,north,9.004017419140524,0.7168784029038112,0.4115853658536585,False,2.513666114736349,True,361295.38702798676,505518.88641072786,,10.593725065054032,8.374049552645186,
1419645030041727,2025,panoroma_coarse,361318.3638489618,505515.4230037108,14.89806713836782,-0.4548197651768717,14.476907131508781,prior,north,0.4548197651768646,0.4343220338983051,0.35599505562422745,False,4.471310417252391,True,361296.2064859195,505520.3363436538,,22.69558649568957,0.20794224975297185,
1419645030041727,2025,panoroma_fine,361318.3638489618,505515.4230037108,14.89806713836782,-0.4548197651768717,14.476907131508781,prior,north,0.4548197651768646,0.4343220338983051,0.35599505562422745,False,4.471310417252391,True,361291.74501470005,505520.63280850154,,27.12387146796542,0.22863533072255693,
1419645030041727,2025,panoroma_two_pass,361318.3638489618,505515.4230037108,14.89806713836782,-0.4548197651768717,14.476907131508781,prior,north,0.4548197651768646,0.4343220338983051,0.35599505562422745,False,4.471310417252391,True,361291.74501470005,505520.63280850154,,27.12387146796542,0.22863533072255693,
1419645030041727,2024,panoroma_coarse,361318.3638489618,505515.4230037108,14.89806713836782,-0.4548197651768717,14.476907131508781,prior,north,0.4548197651768646,0.7566063977746871,0.45867768595041325,False,1.749364255534666,True,361322.2863641274,505510.2074083902,,6.525991095091325,1.0440605163984806,
1419645030041727,2024,panoroma_fine,361318.3638489618,505515.4230037108,14.89806713836782,-0.4548197651768717,14.476907131508781,prior,north,0.4548197651768646,0.7566063977746871,0.45867768595041325,False,1.749364255534666,True,361321.78686091735,505508.53087272344,,7.695354468447124,1.5712969900058247,
1419645030041727,2024,panoroma_two_pass,361318.3638489618,505515.4230037108,14.89806713836782,-0.4548197651768717,14.476907131508781,prior,north,0.4548197651768646,0.7566063977746871,0.45867768595041325,False,1.749364255534666,True,361321.78686091735,505508.53087272344,,7.695354468447124,1.5712969900058247,
4510807879135648,2025,panoroma_coarse,361351.93503453897,505507.6781751616,10.412533002251346,-6.189305251400814,17.753895335435598,prior,north,6.1893052514008104,0.6620428751576293,0.5286343612334802,False,2.5419096538898645,True,361322.41619815317,505506.9214537573,,29.528534146745194,2.7517582694421012,
4510807879135648,2025,panoroma_fine,361351.93503453897,505507.6781751616,10.412533002251346,-6.189305251400814,17.753895335435598,prior,north,6.1893052514008104,0.6620428751576293,0.5286343612334802,False,2.5419096538898645,True,361321.64020555426,505509.34201984294,,30.340485202721677,5.035164089470636,
4510807879135648,2025,panoroma_two_pass,361351.93503453897,505507.6781751616,10.412533002251346,-6.189305251400814,17.753895335435598,prior,north,6.1893052514008104,0.6620428751576293,0.5286343612334802,False,2.5419096538898645,True,361321.64020555426,505509.34201984294,,30.340485202721677,5.035164089470636,
4510807879135648,2024,panoroma_coarse,361351.93503453897,505507.6781751616,10.412533002251346,-6.189305251400814,17.753895335435598,prior,north,6.1893052514008104,0.4764705882352941,0.4154057771664374,False,2.182417919025035,True,361352.0441579841,505499.00306925,,8.675792211903293,9.33883526131094,
4510807879135648,2024,panoroma_fine,361351.93503453897,505507.6781751616,10.412533002251346,-6.189305251400814,17.753895335435598,prior,north,6.1893052514008104,0.4764705882352941,0.4154057771664374,False,2.182417919025035,True,361350.52232923114,505500.5673535016,,7.249794546511485,2.8178420108928592,
4510807879135648,2024,panoroma_two_pass,361351.93503453897,505507.6781751616,10.412533002251346,-6.189305251400814,17.753895335435598,prior,north,6.1893052514008104,0.4764705882352941,0.4154057771664374,False,2.182417919025035,True,361350.52232923114,505500.5673535016,,7.249794546511485,2.8178420108928592,
929538789876463,2025,panoroma_coarse,361382.61629521067,505499.73874528706,54.501828891654704,9.315541297746691,17.1982891736279,prior,north,-9.315541297746677,0.7017208413001912,0.3702290076335878,False,1.907545880565966,True,361386.3854097022,505491.3386266583,,9.20696567970828,6.797988604562015,
929538789876463,2025,panoroma_fine,361382.61629521067,505499.73874528706,54.501828891654704,9.315541297746691,17.1982891736279,prior,north,-9.315541297746677,0.7017208413001912,0.3702290076335878,False,1.907545880565966,True,361384.62715748535,505490.5988426166,,9.358492822736375,7.432480320679431,
929538789876463,2025,panoroma_two_pass,361382.61629521067,505499.73874528706,54.501828891654704,9.315541297746691,17.1982891736279,prior,north,-9.315541297746677,0.7017208413001912,0.3702290076335878,False,1.907545880565966,True,361384.62715748535,505490.5988426166,,9.358492822736375,7.432480320679431,
929538789876463,2024,panoroma_coarse,361382.61629521067,505499.73874528706,54.501828891654704,9.315541297746691,17.1982891736279,prior,north,-9.315541297746677,0.39425587467362927,0.43,False,4.078112232056434,True,361386.96565071645,505494.8992037093,,6.5067700127075385,2.776083296630934,
929538789876463,2024,panoroma_fine,361382.61629521067,505499.73874528706,54.501828891654704,9.315541297746691,17.1982891736279,prior,north,-9.315541297746677,0.39425587467362927,0.43,False,4.078112232056434,True,361384.1852986991,505491.9158093276,,7.97872790439131,7.104177650941449,
929538789876463,2024,panoroma_two_pass,361382.61629521067,505499.73874528706,54.501828891654704,9.315541297746691,17.1982891736279,prior,north,-9.315541297746677,0.39425587467362927,0.43,False,4.078112232056434,True,361384.1852986991,505491.9158093276,,7.97872790439131,7.104177650941449,
1736493034133252,2025,panoroma_coarse,361376.68114395306,505464.6876076674,100.01794967969442,-4.190006797842443,29.5209337350393,prior,north,4.190006797842443,0.4906716417910448,0.40105540897097625,False,4.852195718505881,True,361372.8055204989,505456.4682967404,,9.087217906140069,3.8894926178080538,
1736493034133252,2025,panoroma_fine,361376.68114395306,505464.6876076674,100.01794967969442,-4.190006797842443,29.5209337350393,prior,north,4.190006797842443,0.4906716417910448,0.40105540897097625,False,4.852195718505881,True,361376.4642076158,505459.6554289734,,5.036852567138969,3.413550027819226,
1736493034133252,2025,panoroma_two_pass,361376.68114395306,505464.6876076674,100.01794967969442,-4.190006797842443,29.5209337350393,prior,north,4.190006797842443,0.4906716417910448,0.40105540897097625,False,4.852195718505881,True,361376.4642076158,505459.6554289734,,5.036852567138969,3.413550027819226,
1736493034133252,2024,panoroma_coarse,361376.68114395306,505464.6876076674,100.01794967969442,-4.190006797842443,29.5209337350393,prior,north,4.190006797842443,0.5606060606060606,0.4623376623376623,False,3.9681752157947434,True,361373.6350925971,505458.7872307406,,6.640246738006467,5.470728798265531,
1736493034133252,2024,panoroma_fine,361376.68114395306,505464.6876076674,100.01794967969442,-4.190006797842443,29.5209337350393,prior,north,4.190006797842443,0.5606060606060606,0.4623376623376623,False,3.9681752157947434,True,361376.9199160949,505461.01351669064,,3.681841474222221,4.388713402824535,
1736493034133252,2024,panoroma_two_pass,361376.68114395306,505464.6876076674,100.01794967969442,-4.190006797842443,29.5209337350393,prior,north,4.190006797842443,0.5606060606060606,0.4623376623376623,False,3.9681752157947434,True,361376.9199160949,505461.01351669064,,3.681841474222221,4.388713402824535,
2001244650439529,2025,panoroma_coarse,361378.1259606169,505432.5480952319,60.5864528032553,2.812619304964123,6.0623610344927865,prior,north,-2.81261930496413,0.3912448700410397,0.3835125448028674,False,2.551860630921693,True,361379.44981110207,505429.46596956084,,3.3544118350414642,1.6672047705953077,
2001244650439529,2025,panoroma_fine,361378.1259606169,505432.5480952319,60.5864528032553,2.812619304964123,6.0623610344927865,prior,north,-2.81261930496413,0.3912448700410397,0.3835125448028674,False,2.551860630921693,True,361376.95368637826,505428.9355413914,,3.797995805838404,2.474932318494013,
2001244650439529,2025,panoroma_two_pass,361378.1259606169,505432.5480952319,60.5864528032553,2.812619304964123,6.0623610344927865,prior,north,-2.81261930496413,0.3912448700410397,0.3835125448028674,False,2.551860630921693,True,361376.95368637826,505428.9355413914,,3.797995805838404,2.474932318494013,
2001244650439529,2024,panoroma_coarse,361378.1259606169,505432.5480952319,60.5864528032553,2.812619304964123,6.0623610344927865,prior,north,-2.81261930496413,0.6655737704918033,0.37435008665511266,False,2.9575154329939797,True,361378.65661092044,505429.95446542697,,2.647358175526077,4.594432156632712,
2001244650439529,2024,panoroma_fine,361378.1259606169,505432.5480952319,60.5864528032553,2.812619304964123,6.0623610344927865,prior,north,-2.81261930496413,0.6655737704918033,0.37435008665511266,False,2.9575154329939797,True,361375.97147829924,505428.71472338005,,4.397332579140731,6.0935639332529545,
2001244650439529,2024,panoroma_two_pass,361378.1259606169,505432.5480952319,60.5864528032553,2.812619304964123,6.0623610344927865,prior,north,-2.81261930496413,0.6655737704918033,0.37435008665511266,False,2.9575154329939797,True,361375.97147829924,505428.71472338005,,4.397332579140731,6.0935639332529545,
2042982259659935,2025,panoroma_coarse,361402.5514528438,505412.2859219806,34.54901273914318,4.786739326289158,13.914701780048755,prior,north,-4.786739326289165,0.6485355648535565,0.432258064516129,False,2.170522070254501,True,361402.788994601,505407.2417089313,,5.049803102458551,3.5074726345049743,
2042982259659935,2025,panoroma_fine,361402.5514528438,505412.2859219806,34.54901273914318,4.786739326289158,13.914701780048755,prior,north,-4.786739326289165,0.6485355648535565,0.432258064516129,False,2.170522070254501,True,361401.70140006224,505409.12008700205,,3.27797206257444,6.8166532541507,
2042982259659935,2025,panoroma_two_pass,361402.5514528438,505412.2859219806,34.54901273914318,4.786739326289158,13.914701780048755,prior,north,-4.786739326289165,0.6485355648535565,0.432258064516129,False,2.170522070254501,True,361401.70140006224,505409.12008700205,,3.27797206257444,6.8166532541507,
2042982259659935,2024,panoroma_coarse,361402.5514528438,505412.2859219806,34.54901273914318,4.786739326289158,13.914701780048755,prior,north,-4.786739326289165,0.6959183673469388,0.3912175648702595,False,2.8478640818153016,True,361401.2463511234,505405.775104839,,6.640333602487931,0.8440724848217138,
2042982259659935,2024,panoroma_fine,361402.5514528438,505412.2859219806,34.54901273914318,4.786739326289158,13.914701780048755,prior,north,-4.786739326289165,0.6959183673469388,0.3912175648702595,False,2.8478640818153016,True,361400.3121473016,505408.46538234287,,4.428432277343846,1.5180430867077008,
2042982259659935,2024,panoroma_two_pass,361402.5514528438,505412.2859219806,34.54901273914318,4.786739326289158,13.914701780048755,prior,north,-4.786739326289165,0.6959183673469388,0.3912175648702595,False,2.8478640818153016,True,361400.3121473016,505408.46538234287,,4.428432277343846,1.5180430867077008,
1414668144105202,2025,panoroma_coarse,361429.77660105436,505392.94916052837,36.35041238830319,1.7316749937805653,17.5722933967522,prior,north,-1.7316749937805582,0.6846846846846847,0.43559718969555034,False,4.145497649046971,True,361423.61871633935,505388.5559137248,,7.564400943910262,1.7079034630776666,
1414668144105202,2025,panoroma_fine,361429.77660105436,505392.94916052837,36.35041238830319,1.7316749937805653,17.5722933967522,prior,north,-1.7316749937805582,0.6846846846846847,0.43559718969555034,False,4.145497649046971,True,361424.72839706176,505392.55012947426,,5.063949973394276,7.970602587628038,
1414668144105202,2025,panoroma_two_pass,361429.77660105436,505392.94916052837,36.35041238830319,1.7316749937805653,17.5722933967522,prior,north,-1.7316749937805582,0.6846846846846847,0.43559718969555034,False,4.145497649046971,True,361424.72839706176,505392.55012947426,,5.063949973394276,7.970602587628038,
1414668144105202,2024,panoroma_coarse,361429.77660105436,505392.94916052837,36.35041238830319,1.7316749937805653,17.5722933967522,prior,north,-1.7316749937805582,0.5245614035087719,0.4756637168141593,False,2.8618335964675143,True,361425.48296016786,505388.26703614637,,6.352766388801349,0.3544343253423015,
1414668144105202,2024,panoroma_fine,361429.77660105436,505392.94916052837,36.35041238830319,1.7316749937805653,17.5722933967522,prior,north,-1.7316749937805582,0.5245614035087719,0.4756637168141593,False,2.8618335964675143,True,361424.8715735224,505391.0628004254,,5.255249711229763,7.4105684025745395,
1414668144105202,2024,panoroma_two_pass,361429.77660105436,505392.94916052837,36.35041238830319,1.7316749937805653,17.5722933967522,prior,north,-1.7316749937805582,0.5245614035087719,0.4756637168141593,False,2.8618335964675143,True,361424.8715735224,505391.0628004254,,5.255249711229763,7.4105684025745395,
1618985639622967,2025,panoroma_coarse,361660.73672209936,505384.5892911423,341.9133629584468,7.844000921557267,29.359748948213433,prior,north,-7.844000921557267,0.846815834767642,0.506993006993007,False,2.367815756926184,True,361668.53050195775,505385.66007396753,,7.866993093922952,9.395027002985428,
1618985639622967,2025,panoroma_fine,361660.73672209936,505384.5892911423,341.9133629584468,7.844000921557267,29.359748948213433,prior,north,-7.844000921557267,0.846815834767642,0.506993006993007,False,2.367815756926184,True,361667.41022455506,505387.7461060861,,7.382487088763842,6.99311973053676,
1618985639622967,2025,panoroma_two_pass,361660.73672209936,505384.5892911423,341.9133629584468,7.844000921557267,29.359748948213433,prior,north,-7.844000921557267,0.846815834767642,0.506993006993007,False,2.367815756926184,True,361667.41022455506,505387.7461060861,,7.382487088763842,6.99311973053676,
1618985639622967,2024,panoroma_coarse,361660.73672209936,505384.5892911423,341.9133629584468,7.844000921557267,29.359748948213433,prior,north,-7.844000921557267,0.3309608540925267,0.5437392795883362,False,3.0141041631258805,True,361670.32823890535,505385.48925024783,,9.63364526185019,4.873838387797845,
1618985639622967,2024,panoroma_fine,361660.73672209936,505384.5892911423,341.9133629584468,7.844000921557267,29.359748948213433,prior,north,-7.844000921557267,0.3309608540925267,0.5437392795883362,False,3.0141041631258805,True,361668.01998300524,505387.4274913592,,7.816730128017224,3.481681993196307,
1618985639622967,2024,panoroma_two_pass,361660.73672209936,505384.5892911423,341.9133629584468,7.844000921557267,29.359748948213433,prior,north,-7.844000921557267,0.3309608540925267,0.5437392795883362,False,3.0141041631258805,True,361668.01998300524,505387.4274913592,,7.816730128017224,3.481681993196307,
1474764354670842,2025,panoroma_coarse,361440.31565603625,505384.64882748015,38.95936464265365,1.73382380245949,27.48373705659677,prior,north,-1.733823802459483,0.5230496453900709,0.43875685557586835,False,4.964448789811617,True,361458.46692397055,505371.56827468984,,22.373408075725095,4.637117518145528,
1474764354670842,2025,panoroma_fine,361440.31565603625,505384.64882748015,38.95936464265365,1.73382380245949,27.48373705659677,prior,north,-1.733823802459483,0.5230496453900709,0.43875685557586835,False,4.964448789811617,True,361456.7956298734,505366.89360595,,24.224727640534184,0.5920144339138014,
1474764354670842,2025,panoroma_two_pass,361440.31565603625,505384.64882748015,38.95936464265365,1.73382380245949,27.48373705659677,prior,north,-1.733823802459483,0.5230496453900709,0.43875685557586835,False,4.964448789811617,True,361456.7956298734,505366.89360595,,24.224727640534184,0.5920144339138014,
1474764354670842,2024,panoroma_coarse,361440.31565603625,505384.64882748015,38.95936464265365,1.73382380245949,27.48373705659677,prior,north,-1.733823802459483,0.5822550831792976,0.3972055888223553,False,2.93057189585744,True,361455.3475337888,505371.8452746188,,19.74558975166118,0.4587850362449922,
1474764354670842,2024,panoroma_fine,361440.31565603625,505384.64882748015,38.95936464265365,1.73382380245949,27.48373705659677,prior,north,-1.733823802459483,0.5822550831792976,0.3972055888223553,False,2.93057189585744,True,361454.18818595906,505369.15377610567,,20.797685052840976,5.671604425197221,
1474764354670842,2024,panoroma_two_pass,361440.31565603625,505384.64882748015,38.95936464265365,1.73382380245949,27.48373705659677,prior,north,-1.733823802459483,0.5822550831792976,0.3972055888223553,False,2.93057189585744,True,361454.18818595906,505369.15377610567,,20.797685052840976,5.671604425197221,
1068392369135122,2025,panoroma_coarse,361663.91543647763,505385.67106408905,341.2056764857247,2.6500842519182015,12.54106987823019,prior,north,-2.6500842519182015,0.8063943161634103,0.5249169435215947,False,2.7520991868258258,True,361653.7835595334,505383.18167509383,,10.433215610838669,3.6045629994954185,
1068392369135122,2025,panoroma_fine,361663.91543647763,505385.67106408905,341.2056764857247,2.6500842519182015,12.54106987823019,prior,north,-2.6500842519182015,0.8063943161634103,0.5249169435215947,False,2.7520991868258258,True,361651.49542704376,505384.7108904625,,12.457068986348006,5.707902667061067,
1068392369135122,2025,panoroma_two_pass,361663.91543647763,505385.67106408905,341.2056764857247,2.6500842519182015,12.54106987823019,prior,north,-2.6500842519182015,0.8063943161634103,0.5249169435215947,False,2.7520991868258258,True,361651.49542704376,505384.7108904625,,12.457068986348006,5.707902667061067,
1068392369135122,2024,panoroma_coarse,361663.91543647763,505385.67106408905,341.2056764857247,2.6500842519182015,12.54106987823019,prior,north,-2.6500842519182015,0.8017699115044248,0.4725609756097561,False,1.0263280033812896,True,361653.56140153896,505383.0536812856,,10.67973465265784,3.3686938913859867,
1068392369135122,2024,panoroma_fine,361663.91543647763,505385.67106408905,341.2056764857247,2.6500842519182015,12.54106987823019,prior,north,-2.6500842519182015,0.8017699115044248,0.4725609756097561,False,1.0263280033812896,True,361652.6001219125,505383.4132513764,,11.538373453546503,9.736590210685089,
1068392369135122,2024,panoroma_two_pass,361663.91543647763,505385.67106408905,341.2056764857247,2.6500842519182015,12.54106987823019,prior,north,-2.6500842519182015,0.8017699115044248,0.4725609756097561,False,1.0263280033812896,True,361652.6001219125,505383.4132513764,,11.538373453546503,9.736590210685089,
1564945198650080,2025,panoroma_coarse,361437.8867985086,505386.64270352945,38.26679697796344,1.9030999254935423,20.927605013646513,prior,north,-1.9030999254935352,0.7190265486725663,0.43380855397148677,False,0.5721768510209684,True,361435.53613402793,505385.1158030481,,2.8030427361350636,0.10598451593539908,
1564945198650080,2025,panoroma_fine,361437.8867985086,505386.64270352945,38.26679697796344,1.9030999254935423,20.927605013646513,prior,north,-1.9030999254935352,0.7190265486725663,0.43380855397148677,False,0.5721768510209684,True,361435.55821964575,505384.54405260045,,3.1347432498011796,1.2101717026807501,
1564945198650080,2025,panoroma_two_pass,361437.8867985086,505386.64270352945,38.26679697796344,1.9030999254935423,20.927605013646513,prior,north,-1.9030999254935352,0.7190265486725663,0.43380855397148677,False,0.5721768510209684,True,361435.55821964575,505384.54405260045,,3.1347432498011796,1.2101717026807501,
1564945198650080,2024,panoroma_coarse,361437.8867985086,505386.64270352945,38.26679697796344,1.9030999254935423,20.927605013646513,prior,north,-1.9030999254935352,0.7362385321100917,0.4780793319415449,False,3.3497106762491398,True,361434.9277458258,505385.95060817385,,3.0389124305909943,1.6381421109859202,
1564945198650080,2024,panoroma_fine,361437.8867985086,505386.64270352945,38.26679697796344,1.9030999254935423,20.927605013646513,prior,north,-1.9030999254935352,0.7362385321100917,0.4780793319415449,False,3.3497106762491398,True,361431.7220648188,505386.92229273985,,6.1710705386308,16.664973248091638,
1564945198650080,2024,panoroma_two_pass,361437.8867985086,505386.64270352945,38.26679697796344,1.9030999254935423,20.927605013646513,prior,north,-1.9030999254935352,0.7362385321100917,0.4780793319415449,False,3.3497106762491398,True,361431.7220648188,505386.92229273985,,6.1710705386308,16.664973248091638,
4615440378688443,2025,panoroma_coarse,361667.09693574253,505386.74030265305,341.80319371641906,-2.3483484034853177,12.340544478423272,prior,north,2.3483484034853177,0.7515923566878981,0.4574314574314574,False,3.2414414733774186,True,361656.38912428805,505382.9098745326,,11.372308724736916,0.3033600950316509,
4615440378688443,2025,panoroma_fine,361667.09693574253,505386.74030265305,341.80319371641906,-2.3483484034853177,12.340544478423272,prior,north,2.3483484034853177,0.7515923566878981,0.4574314574314574,False,3.2414414733774186,True,361653.1995394552,505383.48736169195,,14.27302520365797,5.635708943350896,
4615440378688443,2025,panoroma_two_pass,361667.09693574253,505386.74030265305,341.80319371641906,-2.3483484034853177,12.340544478423272,prior,north,2.3483484034853177,0.7515923566878981,0.4574314574314574,False,3.2414414733774186,True,361653.1995394552,505383.48736169195,,14.27302520365797,5.635708943350896,
4615440378688443,2024,panoroma_coarse,361667.09693574253,505386.74030265305,341.80319371641906,-2.3483484034853177,12.340544478423272,prior,north,2.3483484034853177,0.7779578606158833,0.4858757062146893,False,2.940899014527973,True,361655.34030865383,505383.2809685299,,12.25501012150721,1.1220424513993474,
4615440378688443,2024,panoroma_fine,361667.09693574253,505386.74030265305,341.80319371641906,-2.3483484034853177,12.340544478423272,prior,north,2.3483484034853177,0.7779578606158833,0.4858757062146893,False,2.940899014527973,True,361658.2810726637,505383.2527896078,,9.480621765746589,1.4590033261794317,
4615440378688443,2024,panoroma_two_pass,361667.09693574253,505386.74030265305,341.80319371641906,-2.3483484034853177,12.340544478423272,prior,north,2.3483484034853177,0.7779578606158833,0.4858757062146893,False,2.940899014527973,True,361658.2810726637,505383.2527896078,,9.480621765746589,1.4590033261794317,
2475590072940447,2025,panoroma_coarse,361435.191131282,505388.7912223553,37.60874143036869,6.561074116439073,21.861872817515597,prior,north,-6.561074116439073,0.5628997867803838,0.47577092511013214,False,4.3698648705828065,True,361433.5081960686,505384.23468270106,,4.857398949389127,3.887127878686194,
2475590072940447,2025,panoroma_fine,361435.191131282,505388.7912223553,37.60874143036869,6.561074116439073,21.861872817515597,prior,north,-6.561074116439073,0.5628997867803838,0.47577092511013214,False,4.3698648705828065,True,361430.1467986652,505387.026944595,,5.343965527999276,2.9209510033141544,
2475590072940447,2025,panoroma_two_pass,361435.191131282,505388.7912223553,37.60874143036869,6.561074116439073,21.861872817515597,prior,north,-6.561074116439073,0.5628997867803838,0.47577092511013214,False,4.3698648705828065,True,361430.1467986652,505387.026944595,,5.343965527999276,2.9209510033141544,
2475590072940447,2024,panoroma_coarse,361435.191131282,505388.7912223553,37.60874143036869,6.561074116439073,21.861872817515597,prior,north,-6.561074116439073,0.6532438478747203,0.5066666666666667,False,4.439195591693251,True,361434.3036566468,505384.613066263,,4.271369752225365,3.0583006148347645,
2475590072940447,2024,panoroma_fine,361435.191131282,505388.7912223553,37.60874143036869,6.561074116439073,21.861872817515597,prior,north,-6.561074116439073,0.6532438478747203,0.5066666666666667,False,4.439195591693251,True,361430.53126137663,505386.95304306346,,5.009320377473726,2.4968784585525206,
2475590072940447,2024,panoroma_two_pass,361435.191131282,505388.7912223553,37.60874143036869,6.561074116439073,21.861872817515597,prior,north,-6.561074116439073,0.6532438478747203,0.5066666666666667,False,4.439195591693251,True,361430.53126137663,505386.95304306346,,5.009320377473726,2.4968784585525206,
1396114019377954,2025,panoroma_coarse,361670.2548139775,505387.72986708675,342.5975018495259,4.9904432314068,12.802808954800723,prior,north,-4.9904432314068,0.8310104529616724,0.5224913494809689,False,1.3082628083589531,True,361659.922140317,505383.2998307692,,11.242302555528571,6.466245941690479,
1396114019377954,2025,panoroma_fine,361670.2548139775,505387.72986708675,342.5975018495259,4.9904432314068,12.802808954800723,prior,north,-4.9904432314068,0.8310104529616724,0.5224913494809689,False,1.3082628083589531,True,361660.28961887734,505384.5554226947,,10.458595057779355,13.604851919650786,
1396114019377954,2025,panoroma_two_pass,361670.2548139775,505387.72986708675,342.5975018495259,4.9904432314068,12.802808954800723,prior,north,-4.9904432314068,0.8310104529616724,0.5224913494809689,False,1.3082628083589531,True,361660.28961887734,505384.5554226947,,10.458595057779355,13.604851919650786,
1396114019377954,2024,panoroma_coarse,361670.2548139775,505387.72986708675,342.5975018495259,4.9904432314068,12.802808954800723,prior,north,-4.9904432314068,0.8244972577696527,0.4080536912751678,False,3.0682152411087134,True,361659.3667664397,505383.7712072194,,11.585360034599054,8.51358892891226,
1396114019377954,2024,panoroma_fine,361670.2548139775,505387.72986708675,342.5975018495259,4.9904432314068,12.802808954800723,prior,north,-4.9904432314068,0.8244972577696527,0.4080536912751678,False,3.0682152411087134,True,361662.43044407933,505383.60440168605,,8.845350703950947,23.052510748492317,
1396114019377954,2024,panoroma_two_pass,361670.2548139775,505387.72986708675,342.5975018495259,4.9904432314068,12.802808954800723,prior,north,-4.9904432314068,0.8244972577696527,0.4080536912751678,False,3.0682152411087134,True,361662.43044407933,505383.60440168605,,8.845350703950947,23.052510748492317,
2297705431003261,2025,panoroma_coarse,361692.0407925941,505395.04660389107,341.62760906800236,8.285998239926982,13.096277008695289,prior,north,-8.285998239926982,0.8259493670886076,0.7868725868725869,False,5.060363527437791,True,361684.93752258545,505390.78033216647,,8.285983299747752,5.915299906223665,
2297705431003261,2025,panoroma_fine,361692.0407925941,505395.04660389107,341.62760906800236,8.285998239926982,13.096277008695289,prior,north,-8.285998239926982,0.8259493670886076,0.7868725868725869,False,5.060363527437791,True,361679.9084120846,505390.2187926751,,13.05765744546435,6.005979738930291,
2297705431003261,2025,panoroma_two_pass,361692.0407925941,505395.04660389107,341.62760906800236,8.285998239926982,13.096277008695289,prior,north,-8.285998239926982,0.8259493670886076,0.7868725868725869,False,5.060363527437791,True,361679.9084120846,505390.2187926751,,13.05765744546435,6.005979738930291,
2297705431003261,2024,panoroma_coarse,361692.0407925941,505395.04660389107,341.62760906800236,8.285998239926982,13.096277008695289,prior,north,-8.285998239926982,0.8572949946751863,0.7196916608269096,False,3.4507822724611192,True,361683.14544523065,505391.79425345996,,9.471271722575512,8.179677429492633,
2297705431003261,2024,panoroma_fine,361692.0407925941,505395.04660389107,341.62760906800236,8.285998239926982,13.096277008695289,prior,north,-8.285998239926982,0.8572949946751863,0.7196916608269096,False,3.4507822724611192,True,361679.72879145003,505392.27837662137,,12.619368224587824,3.2882785285607943,
2297705431003261,2024,panoroma_two_pass,361692.0407925941,505395.04660389107,341.62760906800236,8.285998239926982,13.096277008695289,prior,north,-8.285998239926982,0.8572949946751863,0.7196916608269096,False,3.4507822724611192,True,361679.72879145003,505392.27837662137,,12.619368224587824,3.2882785285607943,
3578370962341082,2025,panoroma_coarse,361722.43283607205,505405.1593217058,341.70905350321345,9.194914049966599,17.401209465369714,prior,north,-9.194914049966599,0.8513931888544891,0.3770491803278688,False,4.10685527661738,True,361738.4915652881,505408.0876289109,,16.323534149250975,10.796663701069747,
3578370962341082,2025,panoroma_fine,361722.43283607205,505405.1593217058,341.70905350321345,9.194914049966599,17.401209465369714,prior,north,-9.194914049966599,0.8513931888544891,0.3770491803278688,False,4.10685527661738,True,361742.56456326117,505408.61388718814,,20.425975185746402,19.11318864660569,
3578370962341082,2025,panoroma_two_pass,361722.43283607205,505405.1593217058,341.70905350321345,9.194914049966599,17.401209465369714,prior,north,-9.194914049966599,0.8513931888544891,0.3770491803278688,False,4.10685527661738,True,361742.56456326117,505408.61388718814,,20.425975185746402,19.11318864660569,
3578370962341082,2024,panoroma_coarse,361722.43283607205,505405.1593217058,341.70905350321345,9.194914049966599,17.401209465369714,prior,north,-9.194914049966599,0.8132530120481928,0.43556701030927836,False,1.852048391472751,True,361738.83714718773,505409.8532875792,,17.06267091637575,11.882786186697642,
3578370962341082,2024,panoroma_fine,361722.43283607205,505405.1593217058,341.70905350321345,9.194914049966599,17.401209465369714,prior,north,-9.194914049966599,0.8132530120481928,0.43556701030927836,False,1.852048391472751,True,361738.9549752177,505408.00499112037,,16.765408326818324,5.698962072303798,
3578370962341082,2024,panoroma_two_pass,361722.43283607205,505405.1593217058,341.70905350321345,9.194914049966599,17.401209465369714,prior,north,-9.194914049966599,0.8132530120481928,0.43556701030927836,False,1.852048391472751,True,361738.9549752177,505408.00499112037,,16.765408326818324,5.698962072303798,
