frame_id,year,method,gt_e,gt_n,gt_yaw,crop_rot_deg,centre_guess_m,rho_deg,yaw_r_deg,scale,n_valid_tokens,heading,depth,ok,pred_e,pred_n,pred_yaw,err_m,err_deg,error
2095057974553082,2025,loc2,360026.3821716677,504344.61452205386,81.42574118763453,2.725570345245515,6.078716834144202,0.0,5.819650650024414,0.9509047269821167,1316,prior,unik3d,True,360025.2988693368,504343.13231383084,78.33166029908935,1.835888111129194,3.094080888545193,
2095057974553082,2024,loc2,360026.3821716677,504344.61452205386,81.42574118763453,2.725570345245515,6.078716834144202,0.0,7.437432765960693,1.0477063655853271,1316,prior,unik3d,True,360026.1708847067,504342.2447788229,76.71387877092077,2.37914378730744,4.711862416713757,
2134127433808624,2025,loc2,360032.84761322686,504307.9422390545,69.43286538919972,2.7334306631946674,11.661891745019847,0.0,3.447674512863159,0.9475802779197693,842,prior,unik3d,True,360030.42638336105,504306.48422049865,68.71862116777666,2.8263354670370435,0.7142442214230584,
2134127433808624,2024,loc2,360032.84761322686,504307.9422390545,69.43286538919972,2.7334306631946674,11.661891745019847,0.0,3.4793570041656494,0.967151939868927,842,prior,unik3d,True,360030.9482867993,504306.4242499229,68.68693878872014,2.4314053306535697,0.7459266004795779,
28398706986416513,2025,loc2,360060.1043976202,504303.69896460697,354.88874202101726,-0.9760247201908214,15.006479104534213,0.0,-5.883004665374756,0.941638171672821,1313,prior,unik3d,True,360058.8410178001,504301.61783873336,359.79572203469587,2.434586920121668,4.906980013678606,
28398706986416513,2024,loc2,360060.1043976202,504303.69896460697,354.88874202101726,-0.9760247201908214,15.006479104534213,0.0,-5.973968505859375,0.9293916821479797,1313,prior,unik3d,True,360057.67625834816,504300.6091137059,359.88668671461716,3.92976321361151,4.997944693599891,
1100804636233191,2025,loc2,360094.6966482403,504308.69749890827,349.42166902017294,-2.161816277693731,21.24791738217679,0.0,3.7178237438201904,0.9816247820854187,2619,prior,unik3d,True,360071.33740130666,504303.76355382975,343.5420288554382,23.874635732204606,5.879640164734724,
1100804636233191,2024,loc2,360094.6966482403,504308.69749890827,349.42166902017294,-2.161816277693731,21.24791738217679,0.0,-12.575624465942383,1.2037994861602783,2619,prior,unik3d,True,360067.55625705194,504303.1996399787,359.83547587540903,27.691646514207623,10.41380685523609,
1794136951725433,2025,loc2,360128.5122393634,504314.32278087456,350.37814580786244,-5.31579783024938,18.831871251631615,0.0,-1.2330926656723022,0.8161299824714661,2641,prior,unik3d,True,360125.82938826364,504312.9256805899,346.2954408484137,3.0248271403187417,4.0827049594487335,
1794136951725433,2024,loc2,360128.5122393634,504314.32278087456,350.37814580786244,-5.31579783024938,18.831871251631615,0.0,-11.438980102539062,0.8031966090202332,2641,prior,unik3d,True,360130.94286755513,504312.2598829043,356.5013276388992,3.1880246928423523,6.1231818310367885,
2250285992180932,2025,loc2,360142.6419883799,504291.9622382168,80.71202241156853,-8.90746811004847,30.21488618115079,0.0,22.033634185791016,0.6887621879577637,2102,prior,unik3d,True,360150.68105646234,504334.51364724163,49.77091954370154,43.30414559410643,30.941102867866988,
2250285992180932,2024,loc2,360142.6419883799,504291.9622382168,80.71202241156853,-8.90746811004847,30.21488618115079,0.0,-5.7974934577941895,0.6426497101783752,2102,prior,unik3d,True,360137.3998402111,504293.95089180325,77.60204801182073,5.606679990028839,3.1099743997477844,
1113377307836084,2025,loc2,360152.59731493844,504260.3036048608,31.148380222847756,-2.1963602555590036,17.530503018157212,0.0,-3.0268352031707764,1.1243740320205688,1769,prior,unik3d,True,360151.3081097777,504259.30622129963,31.97885543453612,1.629976660744911,0.8304752116883662,
1113377307836084,2024,loc2,360152.59731493844,504260.3036048608,31.148380222847756,-2.1963602555590036,17.530503018157212,0.0,-5.824975490570068,0.9844601154327393,1769,prior,unik3d,True,360151.94967437035,504258.52841317025,34.776995302006114,1.8896411944057405,3.628615079158351,
2163701757795311,2025,loc2,360185.94907221664,504266.20596416295,348.4601985591976,-3.8132556254095675,26.62386681226079,0.0,-2.9628756046295166,0.9626107215881348,1551,prior,unik3d,True,360185.3464729844,504263.47157886357,347.6098184280621,2.7999980000248152,0.8503801311354664,
2163701757795311,2024,loc2,360185.94907221664,504266.20596416295,348.4601985591976,-3.8132556254095675,26.62386681226079,0.0,-47.939422607421875,1.020142674446106,1551,prior,unik3d,True,360166.3165845062,504242.91332060867,32.58636423569601,30.462793986229762,44.12616567649843,
1407730031543039,2025,loc2,360163.45460668084,504260.85942704603,167.10602898892608,3.2101088841156695,16.20263947224276,0.0,4.701821327209473,1.1119269132614136,1611,prior,unik3d,True,360161.7247148889,504260.3347780857,165.6143162372692,1.8077007892337627,1.491712751656877,
1407730031543039,2024,loc2,360163.45460668084,504260.85942704603,167.10602898892608,3.2101088841156695,16.20263947224276,0.0,4.2215118408203125,1.0665582418441772,1611,prior,unik3d,True,360164.6170250174,504259.0410171177,166.094626213272,2.1582008842275675,1.0114027756540906,
4644665985853547,2025,loc2,360145.23046914255,504280.3795425352,256.1522303114766,-0.6694210753320533,6.890667594968546,0.0,-2.6857192516326904,1.3288466930389404,3192,prior,unik3d,True,360144.9565879267,504279.07321116957,258.16852865072866,1.334733140797469,2.016298339252046,
4644665985853547,2024,loc2,360145.23046914255,504280.3795425352,256.1522303114766,-0.6694210753320533,6.890667594968546,0.0,0.9595962762832642,1.2636680603027344,3192,prior,unik3d,True,360141.6616159753,504295.7166294975,254.52321292448994,15.746839346946164,1.6290173869866749,
2298484727642838,2025,loc2,360140.65024008346,504313.04823736195,285.4108410359246,8.674834325535244,29.29750458347407,0.0,11.48725700378418,0.9805467128753662,2548,prior,unik3d,True,360140.98061340797,504312.855351181,282.59841784267496,0.38255929259118165,2.8124231932496286,
2298484727642838,2024,loc2,360140.65024008346,504313.04823736195,285.4108410359246,8.674834325535244,29.29750458347407,0.0,15.044926643371582,0.8688609600067139,2548,prior,unik3d,True,360096.5988673333,504301.5760600336,279.0407474032051,45.52070181604343,6.370093632719488,
978411255289595,2025,loc2,360172.54386717896,504320.6193851456,353.22410338906485,-8.74934191626511,10.215259135897133,0.0,-6.671319484710693,0.9924669861793518,1695,prior,unik3d,True,360171.0962564857,504320.36281235324,351.1460809861028,1.470172206612417,2.0780224029620626,
978411255289595,2024,loc2,360172.54386717896,504320.6193851456,353.22410338906485,-8.74934191626511,10.215259135897133,0.0,-9.3234224319458,0.9647849798202515,1695,prior,unik3d,True,360172.3834169108,504318.59853679687,353.79818379641137,2.027208015264729,0.5740804073465142,
1394833675537922,2025,loc2,360205.21622605325,504314.60090983845,23.92590491563239,5.465485206348241,24.07275643370788,0.0,8.256660461425781,1.1860183477401733,1813,prior,unik3d,True,360204.58888672304,504313.5311134198,21.134729197565782,1.2401689451828113,2.7911757180665973,
1394833675537922,2024,loc2,360205.21622605325,504314.60090983845,23.92590491563239,5.465485206348241,24.07275643370788,0.0,5.257962703704834,1.2311168909072876,1813,prior,unik3d,True,360204.37960342795,504313.27002077125,24.13342735704663,1.5720060834383651,0.20752244141425535,
1395652132772836,2025,loc2,360212.6186717645,504285.4790996788,104.2002610016034,-5.775530422128938,16.23827392956013,0.0,-6.523608684539795,1.7861337661743164,1358,prior,unik3d,True,360209.50892776594,504281.91876734263,104.94833918959903,4.727205737068733,0.7480781879956453,
1395652132772836,2024,loc2,360212.6186717645,504285.4790996788,104.2002610016034,-5.775530422128938,16.23827392956013,0.0,-7.109385967254639,1.698124885559082,1358,prior,unik3d,True,360210.4418549326,504280.42150322493,105.53411686753407,5.50616140427978,1.3338558659306727,
1400355921620343,2025,loc2,360205.4759034122,504254.55547422264,107.0257488016855,4.523762939345843,22.887741252164506,0.0,-1.4399306774139404,1.5457249879837036,1529,prior,unik3d,True,360209.96996545483,504277.4155816437,112.98944243641164,23.297663079058573,5.963693634726155,
1400355921620343,2024,loc2,360205.4759034122,504254.55547422264,107.0257488016855,4.523762939345843,22.887741252164506,0.0,1.3134033679962158,1.4816011190414429,1529,prior,unik3d,True,360211.2805532415,504277.2491582165,110.23610822690124,23.424287670171665,3.2103594252157563,
1659474219043827,2025,loc2,360194.59397493093,504220.8789819656,105.45750862113835,1.8236946770203843,28.29686517500868,0.0,5.118211269378662,1.3627538681030273,1531,prior,unik3d,True,360194.5748764087,504221.05866813456,102.16299171297719,0.1806982923823789,3.2945169081611425,
1659474219043827,2024,loc2,360194.59397493093,504220.8789819656,105.45750862113835,1.8236946770203843,28.29686517500868,0.0,2.2366511821746826,1.377342700958252,1531,prior,unik3d,True,360195.4038546568,504223.14100106666,105.0445519940042,2.4026309712346223,0.41295662713415027,
3757320467753222,2025,loc2,360184.3176811162,504190.7261088975,109.89330425369523,0.30327979300933805,16.261700513066646,0.0,1.4971002340316772,1.1956151723861694,1717,prior,unik3d,True,360182.8915895109,504191.74061671365,108.69948372962608,1.7501323880992747,1.1938205240691673,
3757320467753222,2024,loc2,360184.3176811162,504190.7261088975,109.89330425369523,0.30327979300933805,16.261700513066646,0.0,1.0119144916534424,1.1893947124481201,1717,prior,unik3d,True,360183.21840146434,504190.64687016635,109.1846695614853,1.1021318113348215,0.7086346922099551,
1084706981111921,2025,loc2,360172.7961192918,504159.78433716483,109.07841537892595,-2.4876025192762796,13.771266339979283,0.0,-1.3359936475753784,1.206240177154541,1598,prior,unik3d,True,360171.0548175295,504157.7993922043,107.92680672735025,2.640480699343526,1.1516086515757138,
1084706981111921,2024,loc2,360172.7961192918,504159.78433716483,109.07841537892595,-2.4876025192762796,13.771266339979283,0.0,-1.7554863691329956,1.1682546138763428,1598,prior,unik3d,True,360171.2023168113,504156.438449864,108.34629946459002,3.7060987813076807,0.7321159143359353,
1569936184813606,2025,loc2,360163.02569056407,504128.34509992413,107.55053766241267,-5.274329366226681,12.848549724647116,0.0,-8.880877494812012,1.4257925748825073,1478,prior,unik3d,True,360168.2518195407,504151.3759672588,111.15708623954552,23.616377246907355,3.6065485771328554,
1569936184813606,2024,loc2,360163.02569056407,504128.34509992413,107.55053766241267,-5.274329366226681,12.848549724647116,0.0,-7.621776103973389,0.9932026863098145,1478,prior,unik3d,True,360160.3813948478,504126.18931757694,109.89798370631081,3.411700069388161,2.3474460438981453,
1966035434037497,2025,loc2,360152.2255144523,504096.58446743246,108.93797822619024,0.46948384629791917,2.954532516091057,0.0,-8.312199592590332,1.135361671447754,1574,prior,unik3d,True,360148.2471619182,504090.93343427865,117.71966204454385,6.910966979464969,8.7816838183536,
1966035434037497,2024,loc2,360152.2255144523,504096.58446743246,108.93797822619024,0.46948384629791917,2.954532516091057,0.0,-0.7306960225105286,1.1726629734039307,1574,prior,unik3d,True,360150.21966087614,504095.48965340905,110.1381581663084,2.2851840877537652,1.2001799401181756,
1897080597943369,2025,loc2,360140.1340845268,504063.5842964947,110.06125082140551,-5.851287951340339,16.00412196530676,0.0,-5.034233570098877,1.0514655113220215,1828,prior,unik3d,True,360137.6156752372,504061.46026887157,109.24419620100073,3.2945225289621094,0.8170546204047753,
1897080597943369,2024,loc2,360140.1340845268,504063.5842964947,110.06125082140551,-5.851287951340339,16.00412196530676,0.0,-5.972368240356445,1.062256097793579,1828,prior,unik3d,True,360137.9700410678,504061.5809172584,110.18233101030955,2.9490019425137133,0.12108018890404537,
962616489483305,2025,loc2,360128.71088285104,504033.5532297725,111.37466616997419,8.473188058930717,16.963064197153102,0.0,4.649488925933838,1.0512468814849854,1934,prior,unik3d,True,360135.8685921324,504055.02035579586,115.19836488870219,22.62897041095728,3.8236987187279965,
962616489483305,2024,loc2,360128.71088285104,504033.5532297725,111.37466616997419,8.473188058930717,16.963064197153102,0.0,9.9201078414917,1.1766057014465332,1934,prior,unik3d,True,360127.2473587809,504033.813372082,109.92774679440544,1.4864645051764802,1.4469193755687684,
2210288512880939,2025,loc2,360119.1444854562,504000.351743727,91.05155375073208,3.7164785849764,5.990761113332569,0.0,7.430606842041016,1.3606115579605103,1995,prior,unik3d,True,360115.95867086365,504001.0399972613,87.33742510286402,3.2593109004504606,3.7141286478680513,
2210288512880939,2024,loc2,360119.1444854562,504000.351743727,91.05155375073208,3.7164785849764,5.990761113332569,0.0,3.0013115406036377,1.123623251914978,1995,prior,unik3d,True,360115.5353789365,504000.5491217293,91.76672096378331,3.6144996813539074,0.7151672130512452,
1039518862467428,2025,loc2,360133.0528596273,503973.5716151353,35.618167811678525,-4.413916958369704,11.332507331853833,0.0,-3.888559341430664,1.0894414186477661,1230,prior,unik3d,True,360132.82933940965,503973.2429262613,35.09281000509996,0.3974891993517622,0.5253578065785689,
1039518862467428,2024,loc2,360133.0528596273,503973.5716151353,35.618167811678525,-4.413916958369704,11.332507331853833,0.0,-7.348790645599365,1.270305871963501,1230,prior,unik3d,True,360132.6823771872,503973.3803204459,38.553041179781516,0.4169543099778921,2.934873368102984,
1068673502542792,2025,loc2,360165.8632651619,503970.6280462332,350.15053243802794,2.886426762550684,12.214114737920937,0.0,3.6586692333221436,1.34593665599823,1579,prior,unik3d,True,360166.78896978265,503968.64568451094,349.37828998660586,2.187849867507317,0.7722424514220734,
1068673502542792,2024,loc2,360165.8632651619,503970.6280462332,350.15053243802794,2.886426762550684,12.214114737920937,0.0,2.41786527633667,1.4005309343338013,1579,prior,unik3d,True,360165.45273537317,503967.2579984859,350.6190935860257,3.394960460264039,0.46856114799777515,
1614796256716672,2025,loc2,360199.6908804353,503976.64319369476,347.084474668747,-2.6424565998051435,15.046450192013534,0.0,-5.329546928405762,1.281037449836731,1378,prior,unik3d,True,360199.5651153535,503974.9080354691,349.7715647823452,1.7397100114086224,2.687090113598174,
1614796256716672,2024,loc2,360199.6908804353,503976.64319369476,347.084474668747,-2.6424565998051435,15.046450192013534,0.0,-4.456485748291016,1.290761113166809,1378,prior,unik3d,True,360200.0647518259,503974.6256124974,348.89850386609453,2.0519292640594924,1.8140291973475087,
1623097549539635,2025,loc2,360230.81751104794,503983.41809891164,347.18431886247004,9.178986444773386,1.8347676850609251,0.0,6.1863813400268555,1.027735948562622,1568,prior,unik3d,True,360231.9723912012,503983.2517635271,350.1769243426398,1.1667971668268164,2.9926054801697433,
1623097549539635,2024,loc2,360230.81751104794,503983.41809891164,347.18431886247004,9.178986444773386,1.8347676850609251,0.0,6.379022598266602,1.023031234741211,1568,prior,unik3d,True,360230.98875179637,503982.3716170237,349.9842831692704,1.060399799924918,2.799964306800348,
1585086595814553,2025,loc2,360265.8288479847,503990.3496837346,348.28538668930594,-6.842024136820726,15.720703665446791,0.0,-5.847206115722656,1.2734259366989136,1452,prior,unik3d,True,360266.2614319365,503989.68202386046,347.2905688655868,0.795549233473491,0.9948178237191314,
1585086595814553,2024,loc2,360265.8288479847,503990.3496837346,348.28538668930594,-6.842024136820726,15.720703665446791,0.0,-4.428094863891602,1.2707915306091309,1452,prior,unik3d,True,360265.7728258749,503989.57439831214,345.8714580826141,0.7773068654370726,2.4139286066918544,
1605463537903045,2025,loc2,360296.4594195853,503997.18667273317,346.64073882745475,-0.20381848934039226,19.853584068747864,0.0,-1.7669665813446045,1.2666277885437012,1454,prior,unik3d,True,360297.39631553355,503995.5551799953,348.2038869468723,1.8813672080502484,1.5631481194175194,
1605463537903045,2024,loc2,360296.4594195853,503997.18667273317,346.64073882745475,-0.20381848934039226,19.853584068747864,0.0,-2.938997507095337,1.2402253150939941,1454,prior,unik3d,True,360299.6018129365,503996.03719150065,349.375917732777,3.3460339325021153,2.7351789053222433,
3789502397873420,2025,loc2,360329.7389217006,504003.7331037838,344.91925715035035,-7.035245201361761,22.509123266098655,0.0,-11.40517520904541,1.1380620002746582,1754,prior,unik3d,True,360328.03297762485,504000.083106749,349.2891868460923,4.028985423624257,4.369929695741973,
3789502397873420,2024,loc2,360329.7389217006,504003.7331037838,344.91925715035035,-7.035245201361761,22.509123266098655,0.0,-4.263275623321533,1.037585735321045,1754,prior,unik3d,True,360327.1577795975,504000.6225462871,342.1472880986587,4.042012184165127,2.7719690516916557,
1950003419008286,2025,loc2,360363.1358821056,504010.94987133984,349.8785002006545,-8.337062201042443,13.1404951610002,0.0,-5.797451019287109,1.0829386711120605,2274,prior,unik3d,True,360362.8898664531,504009.7266060309,347.33888937303317,1.2477586775362925,2.5396108276213454,
1950003419008286,2024,loc2,360363.1358821056,504010.94987133984,349.8785002006545,-8.337062201042443,13.1404951610002,0.0,-6.546187877655029,1.105016827583313,2274,prior,unik3d,True,360363.3760724169,504009.15721859556,348.0876259274143,1.8086722332118303,1.790874273240206,
1783034616269773,2025,loc2,360394.11981327285,504016.33189696353,349.3653990519746,-6.495003192321349,12.270147858824737,0.0,-5.401031970977783,1.1295534372329712,2295,prior,unik3d,True,360394.43660872,504015.19383976556,348.27142775066756,1.1813270255002215,1.0939713013070218,
1783034616269773,2024,loc2,360394.11981327285,504016.33189696353,349.3653990519746,-6.495003192321349,12.270147858824737,0.0,-5.6305437088012695,1.2425494194030762,2295,prior,unik3d,True,360394.5514814432,504014.69057304505,348.50093987236687,1.6971392443408027,0.8644591796077066,
1751971182727263,2025,loc2,360428.991711286,504022.2797679808,350.0611522646833,9.077511800668105,7.782601025164379,0.0,13.174623489379883,1.319985032081604,2181,prior,unik3d,True,360429.54321631446,504020.8738680878,345.96404032826234,1.5102027365928965,4.0971119364209585,
1751971182727263,2024,loc2,360428.991711286,504022.2797679808,350.0611522646833,9.077511800668105,7.782601025164379,0.0,10.415914535522461,1.2335889339447021,2181,prior,unik3d,True,360429.9722922323,504020.6394636826,348.72274845104516,1.9110565619474014,1.3384038136381378,
1041946372000040,2025,loc2,360460.61334308796,504027.6650502281,349.5307363918364,-7.590121279440325,22.887002217588915,0.0,1.6283866167068481,1.2991573810577393,1816,prior,unik3d,True,360434.92154555075,504021.8012294119,340.31222842182393,26.35247341820935,9.218507970012467,
1041946372000040,2024,loc2,360460.61334308796,504027.6650502281,349.5307363918364,-7.590121279440325,22.887002217588915,0.0,1.8388097286224365,1.1973117589950562,1816,prior,unik3d,True,360433.75548480474,504021.4235166408,340.1018052103379,27.57356148710179,9.428931181498513,
1058349307017059,2025,loc2,360492.22805497993,504032.4493259415,350.455605222158,-5.987298730694533,23.168447841648806,0.0,-7.144155025482178,1.1575084924697876,1774,prior,unik3d,True,360489.82440169144,504033.44130142586,351.61246149790395,2.600300846604013,1.1568562757459517,
1058349307017059,2024,loc2,360492.22805497993,504032.4493259415,350.455605222158,-5.987298730694533,23.168447841648806,0.0,-2.0567569732666016,1.2222527265548706,1774,prior,unik3d,True,360489.9801551198,504031.5675930142,346.5250635434691,2.414644225614686,3.9305416786888827,
1588073185524588,2025,loc2,360526.7575126549,504038.45668191835,349.1696028052205,-9.875916858056655,23.77045055515438,0.0,-7.383260726928711,1.1117665767669678,1961,prior,unik3d,True,360523.5223822858,504038.11773932143,346.6769471899579,3.2528373136323983,2.4926556152626063,
1588073185524588,2024,loc2,360526.7575126549,504038.45668191835,349.1696028052205,-9.875916858056655,23.77045055515438,0.0,-4.416511535644531,1.0546023845672607,1961,prior,unik3d,True,360522.3274227464,504037.9441078892,343.7101974076445,4.459644462572934,5.459405397576006,
1098905325943467,2025,loc2,360560.68061371776,504043.917289393,350.5254085542267,-7.000634216850983,18.643697362914146,0.0,-5.586978435516357,1.2214138507843018,2392,prior,unik3d,True,360562.84417723794,504043.35352801473,349.1117521922924,2.235807236215264,1.4136563619343292,
1098905325943467,2024,loc2,360560.68061371776,504043.917289393,350.5254085542267,-7.000634216850983,18.643697362914146,0.0,-3.3263509273529053,1.1660535335540771,2392,prior,unik3d,True,360558.0798364628,504042.50674469635,346.85112539117495,2.9586616351392236,3.6742831630517685,
3499536660219793,2025,loc2,360594.0596022819,504048.21201448794,352.13471761739805,-6.065126177072614,24.942352313325827,0.0,-3.8406684398651123,1.3446582555770874,2376,prior,unik3d,True,360591.6472010572,504047.2160745118,349.91026048654646,2.6098996350583823,2.22445713085159,
3499536660219793,2024,loc2,360594.0596022819,504048.21201448794,352.13471761739805,-6.065126177072614,24.942352313325827,0.0,-6.78385066986084,1.4665361642837524,2376,prior,unik3d,True,360592.9133739277,504046.34070576524,352.85344190865595,2.194455690059621,0.7187242912578995,
2175866539657391,2025,loc2,360627.0786677387,504052.1780074034,348.42048951318594,9.418000040432787,12.590444821784821,0.0,8.348669052124023,1.1899619102478027,2118,prior,unik3d,True,360625.36357041844,504051.8801193079,349.4898207711611,1.7407745791511562,1.0693312579751364,
2175866539657391,2024,loc2,360627.0786677387,504052.1780074034,348.42048951318594,9.418000040432787,12.590444821784821,0.0,9.297832489013672,1.1794153451919556,2118,prior,unik3d,True,360625.37549904495,504051.2325769647,348.5406560293764,1.9479790331932194,0.1201665161904657,
1470108621835604,2025,loc2,360656.9868018321,504057.98584541585,350.7771210413869,2.896819021986232,16.905858048894327,0.0,2.9700679779052734,1.1786619424819946,2203,prior,unik3d,True,360655.8488430957,504057.9224804856,350.70387198611525,1.1397215449921094,0.07324905527167402,
1470108621835604,2024,loc2,360656.9868018321,504057.98584541585,350.7771210413869,2.896819021986232,16.905858048894327,0.0,3.065633535385132,1.2347612380981445,2203,prior,unik3d,True,360656.228757307,504056.9015140742,350.6083063825726,1.3230290853090103,0.16881465881431268,
1261127602821029,2025,loc2,360680.909761988,504040.49847353157,76.3375943069395,-9.677281498632837,19.730306813112847,0.0,-10.768697738647461,1.2830795049667358,1458,prior,unik3d,True,360678.1017996324,504040.04256857943,77.4290103922826,2.844732310004587,1.0914160853430985,
1261127602821029,2024,loc2,360680.909761988,504040.49847353157,76.3375943069395,-9.677281498632837,19.730306813112847,0.0,-11.483846664428711,1.2646639347076416,1458,prior,unik3d,True,360677.55549596273,504040.66579937434,78.14416087694383,3.358436914065267,1.8065665700043496,
1810167326654101,2025,loc2,360686.993854056,504006.6269094348,79.55305043736588,5.206673465197966,24.776480566452555,0.0,7.175226211547852,1.1921864748001099,1628,prior,unik3d,True,360684.79714202136,504008.0519485758,77.58449725520707,2.618449983596258,1.9685531821588143,
1810167326654101,2024,loc2,360686.993854056,504006.6269094348,79.55305043736588,5.206673465197966,24.776480566452555,0.0,9.020758628845215,1.2229381799697876,1628,prior,unik3d,True,360684.8990692991,504006.88928034925,75.73896583389326,2.1111517412180776,3.8140846034726223,
28353982287585850,2025,loc2,360692.8649872906,503972.47876364924,79.66269750615494,4.956407896206599,22.17425146778149,0.0,5.308544158935547,1.2202446460723877,1366,prior,unik3d,True,360691.2643048096,503972.13167435775,79.31056067062183,1.6378813696718684,0.35213683553311625,
28353982287585850,2024,loc2,360692.8649872906,503972.47876364924,79.66269750615494,4.956407896206599,22.17425146778149,0.0,7.164484024047852,0.9733458757400513,1366,prior,unik3d,True,360694.3161946307,503952.00006829074,77.45462186687872,20.53005032459015,2.208075639276217,
3724194881070199,2025,loc2,360698.43418773764,503941.5210407255,79.67306387451882,-6.63715471041823,11.874902683208001,0.0,-5.9872941970825195,1.2841674089431763,1179,prior,unik3d,True,360695.45891872095,503944.82801930915,79.02320291434684,4.448407925793504,0.6498609601719636,
3724194881070199,2024,loc2,360698.43418773764,503941.5210407255,79.67306387451882,-6.63715471041823,11.874902683208001,0.0,-6.395692825317383,1.2575680017471313,1179,prior,unik3d,True,360695.12545808783,503945.56627807143,79.4316014776756,5.226053681345935,0.24146239684321813,
2127011918227183,2025,loc2,360690.3178709857,503914.0249450132,113.26557597296303,-1.2523605222595222,20.33411220255481,0.0,-1.6233556270599365,1.2254836559295654,1616,prior,unik3d,True,360687.4475347475,503914.1370357515,113.63657117392039,2.87252405632007,0.3709952009573385,
2127011918227183,2024,loc2,360690.3178709857,503914.0249450132,113.26557597296303,-1.2523605222595222,20.33411220255481,0.0,-3.1488585472106934,1.2561408281326294,1616,prior,unik3d,True,360688.06933486986,503914.43192809494,115.16207421754949,2.2850710914843355,1.8964982445864393,
1050395951111401,2025,loc2,360694.0420611825,503880.718190806,80.30233984358654,-1.1804938458912488,24.99097162092474,0.0,-2.849138021469116,1.1690527200698853,1891,prior,unik3d,True,360689.99870056956,503878.7849179735,81.97098410123941,4.481775194168081,1.6686442576528862,
1050395951111401,2024,loc2,360694.0420611825,503880.718190806,80.30233984358654,-1.1804938458912488,24.99097162092474,0.0,2.8327317237854004,1.0238035917282104,1891,prior,unik3d,True,360692.77780224755,503858.79195024824,76.28911407642437,21.962658665351675,4.013225767162169,
1833929260931559,2025,loc2,360699.44298365375,503847.9524849532,78.503812065449,1.851528985061421,16.967743238834757,0.0,0.5038454532623291,1.1558773517608643,1705,prior,unik3d,True,360694.30822813214,503868.9491948214,79.85149559485475,21.615446781314343,1.3476835294057423,
1833929260931559,2024,loc2,360699.44298365375,503847.9524849532,78.503812065449,1.851528985061421,16.967743238834757,0.0,2.8244314193725586,1.1781336069107056,1705,prior,unik3d,True,360695.03257806506,503864.9595524069,77.53090948089715,17.569633485970932,0.9729025845518322,
1547432720042956,2025,loc2,360704.86164560367,503815.27723250724,80.3573212672232,-3.9964615209487704,20.14044734815143,0.0,-6.333000183105469,1.0750614404678345,1743,prior,unik3d,True,360701.3987921787,503813.9383621422,82.69386048650989,3.7126712347191106,2.336539219286692,
1547432720042956,2024,loc2,360704.86164560367,503815.27723250724,80.3573212672232,-3.9964615209487704,20.14044734815143,0.0,-4.832530498504639,1.1029455661773682,1743,prior,unik3d,True,360701.19858357223,503813.2652900669,81.19339045389408,4.1792267023294345,0.8360691866708976,
948728088280240,2025,loc2,360720.42209097266,503787.8620452555,31.342302735199002,-0.7030893339949209,12.048001089627288,0.0,-0.018615679815411568,1.1893012523651123,2248,prior,unik3d,True,360719.76105329813,503785.50912475586,30.657829083351068,2.4440142562430136,0.6844736518479237,
948728088280240,2024,loc2,360720.42209097266,503787.8620452555,31.342302735199002,-0.7030893339949209,12.048001089627288,0.0,1.1758753061294556,1.2576799392700195,2248,prior,unik3d,True,360718.72040238196,503784.73766738095,29.46333812395648,3.5577353980607493,1.878964611242509,
1085515110888108,2025,loc2,360727.5431572441,503758.03646339476,81.9371883405536,1.9243925147662821,10.85882330640687,0.0,3.9440386295318604,1.2593339681625366,1369,prior,unik3d,True,360726.5316842542,503758.454428456,79.91754233059353,1.09442788788397,2.01964600996007,
1085515110888108,2024,loc2,360727.5431572441,503758.03646339476,81.9371883405536,1.9243925147662821,10.85882330640687,0.0,1.9913413524627686,1.208566427230835,1369,prior,unik3d,True,360725.9298476845,503756.62596224545,81.87023923249258,2.142960855278247,0.06694910806101007,
1414526570784660,2025,loc2,360749.53874211723,503742.96506125573,350.7055676122848,-7.359073565521157,28.964543147932854,0.0,-7.794065952301025,1.0921597480773926,1323,prior,unik3d,True,360745.22282478726,503742.1689487979,351.1405599843248,4.388728454199585,0.43499237203997154,
1414526570784660,2024,loc2,360749.53874211723,503742.96506125573,350.7055676122848,-7.359073565521157,28.964543147932854,0.0,-7.526109218597412,1.227794885635376,1323,prior,unik3d,True,360745.87459924293,503742.0587719238,350.8726026851813,3.7745600215690405,0.16703507289645358,
4655499598016038,2025,loc2,360783.9939634348,503748.48009199556,350.10718637867046,-5.604337084580777,8.497585644266257,0.0,-3.9624602794647217,1.1448924541473389,1476,prior,unik3d,True,360784.5893906973,503749.337428323,348.46530948768697,1.0438195261836107,1.6418768909834967,
4655499598016038,2024,loc2,360783.9939634348,503748.48009199556,350.10718637867046,-5.604337084580777,8.497585644266257,0.0,-2.757871627807617,1.1714897155761719,1476,prior,unik3d,True,360785.10278429306,503747.9662781419,347.26072103784537,1.2220836190235533,2.846465340825091,
3033300290207352,2025,loc2,360817.63395764213,503753.72948514856,351.99106902931936,-4.479097542094394,24.283266444051378,0.0,-7.694708824157715,1.0142998695373535,1695,prior,unik3d,True,360811.289467933,503753.73840330413,355.2066802689044,6.344495977041082,3.21561123958503,
3033300290207352,2024,loc2,360817.63395764213,503753.72948514856,351.99106902931936,-4.479097542094394,24.283266444051378,0.0,1.4314733743667603,1.0932753086090088,1695,prior,unik3d,True,360807.0969980169,503751.5655852995,346.08049802189686,10.756857380342073,5.910571007422504,
1423796489689610,2025,loc2,360849.0187159285,503754.3348842468,5.7238110324634,9.87751076958628,21.3253140751009,0.0,4.2479729652404785,1.1040784120559692,2117,prior,unik3d,True,360850.31420494325,503754.6798867105,11.353348412147206,1.340641073262746,5.629537379683796,
1423796489689610,2024,loc2,360849.0187159285,503754.3348842468,5.7238110324634,9.87751076958628,21.3253140751009,0.0,8.054183006286621,1.0604090690612793,2117,prior,unik3d,True,360849.2957918613,503753.2452485814,7.547139157454412,1.124311769879624,1.8233281249910078,
2132600394311539,2025,loc2,360880.1354032153,503744.7996306652,26.658949271794334,6.4609772203970905,6.985901107902148,0.0,6.711933135986328,1.2753665447235107,1971,prior,unik3d,True,360878.8862977688,503745.439331912,26.407993561760396,1.4033823789898312,0.250955710033935,
2132600394311539,2024,loc2,360880.1354032153,503744.7996306652,26.658949271794334,6.4609772203970905,6.985901107902148,0.0,7.866671562194824,1.2425388097763062,1971,prior,unik3d,True,360877.8100835551,503744.12070766283,25.25325410481009,2.42240540893181,1.4056951669842306,
989523250818847,2025,loc2,360908.6289439254,503724.0568379499,34.753324911071644,-4.744037194425189,19.700842620780378,0.0,-2.7555296421051025,1.2045482397079468,1549,prior,unik3d,True,360906.2175963671,503724.9071874226,32.76481744217843,2.5568909387109615,1.9885074688932036,
989523250818847,2024,loc2,360908.6289439254,503724.0568379499,34.753324911071644,-4.744037194425189,19.700842620780378,0.0,-4.186205863952637,1.21512770652771,1549,prior,unik3d,True,360904.45919004624,503724.2997857695,34.195493548246674,4.176825475836231,0.5578313628249703,
1632250488424820,2025,loc2,360931.21201359126,503742.673667931,307.71114265255073,-4.238741015149117,8.296340545500817,0.0,-2.680680513381958,1.3671259880065918,1574,prior,unik3d,True,360930.19401879935,503744.6819912376,306.15308233116133,2.2515940798219365,1.558060321389405,
1632250488424820,2024,loc2,360931.21201359126,503742.673667931,307.71114265255073,-4.238741015149117,8.296340545500817,0.0,-4.952943801879883,1.3707505464553833,1574,prior,unik3d,True,360929.1764045899,503744.44385595585,308.42534505646887,2.697641497624595,0.7142024039181365,
2077858049513350,2025,loc2,360958.9264981925,503738.99869255535,36.57943141067384,0.8628324443774247,15.720749995554163,0.0,4.542691707611084,1.0647443532943726,2017,prior,unik3d,True,360956.537128484,503741.7193045995,32.89957186995266,3.6208862863437132,3.679859540721168,
2077858049513350,2024,loc2,360958.9264981925,503738.99869255535,36.57943141067384,0.8628324443774247,15.720749995554163,0.0,0.7476910352706909,1.2479127645492554,2017,prior,unik3d,True,360957.2980159519,503739.9285548539,36.69457280694332,1.8752595292905174,0.11514139626947895,
1589393802867647,2025,loc2,360989.10427757644,503724.1385183977,3.2836355909824206,3.791449615632061,13.620486228676821,0.0,2.5936779975891113,1.29188072681427,2745,prior,unik3d,True,360986.896804197,503724.4368957319,4.4814068922608925,2.2275474752549353,1.1977713012784648,
1589393802867647,2024,loc2,360989.10427757644,503724.1385183977,3.2836355909824206,3.791449615632061,13.620486228676821,0.0,4.172668933868408,1.2721840143203735,2745,prior,unik3d,True,360986.7316703151,503722.14718650014,2.9024162278313215,3.0975261004305605,0.3812193631511036,
1390751626576697,2025,loc2,361021.37273823074,503733.2989859199,327.7075825822231,4.1328737014398484,2.718628931427968,0.0,0.7496985197067261,1.0830308198928833,2500,prior,unik3d,True,361017.2080165069,503733.3330520997,331.0907577393544,4.164861047077889,3.3831751571312907,
1390751626576697,2024,loc2,361021.37273823074,503733.2989859199,327.7075825822231,4.1328737014398484,2.718628931427968,0.0,3.003903388977051,1.1089948415756226,2500,prior,unik3d,True,361017.79886541347,503732.72767782956,328.8365529844608,3.6192485198093847,1.1289704022377123,
1779130370087030,2025,loc2,361045.8460264687,503753.44114216417,320.3654600271832,6.206946733515508,23.27192846161696,0.0,11.05038833618164,1.1967693567276,2171,prior,unik3d,True,361047.5117747932,503756.7023999321,315.5220183178514,3.6620376444610105,4.843441709331785,
1779130370087030,2024,loc2,361045.8460264687,503753.44114216417,320.3654600271832,6.206946733515508,23.27192846161696,0.0,4.811126232147217,0.9657983183860779,2171,prior,unik3d,True,361050.81263518846,503758.1214924155,321.76128055737126,6.824432624802987,1.3958205301880753,
1081892811088637,2025,loc2,361071.6103484227,503775.00968521927,319.9919728113934,-7.209987336558186,14.789272543165287,0.0,-7.579086780548096,1.3251380920410156,1669,prior,unik3d,True,361071.98828035523,503776.36003962497,320.36107199928364,1.4022444746230078,0.3690991878902423,
1081892811088637,2024,loc2,361071.6103484227,503775.00968521927,319.9919728113934,-7.209987336558186,14.789272543165287,0.0,-4.631992340087891,1.3375322818756104,1669,prior,unik3d,True,361072.67161505827,503775.7507524697,317.4139784175318,1.294398524947293,2.5779943938616157,
1571657080838112,2025,loc2,361097.6871538623,503796.1688923789,321.71023488531455,-8.181697797323295,14.601379036572121,0.0,-6.914682865142822,1.2206144332885742,2518,prior,unik3d,True,361098.97882316966,503797.7161380825,320.4432199309687,2.0155343873910185,1.2670149543458251,
1571657080838112,2024,loc2,361097.6871538623,503796.1688923789,321.71023488531455,-8.181697797323295,14.601379036572121,0.0,-8.893712043762207,1.2435411214828491,2518,prior,unik3d,True,361098.4892469116,503797.009077367,322.4222485219289,1.1615782685369995,0.7120136366143583,
952888117221424,2025,loc2,361123.05922481813,503818.2571096383,316.61607292312294,-7.783075920117881,3.7028244098169445,0.0,-9.775333404541016,1.2052247524261475,2231,prior,unik3d,True,361123.9416881245,503819.5862400307,318.6083315619793,1.5954087523555507,1.992258638856356,
952888117221424,2024,loc2,361123.05922481813,503818.2571096383,316.61607292312294,-7.783075920117881,3.7028244098169445,0.0,-4.810157775878906,1.1309256553649902,2231,prior,unik3d,True,361122.760552354,503818.89534680225,313.64315498396417,0.7046644011780878,2.9729179391587763,
1088755186866756,2025,loc2,361149.29993063095,503840.03393467236,320.98889387954176,-8.863630300116938,18.217226499267987,0.0,-9.668904304504395,1.2157326936721802,2366,prior,unik3d,True,361152.70209237025,503841.0955218519,321.79416741519424,3.563940493349762,0.805273535652475,
1088755186866756,2024,loc2,361149.29993063095,503840.03393467236,320.98889387954176,-8.863630300116938,18.217226499267987,0.0,-7.845399856567383,1.182448387145996,2366,prior,unik3d,True,361151.11884711176,503840.5329736789,319.97066327731693,1.8861328410851168,1.0182306022248326,
1666620238369939,2025,loc2,361173.00583708816,503862.9563626265,292.94851285843356,6.397136339237818,13.164329464393255,0.0,4.7660980224609375,1.245187759399414,1541,prior,unik3d,True,361175.44843664,503863.7050578853,294.5795508933283,2.5547675356772035,1.6310380348947433,
1666620238369939,2024,loc2,361173.00583708816,503862.9563626265,292.94851285843356,6.397136339237818,13.164329464393255,0.0,6.203604221343994,1.201974868774414,1541,prior,unik3d,True,361174.83710721915,503864.1924563926,293.14204460486985,2.2094067283196237,0.19353174643629245,
1762029464919045,2025,loc2,361156.16527727724,503890.4513906976,230.02804423733778,3.1326421045083066,23.605552969646,0.0,5.212530612945557,1.2582682371139526,1684,prior,unik3d,True,361157.5901153904,503893.6588418268,227.9481554703665,3.509687506707116,2.079888766971294,
1762029464919045,2024,loc2,361156.16527727724,503890.4513906976,230.02804423733778,3.1326421045083066,23.605552969646,0.0,5.692575454711914,1.3179728984832764,1684,prior,unik3d,True,361158.6592671738,503892.2173025948,227.4681110281664,3.0558845581445597,2.5599332091713904,
1132839019071351,2025,loc2,361142.207623885,503903.8411272457,30.809075166005442,-8.058651102678024,3.8188374497366575,0.0,-6.858399391174316,1.121003270149231,1511,prior,unik3d,True,361142.9767162351,503905.8777008143,29.608823221041355,2.1769554297820055,1.2002519449640943,
1132839019071351,2024,loc2,361142.207623885,503903.8411272457,30.809075166005442,-8.058651102678024,3.8188374497366575,0.0,-7.085316181182861,1.1607645750045776,1511,prior,unik3d,True,361142.75182242953,503905.42173958564,29.835740654791778,1.6716720447112998,0.9733345112136647,
1796949328283937,2025,loc2,361165.4447950305,503879.9005597392,49.11875024070156,-7.311398965044141,20.857311115588583,0.0,-7.197737693786621,1.2001978158950806,1492,prior,unik3d,True,361164.61168506707,503880.48281445575,49.00508918846687,1.0164117109429354,0.11366105223470413,
1796949328283937,2024,loc2,361165.4447950305,503879.9005597392,49.11875024070156,-7.311398965044141,20.857311115588583,0.0,-5.98042106628418,1.2225537300109863,1492,prior,unik3d,True,361165.04242920724,503879.3365014921,47.787772560522015,0.6928635954544606,1.3309776801795579,
1457053619817270,2025,loc2,361163.461901341,503852.34058410395,137.93171992162561,-6.666266701522943,23.65700984246289,0.0,-6.921747207641602,1.054177165031433,1856,prior,unik3d,True,361161.95833970886,503852.9553659329,138.1872004525332,1.6243935110689884,0.25548053090759026,
1457053619817270,2024,loc2,361163.461901341,503852.34058410395,137.93171992162561,-6.666266701522943,23.65700984246289,0.0,-5.3374786376953125,1.1782310009002686,1856,prior,unik3d,True,361163.30759338144,503854.33303765714,136.60293192989076,1.9984199028226677,1.3287879917348562,
1837757387401780,2025,loc2,361139.2848980101,503832.87409963924,140.0515130566729,-3.9298710488354516,23.607606526840335,0.0,-3.0176048278808594,1.4770991802215576,2156,prior,unik3d,True,361142.3033803044,503837.94439580594,139.13924713834015,5.900774405048726,0.9122659183327357,
1837757387401780,2024,loc2,361139.2848980101,503832.87409963924,140.0515130566729,-3.9298710488354516,23.607606526840335,0.0,-1.8667187690734863,1.1131960153579712,2156,prior,unik3d,True,361142.87759088393,503836.8259863353,137.98836073252411,5.340866085585449,2.063152324148774,
910305541902539,2025,loc2,361113.2990068514,503811.5212163888,139.70288319418458,-3.0993717870329647,12.135700176946136,0.0,0.8165817856788635,1.299100399017334,2081,prior,unik3d,True,361112.93433307303,503814.30008644983,135.78692956780156,2.8026961627627163,3.915953626383015,
910305541902539,2024,loc2,361113.2990068514,503811.5212163888,139.70288319418458,-3.0993717870329647,12.135700176946136,0.0,-0.4324629306793213,1.3420531749725342,2081,prior,unik3d,True,361113.3709274066,503813.0451200395,137.03597436385942,1.5255998501799524,2.6669088303251556,
943623705468611,2025,loc2,361124.27563437924,503784.4712108318,49.80342135264164,-6.015722885447353,17.02001057418736,0.0,-5.094285011291504,1.149698257446289,1357,prior,unik3d,True,361123.6298847469,503783.47761403286,48.88198375556721,1.18500092255869,0.92143759707443,
943623705468611,2024,loc2,361124.27563437924,503784.4712108318,49.80342135264164,-6.015722885447353,17.02001057418736,0.0,-3.7551817893981934,1.2451512813568115,1357,prior,unik3d,True,361123.264916511,503782.93264285894,47.54288050714974,1.8408536107412306,2.260540845491903,
29302096676059304,2025,loc2,361152.32174410915,503793.66742612515,319.9515651069156,4.316161634599496,13.949475893151511,0.0,3.897568702697754,1.1666513681411743,1495,prior,unik3d,True,361153.4493870325,503793.1723188848,320.37015760231634,1.2315477018607282,0.4185924954007305,
29302096676059304,2024,loc2,361152.32174410915,503793.66742612515,319.9515651069156,4.316161634599496,13.949475893151511,0.0,5.149898529052734,1.1534466743469238,1495,prior,unik3d,True,361154.6151947072,503793.8301112517,319.1178285047526,2.2992133646024002,0.8337366021630146,
945959455229054,2025,loc2,361178.48574524716,503815.7914123349,319.40193817603665,5.641812144021799,27.251830454577384,0.0,-0.24330919981002808,1.0504387617111206,1433,prior,unik3d,True,361138.70790736855,503828.99143212556,325.2870595335936,41.91082090310016,5.8851213575569545,
945959455229054,2024,loc2,361178.48574524716,503815.7914123349,319.40193817603665,5.641812144021799,27.251830454577384,0.0,0.4341418743133545,1.0554455518722534,1433,prior,unik3d,True,361147.4668052759,503835.5955659728,324.6096084402865,36.80189041687577,5.207670264249828,
1673666160842107,2025,loc2,361202.9486604999,503836.40604008455,318.7916284373411,-6.271234669343528,15.70464143546742,0.0,-6.922784805297852,1.0400607585906982,1303,prior,unik3d,True,361207.02285823127,503837.62272620364,319.4431778902657,4.251989212926343,0.6515494529245984,
1673666160842107,2024,loc2,361202.9486604999,503836.40604008455,318.7916284373411,-6.271234669343528,15.70464143546742,0.0,-3.8864359855651855,1.1185156106948853,1303,prior,unik3d,True,361206.1195684335,503836.8962567021,316.4068297828423,3.20857748162029,2.384798654498809,
1090951123865054,2025,loc2,361229.35377108154,503858.7442823788,319.919795509785,-0.549489801134257,16.959665045204776,0.0,1.5155014991760254,1.1547375917434692,1461,prior,unik3d,True,361230.44363090035,503857.78026410524,317.8548041668519,1.455034589429344,2.0649913429330695,
1090951123865054,2024,loc2,361229.35377108154,503858.7442823788,319.919795509785,-0.549489801134257,16.959665045204776,0.0,0.2102251648902893,1.128275990486145,1461,prior,unik3d,True,361229.8498873224,503856.9684276534,319.1600805386497,1.8438523070288342,0.7597149711352813,
2599151813871531,2025,loc2,361254.8027265823,503880.00557597354,319.1352500356382,-7.442632084407023,12.281534146748811,0.0,-8.527819633483887,1.1258054971694946,1232,prior,unik3d,True,361256.9273995189,503879.5303177973,320.2204382093877,2.177178316464973,1.0851881737494864,
2599151813871531,2024,loc2,361254.8027265823,503880.00557597354,319.1352500356382,-7.442632084407023,12.281534146748811,0.0,-6.886693000793457,1.0607538223266602,1232,prior,unik3d,True,361256.5550578356,503880.112344948,318.57931063921257,1.7555809395333704,0.5559393964256287,
1597452008592561,2025,loc2,361281.9459420293,503902.72692003846,319.49911736546557,-9.68035871207644,10.473701680738039,0.0,-7.204361915588379,1.2116674184799194,1433,prior,unik3d,True,361283.7593578799,503897.8647780002,317.0231211272569,5.1893065285584115,2.4759962382086655,
1597452008592561,2024,loc2,361281.9459420293,503902.72692003846,319.49911736546557,-9.68035871207644,10.473701680738039,0.0,-6.090046405792236,1.114759087562561,1433,prior,unik3d,True,361283.76053229335,503900.2061949235,315.90880569419505,3.105928674589311,3.5903116712705128,
1591043065903450,2025,loc2,361306.3013394185,503923.1993527394,319.37232726574774,3.222610575580063,23.29122924387973,0.0,1.5989294052124023,0.9781319499015808,1289,prior,unik3d,True,361309.69959310273,503923.65641246503,320.9960084673083,3.428852824947529,1.6236812015605437,
1591043065903450,2024,loc2,361306.3013394185,503923.1993527394,319.37232726574774,3.222610575580063,23.29122924387973,0.0,-1.9250526428222656,1.1305115222930908,1289,prior,unik3d,True,361308.99722470075,503922.95766776,324.51999065902265,2.706697080254249,5.147663393274911,
1112966985014802,2025,loc2,361331.9141680186,503944.78736955114,319.4289408658014,-4.960667802704165,11.004181313748436,0.0,-1.5329866409301758,1.0677921772003174,1447,prior,unik3d,True,361331.98149325605,503940.6829363599,316.00125980491674,4.104985323842564,3.4276810608846517,
1112966985014802,2024,loc2,361331.9141680186,503944.78736955114,319.4289408658014,-4.960667802704165,11.004181313748436,0.0,-3.1721482276916504,0.9969169497489929,1447,prior,unik3d,True,361332.7234352383,503942.79322953906,317.6404213887576,2.1520938224436805,1.788519477043792,
2366348720838280,2025,loc2,361357.22639762436,503965.9155402966,319.33710303448834,-2.790270094327809,19.9311952713854,0.0,1.014343023300171,1.1763262748718262,1251,prior,unik3d,True,361356.59259997396,503964.1136014086,315.5324899170411,1.9101526686772774,3.804613117447218,
2366348720838280,2024,loc2,361357.22639762436,503965.9155402966,319.33710303448834,-2.790270094327809,19.9311952713854,0.0,2.8260796070098877,1.0920130014419556,1251,prior,unik3d,True,361355.8763924595,503963.35073021334,313.7207530987372,2.898407270946381,5.6163499357511455,
1572977703746490,2025,loc2,361381.6841147716,503988.2561406791,315.26503124108785,-7.467504438691435,25.71821621208423,0.0,9.967916488647461,1.0267928838729858,1309,prior,unik3d,True,361371.7197870066,504031.0262748434,297.8296094922301,43.915512114016636,17.435421748857777,
1572977703746490,2024,loc2,361381.6841147716,503988.2561406791,315.26503124108785,-7.467504438691435,25.71821621208423,0.0,37.98426055908203,1.147613525390625,1309,prior,unik3d,True,361385.76265817916,504023.29677689733,269.8132649052013,35.27719805914711,45.45176633588653,
1579563780527774,2025,loc2,361404.36574653024,504011.34464292694,313.0300471049002,-1.5941689526003415,9.763494629555638,0.0,-2.663771390914917,1.112791895866394,1263,prior,unik3d,True,361394.84919937496,503999.6411008646,314.09964969780367,15.084348397028627,1.0696025929034931,
1579563780527774,2024,loc2,361404.36574653024,504011.34464292694,313.0300471049002,-1.5941689526003415,9.763494629555638,0.0,2.5056989192962646,1.099052906036377,1263,prior,unik3d,True,361406.2952093698,504010.86347706406,308.93017906660634,1.9885541070920107,4.099868038293835,
1077445214894446,2025,loc2,361428.2353577773,504036.8110457519,310.8947311561234,8.05048991485512,3.976917428087291,0.0,6.8685302734375,1.1160037517547607,1400,prior,unik3d,True,361428.1532500881,504034.35553548264,312.0766903658605,2.456882649843913,1.1819592097371014,
1077445214894446,2024,loc2,361428.2353577773,504036.8110457519,310.8947311561234,8.05048991485512,3.976917428087291,0.0,11.33952522277832,1.2254470586776733,1400,prior,unik3d,True,361427.3194185106,504033.58986632887,307.60569579160597,3.3488716929213203,3.2890353645174173,
1714471442944128,2025,loc2,361449.2520025681,504060.74706808943,311.00182836492553,6.734626208630061,6.94251102661193,0.0,6.054172992706299,1.0828410387039185,1125,prior,unik3d,True,361447.1852062333,504057.7798548206,311.68228112615276,3.616075451710902,0.6804527612272295,
1714471442944128,2024,loc2,361449.2520025681,504060.74706808943,311.00182836492553,6.734626208630061,6.94251102661193,0.0,5.54026460647583,1.1392446756362915,1125,prior,unik3d,True,361448.0308696929,504058.17750048527,312.1961892570555,2.844968043974803,1.1943608921299642,
1347449930528506,2025,loc2,361472.5967279173,504087.4096917212,309.77782126276634,4.674407105501302,12.618487808285318,0.0,4.058983325958252,1.0420212745666504,1305,prior,unik3d,True,361472.1948490984,504084.09774976264,310.39324489753477,3.3362353217285676,0.6154236347684332,
1347449930528506,2024,loc2,361472.5967279173,504087.4096917212,309.77782126276634,4.674407105501302,12.618487808285318,0.0,4.664806842803955,1.0390491485595703,1305,prior,unik3d,True,361471.42772731,504084.0317902973,309.7874214195989,3.5744622601884486,0.009600156832561879,
1413652087402340,2025,loc2,361492.29492151755,504113.28688474465,303.597875428812,8.229073075739507,22.33911953962091,0.0,0.11247964203357697,1.1120314598083496,2057,prior,unik3d,True,361483.9470299893,504098.14007255714,311.71446885244035,17.294889777373317,8.11659342362833,
1413652087402340,2024,loc2,361492.29492151755,504113.28688474465,303.597875428812,8.229073075739507,22.33911953962091,0.0,6.504385948181152,1.087226390838623,2057,prior,unik3d,True,361494.15477103053,504111.79995188,305.32256215733275,2.381178186300131,1.7246867285207372,
921953573931750,2025,loc2,361509.1497128202,504141.219079501,297.86871804825813,3.041536533574515,6.250142008424994,0.0,3.43407940864563,1.176063895225525,2181,prior,unik3d,True,361509.2677239692,504137.597609206,297.4761751226191,3.62339257173734,0.39254292563902027,
921953573931750,2024,loc2,361509.1497128202,504141.219079501,297.86871804825813,3.041536533574515,6.250142008424994,0.0,3.2070088386535645,1.2833747863769531,2181,prior,unik3d,True,361509.459475515,504138.2976344819,297.70324598041225,2.9378212890834017,0.16547206784588298,
1403478994512518,2025,loc2,361523.51524609205,504173.20255651977,288.43829113615783,1.6537922372540947,14.866719494006015,0.0,-0.08243017643690109,1.3277479410171509,2947,prior,unik3d,True,361522.99585470825,504169.4656425927,290.1745135577167,3.7728362153593267,1.736222421558864,
1403478994512518,2024,loc2,361523.51524609205,504173.20255651977,288.43829113615783,1.6537922372540947,14.866719494006015,0.0,-3.87870192527771,1.1297427415847778,2947,prior,unik3d,True,361521.8594851885,504167.13822508254,293.9707855452879,6.286307338198252,5.532494409130095,
1794731371773449,2025,loc2,361531.8882455436,504204.8006149186,281.7546367960357,-6.150188741466479,5.99396090142357,0.0,-7.174806594848633,1.1667882204055786,3234,prior,unik3d,True,361531.5419801131,504200.04558740766,282.77925491871946,4.76761852270174,1.024618122683762,
1794731371773449,2024,loc2,361531.8882455436,504204.8006149186,281.7546367960357,-6.150188741466479,5.99396090142357,0.0,-9.131784439086914,1.134202480316162,3234,prior,unik3d,True,361530.903588864,504197.06806135207,284.73623313822134,7.794994126721746,2.9815963421856395,
3059374137740657,2025,loc2,361537.029446159,504237.8977794815,274.71356777171735,2.940754486831679,19.038467885016086,0.0,3.6047449111938477,1.0426465272903442,2217,prior,unik3d,True,361535.8355076866,504233.41076531884,274.0495770079459,4.643143888758387,0.6639907637714373,
3059374137740657,2024,loc2,361537.029446159,504237.8977794815,274.71356777171735,2.940754486831679,19.038467885016086,0.0,0.2783680260181427,1.0504390001296997,2217,prior,unik3d,True,361536.34695098666,504234.984178436,277.37595422602465,2.9924689994427585,2.6623864543072955,
1613002776844852,2025,loc2,361536.4232422584,504266.85521835927,272.2808270468631,-7.299063866086158,25.477756663519706,0.0,-1.6553643941879272,1.1970958709716797,1296,prior,unik3d,True,361536.8637246181,504264.1429200439,266.63712772561206,2.74783312098433,5.643699321251063,
1613002776844852,2024,loc2,361536.4232422584,504266.85521835927,272.2808270468631,-7.299063866086158,25.477756663519706,0.0,-2.5574753284454346,1.0870985984802246,1296,prior,unik3d,True,361537.9365718379,504263.3894057468,267.5392385203207,3.781801618396717,4.741588526542444,
981836188268787,2025,loc2,361538.0477937769,504300.5927658677,272.513291319393,-7.182659188113973,9.522425563158581,0.0,-3.70180344581604,1.2381912469863892,1600,prior,unik3d,True,361539.80290902726,504302.47160008043,269.0324356875616,2.5710790615883234,3.480855631831389,
981836188268787,2024,loc2,361538.0477937769,504300.5927658677,272.513291319393,-7.182659188113973,9.522425563158581,0.0,-7.247838497161865,1.1609021425247192,1600,prior,unik3d,True,361538.83619781135,504297.88108899497,272.5784702847376,2.823963948726397,0.06517896534461443,
1093658489977921,2025,loc2,361539.8923210439,504335.836993712,272.28727856222014,9.904899376608512,14.66003649103303,0.0,6.5018391609191895,1.250374674797058,1627,prior,unik3d,True,361541.06342899083,504336.39058034366,275.6903386209117,1.295357858730274,3.403060058691551,
1093658489977921,2024,loc2,361539.8923210439,504335.836993712,272.28727856222014,9.904899376608512,14.66003649103303,0.0,3.4250521659851074,1.1943752765655518,1627,prior,unik3d,True,361540.92872215813,504335.90798688296,278.76712582543195,1.0388297742870023,6.479847263211809,
1619687222851775,2025,loc2,361541.55438086914,504368.50681948196,272.37270993829156,5.896318191475984,16.958902953093734,0.0,6.632354736328125,1.042773723602295,1869,prior,unik3d,True,361542.5100727656,504368.33458397177,271.63667393601855,0.971088086575093,0.7360360022730106,
1619687222851775,2024,loc2,361541.55438086914,504368.50681948196,272.37270993829156,5.896318191475984,16.958902953093734,0.0,6.035697937011719,1.049275517463684,1869,prior,unik3d,True,361541.86742608,504369.2597486685,272.2333303648193,0.8154137992543523,0.13937957347224028,
1391865393135267,2025,loc2,361544.367099523,504400.577955069,277.8347799880502,-3.973653395355086,3.292530676545595,0.0,-4.541270732879639,1.1097935438156128,1918,prior,unik3d,True,361545.9538658888,504401.2197659144,278.4023973409893,1.7116508583356946,0.5676173529391235,
1391865393135267,2024,loc2,361544.367099523,504400.577955069,277.8347799880502,-3.973653395355086,3.292530676545595,0.0,-6.7917704582214355,1.0556275844573975,1918,prior,unik3d,True,361545.5925428967,504402.8506655297,280.6528979759504,2.5820387875198767,2.818117987900223,
1316675827064189,2025,loc2,361552.2189105195,504434.41134184506,287.1074839647609,-8.711957542347193,20.80738963306581,0.0,-6.976194858551025,1.0490418672561646,1724,prior,unik3d,True,361552.59057041944,504435.8320094328,285.37172099000867,1.4684779453669476,1.7357629747522196,
1316675827064189,2024,loc2,361552.2189105195,504434.41134184506,287.1074839647609,-8.711957542347193,20.80738963306581,0.0,-10.65157699584961,0.9033489227294922,1724,prior,unik3d,True,361540.6637697639,504446.8114281948,289.04710297617527,16.949437140008094,1.9396190114143792,
28263711263284815,2025,loc2,361563.71273511497,504464.28748197947,292.85422022979816,-1.1825195596875346,21.60799338112897,0.0,-1.3995752334594727,0.9880771040916443,1305,prior,unik3d,True,361563.3300753283,504464.1553065789,293.07127592511847,0.4048442278821749,0.21705569532031177,
28263711263284815,2024,loc2,361563.71273511497,504464.28748197947,292.85422022979816,-1.1825195596875346,21.60799338112897,0.0,-1.9483572244644165,0.9864688515663147,1305,prior,unik3d,True,361562.6205530083,504463.5063493008,293.62005790201096,1.342769531924295,0.7658376722127969,
3489296377898570,2025,loc2,361571.625468986,504493.47068203054,299.5680585925597,4.646418907159841,31.05471874169141,0.0,4.644484519958496,1.0972638130187988,1157,prior,unik3d,True,361575.63718605373,504487.59877337335,299.5699930506434,7.111482623900324,0.0019344580837241665,
3489296377898570,2024,loc2,361571.625468986,504493.47068203054,299.5680585925597,4.646418907159841,31.05471874169141,0.0,6.283787727355957,1.1647121906280518,1157,prior,unik3d,True,361576.03001584153,504489.2864077744,297.9306898049674,6.075210618037594,1.6373687875922656,
1131727186478749,2025,loc2,361588.8523000926,504518.82913805824,307.4974744287967,4.978490127356963,12.992740716188614,0.0,7.37003231048584,1.2609925270080566,1582,prior,unik3d,True,361594.57070035464,504515.8989982494,305.10593136228084,6.425404334095791,2.391543066515851,
1131727186478749,2024,loc2,361588.8523000926,504518.82913805824,307.4974744287967,4.978490127356963,12.992740716188614,0.0,4.692061424255371,1.255029320716858,1582,prior,unik3d,True,361594.89715135074,504516.43529732584,307.7839033041974,6.501592126966896,0.28642887540070205,
1599642875223994,2025,loc2,361610.9469463425,504543.66361937486,313.92116788058945,-0.5885879537345886,16.26362682875061,0.0,-13.126014709472656,1.1810500621795654,1333,prior,unik3d,True,361619.0778792042,504541.7503915384,326.45859513484237,8.35299407134206,12.537427254252918,
1599642875223994,2024,loc2,361610.9469463425,504543.66361937486,313.92116788058945,-0.5885879537345886,16.26362682875061,0.0,-2.530031204223633,0.6737757325172424,1333,prior,unik3d,True,361614.0727521906,504564.7415465189,315.86261157583766,21.3084413998478,1.9414436952482106,
1073713638614184,2025,loc2,361636.8629086914,504567.6693398636,318.45576423936296,-6.625193360644289,7.870400249050183,0.0,-4.129751682281494,0.5577978491783142,2307,prior,unik3d,True,361643.2549484519,504564.1795362532,315.96032230313557,7.282643856356404,2.495441936227394,
1073713638614184,2024,loc2,361636.8629086914,504567.6693398636,318.45576423936296,-6.625193360644289,7.870400249050183,0.0,-3.8452835083007812,0.5571520924568176,2307,prior,unik3d,True,361642.2923142431,504564.16825914977,315.6758548333203,6.460341384898718,2.779909406042691,
1120440463974740,2025,loc2,361660.74811106944,504589.6475856835,311.0860382163991,-4.294805491446198,22.095073244316996,0.0,-4.082723140716553,1.0400636196136475,2129,prior,unik3d,True,361666.28822175786,504586.91283027263,310.8739555721429,6.1783261161317125,0.21208264425621337,
1120440463974740,2024,loc2,361660.74811106944,504589.6475856835,311.0860382163991,-4.294805491446198,22.095073244316996,0.0,-4.508246898651123,1.0459644794464111,2129,prior,unik3d,True,361665.4512818444,504586.8962148622,311.2994795805328,5.448839943966075,0.21344136413370052,
1396740292671110,2025,loc2,361683.0279493844,504613.3827825114,318.1565499517186,-5.243072536293141,6.705064392208142,0.0,-4.726898193359375,1.4024943113327026,2163,prior,unik3d,True,361687.8334488061,504606.28056700557,317.64037623749965,8.575213687314006,0.5161737142189509,
1396740292671110,2024,loc2,361683.0279493844,504613.3827825114,318.1565499517186,-5.243072536293141,6.705064392208142,0.0,-3.652256488800049,1.3093845844268799,2163,prior,unik3d,True,361686.8722238741,504605.75979968894,316.5657336609672,8.537465283309391,1.590816290751377,
1100290906086001,2025,loc2,361707.85448543716,504638.3282890087,290.3221943299974,6.408059954103123,18.034100514463145,0.0,8.787430763244629,1.1300065517425537,1179,prior,unik3d,True,361711.187276869,504634.68817156734,287.9428236844712,4.935377768238574,2.379370645526194,
1100290906086001,2024,loc2,361707.85448543716,504638.3282890087,290.3221943299974,6.408059954103123,18.034100514463145,0.0,10.567428588867188,1.2673627138137817,1179,prior,unik3d,True,361709.86403544963,504634.2042082209,286.16282542476023,4.5876283194152165,4.159368905237159,
1436906631667845,2025,loc2,361697.4136276352,504666.51541773695,211.2542456606379,-9.664194314343604,9.263483136300188,0.0,-5.615461826324463,1.1774269342422485,2006,prior,unik3d,True,361701.0869656762,504659.2623807555,207.20551332440843,8.130188055495498,4.048732336229477,
1436906631667845,2024,loc2,361697.4136276352,504666.51541773695,211.2542456606379,-9.664194314343604,9.263483136300188,0.0,-8.71619987487793,1.1488306522369385,2006,prior,unik3d,True,361701.0536915149,504659.05444961874,210.30625059138097,8.3015727611763,0.9479950692569332,
1609692443937868,2025,loc2,361668.9486892873,504682.8453561375,210.79401582028814,-6.061627934747776,17.21515125008524,0.0,-1.7231016159057617,1.380548357963562,1556,prior,unik3d,True,361666.5659570064,504678.922159493,206.45548957382613,4.590085514832823,4.33852624646201,
1609692443937868,2024,loc2,361668.9486892873,504682.8453561375,210.79401582028814,-6.061627934747776,17.21515125008524,0.0,-0.052671000361442566,1.309548020362854,1556,prior,unik3d,True,361668.72750623093,504679.0985638468,204.785058890185,3.75331512321274,6.008956930103125,
2140812226473784,2025,loc2,361641.04399474245,504701.4222107101,213.78021034732328,-3.4487666741794385,17.644428879364742,0.0,-0.31350889801979065,0.9996227622032166,1884,prior,unik3d,True,361640.41299117275,504700.15681629995,210.64495258772536,1.4139973544085582,3.13525775959792,
2140812226473784,2024,loc2,361641.04399474245,504701.4222107101,213.78021034732328,-3.4487666741794385,17.644428879364742,0.0,-2.022270441055298,1.051174521446228,1884,prior,unik3d,True,361639.3281488272,504699.0552904198,212.35371403421118,2.9234292989099444,1.4264963131120965,
1770134364187132,2025,loc2,361614.59098087926,504722.44381314795,220.41034254713298,8.804444454854377,19.92527726184344,0.0,8.918564796447754,1.2015495300292969,1422,prior,unik3d,True,361615.0698847418,504717.1564177859,220.29622122776323,5.309039331565475,0.11412131936975811,
1770134364187132,2024,loc2,361614.59098087926,504722.44381314795,220.41034254713298,8.804444454854377,19.92527726184344,0.0,6.1527204513549805,1.1243813037872314,1422,prior,unik3d,True,361614.6982319296,504718.021983084,223.06206628076868,4.423130554538507,2.6517237336356914,
3960386027436480,2025,loc2,361591.5952234963,504746.5269450778,230.05124253896744,8.361483200621052,15.710932213991812,0.0,7.506921291351318,1.1906088590621948,1480,prior,unik3d,True,361592.2091073426,504744.2426617158,230.90580428185993,2.365333772385695,0.8545617428924857,
3960386027436480,2024,loc2,361591.5952234963,504746.5269450778,230.05124253896744,8.361483200621052,15.710932213991812,0.0,7.96094274520874,1.1260473728179932,1480,prior,unik3d,True,361592.34486400697,504743.34779735847,230.45178295214853,3.266334507768577,0.40054041318109057,
1799341664552833,2025,loc2,361572.6457602309,504774.8962715687,239.07370792608288,8.243739053374185,21.906598058444533,0.0,5.513996124267578,1.1979901790618896,1364,prior,unik3d,True,361573.2933088616,504775.01013192633,241.8034512734051,0.6574826310854404,2.729743347322227,
1799341664552833,2024,loc2,361572.6457602309,504774.8962715687,239.07370792608288,8.243739053374185,21.906598058444533,0.0,6.143609046936035,1.244200587272644,1364,prior,unik3d,True,361572.88098882686,504773.7148888781,241.1738377704642,1.2045735984334658,2.100129844381314,
1388036546256933,2025,loc2,361558.7140618083,504804.42107867356,249.01867383618352,9.474083171671651,17.876799473428807,0.0,7.0114336013793945,1.0134692192077637,1267,prior,unik3d,True,361559.16401180107,504804.8515525971,251.48132349227052,0.6227060259927912,2.4626496560869953,
1388036546256933,2024,loc2,361558.7140618083,504804.42107867356,249.01867383618352,9.474083171671651,17.876799473428807,0.0,8.789358139038086,1.0188814401626587,1267,prior,unik3d,True,361559.82546221,504804.933659466,249.70339840811158,1.2239076442378964,0.6847245719280579,
1392556546281046,2025,loc2,361548.052834857,504835.79213500954,250.87378567541663,7.06268696714011,10.700752972659181,0.0,4.551374912261963,1.236642599105835,1639,prior,unik3d,True,361551.4398142882,504835.0307920902,253.38509718896697,3.4714943047910802,2.511311513550339,
1392556546281046,2024,loc2,361548.052834857,504835.79213500954,250.87378567541663,7.06268696714011,10.700752972659181,0.0,3.8087916374206543,1.2027815580368042,1639,prior,unik3d,True,361550.6963964546,504834.98071333277,254.1276809561608,2.7652889645842644,3.2538952807441603,
1400716081531820,2025,loc2,361537.2392487183,504867.6496268753,251.32015210508467,3.186497801348793,25.192597472479502,0.0,4.579084396362305,1.4320039749145508,2008,prior,unik3d,True,361541.05314172385,504869.64251370344,249.9275654007333,4.30318228378859,1.3925867043513733,
1400716081531820,2024,loc2,361537.2392487183,504867.6496268753,251.32015210508467,3.186497801348793,25.192597472479502,0.0,5.910233020782471,1.2672569751739502,2008,prior,unik3d,True,361539.97859581973,504869.77713890723,248.5964166188982,3.4684766091311885,2.7237354861864844,
1892217645152325,2025,loc2,361527.15932734055,504899.9309961172,251.75060327783478,-9.0737365324849,21.31033776483124,0.0,-10.028347969055176,1.2224223613739014,1583,prior,unik3d,True,361529.80445441947,504902.0748922795,252.70521494843197,3.404847723253148,0.9546116705971883,
1892217645152325,2024,loc2,361527.15932734055,504899.9309961172,251.75060327783478,-9.0737365324849,21.31033776483124,0.0,-6.234843730926514,0.9941675066947937,1583,prior,unik3d,True,361528.63574101136,504900.6505605873,248.91171110764355,1.642428188386512,2.8388921701912295,
845278345272909,2025,loc2,361517.99783600273,504929.75817886833,251.94198824508135,-2.310200403180687,21.380501203604464,0.0,-1.0057847499847412,1.277239441871643,1551,prior,unik3d,True,361520.5045940724,504931.39720853284,250.6375727254715,2.9950382737191528,1.3044155196098473,
845278345272909,2024,loc2,361517.99783600273,504929.75817886833,251.94198824508135,-2.310200403180687,21.380501203604464,0.0,1.731173038482666,1.2974200248718262,1551,prior,unik3d,True,361519.9477152974,504930.40635095775,247.90061465880456,2.0547886317780963,4.041373586276791,
2612096309208434,2025,loc2,361509.8059636109,504962.64188964665,260.82867997460966,-7.259085832096645,28.76716591413593,0.0,-1.4647090435028076,1.2500942945480347,1314,prior,unik3d,True,361513.3559962718,504963.42480877246,255.03430316753736,3.635339633561722,5.794376807072297,
2612096309208434,2024,loc2,361509.8059636109,504962.64188964665,260.82867997460966,-7.259085832096645,28.76716591413593,0.0,4.027471542358398,1.0344239473342896,1314,prior,unik3d,True,361511.7460045903,504961.1049866535,249.54212197217308,2.475041375857698,11.286558002436578,
1645304160505212,2025,loc2,361502.2519723498,504994.43547046836,252.93062506393304,0.9030756828793471,23.126982233794703,0.0,5.339322090148926,1.2371840476989746,1400,prior,unik3d,True,361502.0619399775,504992.4883870367,248.49437860250424,1.9563348875673479,4.436246461428794,
1645304160505212,2024,loc2,361502.2519723498,504994.43547046836,252.93062506393304,0.9030756828793471,23.126982233794703,0.0,5.857867240905762,1.315693974494934,1400,prior,unik3d,True,361502.1869909872,504991.828322722,247.97583296895553,2.607957428504047,4.954792094977506,
1368742985247867,2025,loc2,361492.2334559488,505028.35266217124,253.1819735066803,-1.6750923090158665,31.475862592707085,0.0,7.443512439727783,1.2882572412490845,1203,prior,unik3d,True,361487.7892506046,505033.2681457429,244.06336894590154,6.62668392825315,9.11860456077875,
1368742985247867,2024,loc2,361492.2334559488,505028.35266217124,253.1819735066803,-1.6750923090158665,31.475862592707085,0.0,2.002969264984131,1.160792589187622,1203,prior,unik3d,True,361490.0592590241,505031.6745400327,249.503911857162,3.9701391403692665,3.6780616495182983,
1094966510141854,2025,loc2,361482.8214742172,505058.37402536254,250.83743577092525,-8.858758712488594,23.833040175420262,0.0,-0.7674883604049683,1.0194066762924194,1569,prior,unik3d,True,361483.0571815065,505058.2402621721,242.74616548832236,0.2710175590534872,8.091270282602892,
1094966510141854,2024,loc2,361482.8214742172,505058.37402536254,250.83743577092525,-8.858758712488594,23.833040175420262,0.0,-6.638818264007568,1.112566590309143,1569,prior,unik3d,True,361483.2820125845,505056.85010891786,248.6174953098641,1.5919852129048433,2.2199404610611566,
1576088213452988,2025,loc2,361471.7362748644,505091.2981349118,251.55647181361104,3.049221332387475,18.721075740382243,0.0,5.15748405456543,1.469041109085083,1510,prior,unik3d,True,361475.7907756726,505089.33544312924,249.4482089840956,4.504568329696727,2.1082628295154393,
1576088213452988,2024,loc2,361471.7362748644,505091.2981349118,251.55647181361104,3.049221332387475,18.721075740382243,0.0,5.4261956214904785,1.3119826316833496,1510,prior,unik3d,True,361472.80181046785,505090.19826557214,249.17949772606036,1.5313649749625968,2.3769740875506784,
2326419104828349,2025,loc2,361463.87377641036,505123.49797958974,285.5099973265701,1.0527138412930412,26.68045424726671,0.0,1.296641230583191,1.1613584756851196,1335,prior,unik3d,True,361463.9371043652,505127.19350082765,285.26606986606726,3.69606380487602,0.24392746050284586,
2326419104828349,2024,loc2,361463.87377641036,505123.49797958974,285.5099973265701,1.0527138412930412,26.68045424726671,0.0,-0.6635890603065491,1.1514774560928345,1335,prior,unik3d,True,361463.1954594295,505126.45821336267,287.22630025620725,3.0369553695903004,1.716302929637152,
1611154070401669,2025,loc2,361493.0522768595,505138.26740477607,322.2927948363659,5.1298490002480435,7.129906097234458,0.0,4.640984058380127,1.2628625631332397,1708,prior,unik3d,True,361493.9845964064,505140.9294028778,322.7816598299126,2.820541372000836,0.48886499354671287,
1611154070401669,2024,loc2,361493.0522768595,505138.26740477607,322.2927948363659,5.1298490002480435,7.129906097234458,0.0,4.788763523101807,1.1615015268325806,1708,prior,unik3d,True,361492.39357459295,505138.5369068296,322.63388042622086,0.7117022079968383,0.34108558985496984,
2044825309733264,2025,loc2,361517.82771305204,505160.52887198236,318.5141274465706,2.600160673080495,13.149040600903362,0.0,5.988042831420898,1.2407292127609253,1823,prior,unik3d,True,361520.337308558,505163.90287571994,315.1262452538544,4.204993558225093,3.3878821927162335,
2044825309733264,2024,loc2,361517.82771305204,505160.52887198236,318.5141274465706,2.600160673080495,13.149040600903362,0.0,3.9138143062591553,1.0961564779281616,1823,prior,unik3d,True,361518.166478155,505162.62170821615,317.2004738341216,2.1200767194698273,1.3136536124490021,
1353979803178810,2025,loc2,361530.3587487028,505170.9117681952,148.200596317521,2.817757957417797,19.879731431761236,0.0,5.413698196411133,1.156684398651123,1692,prior,unik3d,True,361527.5541887455,505174.2899990181,145.60465574137254,4.390671935654468,2.5959405761484504,
1353979803178810,2024,loc2,361530.3587487028,505170.9117681952,148.200596317521,2.817757957417797,19.879731431761236,0.0,3.3998966217041016,1.0516599416732788,1692,prior,unik3d,True,361528.7534833785,505174.4642084345,147.61845762012138,3.89829557821353,0.5821386973996141,
1112299907902984,2025,loc2,361505.03398144763,505148.4196676966,135.10897763472872,3.930005124713489,10.34373706356613,0.0,6.960632801055908,1.1503227949142456,1739,prior,unik3d,True,361502.053923407,505151.5886177355,132.07834971832924,4.350056353046331,3.0306279163994816,
1112299907902984,2024,loc2,361505.03398144763,505148.4196676966,135.10897763472872,3.930005124713489,10.34373706356613,0.0,3.733126401901245,1.1404101848602295,1739,prior,unik3d,True,361501.2592939652,505149.3790920116,135.30585634786473,3.8947093096184853,0.1968787131360159,
1099992155940572,2025,loc2,361476.9349046636,505130.8601407418,162.9595274769371,8.887178876421416,20.092687879152262,0.0,3.589445114135742,1.141289472579956,1634,prior,unik3d,True,361474.42253725295,505134.3833449394,168.25726118493378,4.32723443135818,5.297733707996684,
1099992155940572,2024,loc2,361476.9349046636,505130.8601407418,162.9595274769371,8.887178876421416,20.092687879152262,0.0,9.972427368164062,1.0493987798690796,1634,prior,unik3d,True,361473.94736755086,505132.2272281087,161.87427879178682,3.285468896305417,1.085248685150276,
2090069028562856,2025,loc2,361462.71241398016,505108.46205451246,77.33940240615863,-3.947619285778174,7.219451698844917,0.0,-3.5187339782714844,1.171345829963684,1172,prior,unik3d,True,361461.41429826414,505110.27029326645,76.91051733460412,2.22594514838629,0.42888507155450384,
2090069028562856,2024,loc2,361462.71241398016,505108.46205451246,77.33940240615863,-3.947619285778174,7.219451698844917,0.0,-3.283233642578125,1.2371275424957275,1172,prior,unik3d,True,361460.780544647,505108.96028418257,76.6750171786038,1.9950819342865977,0.664385227554817,
28071381109150220,2025,loc2,361468.2257658363,505078.0853922805,76.58461707839409,8.123714022458287,23.939479890668725,0.0,8.368829727172852,1.2714054584503174,1504,prior,unik3d,True,361465.4841214702,505085.5078686578,76.33950188217325,7.912633531411853,0.2451151962208371,
28071381109150220,2024,loc2,361468.2257658363,505078.0853922805,76.58461707839409,8.123714022458287,23.939479890668725,0.0,10.146324157714844,1.0284782648086548,1504,prior,unik3d,True,361466.3150533978,505084.9035828549,74.56200608151278,7.080857626850591,2.022610996881326,
1120045207649869,2025,loc2,361477.51365528506,505045.06929584127,72.0560999263658,7.635560614031732,15.767017748521466,0.0,2.7664337158203125,1.197981595993042,1251,prior,unik3d,True,361476.4995808562,505048.10348073515,76.92522650194779,3.199160033131166,4.869126575581987,
1120045207649869,2024,loc2,361477.51365528506,505045.06929584127,72.0560999263658,7.635560614031732,15.767017748521466,0.0,3.501373767852783,1.1700044870376587,1251,prior,unik3d,True,361476.8595785184,505046.1396451671,76.19028680109908,1.2543779717587058,4.134186874733274,
2176435617086201,2025,loc2,361465.31389726076,505019.4838384604,159.3120439262325,-1.7980828454648474,13.909927120831163,0.0,2.070155382156372,1.2340946197509766,1440,prior,unik3d,True,361460.65405416134,505020.4340405524,155.4438055085613,4.75573566620996,3.8682384176711935,
2176435617086201,2024,loc2,361465.31389726076,505019.4838384604,159.3120439262325,-1.7980828454648474,13.909927120831163,0.0,-0.8800668716430664,1.206066608428955,1440,prior,unik3d,True,361463.28778820124,505020.6108994431,158.39402804207776,2.318487519861566,0.9180158841547268,
1476656934564153,2025,loc2,361435.5440886696,505009.21059400775,161.60204431611461,5.457368974822998,11.639224023998057,0.0,11.073917388916016,1.3076491355895996,1708,prior,unik3d,True,361435.26919342164,505011.03774083965,155.98549694294817,1.8477101890352203,5.616547373166441,
1476656934564153,2024,loc2,361435.5440886696,505009.21059400775,161.60204431611461,5.457368974822998,11.639224023998057,0.0,9.775766372680664,1.1877903938293457,1708,prior,unik3d,True,361437.33953567524,505012.09866088576,157.28364650317658,3.4006705577035183,4.318397812938031,
1555312799214362,2025,loc2,361402.0505830572,504999.5467164507,164.80215097186715,-0.36491725174775524,20.2364739076955,0.0,-1.9990406036376953,1.1932703256607056,1993,prior,unik3d,True,361402.93703125394,505000.8866952869,166.43627470760188,1.606652945377293,1.6341237357347325,
1555312799214362,2024,loc2,361402.0505830572,504999.5467164507,164.80215097186715,-0.36491725174775524,20.2364739076955,0.0,-1.4840359687805176,1.2638709545135498,1993,prior,unik3d,True,361402.57199958107,505000.97202760336,165.92126971969,1.517691362959283,1.1191187478228528,
1626801685484071,2025,loc2,361370.61223184236,504993.5602959525,175.96341037533338,-2.573595983101029,14.41569047560796,0.0,-3.690213918685913,0.9711652398109436,1613,prior,unik3d,True,361360.7602972313,504996.0225786346,177.08002879299028,10.15497176691946,1.1166184176568947,
1626801685484071,2024,loc2,361370.61223184236,504993.5602959525,175.96341037533338,-2.573595983101029,14.41569047560796,0.0,-4.3772053718566895,1.0596849918365479,1613,prior,unik3d,True,361365.07896528544,504995.861558945,177.7670195584121,5.992733111902111,1.80360918307872,
1613966733737828,2025,loc2,361336.7890929675,504998.1562380204,197.05928498559814,2.207815164005268,26.72184568245672,0.0,4.885124683380127,1.4520108699798584,2616,prior,unik3d,True,361336.2399398368,504999.1323543514,194.38197454185882,1.1199876127200512,2.677310443739316,
1613966733737828,2024,loc2,361336.7890929675,504998.1562380204,197.05928498559814,2.207815164005268,26.72184568245672,0.0,4.769453525543213,1.2520442008972168,2616,prior,unik3d,True,361332.7681844834,504999.178528509,194.49764647700866,4.148829097554977,2.561638508589482,
1597169132134158,2025,loc2,361306.71443197003,505011.736835639,207.23425306814022,-8.225999577309977,16.617344621785456,0.0,-4.095981597900391,1.2412360906600952,1872,prior,unik3d,True,361311.23906174133,505010.2352169511,203.10423550785896,4.7672983178250785,4.13001756028126,
1597169132134158,2024,loc2,361306.71443197003,505011.736835639,207.23425306814022,-8.225999577309977,16.617344621785456,0.0,-7.3909807205200195,1.2346419095993042,1872,prior,unik3d,True,361308.8870829406,505011.02422566136,206.39923472357845,2.2865312637649864,0.8350183445617745,
1402659124563537,2025,loc2,361277.040160692,505027.92995291576,208.03905708647943,8.65965665409513,8.855698734088296,0.0,11.748762130737305,1.2661975622177124,1624,prior,unik3d,True,361280.2103263569,505026.96939117444,204.94995154762864,3.3124959172166557,3.089105538850788,
1402659124563537,2024,loc2,361277.040160692,505027.92995291576,208.03905708647943,8.65965665409513,8.855698734088296,0.0,9.565203666687012,1.3300728797912598,1624,prior,unik3d,True,361279.65608800383,505026.95666839136,207.1335099205522,2.79112136357167,0.9055471659272314,
1791234278691271,2025,loc2,361248.69493693695,505043.69381941203,209.6648863003122,1.7435768371426832,16.24948713467383,0.0,3.521207094192505,1.2541911602020264,1510,prior,unik3d,True,361249.10815024865,505043.1359805702,207.88725568133458,0.694211361467292,1.7776306189776108,
1791234278691271,2024,loc2,361248.69493693695,505043.69381941203,209.6648863003122,1.7435768371426832,16.24948713467383,0.0,-2.1232903003692627,1.2023704051971436,1510,prior,unik3d,True,361247.9164242473,505043.4208134855,213.53175349337667,0.8249934810859574,3.866867193064479,
1405846657542303,2025,loc2,361219.375578727,505062.97825993877,214.96344899372846,6.056737534159993,25.221231150621673,0.0,1.2256494760513306,1.5107871294021606,1444,prior,unik3d,True,361190.1716131227,505083.5201585537,219.7945368057895,35.70491850886558,4.8310878120610425,
1405846657542303,2024,loc2,361219.375578727,505062.97825993877,214.96344899372846,6.056737534159993,25.221231150621673,0.0,1.3729329109191895,1.1429914236068726,1444,prior,unik3d,True,361194.0866799516,505083.79998113133,219.64725358511927,32.75778494791716,4.68380459139081,
1998492840812168,2025,loc2,361193.17285884917,505080.8191491077,211.75623618199398,1.3895225455157458,10.470201063665568,0.0,0.07811348140239716,1.212286114692688,1314,prior,unik3d,True,361194.74133640673,505079.3130827213,213.06764524296827,2.174478744134453,1.3114090609742846,
1998492840812168,2024,loc2,361193.17285884917,505080.8191491077,211.75623618199398,1.3895225455157458,10.470201063665568,0.0,-2.6855270862579346,1.1193621158599854,1314,prior,unik3d,True,361193.8746426627,505080.2424583591,215.8312860408386,0.9083351476321159,4.075049858844608,
1805068834011537,2025,loc2,361163.0245726018,505098.3813070329,208.45031946885874,8.009280813364882,21.666892470989286,0.0,10.094869613647461,1.2197740077972412,1278,prior,unik3d,True,361158.26778147323,505099.0643768013,206.36473151623304,4.80558489147008,2.0855879526257013,
1805068834011537,2024,loc2,361163.0245726018,505098.3813070329,208.45031946885874,8.009280813364882,21.666892470989286,0.0,3.2623298168182373,1.0311049222946167,1278,prior,unik3d,True,361159.1525866322,505099.371965876,213.19727049108315,3.9967086824350844,4.746951022224408,
1577342996632443,2025,loc2,361134.2897713471,505114.6866960563,208.9614748458836,-9.746158045026704,19.367283357091466,0.0,-10.001250267028809,1.1113940477371216,1182,prior,unik3d,True,361136.115790191,505112.8755669622,209.2165668823118,2.571873522130919,0.2550920364282092,
1577342996632443,2024,loc2,361134.2897713471,505114.6866960563,208.9614748458836,-9.746158045026704,19.367283357091466,0.0,-11.297101020812988,0.9972620606422424,1182,prior,unik3d,True,361135.73418643663,505113.5096958388,210.51241726660948,1.8632403127110497,1.5509424207258746,
1627218468984037,2025,loc2,361104.2994642516,505131.69463421684,208.56185229796802,-9.51871752746277,17.942895650688364,0.0,-7.820755481719971,1.246276617050171,1115,prior,unik3d,True,361105.90507187287,505130.4674917457,206.86389057340338,2.0208548878788126,1.6979617245646352,
1627218468984037,2024,loc2,361104.2994642516,505131.69463421684,208.56185229796802,-9.51871752746277,17.942895650688364,0.0,-8.603864669799805,1.2101551294326782,1115,prior,unik3d,True,361106.124383528,505129.5870831127,207.64699974629653,2.7878489955565113,0.9148525516714869,
2978326649172208,2025,loc2,361076.50747162476,505147.5510879224,209.39059915242893,-2.7639669859896685,12.22159616334029,0.0,0.8614543676376343,1.5035375356674194,1458,prior,unik3d,True,361073.30452828866,505146.2669578357,205.7651777684866,3.450773260283512,3.6254213839423244,
2978326649172208,2024,loc2,361076.50747162476,505147.5510879224,209.39059915242893,-2.7639669859896685,12.22159616334029,0.0,0.5197469592094421,1.185398817062378,1458,prior,unik3d,True,361076.7813478972,505143.55422353797,206.10688521716747,4.006236777858767,3.28371393526146,
3754424991393145,2025,loc2,361046.96864898404,505164.47608940955,209.01011630305157,-7.323402347842261,4.324208453072117,0.0,-3.534043788909912,1.2502423524856567,1228,prior,unik3d,True,361045.3480437165,505160.35902388324,205.22075805904254,4.424544042167723,3.789358244009037,
3754424991393145,2024,loc2,361046.96864898404,505164.47608940955,209.01011630305157,-7.323402347842261,4.324208453072117,0.0,-4.981752395629883,1.1970808506011963,1228,prior,unik3d,True,361045.7686620877,505159.56378307275,206.6684664197886,5.056750151829529,2.3416498832629884,
1260741202845756,2025,loc2,361019.00799381535,505180.367778033,209.07188553601975,9.974654424802111,20.2058472807065,0.0,9.850618362426758,1.1002167463302612,1250,prior,unik3d,True,361039.4110997711,505164.1124134125,209.19592027099333,26.086847482743025,0.12403473497357709,
1260741202845756,2024,loc2,361019.00799381535,505180.367778033,209.07188553601975,9.974654424802111,20.2058472807065,0.0,13.077794075012207,1.1060171127319336,1250,prior,unik3d,True,361023.29989007296,505172.61521244945,205.96874461403857,8.861300503510709,3.103140921981179,
1556200629076514,2025,loc2,360989.4216288107,505197.2621762613,208.21983132523448,3.866426053039504,23.963388304667205,0.0,4.168806552886963,1.0843559503555298,1261,prior,unik3d,True,360993.02819032414,505197.8864873768,207.9174502597423,3.6601981256795773,0.30238106549217036,
1556200629076514,2024,loc2,360989.4216288107,505197.2621762613,208.21983132523448,3.866426053039504,23.963388304667205,0.0,0.9315628409385681,1.0630229711532593,1261,prior,unik3d,True,360991.4410201738,505197.86326571385,211.15469445061262,2.1069527776548087,2.9348631253781434,
1058757126920400,2025,loc2,360824.89545035467,505384.04269541893,252.00850508478257,-4.616044715374443,15.673634989496275,0.0,-3.2312629222869873,1.2153905630111694,1209,prior,unik3d,True,360812.2748657925,505408.0761245007,250.62372351994935,27.14562336953245,1.3847815648332187,
1058757126920400,2024,loc2,360824.89545035467,505384.04269541893,252.00850508478257,-4.616044715374443,15.673634989496275,0.0,-3.6435718536376953,1.1267836093902588,1209,prior,unik3d,True,360811.69556623406,505408.20953317644,251.0360324988186,27.53675703483178,0.9724725859639705,
1100362855725571,2025,loc2,360978.4813495051,505203.05984292924,206.0181185359829,-3.755703873765384,9.067933293211542,0.0,-1.0394563674926758,1.400384545326233,1242,prior,unik3d,True,360978.34698295034,505195.3002837342,203.30187109382612,7.7607224710137,2.716247442156771,
1100362855725571,2024,loc2,360978.4813495051,505203.05984292924,206.0181185359829,-3.755703873765384,9.067933293211542,0.0,-1.108209252357483,1.3087584972381592,1242,prior,unik3d,True,360979.6915770463,505195.1810238877,203.37062401742784,7.971225764635946,2.6474945185550496,
1041328292272541,2025,loc2,360824.0357951551,505387.0502379555,253.4884275094645,0.2674387768103088,21.200510305914783,0.0,2.150136709213257,1.2570605278015137,1168,prior,unik3d,True,360810.38519724767,505412.52879647806,251.60572914216408,28.904943653576037,1.8826983673004065,
1041328292272541,2024,loc2,360824.0357951551,505387.0502379555,253.4884275094645,0.2674387768103088,21.200510305914783,0.0,-0.3300885856151581,1.214078426361084,1168,prior,unik3d,True,360810.5290991879,505413.34478107974,254.08595490514517,29.56068054125432,0.5975273956806859,
1978181079545268,2025,loc2,360981.2749126579,505201.62867444754,206.61423474529838,9.644586374877946,12.953828725393263,0.0,5.320797920227051,1.1010515689849854,1287,prior,unik3d,True,360983.62410126685,505195.5338632143,210.93802286219494,6.531876536570307,4.323788116896566,
1978181079545268,2024,loc2,360981.2749126579,505201.62867444754,206.61423474529838,9.644586374877946,12.953828725393263,0.0,4.105506420135498,1.0600295066833496,1287,prior,unik3d,True,360983.57576896413,505194.8446494518,212.1533145151723,7.163583941355396,5.539079769873922,
1624858092548608,2025,loc2,360823.1726704277,505390.1981357848,254.17234934972836,7.1797413139955495,23.853490713467735,0.0,5.187496185302734,1.0547963380813599,1210,prior,unik3d,True,360809.80734424794,505413.6022730424,256.16459437285016,26.951541415320502,1.9922450231217965,
1624858092548608,2024,loc2,360823.1726704277,505390.1981357848,254.17234934972836,7.1797413139955495,23.853490713467735,0.0,7.071828365325928,1.1617932319641113,1210,prior,unik3d,True,360809.6154999108,505414.9526673548,254.2802616098874,28.22381451315327,0.10791226015902566,
1132747332749947,2025,loc2,360984.0406199746,505200.1745466972,207.17550998792115,-8.78091025217077,21.611662427442003,0.0,-6.146141052246094,1.1802797317504883,1318,prior,unik3d,True,360987.22909606085,505192.0431585231,204.54074112428168,8.734177316158963,2.634768863639465,
1132747332749947,2024,loc2,360984.0406199746,505200.1745466972,207.17550998792115,-8.78091025217077,21.611662427442003,0.0,-6.2416090965271,1.171649694442749,1318,prior,unik3d,True,360986.8429856556,505192.230180054,204.63620897117602,8.424144750158197,2.539301016745128,
1999264247459733,2025,loc2,360822.3839241866,505393.22124050464,254.44886624505065,4.525898695169161,16.108094445687676,0.0,1.242867112159729,1.3027809858322144,1247,prior,unik3d,True,360808.9071452125,505420.55024948204,257.7318977050266,30.471270127812634,3.2830314599759447,
1999264247459733,2024,loc2,360822.3839241866,505393.22124050464,254.44886624505065,4.525898695169161,16.108094445687676,0.0,2.154475212097168,1.3590474128723145,1247,prior,unik3d,True,360807.99373443663,505421.23025092116,256.82028932190985,31.489398621628382,2.3714230768592017,
1069879799117962,2025,loc2,360820.8094764566,505399.36092613544,254.80554887126746,5.634211228274609,10.055771934509213,0.0,7.568918228149414,1.2581912279129028,1217,prior,unik3d,True,360817.59819347784,505385.74639337714,252.87084265807235,13.98813213394588,1.9347062131951134,
1069879799117962,2024,loc2,360820.8094764566,505399.36092613544,254.80554887126746,5.634211228274609,10.055771934509213,0.0,7.155034065246582,1.2427631616592407,1217,prior,unik3d,True,360817.6415885874,505384.7285359935,253.28472645030075,14.971384532445532,1.5208224209667094,
946071411273849,2025,loc2,360812.4749577944,505432.53320290986,255.0794710465457,-3.0094849031974036,27.06803760713839,0.0,0.7790471315383911,1.0981847047805786,1224,prior,unik3d,True,360803.944103872,505436.9612122036,251.29093897550564,9.61159377788788,3.7885320710400663,
946071411273849,2024,loc2,360812.4749577944,505432.53320290986,255.0794710465457,-3.0094849031974036,27.06803760713839,0.0,-1.5470809936523438,1.0252046585083008,1224,prior,unik3d,True,360798.9774183337,505454.37701486354,253.61706723434403,25.6775328285459,1.4624038122016714,
28630049443257593,2025,loc2,360803.7528703903,505466.15015777014,254.4464986745188,-6.098766869888834,3.470913553345336,0.0,-3.8778934478759766,0.99209064245224,1277,prior,unik3d,True,360798.1692287914,505459.50865115836,252.22562568748228,8.676788782701037,2.220872987036529,
28630049443257593,2024,loc2,360803.7528703903,505466.15015777014,254.4464986745188,-6.098766869888834,3.470913553345336,0.0,-5.74196195602417,1.0536319017410278,1277,prior,unik3d,True,360796.86966063187,505463.49659706285,254.08969426007792,7.376988613649749,0.3568044144408873,
2325916388183213,2025,loc2,360795.28008992714,505498.1880449727,254.86163925606502,6.214781891097573,18.240725304295992,0.0,7.765011310577393,1.1573113203048706,1345,prior,unik3d,True,360791.6727945012,505486.4568306157,253.31141024417389,12.273303165016301,1.5502290118911333,
2325916388183213,2024,loc2,360795.28008992714,505498.1880449727,254.86163925606502,6.214781891097573,18.240725304295992,0.0,6.167089939117432,1.1335289478302002,1345,prior,unik3d,True,360791.5496387479,505485.1953888699,254.90933142703543,13.51759514879671,0.04769217097040723,
1975241993146792,2025,loc2,360790.9305160588,505531.0259289183,275.5645292688212,-9.310324339458248,14.384811499204622,0.0,-4.214990139007568,1.0776900053024292,1266,prior,unik3d,True,360786.9373773733,505525.57921010023,270.4691956693623,6.753658448922726,5.095333599458911,
1975241993146792,2024,loc2,360790.9305160588,505531.0259289183,275.5645292688212,-9.310324339458248,14.384811499204622,0.0,-6.719805717468262,1.2019424438476562,1266,prior,unik3d,True,360786.9522178202,505527.67209874035,272.9740110478724,5.2033675381937465,2.590518220948809,
2266652857522078,2025,loc2,360801.94835124625,505561.35963224806,291.8080147247711,6.541867417117373,20.22785191795692,0.0,11.848128318786621,1.3517102003097534,1353,prior,unik3d,True,360798.32937576744,505558.4508860018,286.50175340665135,4.643036532407172,5.306261318119766,
2266652857522078,2024,loc2,360801.94835124625,505561.35963224806,291.8080147247711,6.541867417117373,20.22785191795692,0.0,12.375456809997559,1.2990258932113647,1353,prior,unik3d,True,360799.4481012821,505556.234677273,285.9744250931912,5.702316492378999,5.833589631579912,
2664235027388592,2025,loc2,360814.3610915972,505591.13648182247,292.5960751883997,-7.8540605103696635,19.085480397872484,0.0,-6.180755138397217,1.2554686069488525,1102,prior,unik3d,True,360807.7456761903,505586.6050146909,290.9227699736348,8.01859809256509,1.6733052147649232,
2664235027388592,2024,loc2,360814.3610915972,505591.13648182247,292.5960751883997,-7.8540605103696635,19.085480397872484,0.0,-4.020148754119873,1.2086514234542847,1102,prior,unik3d,True,360809.34521336795,505585.292252405,288.76216402136095,7.701561652948953,3.833911167038764,
2298332014341910,2025,loc2,360828.7860962364,505620.79880488664,298.88369572152936,-0.596773663281283,13.629079040365383,0.0,15.29404067993164,0.8250225782394409,1046,prior,unik3d,True,360825.3066798539,505621.1630782992,282.99288116614724,3.498433003774866,15.890814555382121,
2298332014341910,2024,loc2,360828.7860962364,505620.79880488664,298.88369572152936,-0.596773663281283,13.629079040365383,0.0,8.127933502197266,0.9038388133049011,1046,prior,unik3d,True,360821.75154984236,505620.3333010644,290.15898907253796,7.049931686060466,8.7247066489914,
2664985677254720,2025,loc2,360846.2640029569,505652.54278573673,296.3486771705366,-6.696610376305955,16.315075646700098,0.0,-6.609597682952881,1.4464805126190186,1609,prior,unik3d,True,360842.7313469931,505647.7288449813,296.26166503316267,5.971070570291375,0.0870121373739039,
2664985677254720,2024,loc2,360846.2640029569,505652.54278573673,296.3486771705366,-6.696610376305955,16.315075646700098,0.0,11.385184288024902,1.6436793804168701,1609,prior,unik3d,True,360838.40083495725,505639.7410968128,278.2668819669118,15.023736229560479,18.08179520362478,
2190862265201212,2025,loc2,360858.074267425,505681.2016031267,287.6809987164796,-6.584251183212814,19.459667173620172,0.0,-0.7800212502479553,1.1590601205825806,1324,prior,unik3d,True,360854.5585215371,505678.4923499185,281.876768859501,4.438527018531713,5.804229856978623,
2190862265201212,2024,loc2,360858.074267425,505681.2016031267,287.6809987164796,-6.584251183212814,19.459667173620172,0.0,-1.2942018508911133,1.186179280281067,1324,prior,unik3d,True,360853.5451852611,505679.9486420745,282.39094947776147,4.699201703009038,5.290049238718154,
1803778274142674,2025,loc2,360866.5628902905,505714.5663897488,280.4521159059846,-9.689798420543354,25.618785417139208,0.0,-4.685685634613037,1.149804711341858,1447,prior,unik3d,True,360860.23404260236,505712.3653567897,275.44800308148405,6.700661097752478,5.004112824500567,
1803778274142674,2024,loc2,360866.5628902905,505714.5663897488,280.4521159059846,-9.689798420543354,25.618785417139208,0.0,-6.061811923980713,1.2244634628295898,1447,prior,unik3d,True,360861.1789709487,505713.915836063,276.82412972309356,5.423081004152047,3.62798618289105,
1595260398958253,2025,loc2,360876.16708211036,505747.10174129903,294.28648085219186,-7.6361577110843655,23.198029424040953,0.0,4.7796244621276855,1.2588516473770142,1628,prior,unik3d,True,360869.56205011584,505746.88970511744,281.87069843001694,6.608434534059137,12.415782422174914,
1595260398958253,2024,loc2,360876.16708211036,505747.10174129903,294.28648085219186,-7.6361577110843655,23.198029424040953,0.0,-0.4481793940067291,1.165680170059204,1628,prior,unik3d,True,360868.9670604742,505746.6736917655,287.0985025195447,7.21273443044628,7.1879783326471625,
1618478246297464,2025,loc2,360897.08296487853,505770.6888914574,359.2443918729163,-4.400738283139276,16.045954500843077,0.0,-0.7250046133995056,1.1805418729782104,1716,prior,unik3d,True,360889.43085392605,505770.12158840836,355.5686582380407,7.673111153792073,3.6757336348755985,
1618478246297464,2024,loc2,360897.08296487853,505770.6888914574,359.2443918729163,-4.400738283139276,16.045954500843077,0.0,-1.952012062072754,1.0801788568496704,1716,prior,unik3d,True,360888.7186602483,505769.8605692843,356.79566579862706,8.40521918627144,2.4487260742892545,
1411397654284692,2025,loc2,360928.39490721177,505760.7714622654,17.352959867827888,6.246018061213743,2.096490986487808,0.0,9.096506118774414,1.1928797960281372,2138,prior,unik3d,True,360922.1549057529,505761.72086510755,14.502472144875956,6.311813048809172,2.850487722951925,
1411397654284692,2024,loc2,360928.39490721177,505760.7714622654,17.352959867827888,6.246018061213743,2.096490986487808,0.0,6.153639793395996,1.1778110265731812,2138,prior,unik3d,True,360922.61764953093,505760.83939427877,17.445338200936597,5.777657057078038,0.09237833310871224,
2199725277275110,2025,loc2,360959.47657312726,505750.6162178423,17.29410753099758,7.773469456953347,23.28978753886541,0.0,11.196358680725098,1.2748245000839233,1949,prior,unik3d,True,360956.810213194,505752.40088337834,13.871216982137874,3.208505316995749,3.422890548859698,
2199725277275110,2024,loc2,360959.47657312726,505750.6162178423,17.29410753099758,7.773469456953347,23.28978753886541,0.0,9.792444229125977,0.9480667114257812,1949,prior,unik3d,True,360958.9629335159,505752.82870340097,15.275132416972461,2.2713251633297555,2.0189751140251246,
1630029038733543,2025,loc2,360977.76595758327,505730.73830788117,109.2852212235517,-2.240261776981299,15.147889371003807,0.0,1.290730357170105,1.2279808521270752,2238,prior,unik3d,True,360973.29318153206,505734.22922746174,105.75422898028074,5.673821033677512,3.5309922432709584,
1630029038733543,2024,loc2,360977.76595758327,505730.73830788117,109.2852212235517,-2.240261776981299,15.147889371003807,0.0,3.6581969261169434,1.2958217859268188,2238,prior,unik3d,True,360972.90647277684,505733.850603167,103.3867618726139,5.7706996569074995,5.898459350937799,
1029541690071867,2025,loc2,360965.52086601197,505699.5423200922,110.60057777067044,-5.522416923790388,9.584062810049588,0.0,-3.2818832397460938,1.1892778873443604,1765,prior,unik3d,True,360962.11986524035,505701.17363078654,108.3600443322573,3.7719995797905974,2.240533438413138,
1029541690071867,2024,loc2,360965.52086601197,505699.5423200922,110.60057777067044,-5.522416923790388,9.584062810049588,0.0,-6.389565944671631,1.2280421257019043,1765,prior,unik3d,True,360961.98859293875,505701.7384047366,111.46772717676143,4.159295713120783,0.8671494060909879,
1110169474745368,2025,loc2,360954.2398640532,505667.78448765073,105.04909601937412,3.6021032489483247,9.767387131936394,0.0,6.884590148925781,1.3268358707427979,2181,prior,unik3d,True,360951.1280566403,505669.2222762021,101.76660880278371,3.4279120895486987,3.2824872165904253,
1110169474745368,2024,loc2,360954.2398640532,505667.78448765073,105.04909601937412,3.6021032489483247,9.767387131936394,0.0,2.6918959617614746,1.3324860334396362,2181,prior,unik3d,True,360952.51764936367,505668.6555319472,105.95930328402146,1.929958964145618,0.9102072646473403,
2143531059567041,2025,loc2,360980.2035497979,505651.34399289545,21.80630224487809,4.559382584696987,19.651679460938592,0.0,2.8619394302368164,1.106119990348816,1310,prior,unik3d,True,360991.9823492147,505646.95093707414,23.503745182139692,12.571358524494968,1.6974429372615987,
2143531059567041,2024,loc2,360980.2035497979,505651.34399289545,21.80630224487809,4.559382584696987,19.651679460938592,0.0,6.573669910430908,1.1486401557922363,1310,prior,unik3d,True,360980.4625070254,505651.8753617705,19.792014983922826,0.5911105878490549,2.014287260955257,
1885191899114432,2025,loc2,361009.02305004245,505639.24162336625,22.564392727789823,-6.3497481432418965,9.55927022792837,0.0,-8.291812896728516,1.1893802881240845,1388,prior,unik3d,True,361007.9140593653,505640.14267220546,24.50645658916136,1.4288979434102402,1.9420638613715369,
1885191899114432,2024,loc2,361009.02305004245,505639.24162336625,22.564392727789823,-6.3497481432418965,9.55927022792837,0.0,-5.802051067352295,1.2385729551315308,1388,prior,unik3d,True,361008.23907918436,505640.21799113957,22.016695799012034,1.2521598680259025,0.547696928777782,
1566349148627059,2025,loc2,361039.9677668257,505626.0771525111,22.528355738064644,5.329842515423419,18.30538421682893,0.0,2.2280735969543457,1.0669357776641846,1420,prior,unik3d,True,361040.7934199492,505625.9886141868,25.630124645416014,0.8303867262931718,3.1017689073513566,
1566349148627059,2024,loc2,361039.9677668257,505626.0771525111,22.528355738064644,5.329842515423419,18.30538421682893,0.0,4.204777240753174,1.031783938407898,1420,prior,unik3d,True,361039.8295520539,505626.8389101977,23.65342098115054,0.7741951280316184,1.125065243085885,
2343542236381893,2025,loc2,361071.1612371945,505613.02524712496,21.688621760325894,7.538995750061545,14.656620704728047,0.0,8.876978874206543,1.1103867292404175,1394,prior,unik3d,True,361072.66259981244,505612.93320982705,20.35063787575694,1.504181031245979,1.3379838845689562,
2343542236381893,2024,loc2,361071.1612371945,505613.02524712496,21.688621760325894,7.538995750061545,14.656620704728047,0.0,9.610898971557617,1.0298302173614502,1394,prior,unik3d,True,361071.9205653508,505613.8188857514,19.61671786227024,1.0983813173789205,2.071903898055666,
1843956966766764,2025,loc2,361101.9827967382,505599.7779691089,22.536645763096583,6.441785557255869,19.16455212691325,0.0,5.1541032791137695,1.2861807346343994,1330,prior,unik3d,True,361101.87496498844,505599.9557777481,23.824328342274676,0.2079509519778627,1.287682579178096,
1843956966766764,2024,loc2,361101.9827967382,505599.7779691089,22.536645763096583,6.441785557255869,19.16455212691325,0.0,4.464815616607666,1.1386350393295288,1330,prior,unik3d,True,361101.7349963018,505600.57320743706,24.513615237843794,0.8329520123405504,1.9769694747472215,
1378668397810037,2025,loc2,361133.45828977134,505587.590027526,18.889311079430556,9.19654775307659,18.29082996174737,0.0,10.187093734741211,1.037002444267273,1499,prior,unik3d,True,361136.1621609164,505587.04701873485,17.898766268694615,2.7578574503628976,0.9905448107359405,
1378668397810037,2024,loc2,361133.45828977134,505587.590027526,18.889311079430556,9.19654775307659,18.29082996174737,0.0,8.317301750183105,1.047065258026123,1499,prior,unik3d,True,361136.52222916397,505586.8743155497,19.768556042549463,3.146421496678378,0.8792449631189072,
1640881657746457,2025,loc2,361164.7459236542,505574.790562897,22.57263785958171,-3.138304440327204,10.271705287279374,0.0,-3.2228269577026367,1.081251859664917,1697,prior,unik3d,True,361168.7884097947,505573.86463167827,22.657160344738433,4.147172870519391,0.08452248515672522,
1640881657746457,2024,loc2,361164.7459236542,505574.790562897,22.57263785958171,-3.138304440327204,10.271705287279374,0.0,-4.209723472595215,1.1015141010284424,1697,prior,unik3d,True,361168.47146415466,505573.65635209234,23.64405758615274,3.89436595226128,1.0714197265710368,
1329442135766852,2025,loc2,361195.54057250504,505562.247072299,20.64097160126914,0.7450062186188795,20.772686603243322,0.0,1.8494631052017212,1.1975712776184082,1843,prior,unik3d,True,361161.1701725414,505576.1577947686,19.536514396846247,37.07873505508757,1.1044572044228858,
1329442135766852,2024,loc2,361195.54057250504,505562.247072299,20.64097160126914,0.7450062186188795,20.772686603243322,0.0,2.5742340087890625,1.1401734352111816,1843,prior,unik3d,True,361164.62217816716,505575.2240248863,18.81174361313177,33.53130487895798,1.8292279881373759,
1877539553208523,2025,loc2,361226.3647825685,505550.4629049683,19.144616178197545,-7.744703053850381,16.0628047968742,0.0,-5.823213577270508,1.1325159072875977,1417,prior,unik3d,True,361237.2966146891,505545.6335804558,17.22312734815679,11.951038815137627,1.9214888300407438,
1877539553208523,2024,loc2,361226.3647825685,505550.4629049683,19.144616178197545,-7.744703053850381,16.0628047968742,0.0,-5.945250034332275,1.1601240634918213,1417,prior,unik3d,True,361235.22333947005,505545.13959837705,17.345163092670376,10.334970897046903,1.7994530855271762,
971140639343305,2025,loc2,361257.99184614775,505539.6962324716,20.161977218906035,0.1511464765484405,13.103445655290946,0.0,-5.072995662689209,1.1011639833450317,1382,prior,unik3d,True,361242.8038407005,505543.5543397139,25.38611914843562,15.67037016024764,5.224141929529594,
971140639343305,2024,loc2,361257.99184614775,505539.6962324716,20.161977218906035,0.1511464765484405,13.103445655290946,0.0,-3.5933785438537598,1.6350634098052979,1382,prior,unik3d,True,361257.2707451242,505538.10815897625,23.906502634422008,1.7441227344576615,3.744525415515966,
1426839858986128,2025,loc2,361288.8926168677,505527.25597672444,27.06509414953422,-9.004017419140517,22.006004154289617,0.0,-6.930850028991699,1.282857060432434,1393,prior,unik3d,True,361290.02191012946,505522.2841987782,24.991927378244018,5.098419286165846,2.0731667712902038,
1426839858986128,2024,loc2,361288.8926168677,505527.25597672444,27.06509414953422,-9.004017419140517,22.006004154289617,0.0,-9.556683540344238,1.2204828262329102,1393,prior,unik3d,True,361288.45276878093,505523.29630336567,27.617760402715675,3.9840280430230237,0.5526662531814566,
1419645030041727,2025,loc2,361318.3638489618,505515.4230037108,14.89806713836782,-0.4548197651768717,14.476907131508781,0.0,-3.0098278522491455,1.2042311429977417,1676,prior,unik3d,True,361323.76218555315,505506.98914354894,17.453075300750914,10.013592521351535,2.5550081623831034,
1419645030041727,2024,loc2,361318.3638489618,505515.4230037108,14.89806713836782,-0.4548197651768717,14.476907131508781,0.0,-2.6025028228759766,1.033850073814392,1676,prior,unik3d,True,361322.29917948646,505508.4169085584,17.045750357768377,8.035682648234774,2.1476832194005624,
4510807879135648,2025,loc2,361351.93503453897,505507.6781751616,10.412533002251346,-6.189305251400814,17.753895335435598,0.0,-6.335107326507568,1.1416642665863037,1688,prior,unik3d,True,361353.23455827404,505498.67425803305,10.558334975201392,9.097213067513392,0.14580197295003927,
4510807879135648,2024,loc2,361351.93503453897,505507.6781751616,10.412533002251346,-6.189305251400814,17.753895335435598,0.0,-4.984305381774902,1.159932017326355,1688,prior,unik3d,True,361354.76345810306,505498.56810117926,9.2075338291776,9.539047532192704,1.2049991730737588,
929538789876463,2025,loc2,361382.61629521067,505499.73874528706,54.501828891654704,9.315541297746691,17.1982891736279,0.0,1.4704740047454834,1.0376336574554443,1208,prior,unik3d,True,361385.15533005696,505490.1360958246,62.3468962346789,9.932651944457648,7.845067343024198,
929538789876463,2024,loc2,361382.61629521067,505499.73874528706,54.501828891654704,9.315541297746691,17.1982891736279,0.0,7.242571830749512,1.0995304584503174,1208,prior,unik3d,True,361384.1266299047,505489.63711140485,56.57479813330656,10.213917856447543,2.0729692416518617,
1736493034133252,2025,loc2,361376.68114395306,505464.6876076674,100.01794967969442,-4.190006797842443,29.5209337350393,0.0,1.336652159690857,1.1072596311569214,1133,prior,unik3d,True,361371.662671128,505460.6254878509,94.49129048148008,6.45646086485291,5.526659198214361,
1736493034133252,2024,loc2,361376.68114395306,505464.6876076674,100.01794967969442,-4.190006797842443,29.5209337350393,0.0,-2.0534543991088867,1.1731719970703125,1133,prior,unik3d,True,361375.7949744046,505459.3353218477,97.88139745236745,5.425150685874918,2.1365522273269733,
2001244650439529,2025,loc2,361378.1259606169,505432.5480952319,60.5864528032553,2.812619304964123,6.0623610344927865,0.0,-0.34879088401794434,1.3145133256912231,1223,prior,unik3d,True,361377.8153732574,505427.6859211533,63.74786299786866,4.872083874319912,3.161410194613353,
2001244650439529,2024,loc2,361378.1259606169,505432.5480952319,60.5864528032553,2.812619304964123,6.0623610344927865,0.0,1.2079261541366577,1.2170734405517578,1223,prior,unik3d,True,361377.63143266464,505427.66417408834,62.19114587473603,4.908894339045151,1.6046930714807388,
2042982259659935,2025,loc2,361402.5514528438,505412.2859219806,34.54901273914318,4.786739326289158,13.914701780048755,0.0,7.822665691375732,1.1154940128326416,1168,prior,unik3d,True,361402.85405263415,505407.69991034083,31.513086794283275,4.5959840506092755,3.035925944859912,
2042982259659935,2024,loc2,361402.5514528438,505412.2859219806,34.54901273914318,4.786739326289158,13.914701780048755,0.0,7.173474311828613,1.0867999792099,1168,prior,unik3d,True,361402.5071774047,505408.5490949841,32.1622782647554,3.737089284010627,2.386734474387765,
1414668144105202,2025,loc2,361429.77660105436,505392.94916052837,36.35041238830319,1.7316749937805653,17.5722933967522,0.0,-0.4837912321090698,1.275940179824829,1164,prior,unik3d,True,361425.41385797504,505391.1305707942,38.56587866959224,4.726605102738827,2.2154662812890535,
1414668144105202,2024,loc2,361429.77660105436,505392.94916052837,36.35041238830319,1.7316749937805653,17.5722933967522,0.0,-2.274174213409424,1.3715013265609741,1164,prior,unik3d,True,361426.1077012922,505391.522633408,40.356261627249296,3.9364711468286835,4.005849238946098,
1618985639622967,2025,loc2,361660.73672209936,505384.5892911423,341.9133629584468,7.844000921557267,29.359748948213433,0.0,13.181966781616211,1.0302371978759766,1744,prior,unik3d,True,361664.37049896404,505387.8366587367,336.57539752334463,4.873369531993728,5.337965435102149,
1618985639622967,2024,loc2,361660.73672209936,505384.5892911423,341.9133629584468,7.844000921557267,29.359748948213433,0.0,8.217493057250977,0.9256666302680969,1744,prior,unik3d,True,361667.602995911,505387.4734721259,341.53987100261304,7.4474301609411935,0.3734919558337424,
1474764354670842,2025,loc2,361440.31565603625,505384.64882748015,38.95936464265365,1.73382380245949,27.48373705659677,0.0,8.136659622192383,1.281354308128357,1243,prior,unik3d,True,361438.7073668931,505380.35485800717,32.55652835932981,4.5852772874546135,6.402836283323836,
1474764354670842,2024,loc2,361440.31565603625,505384.64882748015,38.95936464265365,1.73382380245949,27.48373705659677,0.0,6.684744834899902,1.386590838432312,1243,prior,unik3d,True,361439.4528843939,505377.7134861307,34.00844329489201,6.988800651060324,4.950921347761636,
1068392369135122,2025,loc2,361663.91543647763,505385.67106408905,341.2056764857247,2.6500842519182015,12.54106987823019,0.0,5.298637390136719,1.2267489433288574,1733,prior,unik3d,True,361652.55054470105,505380.2790368567,338.5571230917159,12.579138395280408,2.648553394008843,
1068392369135122,2024,loc2,361663.91543647763,505385.67106408905,341.2056764857247,2.6500842519182015,12.54106987823019,0.0,-0.798539400100708,1.2008732557296753,1733,prior,unik3d,True,361654.08007108833,505381.7200510512,344.6543002158252,10.59928848397356,3.4486237301004508,
1564945198650080,2025,loc2,361437.8867985086,505386.64270352945,38.26679697796344,1.9030999254935423,20.927605013646513,0.0,1.6492236852645874,1.266222596168518,1194,prior,unik3d,True,361435.54072622117,505383.25448051543,38.52067301794813,4.121178274532647,0.2538760399846751,
1564945198650080,2024,loc2,361437.8867985086,505386.64270352945,38.26679697796344,1.9030999254935423,20.927605013646513,0.0,1.254908800125122,1.3646326065063477,1194,prior,unik3d,True,361435.0704338938,505382.1041747557,38.91498806672991,5.341362473517707,0.648191088766481,
4615440378688443,2025,loc2,361667.09693574253,505386.74030265305,341.80319371641906,-2.3483484034853177,12.340544478423272,0.0,0.8406488299369812,1.179194450378418,1799,prior,unik3d,True,361655.6721371724,505381.5072982434,338.6141963893703,12.566238797623596,3.188997327048753,
4615440378688443,2024,loc2,361667.09693574253,505386.74030265305,341.80319371641906,-2.3483484034853177,12.340544478423272,0.0,-3.758847951889038,1.24324369430542,1799,prior,unik3d,True,361657.99039715086,505382.80519154435,343.2136933495694,9.920390343099806,1.410499633150323,
2475590072940447,2025,loc2,361435.191131282,505388.7912223553,37.60874143036869,6.561074116439073,21.861872817515597,0.0,-2.7259087562561035,0.9934309124946594,1112,prior,unik3d,True,361437.2973614026,505391.3786243294,46.89572434047665,3.3362934967242683,9.286982910107952,
2475590072940447,2024,loc2,361435.191131282,505388.7912223553,37.60874143036869,6.561074116439073,21.861872817515597,0.0,4.805085182189941,1.3076634407043457,1112,prior,unik3d,True,361431.5820825899,505385.6926263967,39.36473018764066,4.7567351594009555,1.7559887572719788,
1396114019377954,2025,loc2,361670.2548139775,505387.72986708675,342.5975018495259,4.9904432314068,12.802808954800723,0.0,5.069498062133789,1.278180480003357,1728,prior,unik3d,True,361657.3642758266,505382.1840370979,342.51844717473756,14.032897209243947,0.07905467478832406,
1396114019377954,2024,loc2,361670.2548139775,505387.72986708675,342.5975018495259,4.9904432314068,12.802808954800723,0.0,3.419404983520508,1.140152096748352,1728,prior,unik3d,True,361658.15085074824,505383.31503863056,344.16853966499104,12.883968183494783,1.5710378154651607,
2297705431003261,2025,loc2,361692.0407925941,505395.04660389107,341.62760906800236,8.285998239926982,13.096277008695289,0.0,6.139554977416992,1.145308494567871,2840,prior,unik3d,True,361683.7402400022,505391.16425590584,343.7740523392684,9.163612781462378,2.146443271266037,
2297705431003261,2024,loc2,361692.0407925941,505395.04660389107,341.62760906800236,8.285998239926982,13.096277008695289,0.0,4.37216329574585,1.1084644794464111,2840,prior,unik3d,True,361682.5407264373,505392.45997940365,345.5414436476342,9.845906927363668,3.913834579631839,
3578370962341082,2025,loc2,361722.43283607205,505405.1593217058,341.70905350321345,9.194914049966599,17.401209465369714,0.0,11.31973648071289,1.1077440977096558,1889,prior,unik3d,True,361710.1520825752,505398.9503216206,339.584230030248,13.761125989849607,2.1248234729654314,
3578370962341082,2024,loc2,361722.43283607205,505405.1593217058,341.70905350321345,9.194914049966599,17.401209465369714,0.0,10.730951309204102,1.0415701866149902,1889,prior,unik3d,True,361708.55210212653,505398.21422283474,340.1730158829231,15.521249086185065,1.536037620290358,
