frame_id,year,method,gt_e,gt_n,gt_yaw,crop_rot_deg,centre_guess_m,heading,ref_up,residual_rot_deg,inliers_peak,inliers_fine,fallback_fine,fine_shift_m,ok,pred_e,pred_n,pred_yaw,err_m,err_deg,error
2095057974553082,2025,panoroma_coarse,360026.3821716677,504344.61452205386,81.42574118763453,2.725570345245515,6.078716834144202,gt,north,0.0,0.34824281150159747,0.2655086848635236,False,5.846943888026771,True,360041.0476780098,504329.65984669817,,20.94562940719789,13.829780437183882,
2095057974553082,2025,panoroma_fine,360026.3821716677,504344.61452205386,81.42574118763453,2.725570345245515,6.078716834144202,gt,north,0.0,0.34824281150159747,0.2655086848635236,False,5.846943888026771,True,360045.2973184614,504333.67572877585,,21.850399918683113,4.971073346149068,
2095057974553082,2025,panoroma_two_pass,360026.3821716677,504344.61452205386,81.42574118763453,2.725570345245515,6.078716834144202,gt,north,0.0,0.34824281150159747,0.2655086848635236,False,5.846943888026771,True,360045.2973184614,504333.67572877585,,21.850399918683113,4.971073346149068,
2095057974553082,2024,panoroma_coarse,360026.3821716677,504344.61452205386,81.42574118763453,2.725570345245515,6.078716834144202,gt,north,0.0,0.4198473282442748,0.3119266055045872,False,5.306908264017552,True,360038.5360928586,504338.24660255294,,13.721085929485847,39.392764427459966,
2095057974553082,2024,panoroma_fine,360026.3821716677,504344.61452205386,81.42574118763453,2.725570345245515,6.078716834144202,gt,north,0.0,0.4198473282442748,0.3119266055045872,False,5.306908264017552,True,360042.71779552236,504341.5141150861,,16.627240603491682,8.606345238345984,
2095057974553082,2024,panoroma_two_pass,360026.3821716677,504344.61452205386,81.42574118763453,2.725570345245515,6.078716834144202,gt,north,0.0,0.4198473282442748,0.3119266055045872,False,5.306908264017552,True,360042.71779552236,504341.5141150861,,16.627240603491682,8.606345238345984,
2134127433808624,2025,panoroma_coarse,360032.84761322686,504307.9422390545,69.43286538919972,2.7334306631946674,11.661891745019847,gt,north,0.0,0.23247232472324722,0.2080536912751678,False,0.8389031942280152,True,360032.90369937895,504306.0101595356,,1.9328934072090853,2.5782599189957325,
2134127433808624,2025,panoroma_fine,360032.84761322686,504307.9422390545,69.43286538919972,2.7334306631946674,11.661891745019847,gt,north,0.0,0.23247232472324722,0.2080536912751678,False,0.8389031942280152,True,360033.1160597061,504305.19857980404,,2.7567607068303484,8.86162207061326,
2134127433808624,2025,panoroma_two_pass,360032.84761322686,504307.9422390545,69.43286538919972,2.7334306631946674,11.661891745019847,gt,north,0.0,0.23247232472324722,0.2080536912751678,False,0.8389031942280152,True,360033.1160597061,504305.19857980404,,2.7567607068303484,8.86162207061326,
2134127433808624,2024,panoroma_coarse,360032.84761322686,504307.9422390545,69.43286538919972,2.7334306631946674,11.661891745019847,gt,north,0.0,0.2857142857142857,0.18545454545454546,False,2.5449946064571707,True,360031.13927681214,504307.04889134946,,1.927818307799031,0.7248885243386578,
2134127433808624,2024,panoroma_fine,360032.84761322686,504307.9422390545,69.43286538919972,2.7334306631946674,11.661891745019847,gt,north,0.0,0.2857142857142857,0.18545454545454546,False,2.5449946064571707,True,360031.22914411704,504309.59229879116,,2.3113068584794463,32.16200181697484,
2134127433808624,2024,panoroma_two_pass,360032.84761322686,504307.9422390545,69.43286538919972,2.7334306631946674,11.661891745019847,gt,north,0.0,0.2857142857142857,0.18545454545454546,False,2.5449946064571707,True,360031.22914411704,504309.59229879116,,2.3113068584794463,32.16200181697484,
28398706986416513,2025,panoroma_coarse,360060.1043976202,504303.69896460697,354.88874202101726,-0.9760247201908214,15.006479104534213,gt,north,0.0,0.33557046979865773,0.16043956043956045,False,5.2616872892453825,True,360060.15908798145,504299.84107902827,,3.858273211424753,4.786226138317153,
28398706986416513,2025,panoroma_fine,360060.1043976202,504303.69896460697,354.88874202101726,-0.9760247201908214,15.006479104534213,gt,north,0.0,0.33557046979865773,0.16043956043956045,False,5.2616872892453825,True,360055.2009901437,504298.0796537641,,7.45788570772547,4.9239833510060125,
28398706986416513,2025,panoroma_two_pass,360060.1043976202,504303.69896460697,354.88874202101726,-0.9760247201908214,15.006479104534213,gt,north,0.0,0.33557046979865773,0.16043956043956045,False,5.2616872892453825,True,360055.2009901437,504298.0796537641,,7.45788570772547,4.9239833510060125,
28398706986416513,2024,panoroma_coarse,360060.1043976202,504303.69896460697,354.88874202101726,-0.9760247201908214,15.006479104534213,gt,north,0.0,0.3753280839895013,0.17814726840855108,False,4.44732769664175,True,360055.45710275375,504299.0857689002,,6.548200073677982,13.26600095054098,
28398706986416513,2024,panoroma_fine,360060.1043976202,504303.69896460697,354.88874202101726,-0.9760247201908214,15.006479104534213,gt,north,0.0,0.3753280839895013,0.17814726840855108,False,4.44732769664175,True,360057.90600423684,504295.3734104628,,8.610910827278241,0.4443063087024763,
28398706986416513,2024,panoroma_two_pass,360060.1043976202,504303.69896460697,354.88874202101726,-0.9760247201908214,15.006479104534213,gt,north,0.0,0.3753280839895013,0.17814726840855108,False,4.44732769664175,True,360057.90600423684,504295.3734104628,,8.610910827278241,0.4443063087024763,
1100804636233191,2025,panoroma_coarse,360094.6966482403,504308.69749890827,349.42166902017294,-2.161816277693731,21.24791738217679,gt,north,0.0,0.5358565737051793,0.2965174129353234,False,5.629769977279923,True,360070.30063990614,504305.62698592513,,24.58847845274303,1.104794677721301,
1100804636233191,2025,panoroma_fine,360094.6966482403,504308.69749890827,349.42166902017294,-2.161816277693731,21.24791738217679,gt,north,0.0,0.5358565737051793,0.2965174129353234,False,5.629769977279923,True,360074.76088495826,504302.19179683685,,20.970427203097174,15.618614592420991,
1100804636233191,2025,panoroma_two_pass,360094.6966482403,504308.69749890827,349.42166902017294,-2.161816277693731,21.24791738217679,gt,north,0.0,0.5358565737051793,0.2965174129353234,False,5.629769977279923,True,360074.76088495826,504302.19179683685,,20.970427203097174,15.618614592420991,
1100804636233191,2024,panoroma_coarse,360094.6966482403,504308.69749890827,349.42166902017294,-2.161816277693731,21.24791738217679,gt,north,0.0,0.6034063260340633,0.2779017857142857,False,2.2706362498180854,True,360071.7738785987,504302.5222627902,,23.739985449803314,17.048382396482015,
1100804636233191,2024,panoroma_fine,360094.6966482403,504308.69749890827,349.42166902017294,-2.161816277693731,21.24791738217679,gt,north,0.0,0.6034063260340633,0.2779017857142857,False,2.2706362498180854,True,360070.58971352887,504300.58485677536,,25.435393913972472,7.757492339934842,
1100804636233191,2024,panoroma_two_pass,360094.6966482403,504308.69749890827,349.42166902017294,-2.161816277693731,21.24791738217679,gt,north,0.0,0.6034063260340633,0.2779017857142857,False,2.2706362498180854,True,360070.58971352887,504300.58485677536,,25.435393913972472,7.757492339934842,
1794136951725433,2025,panoroma_coarse,360128.5122393634,504314.32278087456,350.37814580786244,-5.31579783024938,18.831871251631615,gt,north,0.0,0.32039636663914123,0.27136258660508084,False,2.2614730788478075,True,360124.5453445709,504311.52728999,,4.852939684413825,1.8999958282313134,
1794136951725433,2025,panoroma_fine,360128.5122393634,504314.32278087456,350.37814580786244,-5.31579783024938,18.831871251631615,gt,north,0.0,0.32039636663914123,0.27136258660508084,False,2.2614730788478075,True,360126.38551575417,504310.21274425,,4.627672672636934,16.73119651146805,
1794136951725433,2025,panoroma_two_pass,360128.5122393634,504314.32278087456,350.37814580786244,-5.31579783024938,18.831871251631615,gt,north,0.0,0.32039636663914123,0.27136258660508084,False,2.2614730788478075,True,360126.38551575417,504310.21274425,,4.627672672636934,16.73119651146805,
1794136951725433,2024,panoroma_coarse,360128.5122393634,504314.32278087456,350.37814580786244,-5.31579783024938,18.831871251631615,gt,north,0.0,0.28888888888888886,0.22588235294117648,False,3.9754111761788518,True,360124.6469297309,504309.3032744171,,6.335302962869285,6.971758995105262,
1794136951725433,2024,panoroma_fine,360128.5122393634,504314.32278087456,350.37814580786244,-5.31579783024938,18.831871251631615,gt,north,0.0,0.28888888888888886,0.22588235294117648,False,3.9754111761788518,True,360128.0727446729,504307.2864239013,,7.050069151270311,9.330203776559491,
1794136951725433,2024,panoroma_two_pass,360128.5122393634,504314.32278087456,350.37814580786244,-5.31579783024938,18.831871251631615,gt,north,0.0,0.28888888888888886,0.22588235294117648,False,3.9754111761788518,True,360128.0727446729,504307.2864239013,,7.050069151270311,9.330203776559491,
2250285992180932,2025,panoroma_coarse,360142.6419883799,504291.9622382168,80.71202241156853,-8.90746811004847,30.21488618115079,gt,north,0.0,0.1926605504587156,0.1444805194805195,False,1.4860727973744186,True,360141.1356790037,504335.56675138685,,43.630522994074695,19.137927410061565,
2250285992180932,2025,panoroma_fine,360142.6419883799,504291.9622382168,80.71202241156853,-8.90746811004847,30.21488618115079,gt,north,0.0,0.1926605504587156,0.1444805194805195,False,1.4860727973744186,True,360140.70572223014,504336.98926660017,,45.06864111155117,0.7209378657695497,
2250285992180932,2025,panoroma_two_pass,360142.6419883799,504291.9622382168,80.71202241156853,-8.90746811004847,30.21488618115079,gt,north,0.0,0.1926605504587156,0.1444805194805195,False,1.4860727973744186,True,360140.70572223014,504336.98926660017,,45.06864111155117,0.7209378657695497,
2250285992180932,2024,panoroma_coarse,360142.6419883799,504291.9622382168,80.71202241156853,-8.90746811004847,30.21488618115079,gt,north,0.0,0.19239904988123516,0.12156862745098039,True,10.127632847224563,True,360140.49926747254,504336.78879924316,,44.877743106573206,12.972635350364605,
2250285992180932,2024,panoroma_fine,360142.6419883799,504291.9622382168,80.71202241156853,-8.90746811004847,30.21488618115079,gt,north,0.0,0.19239904988123516,0.12156862745098039,True,10.127632847224563,True,360149.68770238734,504332.5295022466,,41.174567353398615,28.26537807250524,
2250285992180932,2024,panoroma_two_pass,360142.6419883799,504291.9622382168,80.71202241156853,-8.90746811004847,30.21488618115079,gt,north,0.0,0.19239904988123516,0.12156862745098039,True,10.127632847224563,True,360140.49926747254,504336.78879924316,,44.877743106573206,12.972635350364605,
1113377307836084,2025,panoroma_coarse,360152.59731493844,504260.3036048608,31.148380222847756,-2.1963602555590036,17.530503018157212,gt,north,0.0,0.30265210608424337,0.16526138279932545,False,4.819443402462861,True,360150.65934903926,504259.32595315075,,2.170602380109351,0.05543961710534313,
1113377307836084,2025,panoroma_fine,360152.59731493844,504260.3036048608,31.148380222847756,-2.1963602555590036,17.530503018157212,gt,north,0.0,0.30265210608424337,0.16526138279932545,False,4.819443402462861,True,360151.5515079777,504254.5898062845,,5.808718134774662,15.202541792927644,
1113377307836084,2025,panoroma_two_pass,360152.59731493844,504260.3036048608,31.148380222847756,-2.1963602555590036,17.530503018157212,gt,north,0.0,0.30265210608424337,0.16526138279932545,False,4.819443402462861,True,360151.5515079777,504254.5898062845,,5.808718134774662,15.202541792927644,
1113377307836084,2024,panoroma_coarse,360152.59731493844,504260.3036048608,31.148380222847756,-2.1963602555590036,17.530503018157212,gt,north,0.0,0.2702702702702703,0.16258741258741258,True,6.895002165261673,True,360148.9090381548,504261.5547881471,,3.89472017589714,2.1577754049500784,
1113377307836084,2024,panoroma_fine,360152.59731493844,504260.3036048608,31.148380222847756,-2.1963602555590036,17.530503018157212,gt,north,0.0,0.2702702702702703,0.16258741258741258,True,6.895002165261673,True,360150.95174227474,504254.9693181762,,5.582340353718641,2.4574368910544426,
1113377307836084,2024,panoroma_two_pass,360152.59731493844,504260.3036048608,31.148380222847756,-2.1963602555590036,17.530503018157212,gt,north,0.0,0.2702702702702703,0.16258741258741258,True,6.895002165261673,True,360148.9090381548,504261.5547881471,,3.89472017589714,2.1577754049500784,
2163701757795311,2025,panoroma_coarse,360185.94907221664,504266.20596416295,348.4601985591976,-3.8132556254095675,26.62386681226079,gt,north,0.0,0.29427792915531337,0.37799043062200954,True,6.956202765342298,True,360150.33354086947,504240.6368129532,,43.84344382831857,60.40187066347951,
2163701757795311,2025,panoroma_fine,360185.94907221664,504266.20596416295,348.4601985591976,-3.8132556254095675,26.62386681226079,gt,north,0.0,0.29427792915531337,0.37799043062200954,True,6.956202765342298,True,360154.6965399096,504246.05465350905,,37.185966394237724,2.4959890445943684,
2163701757795311,2025,panoroma_two_pass,360185.94907221664,504266.20596416295,348.4601985591976,-3.8132556254095675,26.62386681226079,gt,north,0.0,0.29427792915531337,0.37799043062200954,True,6.956202765342298,True,360150.33354086947,504240.6368129532,,43.84344382831857,60.40187066347951,
2163701757795311,2024,panoroma_coarse,360185.94907221664,504266.20596416295,348.4601985591976,-3.8132556254095675,26.62386681226079,gt,north,0.0,0.5923809523809523,0.4098360655737705,False,3.905788329894146,True,360180.7286896055,504262.41631055746,,6.450881261999249,3.0189812999793904,
2163701757795311,2024,panoroma_fine,360185.94907221664,504266.20596416295,348.4601985591976,-3.8132556254095675,26.62386681226079,gt,north,0.0,0.5923809523809523,0.4098360655737705,False,3.905788329894146,True,360178.8411938459,504265.8357465103,,7.117513332862942,10.4169201965438,
2163701757795311,2024,panoroma_two_pass,360185.94907221664,504266.20596416295,348.4601985591976,-3.8132556254095675,26.62386681226079,gt,north,0.0,0.5923809523809523,0.4098360655737705,False,3.905788329894146,True,360178.8411938459,504265.8357465103,,7.117513332862942,10.4169201965438,
1407730031543039,2025,panoroma_coarse,360163.45460668084,504260.85942704603,167.10602898892608,3.2101088841156695,16.20263947224276,gt,north,0.0,0.45265151515151514,0.18392857142857144,True,8.484002386867937,True,360165.12217424955,504262.60548415815,,2.4144351378761577,0.05491296342215419,
1407730031543039,2025,panoroma_fine,360163.45460668084,504260.85942704603,167.10602898892608,3.2101088841156695,16.20263947224276,gt,north,0.0,0.45265151515151514,0.18392857142857144,True,8.484002386867937,True,360159.00106018316,504256.7309408494,,6.072764994854878,65.59059616122431,
1407730031543039,2025,panoroma_two_pass,360163.45460668084,504260.85942704603,167.10602898892608,3.2101088841156695,16.20263947224276,gt,north,0.0,0.45265151515151514,0.18392857142857144,True,8.484002386867937,True,360165.12217424955,504262.60548415815,,2.4144351378761577,0.05491296342215419,
1407730031543039,2024,panoroma_coarse,360163.45460668084,504260.85942704603,167.10602898892608,3.2101088841156695,16.20263947224276,gt,north,0.0,0.3439153439153439,0.16945996275605213,True,7.071821670917427,True,360161.22150937765,504261.5495703693,,2.3373107136585674,3.9174009203647002,
1407730031543039,2024,panoroma_fine,360163.45460668084,504260.85942704603,167.10602898892608,3.2101088841156695,16.20263947224276,gt,north,0.0,0.3439153439153439,0.16945996275605213,True,7.071821670917427,True,360156.2979998019,504256.47318236186,,8.393817036931754,65.69558720872699,
1407730031543039,2024,panoroma_two_pass,360163.45460668084,504260.85942704603,167.10602898892608,3.2101088841156695,16.20263947224276,gt,north,0.0,0.3439153439153439,0.16945996275605213,True,7.071821670917427,True,360161.22150937765,504261.5495703693,,2.3373107136585674,3.9174009203647002,
4644665985853547,2025,panoroma_coarse,360145.23046914255,504280.3795425352,256.1522303114766,-0.6694210753320533,6.890667594968546,gt,north,0.0,0.5456431535269709,0.403747870528109,False,4.07267570138852,True,360135.2639581103,504302.67017125833,,24.417278124921758,3.8885633054453113,
4644665985853547,2025,panoroma_fine,360145.23046914255,504280.3795425352,256.1522303114766,-0.6694210753320533,6.890667594968546,gt,north,0.0,0.5456431535269709,0.403747870528109,False,4.07267570138852,True,360139.08439558826,504301.25916280836,,21.765402888239706,2.064842171442518,
4644665985853547,2025,panoroma_two_pass,360145.23046914255,504280.3795425352,256.1522303114766,-0.6694210753320533,6.890667594968546,gt,north,0.0,0.5456431535269709,0.403747870528109,False,4.07267570138852,True,360139.08439558826,504301.25916280836,,21.765402888239706,2.064842171442518,
4644665985853547,2024,panoroma_coarse,360145.23046914255,504280.3795425352,256.1522303114766,-0.6694210753320533,6.890667594968546,gt,north,0.0,0.46201743462017436,0.4709042076991943,False,4.063322245033154,True,360136.8572801606,504301.02191248565,,22.27594511800034,1.1881940794230672,
4644665985853547,2024,panoroma_fine,360145.23046914255,504280.3795425352,256.1522303114766,-0.6694210753320533,6.890667594968546,gt,north,0.0,0.46201743462017436,0.4709042076991943,False,4.063322245033154,True,360140.5149714017,504299.2521999521,,19.452843414780197,0.9013031144260087,
4644665985853547,2024,panoroma_two_pass,360145.23046914255,504280.3795425352,256.1522303114766,-0.6694210753320533,6.890667594968546,gt,north,0.0,0.46201743462017436,0.4709042076991943,False,4.063322245033154,True,360140.5149714017,504299.2521999521,,19.452843414780197,0.9013031144260087,
2298484727642838,2025,panoroma_coarse,360140.65024008346,504313.04823736195,285.4108410359246,8.674834325535244,29.29750458347407,gt,north,0.0,0.2535641547861507,0.3325917686318131,False,1.7153357919917664,True,360118.7715189986,504297.41536316724,,26.88987154852813,131.05572184626223,
2298484727642838,2025,panoroma_fine,360140.65024008346,504313.04823736195,285.4108410359246,8.674834325535244,29.29750458347407,gt,north,0.0,0.2535641547861507,0.3325917686318131,False,1.7153357919917664,True,360120.1812540729,504296.4381099249,,26.360495476687298,63.419819878216686,
2298484727642838,2025,panoroma_two_pass,360140.65024008346,504313.04823736195,285.4108410359246,8.674834325535244,29.29750458347407,gt,north,0.0,0.2535641547861507,0.3325917686318131,False,1.7153357919917664,True,360120.1812540729,504296.4381099249,,26.360495476687298,63.419819878216686,
2298484727642838,2024,panoroma_coarse,360140.65024008346,504313.04823736195,285.4108410359246,8.674834325535244,29.29750458347407,gt,north,0.0,0.3163138231631382,0.16507177033492823,False,2.7387889704906416,True,360123.6494244868,504296.5097074848,,23.718151307573518,16.870065358299914,
2298484727642838,2024,panoroma_fine,360140.65024008346,504313.04823736195,285.4108410359246,8.674834325535244,29.29750458347407,gt,north,0.0,0.3163138231631382,0.16507177033492823,False,2.7387889704906416,True,360126.0148234977,504297.89023366873,,21.070370063260125,0.8065865457504234,
2298484727642838,2024,panoroma_two_pass,360140.65024008346,504313.04823736195,285.4108410359246,8.674834325535244,29.29750458347407,gt,north,0.0,0.3163138231631382,0.16507177033492823,False,2.7387889704906416,True,360126.0148234977,504297.89023366873,,21.070370063260125,0.8065865457504234,
978411255289595,2025,panoroma_coarse,360172.54386717896,504320.6193851456,353.22410338906485,-8.74934191626511,10.215259135897133,gt,north,0.0,0.3497340425531915,0.2780487804878049,False,4.882601227139785,True,360177.35251179396,504324.05896185106,,5.912169732512011,2.3343435834061985,
978411255289595,2025,panoroma_fine,360172.54386717896,504320.6193851456,353.22410338906485,-8.74934191626511,10.215259135897133,gt,north,0.0,0.3497340425531915,0.2780487804878049,False,4.882601227139785,True,360175.0553766012,504319.7504859431,,2.6575675724176375,3.0320179565350025,
978411255289595,2025,panoroma_two_pass,360172.54386717896,504320.6193851456,353.22410338906485,-8.74934191626511,10.215259135897133,gt,north,0.0,0.3497340425531915,0.2780487804878049,False,4.882601227139785,True,360175.0553766012,504319.7504859431,,2.6575675724176375,3.0320179565350025,
978411255289595,2024,panoroma_coarse,360172.54386717896,504320.6193851456,353.22410338906485,-8.74934191626511,10.215259135897133,gt,north,0.0,0.5819209039548022,0.1841680129240711,False,4.806965030369,True,360174.5468091964,504320.9849173737,,2.0360232157445286,8.078291204738658,
978411255289595,2024,panoroma_fine,360172.54386717896,504320.6193851456,353.22410338906485,-8.74934191626511,10.215259135897133,gt,north,0.0,0.5819209039548022,0.1841680129240711,False,4.806965030369,True,360171.6282709123,504317.1653562618,,3.573322271208684,4.143483967777681,
978411255289595,2024,panoroma_two_pass,360172.54386717896,504320.6193851456,353.22410338906485,-8.74934191626511,10.215259135897133,gt,north,0.0,0.5819209039548022,0.1841680129240711,False,4.806965030369,True,360171.6282709123,504317.1653562618,,3.573322271208684,4.143483967777681,
1394833675537922,2025,panoroma_coarse,360205.21622605325,504314.60090983845,23.92590491563239,5.465485206348241,24.07275643370788,gt,north,0.0,0.6557971014492754,0.3392,False,4.871666902078155,True,360207.9804715868,504309.5192210934,,5.784860747806148,13.361939056915713,
1394833675537922,2025,panoroma_fine,360205.21622605325,504314.60090983845,23.92590491563239,5.465485206348241,24.07275643370788,gt,north,0.0,0.6557971014492754,0.3392,False,4.871666902078155,True,360206.4225923047,504314.135079686,,1.2931810637260963,4.463274337245176,
1394833675537922,2025,panoroma_two_pass,360205.21622605325,504314.60090983845,23.92590491563239,5.465485206348241,24.07275643370788,gt,north,0.0,0.6557971014492754,0.3392,False,4.871666902078155,True,360206.4225923047,504314.135079686,,1.2931810637260963,4.463274337245176,
1394833675537922,2024,panoroma_coarse,360205.21622605325,504314.60090983845,23.92590491563239,5.465485206348241,24.07275643370788,gt,north,0.0,0.7528301886792453,0.41533546325878595,False,0.6629438553366198,True,360205.77181602776,504311.0742046072,,3.570200275577682,5.39025423423613,
1394833675537922,2024,panoroma_fine,360205.21622605325,504314.60090983845,23.92590491563239,5.465485206348241,24.07275643370788,gt,north,0.0,0.7528301886792453,0.41533546325878595,False,0.6629438553366198,True,360206.3672942623,504311.36558104336,,3.4339933654894788,6.025909122148173,
1394833675537922,2024,panoroma_two_pass,360205.21622605325,504314.60090983845,23.92590491563239,5.465485206348241,24.07275643370788,gt,north,0.0,0.7528301886792453,0.41533546325878595,False,0.6629438553366198,True,360206.3672942623,504311.36558104336,,3.4339933654894788,6.025909122148173,
1395652132772836,2025,panoroma_coarse,360212.6186717645,504285.4790996788,104.2002610016034,-5.775530422128938,16.23827392956013,gt,north,0.0,0.4341216216216216,0.40733590733590735,False,3.5693506713186975,True,360202.0198865941,504255.85853722616,,31.459687968887852,1.1736412311485658,
1395652132772836,2025,panoroma_fine,360212.6186717645,504285.4790996788,104.2002610016034,-5.775530422128938,16.23827392956013,gt,north,0.0,0.4341216216216216,0.40733590733590735,False,3.5693506713186975,True,360205.4370102194,504256.8898133018,,29.477509360452935,1.9953947355187238,
1395652132772836,2025,panoroma_two_pass,360212.6186717645,504285.4790996788,104.2002610016034,-5.775530422128938,16.23827392956013,gt,north,0.0,0.4341216216216216,0.40733590733590735,False,3.5693506713186975,True,360205.4370102194,504256.8898133018,,29.477509360452935,1.9953947355187238,
1395652132772836,2024,panoroma_coarse,360212.6186717645,504285.4790996788,104.2002610016034,-5.775530422128938,16.23827392956013,gt,north,0.0,0.48672566371681414,0.39751552795031053,False,4.302214858227526,True,360200.5254534736,504255.580167265,,32.25200905548123,14.158132333530192,
1395652132772836,2024,panoroma_fine,360212.6186717645,504285.4790996788,104.2002610016034,-5.775530422128938,16.23827392956013,gt,north,0.0,0.48672566371681414,0.39751552795031053,False,4.302214858227526,True,360201.25524713047,504251.3403024199,,35.980340433321636,1.7089767936597555,
1395652132772836,2024,panoroma_two_pass,360212.6186717645,504285.4790996788,104.2002610016034,-5.775530422128938,16.23827392956013,gt,north,0.0,0.48672566371681414,0.39751552795031053,False,4.302214858227526,True,360201.25524713047,504251.3403024199,,35.980340433321636,1.7089767936597555,
1400355921620343,2025,panoroma_coarse,360205.4759034122,504254.55547422264,107.0257488016855,4.523762939345843,22.887741252164506,gt,north,0.0,0.5277401894451962,0.3808139534883721,False,2.0813450872131694,True,360206.76808440755,504256.90830677556,,2.684316066858182,5.468162506723071,
1400355921620343,2025,panoroma_fine,360205.4759034122,504254.55547422264,107.0257488016855,4.523762939345843,22.887741252164506,gt,north,0.0,0.5277401894451962,0.3808139534883721,False,2.0813450872131694,True,360206.1694856949,504254.9148983996,,0.7811799548499865,8.69750353877219,
1400355921620343,2025,panoroma_two_pass,360205.4759034122,504254.55547422264,107.0257488016855,4.523762939345843,22.887741252164506,gt,north,0.0,0.5277401894451962,0.3808139534883721,False,2.0813450872131694,True,360206.1694856949,504254.9148983996,,0.7811799548499865,8.69750353877219,
1400355921620343,2024,panoroma_coarse,360205.4759034122,504254.55547422264,107.0257488016855,4.523762939345843,22.887741252164506,gt,north,0.0,0.4896719319562576,0.43093093093093093,False,2.735420120169289,True,360208.82677827094,504266.99746651243,,12.885322442926709,2.255715247566733,
1400355921620343,2024,panoroma_fine,360205.4759034122,504254.55547422264,107.0257488016855,4.523762939345843,22.887741252164506,gt,north,0.0,0.4896719319562576,0.43093093093093093,False,2.735420120169289,True,360209.21505567426,504264.28974350373,,10.42771586089603,4.39647139856253,
1400355921620343,2024,panoroma_two_pass,360205.4759034122,504254.55547422264,107.0257488016855,4.523762939345843,22.887741252164506,gt,north,0.0,0.4896719319562576,0.43093093093093093,False,2.735420120169289,True,360209.21505567426,504264.28974350373,,10.42771586089603,4.39647139856253,
1659474219043827,2025,panoroma_coarse,360194.59397493093,504220.8789819656,105.45750862113835,1.8236946770203843,28.29686517500868,gt,north,0.0,0.5883870967741935,0.36522911051212936,False,4.28814075727575,True,360192.0459352122,504228.8862078999,,8.402866985203476,5.663331691245083,
1659474219043827,2025,panoroma_fine,360194.59397493093,504220.8789819656,105.45750862113835,1.8236946770203843,28.29686517500868,gt,north,0.0,0.5883870967741935,0.36522911051212936,False,4.28814075727575,True,360195.0799834808,504225.85591051215,,5.000602170548782,2.593897404067342,
1659474219043827,2025,panoroma_two_pass,360194.59397493093,504220.8789819656,105.45750862113835,1.8236946770203843,28.29686517500868,gt,north,0.0,0.5883870967741935,0.36522911051212936,False,4.28814075727575,True,360195.0799834808,504225.85591051215,,5.000602170548782,2.593897404067342,
1659474219043827,2024,panoroma_coarse,360194.59397493093,504220.8789819656,105.45750862113835,1.8236946770203843,28.29686517500868,gt,north,0.0,0.5064805583250249,0.4065281899109792,False,5.1630236527516455,True,360193.67256207525,504230.5568737227,,9.721655749556062,4.773927240768487,
1659474219043827,2024,panoroma_fine,360194.59397493093,504220.8789819656,105.45750862113835,1.8236946770203843,28.29686517500868,gt,north,0.0,0.5064805583250249,0.4065281899109792,False,5.1630236527516455,True,360194.67429425573,504225.4919605075,,4.6136777328142715,3.9376206481209532,
1659474219043827,2024,panoroma_two_pass,360194.59397493093,504220.8789819656,105.45750862113835,1.8236946770203843,28.29686517500868,gt,north,0.0,0.5064805583250249,0.4065281899109792,False,5.1630236527516455,True,360194.67429425573,504225.4919605075,,4.6136777328142715,3.9376206481209532,
3757320467753222,2025,panoroma_coarse,360184.3176811162,504190.7261088975,109.89330425369523,0.30327979300933805,16.261700513066646,gt,north,0.0,0.6448152562574494,0.4392764857881137,False,1.6432068734362566,True,360184.92351650225,504187.10185623297,,3.674539956396243,5.428435959219429,
3757320467753222,2025,panoroma_fine,360184.3176811162,504190.7261088975,109.89330425369523,0.30327979300933805,16.261700513066646,gt,north,0.0,0.6448152562574494,0.4392764857881137,False,1.6432068734362566,True,360185.4270488162,504188.6660122475,,2.3398065947693323,3.500473106713155,
3757320467753222,2025,panoroma_two_pass,360184.3176811162,504190.7261088975,109.89330425369523,0.30327979300933805,16.261700513066646,gt,north,0.0,0.6448152562574494,0.4392764857881137,False,1.6432068734362566,True,360185.4270488162,504188.6660122475,,2.3398065947693323,3.500473106713155,
3757320467753222,2024,panoroma_coarse,360184.3176811162,504190.7261088975,109.89330425369523,0.30327979300933805,16.261700513066646,gt,north,0.0,0.6305732484076433,0.4152777777777778,False,1.3879840927209117,True,360183.0881017436,504188.4580112261,,2.579948154622406,0.7530974134547156,
3757320467753222,2024,panoroma_fine,360184.3176811162,504190.7261088975,109.89330425369523,0.30327979300933805,16.261700513066646,gt,north,0.0,0.6305732484076433,0.4152777777777778,False,1.3879840927209117,True,360184.07684410916,504187.48390220955,,3.2511392881851116,0.604849210453717,
3757320467753222,2024,panoroma_two_pass,360184.3176811162,504190.7261088975,109.89330425369523,0.30327979300933805,16.261700513066646,gt,north,0.0,0.6305732484076433,0.4152777777777778,False,1.3879840927209117,True,360184.07684410916,504187.48390220955,,3.2511392881851116,0.604849210453717,
1084706981111921,2025,panoroma_coarse,360172.7961192918,504159.78433716483,109.07841537892595,-2.4876025192762796,13.771266339979283,gt,north,0.0,0.5915841584158416,0.4198813056379822,False,1.5658672523945627,True,360170.9585399591,504156.5953101471,,3.6805694021217192,2.5132432887441842,
1084706981111921,2025,panoroma_fine,360172.7961192918,504159.78433716483,109.07841537892595,-2.4876025192762796,13.771266339979283,gt,north,0.0,0.5915841584158416,0.4198813056379822,False,1.5658672523945627,True,360170.4160738975,504155.1264089169,,5.23076587526473,0.27082596822594573,
1084706981111921,2025,panoroma_two_pass,360172.7961192918,504159.78433716483,109.07841537892595,-2.4876025192762796,13.771266339979283,gt,north,0.0,0.5915841584158416,0.4198813056379822,False,1.5658672523945627,True,360170.4160738975,504155.1264089169,,5.23076587526473,0.27082596822594573,
1084706981111921,2024,panoroma_coarse,360172.7961192918,504159.78433716483,109.07841537892595,-2.4876025192762796,13.771266339979283,gt,north,0.0,0.5863354037267081,0.4043795620437956,False,1.5933782350764982,True,360172.7438001359,504155.1460975796,,4.63853465481337,4.958062226854532,
1084706981111921,2024,panoroma_fine,360172.7961192918,504159.78433716483,109.07841537892595,-2.4876025192762796,13.771266339979283,gt,north,0.0,0.5863354037267081,0.4043795620437956,False,1.5933782350764982,True,360171.25960781577,504155.7257762464,,4.3396755920958014,0.6072733786840091,
1084706981111921,2024,panoroma_two_pass,360172.7961192918,504159.78433716483,109.07841537892595,-2.4876025192762796,13.771266339979283,gt,north,0.0,0.5863354037267081,0.4043795620437956,False,1.5933782350764982,True,360171.25960781577,504155.7257762464,,4.3396755920958014,0.6072733786840091,
1569936184813606,2025,panoroma_coarse,360163.02569056407,504128.34509992413,107.55053766241267,-5.274329366226681,12.848549724647116,gt,north,0.0,0.5408560311284046,0.3656093489148581,False,1.6053330197484585,True,360159.2009505779,504127.71451364085,,3.8763739528552787,0.22245012816987006,
1569936184813606,2025,panoroma_fine,360163.02569056407,504128.34509992413,107.55053766241267,-5.274329366226681,12.848549724647116,gt,north,0.0,0.5408560311284046,0.3656093489148581,False,1.6053330197484585,True,360160.4498769378,504126.705912108,,3.0531545217855114,0.3097316967994676,
1569936184813606,2025,panoroma_two_pass,360163.02569056407,504128.34509992413,107.55053766241267,-5.274329366226681,12.848549724647116,gt,north,0.0,0.5408560311284046,0.3656093489148581,False,1.6053330197484585,True,360160.4498769378,504126.705912108,,3.0531545217855114,0.3097316967994676,
1569936184813606,2024,panoroma_coarse,360163.02569056407,504128.34509992413,107.55053766241267,-5.274329366226681,12.848549724647116,gt,north,0.0,0.40308747855917665,0.23042168674698796,False,1.5509405949701898,True,360160.457609878,504131.37118935527,,3.9689111423041465,7.148875370843814,
1569936184813606,2024,panoroma_fine,360163.02569056407,504128.34509992413,107.55053766241267,-5.274329366226681,12.848549724647116,gt,north,0.0,0.40308747855917665,0.23042168674698796,False,1.5509405949701898,True,360160.34076249204,504132.9177220635,,5.302613693390064,9.827508836297586,
1569936184813606,2024,panoroma_two_pass,360163.02569056407,504128.34509992413,107.55053766241267,-5.274329366226681,12.848549724647116,gt,north,0.0,0.40308747855917665,0.23042168674698796,False,1.5509405949701898,True,360160.34076249204,504132.9177220635,,5.302613693390064,9.827508836297586,
1966035434037497,2025,panoroma_coarse,360152.2255144523,504096.58446743246,108.93797822619024,0.46948384629791917,2.954532516091057,gt,north,0.0,0.5060532687651331,0.40771349862258954,False,1.7876792992725663,True,360149.0940345246,504095.7548175963,,3.239519314426247,1.0227106340168244,
1966035434037497,2025,panoroma_fine,360152.2255144523,504096.58446743246,108.93797822619024,0.46948384629791917,2.954532516091057,gt,north,0.0,0.5060532687651331,0.40771349862258954,False,1.7876792992725663,True,360150.2227194692,504097.14113198075,,2.0787167107730284,3.5705939293726683,
1966035434037497,2025,panoroma_two_pass,360152.2255144523,504096.58446743246,108.93797822619024,0.46948384629791917,2.954532516091057,gt,north,0.0,0.5060532687651331,0.40771349862258954,False,1.7876792992725663,True,360150.2227194692,504097.14113198075,,2.0787167107730284,3.5705939293726683,
1966035434037497,2024,panoroma_coarse,360152.2255144523,504096.58446743246,108.93797822619024,0.46948384629791917,2.954532516091057,gt,north,0.0,0.4386694386694387,0.43793584379358436,False,2.9732263826659264,True,360147.0271519048,504096.1973598436,,5.212756033096288,11.372390170518228,
1966035434037497,2024,panoroma_fine,360152.2255144523,504096.58446743246,108.93797822619024,0.46948384629791917,2.954532516091057,gt,north,0.0,0.4386694386694387,0.43793584379358436,False,2.9732263826659264,True,360149.8833689847,504097.0232527636,,2.382892771072769,0.1235631186673956,
1966035434037497,2024,panoroma_two_pass,360152.2255144523,504096.58446743246,108.93797822619024,0.46948384629791917,2.954532516091057,gt,north,0.0,0.4386694386694387,0.43793584379358436,False,2.9732263826659264,True,360149.8833689847,504097.0232527636,,2.382892771072769,0.1235631186673956,
1897080597943369,2025,panoroma_coarse,360140.1340845268,504063.5842964947,110.06125082140551,-5.851287951340339,16.00412196530676,gt,north,0.0,0.5342323651452282,0.3127413127413127,False,4.318364777182367,True,360129.9840252265,504044.5977024836,,21.529385870090213,5.635446801310639,
1897080597943369,2025,panoroma_fine,360140.1340845268,504063.5842964947,110.06125082140551,-5.851287951340339,16.00412196530676,gt,north,0.0,0.5342323651452282,0.3127413127413127,False,4.318364777182367,True,360132.1119737791,504048.3553758737,,17.212619908958672,9.22957763413415,
1897080597943369,2025,panoroma_two_pass,360140.1340845268,504063.5842964947,110.06125082140551,-5.851287951340339,16.00412196530676,gt,north,0.0,0.5342323651452282,0.3127413127413127,False,4.318364777182367,True,360132.1119737791,504048.3553758737,,17.212619908958672,9.22957763413415,
1897080597943369,2024,panoroma_coarse,360140.1340845268,504063.5842964947,110.06125082140551,-5.851287951340339,16.00412196530676,gt,north,0.0,0.6666666666666666,0.41775147928994083,False,3.194787835456299,True,360135.1231243002,504061.7799385461,,5.32592057761899,1.7490643306639826,
1897080597943369,2024,panoroma_fine,360140.1340845268,504063.5842964947,110.06125082140551,-5.851287951340339,16.00412196530676,gt,north,0.0,0.6666666666666666,0.41775147928994083,False,3.194787835456299,True,360137.96189307235,504063.24556509196,,2.1984436945235966,0.1695501695593561,
1897080597943369,2024,panoroma_two_pass,360140.1340845268,504063.5842964947,110.06125082140551,-5.851287951340339,16.00412196530676,gt,north,0.0,0.6666666666666666,0.41775147928994083,False,3.194787835456299,True,360137.96189307235,504063.24556509196,,2.1984436945235966,0.1695501695593561,
962616489483305,2025,panoroma_coarse,360128.71088285104,504033.5532297725,111.37466616997419,8.473188058930717,16.963064197153102,gt,north,0.0,0.5495594713656388,0.3857634902411022,False,3.304286193181951,True,360126.98464593093,504033.54445171944,,1.726259238512532,5.554262705167031,
962616489483305,2025,panoroma_fine,360128.71088285104,504033.5532297725,111.37466616997419,8.473188058930717,16.963064197153102,gt,north,0.0,0.5495594713656388,0.3857634902411022,False,3.304286193181951,True,360123.7214696653,504034.06405532395,,5.015494659761984,0.866941377138788,
962616489483305,2025,panoroma_two_pass,360128.71088285104,504033.5532297725,111.37466616997419,8.473188058930717,16.963064197153102,gt,north,0.0,0.5495594713656388,0.3857634902411022,False,3.304286193181951,True,360123.7214696653,504034.06405532395,,5.015494659761984,0.866941377138788,
962616489483305,2024,panoroma_coarse,360128.71088285104,504033.5532297725,111.37466616997419,8.473188058930717,16.963064197153102,gt,north,0.0,0.574235807860262,0.3420158550396376,False,2.827445507192816,True,360126.6834068406,504033.74039361684,,2.036096578635216,2.1784265283843043,
962616489483305,2024,panoroma_fine,360128.71088285104,504033.5532297725,111.37466616997419,8.473188058930717,16.963064197153102,gt,north,0.0,0.574235807860262,0.3420158550396376,False,2.827445507192816,True,360123.86668383743,504033.9864009737,,4.863527667544265,0.43586010274142173,
962616489483305,2024,panoroma_two_pass,360128.71088285104,504033.5532297725,111.37466616997419,8.473188058930717,16.963064197153102,gt,north,0.0,0.574235807860262,0.3420158550396376,False,2.827445507192816,True,360123.86668383743,504033.9864009737,,4.863527667544265,0.43586010274142173,
2210288512880939,2025,panoroma_coarse,360119.1444854562,504000.351743727,91.05155375073208,3.7164785849764,5.990761113332569,gt,north,0.0,0.44124168514412415,0.38209606986899564,False,2.5238125359926813,True,360114.08109482686,503997.78484783944,,5.676872304628317,1.5340139365872718,
2210288512880939,2025,panoroma_fine,360119.1444854562,504000.351743727,91.05155375073208,3.7164785849764,5.990761113332569,gt,north,0.0,0.44124168514412415,0.38209606986899564,False,2.5238125359926813,True,360116.5928442801,503998.03131163184,,3.448953145490745,0.8452279219802141,
2210288512880939,2025,panoroma_two_pass,360119.1444854562,504000.351743727,91.05155375073208,3.7164785849764,5.990761113332569,gt,north,0.0,0.44124168514412415,0.38209606986899564,False,2.5238125359926813,True,360116.5928442801,503998.03131163184,,3.448953145490745,0.8452279219802141,
2210288512880939,2024,panoroma_coarse,360119.1444854562,504000.351743727,91.05155375073208,3.7164785849764,5.990761113332569,gt,north,0.0,0.46145374449339205,0.34514285714285714,False,2.848043999186468,True,360113.9843592706,504000.0225990605,,5.170612967828173,5.893223331075933,
2210288512880939,2024,panoroma_fine,360119.1444854562,504000.351743727,91.05155375073208,3.7164785849764,5.990761113332569,gt,north,0.0,0.46145374449339205,0.34514285714285714,False,2.848043999186468,True,360116.49268805014,503998.6736582333,,3.138152387475297,0.4500632624574815,
2210288512880939,2024,panoroma_two_pass,360119.1444854562,504000.351743727,91.05155375073208,3.7164785849764,5.990761113332569,gt,north,0.0,0.46145374449339205,0.34514285714285714,False,2.848043999186468,True,360116.49268805014,503998.6736582333,,3.138152387475297,0.4500632624574815,
1039518862467428,2025,panoroma_coarse,360133.0528596273,503973.5716151353,35.618167811678525,-4.413916958369704,11.332507331853833,gt,north,0.0,0.29362880886426596,0.380327868852459,False,4.961914230178909,True,360123.4787351075,503988.515499787,,17.74777588328798,11.14722091020238,
1039518862467428,2025,panoroma_fine,360133.0528596273,503973.5716151353,35.618167811678525,-4.413916958369704,11.332507331853833,gt,north,0.0,0.29362880886426596,0.380327868852459,False,4.961914230178909,True,360118.57898031804,503989.29844028957,,21.37349320284011,2.1689999933739452,
1039518862467428,2025,panoroma_two_pass,360133.0528596273,503973.5716151353,35.618167811678525,-4.413916958369704,11.332507331853833,gt,north,0.0,0.29362880886426596,0.380327868852459,False,4.961914230178909,True,360118.57898031804,503989.29844028957,,21.37349320284011,2.1689999933739452,
1039518862467428,2024,panoroma_coarse,360133.0528596273,503973.5716151353,35.618167811678525,-4.413916958369704,11.332507331853833,gt,north,0.0,0.25413533834586466,0.4332191780821918,False,2.1884105092407875,True,360133.51485175523,503973.20810300705,,0.5878586510848013,2.6607718535036886,
1039518862467428,2024,panoroma_fine,360133.0528596273,503973.5716151353,35.618167811678525,-4.413916958369704,11.332507331853833,gt,north,0.0,0.25413533834586466,0.4332191780821918,False,2.1884105092407875,True,360132.384808925,503975.08217444614,,1.6516903984832705,4.076915366070002,
1039518862467428,2024,panoroma_two_pass,360133.0528596273,503973.5716151353,35.618167811678525,-4.413916958369704,11.332507331853833,gt,north,0.0,0.25413533834586466,0.4332191780821918,False,2.1884105092407875,True,360132.384808925,503975.08217444614,,1.6516903984832705,4.076915366070002,
1068673502542792,2025,panoroma_coarse,360165.8632651619,503970.6280462332,350.15053243802794,2.886426762550684,12.214114737920937,gt,north,0.0,0.43611793611793614,0.30395913154533843,False,4.623940360037164,True,360171.7777178811,503968.6660160936,,6.231397374259852,42.81554071330247,
1068673502542792,2025,panoroma_fine,360165.8632651619,503970.6280462332,350.15053243802794,2.886426762550684,12.214114737920937,gt,north,0.0,0.43611793611793614,0.30395913154533843,False,4.623940360037164,True,360176.36835052806,503969.2200164127,,10.599026678200243,21.56387957648671,
1068673502542792,2025,panoroma_two_pass,360165.8632651619,503970.6280462332,350.15053243802794,2.886426762550684,12.214114737920937,gt,north,0.0,0.43611793611793614,0.30395913154533843,False,4.623940360037164,True,360176.36835052806,503969.2200164127,,10.599026678200243,21.56387957648671,
1068673502542792,2024,panoroma_coarse,360165.8632651619,503970.6280462332,350.15053243802794,2.886426762550684,12.214114737920937,gt,north,0.0,0.6703470031545742,0.4802527646129542,False,0.8853770745400511,True,360164.7393122794,503969.07007574366,,1.921078376453227,2.097258024443829,
1068673502542792,2024,panoroma_fine,360165.8632651619,503970.6280462332,350.15053243802794,2.886426762550684,12.214114737920937,gt,north,0.0,0.6703470031545742,0.4802527646129542,False,0.8853770745400511,True,360164.7342771927,503968.18471298635,,2.691559248823468,4.712050650986824,
1068673502542792,2024,panoroma_two_pass,360165.8632651619,503970.6280462332,350.15053243802794,2.886426762550684,12.214114737920937,gt,north,0.0,0.6703470031545742,0.4802527646129542,False,0.8853770745400511,True,360164.7342771927,503968.18471298635,,2.691559248823468,4.712050650986824,
1614796256716672,2025,panoroma_coarse,360199.6908804353,503976.64319369476,347.084474668747,-2.6424565998051435,15.046450192013534,gt,north,0.0,0.7504078303425775,0.48012718600953896,False,0.5015318057349621,True,360197.1425465815,503974.8047585393,,3.142268169827047,6.807610957368611,
1614796256716672,2025,panoroma_fine,360199.6908804353,503976.64319369476,347.084474668747,-2.6424565998051435,15.046450192013534,gt,north,0.0,0.7504078303425775,0.48012718600953896,False,0.5015318057349621,True,360196.8860749462,503975.23575326364,,3.1381240253934872,1.3864230142515757,
1614796256716672,2025,panoroma_two_pass,360199.6908804353,503976.64319369476,347.084474668747,-2.6424565998051435,15.046450192013534,gt,north,0.0,0.7504078303425775,0.48012718600953896,False,0.5015318057349621,True,360196.8860749462,503975.23575326364,,3.1381240253934872,1.3864230142515757,
1614796256716672,2024,panoroma_coarse,360199.6908804353,503976.64319369476,347.084474668747,-2.6424565998051435,15.046450192013534,gt,north,0.0,0.726643598615917,0.4391785150078989,False,2.7917759098308417,True,360196.7200407495,503975.2116629146,,3.2977520848347037,5.564209745293996,
1614796256716672,2024,panoroma_fine,360199.6908804353,503976.64319369476,347.084474668747,-2.6424565998051435,15.046450192013534,gt,north,0.0,0.726643598615917,0.4391785150078989,False,2.7917759098308417,True,360199.4894485539,503975.5643570367,,1.097480449745144,2.5377657468339447,
1614796256716672,2024,panoroma_two_pass,360199.6908804353,503976.64319369476,347.084474668747,-2.6424565998051435,15.046450192013534,gt,north,0.0,0.726643598615917,0.4391785150078989,False,2.7917759098308417,True,360199.4894485539,503975.5643570367,,1.097480449745144,2.5377657468339447,
1623097549539635,2025,panoroma_coarse,360230.81751104794,503983.41809891164,347.18431886247004,9.178986444773386,1.8347676850609251,gt,north,0.0,0.4020486555697823,0.38483547925608014,False,3.8725046694341994,True,360223.41946342884,503973.6315605349,,12.268147454861438,22.512628507805562,
1623097549539635,2025,panoroma_fine,360230.81751104794,503983.41809891164,347.18431886247004,9.178986444773386,1.8347676850609251,gt,north,0.0,0.4020486555697823,0.38483547925608014,False,3.8725046694341994,True,360223.5542881432,503977.5017174711,,9.36792273207375,1.4604638940477221,
1623097549539635,2025,panoroma_two_pass,360230.81751104794,503983.41809891164,347.18431886247004,9.178986444773386,1.8347676850609251,gt,north,0.0,0.4020486555697823,0.38483547925608014,False,3.8725046694341994,True,360223.5542881432,503977.5017174711,,9.36792273207375,1.4604638940477221,
1623097549539635,2024,panoroma_coarse,360230.81751104794,503983.41809891164,347.18431886247004,9.178986444773386,1.8347676850609251,gt,north,0.0,0.43213296398891965,0.4175491679273828,False,2.4769883993599846,True,360243.1383141809,503982.33080567664,,12.368686123430397,13.468203989791945,
1623097549539635,2024,panoroma_fine,360230.81751104794,503983.41809891164,347.18431886247004,9.178986444773386,1.8347676850609251,gt,north,0.0,0.43213296398891965,0.4175491679273828,False,2.4769883993599846,True,360245.5326653141,503982.9652772533,,14.722119838227657,6.1029265388413245,
1623097549539635,2024,panoroma_two_pass,360230.81751104794,503983.41809891164,347.18431886247004,9.178986444773386,1.8347676850609251,gt,north,0.0,0.43213296398891965,0.4175491679273828,False,2.4769883993599846,True,360245.5326653141,503982.9652772533,,14.722119838227657,6.1029265388413245,
1585086595814553,2025,panoroma_coarse,360265.8288479847,503990.3496837346,348.28538668930594,-6.842024136820726,15.720703665446791,gt,north,0.0,0.6440129449838188,0.3987915407854985,False,3.5773589540136874,True,360265.3433475851,503989.6184093555,,0.8777658318129861,0.31047297260918383,
1585086595814553,2025,panoroma_fine,360265.8288479847,503990.3496837346,348.28538668930594,-6.842024136820726,15.720703665446791,gt,north,0.0,0.6440129449838188,0.3987915407854985,False,3.5773589540136874,True,360263.84961163654,503986.3678324834,,4.446629724719763,2.8819340707482457,
1585086595814553,2025,panoroma_two_pass,360265.8288479847,503990.3496837346,348.28538668930594,-6.842024136820726,15.720703665446791,gt,north,0.0,0.6440129449838188,0.3987915407854985,False,3.5773589540136874,True,360263.84961163654,503986.3678324834,,4.446629724719763,2.8819340707482457,
1585086595814553,2024,panoroma_coarse,360265.8288479847,503990.3496837346,348.28538668930594,-6.842024136820726,15.720703665446791,gt,north,0.0,0.6661466458658346,0.44871794871794873,False,3.5327321602580852,True,360267.11791049934,503989.3928593279,,1.6053644794287267,1.858207821144077,
1585086595814553,2024,panoroma_fine,360265.8288479847,503990.3496837346,348.28538668930594,-6.842024136820726,15.720703665446791,gt,north,0.0,0.6661466458658346,0.44871794871794873,False,3.5327321602580852,True,360264.6499966371,503986.865093974,,3.678594337451156,10.246393064447641,
1585086595814553,2024,panoroma_two_pass,360265.8288479847,503990.3496837346,348.28538668930594,-6.842024136820726,15.720703665446791,gt,north,0.0,0.6661466458658346,0.44871794871794873,False,3.5327321602580852,True,360264.6499966371,503986.865093974,,3.678594337451156,10.246393064447641,
1605463537903045,2025,panoroma_coarse,360296.4594195853,503997.18667273317,346.64073882745475,-0.20381848934039226,19.853584068747864,gt,north,0.0,0.7124600638977636,0.5369458128078818,False,3.853725093656625,True,360292.56301026104,503997.3663945114,,3.9005519532129385,4.127813538837973,
1605463537903045,2025,panoroma_fine,360296.4594195853,503997.18667273317,346.64073882745475,-0.20381848934039226,19.853584068747864,gt,north,0.0,0.7124600638977636,0.5369458128078818,False,3.853725093656625,True,360296.1432931533,503995.9406415495,,1.2855075385724493,4.224056169219732,
1605463537903045,2025,panoroma_two_pass,360296.4594195853,503997.18667273317,346.64073882745475,-0.20381848934039226,19.853584068747864,gt,north,0.0,0.7124600638977636,0.5369458128078818,False,3.853725093656625,True,360296.1432931533,503995.9406415495,,1.2855075385724493,4.224056169219732,
1605463537903045,2024,panoroma_coarse,360296.4594195853,503997.18667273317,346.64073882745475,-0.20381848934039226,19.853584068747864,gt,north,0.0,0.764406779661017,0.59,False,1.4661982936629674,True,360296.55435575545,503997.3050861121,,0.1517715543739288,2.436655472334487,
1605463537903045,2024,panoroma_fine,360296.4594195853,503997.18667273317,346.64073882745475,-0.20381848934039226,19.853584068747864,gt,north,0.0,0.764406779661017,0.59,False,1.4661982936629674,True,360296.6827721404,503995.8445222934,,1.3606080136391658,5.219858512820428,
1605463537903045,2024,panoroma_two_pass,360296.4594195853,503997.18667273317,346.64073882745475,-0.20381848934039226,19.853584068747864,gt,north,0.0,0.764406779661017,0.59,False,1.4661982936629674,True,360296.6827721404,503995.8445222934,,1.3606080136391658,5.219858512820428,
3789502397873420,2025,panoroma_coarse,360329.7389217006,504003.7331037838,344.91925715035035,-7.035245201361761,22.509123266098655,gt,north,0.0,0.6790633608815427,0.33382137628111275,False,3.354903161347709,True,360327.4556505832,504005.1420780585,,2.6830086661149153,6.678476557718605,
3789502397873420,2025,panoroma_fine,360329.7389217006,504003.7331037838,344.91925715035035,-7.035245201361761,22.509123266098655,gt,north,0.0,0.6790633608815427,0.33382137628111275,False,3.354903161347709,True,360329.75140690623,504002.6956770024,,1.0375019070213645,0.721519001540897,
3789502397873420,2025,panoroma_two_pass,360329.7389217006,504003.7331037838,344.91925715035035,-7.035245201361761,22.509123266098655,gt,north,0.0,0.6790633608815427,0.33382137628111275,False,3.354903161347709,True,360329.75140690623,504002.6956770024,,1.0375019070213645,0.721519001540897,
3789502397873420,2024,panoroma_coarse,360329.7389217006,504003.7331037838,344.91925715035035,-7.035245201361761,22.509123266098655,gt,north,0.0,0.5086107921928817,0.41763005780346824,False,5.061311884941226,True,360327.9245994188,504008.65329404164,,5.244047817816403,8.77950090362754,
3789502397873420,2024,panoroma_fine,360329.7389217006,504003.7331037838,344.91925715035035,-7.035245201361761,22.509123266098655,gt,north,0.0,0.5086107921928817,0.41763005780346824,False,5.061311884941226,True,360327.9585289792,504003.5920958849,,1.7859679364445489,3.334434238753398,
3789502397873420,2024,panoroma_two_pass,360329.7389217006,504003.7331037838,344.91925715035035,-7.035245201361761,22.509123266098655,gt,north,0.0,0.5086107921928817,0.41763005780346824,False,5.061311884941226,True,360327.9585289792,504003.5920958849,,1.7859679364445489,3.334434238753398,
1950003419008286,2025,panoroma_coarse,360363.1358821056,504010.94987133984,349.8785002006545,-8.337062201042443,13.1404951610002,gt,north,0.0,0.450530035335689,0.4207920792079208,False,4.577767465674975,True,360358.6870953329,504007.9807628396,,5.348580095252494,1.3674642248818456,
1950003419008286,2025,panoroma_fine,360363.1358821056,504010.94987133984,349.8785002006545,-8.337062201042443,13.1404951610002,gt,north,0.0,0.450530035335689,0.4207920792079208,False,4.577767465674975,True,360363.21280207875,504008.66919106396,,2.2819770382313576,5.521860809036894,
1950003419008286,2025,panoroma_two_pass,360363.1358821056,504010.94987133984,349.8785002006545,-8.337062201042443,13.1404951610002,gt,north,0.0,0.450530035335689,0.4207920792079208,False,4.577767465674975,True,360363.21280207875,504008.66919106396,,2.2819770382313576,5.521860809036894,
1950003419008286,2024,panoroma_coarse,360363.1358821056,504010.94987133984,349.8785002006545,-8.337062201042443,13.1404951610002,gt,north,0.0,0.7399150743099787,0.4482758620689655,False,4.040849974793176,True,360358.8524142633,504008.113186365,,5.137594612532052,1.2447490262476153,
1950003419008286,2024,panoroma_fine,360363.1358821056,504010.94987133984,349.8785002006545,-8.337062201042443,13.1404951610002,gt,north,0.0,0.7399150743099787,0.4482758620689655,False,4.040849974793176,True,360362.1450344544,504010.45564678,,1.1072655433171679,0.5932041643769297,
1950003419008286,2024,panoroma_two_pass,360363.1358821056,504010.94987133984,349.8785002006545,-8.337062201042443,13.1404951610002,gt,north,0.0,0.7399150743099787,0.4482758620689655,False,4.040849974793176,True,360362.1450344544,504010.45564678,,1.1072655433171679,0.5932041643769297,
1783034616269773,2025,panoroma_coarse,360394.11981327285,504016.33189696353,349.3653990519746,-6.495003192321349,12.270147858824737,gt,north,0.0,0.48352713178294576,0.35908141962421714,False,3.854945163296756,True,360392.25134070456,504023.0877318659,,7.009457537226343,7.228239868087152,
1783034616269773,2025,panoroma_fine,360394.11981327285,504016.33189696353,349.3653990519746,-6.495003192321349,12.270147858824737,gt,north,0.0,0.48352713178294576,0.35908141962421714,False,3.854945163296756,True,360390.6213539747,504026.58111782686,,10.829854374196668,0.10287054765746505,
1783034616269773,2025,panoroma_two_pass,360394.11981327285,504016.33189696353,349.3653990519746,-6.495003192321349,12.270147858824737,gt,north,0.0,0.48352713178294576,0.35908141962421714,False,3.854945163296756,True,360390.6213539747,504026.58111782686,,10.829854374196668,0.10287054765746505,
1783034616269773,2024,panoroma_coarse,360394.11981327285,504016.33189696353,349.3653990519746,-6.495003192321349,12.270147858824737,gt,north,0.0,0.6284916201117319,0.4830316742081448,False,3.5098759512047675,True,360394.3965978838,504017.4135702891,,1.116524475363346,2.243002491284125,
1783034616269773,2024,panoroma_fine,360394.11981327285,504016.33189696353,349.3653990519746,-6.495003192321349,12.270147858824737,gt,north,0.0,0.6284916201117319,0.4830316742081448,False,3.5098759512047675,True,360392.51279413246,504014.4520651617,,2.473111020689559,1.0564108698194818,
1783034616269773,2024,panoroma_two_pass,360394.11981327285,504016.33189696353,349.3653990519746,-6.495003192321349,12.270147858824737,gt,north,0.0,0.6284916201117319,0.4830316742081448,False,3.5098759512047675,True,360392.51279413246,504014.4520651617,,2.473111020689559,1.0564108698194818,
1751971182727263,2025,panoroma_coarse,360428.991711286,504022.2797679808,350.0611522646833,9.077511800668105,7.782601025164379,gt,north,0.0,0.41220657276995304,0.5276211950394588,False,4.828384287957903,True,360422.82492842484,504021.0145495865,,6.295235376221597,14.749009815094817,
1751971182727263,2025,panoroma_fine,360428.991711286,504022.2797679808,350.0611522646833,9.077511800668105,7.782601025164379,gt,north,0.0,0.41220657276995304,0.5276211950394588,False,4.828384287957903,True,360427.6530881581,504020.96798326046,,1.8742174449792983,0.765194915186144,
1751971182727263,2025,panoroma_two_pass,360428.991711286,504022.2797679808,350.0611522646833,9.077511800668105,7.782601025164379,gt,north,0.0,0.41220657276995304,0.5276211950394588,False,4.828384287957903,True,360427.6530881581,504020.96798326046,,1.8742174449792983,0.765194915186144,
1751971182727263,2024,panoroma_coarse,360428.991711286,504022.2797679808,350.0611522646833,9.077511800668105,7.782601025164379,gt,north,0.0,0.7424242424242424,0.5105633802816901,False,5.568108633188512,True,360422.15064130607,504018.072794293,,8.03111860703993,8.360845695305255,
1751971182727263,2024,panoroma_fine,360428.991711286,504022.2797679808,350.0611522646833,9.077511800668105,7.782601025164379,gt,north,0.0,0.7424242424242424,0.5105633802816901,False,5.568108633188512,True,360427.2114759174,504020.39481642656,,2.5927360701759175,6.571478293376899,
1751971182727263,2024,panoroma_two_pass,360428.991711286,504022.2797679808,350.0611522646833,9.077511800668105,7.782601025164379,gt,north,0.0,0.7424242424242424,0.5105633802816901,False,5.568108633188512,True,360427.2114759174,504020.39481642656,,2.5927360701759175,6.571478293376899,
1041946372000040,2025,panoroma_coarse,360460.61334308796,504027.6650502281,349.5307363918364,-7.590121279440325,22.887002217588915,gt,north,0.0,0.4674479166666667,0.4269377382465057,False,3.6316661134486914,True,360438.9150615211,504024.2700252312,,21.962277151607196,7.9088522366446234,
1041946372000040,2025,panoroma_fine,360460.61334308796,504027.6650502281,349.5307363918364,-7.590121279440325,22.887002217588915,gt,north,0.0,0.4674479166666667,0.4269377382465057,False,3.6316661134486914,True,360436.61779877904,504021.4572716598,,24.785533309459257,2.461897625587366,
1041946372000040,2025,panoroma_two_pass,360460.61334308796,504027.6650502281,349.5307363918364,-7.590121279440325,22.887002217588915,gt,north,0.0,0.4674479166666667,0.4269377382465057,False,3.6316661134486914,True,360436.61779877904,504021.4572716598,,24.785533309459257,2.461897625587366,
1041946372000040,2024,panoroma_coarse,360460.61334308796,504027.6650502281,349.5307363918364,-7.590121279440325,22.887002217588915,gt,north,0.0,0.5712719298245614,0.39003645200486026,False,3.5275478402160343,True,360439.16563238594,504022.3947116537,,22.0857592816425,5.474363825575958,
1041946372000040,2024,panoroma_fine,360460.61334308796,504027.6650502281,349.5307363918364,-7.590121279440325,22.887002217588915,gt,north,0.0,0.5712719298245614,0.39003645200486026,False,3.5275478402160343,True,360435.76582933555,504021.45400288707,,25.612029375840816,1.542019632040233,
1041946372000040,2024,panoroma_two_pass,360460.61334308796,504027.6650502281,349.5307363918364,-7.590121279440325,22.887002217588915,gt,north,0.0,0.5712719298245614,0.39003645200486026,False,3.5275478402160343,True,360435.76582933555,504021.45400288707,,25.612029375840816,1.542019632040233,
1058349307017059,2025,panoroma_coarse,360492.22805497993,504032.4493259415,350.455605222158,-5.987298730694533,23.168447841648806,gt,north,0.0,0.7483443708609272,0.4032697547683924,False,1.3166297903209645,True,360488.2542529412,504031.42657161545,,4.103307087547025,7.93528122187428,
1058349307017059,2025,panoroma_fine,360492.22805497993,504032.4493259415,350.455605222158,-5.987298730694533,23.168447841648806,gt,north,0.0,0.7483443708609272,0.4032697547683924,False,1.3166297903209645,True,360489.1017410982,504032.4341815739,,3.12635056237752,0.8215291203778524,
1058349307017059,2025,panoroma_two_pass,360492.22805497993,504032.4493259415,350.455605222158,-5.987298730694533,23.168447841648806,gt,north,0.0,0.7483443708609272,0.4032697547683924,False,1.3166297903209645,True,360489.1017410982,504032.4341815739,,3.12635056237752,0.8215291203778524,
1058349307017059,2024,panoroma_coarse,360492.22805497993,504032.4493259415,350.455605222158,-5.987298730694533,23.168447841648806,gt,north,0.0,0.6850490196078431,0.4666666666666667,False,2.8311970234742367,True,360488.13137023215,504030.09271596646,,4.726143935303308,1.078881861377423,
1058349307017059,2024,panoroma_fine,360492.22805497993,504032.4493259415,350.455605222158,-5.987298730694533,23.168447841648806,gt,north,0.0,0.6850490196078431,0.4666666666666667,False,2.8311970234742367,True,360490.9276233381,504030.5361628664,,2.3132910337805606,0.11833707556143704,
1058349307017059,2024,panoroma_two_pass,360492.22805497993,504032.4493259415,350.455605222158,-5.987298730694533,23.168447841648806,gt,north,0.0,0.6850490196078431,0.4666666666666667,False,2.8311970234742367,True,360490.9276233381,504030.5361628664,,2.3132910337805606,0.11833707556143704,
1588073185524588,2025,panoroma_coarse,360526.7575126549,504038.45668191835,349.1696028052205,-9.875916858056655,23.77045055515438,gt,north,0.0,0.35336538461538464,0.40606060606060607,False,4.704936118644571,True,360513.84868503804,504034.5135187764,,13.49764297961708,31.76775134186034,
1588073185524588,2025,panoroma_fine,360526.7575126549,504038.45668191835,349.1696028052205,-9.875916858056655,23.77045055515438,gt,north,0.0,0.35336538461538464,0.40606060606060607,False,4.704936118644571,True,360518.3859736676,504035.75828211627,,8.79568226502277,2.205498201589764,
1588073185524588,2025,panoroma_two_pass,360526.7575126549,504038.45668191835,349.1696028052205,-9.875916858056655,23.77045055515438,gt,north,0.0,0.35336538461538464,0.40606060606060607,False,4.704936118644571,True,360518.3859736676,504035.75828211627,,8.79568226502277,2.205498201589764,
1588073185524588,2024,panoroma_coarse,360526.7575126549,504038.45668191835,349.1696028052205,-9.875916858056655,23.77045055515438,gt,north,0.0,0.42367256637168144,0.3884297520661157,False,3.7178585867310048,True,360539.49964939896,504030.51429183106,,15.01477968881558,46.23295710393133,
1588073185524588,2024,panoroma_fine,360526.7575126549,504038.45668191835,349.1696028052205,-9.875916858056655,23.77045055515438,gt,north,0.0,0.42367256637168144,0.3884297520661157,False,3.7178585867310048,True,360543.2173808771,504030.4835489063,,18.28928954119719,9.31002865537982,
1588073185524588,2024,panoroma_two_pass,360526.7575126549,504038.45668191835,349.1696028052205,-9.875916858056655,23.77045055515438,gt,north,0.0,0.42367256637168144,0.3884297520661157,False,3.7178585867310048,True,360543.2173808771,504030.4835489063,,18.28928954119719,9.31002865537982,
1098905325943467,2025,panoroma_coarse,360560.68061371776,504043.917289393,350.5254085542267,-7.000634216850983,18.643697362914146,gt,north,0.0,0.647450110864745,0.42171189979123175,False,4.2463574824090164,True,360562.54889276467,504045.9760768228,,2.780120910688684,0.9076958967977622,
1098905325943467,2025,panoroma_fine,360560.68061371776,504043.917289393,350.5254085542267,-7.000634216850983,18.643697362914146,gt,north,0.0,0.647450110864745,0.42171189979123175,False,4.2463574824090164,True,360559.83431182464,504042.7107128019,,1.4737889823687051,3.710165533808893,
1098905325943467,2025,panoroma_two_pass,360560.68061371776,504043.917289393,350.5254085542267,-7.000634216850983,18.643697362914146,gt,north,0.0,0.647450110864745,0.42171189979123175,False,4.2463574824090164,True,360559.83431182464,504042.7107128019,,1.4737889823687051,3.710165533808893,
1098905325943467,2024,panoroma_coarse,360560.68061371776,504043.917289393,350.5254085542267,-7.000634216850983,18.643697362914146,gt,north,0.0,0.7176901924839597,0.5555555555555556,False,2.666566198688108,True,360559.07405360363,504040.3777470087,,3.8870806128480684,6.054025195757255,
1098905325943467,2024,panoroma_fine,360560.68061371776,504043.917289393,350.5254085542267,-7.000634216850983,18.643697362914146,gt,north,0.0,0.7176901924839597,0.5555555555555556,False,2.666566198688108,True,360556.7638861906,504041.70955097914,,4.496094241244944,0.7825731826504753,
1098905325943467,2024,panoroma_two_pass,360560.68061371776,504043.917289393,350.5254085542267,-7.000634216850983,18.643697362914146,gt,north,0.0,0.7176901924839597,0.5555555555555556,False,2.666566198688108,True,360556.7638861906,504041.70955097914,,4.496094241244944,0.7825731826504753,
3499536660219793,2025,panoroma_coarse,360594.0596022819,504048.21201448794,352.13471761739805,-6.065126177072614,24.942352313325827,gt,north,0.0,0.605080831408776,0.4799131378935939,False,4.908954902179917,True,360585.11421349103,504044.85991823237,,9.552828373121063,1.9478366671671432,
3499536660219793,2025,panoroma_fine,360594.0596022819,504048.21201448794,352.13471761739805,-6.065126177072614,24.942352313325827,gt,north,0.0,0.605080831408776,0.4799131378935939,False,4.908954902179917,True,360590.0108398096,504045.20760908374,,5.0417188923863065,5.659041475322222,
3499536660219793,2025,panoroma_two_pass,360594.0596022819,504048.21201448794,352.13471761739805,-6.065126177072614,24.942352313325827,gt,north,0.0,0.605080831408776,0.4799131378935939,False,4.908954902179917,True,360590.0108398096,504045.20760908374,,5.0417188923863065,5.659041475322222,
3499536660219793,2024,panoroma_coarse,360594.0596022819,504048.21201448794,352.13471761739805,-6.065126177072614,24.942352313325827,gt,north,0.0,0.7141242937853107,0.45278969957081544,False,5.128477799102654,True,360585.6837475985,504044.40457275807,,9.200627924432197,3.737656824606423,
3499536660219793,2024,panoroma_fine,360594.0596022819,504048.21201448794,352.13471761739805,-6.065126177072614,24.942352313325827,gt,north,0.0,0.7141242937853107,0.45278969957081544,False,5.128477799102654,True,360590.560782025,504045.99070633954,,4.144388143059153,8.209745544581475,
3499536660219793,2024,panoroma_two_pass,360594.0596022819,504048.21201448794,352.13471761739805,-6.065126177072614,24.942352313325827,gt,north,0.0,0.7141242937853107,0.45278969957081544,False,5.128477799102654,True,360590.560782025,504045.99070633954,,4.144388143059153,8.209745544581475,
2175866539657391,2025,panoroma_coarse,360627.0786677387,504052.1780074034,348.42048951318594,9.418000040432787,12.590444821784821,gt,north,0.0,0.7023959646910467,0.4444444444444444,False,0.8851009174475839,True,360624.9419911051,504050.36649002007,,2.801246555858194,1.2278565278975457,
2175866539657391,2025,panoroma_fine,360627.0786677387,504052.1780074034,348.42048951318594,9.418000040432787,12.590444821784821,gt,north,0.0,0.7023959646910467,0.4444444444444444,False,0.8851009174475839,True,360625.7584647068,504050.70821284887,,1.9756599094675598,2.045412605450008,
2175866539657391,2025,panoroma_two_pass,360627.0786677387,504052.1780074034,348.42048951318594,9.418000040432787,12.590444821784821,gt,north,0.0,0.7023959646910467,0.4444444444444444,False,0.8851009174475839,True,360625.7584647068,504050.70821284887,,1.9756599094675598,2.045412605450008,
2175866539657391,2024,panoroma_coarse,360627.0786677387,504052.1780074034,348.42048951318594,9.418000040432787,12.590444821784821,gt,north,0.0,0.5519750519750519,0.47317073170731705,False,1.3763429391775546,True,360623.86001985095,504051.2641995358,,3.345854008197227,10.123739189425498,
2175866539657391,2024,panoroma_fine,360627.0786677387,504052.1780074034,348.42048951318594,9.418000040432787,12.590444821784821,gt,north,0.0,0.5519750519750519,0.47317073170731705,False,1.3763429391775546,True,360625.22687604604,504051.10287988966,,2.1412686995801624,0.5880151616219496,
2175866539657391,2024,panoroma_two_pass,360627.0786677387,504052.1780074034,348.42048951318594,9.418000040432787,12.590444821784821,gt,north,0.0,0.5519750519750519,0.47317073170731705,False,1.3763429391775546,True,360625.22687604604,504051.10287988966,,2.1412686995801624,0.5880151616219496,
1470108621835604,2025,panoroma_coarse,360656.9868018321,504057.98584541585,350.7771210413869,2.896819021986232,16.905858048894327,gt,north,0.0,0.7052341597796143,0.4143763213530655,False,1.0490679595783003,True,360653.81595700985,504058.2716048516,,3.183695233827134,3.461422736486558,
1470108621835604,2025,panoroma_fine,360656.9868018321,504057.98584541585,350.7771210413869,2.896819021986232,16.905858048894327,gt,north,0.0,0.7052341597796143,0.4143763213530655,False,1.0490679595783003,True,360654.16226089216,504057.28134367144,,2.911074411497919,0.13006012428579755,
1470108621835604,2025,panoroma_two_pass,360656.9868018321,504057.98584541585,350.7771210413869,2.896819021986232,16.905858048894327,gt,north,0.0,0.7052341597796143,0.4143763213530655,False,1.0490679595783003,True,360654.16226089216,504057.28134367144,,2.911074411497919,0.13006012428579755,
1470108621835604,2024,panoroma_coarse,360656.9868018321,504057.98584541585,350.7771210413869,2.896819021986232,16.905858048894327,gt,north,0.0,0.675312199807877,0.42782969885773625,False,1.2199127865136863,True,360653.26480731246,504058.82457464794,,3.8153256648667666,6.142950323479571,
1470108621835604,2024,panoroma_fine,360656.9868018321,504057.98584541585,350.7771210413869,2.896819021986232,16.905858048894327,gt,north,0.0,0.675312199807877,0.42782969885773625,False,1.2199127865136863,True,360653.9285580763,504057.80104051065,,3.0638224039139734,0.3763186738185468,
1470108621835604,2024,panoroma_two_pass,360656.9868018321,504057.98584541585,350.7771210413869,2.896819021986232,16.905858048894327,gt,north,0.0,0.675312199807877,0.42782969885773625,False,1.2199127865136863,True,360653.9285580763,504057.80104051065,,3.0638224039139734,0.3763186738185468,
1261127602821029,2025,panoroma_coarse,360680.909761988,504040.49847353157,76.3375943069395,-9.677281498632837,19.730306813112847,gt,north,0.0,0.7894736842105263,0.5022692889561271,False,3.1194645792169515,True,360679.2534230349,504038.24862112897,,2.7937957264137645,3.707384200805297,
1261127602821029,2025,panoroma_fine,360680.909761988,504040.49847353157,76.3375943069395,-9.677281498632837,19.730306813112847,gt,north,0.0,0.7894736842105263,0.5022692889561271,False,3.1194645792169515,True,360680.124070644,504041.2441230905,,1.083191651009876,2.097967586166379,
1261127602821029,2025,panoroma_two_pass,360680.909761988,504040.49847353157,76.3375943069395,-9.677281498632837,19.730306813112847,gt,north,0.0,0.7894736842105263,0.5022692889561271,False,3.1194645792169515,True,360680.124070644,504041.2441230905,,1.083191651009876,2.097967586166379,
1261127602821029,2024,panoroma_coarse,360680.909761988,504040.49847353157,76.3375943069395,-9.677281498632837,19.730306813112847,gt,north,0.0,0.8186714542190305,0.5130970724191063,False,2.063901072347608,True,360679.6957985222,504038.61071698985,,2.244400155280102,0.5116961554480148,
1261127602821029,2024,panoroma_fine,360680.909761988,504040.49847353157,76.3375943069395,-9.677281498632837,19.730306813112847,gt,north,0.0,0.8186714542190305,0.5130970724191063,False,2.063901072347608,True,360679.7206868025,504040.67446799466,,1.2020290544306078,2.7898177213344524,
1261127602821029,2024,panoroma_two_pass,360680.909761988,504040.49847353157,76.3375943069395,-9.677281498632837,19.730306813112847,gt,north,0.0,0.8186714542190305,0.5130970724191063,False,2.063901072347608,True,360679.7206868025,504040.67446799466,,1.2020290544306078,2.7898177213344524,
1810167326654101,2025,panoroma_coarse,360686.993854056,504006.6269094348,79.55305043736588,5.206673465197966,24.776480566452555,gt,north,0.0,0.5712451861360719,0.5154798761609907,False,3.9270276676119455,True,360686.62161207455,503973.61903131346,,33.0099770094716,6.837400799301081,
1810167326654101,2025,panoroma_fine,360686.993854056,504006.6269094348,79.55305043736588,5.206673465197966,24.776480566452555,gt,north,0.0,0.5712451861360719,0.5154798761609907,False,3.9270276676119455,True,360689.9236694799,503975.7445814056,,31.020992938994755,0.8459235920108502,
1810167326654101,2025,panoroma_two_pass,360686.993854056,504006.6269094348,79.55305043736588,5.206673465197966,24.776480566452555,gt,north,0.0,0.5712451861360719,0.5154798761609907,False,3.9270276676119455,True,360689.9236694799,503975.7445814056,,31.020992938994755,0.8459235920108502,
1810167326654101,2024,panoroma_coarse,360686.993854056,504006.6269094348,79.55305043736588,5.206673465197966,24.776480566452555,gt,north,0.0,0.7194029850746269,0.4909090909090909,False,3.1037033331215143,True,360690.18753169593,503972.8368206461,,33.94067879724268,3.0137534197955564,
1810167326654101,2024,panoroma_fine,360686.993854056,504006.6269094348,79.55305043736588,5.206673465197966,24.776480566452555,gt,north,0.0,0.7194029850746269,0.4909090909090909,False,3.1037033331215143,True,360692.9183422902,503971.3618128908,,35.75928683705553,5.629911518296993,
1810167326654101,2024,panoroma_two_pass,360686.993854056,504006.6269094348,79.55305043736588,5.206673465197966,24.776480566452555,gt,north,0.0,0.7194029850746269,0.4909090909090909,False,3.1037033331215143,True,360692.9183422902,503971.3618128908,,35.75928683705553,5.629911518296993,
28353982287585850,2025,panoroma_coarse,360692.8649872906,503972.47876364924,79.66269750615494,4.956407896206599,22.17425146778149,gt,north,0.0,0.6209239130434783,0.3974358974358974,False,1.5681110597588737,True,360694.805646535,503939.3860619617,,33.14955600431499,5.142760776959926,
28353982287585850,2025,panoroma_fine,360692.8649872906,503972.47876364924,79.66269750615494,4.956407896206599,22.17425146778149,gt,north,0.0,0.6209239130434783,0.3974358974358974,False,1.5681110597588737,True,360696.36011322425,503939.59247322095,,33.07149835471358,7.121086444934928,
28353982287585850,2025,panoroma_two_pass,360692.8649872906,503972.47876364924,79.66269750615494,4.956407896206599,22.17425146778149,gt,north,0.0,0.6209239130434783,0.3974358974358974,False,1.5681110597588737,True,360696.36011322425,503939.59247322095,,33.07149835471358,7.121086444934928,
28353982287585850,2024,panoroma_coarse,360692.8649872906,503972.47876364924,79.66269750615494,4.956407896206599,22.17425146778149,gt,north,0.0,0.642023346303502,0.3862876254180602,False,1.8401548739976388,True,360693.4716643877,503941.2486273087,,31.236028443913842,0.7753955474313083,
28353982287585850,2024,panoroma_fine,360692.8649872906,503972.47876364924,79.66269750615494,4.956407896206599,22.17425146778149,gt,north,0.0,0.642023346303502,0.3862876254180602,False,1.8401548739976388,True,360695.28166882717,503940.9168835983,,31.654267042506376,2.5817313064490053,
28353982287585850,2024,panoroma_two_pass,360692.8649872906,503972.47876364924,79.66269750615494,4.956407896206599,22.17425146778149,gt,north,0.0,0.642023346303502,0.3862876254180602,False,1.8401548739976388,True,360695.28166882717,503940.9168835983,,31.654267042506376,2.5817313064490053,
3724194881070199,2025,panoroma_coarse,360698.43418773764,503941.5210407255,79.67306387451882,-6.63715471041823,11.874902683208001,gt,north,0.0,0.5528942115768463,0.4596949891067538,False,2.641541993763759,True,360695.22201149963,503940.5286821635,,3.3619714007779717,3.3407340012678173,
3724194881070199,2025,panoroma_fine,360698.43418773764,503941.5210407255,79.67306387451882,-6.63715471041823,11.874902683208001,gt,north,0.0,0.5528942115768463,0.4596949891067538,False,2.641541993763759,True,360695.6150364048,503943.1408221921,,3.2513545233953436,1.7262642198541938,
3724194881070199,2025,panoroma_two_pass,360698.43418773764,503941.5210407255,79.67306387451882,-6.63715471041823,11.874902683208001,gt,north,0.0,0.5528942115768463,0.4596949891067538,False,2.641541993763759,True,360695.6150364048,503943.1408221921,,3.2513545233953436,1.7262642198541938,
3724194881070199,2024,panoroma_coarse,360698.43418773764,503941.5210407255,79.67306387451882,-6.63715471041823,11.874902683208001,gt,north,0.0,0.6126760563380281,0.4603854389721627,False,2.7224041294196852,True,360695.3877803395,503942.86057436536,,3.3279045069872386,1.2254554362592998,
3724194881070199,2024,panoroma_fine,360698.43418773764,503941.5210407255,79.67306387451882,-6.63715471041823,11.874902683208001,gt,north,0.0,0.6126760563380281,0.4603854389721627,False,2.7224041294196852,True,360695.4389353327,503945.5824978416,,5.046481038826073,0.6991120997314139,
3724194881070199,2024,panoroma_two_pass,360698.43418773764,503941.5210407255,79.67306387451882,-6.63715471041823,11.874902683208001,gt,north,0.0,0.6126760563380281,0.4603854389721627,False,2.7224041294196852,True,360695.4389353327,503945.5824978416,,5.046481038826073,0.6991120997314139,
2127011918227183,2025,panoroma_coarse,360690.3178709857,503914.0249450132,113.26557597296303,-1.2523605222595222,20.33411220255481,gt,north,0.0,0.6972318339100346,0.49335548172757476,False,1.753809546099867,True,360685.6804381936,503914.55224071554,,4.667314394701842,4.982699858780812,
2127011918227183,2025,panoroma_fine,360690.3178709857,503914.0249450132,113.26557597296303,-1.2523605222595222,20.33411220255481,gt,north,0.0,0.6972318339100346,0.49335548172757476,False,1.753809546099867,True,360687.4271607044,503914.7097475225,,2.970717153693268,3.3293770056584115,
2127011918227183,2025,panoroma_two_pass,360690.3178709857,503914.0249450132,113.26557597296303,-1.2523605222595222,20.33411220255481,gt,north,0.0,0.6972318339100346,0.49335548172757476,False,1.753809546099867,True,360687.4271607044,503914.7097475225,,2.970717153693268,3.3293770056584115,
2127011918227183,2024,panoroma_coarse,360690.3178709857,503914.0249450132,113.26557597296303,-1.2523605222595222,20.33411220255481,gt,north,0.0,0.7138728323699421,0.48034188034188036,False,1.9391062111342485,True,360684.8127501154,503914.43435796624,,5.520323791481422,3.124029213231573,
2127011918227183,2024,panoroma_fine,360690.3178709857,503914.0249450132,113.26557597296303,-1.2523605222595222,20.33411220255481,gt,north,0.0,0.7138728323699421,0.48034188034188036,False,1.9391062111342485,True,360686.74045369297,503914.6443384779,,3.630642195338417,0.8672451264156941,
2127011918227183,2024,panoroma_two_pass,360690.3178709857,503914.0249450132,113.26557597296303,-1.2523605222595222,20.33411220255481,gt,north,0.0,0.7138728323699421,0.48034188034188036,False,1.9391062111342485,True,360686.74045369297,503914.6443384779,,3.630642195338417,0.8672451264156941,
1050395951111401,2025,panoroma_coarse,360694.0420611825,503880.718190806,80.30233984358654,-1.1804938458912488,24.99097162092474,gt,north,0.0,0.6621454993834772,0.5909090909090909,False,2.5783931794961776,True,360703.7260383196,503879.05180404405,,9.826304393411375,34.99409853424223,
1050395951111401,2025,panoroma_fine,360694.0420611825,503880.718190806,80.30233984358654,-1.1804938458912488,24.99097162092474,gt,north,0.0,0.6621454993834772,0.5909090909090909,False,2.5783931794961776,True,360704.0742476458,503881.60657637304,,10.071444491739395,10.812007800125258,
1050395951111401,2025,panoroma_two_pass,360694.0420611825,503880.718190806,80.30233984358654,-1.1804938458912488,24.99097162092474,gt,north,0.0,0.6621454993834772,0.5909090909090909,False,2.5783931794961776,True,360704.0742476458,503881.60657637304,,10.071444491739395,10.812007800125258,
1050395951111401,2024,panoroma_coarse,360694.0420611825,503880.718190806,80.30233984358654,-1.1804938458912488,24.99097162092474,gt,north,0.0,0.6384720327421555,0.5982532751091703,False,2.4311653082407196,True,360704.45533900196,503879.86888313934,,10.447855208506722,31.969357670228693,
1050395951111401,2024,panoroma_fine,360694.0420611825,503880.718190806,80.30233984358654,-1.1804938458912488,24.99097162092474,gt,north,0.0,0.6384720327421555,0.5982532751091703,False,2.4311653082407196,True,360703.51890406327,503882.1124638403,,9.57885944572857,9.206237934371007,
1050395951111401,2024,panoroma_two_pass,360694.0420611825,503880.718190806,80.30233984358654,-1.1804938458912488,24.99097162092474,gt,north,0.0,0.6384720327421555,0.5982532751091703,False,2.4311653082407196,True,360703.51890406327,503882.1124638403,,9.57885944572857,9.206237934371007,
1833929260931559,2025,panoroma_coarse,360699.44298365375,503847.9524849532,78.503812065449,1.851528985061421,16.967743238834757,gt,north,0.0,0.6429980276134122,0.4502923976608187,False,3.0651979943940937,True,360698.7733130857,503844.6039227555,,3.4148685862784274,2.4280101029785444,
1833929260931559,2025,panoroma_fine,360699.44298365375,503847.9524849532,78.503812065449,1.851528985061421,16.967743238834757,gt,north,0.0,0.6429980276134122,0.4502923976608187,False,3.0651979943940937,True,360699.38422136975,503847.6076254394,,0.34983008772989227,0.5957709494558554,
1833929260931559,2025,panoroma_two_pass,360699.44298365375,503847.9524849532,78.503812065449,1.851528985061421,16.967743238834757,gt,north,0.0,0.6429980276134122,0.4502923976608187,False,3.0651979943940937,True,360699.38422136975,503847.6076254394,,0.34983008772989227,0.5957709494558554,
1833929260931559,2024,panoroma_coarse,360699.44298365375,503847.9524849532,78.503812065449,1.851528985061421,16.967743238834757,gt,north,0.0,0.7503607503607503,0.4774011299435028,False,2.0678840823982747,True,360698.35744880856,503847.02498604415,,1.4278095553782368,1.6615005428304337,
1833929260931559,2024,panoroma_fine,360699.44298365375,503847.9524849532,78.503812065449,1.851528985061421,16.967743238834757,gt,north,0.0,0.7503607503607503,0.4774011299435028,False,2.0678840823982747,True,360697.7515300431,503849.00210693775,,1.9906585913837123,8.278915101509467,
1833929260931559,2024,panoroma_two_pass,360699.44298365375,503847.9524849532,78.503812065449,1.851528985061421,16.967743238834757,gt,north,0.0,0.7503607503607503,0.4774011299435028,False,2.0678840823982747,True,360697.7515300431,503849.00210693775,,1.9906585913837123,8.278915101509467,
1547432720042956,2025,panoroma_coarse,360704.86164560367,503815.27723250724,80.3573212672232,-3.9964615209487704,20.14044734815143,gt,north,0.0,0.6467941507311586,0.5658465991316932,False,1.489215064968091,True,360701.15867102443,503811.8046044898,,5.076530910166086,0.9654782676259397,
1547432720042956,2025,panoroma_fine,360704.86164560367,503815.27723250724,80.3573212672232,-3.9964615209487704,20.14044734815143,gt,north,0.0,0.6467941507311586,0.5658465991316932,False,1.489215064968091,True,360702.4044398329,503812.6205834023,,3.618790497775398,2.6173775979229066,
1547432720042956,2025,panoroma_two_pass,360704.86164560367,503815.27723250724,80.3573212672232,-3.9964615209487704,20.14044734815143,gt,north,0.0,0.6467941507311586,0.5658465991316932,False,1.489215064968091,True,360702.4044398329,503812.6205834023,,3.618790497775398,2.6173775979229066,
1547432720042956,2024,panoroma_coarse,360704.86164560367,503815.27723250724,80.3573212672232,-3.9964615209487704,20.14044734815143,gt,north,0.0,0.515,0.5790251107828656,False,3.5385592118941926,True,360700.8745336207,503809.99957449816,,6.61443391572116,11.103509601231654,
1547432720042956,2024,panoroma_fine,360704.86164560367,503815.27723250724,80.3573212672232,-3.9964615209487704,20.14044734815143,gt,north,0.0,0.515,0.5790251107828656,False,3.5385592118941926,True,360702.2410430249,503813.263629238,,3.3048685301977927,0.22305860261945804,
1547432720042956,2024,panoroma_two_pass,360704.86164560367,503815.27723250724,80.3573212672232,-3.9964615209487704,20.14044734815143,gt,north,0.0,0.515,0.5790251107828656,False,3.5385592118941926,True,360702.2410430249,503813.263629238,,3.3048685301977927,0.22305860261945804,
948728088280240,2025,panoroma_coarse,360720.42209097266,503787.8620452555,31.342302735199002,-0.7030893339949209,12.048001089627288,gt,north,0.0,0.6309055118110236,0.5101809954751131,False,2.180630307567531,True,360718.95276756736,503785.65107500623,,2.65467525555709,5.441166374106177,
948728088280240,2025,panoroma_fine,360720.42209097266,503787.8620452555,31.342302735199002,-0.7030893339949209,12.048001089627288,gt,north,0.0,0.6309055118110236,0.5101809954751131,False,2.180630307567531,True,360719.75534116244,503783.6235089376,,4.290657924783374,4.62450876534324,
948728088280240,2025,panoroma_two_pass,360720.42209097266,503787.8620452555,31.342302735199002,-0.7030893339949209,12.048001089627288,gt,north,0.0,0.6309055118110236,0.5101809954751131,False,2.180630307567531,True,360719.75534116244,503783.6235089376,,4.290657924783374,4.62450876534324,
948728088280240,2024,panoroma_coarse,360720.42209097266,503787.8620452555,31.342302735199002,-0.7030893339949209,12.048001089627288,gt,north,0.0,0.7215777262180975,0.5038419319429198,False,1.5824692606271926,True,360717.78022554173,503785.61894592707,,3.4656813979756502,1.6339646808674222,
948728088280240,2024,panoroma_fine,360720.42209097266,503787.8620452555,31.342302735199002,-0.7030893339949209,12.048001089627288,gt,north,0.0,0.7215777262180975,0.5038419319429198,False,1.5824692606271926,True,360719.36264413985,503785.6316085161,,2.4692662148877482,1.5048536164339,
948728088280240,2024,panoroma_two_pass,360720.42209097266,503787.8620452555,31.342302735199002,-0.7030893339949209,12.048001089627288,gt,north,0.0,0.7215777262180975,0.5038419319429198,False,1.5824692606271926,True,360719.36264413985,503785.6316085161,,2.4692662148877482,1.5048536164339,
1085515110888108,2025,panoroma_coarse,360727.5431572441,503758.03646339476,81.9371883405536,1.9243925147662821,10.85882330640687,gt,north,0.0,0.7540394973070018,0.4652777777777778,False,1.3517061089498041,True,360725.2089323824,503757.49809681997,,2.395505014359442,4.7608674963921995,
1085515110888108,2025,panoroma_fine,360727.5431572441,503758.03646339476,81.9371883405536,1.9243925147662821,10.85882330640687,gt,north,0.0,0.7540394973070018,0.4652777777777778,False,1.3517061089498041,True,360726.0495715501,503758.5566029346,,1.5815635827343326,2.5535971328447142,
1085515110888108,2025,panoroma_two_pass,360727.5431572441,503758.03646339476,81.9371883405536,1.9243925147662821,10.85882330640687,gt,north,0.0,0.7540394973070018,0.4652777777777778,False,1.3517061089498041,True,360726.0495715501,503758.5566029346,,1.5815635827343326,2.5535971328447142,
1085515110888108,2024,panoroma_coarse,360727.5431572441,503758.03646339476,81.9371883405536,1.9243925147662821,10.85882330640687,gt,north,0.0,0.6638655462184874,0.464471403812825,False,2.0763635862698293,True,360725.35397364444,503756.50995170756,,2.6688504574460064,0.06271110752130069,
1085515110888108,2024,panoroma_fine,360727.5431572441,503758.03646339476,81.9371883405536,1.9243925147662821,10.85882330640687,gt,north,0.0,0.6638655462184874,0.464471403812825,False,2.0763635862698293,True,360726.60992884386,503758.16339123755,,0.9418205372042839,0.19873967741658505,
1085515110888108,2024,panoroma_two_pass,360727.5431572441,503758.03646339476,81.9371883405536,1.9243925147662821,10.85882330640687,gt,north,0.0,0.6638655462184874,0.464471403812825,False,2.0763635862698293,True,360726.60992884386,503758.16339123755,,0.9418205372042839,0.19873967741658505,
1414526570784660,2025,panoroma_coarse,360749.53874211723,503742.96506125573,350.7055676122848,-7.359073565521157,28.964543147932854,gt,north,0.0,0.5644171779141104,0.3929824561403509,False,4.534602006949425,True,360741.00031911273,503741.05633409607,,8.749166061622835,0.4563946189434856,
1414526570784660,2025,panoroma_fine,360749.53874211723,503742.96506125573,350.7055676122848,-7.359073565521157,28.964543147932854,gt,north,0.0,0.5644171779141104,0.3929824561403509,False,4.534602006949425,True,360745.534151643,503740.9727999776,,4.472789942175639,6.590696444924411,
1414526570784660,2025,panoroma_two_pass,360749.53874211723,503742.96506125573,350.7055676122848,-7.359073565521157,28.964543147932854,gt,north,0.0,0.5644171779141104,0.3929824561403509,False,4.534602006949425,True,360745.534151643,503740.9727999776,,4.472789942175639,6.590696444924411,
1414526570784660,2024,panoroma_coarse,360749.53874211723,503742.96506125573,350.7055676122848,-7.359073565521157,28.964543147932854,gt,north,0.0,0.5194805194805194,0.4109347442680776,False,3.591125830724343,True,360732.413063541,503739.70805451553,,17.432640637674748,3.241134829995013,
1414526570784660,2024,panoroma_fine,360749.53874211723,503742.96506125573,350.7055676122848,-7.359073565521157,28.964543147932854,gt,north,0.0,0.5194805194805194,0.4109347442680776,False,3.591125830724343,True,360735.93396565557,503739.0013487552,,14.17042551791378,7.435170549072646,
1414526570784660,2024,panoroma_two_pass,360749.53874211723,503742.96506125573,350.7055676122848,-7.359073565521157,28.964543147932854,gt,north,0.0,0.5194805194805194,0.4109347442680776,False,3.591125830724343,True,360735.93396565557,503739.0013487552,,14.17042551791378,7.435170549072646,
4655499598016038,2025,panoroma_coarse,360783.9939634348,503748.48009199556,350.10718637867046,-5.604337084580777,8.497585644266257,gt,north,0.0,0.520863309352518,0.5222222222222223,False,1.6164504402957385,True,360786.5530977818,503748.5258206777,,2.559542872886463,0.799972448680892,
4655499598016038,2025,panoroma_fine,360783.9939634348,503748.48009199556,350.10718637867046,-5.604337084580777,8.497585644266257,gt,north,0.0,0.520863309352518,0.5222222222222223,False,1.6164504402957385,True,360784.9489606,503748.32668271544,,0.9672404006969758,3.0213765115211655,
4655499598016038,2025,panoroma_two_pass,360783.9939634348,503748.48009199556,350.10718637867046,-5.604337084580777,8.497585644266257,gt,north,0.0,0.520863309352518,0.5222222222222223,False,1.6164504402957385,True,360784.9489606,503748.32668271544,,0.9672404006969758,3.0213765115211655,
4655499598016038,2024,panoroma_coarse,360783.9939634348,503748.48009199556,350.10718637867046,-5.604337084580777,8.497585644266257,gt,north,0.0,0.6758064516129032,0.5625,False,1.7172374001043729,True,360786.8352634739,503748.37607769924,,2.8432032790413198,0.9231420865609842,
4655499598016038,2024,panoroma_fine,360783.9939634348,503748.48009199556,350.10718637867046,-5.604337084580777,8.497585644266257,gt,north,0.0,0.6758064516129032,0.5625,False,1.7172374001043729,True,360785.2036679259,503747.84054034663,,1.368360795762131,4.67610898676085,
4655499598016038,2024,panoroma_two_pass,360783.9939634348,503748.48009199556,350.10718637867046,-5.604337084580777,8.497585644266257,gt,north,0.0,0.6758064516129032,0.5625,False,1.7172374001043729,True,360785.2036679259,503747.84054034663,,1.368360795762131,4.67610898676085,
3033300290207352,2025,panoroma_coarse,360817.63395764213,503753.72948514856,351.99106902931936,-4.479097542094394,24.283266444051378,gt,north,0.0,0.5417085427135678,0.2996207332490518,False,2.805903213308519,True,360795.210121852,503748.6136481758,,23.00000433641134,7.788046921238816,
3033300290207352,2025,panoroma_fine,360817.63395764213,503753.72948514856,351.99106902931936,-4.479097542094394,24.283266444051378,gt,north,0.0,0.5417085427135678,0.2996207332490518,False,2.805903213308519,True,360792.4183207577,503748.33268644835,,25.786697727680213,3.9434329089002844,
3033300290207352,2025,panoroma_two_pass,360817.63395764213,503753.72948514856,351.99106902931936,-4.479097542094394,24.283266444051378,gt,north,0.0,0.5417085427135678,0.2996207332490518,False,2.805903213308519,True,360792.4183207577,503748.33268644835,,25.786697727680213,3.9434329089002844,
3033300290207352,2024,panoroma_coarse,360817.63395764213,503753.72948514856,351.99106902931936,-4.479097542094394,24.283266444051378,gt,north,0.0,0.4896694214876033,0.4553072625698324,False,3.223906211100637,True,360794.6057016147,503748.1902809167,,23.68508727422154,3.115408208880837,
3033300290207352,2024,panoroma_fine,360817.63395764213,503753.72948514856,351.99106902931936,-4.479097542094394,24.283266444051378,gt,north,0.0,0.4896694214876033,0.4553072625698324,False,3.223906211100637,True,360791.48897716764,503747.36590237566,,26.908273629482682,1.1960731993136529,
3033300290207352,2024,panoroma_two_pass,360817.63395764213,503753.72948514856,351.99106902931936,-4.479097542094394,24.283266444051378,gt,north,0.0,0.4896694214876033,0.4553072625698324,False,3.223906211100637,True,360791.48897716764,503747.36590237566,,26.908273629482682,1.1960731993136529,
1423796489689610,2025,panoroma_coarse,360849.0187159285,503754.3348842468,5.7238110324634,9.87751076958628,21.3253140751009,gt,north,0.0,0.5540838852097131,0.3086021505376344,False,3.9789113788765276,True,360870.31175115024,503743.12295440474,,24.064511624762492,15.829402841222016,
1423796489689610,2025,panoroma_fine,360849.0187159285,503754.3348842468,5.7238110324634,9.87751076958628,21.3253140751009,gt,north,0.0,0.5540838852097131,0.3086021505376344,False,3.9789113788765276,True,360869.2017722249,503746.94390749873,,21.493773488049523,0.5068098652045567,
1423796489689610,2025,panoroma_two_pass,360849.0187159285,503754.3348842468,5.7238110324634,9.87751076958628,21.3253140751009,gt,north,0.0,0.5540838852097131,0.3086021505376344,False,3.9789113788765276,True,360869.2017722249,503746.94390749873,,21.493773488049523,0.5068098652045567,
1423796489689610,2024,panoroma_coarse,360849.0187159285,503754.3348842468,5.7238110324634,9.87751076958628,21.3253140751009,gt,north,0.0,0.5634365634365635,0.3321212121212121,False,4.164467153716787,True,360880.5568469754,503743.3255848578,,33.40446651228248,10.396692675943987,
1423796489689610,2024,panoroma_fine,360849.0187159285,503754.3348842468,5.7238110324634,9.87751076958628,21.3253140751009,gt,north,0.0,0.5634365634365635,0.3321212121212121,False,4.164467153716787,True,360877.19448735827,503745.782681616,,29.445105968591403,6.315906354387411,
1423796489689610,2024,panoroma_two_pass,360849.0187159285,503754.3348842468,5.7238110324634,9.87751076958628,21.3253140751009,gt,north,0.0,0.5634365634365635,0.3321212121212121,False,4.164467153716787,True,360877.19448735827,503745.782681616,,29.445105968591403,6.315906354387411,
2132600394311539,2025,panoroma_coarse,360880.1354032153,503744.7996306652,26.658949271794334,6.4609772203970905,6.985901107902148,gt,north,0.0,0.5898477157360406,0.419284940411701,False,5.237114139285954,True,360881.78390351706,503742.06576761714,,3.1924223421346483,2.01426465862465,
2132600394311539,2025,panoroma_fine,360880.1354032153,503744.7996306652,26.658949271794334,6.4609772203970905,6.985901107902148,gt,north,0.0,0.5898477157360406,0.419284940411701,False,5.237114139285954,True,360876.9124202556,503743.98826998164,,3.3235410810483432,1.7668042846587286,
2132600394311539,2025,panoroma_two_pass,360880.1354032153,503744.7996306652,26.658949271794334,6.4609772203970905,6.985901107902148,gt,north,0.0,0.5898477157360406,0.419284940411701,False,5.237114139285954,True,360876.9124202556,503743.98826998164,,3.3235410810483432,1.7668042846587286,
2132600394311539,2024,panoroma_coarse,360880.1354032153,503744.7996306652,26.658949271794334,6.4609772203970905,6.985901107902148,gt,north,0.0,0.6343115124153499,0.43387470997679817,False,2.7533440290186157,True,360879.6190910048,503741.75320261694,,3.0898708957038665,5.903744716032586,
2132600394311539,2024,panoroma_fine,360880.1354032153,503744.7996306652,26.658949271794334,6.4609772203970905,6.985901107902148,gt,north,0.0,0.6343115124153499,0.43387470997679817,False,2.7533440290186157,True,360877.606763751,503743.6324158475,,2.7850328491889895,2.0536011565346772,
2132600394311539,2024,panoroma_two_pass,360880.1354032153,503744.7996306652,26.658949271794334,6.4609772203970905,6.985901107902148,gt,north,0.0,0.6343115124153499,0.43387470997679817,False,2.7533440290186157,True,360877.606763751,503743.6324158475,,2.7850328491889895,2.0536011565346772,
989523250818847,2025,panoroma_coarse,360908.6289439254,503724.0568379499,34.753324911071644,-4.744037194425189,19.700842620780378,gt,north,0.0,0.5674740484429066,0.3827814569536424,False,4.261030851242302,True,360911.0481188576,503720.87605424225,,3.9962222595338486,5.631294626241149,
989523250818847,2025,panoroma_fine,360908.6289439254,503724.0568379499,34.753324911071644,-4.744037194425189,19.700842620780378,gt,north,0.0,0.5674740484429066,0.3827814569536424,False,4.261030851242302,True,360907.38550496724,503723.05358573585,,1.5977031788177578,0.34590906335889887,
989523250818847,2025,panoroma_two_pass,360908.6289439254,503724.0568379499,34.753324911071644,-4.744037194425189,19.700842620780378,gt,north,0.0,0.5674740484429066,0.3827814569536424,False,4.261030851242302,True,360907.38550496724,503723.05358573585,,1.5977031788177578,0.34590906335889887,
989523250818847,2024,panoroma_coarse,360908.6289439254,503724.0568379499,34.753324911071644,-4.744037194425189,19.700842620780378,gt,north,0.0,0.5431547619047619,0.3981358189081225,False,4.941239295780312,True,360910.3541941715,503720.49677126104,,3.9560792763663506,4.412658427185725,
989523250818847,2024,panoroma_fine,360908.6289439254,503724.0568379499,34.753324911071644,-4.744037194425189,19.700842620780378,gt,north,0.0,0.5431547619047619,0.3981358189081225,False,4.941239295780312,True,360906.67232855933,503723.7921788826,,1.974433618166888,3.5042392237670383,
989523250818847,2024,panoroma_two_pass,360908.6289439254,503724.0568379499,34.753324911071644,-4.744037194425189,19.700842620780378,gt,north,0.0,0.5431547619047619,0.3981358189081225,False,4.941239295780312,True,360906.67232855933,503723.7921788826,,1.974433618166888,3.5042392237670383,
1632250488424820,2025,panoroma_coarse,360931.21201359126,503742.673667931,307.71114265255073,-4.238741015149117,8.296340545500817,gt,north,0.0,0.4775888717156105,0.41283124128312415,False,1.5423587499454299,True,360928.1691583086,503743.44223029853,,3.1384162222407133,2.4334064136957996,
1632250488424820,2025,panoroma_fine,360931.21201359126,503742.673667931,307.71114265255073,-4.238741015149117,8.296340545500817,gt,north,0.0,0.4775888717156105,0.41283124128312415,False,1.5423587499454299,True,360929.596865193,503742.8586863277,,1.6257109692525458,4.392639757313513,
1632250488424820,2025,panoroma_two_pass,360931.21201359126,503742.673667931,307.71114265255073,-4.238741015149117,8.296340545500817,gt,north,0.0,0.4775888717156105,0.41283124128312415,False,1.5423587499454299,True,360929.596865193,503742.8586863277,,1.6257109692525458,4.392639757313513,
1632250488424820,2024,panoroma_coarse,360931.21201359126,503742.673667931,307.71114265255073,-4.238741015149117,8.296340545500817,gt,north,0.0,0.4817073170731707,0.43443708609271525,False,2.112939279911288,True,360927.8607440886,503744.77055830916,,3.9532210332175763,2.692611716696171,
1632250488424820,2024,panoroma_fine,360931.21201359126,503742.673667931,307.71114265255073,-4.238741015149117,8.296340545500817,gt,north,0.0,0.4817073170731707,0.43443708609271525,False,2.112939279911288,True,360928.75386197126,503742.8556554792,,2.4648790750447787,9.901984584733938,
1632250488424820,2024,panoroma_two_pass,360931.21201359126,503742.673667931,307.71114265255073,-4.238741015149117,8.296340545500817,gt,north,0.0,0.4817073170731707,0.43443708609271525,False,2.112939279911288,True,360928.75386197126,503742.8556554792,,2.4648790750447787,9.901984584733938,
2077858049513350,2025,panoroma_coarse,360958.9264981925,503738.99869255535,36.57943141067384,0.8628324443774247,15.720749995554163,gt,north,0.0,0.6071428571428571,0.4368556701030928,False,0.44943234175938096,True,360955.1897922644,503739.8931752887,,3.8422741381848833,0.529815304019552,
2077858049513350,2025,panoroma_fine,360958.9264981925,503738.99869255535,36.57943141067384,0.8628324443774247,15.720749995554163,gt,north,0.0,0.6071428571428571,0.4368556701030928,False,0.44943234175938096,True,360955.52118693525,503740.19676547614,,3.6099201489967947,0.9258572588269223,
2077858049513350,2025,panoroma_two_pass,360958.9264981925,503738.99869255535,36.57943141067384,0.8628324443774247,15.720749995554163,gt,north,0.0,0.6071428571428571,0.4368556701030928,False,0.44943234175938096,True,360955.52118693525,503740.19676547614,,3.6099201489967947,0.9258572588269223,
2077858049513350,2024,panoroma_coarse,360958.9264981925,503738.99869255535,36.57943141067384,0.8628324443774247,15.720749995554163,gt,north,0.0,0.5847554038680318,0.457286432160804,False,1.0248993287339514,True,360956.5150685171,503739.7599167419,,2.528726031305195,2.6651049757332785,
2077858049513350,2024,panoroma_fine,360958.9264981925,503738.99869255535,36.57943141067384,0.8628324443774247,15.720749995554163,gt,north,0.0,0.5847554038680318,0.457286432160804,False,1.0248993287339514,True,360955.57885041507,503740.1769470758,,3.548947640721593,2.180085806705047,
2077858049513350,2024,panoroma_two_pass,360958.9264981925,503738.99869255535,36.57943141067384,0.8628324443774247,15.720749995554163,gt,north,0.0,0.5847554038680318,0.457286432160804,False,1.0248993287339514,True,360955.57885041507,503740.1769470758,,3.548947640721593,2.180085806705047,
1589393802867647,2025,panoroma_coarse,360989.10427757644,503724.1385183977,3.2836355909824206,3.791449615632061,13.620486228676821,gt,north,0.0,0.7156488549618321,0.5164011246485474,False,1.4730743670294155,True,360986.1917381842,503723.96086136985,,2.9179526608422344,7.4328046228602,
1589393802867647,2025,panoroma_fine,360989.10427757644,503724.1385183977,3.2836355909824206,3.791449615632061,13.620486228676821,gt,north,0.0,0.7156488549618321,0.5164011246485474,False,1.4730743670294155,True,360985.0774122492,503724.92430612765,,4.102816925049916,1.78847778928739,
1589393802867647,2025,panoroma_two_pass,360989.10427757644,503724.1385183977,3.2836355909824206,3.791449615632061,13.620486228676821,gt,north,0.0,0.7156488549618321,0.5164011246485474,False,1.4730743670294155,True,360985.0774122492,503724.92430612765,,4.102816925049916,1.78847778928739,
1589393802867647,2024,panoroma_coarse,360989.10427757644,503724.1385183977,3.2836355909824206,3.791449615632061,13.620486228676821,gt,north,0.0,0.7460611677479148,0.563752276867031,False,1.741441852458585,True,360983.3999688265,503724.9909053024,,5.767642651021219,1.1414596260758776,
1589393802867647,2024,panoroma_fine,360989.10427757644,503724.1385183977,3.2836355909824206,3.791449615632061,13.620486228676821,gt,north,0.0,0.7460611677479148,0.563752276867031,False,1.741441852458585,True,360985.04321788525,503724.4144052968,,4.070420051600482,2.3619577341481337,
1589393802867647,2024,panoroma_two_pass,360989.10427757644,503724.1385183977,3.2836355909824206,3.791449615632061,13.620486228676821,gt,north,0.0,0.7460611677479148,0.563752276867031,False,1.741441852458585,True,360985.04321788525,503724.4144052968,,4.070420051600482,2.3619577341481337,
1390751626576697,2025,panoroma_coarse,361021.37273823074,503733.2989859199,327.7075825822231,4.1328737014398484,2.718628931427968,gt,north,0.0,0.771712158808933,0.48490749756572543,False,1.2218713883062313,True,361021.58813059534,503734.8004834996,,1.516868106498463,1.0371339086312665,
1390751626576697,2025,panoroma_fine,361021.37273823074,503733.2989859199,327.7075825822231,4.1328737014398484,2.718628931427968,gt,north,0.0,0.771712158808933,0.48490749756572543,False,1.2218713883062313,True,361020.38141571503,503734.608627076,,1.6425225380286435,0.2202123080868568,
1390751626576697,2025,panoroma_two_pass,361021.37273823074,503733.2989859199,327.7075825822231,4.1328737014398484,2.718628931427968,gt,north,0.0,0.771712158808933,0.48490749756572543,False,1.2218713883062313,True,361020.38141571503,503734.608627076,,1.6425225380286435,0.2202123080868568,
1390751626576697,2024,panoroma_coarse,361021.37273823074,503733.2989859199,327.7075825822231,4.1328737014398484,2.718628931427968,gt,north,0.0,0.7328326180257511,0.5291113381001021,False,1.39117369902513,True,361019.6785687052,503734.31040064135,,1.9731117859722052,2.9123200146246586,
1390751626576697,2024,panoroma_fine,361021.37273823074,503733.2989859199,327.7075825822231,4.1328737014398484,2.718628931427968,gt,north,0.0,0.7328326180257511,0.5291113381001021,False,1.39117369902513,True,361020.918761912,503733.6800951036,,0.592738313177471,1.7123199335683736,
1390751626576697,2024,panoroma_two_pass,361021.37273823074,503733.2989859199,327.7075825822231,4.1328737014398484,2.718628931427968,gt,north,0.0,0.7328326180257511,0.5291113381001021,False,1.39117369902513,True,361020.918761912,503733.6800951036,,0.592738313177471,1.7123199335683736,
1779130370087030,2025,panoroma_coarse,361045.8460264687,503753.44114216417,320.3654600271832,6.206946733515508,23.27192846161696,gt,north,0.0,0.2569620253164557,0.4892344497607656,False,2.5506137247031857,True,361055.2058382657,503761.40957890695,,12.29235782914506,31.019150680538555,
1779130370087030,2025,panoroma_fine,361045.8460264687,503753.44114216417,320.3654600271832,6.206946733515508,23.27192846161696,gt,north,0.0,0.2569620253164557,0.4892344497607656,False,2.5506137247031857,True,361054.6090278291,503763.88938689855,,13.636568881940521,4.499167420273548,
1779130370087030,2025,panoroma_two_pass,361045.8460264687,503753.44114216417,320.3654600271832,6.206946733515508,23.27192846161696,gt,north,0.0,0.2569620253164557,0.4892344497607656,False,2.5506137247031857,True,361054.6090278291,503763.88938689855,,13.636568881940521,4.499167420273548,
1779130370087030,2024,panoroma_coarse,361045.8460264687,503753.44114216417,320.3654600271832,6.206946733515508,23.27192846161696,gt,north,0.0,0.668997668997669,0.572827417380661,False,3.587675206276147,True,361047.42218591075,503756.9516746984,,3.8481316584328265,1.9266529386173599,
1779130370087030,2024,panoroma_fine,361045.8460264687,503753.44114216417,320.3654600271832,6.206946733515508,23.27192846161696,gt,north,0.0,0.668997668997669,0.572827417380661,False,3.587675206276147,True,361045.40500222094,503753.9847936176,,0.7000423486674578,1.5345800461509167,
1779130370087030,2024,panoroma_two_pass,361045.8460264687,503753.44114216417,320.3654600271832,6.206946733515508,23.27192846161696,gt,north,0.0,0.668997668997669,0.572827417380661,False,3.587675206276147,True,361045.40500222094,503753.9847936176,,0.7000423486674578,1.5345800461509167,
1081892811088637,2025,panoroma_coarse,361071.6103484227,503775.00968521927,319.9919728113934,-7.209987336558186,14.789272543165287,gt,north,0.0,0.6329866270430906,0.4806312769010043,False,4.061814905374367,True,361072.0331714176,503773.1401181042,,1.91678389048789,2.643981825376463,
1081892811088637,2025,panoroma_fine,361071.6103484227,503775.00968521927,319.9919728113934,-7.209987336558186,14.789272543165287,gt,north,0.0,0.6329866270430906,0.4806312769010043,False,4.061814905374367,True,361073.3115362066,503776.9955200018,,2.6148766050153385,3.0738015440469355,
1081892811088637,2025,panoroma_two_pass,361071.6103484227,503775.00968521927,319.9919728113934,-7.209987336558186,14.789272543165287,gt,north,0.0,0.6329866270430906,0.4806312769010043,False,4.061814905374367,True,361073.3115362066,503776.9955200018,,2.6148766050153385,3.0738015440469355,
1081892811088637,2024,panoroma_coarse,361071.6103484227,503775.00968521927,319.9919728113934,-7.209987336558186,14.789272543165287,gt,north,0.0,0.7017543859649122,0.44846796657381616,False,3.2058204594186708,True,361070.95979366807,503771.2455565571,,3.8199327316394243,4.281243682874878,
1081892811088637,2024,panoroma_fine,361071.6103484227,503775.00968521927,319.9919728113934,-7.209987336558186,14.789272543165287,gt,north,0.0,0.7017543859649122,0.44846796657381616,False,3.2058204594186708,True,361072.1279177955,503774.2309829656,,0.935016179260972,1.2668967259602968,
1081892811088637,2024,panoroma_two_pass,361071.6103484227,503775.00968521927,319.9919728113934,-7.209987336558186,14.789272543165287,gt,north,0.0,0.7017543859649122,0.44846796657381616,False,3.2058204594186708,True,361072.1279177955,503774.2309829656,,0.935016179260972,1.2668967259602968,
1571657080838112,2025,panoroma_coarse,361097.6871538623,503796.1688923789,321.71023488531455,-8.181697797323295,14.601379036572121,gt,north,0.0,0.7729852440408627,0.49608610567514677,False,1.93128399253047,True,361096.2272693488,503797.19678143796,,1.7854463617004643,1.5094992331525063,
1571657080838112,2025,panoroma_fine,361097.6871538623,503796.1688923789,321.71023488531455,-8.181697797323295,14.601379036572121,gt,north,0.0,0.7729852440408627,0.49608610567514677,False,1.93128399253047,True,361097.56475250627,503795.80358487484,,0.3852683019669719,0.893738924609833,
1571657080838112,2025,panoroma_two_pass,361097.6871538623,503796.1688923789,321.71023488531455,-8.181697797323295,14.601379036572121,gt,north,0.0,0.7729852440408627,0.49608610567514677,False,1.93128399253047,True,361097.56475250627,503795.80358487484,,0.3852683019669719,0.893738924609833,
1571657080838112,2024,panoroma_coarse,361097.6871538623,503796.1688923789,321.71023488531455,-8.181697797323295,14.601379036572121,gt,north,0.0,0.7637637637637638,0.4933078393881453,False,0.6962797896328159,True,361097.17826668825,503795.2096338103,,1.0858835837514145,9.255429236967812,
1571657080838112,2024,panoroma_fine,361097.6871538623,503796.1688923789,321.71023488531455,-8.181697797323295,14.601379036572121,gt,north,0.0,0.7637637637637638,0.4933078393881453,False,0.6962797896328159,True,361097.4013506782,503795.86920873314,,0.4141180358461447,0.871292203031895,
1571657080838112,2024,panoroma_two_pass,361097.6871538623,503796.1688923789,321.71023488531455,-8.181697797323295,14.601379036572121,gt,north,0.0,0.7637637637637638,0.4933078393881453,False,0.6962797896328159,True,361097.4013506782,503795.86920873314,,0.4141180358461447,0.871292203031895,
952888117221424,2025,panoroma_coarse,361123.05922481813,503818.2571096383,316.61607292312294,-7.783075920117881,3.7028244098169445,gt,north,0.0,0.7065088757396449,0.5506715506715507,False,2.1410431734926827,True,361121.30865565187,503814.3300779638,,4.299543019700566,0.3740268212702024,
952888117221424,2025,panoroma_fine,361123.05922481813,503818.2571096383,316.61607292312294,-7.783075920117881,3.7028244098169445,gt,north,0.0,0.7065088757396449,0.5506715506715507,False,2.1410431734926827,True,361122.0231620854,503816.348380822,,2.1717899715239577,5.4632210424980165,
952888117221424,2025,panoroma_two_pass,361123.05922481813,503818.2571096383,316.61607292312294,-7.783075920117881,3.7028244098169445,gt,north,0.0,0.7065088757396449,0.5506715506715507,False,2.1410431734926827,True,361122.0231620854,503816.348380822,,2.1717899715239577,5.4632210424980165,
952888117221424,2024,panoroma_coarse,361123.05922481813,503818.2571096383,316.61607292312294,-7.783075920117881,3.7028244098169445,gt,north,0.0,0.572736520854527,0.5651135005973715,False,2.1367221078847027,True,361122.5229973229,503815.28525469557,,3.019844652842349,1.6464812129430497,
952888117221424,2024,panoroma_fine,361123.05922481813,503818.2571096383,316.61607292312294,-7.783075920117881,3.7028244098169445,gt,north,0.0,0.572736520854527,0.5651135005973715,False,2.1367221078847027,True,361122.60229673894,503817.42050479073,,0.9532528208904023,0.4385283303216508,
952888117221424,2024,panoroma_two_pass,361123.05922481813,503818.2571096383,316.61607292312294,-7.783075920117881,3.7028244098169445,gt,north,0.0,0.572736520854527,0.5651135005973715,False,2.1367221078847027,True,361122.60229673894,503817.42050479073,,0.9532528208904023,0.4385283303216508,
1088755186866756,2025,panoroma_coarse,361149.29993063095,503840.03393467236,320.98889387954176,-8.863630300116938,18.217226499267987,gt,north,0.0,0.6537735849056604,0.43193997856377275,False,3.857885770580122,True,361148.07395451266,503837.7058493728,,2.631159175107782,3.995764745795264,
1088755186866756,2025,panoroma_fine,361149.29993063095,503840.03393467236,320.98889387954176,-8.863630300116938,18.217226499267987,gt,north,0.0,0.6537735849056604,0.43193997856377275,False,3.857885770580122,True,361151.73171974265,503838.9322408849,,2.6697055053016134,3.1606910017429097,
1088755186866756,2025,panoroma_two_pass,361149.29993063095,503840.03393467236,320.98889387954176,-8.863630300116938,18.217226499267987,gt,north,0.0,0.6537735849056604,0.43193997856377275,False,3.857885770580122,True,361151.73171974265,503838.9322408849,,2.6697055053016134,3.1606910017429097,
1088755186866756,2024,panoroma_coarse,361149.29993063095,503840.03393467236,320.98889387954176,-8.863630300116938,18.217226499267987,gt,north,0.0,0.6295681063122923,0.5298672566371682,False,3.691182031116972,True,361137.70901723887,503831.58936732204,,14.34085042794895,7.645954584919032,
1088755186866756,2024,panoroma_fine,361149.29993063095,503840.03393467236,320.98889387954176,-8.863630300116938,18.217226499267987,gt,north,0.0,0.6295681063122923,0.5298672566371682,False,3.691182031116972,True,361141.28907593276,503832.4882580469,,11.005045603332915,8.159386318566765,
1088755186866756,2024,panoroma_two_pass,361149.29993063095,503840.03393467236,320.98889387954176,-8.863630300116938,18.217226499267987,gt,north,0.0,0.6295681063122923,0.5298672566371682,False,3.691182031116972,True,361141.28907593276,503832.4882580469,,11.005045603332915,8.159386318566765,
1666620238369939,2025,panoroma_coarse,361173.00583708816,503862.9563626265,292.94851285843356,6.397136339237818,13.164329464393255,gt,north,0.0,0.8110091743119267,0.5385802469135802,False,1.0274340723039532,True,361175.81331324816,503863.8247672288,,2.9387155259117077,6.213394533209439,
1666620238369939,2025,panoroma_fine,361173.00583708816,503862.9563626265,292.94851285843356,6.397136339237818,13.164329464393255,gt,north,0.0,0.8110091743119267,0.5385802469135802,False,1.0274340723039532,True,361174.8133558749,503864.0607884663,,2.118225814225179,1.8815195709336472,
1666620238369939,2025,panoroma_two_pass,361173.00583708816,503862.9563626265,292.94851285843356,6.397136339237818,13.164329464393255,gt,north,0.0,0.8110091743119267,0.5385802469135802,False,1.0274340723039532,True,361174.8133558749,503864.0607884663,,2.118225814225179,1.8815195709336472,
1666620238369939,2024,panoroma_coarse,361173.00583708816,503862.9563626265,292.94851285843356,6.397136339237818,13.164329464393255,gt,north,0.0,0.7791741472172352,0.5380875202593193,False,1.6497327261521624,True,361175.5150055111,503862.57504053926,,2.5379780749615026,8.129907251406427,
1666620238369939,2024,panoroma_fine,361173.00583708816,503862.9563626265,292.94851285843356,6.397136339237818,13.164329464393255,gt,north,0.0,0.7791741472172352,0.5380875202593193,False,1.6497327261521624,True,361173.86574857734,503862.5354219317,,0.9574125744813253,1.214927949538664,
1666620238369939,2024,panoroma_two_pass,361173.00583708816,503862.9563626265,292.94851285843356,6.397136339237818,13.164329464393255,gt,north,0.0,0.7791741472172352,0.5380875202593193,False,1.6497327261521624,True,361173.86574857734,503862.5354219317,,0.9574125744813253,1.214927949538664,
1762029464919045,2025,panoroma_coarse,361156.16527727724,503890.4513906976,230.02804423733778,3.1326421045083066,23.605552969646,gt,north,0.0,0.6041379310344828,0.4377564979480164,False,3.892171872548005,True,361148.4776099294,503896.7047027365,,9.90980023546754,4.383512010751701,
1762029464919045,2025,panoroma_fine,361156.16527727724,503890.4513906976,230.02804423733778,3.1326421045083066,23.605552969646,gt,north,0.0,0.6041379310344828,0.4377564979480164,False,3.892171872548005,True,361152.29521374113,503895.94647914,,6.721115142839089,2.1521341019712894,
1762029464919045,2025,panoroma_two_pass,361156.16527727724,503890.4513906976,230.02804423733778,3.1326421045083066,23.605552969646,gt,north,0.0,0.6041379310344828,0.4377564979480164,False,3.892171872548005,True,361152.29521374113,503895.94647914,,6.721115142839089,2.1521341019712894,
1762029464919045,2024,panoroma_coarse,361156.16527727724,503890.4513906976,230.02804423733778,3.1326421045083066,23.605552969646,gt,north,0.0,0.5095541401273885,0.44176136363636365,False,3.86718351742608,True,361149.88838340354,503894.0118184537,,7.21637322400504,1.4892371746740731,
1762029464919045,2024,panoroma_fine,361156.16527727724,503890.4513906976,230.02804423733778,3.1326421045083066,23.605552969646,gt,north,0.0,0.5095541401273885,0.44176136363636365,False,3.86718351742608,True,361153.74984614016,503893.80154745944,,4.130115967713336,3.15800677331547,
1762029464919045,2024,panoroma_two_pass,361156.16527727724,503890.4513906976,230.02804423733778,3.1326421045083066,23.605552969646,gt,north,0.0,0.5095541401273885,0.44176136363636365,False,3.86718351742608,True,361153.74984614016,503893.80154745944,,4.130115967713336,3.15800677331547,
1132839019071351,2025,panoroma_coarse,361142.207623885,503903.8411272457,30.809075166005442,-8.058651102678024,3.8188374497366575,gt,north,0.0,0.639871382636656,0.49915397631133673,False,0.8350563339629878,True,361142.3669962512,503906.6055977492,,2.7690606197376604,1.587574806985756,
1132839019071351,2025,panoroma_fine,361142.207623885,503903.8411272457,30.809075166005442,-8.058651102678024,3.8188374497366575,gt,north,0.0,0.639871382636656,0.49915397631133673,False,0.8350563339629878,True,361142.8568050892,503905.9292794934,,2.186736391412804,1.270967089379723,
1132839019071351,2025,panoroma_two_pass,361142.207623885,503903.8411272457,30.809075166005442,-8.058651102678024,3.8188374497366575,gt,north,0.0,0.639871382636656,0.49915397631133673,False,0.8350563339629878,True,361142.8568050892,503905.9292794934,,2.186736391412804,1.270967089379723,
1132839019071351,2024,panoroma_coarse,361142.207623885,503903.8411272457,30.809075166005442,-8.058651102678024,3.8188374497366575,gt,north,0.0,0.8068592057761733,0.5528169014084507,False,1.5200974818890638,True,361140.8028861633,503905.2708173367,,2.004320788477522,6.484112728699457,
1132839019071351,2024,panoroma_fine,361142.207623885,503903.8411272457,30.809075166005442,-8.058651102678024,3.8188374497366575,gt,north,0.0,0.8068592057761733,0.5528169014084507,False,1.5200974818890638,True,361142.2849669084,503904.93298154895,,1.094590225981393,0.56066158469392,
1132839019071351,2024,panoroma_two_pass,361142.207623885,503903.8411272457,30.809075166005442,-8.058651102678024,3.8188374497366575,gt,north,0.0,0.8068592057761733,0.5528169014084507,False,1.5200974818890638,True,361142.2849669084,503904.93298154895,,1.094590225981393,0.56066158469392,
1796949328283937,2025,panoroma_coarse,361165.4447950305,503879.9005597392,49.11875024070156,-7.311398965044141,20.857311115588583,gt,north,0.0,0.7758318739054291,0.37936507936507935,False,2.877375887511502,True,361168.9593717828,503876.86155775277,,4.646265470369421,2.5047810597179128,
1796949328283937,2025,panoroma_fine,361165.4447950305,503879.9005597392,49.11875024070156,-7.311398965044141,20.857311115588583,gt,north,0.0,0.7758318739054291,0.37936507936507935,False,2.877375887511502,True,361167.2611190423,503879.184321113,,1.9524422361314229,1.6188281512665423,
1796949328283937,2025,panoroma_two_pass,361165.4447950305,503879.9005597392,49.11875024070156,-7.311398965044141,20.857311115588583,gt,north,0.0,0.7758318739054291,0.37936507936507935,False,2.877375887511502,True,361167.2611190423,503879.184321113,,1.9524422361314229,1.6188281512665423,
1796949328283937,2024,panoroma_coarse,361165.4447950305,503879.9005597392,49.11875024070156,-7.311398965044141,20.857311115588583,gt,north,0.0,0.7579505300353356,0.42625607779578606,False,3.9725403669590573,True,361168.7628367056,503877.9259501622,,3.861150546058293,2.9201661673078796,
1796949328283937,2024,panoroma_fine,361165.4447950305,503879.9005597392,49.11875024070156,-7.311398965044141,20.857311115588583,gt,north,0.0,0.7579505300353356,0.42625607779578606,False,3.9725403669590573,True,361165.8524117744,503880.6297444752,,0.8353812237927107,1.9307239196390569,
1796949328283937,2024,panoroma_two_pass,361165.4447950305,503879.9005597392,49.11875024070156,-7.311398965044141,20.857311115588583,gt,north,0.0,0.7579505300353356,0.42625607779578606,False,3.9725403669590573,True,361165.8524117744,503880.6297444752,,0.8353812237927107,1.9307239196390569,
1457053619817270,2025,panoroma_coarse,361163.461901341,503852.34058410395,137.93171992162561,-6.666266701522943,23.65700984246289,gt,north,0.0,0.746875,0.521557719054242,False,3.4559476300005127,True,361176.5562677112,503863.8899445497,,17.45995868677786,1.7599104035464297,
1457053619817270,2025,panoroma_fine,361163.461901341,503852.34058410395,137.93171992162561,-6.666266701522943,23.65700984246289,gt,north,0.0,0.746875,0.521557719054242,False,3.4559476300005127,True,361176.68259509903,503867.3435825464,,19.99691740514473,5.594542417511341,
1457053619817270,2025,panoroma_two_pass,361163.461901341,503852.34058410395,137.93171992162561,-6.666266701522943,23.65700984246289,gt,north,0.0,0.746875,0.521557719054242,False,3.4559476300005127,True,361176.68259509903,503867.3435825464,,19.99691740514473,5.594542417511341,
1457053619817270,2024,panoroma_coarse,361163.461901341,503852.34058410395,137.93171992162561,-6.666266701522943,23.65700984246289,gt,north,0.0,0.6044776119402985,0.5177111716621253,False,2.6448885642763944,True,361173.50648583955,503864.2433381562,,15.574634242164882,7.476466196515164,
1457053619817270,2024,panoroma_fine,361163.461901341,503852.34058410395,137.93171992162561,-6.666266701522943,23.65700984246289,gt,north,0.0,0.6044776119402985,0.5177111716621253,False,2.6448885642763944,True,361174.9357885125,503866.46876606706,,18.200428907252952,4.445776498986454,
1457053619817270,2024,panoroma_two_pass,361163.461901341,503852.34058410395,137.93171992162561,-6.666266701522943,23.65700984246289,gt,north,0.0,0.6044776119402985,0.5177111716621253,False,2.6448885642763944,True,361174.9357885125,503866.46876606706,,18.200428907252952,4.445776498986454,
1837757387401780,2025,panoroma_coarse,361139.2848980101,503832.87409963924,140.0515130566729,-3.9298710488354516,23.607606526840335,gt,north,0.0,0.5695538057742782,0.4171562867215041,False,3.9143456661765104,True,361146.95860912185,503835.816898464,,8.21863170788341,3.3765362623043,
1837757387401780,2025,panoroma_fine,361139.2848980101,503832.87409963924,140.0515130566729,-3.9298710488354516,23.607606526840335,gt,north,0.0,0.5695538057742782,0.4171562867215041,False,3.9143456661765104,True,361144.4303857597,503832.8285563442,,5.145689300084612,2.7526724306147003,
1837757387401780,2025,panoroma_two_pass,361139.2848980101,503832.87409963924,140.0515130566729,-3.9298710488354516,23.607606526840335,gt,north,0.0,0.5695538057742782,0.4171562867215041,False,3.9143456661765104,True,361144.4303857597,503832.8285563442,,5.145689300084612,2.7526724306147003,
1837757387401780,2024,panoroma_coarse,361139.2848980101,503832.87409963924,140.0515130566729,-3.9298710488354516,23.607606526840335,gt,north,0.0,0.4705240174672489,0.45215311004784686,False,3.597530962859369,True,361146.6981536873,503837.6104601136,,8.797128524631194,3.494977681395569,
1837757387401780,2024,panoroma_fine,361139.2848980101,503832.87409963924,140.0515130566729,-3.9298710488354516,23.607606526840335,gt,north,0.0,0.4705240174672489,0.45215311004784686,False,3.597530962859369,True,361144.9910499415,503834.44375428103,,5.918106585645083,4.829751009899375,
1837757387401780,2024,panoroma_two_pass,361139.2848980101,503832.87409963924,140.0515130566729,-3.9298710488354516,23.607606526840335,gt,north,0.0,0.4705240174672489,0.45215311004784686,False,3.597530962859369,True,361144.9910499415,503834.44375428103,,5.918106585645083,4.829751009899375,
910305541902539,2025,panoroma_coarse,361113.2990068514,503811.5212163888,139.70288319418458,-3.0993717870329647,12.135700176946136,gt,north,0.0,0.4107292539815591,0.5328467153284672,False,1.8995470364123508,True,361094.2002222967,503800.1604259012,,22.2223115802549,3.10348702295145,
910305541902539,2025,panoroma_fine,361113.2990068514,503811.5212163888,139.70288319418458,-3.0993717870329647,12.135700176946136,gt,north,0.0,0.4107292539815591,0.5328467153284672,False,1.8995470364123508,True,361092.30087603925,503800.132808193,,23.887598013151425,15.474686270673457,
910305541902539,2025,panoroma_two_pass,361113.2990068514,503811.5212163888,139.70288319418458,-3.0993717870329647,12.135700176946136,gt,north,0.0,0.4107292539815591,0.5328467153284672,False,1.8995470364123508,True,361092.30087603925,503800.132808193,,23.887598013151425,15.474686270673457,
910305541902539,2024,panoroma_coarse,361113.2990068514,503811.5212163888,139.70288319418458,-3.0993717870329647,12.135700176946136,gt,north,0.0,0.674975074775673,0.6793478260869565,False,3.2742881163854927,True,361115.1442125522,503815.3141032794,,4.217911218006713,10.020846597207866,
910305541902539,2024,panoroma_fine,361113.2990068514,503811.5212163888,139.70288319418458,-3.0993717870329647,12.135700176946136,gt,north,0.0,0.674975074775673,0.6793478260869565,False,3.2742881163854927,True,361112.77780246997,503813.0511260387,,1.616254170649116,1.1961268828564107,
910305541902539,2024,panoroma_two_pass,361113.2990068514,503811.5212163888,139.70288319418458,-3.0993717870329647,12.135700176946136,gt,north,0.0,0.674975074775673,0.6793478260869565,False,3.2742881163854927,True,361112.77780246997,503813.0511260387,,1.616254170649116,1.1961268828564107,
943623705468611,2025,panoroma_coarse,361124.27563437924,503784.4712108318,49.80342135264164,-6.015722885447353,17.02001057418736,gt,north,0.0,0.4077669902912621,0.4534653465346535,False,2.9911475657333484,True,361124.2491505985,503781.6781927979,,2.79314359250447,13.056801334285202,
943623705468611,2025,panoroma_fine,361124.27563437924,503784.4712108318,49.80342135264164,-6.015722885447353,17.02001057418736,gt,north,0.0,0.4077669902912621,0.4534653465346535,False,2.9911475657333484,True,361125.3305606944,503784.46701261355,,1.0549346687960466,1.0170960834790832,
943623705468611,2025,panoroma_two_pass,361124.27563437924,503784.4712108318,49.80342135264164,-6.015722885447353,17.02001057418736,gt,north,0.0,0.4077669902912621,0.4534653465346535,False,2.9911475657333484,True,361125.3305606944,503784.46701261355,,1.0549346687960466,1.0170960834790832,
943623705468611,2024,panoroma_coarse,361124.27563437924,503784.4712108318,49.80342135264164,-6.015722885447353,17.02001057418736,gt,north,0.0,0.5568760611205433,0.412573673870334,False,2.567722460274091,True,361122.2007501272,503781.7045108946,,3.4582905027939916,0.7965174535351335,
943623705468611,2024,panoroma_fine,361124.27563437924,503784.4712108318,49.80342135264164,-6.015722885447353,17.02001057418736,gt,north,0.0,0.5568760611205433,0.412573673870334,False,2.567722460274091,True,361124.1545917785,503783.3705545419,,1.1072920028975872,4.5427567492041625,
943623705468611,2024,panoroma_two_pass,361124.27563437924,503784.4712108318,49.80342135264164,-6.015722885447353,17.02001057418736,gt,north,0.0,0.5568760611205433,0.412573673870334,False,2.567722460274091,True,361124.1545917785,503783.3705545419,,1.1072920028975872,4.5427567492041625,
29302096676059304,2025,panoroma_coarse,361152.32174410915,503793.66742612515,319.9515651069156,4.316161634599496,13.949475893151511,gt,north,0.0,0.5718849840255591,0.38499184339314846,False,2.3086793125173877,True,361152.518134274,503792.2327887332,,1.4480171073568708,4.682325528734389,
29302096676059304,2025,panoroma_fine,361152.32174410915,503793.66742612515,319.9515651069156,4.316161634599496,13.949475893151511,gt,north,0.0,0.5718849840255591,0.38499184339314846,False,2.3086793125173877,True,361154.41643034463,503793.54674162285,,2.0981599496193217,7.271422183842732,
29302096676059304,2025,panoroma_two_pass,361152.32174410915,503793.66742612515,319.9515651069156,4.316161634599496,13.949475893151511,gt,north,0.0,0.5718849840255591,0.38499184339314846,False,2.3086793125173877,True,361154.41643034463,503793.54674162285,,2.0981599496193217,7.271422183842732,
29302096676059304,2024,panoroma_coarse,361152.32174410915,503793.66742612515,319.9515651069156,4.316161634599496,13.949475893151511,gt,north,0.0,0.6749555950266429,0.4204355108877722,False,2.5957482806712298,True,361153.5686570247,503791.4806631491,,2.5172850717393684,2.719845040308703,
29302096676059304,2024,panoroma_fine,361152.32174410915,503793.66742612515,319.9515651069156,4.316161634599496,13.949475893151511,gt,north,0.0,0.6749555950266429,0.4204355108877722,False,2.5957482806712298,True,361151.2974095983,503792.73738279357,,1.383561270319484,5.928234439006418,
29302096676059304,2024,panoroma_two_pass,361152.32174410915,503793.66742612515,319.9515651069156,4.316161634599496,13.949475893151511,gt,north,0.0,0.6749555950266429,0.4204355108877722,False,2.5957482806712298,True,361151.2974095983,503792.73738279357,,1.383561270319484,5.928234439006418,
945959455229054,2025,panoroma_coarse,361178.48574524716,503815.7914123349,319.40193817603665,5.641812144021799,27.251830454577384,gt,north,0.0,0.3592233009708738,0.4336283185840708,False,2.138164212283123,True,361147.0986615683,503831.004153278,,34.87945683158166,7.316432923111816,
945959455229054,2025,panoroma_fine,361178.48574524716,503815.7914123349,319.40193817603665,5.641812144021799,27.251830454577384,gt,north,0.0,0.3592233009708738,0.4336283185840708,False,2.138164212283123,True,361145.04379468685,503831.59514253185,,36.9881324943126,0.04742759486703087,
945959455229054,2025,panoroma_two_pass,361178.48574524716,503815.7914123349,319.40193817603665,5.641812144021799,27.251830454577384,gt,north,0.0,0.3592233009708738,0.4336283185840708,False,2.138164212283123,True,361145.04379468685,503831.59514253185,,36.9881324943126,0.04742759486703087,
945959455229054,2024,panoroma_coarse,361178.48574524716,503815.7914123349,319.40193817603665,5.641812144021799,27.251830454577384,gt,north,0.0,0.5015060240963856,0.39872408293460926,False,0.9775399921957081,True,361166.1103979871,503804.38185512763,,16.832326502064728,8.900268204680751,
945959455229054,2024,panoroma_fine,361178.48574524716,503815.7914123349,319.40193817603665,5.641812144021799,27.251830454577384,gt,north,0.0,0.5015060240963856,0.39872408293460926,False,0.9775399921957081,True,361165.557477254,503803.5757142595,,17.786607118029846,7.1578828051682155,
945959455229054,2024,panoroma_two_pass,361178.48574524716,503815.7914123349,319.40193817603665,5.641812144021799,27.251830454577384,gt,north,0.0,0.5015060240963856,0.39872408293460926,False,0.9775399921957081,True,361165.557477254,503803.5757142595,,17.786607118029846,7.1578828051682155,
1673666160842107,2025,panoroma_coarse,361202.9486604999,503836.40604008455,318.7916284373411,-6.271234669343528,15.70464143546742,gt,north,0.0,0.5954631379962193,0.4559068219633943,False,4.081308690666114,True,361204.4637714866,503832.4534067614,,4.233068802809942,10.128124315835281,
1673666160842107,2025,panoroma_fine,361202.9486604999,503836.40604008455,318.7916284373411,-6.271234669343528,15.70464143546742,gt,north,0.0,0.5954631379962193,0.4559068219633943,False,4.081308690666114,True,361206.0544897079,503836.21195650415,,3.1118874506807046,2.5412131765018615,
1673666160842107,2025,panoroma_two_pass,361202.9486604999,503836.40604008455,318.7916284373411,-6.271234669343528,15.70464143546742,gt,north,0.0,0.5954631379962193,0.4559068219633943,False,4.081308690666114,True,361206.0544897079,503836.21195650415,,3.1118874506807046,2.5412131765018615,
1673666160842107,2024,panoroma_coarse,361202.9486604999,503836.40604008455,318.7916284373411,-6.271234669343528,15.70464143546742,gt,north,0.0,0.3925,0.3925081433224756,False,2.0871321845054824,True,361185.2352782278,503816.2679854528,,26.819864948762447,6.611695085584127,
1673666160842107,2024,panoroma_fine,361202.9486604999,503836.40604008455,318.7916284373411,-6.271234669343528,15.70464143546742,gt,north,0.0,0.3925,0.3925081433224756,False,2.0871321845054824,True,361183.6482631198,503817.6235310266,,26.931171261964536,8.637080030963618,
1673666160842107,2024,panoroma_two_pass,361202.9486604999,503836.40604008455,318.7916284373411,-6.271234669343528,15.70464143546742,gt,north,0.0,0.3925,0.3925081433224756,False,2.0871321845054824,True,361183.6482631198,503817.6235310266,,26.931171261964536,8.637080030963618,
1090951123865054,2025,panoroma_coarse,361229.35377108154,503858.7442823788,319.919795509785,-0.549489801134257,16.959665045204776,gt,north,0.0,0.761744966442953,0.4937106918238994,False,1.1238701187877118,True,361232.1584834365,503858.6025797678,,2.8082896973143483,8.883616229543664,
1090951123865054,2025,panoroma_fine,361229.35377108154,503858.7442823788,319.919795509785,-0.549489801134257,16.959665045204776,gt,north,0.0,0.761744966442953,0.4937106918238994,False,1.1238701187877118,True,361231.0694818555,503858.8803559375,,1.7210983333962715,2.1225612734878005,
1090951123865054,2025,panoroma_two_pass,361229.35377108154,503858.7442823788,319.919795509785,-0.549489801134257,16.959665045204776,gt,north,0.0,0.761744966442953,0.4937106918238994,False,1.1238701187877118,True,361231.0694818555,503858.8803559375,,1.7210983333962715,2.1225612734878005,
1090951123865054,2024,panoroma_coarse,361229.35377108154,503858.7442823788,319.919795509785,-0.549489801134257,16.959665045204776,gt,north,0.0,0.7418803418803419,0.5245641838351822,False,1.0916930853670308,True,361232.2748917375,503859.7516357391,,3.0899363551952104,3.095264844793247,
1090951123865054,2024,panoroma_fine,361229.35377108154,503858.7442823788,319.919795509785,-0.549489801134257,16.959665045204776,gt,north,0.0,0.7418803418803419,0.5245641838351822,False,1.0916930853670308,True,361233.20065498666,503860.33021693403,,4.160973947635539,1.4065201843929316,
1090951123865054,2024,panoroma_two_pass,361229.35377108154,503858.7442823788,319.919795509785,-0.549489801134257,16.959665045204776,gt,north,0.0,0.7418803418803419,0.5245641838351822,False,1.0916930853670308,True,361233.20065498666,503860.33021693403,,4.160973947635539,1.4065201843929316,
2599151813871531,2025,panoroma_coarse,361254.8027265823,503880.00557597354,319.1352500356382,-7.442632084407023,12.281534146748811,gt,north,0.0,0.6412078152753108,0.3848797250859107,False,2.7369722635045455,True,361254.8600993559,503874.0442133346,,5.961638713294027,1.2971494413410392,
2599151813871531,2025,panoroma_fine,361254.8027265823,503880.00557597354,319.1352500356382,-7.442632084407023,12.281534146748811,gt,north,0.0,0.6412078152753108,0.3848797250859107,False,2.7369722635045455,True,361254.0483641694,503876.6580425483,,3.4314782067238063,1.6049780721393734,
2599151813871531,2025,panoroma_two_pass,361254.8027265823,503880.00557597354,319.1352500356382,-7.442632084407023,12.281534146748811,gt,north,0.0,0.6412078152753108,0.3848797250859107,False,2.7369722635045455,True,361254.0483641694,503876.6580425483,,3.4314782067238063,1.6049780721393734,
2599151813871531,2024,panoroma_coarse,361254.8027265823,503880.00557597354,319.1352500356382,-7.442632084407023,12.281534146748811,gt,north,0.0,0.7024029574861368,0.40932642487046633,False,3.317049923197524,True,361255.08207847265,503876.4610727222,,3.5554944490605735,6.431159630738989,
2599151813871531,2024,panoroma_fine,361254.8027265823,503880.00557597354,319.1352500356382,-7.442632084407023,12.281534146748811,gt,north,0.0,0.7024029574861368,0.40932642487046633,False,3.317049923197524,True,361256.3483250446,503879.52692330757,,1.6180182265452854,3.2320913704909078,
2599151813871531,2024,panoroma_two_pass,361254.8027265823,503880.00557597354,319.1352500356382,-7.442632084407023,12.281534146748811,gt,north,0.0,0.7024029574861368,0.40932642487046633,False,3.317049923197524,True,361256.3483250446,503879.52692330757,,1.6180182265452854,3.2320913704909078,
1597452008592561,2025,panoroma_coarse,361281.9459420293,503902.72692003846,319.49911736546557,-9.68035871207644,10.473701680738039,gt,north,0.0,0.7930434782608695,0.5773026315789473,False,1.0040668864590314,True,361281.3177981789,503901.0676246948,,1.774211299246519,0.6403667746430567,
1597452008592561,2025,panoroma_fine,361281.9459420293,503902.72692003846,319.49911736546557,-9.68035871207644,10.473701680738039,gt,north,0.0,0.7930434782608695,0.5773026315789473,False,1.0040668864590314,True,361280.3721329297,503901.405067355,,2.0552784723122843,1.0902968793602503,
1597452008592561,2025,panoroma_two_pass,361281.9459420293,503902.72692003846,319.49911736546557,-9.68035871207644,10.473701680738039,gt,north,0.0,0.7930434782608695,0.5773026315789473,False,1.0040668864590314,True,361280.3721329297,503901.405067355,,2.0552784723122843,1.0902968793602503,
1597452008592561,2024,panoroma_coarse,361281.9459420293,503902.72692003846,319.49911736546557,-9.68035871207644,10.473701680738039,gt,north,0.0,0.768566493955095,0.6030664395229983,False,0.9959331500596394,True,361282.0153122838,503900.2791356551,,2.4487671632275534,2.2172353523605977,
1597452008592561,2024,panoroma_fine,361281.9459420293,503902.72692003846,319.49911736546557,-9.68035871207644,10.473701680738039,gt,north,0.0,0.768566493955095,0.6030664395229983,False,0.9959331500596394,True,361281.2110657837,503900.8665625922,,2.000243216253197,3.4927540554039758,
1597452008592561,2024,panoroma_two_pass,361281.9459420293,503902.72692003846,319.49911736546557,-9.68035871207644,10.473701680738039,gt,north,0.0,0.768566493955095,0.6030664395229983,False,0.9959331500596394,True,361281.2110657837,503900.8665625922,,2.000243216253197,3.4927540554039758,
1591043065903450,2025,panoroma_coarse,361306.3013394185,503923.1993527394,319.37232726574774,3.222610575580063,23.29122924387973,gt,north,0.0,0.5658119658119658,0.41459369817578773,False,3.4265690223776106,True,361310.691238688,503920.1319078385,,5.355411638355208,4.611657654399309,
1591043065903450,2025,panoroma_fine,361306.3013394185,503923.1993527394,319.37232726574774,3.222610575580063,23.29122924387973,gt,north,0.0,0.5658119658119658,0.41459369817578773,False,3.4265690223776106,True,361308.2404052364,503922.5266501332,,2.0524388036156354,5.4519527338820275,
1591043065903450,2025,panoroma_two_pass,361306.3013394185,503923.1993527394,319.37232726574774,3.222610575580063,23.29122924387973,gt,north,0.0,0.5658119658119658,0.41459369817578773,False,3.4265690223776106,True,361308.2404052364,503922.5266501332,,2.0524388036156354,5.4519527338820275,
1591043065903450,2024,panoroma_coarse,361306.3013394185,503923.1993527394,319.37232726574774,3.222610575580063,23.29122924387973,gt,north,0.0,0.5582191780821918,0.46688741721854304,False,1.7264179079337887,True,361309.34334529226,503921.93045171624,,3.2960445298057364,1.3488372767446166,
1591043065903450,2024,panoroma_fine,361306.3013394185,503923.1993527394,319.37232726574774,3.222610575580063,23.29122924387973,gt,north,0.0,0.5582191780821918,0.46688741721854304,False,1.7264179079337887,True,361307.7190828344,503922.51550749195,,1.5740523230372812,0.9107179614504649,
1591043065903450,2024,panoroma_two_pass,361306.3013394185,503923.1993527394,319.37232726574774,3.222610575580063,23.29122924387973,gt,north,0.0,0.5582191780821918,0.46688741721854304,False,1.7264179079337887,True,361307.7190828344,503922.51550749195,,1.5740523230372812,0.9107179614504649,
1112966985014802,2025,panoroma_coarse,361331.9141680186,503944.78736955114,319.4289408658014,-4.960667802704165,11.004181313748436,gt,north,0.0,0.6945812807881774,0.4815340909090909,False,2.4031388036144588,True,361352.6559283193,503956.73442773253,,23.936432891338335,0.9412392133375942,
1112966985014802,2025,panoroma_fine,361331.9141680186,503944.78736955114,319.4289408658014,-4.960667802704165,11.004181313748436,gt,north,0.0,0.6945812807881774,0.4815340909090909,False,2.4031388036144588,True,361351.7399917546,503958.95616946346,,24.3683848000891,2.0759192659723262,
1112966985014802,2025,panoroma_two_pass,361331.9141680186,503944.78736955114,319.4289408658014,-4.960667802704165,11.004181313748436,gt,north,0.0,0.6945812807881774,0.4815340909090909,False,2.4031388036144588,True,361351.7399917546,503958.95616946346,,24.3683848000891,2.0759192659723262,
1112966985014802,2024,panoroma_coarse,361331.9141680186,503944.78736955114,319.4289408658014,-4.960667802704165,11.004181313748436,gt,north,0.0,0.7280405405405406,0.41324921135646686,False,1.0985331605973319,True,361351.08485643304,503958.88594212424,,23.796744375688313,4.199355771798704,
1112966985014802,2024,panoroma_fine,361331.9141680186,503944.78736955114,319.4289408658014,-4.960667802704165,11.004181313748436,gt,north,0.0,0.7280405405405406,0.41324921135646686,False,1.0985331605973319,True,361350.0930779666,503958.4135539592,,22.71883950425154,1.4392360130866022,
1112966985014802,2024,panoroma_two_pass,361331.9141680186,503944.78736955114,319.4289408658014,-4.960667802704165,11.004181313748436,gt,north,0.0,0.7280405405405406,0.41324921135646686,False,1.0985331605973319,True,361350.0930779666,503958.4135539592,,22.71883950425154,1.4392360130866022,
2366348720838280,2025,panoroma_coarse,361357.22639762436,503965.9155402966,319.33710303448834,-2.790270094327809,19.9311952713854,gt,north,0.0,0.6962699822380106,0.46703296703296704,False,1.8920768593009565,True,361358.90863913734,503962.1681681408,,4.107643434123972,3.7691678366175903,
2366348720838280,2025,panoroma_fine,361357.22639762436,503965.9155402966,319.33710303448834,-2.790270094327809,19.9311952713854,gt,north,0.0,0.6962699822380106,0.46703296703296704,False,1.8920768593009565,True,361357.2612245078,503963.0987485403,,2.817007048311357,0.6519508128050597,
2366348720838280,2025,panoroma_two_pass,361357.22639762436,503965.9155402966,319.33710303448834,-2.790270094327809,19.9311952713854,gt,north,0.0,0.6962699822380106,0.46703296703296704,False,1.8920768593009565,True,361357.2612245078,503963.0987485403,,2.817007048311357,0.6519508128050597,
2366348720838280,2024,panoroma_coarse,361357.22639762436,503965.9155402966,319.33710303448834,-2.790270094327809,19.9311952713854,gt,north,0.0,0.7309833024118738,0.46206896551724136,False,1.3025121806264988,True,361356.8514934071,503964.12515444314,,1.8292169571481662,4.802980853823144,
2366348720838280,2024,panoroma_fine,361357.22639762436,503965.9155402966,319.33710303448834,-2.790270094327809,19.9311952713854,gt,north,0.0,0.7309833024118738,0.46206896551724136,False,1.3025121806264988,True,361355.5497648562,503964.0799796679,,2.486037059438528,0.7813630175338356,
2366348720838280,2024,panoroma_two_pass,361357.22639762436,503965.9155402966,319.33710303448834,-2.790270094327809,19.9311952713854,gt,north,0.0,0.7309833024118738,0.46206896551724136,False,1.3025121806264988,True,361355.5497648562,503964.0799796679,,2.486037059438528,0.7813630175338356,
1572977703746490,2025,panoroma_coarse,361381.6841147716,503988.2561406791,315.26503124108785,-7.467504438691435,25.71821621208423,gt,north,0.0,0.5735567970204841,0.37293729372937295,False,4.177724270271853,True,361390.9937661435,503997.62006812554,,13.204269986951159,0.5232221711599833,
1572977703746490,2025,panoroma_fine,361381.6841147716,503988.2561406791,315.26503124108785,-7.467504438691435,25.71821621208423,gt,north,0.0,0.5735567970204841,0.37293729372937295,False,4.177724270271853,True,361391.17823348736,503993.4464184185,,10.820225191769621,3.4565217435589766,
1572977703746490,2025,panoroma_two_pass,361381.6841147716,503988.2561406791,315.26503124108785,-7.467504438691435,25.71821621208423,gt,north,0.0,0.5735567970204841,0.37293729372937295,False,4.177724270271853,True,361391.17823348736,503993.4464184185,,10.820225191769621,3.4565217435589766,
1572977703746490,2024,panoroma_coarse,361381.6841147716,503988.2561406791,315.26503124108785,-7.467504438691435,25.71821621208423,gt,north,0.0,0.3938053097345133,0.5111492281303602,False,4.957573588638663,True,361363.340356467,503998.00150510884,,20.771749964934635,5.7256883142915465,
1572977703746490,2024,panoroma_fine,361381.6841147716,503988.2561406791,315.26503124108785,-7.467504438691435,25.71821621208423,gt,north,0.0,0.3938053097345133,0.5111492281303602,False,4.957573588638663,True,361365.4534062833,503993.5168026259,,17.061959505027904,3.9674782253876764,
1572977703746490,2024,panoroma_two_pass,361381.6841147716,503988.2561406791,315.26503124108785,-7.467504438691435,25.71821621208423,gt,north,0.0,0.3938053097345133,0.5111492281303602,False,4.957573588638663,True,361365.4534062833,503993.5168026259,,17.061959505027904,3.9674782253876764,
1579563780527774,2025,panoroma_coarse,361404.36574653024,504011.34464292694,313.0300471049002,-1.5941689526003415,9.763494629555638,gt,north,0.0,0.7161290322580646,0.38879159369527144,False,2.2684981904066057,True,361404.45727593504,504007.835268258,,3.510568073535677,9.841169790236941,
1579563780527774,2025,panoroma_fine,361404.36574653024,504011.34464292694,313.0300471049002,-1.5941689526003415,9.763494629555638,gt,north,0.0,0.7161290322580646,0.38879159369527144,False,2.2684981904066057,True,361405.5371828565,504009.8302331902,,1.9146017646624085,0.17955966265895065,
1579563780527774,2025,panoroma_two_pass,361404.36574653024,504011.34464292694,313.0300471049002,-1.5941689526003415,9.763494629555638,gt,north,0.0,0.7161290322580646,0.38879159369527144,False,2.2684981904066057,True,361405.5371828565,504009.8302331902,,1.9146017646624085,0.17955966265895065,
1579563780527774,2024,panoroma_coarse,361404.36574653024,504011.34464292694,313.0300471049002,-1.5941689526003415,9.763494629555638,gt,north,0.0,0.4945945945945946,0.3053435114503817,False,3.567273204765746,True,361400.94008354266,504000.12545656145,,11.730528956871005,14.051668064744666,
1579563780527774,2024,panoroma_fine,361404.36574653024,504011.34464292694,313.0300471049002,-1.5941689526003415,9.763494629555638,gt,north,0.0,0.4945945945945946,0.3053435114503817,False,3.567273204765746,True,361397.483237558,503999.2447443748,,13.920361874771718,0.7395327005000308,
1579563780527774,2024,panoroma_two_pass,361404.36574653024,504011.34464292694,313.0300471049002,-1.5941689526003415,9.763494629555638,gt,north,0.0,0.4945945945945946,0.3053435114503817,False,3.567273204765746,True,361397.483237558,503999.2447443748,,13.920361874771718,0.7395327005000308,
1077445214894446,2025,panoroma_coarse,361428.2353577773,504036.8110457519,310.8947311561234,8.05048991485512,3.976917428087291,gt,north,0.0,0.3938953488372093,0.3615023474178404,False,3.398445325722882,True,361417.87620940496,504020.3037423846,,19.48853559044498,12.282855861748127,
1077445214894446,2025,panoroma_fine,361428.2353577773,504036.8110457519,310.8947311561234,8.05048991485512,3.976917428087291,gt,north,0.0,0.3938953488372093,0.3615023474178404,False,3.398445325722882,True,361417.77818752895,504023.70077378623,,16.769962451252862,14.435007548256072,
1077445214894446,2025,panoroma_two_pass,361428.2353577773,504036.8110457519,310.8947311561234,8.05048991485512,3.976917428087291,gt,north,0.0,0.3938953488372093,0.3615023474178404,False,3.398445325722882,True,361417.77818752895,504023.70077378623,,16.769962451252862,14.435007548256072,
1077445214894446,2024,panoroma_coarse,361428.2353577773,504036.8110457519,310.8947311561234,8.05048991485512,3.976917428087291,gt,north,0.0,0.4878048780487805,0.41809672386895474,False,3.7394750332012774,True,361417.8469916257,504019.40427024954,,20.271013410525264,11.13141785296889,
1077445214894446,2024,panoroma_fine,361428.2353577773,504036.8110457519,310.8947311561234,8.05048991485512,3.976917428087291,gt,north,0.0,0.4878048780487805,0.41809672386895474,False,3.7394750332012774,True,361416.41817267647,504022.8600118392,,18.283249463388696,9.343122821135896,
1077445214894446,2024,panoroma_two_pass,361428.2353577773,504036.8110457519,310.8947311561234,8.05048991485512,3.976917428087291,gt,north,0.0,0.4878048780487805,0.41809672386895474,False,3.7394750332012774,True,361416.41817267647,504022.8600118392,,18.283249463388696,9.343122821135896,
1714471442944128,2025,panoroma_coarse,361449.2520025681,504060.74706808943,311.00182836492553,6.734626208630061,6.94251102661193,gt,north,0.0,0.5306479859894921,0.41754385964912283,False,3.56241900911274,True,361448.4019848043,504051.74708780507,,9.040031820616012,5.708486523508659,
1714471442944128,2025,panoroma_fine,361449.2520025681,504060.74706808943,311.00182836492553,6.734626208630061,6.94251102661193,gt,north,0.0,0.5306479859894921,0.41754385964912283,False,3.56241900911274,True,361448.6630797193,504055.2999259159,,5.47888565134961,1.4168696490016985,
1714471442944128,2025,panoroma_two_pass,361449.2520025681,504060.74706808943,311.00182836492553,6.734626208630061,6.94251102661193,gt,north,0.0,0.5306479859894921,0.41754385964912283,False,3.56241900911274,True,361448.6630797193,504055.2999259159,,5.47888565134961,1.4168696490016985,
1714471442944128,2024,panoroma_coarse,361449.2520025681,504060.74706808943,311.00182836492553,6.734626208630061,6.94251102661193,gt,north,0.0,0.6383701188455009,0.4137323943661972,False,1.1929270257671756,True,361449.9140380048,504056.2459637823,,4.549530844286983,2.027331237710873,
1714471442944128,2024,panoroma_fine,361449.2520025681,504060.74706808943,311.00182836492553,6.734626208630061,6.94251102661193,gt,north,0.0,0.6383701188455009,0.4137323943661972,False,1.1929270257671756,True,361448.7466438393,504056.0004729452,,4.773421509552664,0.9943715629379458,
1714471442944128,2024,panoroma_two_pass,361449.2520025681,504060.74706808943,311.00182836492553,6.734626208630061,6.94251102661193,gt,north,0.0,0.6383701188455009,0.4137323943661972,False,1.1929270257671756,True,361448.7466438393,504056.0004729452,,4.773421509552664,0.9943715629379458,
1347449930528506,2025,panoroma_coarse,361472.5967279173,504087.4096917212,309.77782126276634,4.674407105501302,12.618487808285318,gt,north,0.0,0.5189681335356601,0.49038461538461536,False,3.65654693380312,True,361473.6234212455,504084.72196271643,,2.8771490043423174,2.850957193247061,
1347449930528506,2025,panoroma_fine,361472.5967279173,504087.4096917212,309.77782126276634,4.674407105501302,12.618487808285318,gt,north,0.0,0.5189681335356601,0.49038461538461536,False,3.65654693380312,True,361470.6527411429,504082.589969469,,5.1969998236939405,0.4905465315422027,
1347449930528506,2025,panoroma_two_pass,361472.5967279173,504087.4096917212,309.77782126276634,4.674407105501302,12.618487808285318,gt,north,0.0,0.5189681335356601,0.49038461538461536,False,3.65654693380312,True,361470.6527411429,504082.589969469,,5.1969998236939405,0.4905465315422027,
1347449930528506,2024,panoroma_coarse,361472.5967279173,504087.4096917212,309.77782126276634,4.674407105501302,12.618487808285318,gt,north,0.0,0.6549520766773163,0.4268707482993197,False,3.182729428095253,True,361473.3259656105,504085.1634113748,,2.3616864753509246,0.5212281562088608,
1347449930528506,2024,panoroma_fine,361472.5967279173,504087.4096917212,309.77782126276634,4.674407105501302,12.618487808285318,gt,north,0.0,0.6549520766773163,0.4268707482993197,False,3.182729428095253,True,361470.1847342434,504084.65113009396,,3.664338376082837,1.4524599448374451,
1347449930528506,2024,panoroma_two_pass,361472.5967279173,504087.4096917212,309.77782126276634,4.674407105501302,12.618487808285318,gt,north,0.0,0.6549520766773163,0.4268707482993197,False,3.182729428095253,True,361470.1847342434,504084.65113009396,,3.664338376082837,1.4524599448374451,
1413652087402340,2025,panoroma_coarse,361492.29492151755,504113.28688474465,303.597875428812,8.229073075739507,22.33911953962091,gt,north,0.0,0.5757575757575758,0.5548469387755102,False,4.39586857143628,True,361489.8272438057,504104.89561976446,,8.746585691423826,1.9917847053095104,
1413652087402340,2025,panoroma_fine,361492.29492151755,504113.28688474465,303.597875428812,8.229073075739507,22.33911953962091,gt,north,0.0,0.5757575757575758,0.5548469387755102,False,4.39586857143628,True,361491.7270254469,504108.85977039393,,4.463389678420421,0.18923246186916368,
1413652087402340,2025,panoroma_two_pass,361492.29492151755,504113.28688474465,303.597875428812,8.229073075739507,22.33911953962091,gt,north,0.0,0.5757575757575758,0.5548469387755102,False,4.39586857143628,True,361491.7270254469,504108.85977039393,,4.463389678420421,0.18923246186916368,
1413652087402340,2024,panoroma_coarse,361492.29492151755,504113.28688474465,303.597875428812,8.229073075739507,22.33911953962091,gt,north,0.0,0.497737556561086,0.49500554938956715,False,3.5234086290345488,True,361491.16869037936,504106.62130018073,,6.760060218323737,5.669837373817253,
1413652087402340,2024,panoroma_fine,361492.29492151755,504113.28688474465,303.597875428812,8.229073075739507,22.33911953962091,gt,north,0.0,0.497737556561086,0.49500554938956715,False,3.5234086290345488,True,361490.749705145,504110.11970835313,,3.5240175840851595,1.122002496661027,
1413652087402340,2024,panoroma_two_pass,361492.29492151755,504113.28688474465,303.597875428812,8.229073075739507,22.33911953962091,gt,north,0.0,0.497737556561086,0.49500554938956715,False,3.5234086290345488,True,361490.749705145,504110.11970835313,,3.5240175840851595,1.122002496661027,
921953573931750,2025,panoroma_coarse,361509.1497128202,504141.219079501,297.86871804825813,3.041536533574515,6.250142008424994,gt,north,0.0,0.4909670563230606,0.4318429661941112,False,3.492391213291924,True,361510.7870784182,504138.95880976,,2.7910187035574316,3.2671818412415212,
921953573931750,2025,panoroma_fine,361509.1497128202,504141.219079501,297.86871804825813,3.041536533574515,6.250142008424994,gt,north,0.0,0.4909670563230606,0.4318429661941112,False,3.492391213291924,True,361507.5392020697,504137.6750279984,,3.892819791686158,6.358610644077983,
921953573931750,2025,panoroma_two_pass,361509.1497128202,504141.219079501,297.86871804825813,3.041536533574515,6.250142008424994,gt,north,0.0,0.4909670563230606,0.4318429661941112,False,3.492391213291924,True,361507.5392020697,504137.6750279984,,3.892819791686158,6.358610644077983,
921953573931750,2024,panoroma_coarse,361509.1497128202,504141.219079501,297.86871804825813,3.041536533574515,6.250142008424994,gt,north,0.0,0.5452898550724637,0.42134831460674155,False,1.5500256700036128,True,361508.30462991167,504137.38634551316,,3.924794891933023,0.26427661476180253,
921953573931750,2024,panoroma_fine,361509.1497128202,504141.219079501,297.86871804825813,3.041536533574515,6.250142008424994,gt,north,0.0,0.5452898550724637,0.42134831460674155,False,1.5500256700036128,True,361506.75960609724,504137.5107681423,,4.411823124302337,5.003492857180744,
921953573931750,2024,panoroma_two_pass,361509.1497128202,504141.219079501,297.86871804825813,3.041536533574515,6.250142008424994,gt,north,0.0,0.5452898550724637,0.42134831460674155,False,1.5500256700036128,True,361506.75960609724,504137.5107681423,,4.411823124302337,5.003492857180744,
1403478994512518,2025,panoroma_coarse,361523.51524609205,504173.20255651977,288.43829113615783,1.6537922372540947,14.866719494006015,gt,north,0.0,0.6459627329192547,0.4191449814126394,False,0.5903763514761364,True,361520.95227396145,504170.7297601777,,3.5613969017055167,9.272014875055586,
1403478994512518,2025,panoroma_fine,361523.51524609205,504173.20255651977,288.43829113615783,1.6537922372540947,14.866719494006015,gt,north,0.0,0.6459627329192547,0.4191449814126394,False,0.5903763514761364,True,361521.4356331397,504170.3907791441,,3.4972677967419417,1.0215994804316644,
1403478994512518,2025,panoroma_two_pass,361523.51524609205,504173.20255651977,288.43829113615783,1.6537922372540947,14.866719494006015,gt,north,0.0,0.6459627329192547,0.4191449814126394,False,0.5903763514761364,True,361521.4356331397,504170.3907791441,,3.4972677967419417,1.0215994804316644,
1403478994512518,2024,panoroma_coarse,361523.51524609205,504173.20255651977,288.43829113615783,1.6537922372540947,14.866719494006015,gt,north,0.0,0.640625,0.5146198830409356,False,0.9014640730583107,True,361520.39836807345,504168.61549077573,,5.545818309587609,4.683262744579567,
1403478994512518,2024,panoroma_fine,361523.51524609205,504173.20255651977,288.43829113615783,1.6537922372540947,14.866719494006015,gt,north,0.0,0.640625,0.5146198830409356,False,0.9014640730583107,True,361520.6977823997,504167.76520345005,,6.12396195794992,0.9527642633381009,
1403478994512518,2024,panoroma_two_pass,361523.51524609205,504173.20255651977,288.43829113615783,1.6537922372540947,14.866719494006015,gt,north,0.0,0.640625,0.5146198830409356,False,0.9014640730583107,True,361520.6977823997,504167.76520345005,,6.12396195794992,0.9527642633381009,
1794731371773449,2025,panoroma_coarse,361531.8882455436,504204.8006149186,281.7546367960357,-6.150188741466479,5.99396090142357,gt,north,0.0,0.4150641025641026,0.45027624309392267,False,2.8970592855387376,True,361540.13295950345,504186.59024709207,,19.989817524351718,8.548360624208467,
1794731371773449,2025,panoroma_fine,361531.8882455436,504204.8006149186,281.7546367960357,-6.150188741466479,5.99396090142357,gt,north,0.0,0.4150641025641026,0.45027624309392267,False,2.8970592855387376,True,361538.9705056594,504189.2438585113,,17.093012556683473,0.667560226681114,
1794731371773449,2025,panoroma_two_pass,361531.8882455436,504204.8006149186,281.7546367960357,-6.150188741466479,5.99396090142357,gt,north,0.0,0.4150641025641026,0.45027624309392267,False,2.8970592855387376,True,361538.9705056594,504189.2438585113,,17.093012556683473,0.667560226681114,
1794731371773449,2024,panoroma_coarse,361531.8882455436,504204.8006149186,281.7546367960357,-6.150188741466479,5.99396090142357,gt,north,0.0,0.5159165751920965,0.6003184713375797,False,4.012397043660519,True,361511.58460571105,504185.0349809094,,28.335809115591186,4.026132867794449,
1794731371773449,2024,panoroma_fine,361531.8882455436,504204.8006149186,281.7546367960357,-6.150188741466479,5.99396090142357,gt,north,0.0,0.5159165751920965,0.6003184713375797,False,4.012397043660519,True,361511.52303503384,504181.02305629797,,31.306773916562456,2.831579514991151,
1794731371773449,2024,panoroma_two_pass,361531.8882455436,504204.8006149186,281.7546367960357,-6.150188741466479,5.99396090142357,gt,north,0.0,0.5159165751920965,0.6003184713375797,False,4.012397043660519,True,361511.52303503384,504181.02305629797,,31.306773916562456,2.831579514991151,
3059374137740657,2025,panoroma_coarse,361537.029446159,504237.8977794815,274.71356777171735,2.940754486831679,19.038467885016086,gt,north,0.0,0.4227129337539432,0.287317620650954,False,5.164047249848567,True,361531.79243534565,504234.8258265376,,6.07150534453694,5.618110114543824,
3059374137740657,2025,panoroma_fine,361537.029446159,504237.8977794815,274.71356777171735,2.940754486831679,19.038467885016086,gt,north,0.0,0.4227129337539432,0.287317620650954,False,5.164047249848567,True,361526.7931521186,504233.5317820194,,11.128506167508464,7.5031026715709075,
3059374137740657,2025,panoroma_two_pass,361537.029446159,504237.8977794815,274.71356777171735,2.940754486831679,19.038467885016086,gt,north,0.0,0.4227129337539432,0.287317620650954,False,5.164047249848567,True,361526.7931521186,504233.5317820194,,11.128506167508464,7.5031026715709075,
3059374137740657,2024,panoroma_coarse,361537.029446159,504237.8977794815,274.71356777171735,2.940754486831679,19.038467885016086,gt,north,0.0,0.647693817468106,0.34024896265560167,False,5.869511699082904,True,361530.3178735066,504235.47769894364,,7.134563566104848,0.013928011338000037,
3059374137740657,2024,panoroma_fine,361537.029446159,504237.8977794815,274.71356777171735,2.940754486831679,19.038467885016086,gt,north,0.0,0.647693817468106,0.34024896265560167,False,5.869511699082904,True,361524.59955901135,504236.8013480358,,12.478151161894898,0.43651193989423126,
3059374137740657,2024,panoroma_two_pass,361537.029446159,504237.8977794815,274.71356777171735,2.940754486831679,19.038467885016086,gt,north,0.0,0.647693817468106,0.34024896265560167,False,5.869511699082904,True,361524.59955901135,504236.8013480358,,12.478151161894898,0.43651193989423126,
1613002776844852,2025,panoroma_coarse,361536.4232422584,504266.85521835927,272.2808270468631,-7.299063866086158,25.477756663519706,gt,north,0.0,0.45725915875169604,0.3840155945419103,False,3.571745455863174,True,361534.28428986814,504264.33423940913,,3.3061234391238288,0.5966478196613699,
1613002776844852,2025,panoroma_fine,361536.4232422584,504266.85521835927,272.2808270468631,-7.299063866086158,25.477756663519706,gt,north,0.0,0.45725915875169604,0.3840155945419103,False,3.571745455863174,True,361537.32376866345,504266.21012166934,,1.1077443502909454,6.157784929709378,
1613002776844852,2025,panoroma_two_pass,361536.4232422584,504266.85521835927,272.2808270468631,-7.299063866086158,25.477756663519706,gt,north,0.0,0.45725915875169604,0.3840155945419103,False,3.571745455863174,True,361537.32376866345,504266.21012166934,,1.1077443502909454,6.157784929709378,
1613002776844852,2024,panoroma_coarse,361536.4232422584,504266.85521835927,272.2808270468631,-7.299063866086158,25.477756663519706,gt,north,0.0,0.47581903276131043,0.421875,False,3.0879323563178853,True,361533.8134709333,504266.5633173175,,2.6260450467152916,8.487715938422026,
1613002776844852,2024,panoroma_fine,361536.4232422584,504266.85521835927,272.2808270468631,-7.299063866086158,25.477756663519706,gt,north,0.0,0.47581903276131043,0.421875,False,3.0879323563178853,True,361536.71648199105,504265.5107713396,,1.3760549878406918,2.44472308206775,
1613002776844852,2024,panoroma_two_pass,361536.4232422584,504266.85521835927,272.2808270468631,-7.299063866086158,25.477756663519706,gt,north,0.0,0.47581903276131043,0.421875,False,3.0879323563178853,True,361536.71648199105,504265.5107713396,,1.3760549878406918,2.44472308206775,
981836188268787,2025,panoroma_coarse,361538.0477937769,504300.5927658677,272.513291319393,-7.182659188113973,9.522425563158581,gt,north,0.0,0.5095238095238095,0.41846153846153844,False,4.233997417991713,True,361541.8480920024,504302.3343077706,,4.180339077409423,6.420043363429184,
981836188268787,2025,panoroma_fine,361538.0477937769,504300.5927658677,272.513291319393,-7.182659188113973,9.522425563158581,gt,north,0.0,0.5095238095238095,0.41846153846153844,False,4.233997417991713,True,361538.2255803196,504304.52614335826,,3.9373933684549556,2.670359146378471,
981836188268787,2025,panoroma_two_pass,361538.0477937769,504300.5927658677,272.513291319393,-7.182659188113973,9.522425563158581,gt,north,0.0,0.5095238095238095,0.41846153846153844,False,4.233997417991713,True,361538.2255803196,504304.52614335826,,3.9373933684549556,2.670359146378471,
981836188268787,2024,panoroma_coarse,361538.0477937769,504300.5927658677,272.513291319393,-7.182659188113973,9.522425563158581,gt,north,0.0,0.5115089514066496,0.4798206278026906,False,2.697264096865897,True,361541.0290443944,504300.90189047874,,2.997234270016047,18.052965489375758,
981836188268787,2024,panoroma_fine,361538.0477937769,504300.5927658677,272.513291319393,-7.182659188113973,9.522425563158581,gt,north,0.0,0.5115089514066496,0.4798206278026906,False,2.697264096865897,True,361538.336628938,504300.7402346146,,0.3243035330938138,1.225177054661611,
981836188268787,2024,panoroma_two_pass,361538.0477937769,504300.5927658677,272.513291319393,-7.182659188113973,9.522425563158581,gt,north,0.0,0.5115089514066496,0.4798206278026906,False,2.697264096865897,True,361538.336628938,504300.7402346146,,0.3243035330938138,1.225177054661611,
1093658489977921,2025,panoroma_coarse,361539.8923210439,504335.836993712,272.28727856222014,9.904899376608512,14.66003649103303,gt,north,0.0,0.5991847826086957,0.4897360703812317,False,4.674725185611079,True,361544.94327896094,504333.66414260713,,5.498495958338392,0.29814331620422485,
1093658489977921,2025,panoroma_fine,361539.8923210439,504335.836993712,272.28727856222014,9.904899376608512,14.66003649103303,gt,north,0.0,0.5991847826086957,0.4897360703812317,False,4.674725185611079,True,361540.3965120003,504334.75040489907,,1.1978663401755274,0.9707016643927228,
1093658489977921,2025,panoroma_two_pass,361539.8923210439,504335.836993712,272.28727856222014,9.904899376608512,14.66003649103303,gt,north,0.0,0.5991847826086957,0.4897360703812317,False,4.674725185611079,True,361540.3965120003,504334.75040489907,,1.1978663401755274,0.9707016643927228,
1093658489977921,2024,panoroma_coarse,361539.8923210439,504335.836993712,272.28727856222014,9.904899376608512,14.66003649103303,gt,north,0.0,0.6319444444444444,0.49079754601226994,False,2.8431337833620516,True,361542.71013305784,504333.14410114364,,3.89765762102954,1.3510513510637996,
1093658489977921,2024,panoroma_fine,361539.8923210439,504335.836993712,272.28727856222014,9.904899376608512,14.66003649103303,gt,north,0.0,0.6319444444444444,0.49079754601226994,False,2.8431337833620516,True,361539.9583938751,504332.42901990324,,3.4086142492546325,3.3642764098814473,
1093658489977921,2024,panoroma_two_pass,361539.8923210439,504335.836993712,272.28727856222014,9.904899376608512,14.66003649103303,gt,north,0.0,0.6319444444444444,0.49079754601226994,False,2.8431337833620516,True,361539.9583938751,504332.42901990324,,3.4086142492546325,3.3642764098814473,
1619687222851775,2025,panoroma_coarse,361541.55438086914,504368.50681948196,272.37270993829156,5.896318191475984,16.958902953093734,gt,north,0.0,0.48856799037304455,0.5100286532951289,False,1.1552656214990296,True,361543.2977485241,504385.2135045049,,16.79740025228138,5.950589852337918,
1619687222851775,2025,panoroma_fine,361541.55438086914,504368.50681948196,272.37270993829156,5.896318191475984,16.958902953093734,gt,north,0.0,0.48856799037304455,0.5100286532951289,False,1.1552656214990296,True,361542.53134259844,504386.07794687623,,17.598266168184093,2.754771485334978,
1619687222851775,2025,panoroma_two_pass,361541.55438086914,504368.50681948196,272.37270993829156,5.896318191475984,16.958902953093734,gt,north,0.0,0.48856799037304455,0.5100286532951289,False,1.1552656214990296,True,361542.53134259844,504386.07794687623,,17.598266168184093,2.754771485334978,
1619687222851775,2024,panoroma_coarse,361541.55438086914,504368.50681948196,272.37270993829156,5.896318191475984,16.958902953093734,gt,north,0.0,0.7130541871921182,0.4887323943661972,False,1.2973767219492456,True,361541.37258885254,504368.0327255105,,0.5077533171712709,4.200454117912126,
1619687222851775,2024,panoroma_fine,361541.55438086914,504368.50681948196,272.37270993829156,5.896318191475984,16.958902953093734,gt,north,0.0,0.7130541871921182,0.4887323943661972,False,1.2973767219492456,True,361541.4179354443,504369.32930950134,,0.8337308834020225,2.343042645983887,
1619687222851775,2024,panoroma_two_pass,361541.55438086914,504368.50681948196,272.37270993829156,5.896318191475984,16.958902953093734,gt,north,0.0,0.7130541871921182,0.4887323943661972,False,1.2973767219492456,True,361541.4179354443,504369.32930950134,,0.8337308834020225,2.343042645983887,
1391865393135267,2025,panoroma_coarse,361544.367099523,504400.577955069,277.8347799880502,-3.973653395355086,3.292530676545595,gt,north,0.0,0.45424107142857145,0.4189873417721519,False,1.9390216036199697,True,361548.0261792546,504403.9703034106,,4.989678521965162,0.31971731253039276,
1391865393135267,2025,panoroma_fine,361544.367099523,504400.577955069,277.8347799880502,-3.973653395355086,3.292530676545595,gt,north,0.0,0.45424107142857145,0.4189873417721519,False,1.9390216036199697,True,361546.37718521483,504402.950193889,,3.109334576292631,0.8623428606535382,
1391865393135267,2025,panoroma_two_pass,361544.367099523,504400.577955069,277.8347799880502,-3.973653395355086,3.292530676545595,gt,north,0.0,0.45424107142857145,0.4189873417721519,False,1.9390216036199697,True,361546.37718521483,504402.950193889,,3.109334576292631,0.8623428606535382,
1391865393135267,2024,panoroma_coarse,361544.367099523,504400.577955069,277.8347799880502,-3.973653395355086,3.292530676545595,gt,north,0.0,0.6056149732620321,0.492772667542707,False,1.0977603022904974,True,361545.36103346955,504403.4996294438,,3.0861117676344083,1.6762843511788188,
1391865393135267,2024,panoroma_fine,361544.367099523,504400.577955069,277.8347799880502,-3.973653395355086,3.292530676545595,gt,north,0.0,0.6056149732620321,0.492772667542707,False,1.0977603022904974,True,361546.3583347482,504403.04086170206,,3.1671638424657313,0.5068595789350373,
1391865393135267,2024,panoroma_two_pass,361544.367099523,504400.577955069,277.8347799880502,-3.973653395355086,3.292530676545595,gt,north,0.0,0.6056149732620321,0.492772667542707,False,1.0977603022904974,True,361546.3583347482,504403.04086170206,,3.1671638424657313,0.5068595789350373,
1316675827064189,2025,panoroma_coarse,361552.2189105195,504434.41134184506,287.1074839647609,-8.711957542347193,20.80738963306581,gt,north,0.0,0.6085858585858586,0.34350132625994695,False,1.3224306992842918,True,361555.2969280003,504438.85292224947,,5.403871584418324,0.8565474323813537,
1316675827064189,2025,panoroma_fine,361552.2189105195,504434.41134184506,287.1074839647609,-8.711957542347193,20.80738963306581,gt,north,0.0,0.6085858585858586,0.34350132625994695,False,1.3224306992842918,True,361553.9863148629,504439.0293199777,,4.944637514162791,1.2646263739677057,
1316675827064189,2025,panoroma_two_pass,361552.2189105195,504434.41134184506,287.1074839647609,-8.711957542347193,20.80738963306581,gt,north,0.0,0.6085858585858586,0.34350132625994695,False,1.3224306992842918,True,361553.9863148629,504439.0293199777,,4.944637514162791,1.2646263739677057,
1316675827064189,2024,panoroma_coarse,361552.2189105195,504434.41134184506,287.1074839647609,-8.711957542347193,20.80738963306581,gt,north,0.0,0.5221556886227545,0.26243093922651933,False,3.234682188964292,True,361551.56652634265,504441.2129997066,,6.832873098483846,3.377886730020839,
1316675827064189,2024,panoroma_fine,361552.2189105195,504434.41134184506,287.1074839647609,-8.711957542347193,20.80738963306581,gt,north,0.0,0.5221556886227545,0.26243093922651933,False,3.234682188964292,True,361554.7432396026,504440.60335905204,,6.68680150829366,2.6277171107599875,
1316675827064189,2024,panoroma_two_pass,361552.2189105195,504434.41134184506,287.1074839647609,-8.711957542347193,20.80738963306581,gt,north,0.0,0.5221556886227545,0.26243093922651933,False,3.234682188964292,True,361554.7432396026,504440.60335905204,,6.68680150829366,2.6277171107599875,
28263711263284815,2025,panoroma_coarse,361563.71273511497,504464.28748197947,292.85422022979816,-1.1825195596875346,21.60799338112897,gt,north,0.0,0.6398809523809523,0.35346097201767307,False,4.305887482426431,True,361567.30913666525,504461.2833289317,,4.686047337059667,1.3532225287884463,
28263711263284815,2025,panoroma_fine,361563.71273511497,504464.28748197947,292.85422022979816,-1.1825195596875346,21.60799338112897,gt,north,0.0,0.6398809523809523,0.35346097201767307,False,4.305887482426431,True,361563.905785303,504463.92110574496,,0.4141254885961541,1.0151825475007796,
28263711263284815,2025,panoroma_two_pass,361563.71273511497,504464.28748197947,292.85422022979816,-1.1825195596875346,21.60799338112897,gt,north,0.0,0.6398809523809523,0.35346097201767307,False,4.305887482426431,True,361563.905785303,504463.92110574496,,0.4141254885961541,1.0151825475007796,
28263711263284815,2024,panoroma_coarse,361563.71273511497,504464.28748197947,292.85422022979816,-1.1825195596875346,21.60799338112897,gt,north,0.0,0.6311475409836066,0.4553846153846154,False,2.6410155957161434,True,361565.70080499153,504464.48527325224,,1.9978846867830324,4.929956507428801,
28263711263284815,2024,panoroma_fine,361563.71273511497,504464.28748197947,292.85422022979816,-1.1825195596875346,21.60799338112897,gt,north,0.0,0.6311475409836066,0.4553846153846154,False,2.6410155957161434,True,361563.38537634036,504463.214937258,,1.121390184942534,0.165130193641273,
28263711263284815,2024,panoroma_two_pass,361563.71273511497,504464.28748197947,292.85422022979816,-1.1825195596875346,21.60799338112897,gt,north,0.0,0.6311475409836066,0.4553846153846154,False,2.6410155957161434,True,361563.38537634036,504463.214937258,,1.121390184942534,0.165130193641273,
3489296377898570,2025,panoroma_coarse,361571.625468986,504493.47068203054,299.5680585925597,4.646418907159841,31.05471874169141,gt,north,0.0,0.44168734491315137,0.37630662020905925,False,3.97486978711978,True,361561.13379482646,504452.2340299559,,42.55040188996468,1.3384729184003872,
3489296377898570,2025,panoroma_fine,361571.625468986,504493.47068203054,299.5680585925597,4.646418907159841,31.05471874169141,gt,north,0.0,0.44168734491315137,0.37630662020905925,False,3.97486978711978,True,361557.1590681391,504452.2003018491,,43.7323796949502,0.7307927968499688,
3489296377898570,2025,panoroma_two_pass,361571.625468986,504493.47068203054,299.5680585925597,4.646418907159841,31.05471874169141,gt,north,0.0,0.44168734491315137,0.37630662020905925,False,3.97486978711978,True,361557.1590681391,504452.2003018491,,43.7323796949502,0.7307927968499688,
3489296377898570,2024,panoroma_coarse,361571.625468986,504493.47068203054,299.5680585925597,4.646418907159841,31.05471874169141,gt,north,0.0,0.4289044289044289,0.3956228956228956,False,2.1945198937119677,True,361573.1119008243,504481.8098933013,,11.755146677027545,7.226019941994668,
3489296377898570,2024,panoroma_fine,361571.625468986,504493.47068203054,299.5680585925597,4.646418907159841,31.05471874169141,gt,north,0.0,0.4289044289044289,0.3956228956228956,False,2.1945198937119677,True,361573.8127099351,504483.88950484054,,9.827663980612396,3.797913334196666,
3489296377898570,2024,panoroma_two_pass,361571.625468986,504493.47068203054,299.5680585925597,4.646418907159841,31.05471874169141,gt,north,0.0,0.4289044289044289,0.3956228956228956,False,2.1945198937119677,True,361573.8127099351,504483.88950484054,,9.827663980612396,3.797913334196666,
1131727186478749,2025,panoroma_coarse,361588.8523000926,504518.82913805824,307.4974744287967,4.978490127356963,12.992740716188614,gt,north,0.0,0.3912568306010929,0.4234620886981402,False,2.5003687662500123,True,361583.5169361889,504496.5204923133,,22.93778068944479,8.671377501680945,
1131727186478749,2025,panoroma_fine,361588.8523000926,504518.82913805824,307.4974744287967,4.978490127356963,12.992740716188614,gt,north,0.0,0.3912568306010929,0.4234620886981402,False,2.5003687662500123,True,361581.24045634345,504497.5546506573,,22.595220278508382,2.3429328728160317,
1131727186478749,2025,panoroma_two_pass,361588.8523000926,504518.82913805824,307.4974744287967,4.978490127356963,12.992740716188614,gt,north,0.0,0.3912568306010929,0.4234620886981402,False,2.5003687662500123,True,361581.24045634345,504497.5546506573,,22.595220278508382,2.3429328728160317,
1131727186478749,2024,panoroma_coarse,361588.8523000926,504518.82913805824,307.4974744287967,4.978490127356963,12.992740716188614,gt,north,0.0,0.3684210526315789,0.39920948616600793,False,3.9704157947587677,True,361589.6833025978,504512.8732915443,,6.013540792323721,6.086882686634953,
1131727186478749,2024,panoroma_fine,361588.8523000926,504518.82913805824,307.4974744287967,4.978490127356963,12.992740716188614,gt,north,0.0,0.3684210526315789,0.39920948616600793,False,3.9704157947587677,True,361592.96515796613,504515.1079340045,,5.5464366486519125,2.0503452761345513,
1131727186478749,2024,panoroma_two_pass,361588.8523000926,504518.82913805824,307.4974744287967,4.978490127356963,12.992740716188614,gt,north,0.0,0.3684210526315789,0.39920948616600793,False,3.9704157947587677,True,361592.96515796613,504515.1079340045,,5.5464366486519125,2.0503452761345513,
1599642875223994,2025,panoroma_coarse,361610.9469463425,504543.66361937486,313.92116788058945,-0.5885879537345886,16.26362682875061,gt,north,0.0,0.4674657534246575,0.299645390070922,False,4.436345235061258,True,361611.0673232573,504542.6348784765,,1.0357598358539208,6.409024033247729,
1599642875223994,2025,panoroma_fine,361610.9469463425,504543.66361937486,313.92116788058945,-0.5885879537345886,16.26362682875061,gt,north,0.0,0.4674657534246575,0.299645390070922,False,4.436345235061258,True,361615.5033970231,504542.58580110007,,4.682193400339184,4.0222291725401185,
1599642875223994,2025,panoroma_two_pass,361610.9469463425,504543.66361937486,313.92116788058945,-0.5885879537345886,16.26362682875061,gt,north,0.0,0.4674657534246575,0.299645390070922,False,4.436345235061258,True,361615.5033970231,504542.58580110007,,4.682193400339184,4.0222291725401185,
1599642875223994,2024,panoroma_coarse,361610.9469463425,504543.66361937486,313.92116788058945,-0.5885879537345886,16.26362682875061,gt,north,0.0,0.5959752321981424,0.4112,False,2.4057678704552097,True,361615.42747074226,504542.8845610501,,4.547750077832475,15.366648433414149,
1599642875223994,2024,panoroma_fine,361610.9469463425,504543.66361937486,313.92116788058945,-0.5885879537345886,16.26362682875061,gt,north,0.0,0.5959752321981424,0.4112,False,2.4057678704552097,True,361616.7365824259,504540.8661592947,,6.430059788102467,9.218037177488931,
1599642875223994,2024,panoroma_two_pass,361610.9469463425,504543.66361937486,313.92116788058945,-0.5885879537345886,16.26362682875061,gt,north,0.0,0.5959752321981424,0.4112,False,2.4057678704552097,True,361616.7365824259,504540.8661592947,,6.430059788102467,9.218037177488931,
1073713638614184,2025,panoroma_coarse,361636.8629086914,504567.6693398636,318.45576423936296,-6.625193360644289,7.870400249050183,gt,north,0.0,0.6822784810126582,0.5105708245243129,False,4.905974150341774,True,361624.9393380915,504544.7371142927,,25.846827764440942,11.294803727627803,
1073713638614184,2025,panoroma_fine,361636.8629086914,504567.6693398636,318.45576423936296,-6.625193360644289,7.870400249050183,gt,north,0.0,0.6822784810126582,0.5105708245243129,False,4.905974150341774,True,361620.23805826204,504543.3347768408,,29.47128448690071,6.290904422816835,
1073713638614184,2025,panoroma_two_pass,361636.8629086914,504567.6693398636,318.45576423936296,-6.625193360644289,7.870400249050183,gt,north,0.0,0.6822784810126582,0.5105708245243129,False,4.905974150341774,True,361620.23805826204,504543.3347768408,,29.47128448690071,6.290904422816835,
1073713638614184,2024,panoroma_coarse,361636.8629086914,504567.6693398636,318.45576423936296,-6.625193360644289,7.870400249050183,gt,north,0.0,0.5736585365853658,0.45878136200716846,False,2.7629749770073944,True,361624.3905393326,504545.9713210059,,25.02726552724486,0.28570436723472376,
1073713638614184,2024,panoroma_fine,361636.8629086914,504567.6693398636,318.45576423936296,-6.625193360644289,7.870400249050183,gt,north,0.0,0.5736585365853658,0.45878136200716846,False,2.7629749770073944,True,361621.75400905806,504546.7976011249,,25.766418573518457,9.465731623594829,
1073713638614184,2024,panoroma_two_pass,361636.8629086914,504567.6693398636,318.45576423936296,-6.625193360644289,7.870400249050183,gt,north,0.0,0.5736585365853658,0.45878136200716846,False,2.7629749770073944,True,361621.75400905806,504546.7976011249,,25.766418573518457,9.465731623594829,
1120440463974740,2025,panoroma_coarse,361660.74811106944,504589.6475856835,311.0860382163991,-4.294805491446198,22.095073244316996,gt,north,0.0,0.6542056074766355,0.36629213483146067,False,1.412103369862488,True,361666.0766214947,504588.0027850362,,5.576593272032009,0.4159361192862819,
1120440463974740,2025,panoroma_fine,361660.74811106944,504589.6475856835,311.0860382163991,-4.294805491446198,22.095073244316996,gt,north,0.0,0.6542056074766355,0.36629213483146067,False,1.412103369862488,True,361666.6510261051,504586.71278686926,,6.5922264826346675,1.1193880135153005,
1120440463974740,2025,panoroma_two_pass,361660.74811106944,504589.6475856835,311.0860382163991,-4.294805491446198,22.095073244316996,gt,north,0.0,0.6542056074766355,0.36629213483146067,False,1.412103369862488,True,361666.6510261051,504586.71278686926,,6.5922264826346675,1.1193880135153005,
1120440463974740,2024,panoroma_coarse,361660.74811106944,504589.6475856835,311.0860382163991,-4.294805491446198,22.095073244316996,gt,north,0.0,0.6506300114547537,0.3664670658682635,False,0.9812623279634466,True,361668.1276749922,504587.18610969046,,7.779256246867869,2.74298002467114,
1120440463974740,2024,panoroma_fine,361660.74811106944,504589.6475856835,311.0860382163991,-4.294805491446198,22.095073244316996,gt,north,0.0,0.6506300114547537,0.3664670658682635,False,0.9812623279634466,True,361667.27453057515,504587.67089867545,,6.819196660333251,2.834026885603765,
1120440463974740,2024,panoroma_two_pass,361660.74811106944,504589.6475856835,311.0860382163991,-4.294805491446198,22.095073244316996,gt,north,0.0,0.6506300114547537,0.3664670658682635,False,0.9812623279634466,True,361667.27453057515,504587.67089867545,,6.819196660333251,2.834026885603765,
1396740292671110,2025,panoroma_coarse,361683.0279493844,504613.3827825114,318.1565499517186,-5.243072536293141,6.705064392208142,gt,north,0.0,0.489322191272052,0.39895287958115183,False,1.0043416971639563,True,361686.71391471766,504606.84123622166,,7.508539691503026,2.0481000615961418,
1396740292671110,2025,panoroma_fine,361683.0279493844,504613.3827825114,318.1565499517186,-5.243072536293141,6.705064392208142,gt,north,0.0,0.489322191272052,0.39895287958115183,False,1.0043416971639563,True,361685.93079053424,504607.47005953384,,6.586864181893144,4.154923212251719,
1396740292671110,2025,panoroma_two_pass,361683.0279493844,504613.3827825114,318.1565499517186,-5.243072536293141,6.705064392208142,gt,north,0.0,0.489322191272052,0.39895287958115183,False,1.0043416971639563,True,361685.93079053424,504607.47005953384,,6.586864181893144,4.154923212251719,
1396740292671110,2024,panoroma_coarse,361683.0279493844,504613.3827825114,318.1565499517186,-5.243072536293141,6.705064392208142,gt,north,0.0,0.6205227492739593,0.4215991692627207,False,1.8816513239849895,True,361685.6233692651,504607.81307589344,,6.144740528892053,2.654969023398239,
1396740292671110,2024,panoroma_fine,361683.0279493844,504613.3827825114,318.1565499517186,-5.243072536293141,6.705064392208142,gt,north,0.0,0.6205227492739593,0.4215991692627207,False,1.8816513239849895,True,361687.2368492427,504608.7812153808,,6.2361252452534774,2.8896307289086427,
1396740292671110,2024,panoroma_two_pass,361683.0279493844,504613.3827825114,318.1565499517186,-5.243072536293141,6.705064392208142,gt,north,0.0,0.6205227492739593,0.4215991692627207,False,1.8816513239849895,True,361687.2368492427,504608.7812153808,,6.2361252452534774,2.8896307289086427,
1100290906086001,2025,panoroma_coarse,361707.85448543716,504638.3282890087,290.3221943299974,6.408059954103123,18.034100514463145,gt,north,0.0,0.6724436741767764,0.4436229205175601,False,0.23795905422045763,True,361709.66034734243,504633.91042911896,,4.772695593300686,7.3132605349832085,
1100290906086001,2025,panoroma_fine,361707.85448543716,504638.3282890087,290.3221943299974,6.408059954103123,18.034100514463145,gt,north,0.0,0.6724436741767764,0.4436229205175601,False,0.23795905422045763,True,361709.8262106592,504633.7398012442,,4.994188654409199,1.61834678526114,
1100290906086001,2025,panoroma_two_pass,361707.85448543716,504638.3282890087,290.3221943299974,6.408059954103123,18.034100514463145,gt,north,0.0,0.6724436741767764,0.4436229205175601,False,0.23795905422045763,True,361709.8262106592,504633.7398012442,,4.994188654409199,1.61834678526114,
1100290906086001,2024,panoroma_coarse,361707.85448543716,504638.3282890087,290.3221943299974,6.408059954103123,18.034100514463145,gt,north,0.0,0.7225325884543762,0.4275491949910555,False,0.40949162331535055,True,361709.7341133252,504633.2482886611,,5.416586058471211,0.15827120127710104,
1100290906086001,2024,panoroma_fine,361707.85448543716,504638.3282890087,290.3221943299974,6.408059954103123,18.034100514463145,gt,north,0.0,0.7225325884543762,0.4275491949910555,False,0.40949162331535055,True,361709.327946164,504633.1962153787,,5.339406919993043,3.790356733051649,
1100290906086001,2024,panoroma_two_pass,361707.85448543716,504638.3282890087,290.3221943299974,6.408059954103123,18.034100514463145,gt,north,0.0,0.7225325884543762,0.4275491949910555,False,0.40949162331535055,True,361709.327946164,504633.1962153787,,5.339406919993043,3.790356733051649,
1436906631667845,2025,panoroma_coarse,361697.4136276352,504666.51541773695,211.2542456606379,-9.664194314343604,9.263483136300188,gt,north,0.0,0.5612472160356348,0.3882488479262673,False,4.8379761373442,True,361694.22121593176,504654.8738888006,,12.071316765786767,0.008045448828431062,
1436906631667845,2025,panoroma_fine,361697.4136276352,504666.51541773695,211.2542456606379,-9.664194314343604,9.263483136300188,gt,north,0.0,0.5612472160356348,0.3882488479262673,False,4.8379761373442,True,361698.7812487294,504656.4900923738,,10.11817849685761,0.30600486111732494,
1436906631667845,2025,panoroma_two_pass,361697.4136276352,504666.51541773695,211.2542456606379,-9.664194314343604,9.263483136300188,gt,north,0.0,0.5612472160356348,0.3882488479262673,False,4.8379761373442,True,361698.7812487294,504656.4900923738,,10.11817849685761,0.30600486111732494,
1436906631667845,2024,panoroma_coarse,361697.4136276352,504666.51541773695,211.2542456606379,-9.664194314343604,9.263483136300188,gt,north,0.0,0.5391658189216684,0.4074457083764219,False,2.224135208189185,True,361698.7987725976,504656.01215638657,,10.594202450462975,6.7338528437094585,
1436906631667845,2024,panoroma_fine,361697.4136276352,504666.51541773695,211.2542456606379,-9.664194314343604,9.263483136300188,gt,north,0.0,0.5391658189216684,0.4074457083764219,False,2.224135208189185,True,361699.857262312,504657.9682691003,,8.889606304602092,1.2299452507137478,
1436906631667845,2024,panoroma_two_pass,361697.4136276352,504666.51541773695,211.2542456606379,-9.664194314343604,9.263483136300188,gt,north,0.0,0.5391658189216684,0.4074457083764219,False,2.224135208189185,True,361699.857262312,504657.9682691003,,8.889606304602092,1.2299452507137478,
1609692443937868,2025,panoroma_coarse,361668.9486892873,504682.8453561375,210.79401582028814,-6.061627934747776,17.21515125008524,gt,north,0.0,0.543451652386781,0.36592592592592593,False,1.2458449450904223,True,361667.4659442314,504680.2215575562,,3.0137770149980203,12.744109826022935,
1609692443937868,2025,panoroma_fine,361668.9486892873,504682.8453561375,210.79401582028814,-6.061627934747776,17.21515125008524,gt,north,0.0,0.543451652386781,0.36592592592592593,False,1.2458449450904223,True,361667.15036548936,504679.0163440129,,4.230283954097659,3.6357369612486723,
1609692443937868,2025,panoroma_two_pass,361668.9486892873,504682.8453561375,210.79401582028814,-6.061627934747776,17.21515125008524,gt,north,0.0,0.543451652386781,0.36592592592592593,False,1.2458449450904223,True,361667.15036548936,504679.0163440129,,4.230283954097659,3.6357369612486723,
1609692443937868,2024,panoroma_coarse,361668.9486892873,504682.8453561375,210.79401582028814,-6.061627934747776,17.21515125008524,gt,north,0.0,0.4106334841628959,0.28720238095238093,False,0.8903429780601648,True,361664.3053931938,504683.6393041342,,4.71068487944237,14.245984243250478,
1609692443937868,2024,panoroma_fine,361668.9486892873,504682.8453561375,210.79401582028814,-6.061627934747776,17.21515125008524,gt,north,0.0,0.4106334841628959,0.28720238095238093,False,0.8903429780601648,True,361663.9963086353,504684.4742756033,,5.213391674195817,2.125085788411823,
1609692443937868,2024,panoroma_two_pass,361668.9486892873,504682.8453561375,210.79401582028814,-6.061627934747776,17.21515125008524,gt,north,0.0,0.4106334841628959,0.28720238095238093,False,0.8903429780601648,True,361663.9963086353,504684.4742756033,,5.213391674195817,2.125085788411823,
2140812226473784,2025,panoroma_coarse,361641.04399474245,504701.4222107101,213.78021034732328,-3.4487666741794385,17.644428879364742,gt,north,0.0,0.5440658049353702,0.4425531914893617,False,3.400879391873936,True,361642.927167031,504695.6102919188,,6.109397507551287,4.2580234295698975,
2140812226473784,2025,panoroma_fine,361641.04399474245,504701.4222107101,213.78021034732328,-3.4487666741794385,17.644428879364742,gt,north,0.0,0.5440658049353702,0.4425531914893617,False,3.400879391873936,True,361640.06456470955,504697.4464532917,,4.094622111936757,3.839494381440513,
2140812226473784,2025,panoroma_two_pass,361641.04399474245,504701.4222107101,213.78021034732328,-3.4487666741794385,17.644428879364742,gt,north,0.0,0.5440658049353702,0.4425531914893617,False,3.400879391873936,True,361640.06456470955,504697.4464532917,,4.094622111936757,3.839494381440513,
2140812226473784,2024,panoroma_coarse,361641.04399474245,504701.4222107101,213.78021034732328,-3.4487666741794385,17.644428879364742,gt,north,0.0,0.4648478488982162,0.47870967741935483,False,3.0318220178226922,True,361645.3179787123,504695.5635393686,,7.2519631040474515,20.34434564371545,
2140812226473784,2024,panoroma_fine,361641.04399474245,504701.4222107101,213.78021034732328,-3.4487666741794385,17.644428879364742,gt,north,0.0,0.4648478488982162,0.47870967741935483,False,3.0318220178226922,True,361642.80253718223,504697.2560223541,,4.522123055623202,0.40599833112365735,
2140812226473784,2024,panoroma_two_pass,361641.04399474245,504701.4222107101,213.78021034732328,-3.4487666741794385,17.644428879364742,gt,north,0.0,0.4648478488982162,0.47870967741935483,False,3.0318220178226922,True,361642.80253718223,504697.2560223541,,4.522123055623202,0.40599833112365735,
1770134364187132,2025,panoroma_coarse,361614.59098087926,504722.44381314795,220.41034254713298,8.804444454854377,19.92527726184344,gt,north,0.0,0.630901287553648,0.48976109215017066,False,0.9361198413113263,True,361614.1903308291,504717.06112106395,,5.397582285979059,1.202705433509512,
1770134364187132,2025,panoroma_fine,361614.59098087926,504722.44381314795,220.41034254713298,8.804444454854377,19.92527726184344,gt,north,0.0,0.630901287553648,0.48976109215017066,False,0.9361198413113263,True,361615.12428353354,504717.1247819091,,5.345699677394077,3.7987297967875007,
1770134364187132,2025,panoroma_two_pass,361614.59098087926,504722.44381314795,220.41034254713298,8.804444454854377,19.92527726184344,gt,north,0.0,0.630901287553648,0.48976109215017066,False,0.9361198413113263,True,361615.12428353354,504717.1247819091,,5.345699677394077,3.7987297967875007,
1770134364187132,2024,panoroma_coarse,361614.59098087926,504722.44381314795,220.41034254713298,8.804444454854377,19.92527726184344,gt,north,0.0,0.7636363636363637,0.4235294117647059,False,2.3788927263208954,True,361612.6038868198,504718.3522954107,,4.548522858624184,0.07434851511002842,
1770134364187132,2024,panoroma_fine,361614.59098087926,504722.44381314795,220.41034254713298,8.804444454854377,19.92527726184344,gt,north,0.0,0.7636363636363637,0.4235294117647059,False,2.3788927263208954,True,361614.98277315276,504718.3467801565,,4.115723571715278,1.0280931058203147,
1770134364187132,2024,panoroma_two_pass,361614.59098087926,504722.44381314795,220.41034254713298,8.804444454854377,19.92527726184344,gt,north,0.0,0.7636363636363637,0.4235294117647059,False,2.3788927263208954,True,361614.98277315276,504718.3467801565,,4.115723571715278,1.0280931058203147,
3960386027436480,2025,panoroma_coarse,361591.5952234963,504746.5269450778,230.05124253896744,8.361483200621052,15.710932213991812,gt,north,0.0,0.6454413892908828,0.31213872832369943,False,3.505684613255534,True,361589.9843764472,504739.1802263233,,7.521243558971151,7.178368194676914,
3960386027436480,2025,panoroma_fine,361591.5952234963,504746.5269450778,230.05124253896744,8.361483200621052,15.710932213991812,gt,north,0.0,0.6454413892908828,0.31213872832369943,False,3.505684613255534,True,361592.9697183829,504741.01803973457,,5.67778779756274,0.5514482186807844,
3960386027436480,2025,panoroma_two_pass,361591.5952234963,504746.5269450778,230.05124253896744,8.361483200621052,15.710932213991812,gt,north,0.0,0.6454413892908828,0.31213872832369943,False,3.505684613255534,True,361592.9697183829,504741.01803973457,,5.67778779756274,0.5514482186807844,
3960386027436480,2024,panoroma_coarse,361591.5952234963,504746.5269450778,230.05124253896744,8.361483200621052,15.710932213991812,gt,north,0.0,0.6930232558139535,0.4585365853658537,False,3.854275183486109,True,361592.71416365827,504738.9687884855,,7.640533892329536,7.904902947773373,
3960386027436480,2024,panoroma_fine,361591.5952234963,504746.5269450778,230.05124253896744,8.361483200621052,15.710932213991812,gt,north,0.0,0.6930232558139535,0.4585365853658537,False,3.854275183486109,True,361590.32420435315,504741.99261581356,,4.709100926815713,0.6772713897958117,
3960386027436480,2024,panoroma_two_pass,361591.5952234963,504746.5269450778,230.05124253896744,8.361483200621052,15.710932213991812,gt,north,0.0,0.6930232558139535,0.4585365853658537,False,3.854275183486109,True,361590.32420435315,504741.99261581356,,4.709100926815713,0.6772713897958117,
1799341664552833,2025,panoroma_coarse,361572.6457602309,504774.8962715687,239.07370792608288,8.243739053374185,21.906598058444533,gt,north,0.0,0.3426183844011142,0.34974533106960953,False,3.1140957778174934,True,361564.4295614444,504784.6668374426,,12.765965689887842,21.58189212718474,
1799341664552833,2025,panoroma_fine,361572.6457602309,504774.8962715687,239.07370792608288,8.243739053374185,21.906598058444533,gt,north,0.0,0.3426183844011142,0.34974533106960953,False,3.1140957778174934,True,361567.4800860695,504785.292850242,,11.609179025723773,10.249252898927592,
1799341664552833,2025,panoroma_two_pass,361572.6457602309,504774.8962715687,239.07370792608288,8.243739053374185,21.906598058444533,gt,north,0.0,0.3426183844011142,0.34974533106960953,False,3.1140957778174934,True,361567.4800860695,504785.292850242,,11.609179025723773,10.249252898927592,
1799341664552833,2024,panoroma_coarse,361572.6457602309,504774.8962715687,239.07370792608288,8.243739053374185,21.906598058444533,gt,north,0.0,0.4368794326241135,0.3404605263157895,False,1.6347102513958807,True,361572.80274485773,504779.2851248622,,4.391659982840186,0.046179743426161664,
1799341664552833,2024,panoroma_fine,361572.6457602309,504774.8962715687,239.07370792608288,8.243739053374185,21.906598058444533,gt,north,0.0,0.4368794326241135,0.3404605263157895,False,1.6347102513958807,True,361571.5945970061,504778.18391808117,,3.4516030646551914,10.625557808385313,
1799341664552833,2024,panoroma_two_pass,361572.6457602309,504774.8962715687,239.07370792608288,8.243739053374185,21.906598058444533,gt,north,0.0,0.4368794326241135,0.3404605263157895,False,1.6347102513958807,True,361571.5945970061,504778.18391808117,,3.4516030646551914,10.625557808385313,
1388036546256933,2025,panoroma_coarse,361558.7140618083,504804.42107867356,249.01867383618352,9.474083171671651,17.876799473428807,gt,north,0.0,0.5045045045045045,0.4010152284263959,False,2.9298974910402684,True,361560.14403102675,504797.90276768623,,6.67331927104292,12.917327776420038,
1388036546256933,2025,panoroma_fine,361558.7140618083,504804.42107867356,249.01867383618352,9.474083171671651,17.876799473428807,gt,north,0.0,0.5045045045045045,0.4010152284263959,False,2.9298974910402684,True,361560.4378104092,504800.81789941265,,3.994272152128629,4.001471924065452,
1388036546256933,2025,panoroma_two_pass,361558.7140618083,504804.42107867356,249.01867383618352,9.474083171671651,17.876799473428807,gt,north,0.0,0.5045045045045045,0.4010152284263959,False,2.9298974910402684,True,361560.4378104092,504800.81789941265,,3.994272152128629,4.001471924065452,
1388036546256933,2024,panoroma_coarse,361558.7140618083,504804.42107867356,249.01867383618352,9.474083171671651,17.876799473428807,gt,north,0.0,0.506872852233677,0.45627376425855515,False,2.117378950139054,True,361558.1795361484,504799.82217352634,,4.629864602158208,1.2424622115095723,
1388036546256933,2024,panoroma_fine,361558.7140618083,504804.42107867356,249.01867383618352,9.474083171671651,17.876799473428807,gt,north,0.0,0.506872852233677,0.45627376425855515,False,2.117378950139054,True,361559.5036657422,504801.4744369549,,3.0506018735045624,0.9804709386183937,
1388036546256933,2024,panoroma_two_pass,361558.7140618083,504804.42107867356,249.01867383618352,9.474083171671651,17.876799473428807,gt,north,0.0,0.506872852233677,0.45627376425855515,False,2.117378950139054,True,361559.5036657422,504801.4744369549,,3.0506018735045624,0.9804709386183937,
1392556546281046,2025,panoroma_coarse,361548.052834857,504835.79213500954,250.87378567541663,7.06268696714011,10.700752972659181,gt,north,0.0,0.5965834428383706,0.334716459197787,False,0.7957088437363319,True,361550.28121816774,504836.8668390014,,2.4740009801253526,4.547077762988673,
1392556546281046,2025,panoroma_fine,361548.052834857,504835.79213500954,250.87378567541663,7.06268696714011,10.700752972659181,gt,north,0.0,0.5965834428383706,0.334716459197787,False,0.7957088437363319,True,361550.27742738934,504837.66253881546,,2.906410558072015,0.8154733477750421,
1392556546281046,2025,panoroma_two_pass,361548.052834857,504835.79213500954,250.87378567541663,7.06268696714011,10.700752972659181,gt,north,0.0,0.5965834428383706,0.334716459197787,False,0.7957088437363319,True,361550.27742738934,504837.66253881546,,2.906410558072015,0.8154733477750421,
1392556546281046,2024,panoroma_coarse,361548.052834857,504835.79213500954,250.87378567541663,7.06268696714011,10.700752972659181,gt,north,0.0,0.6375545851528385,0.43612334801762115,False,2.1852226713996648,True,361548.7741758962,504838.70328263444,,2.999185454205949,8.073596194776204,
1392556546281046,2024,panoroma_fine,361548.052834857,504835.79213500954,250.87378567541663,7.06268696714011,10.700752972659181,gt,north,0.0,0.6375545851528385,0.43612334801762115,False,2.1852226713996648,True,361550.04349655006,504836.92451249715,,2.2901992818465398,0.6168044066720275,
1392556546281046,2024,panoroma_two_pass,361548.052834857,504835.79213500954,250.87378567541663,7.06268696714011,10.700752972659181,gt,north,0.0,0.6375545851528385,0.43612334801762115,False,2.1852226713996648,True,361550.04349655006,504836.92451249715,,2.2901992818465398,0.6168044066720275,
1400716081531820,2025,panoroma_coarse,361537.2392487183,504867.6496268753,251.32015210508467,3.186497801348793,25.192597472479502,gt,north,0.0,0.8171589310829818,0.522207267833109,False,3.712162002981368,True,361534.630731732,504869.75353483116,,3.351237018568017,0.6657406817787492,
1400716081531820,2025,panoroma_fine,361537.2392487183,504867.6496268753,251.32015210508467,3.186497801348793,25.192597472479502,gt,north,0.0,0.8171589310829818,0.522207267833109,False,3.712162002981368,True,361537.98547407537,504868.16424236406,,0.9064664278323393,5.357650758606558,
1400716081531820,2025,panoroma_two_pass,361537.2392487183,504867.6496268753,251.32015210508467,3.186497801348793,25.192597472479502,gt,north,0.0,0.8171589310829818,0.522207267833109,False,3.712162002981368,True,361537.98547407537,504868.16424236406,,0.9064664278323393,5.357650758606558,
1400716081531820,2024,panoroma_coarse,361537.2392487183,504867.6496268753,251.32015210508467,3.186497801348793,25.192597472479502,gt,north,0.0,0.6895734597156398,0.5270758122743683,False,3.786852894522491,True,361534.3387330216,504868.67413438053,,3.0761350645376115,3.6287460733710266,
1400716081531820,2024,panoroma_fine,361537.2392487183,504867.6496268753,251.32015210508467,3.186497801348793,25.192597472479502,gt,north,0.0,0.6895734597156398,0.5270758122743683,False,3.786852894522491,True,361538.11829073733,504868.43919115764,,1.1815780241495775,3.798058014528365,
1400716081531820,2024,panoroma_two_pass,361537.2392487183,504867.6496268753,251.32015210508467,3.186497801348793,25.192597472479502,gt,north,0.0,0.6895734597156398,0.5270758122743683,False,3.786852894522491,True,361538.11829073733,504868.43919115764,,1.1815780241495775,3.798058014528365,
1892217645152325,2025,panoroma_coarse,361527.15932734055,504899.9309961172,251.75060327783478,-9.0737365324849,21.31033776483124,gt,north,0.0,0.5779816513761468,0.39603960396039606,False,2.888479727688836,True,361526.7893923974,504902.44822981424,,2.5442714768215713,5.507866223233818,
1892217645152325,2025,panoroma_fine,361527.15932734055,504899.9309961172,251.75060327783478,-9.0737365324849,21.31033776483124,gt,north,0.0,0.5779816513761468,0.39603960396039606,False,2.888479727688836,True,361529.5761631991,504901.68847746245,,2.988283160295887,0.2186668561217394,
1892217645152325,2025,panoroma_two_pass,361527.15932734055,504899.9309961172,251.75060327783478,-9.0737365324849,21.31033776483124,gt,north,0.0,0.5779816513761468,0.39603960396039606,False,2.888479727688836,True,361529.5761631991,504901.68847746245,,2.988283160295887,0.2186668561217394,
1892217645152325,2024,panoroma_coarse,361527.15932734055,504899.9309961172,251.75060327783478,-9.0737365324849,21.31033776483124,gt,north,0.0,0.6533101045296167,0.48688524590163934,False,2.8016865589867153,True,361527.3718169628,504900.52898196096,,0.6346171356954355,11.258346777153637,
1892217645152325,2024,panoroma_fine,361527.15932734055,504899.9309961172,251.75060327783478,-9.0737365324849,21.31033776483124,gt,north,0.0,0.6533101045296167,0.48688524590163934,False,2.8016865589867153,True,361529.0930370331,504898.3183600927,,2.5179015315443314,0.19930868118598563,
1892217645152325,2024,panoroma_two_pass,361527.15932734055,504899.9309961172,251.75060327783478,-9.0737365324849,21.31033776483124,gt,north,0.0,0.6533101045296167,0.48688524590163934,False,2.8016865589867153,True,361529.0930370331,504898.3183600927,,2.5179015315443314,0.19930868118598563,
845278345272909,2025,panoroma_coarse,361517.99783600273,504929.75817886833,251.94198824508135,-2.310200403180687,21.380501203604464,gt,north,0.0,0.7199341021416804,0.5780780780780781,False,1.8337271572401275,True,361520.8835975752,504929.39600518486,,2.90839984012916,2.888812641779507,
845278345272909,2025,panoroma_fine,361517.99783600273,504929.75817886833,251.94198824508135,-2.310200403180687,21.380501203604464,gt,north,0.0,0.7199341021416804,0.5780780780780781,False,1.8337271572401275,True,361520.1791989346,504931.08904323593,,2.5552972831730956,0.5701989039636484,
845278345272909,2025,panoroma_two_pass,361517.99783600273,504929.75817886833,251.94198824508135,-2.310200403180687,21.380501203604464,gt,north,0.0,0.7199341021416804,0.5780780780780781,False,1.8337271572401275,True,361520.1791989346,504931.08904323593,,2.5552972831730956,0.5701989039636484,
845278345272909,2024,panoroma_coarse,361517.99783600273,504929.75817886833,251.94198824508135,-2.310200403180687,21.380501203604464,gt,north,0.0,0.7936772046589018,0.49402985074626865,False,1.825810464682429,True,361519.3958692049,504931.03658529796,,1.8944180725640616,3.6340335370775176,
845278345272909,2024,panoroma_fine,361517.99783600273,504929.75817886833,251.94198824508135,-2.310200403180687,21.380501203604464,gt,north,0.0,0.7936772046589018,0.49402985074626865,False,1.825810464682429,True,361519.1462398977,504932.84525029233,,3.2937579575414726,1.4209674910736683,
845278345272909,2024,panoroma_two_pass,361517.99783600273,504929.75817886833,251.94198824508135,-2.310200403180687,21.380501203604464,gt,north,0.0,0.7936772046589018,0.49402985074626865,False,1.825810464682429,True,361519.1462398977,504932.84525029233,,3.2937579575414726,1.4209674910736683,
2612096309208434,2025,panoroma_coarse,361509.8059636109,504962.64188964665,260.82867997460966,-7.259085832096645,28.76716591413593,gt,north,0.0,0.5180327868852459,0.3927272727272727,False,3.38914645202317,True,361515.8146683465,504964.7212004553,,6.358306853129283,1.6572771002019198,
2612096309208434,2025,panoroma_fine,361509.8059636109,504962.64188964665,260.82867997460966,-7.259085832096645,28.76716591413593,gt,north,0.0,0.5180327868852459,0.3927272727272727,False,3.38914645202317,True,361512.4255887089,504964.6999193935,,3.331354393207633,6.821330780782384,
2612096309208434,2025,panoroma_two_pass,361509.8059636109,504962.64188964665,260.82867997460966,-7.259085832096645,28.76716591413593,gt,north,0.0,0.5180327868852459,0.3927272727272727,False,3.38914645202317,True,361512.4255887089,504964.6999193935,,3.331354393207633,6.821330780782384,
2612096309208434,2024,panoroma_coarse,361509.8059636109,504962.64188964665,260.82867997460966,-7.259085832096645,28.76716591413593,gt,north,0.0,0.6009933774834437,0.3900709219858156,False,4.50434648734768,True,361516.10912291677,504963.79461425665,,6.407697812932131,0.34791094033094994,
2612096309208434,2024,panoroma_fine,361509.8059636109,504962.64188964665,260.82867997460966,-7.259085832096645,28.76716591413593,gt,north,0.0,0.6009933774834437,0.3900709219858156,False,4.50434648734768,True,361511.9329464232,504965.4824196875,,3.5486147715411183,0.2769869396008621,
2612096309208434,2024,panoroma_two_pass,361509.8059636109,504962.64188964665,260.82867997460966,-7.259085832096645,28.76716591413593,gt,north,0.0,0.6009933774834437,0.3900709219858156,False,4.50434648734768,True,361511.9329464232,504965.4824196875,,3.5486147715411183,0.2769869396008621,
1645304160505212,2025,panoroma_coarse,361502.2519723498,504994.43547046836,252.93062506393304,0.9030756828793471,23.126982233794703,gt,north,0.0,0.6879310344827586,0.4020979020979021,False,3.2675739614084613,True,361502.66122142656,504990.35823265516,,4.097725343684713,0.7065175424491228,
1645304160505212,2025,panoroma_fine,361502.2519723498,504994.43547046836,252.93062506393304,0.9030756828793471,23.126982233794703,gt,north,0.0,0.6879310344827586,0.4020979020979021,False,3.2675739614084613,True,361501.59913986723,504993.44838189986,,1.1834416303341306,12.19532537204619,
1645304160505212,2025,panoroma_two_pass,361502.2519723498,504994.43547046836,252.93062506393304,0.9030756828793471,23.126982233794703,gt,north,0.0,0.6879310344827586,0.4020979020979021,False,3.2675739614084613,True,361501.59913986723,504993.44838189986,,1.1834416303341306,12.19532537204619,
1645304160505212,2024,panoroma_coarse,361502.2519723498,504994.43547046836,252.93062506393304,0.9030756828793471,23.126982233794703,gt,north,0.0,0.697632058287796,0.45132743362831856,False,1.7402320555465267,True,361503.04634470836,504992.32778939995,,2.252409139158994,0.9256788659299069,
1645304160505212,2024,panoroma_fine,361502.2519723498,504994.43547046836,252.93062506393304,0.9030756828793471,23.126982233794703,gt,north,0.0,0.697632058287796,0.45132743362831856,False,1.7402320555465267,True,361503.5628928394,504993.9895913242,,1.384673514327776,0.41910141808877965,
1645304160505212,2024,panoroma_two_pass,361502.2519723498,504994.43547046836,252.93062506393304,0.9030756828793471,23.126982233794703,gt,north,0.0,0.697632058287796,0.45132743362831856,False,1.7402320555465267,True,361503.5628928394,504993.9895913242,,1.384673514327776,0.41910141808877965,
1368742985247867,2025,panoroma_coarse,361492.2334559488,505028.35266217124,253.1819735066803,-1.6750923090158665,31.475862592707085,gt,north,0.0,0.5552825552825553,0.21333333333333335,False,4.256887131401735,True,361452.2502530981,505028.33809513965,,39.98320550433149,2.806434854103431,
1368742985247867,2025,panoroma_fine,361492.2334559488,505028.35266217124,253.1819735066803,-1.6750923090158665,31.475862592707085,gt,north,0.0,0.5552825552825553,0.21333333333333335,False,4.256887131401735,True,361453.58070160396,505032.3817314763,,38.86217721524432,9.61166929658924,
1368742985247867,2025,panoroma_two_pass,361492.2334559488,505028.35266217124,253.1819735066803,-1.6750923090158665,31.475862592707085,gt,north,0.0,0.5552825552825553,0.21333333333333335,False,4.256887131401735,True,361453.58070160396,505032.3817314763,,38.86217721524432,9.61166929658924,
1368742985247867,2024,panoroma_coarse,361492.2334559488,505028.35266217124,253.1819735066803,-1.6750923090158665,31.475862592707085,gt,north,0.0,0.6381322957198443,0.31569664902998235,False,3.7808043381917917,True,361450.73404355603,505027.20676668995,,41.51522980065119,1.2412060124384465,
1368742985247867,2024,panoroma_fine,361492.2334559488,505028.35266217124,253.1819735066803,-1.6750923090158665,31.475862592707085,gt,north,0.0,0.6381322957198443,0.31569664902998235,False,3.7808043381917917,True,361447.97478885815,505029.7915287594,,44.28204997176327,3.634014605709589,
1368742985247867,2024,panoroma_two_pass,361492.2334559488,505028.35266217124,253.1819735066803,-1.6750923090158665,31.475862592707085,gt,north,0.0,0.6381322957198443,0.31569664902998235,False,3.7808043381917917,True,361447.97478885815,505029.7915287594,,44.28204997176327,3.634014605709589,
1094966510141854,2025,panoroma_coarse,361482.8214742172,505058.37402536254,250.83743577092525,-8.858758712488594,23.833040175420262,gt,north,0.0,0.632398753894081,0.4703125,False,3.8788688197961845,True,361482.08666927007,505054.0171287095,,4.418425823234393,1.2919470677202534,
1094966510141854,2025,panoroma_fine,361482.8214742172,505058.37402536254,250.83743577092525,-8.858758712488594,23.833040175420262,gt,north,0.0,0.632398753894081,0.4703125,False,3.8788688197961845,True,361483.4295864758,505057.65611163055,,0.9408510219872451,0.26622991619718017,
1094966510141854,2025,panoroma_two_pass,361482.8214742172,505058.37402536254,250.83743577092525,-8.858758712488594,23.833040175420262,gt,north,0.0,0.632398753894081,0.4703125,False,3.8788688197961845,True,361483.4295864758,505057.65611163055,,0.9408510219872451,0.26622991619718017,
1094966510141854,2024,panoroma_coarse,361482.8214742172,505058.37402536254,250.83743577092525,-8.858758712488594,23.833040175420262,gt,north,0.0,0.71875,0.38438880706921946,False,0.6162832073281794,True,361471.37810477323,505021.85153920855,,38.27326350208627,2.3085624377562515,
1094966510141854,2024,panoroma_fine,361482.8214742172,505058.37402536254,250.83743577092525,-8.858758712488594,23.833040175420262,gt,north,0.0,0.71875,0.38438880706921946,False,0.6162832073281794,True,361471.96087817394,505021.65108932694,,38.29525528691871,2.287406817880433,
1094966510141854,2024,panoroma_two_pass,361482.8214742172,505058.37402536254,250.83743577092525,-8.858758712488594,23.833040175420262,gt,north,0.0,0.71875,0.38438880706921946,False,0.6162832073281794,True,361471.96087817394,505021.65108932694,,38.29525528691871,2.287406817880433,
1576088213452988,2025,panoroma_coarse,361471.7362748644,505091.2981349118,251.55647181361104,3.049221332387475,18.721075740382243,gt,north,0.0,0.756993006993007,0.26258503401360545,False,3.1794272607704737,True,361472.3347222689,505086.1084770262,,5.224049029760481,2.6333478350216986,
1576088213452988,2025,panoroma_fine,361471.7362748644,505091.2981349118,251.55647181361104,3.049221332387475,18.721075740382243,gt,north,0.0,0.756993006993007,0.26258503401360545,False,3.1794272607704737,True,361470.31158148946,505088.56116108515,,3.0855756254611615,13.953618172133327,
1576088213452988,2025,panoroma_two_pass,361471.7362748644,505091.2981349118,251.55647181361104,3.049221332387475,18.721075740382243,gt,north,0.0,0.756993006993007,0.26258503401360545,False,3.1794272607704737,True,361470.31158148946,505088.56116108515,,3.0855756254611615,13.953618172133327,
1576088213452988,2024,panoroma_coarse,361471.7362748644,505091.2981349118,251.55647181361104,3.049221332387475,18.721075740382243,gt,north,0.0,0.7915936952714536,0.30197268588770865,False,1.8483433997096295,True,361473.5259056824,505087.2510357673,,4.425131630819715,4.312979742881709,
1576088213452988,2024,panoroma_fine,361471.7362748644,505091.2981349118,251.55647181361104,3.049221332387475,18.721075740382243,gt,north,0.0,0.7915936952714536,0.30197268588770865,False,1.8483433997096295,True,361472.8428924851,505088.96855324775,,2.579060543672098,2.2936231947611745,
1576088213452988,2024,panoroma_two_pass,361471.7362748644,505091.2981349118,251.55647181361104,3.049221332387475,18.721075740382243,gt,north,0.0,0.7915936952714536,0.30197268588770865,False,1.8483433997096295,True,361472.8428924851,505088.96855324775,,2.579060543672098,2.2936231947611745,
2326419104828349,2025,panoroma_coarse,361463.87377641036,505123.49797958974,285.5099973265701,1.0527138412930412,26.68045424726671,gt,north,0.0,0.727112676056338,0.4035656401944895,False,2.3896653862405106,True,361462.831023149,505130.6884263559,,7.265663015919032,0.7310566487514101,
2326419104828349,2025,panoroma_fine,361463.87377641036,505123.49797958974,285.5099973265701,1.0527138412930412,26.68045424726671,gt,north,0.0,0.727112676056338,0.4035656401944895,False,2.3896653862405106,True,361464.0423646101,505128.6285349697,,5.133324506394439,7.447534831274315,
2326419104828349,2025,panoroma_two_pass,361463.87377641036,505123.49797958974,285.5099973265701,1.0527138412930412,26.68045424726671,gt,north,0.0,0.727112676056338,0.4035656401944895,False,2.3896653862405106,True,361464.0423646101,505128.6285349697,,5.133324506394439,7.447534831274315,
2326419104828349,2024,panoroma_coarse,361463.87377641036,505123.49797958974,285.5099973265701,1.0527138412930412,26.68045424726671,gt,north,0.0,0.6884422110552764,0.39572192513368987,False,3.365363845503381,True,361462.5696847322,505130.2963508605,,6.922319484121245,0.49764875950656723,
2326419104828349,2024,panoroma_fine,361463.87377641036,505123.49797958974,285.5099973265701,1.0527138412930412,26.68045424726671,gt,north,0.0,0.6884422110552764,0.39572192513368987,False,3.365363845503381,True,361465.7970156187,505129.3424068573,,6.152737532048518,0.23381493515048182,
2326419104828349,2024,panoroma_two_pass,361463.87377641036,505123.49797958974,285.5099973265701,1.0527138412930412,26.68045424726671,gt,north,0.0,0.6884422110552764,0.39572192513368987,False,3.365363845503381,True,361465.7970156187,505129.3424068573,,6.152737532048518,0.23381493515048182,
1611154070401669,2025,panoroma_coarse,361493.0522768595,505138.26740477607,322.2927948363659,5.1298490002480435,7.129906097234458,gt,north,0.0,0.49222065063649223,0.41318327974276525,False,3.2915407013305074,True,361491.27148274827,505139.11015649786,,1.9701416525890756,1.7732171400745182,
1611154070401669,2025,panoroma_fine,361493.0522768595,505138.26740477607,322.2927948363659,5.1298490002480435,7.129906097234458,gt,north,0.0,0.49222065063649223,0.41318327974276525,False,3.2915407013305074,True,361493.9989578433,505140.9527415826,,2.847321311244701,0.9663395784903721,
1611154070401669,2025,panoroma_two_pass,361493.0522768595,505138.26740477607,322.2927948363659,5.1298490002480435,7.129906097234458,gt,north,0.0,0.49222065063649223,0.41318327974276525,False,3.2915407013305074,True,361493.9989578433,505140.9527415826,,2.847321311244701,0.9663395784903721,
1611154070401669,2024,panoroma_coarse,361493.0522768595,505138.26740477607,322.2927948363659,5.1298490002480435,7.129906097234458,gt,north,0.0,0.5909090909090909,0.3757396449704142,False,2.0715002742048787,True,361487.0074901542,505136.8376468047,,6.211574210280253,12.02044312373369,
1611154070401669,2024,panoroma_fine,361493.0522768595,505138.26740477607,322.2927948363659,5.1298490002480435,7.129906097234458,gt,north,0.0,0.5909090909090909,0.3757396449704142,False,2.0715002742048787,True,361486.1880837189,505138.7401941707,,6.880456182822586,6.7241113535492225,
1611154070401669,2024,panoroma_two_pass,361493.0522768595,505138.26740477607,322.2927948363659,5.1298490002480435,7.129906097234458,gt,north,0.0,0.5909090909090909,0.3757396449704142,False,2.0715002742048787,True,361486.1880837189,505138.7401941707,,6.880456182822586,6.7241113535492225,
2044825309733264,2025,panoroma_coarse,361517.82771305204,505160.52887198236,318.5141274465706,2.600160673080495,13.149040600903362,gt,north,0.0,0.735202492211838,0.524031007751938,False,3.5518871349262344,True,361520.31920244184,505165.79771167645,,5.828223666051269,1.5717033898438393,
2044825309733264,2025,panoroma_fine,361517.82771305204,505160.52887198236,318.5141274465706,2.600160673080495,13.149040600903362,gt,north,0.0,0.735202492211838,0.524031007751938,False,3.5518871349262344,True,361517.62784931896,505163.4798418381,,2.9577303124940344,2.699573250215892,
2044825309733264,2025,panoroma_two_pass,361517.82771305204,505160.52887198236,318.5141274465706,2.600160673080495,13.149040600903362,gt,north,0.0,0.735202492211838,0.524031007751938,False,3.5518871349262344,True,361517.62784931896,505163.4798418381,,2.9577303124940344,2.699573250215892,
2044825309733264,2024,panoroma_coarse,361517.82771305204,505160.52887198236,318.5141274465706,2.600160673080495,13.149040600903362,gt,north,0.0,0.752827140549273,0.4945054945054945,False,1.8015411873538394,True,361519.68070361,505164.73660685145,,4.597674057226776,1.0391958344949395,
2044825309733264,2024,panoroma_fine,361517.82771305204,505160.52887198236,318.5141274465706,2.600160673080495,13.149040600903362,gt,north,0.0,0.752827140549273,0.4945054945054945,False,1.8015411873538394,True,361518.4846210195,505163.38941084256,,2.9349975550995473,3.776044075836459,
2044825309733264,2024,panoroma_two_pass,361517.82771305204,505160.52887198236,318.5141274465706,2.600160673080495,13.149040600903362,gt,north,0.0,0.752827140549273,0.4945054945054945,False,1.8015411873538394,True,361518.4846210195,505163.38941084256,,2.9349975550995473,3.776044075836459,
1353979803178810,2025,panoroma_coarse,361530.3587487028,505170.9117681952,148.200596317521,2.817757957417797,19.879731431761236,gt,north,0.0,0.6961414790996785,0.4017857142857143,False,1.909678113142036,True,361526.4615315794,505173.97521724756,,4.957118255936901,0.897525094978314,
1353979803178810,2025,panoroma_fine,361530.3587487028,505170.9117681952,148.200596317521,2.817757957417797,19.879731431761236,gt,north,0.0,0.6961414790996785,0.4017857142857143,False,1.909678113142036,True,361524.56576007255,505174.20526265586,,6.663769431215291,4.2162145514768685,
1353979803178810,2025,panoroma_two_pass,361530.3587487028,505170.9117681952,148.200596317521,2.817757957417797,19.879731431761236,gt,north,0.0,0.6961414790996785,0.4017857142857143,False,1.909678113142036,True,361524.56576007255,505174.20526265586,,6.663769431215291,4.2162145514768685,
1353979803178810,2024,panoroma_coarse,361530.3587487028,505170.9117681952,148.200596317521,2.817757957417797,19.879731431761236,gt,north,0.0,0.6843853820598007,0.41185410334346506,False,1.9893496317194304,True,361527.8806953894,505173.73048997263,,3.753124122973387,1.6441424186038864,
1353979803178810,2024,panoroma_fine,361530.3587487028,505170.9117681952,148.200596317521,2.817757957417797,19.879731431761236,gt,north,0.0,0.6843853820598007,0.41185410334346506,False,1.9893496317194304,True,361526.308700324,505172.5113331035,,4.354480424420853,0.9679718590492533,
1353979803178810,2024,panoroma_two_pass,361530.3587487028,505170.9117681952,148.200596317521,2.817757957417797,19.879731431761236,gt,north,0.0,0.6843853820598007,0.41185410334346506,False,1.9893496317194304,True,361526.308700324,505172.5113331035,,4.354480424420853,0.9679718590492533,
1112299907902984,2025,panoroma_coarse,361505.03398144763,505148.4196676966,135.10897763472872,3.930005124713489,10.34373706356613,gt,north,0.0,0.7362068965517241,0.4339622641509434,False,1.7148460790205782,True,361502.4212195171,505148.6069347719,,2.6194644229272357,4.2993684601200135,
1112299907902984,2025,panoroma_fine,361505.03398144763,505148.4196676966,135.10897763472872,3.930005124713489,10.34373706356613,gt,north,0.0,0.7362068965517241,0.4339622641509434,False,1.7148460790205782,True,361502.44761691836,505150.3215776653,,3.2103805081804575,2.02342464621686,
1112299907902984,2025,panoroma_two_pass,361505.03398144763,505148.4196676966,135.10897763472872,3.930005124713489,10.34373706356613,gt,north,0.0,0.7362068965517241,0.4339622641509434,False,1.7148460790205782,True,361502.44761691836,505150.3215776653,,3.2103805081804575,2.02342464621686,
1112299907902984,2024,panoroma_coarse,361505.03398144763,505148.4196676966,135.10897763472872,3.930005124713489,10.34373706356613,gt,north,0.0,0.6331811263318112,0.438136826783115,False,2.1487266334667754,True,361502.8063416628,505144.3963011402,,4.598897417630552,6.194493990321578,
1112299907902984,2024,panoroma_fine,361505.03398144763,505148.4196676966,135.10897763472872,3.930005124713489,10.34373706356613,gt,north,0.0,0.6331811263318112,0.438136826783115,False,2.1487266334667754,True,361503.27671241574,505146.49291209603,,2.607754128498367,1.0396024674548137,
1112299907902984,2024,panoroma_two_pass,361505.03398144763,505148.4196676966,135.10897763472872,3.930005124713489,10.34373706356613,gt,north,0.0,0.6331811263318112,0.438136826783115,False,2.1487266334667754,True,361503.27671241574,505146.49291209603,,2.607754128498367,1.0396024674548137,
1099992155940572,2025,panoroma_coarse,361476.9349046636,505130.8601407418,162.9595274769371,8.887178876421416,20.092687879152262,gt,north,0.0,0.7750439367311072,0.43983402489626555,False,1.5402684563010884,True,361477.40912599117,505129.06201584334,,1.8596072214263837,0.10432385736282687,
1099992155940572,2025,panoroma_fine,361476.9349046636,505130.8601407418,162.9595274769371,8.887178876421416,20.092687879152262,gt,north,0.0,0.7750439367311072,0.43983402489626555,False,1.5402684563010884,True,361476.46755580726,505130.28097954515,,0.7442060502460222,3.119892936605203,
1099992155940572,2025,panoroma_two_pass,361476.9349046636,505130.8601407418,162.9595274769371,8.887178876421416,20.092687879152262,gt,north,0.0,0.7750439367311072,0.43983402489626555,False,1.5402684563010884,True,361476.46755580726,505130.28097954515,,0.7442060502460222,3.119892936605203,
1099992155940572,2024,panoroma_coarse,361476.9349046636,505130.8601407418,162.9595274769371,8.887178876421416,20.092687879152262,gt,north,0.0,0.7424511545293073,0.46726190476190477,False,2.42308705220038,True,361476.7349936495,505129.8407798289,,1.0387786503031253,2.968038731153794,
1099992155940572,2024,panoroma_fine,361476.9349046636,505130.8601407418,162.9595274769371,8.887178876421416,20.092687879152262,gt,north,0.0,0.7424511545293073,0.46726190476190477,False,2.42308705220038,True,361474.93149413884,505131.45903208916,,2.0910104200132578,1.5755897426485435,
1099992155940572,2024,panoroma_two_pass,361476.9349046636,505130.8601407418,162.9595274769371,8.887178876421416,20.092687879152262,gt,north,0.0,0.7424511545293073,0.46726190476190477,False,2.42308705220038,True,361474.93149413884,505131.45903208916,,2.0910104200132578,1.5755897426485435,
2090069028562856,2025,panoroma_coarse,361462.71241398016,505108.46205451246,77.33940240615863,-3.947619285778174,7.219451698844917,gt,north,0.0,0.6421267893660532,0.43478260869565216,False,1.8306123618161176,True,361462.7071599838,505106.61287122755,,1.8491907488600672,3.3627200942865123,
2090069028562856,2025,panoroma_fine,361462.71241398016,505108.46205451246,77.33940240615863,-3.947619285778174,7.219451698844917,gt,north,0.0,0.6421267893660532,0.43478260869565216,False,1.8306123618161176,True,361463.13468209625,505108.3928618069,,0.42789951199882376,0.12246339204133906,
2090069028562856,2025,panoroma_two_pass,361462.71241398016,505108.46205451246,77.33940240615863,-3.947619285778174,7.219451698844917,gt,north,0.0,0.6421267893660532,0.43478260869565216,False,1.8306123618161176,True,361463.13468209625,505108.3928618069,,0.42789951199882376,0.12246339204133906,
2090069028562856,2024,panoroma_coarse,361462.71241398016,505108.46205451246,77.33940240615863,-3.947619285778174,7.219451698844917,gt,north,0.0,0.652542372881356,0.44842105263157894,False,0.7025417921371138,True,361462.06133276754,505108.8694246384,,0.7680215914488424,2.629018106108545,
2090069028562856,2024,panoroma_fine,361462.71241398016,505108.46205451246,77.33940240615863,-3.947619285778174,7.219451698844917,gt,north,0.0,0.652542372881356,0.44842105263157894,False,0.7025417921371138,True,361461.7172495364,505109.48193725036,,1.4249607254698082,0.8363812183781709,
2090069028562856,2024,panoroma_two_pass,361462.71241398016,505108.46205451246,77.33940240615863,-3.947619285778174,7.219451698844917,gt,north,0.0,0.652542372881356,0.44842105263157894,False,0.7025417921371138,True,361461.7172495364,505109.48193725036,,1.4249607254698082,0.8363812183781709,
28071381109150220,2025,panoroma_coarse,361468.2257658363,505078.0853922805,76.58461707839409,8.123714022458287,23.939479890668725,gt,north,0.0,0.6581352833638026,0.44567219152854515,False,3.4638558229218086,True,361463.60031621886,505081.6632898703,,5.847746174970489,5.656483966551678,
28071381109150220,2025,panoroma_fine,361468.2257658363,505078.0853922805,76.58461707839409,8.123714022458287,23.939479890668725,gt,north,0.0,0.6581352833638026,0.44567219152854515,False,3.4638558229218086,True,361465.77179590985,505078.9645914593,,2.6067143295751487,3.35968352041924,
28071381109150220,2025,panoroma_two_pass,361468.2257658363,505078.0853922805,76.58461707839409,8.123714022458287,23.939479890668725,gt,north,0.0,0.6581352833638026,0.44567219152854515,False,3.4638558229218086,True,361465.77179590985,505078.9645914593,,2.6067143295751487,3.35968352041924,
28071381109150220,2024,panoroma_coarse,361468.2257658363,505078.0853922805,76.58461707839409,8.123714022458287,23.939479890668725,gt,north,0.0,0.7063339731285988,0.4303571428571429,False,3.3481695920951826,True,361464.3227854103,505082.030908422,,5.549806647907629,0.08363801190240253,
28071381109150220,2024,panoroma_fine,361468.2257658363,505078.0853922805,76.58461707839409,8.123714022458287,23.939479890668725,gt,north,0.0,0.7063339731285988,0.4303571428571429,False,3.3481695920951826,True,361466.885455533,505079.8761551973,,2.2367976066986976,7.7977863623952475,
28071381109150220,2024,panoroma_two_pass,361468.2257658363,505078.0853922805,76.58461707839409,8.123714022458287,23.939479890668725,gt,north,0.0,0.7063339731285988,0.4303571428571429,False,3.3481695920951826,True,361466.885455533,505079.8761551973,,2.2367976066986976,7.7977863623952475,
1120045207649869,2025,panoroma_coarse,361477.51365528506,505045.06929584127,72.0560999263658,7.635560614031732,15.767017748521466,gt,north,0.0,0.615866388308977,0.4430379746835443,False,2.163404881547569,True,361477.0542379915,505042.08106078615,,3.023344670105645,1.4791622853021709,
1120045207649869,2025,panoroma_fine,361477.51365528506,505045.06929584127,72.0560999263658,7.635560614031732,15.767017748521466,gt,north,0.0,0.615866388308977,0.4430379746835443,False,2.163404881547569,True,361478.22335505416,505043.9013591066,,1.3666564961512766,1.5162561259407665,
1120045207649869,2025,panoroma_two_pass,361477.51365528506,505045.06929584127,72.0560999263658,7.635560614031732,15.767017748521466,gt,north,0.0,0.615866388308977,0.4430379746835443,False,2.163404881547569,True,361478.22335505416,505043.9013591066,,1.3666564961512766,1.5162561259407665,
1120045207649869,2024,panoroma_coarse,361477.51365528506,505045.06929584127,72.0560999263658,7.635560614031732,15.767017748521466,gt,north,0.0,0.5671875,0.43415637860082307,False,2.681465802199591,True,361476.76819402736,505043.01573429233,,2.1846801875777473,6.903325421095131,
1120045207649869,2024,panoroma_fine,361477.51365528506,505045.06929584127,72.0560999263658,7.635560614031732,15.767017748521466,gt,north,0.0,0.5671875,0.43415637860082307,False,2.681465802199591,True,361477.522804108,505045.5888301853,,0.5196148916127211,0.6721066949638089,
1120045207649869,2024,panoroma_two_pass,361477.51365528506,505045.06929584127,72.0560999263658,7.635560614031732,15.767017748521466,gt,north,0.0,0.5671875,0.43415637860082307,False,2.681465802199591,True,361477.522804108,505045.5888301853,,0.5196148916127211,0.6721066949638089,
2176435617086201,2025,panoroma_coarse,361465.31389726076,505019.4838384604,159.3120439262325,-1.7980828454648474,13.909927120831163,gt,north,0.0,0.615262321144674,0.371900826446281,False,3.359974605101015,True,361467.3408341719,505023.8890624683,,4.849172280054084,8.55902120568909,
2176435617086201,2025,panoroma_fine,361465.31389726076,505019.4838384604,159.3120439262325,-1.7980828454648474,13.909927120831163,gt,north,0.0,0.615262321144674,0.371900826446281,False,3.359974605101015,True,361465.9382490446,505020.8358372379,,1.489199732834375,3.3959693596436193,
2176435617086201,2025,panoroma_two_pass,361465.31389726076,505019.4838384604,159.3120439262325,-1.7980828454648474,13.909927120831163,gt,north,0.0,0.615262321144674,0.371900826446281,False,3.359974605101015,True,361465.9382490446,505020.8358372379,,1.489199732834375,3.3959693596436193,
2176435617086201,2024,panoroma_coarse,361465.31389726076,505019.4838384604,159.3120439262325,-1.7980828454648474,13.909927120831163,gt,north,0.0,0.6074074074074074,0.4322916666666667,False,3.2040665707969604,True,361465.507586578,505017.57714939356,,1.9165016956055096,2.5094129131024028,
2176435617086201,2024,panoroma_fine,361465.31389726076,505019.4838384604,159.3120439262325,-1.7980828454648474,13.909927120831163,gt,north,0.0,0.6074074074074074,0.4322916666666667,False,3.2040665707969604,True,361463.8320737985,505020.3082113694,,1.695697928961198,3.854448605837343,
2176435617086201,2024,panoroma_two_pass,361465.31389726076,505019.4838384604,159.3120439262325,-1.7980828454648474,13.909927120831163,gt,north,0.0,0.6074074074074074,0.4322916666666667,False,3.2040665707969604,True,361463.8320737985,505020.3082113694,,1.695697928961198,3.854448605837343,
1476656934564153,2025,panoroma_coarse,361435.5440886696,505009.21059400775,161.60204431611461,5.457368974822998,11.639224023998057,gt,north,0.0,0.3875432525951557,0.22093023255813954,False,0.6571542799253827,True,361438.5248920855,504991.30995990726,,18.14711795861645,10.173330658439921,
1476656934564153,2025,panoroma_fine,361435.5440886696,505009.21059400775,161.60204431611461,5.457368974822998,11.639224023998057,gt,north,0.0,0.3875432525951557,0.22093023255813954,False,0.6571542799253827,True,361438.37980148813,504991.9508970853,,17.49109502128822,0.9567381615312821,
1476656934564153,2025,panoroma_two_pass,361435.5440886696,505009.21059400775,161.60204431611461,5.457368974822998,11.639224023998057,gt,north,0.0,0.3875432525951557,0.22093023255813954,False,0.6571542799253827,True,361438.37980148813,504991.9508970853,,17.49109502128822,0.9567381615312821,
1476656934564153,2024,panoroma_coarse,361435.5440886696,505009.21059400775,161.60204431611461,5.457368974822998,11.639224023998057,gt,north,0.0,0.41114982578397213,0.30600461893764436,False,3.1180958058623647,True,361441.6798511231,505015.09987639915,,8.504776773751834,21.385646899281383,
1476656934564153,2024,panoroma_fine,361435.5440886696,505009.21059400775,161.60204431611461,5.457368974822998,11.639224023998057,gt,north,0.0,0.41114982578397213,0.30600461893764436,False,3.1180958058623647,True,361440.3768649317,505012.26707770536,,5.718200677976538,5.268695919281046,
1476656934564153,2024,panoroma_two_pass,361435.5440886696,505009.21059400775,161.60204431611461,5.457368974822998,11.639224023998057,gt,north,0.0,0.41114982578397213,0.30600461893764436,False,3.1180958058623647,True,361440.3768649317,505012.26707770536,,5.718200677976538,5.268695919281046,
1555312799214362,2025,panoroma_coarse,361402.0505830572,504999.5467164507,164.80215097186715,-0.36491725174775524,20.2364739076955,gt,north,0.0,0.4525939177101968,0.4101910828025478,False,3.495760995408818,True,361413.309898818,504999.11120984174,,11.267735238636112,1.0497184539246578,
1555312799214362,2025,panoroma_fine,361402.0505830572,504999.5467164507,164.80215097186715,-0.36491725174775524,20.2364739076955,gt,north,0.0,0.4525939177101968,0.4101910828025478,False,3.495760995408818,True,361412.480132039,505002.50706496666,,10.841547643168353,0.23873485861039667,
1555312799214362,2025,panoroma_two_pass,361402.0505830572,504999.5467164507,164.80215097186715,-0.36491725174775524,20.2364739076955,gt,north,0.0,0.4525939177101968,0.4101910828025478,False,3.495760995408818,True,361412.480132039,505002.50706496666,,10.841547643168353,0.23873485861039667,
1555312799214362,2024,panoroma_coarse,361402.0505830572,504999.5467164507,164.80215097186715,-0.36491725174775524,20.2364739076955,gt,north,0.0,0.4513491414554375,0.33816964285714285,False,5.441777270195423,True,361403.93845313543,504998.608013706,,2.1083681545553126,16.66397012904231,
1555312799214362,2024,panoroma_fine,361402.0505830572,504999.5467164507,164.80215097186715,-0.36491725174775524,20.2364739076955,gt,north,0.0,0.4513491414554375,0.33816964285714285,False,5.441777270195423,True,361409.3061188427,504999.5030582377,,7.255667134979662,1.4538186103202704,
1555312799214362,2024,panoroma_two_pass,361402.0505830572,504999.5467164507,164.80215097186715,-0.36491725174775524,20.2364739076955,gt,north,0.0,0.4513491414554375,0.33816964285714285,False,5.441777270195423,True,361409.3061188427,504999.5030582377,,7.255667134979662,1.4538186103202704,
1626801685484071,2025,panoroma_coarse,361370.61223184236,504993.5602959525,175.96341037533338,-2.573595983101029,14.41569047560796,gt,north,0.0,0.5256241787122208,0.4514003294892916,False,3.2863167060267036,True,361366.8259093565,504992.6931768149,,3.8843446764550023,4.0376101117589345,
1626801685484071,2025,panoroma_fine,361370.61223184236,504993.5602959525,175.96341037533338,-2.573595983101029,14.41569047560796,gt,north,0.0,0.5256241787122208,0.4514003294892916,False,3.2863167060267036,True,361369.7059989816,504994.27588375035,,1.1546964511789046,0.24896242241496544,
1626801685484071,2025,panoroma_two_pass,361370.61223184236,504993.5602959525,175.96341037533338,-2.573595983101029,14.41569047560796,gt,north,0.0,0.5256241787122208,0.4514003294892916,False,3.2863167060267036,True,361369.7059989816,504994.27588375035,,1.1546964511789046,0.24896242241496544,
1626801685484071,2024,panoroma_coarse,361370.61223184236,504993.5602959525,175.96341037533338,-2.573595983101029,14.41569047560796,gt,north,0.0,0.5225102319236017,0.4156050955414013,False,0.13864356392523475,True,361370.2618231497,504993.46822152,,0.3623036751301431,0.607742871001938,
1626801685484071,2024,panoroma_fine,361370.61223184236,504993.5602959525,175.96341037533338,-2.573595983101029,14.41569047560796,gt,north,0.0,0.5225102319236017,0.4156050955414013,False,0.13864356392523475,True,361370.1361730009,504993.40962051373,,0.4993346656962009,0.630453438250178,
1626801685484071,2024,panoroma_two_pass,361370.61223184236,504993.5602959525,175.96341037533338,-2.573595983101029,14.41569047560796,gt,north,0.0,0.5225102319236017,0.4156050955414013,False,0.13864356392523475,True,361370.1361730009,504993.40962051373,,0.4993346656962009,0.630453438250178,
1613966733737828,2025,panoroma_coarse,361336.7890929675,504998.1562380204,197.05928498559814,2.207815164005268,26.72184568245672,gt,north,0.0,0.6884875846501128,0.40816326530612246,False,3.506146515513794,True,361328.13918083505,504997.03262526373,,8.722584796175173,0.8762045238536903,
1613966733737828,2025,panoroma_fine,361336.7890929675,504998.1562380204,197.05928498559814,2.207815164005268,26.72184568245672,gt,north,0.0,0.6884875846501128,0.40816326530612246,False,3.506146515513794,True,361326.151720321,504999.921061535,,10.782777882303249,3.3850905313786983,
1613966733737828,2025,panoroma_two_pass,361336.7890929675,504998.1562380204,197.05928498559814,2.207815164005268,26.72184568245672,gt,north,0.0,0.6884875846501128,0.40816326530612246,False,3.506146515513794,True,361326.151720321,504999.921061535,,10.782777882303249,3.3850905313786983,
1613966733737828,2024,panoroma_coarse,361336.7890929675,504998.1562380204,197.05928498559814,2.207815164005268,26.72184568245672,gt,north,0.0,0.6609829488465396,0.45233463035019456,False,3.876556523882981,True,361331.720721162,504997.017077555,,5.194812732435332,7.151126054073208,
1613966733737828,2024,panoroma_fine,361336.7890929675,504998.1562380204,197.05928498559814,2.207815164005268,26.72184568245672,gt,north,0.0,0.6609829488465396,0.45233463035019456,False,3.876556523882981,True,361335.5521227862,504997.60703694075,,1.3534094189922068,0.09513919477730529,
1613966733737828,2024,panoroma_two_pass,361336.7890929675,504998.1562380204,197.05928498559814,2.207815164005268,26.72184568245672,gt,north,0.0,0.6609829488465396,0.45233463035019456,False,3.876556523882981,True,361335.5521227862,504997.60703694075,,1.3534094189922068,0.09513919477730529,
1597169132134158,2025,panoroma_coarse,361306.71443197003,505011.736835639,207.23425306814022,-8.225999577309977,16.617344621785456,gt,north,0.0,0.5347985347985348,0.39272271016311167,False,3.43618882984322,True,361307.8088872079,505008.6324301501,,3.2916812887985785,0.5435309125740933,
1597169132134158,2025,panoroma_fine,361306.71443197003,505011.736835639,207.23425306814022,-8.225999577309977,16.617344621785456,gt,north,0.0,0.5347985347985348,0.39272271016311167,False,3.43618882984322,True,361311.23823019647,505008.41563452996,,5.612051959860969,4.458176129148093,
1597169132134158,2025,panoroma_two_pass,361306.71443197003,505011.736835639,207.23425306814022,-8.225999577309977,16.617344621785456,gt,north,0.0,0.5347985347985348,0.39272271016311167,False,3.43618882984322,True,361311.23823019647,505008.41563452996,,5.612051959860969,4.458176129148093,
1597169132134158,2024,panoroma_coarse,361306.71443197003,505011.736835639,207.23425306814022,-8.225999577309977,16.617344621785456,gt,north,0.0,0.6846254927726675,0.445679012345679,False,3.4143364731743655,True,361307.52584123996,505009.4915437679,,2.3874087604858607,0.362949777627513,
1597169132134158,2024,panoroma_fine,361306.71443197003,505011.736835639,207.23425306814022,-8.225999577309977,16.617344621785456,gt,north,0.0,0.6846254927726675,0.445679012345679,False,3.4143364731743655,True,361304.4031565736,505010.8723167495,,2.467668306014961,1.002095839958312,
1597169132134158,2024,panoroma_two_pass,361306.71443197003,505011.736835639,207.23425306814022,-8.225999577309977,16.617344621785456,gt,north,0.0,0.6846254927726675,0.445679012345679,False,3.4143364731743655,True,361304.4031565736,505010.8723167495,,2.467668306014961,1.002095839958312,
1402659124563537,2025,panoroma_coarse,361277.040160692,505027.92995291576,208.03905708647943,8.65965665409513,8.855698734088296,gt,north,0.0,0.6546242774566474,0.3631713554987212,False,1.706105463874913,True,361279.43971862004,505023.9856753354,,4.616839165589432,3.910144822756669,
1402659124563537,2025,panoroma_fine,361277.040160692,505027.92995291576,208.03905708647943,8.65965665409513,8.855698734088296,gt,north,0.0,0.6546242774566474,0.3631713554987212,False,1.706105463874913,True,361279.6151835634,505025.68273394,,3.4177091615608584,8.50348500346657,
1402659124563537,2025,panoroma_two_pass,361277.040160692,505027.92995291576,208.03905708647943,8.65965665409513,8.855698734088296,gt,north,0.0,0.6546242774566474,0.3631713554987212,False,1.706105463874913,True,361279.6151835634,505025.68273394,,3.4177091615608584,8.50348500346657,
1402659124563537,2024,panoroma_coarse,361277.040160692,505027.92995291576,208.03905708647943,8.65965665409513,8.855698734088296,gt,north,0.0,0.7619047619047619,0.5362116991643454,False,2.357872433569203,True,361278.72627252195,505025.1118451765,,3.284007358880156,3.609098086007415,
1402659124563537,2024,panoroma_fine,361277.040160692,505027.92995291576,208.03905708647943,8.65965665409513,8.855698734088296,gt,north,0.0,0.7619047619047619,0.5362116991643454,False,2.357872433569203,True,361276.68936391955,505026.29951758863,,1.6677463031013102,0.8334295450537633,
1402659124563537,2024,panoroma_two_pass,361277.040160692,505027.92995291576,208.03905708647943,8.65965665409513,8.855698734088296,gt,north,0.0,0.7619047619047619,0.5362116991643454,False,2.357872433569203,True,361276.68936391955,505026.29951758863,,1.6677463031013102,0.8334295450537633,
1791234278691271,2025,panoroma_coarse,361248.69493693695,505043.69381941203,209.6648863003122,1.7435768371426832,16.24948713467383,gt,north,0.0,0.5107816711590296,0.4895330112721417,False,1.2134738176925892,True,361248.0801170561,505043.0697911151,,0.8760221465524777,6.812605977421403,
1791234278691271,2025,panoroma_fine,361248.69493693695,505043.69381941203,209.6648863003122,1.7435768371426832,16.24948713467383,gt,north,0.0,0.5107816711590296,0.4895330112721417,False,1.2134738176925892,True,361248.33948919736,505041.88436089846,,1.844039914945693,3.58035786735303,
1791234278691271,2025,panoroma_two_pass,361248.69493693695,505043.69381941203,209.6648863003122,1.7435768371426832,16.24948713467383,gt,north,0.0,0.5107816711590296,0.4895330112721417,False,1.2134738176925892,True,361248.33948919736,505041.88436089846,,1.844039914945693,3.58035786735303,
1791234278691271,2024,panoroma_coarse,361248.69493693695,505043.69381941203,209.6648863003122,1.7435768371426832,16.24948713467383,gt,north,0.0,0.71658615136876,0.4800637958532695,False,1.105613503478831,True,361246.2787810421,505041.3378736454,,3.37465402130785,7.762630582272611,
1791234278691271,2024,panoroma_fine,361248.69493693695,505043.69381941203,209.6648863003122,1.7435768371426832,16.24948713467383,gt,north,0.0,0.71658615136876,0.4800637958532695,False,1.105613503478831,True,361246.2161932332,505042.44171420694,,2.777037593094595,2.5789208337363263,
1791234278691271,2024,panoroma_two_pass,361248.69493693695,505043.69381941203,209.6648863003122,1.7435768371426832,16.24948713467383,gt,north,0.0,0.71658615136876,0.4800637958532695,False,1.105613503478831,True,361246.2161932332,505042.44171420694,,2.777037593094595,2.5789208337363263,
1405846657542303,2025,panoroma_coarse,361219.375578727,505062.97825993877,214.96344899372846,6.056737534159993,25.221231150621673,gt,north,0.0,0.5694760820045558,0.31362007168458783,False,0.19163267570721304,True,361212.623480803,505062.82455651375,,6.7538471346518,14.304646982467693,
1405846657542303,2025,panoroma_fine,361219.375578727,505062.97825993877,214.96344899372846,6.056737534159993,25.221231150621673,gt,north,0.0,0.5694760820045558,0.31362007168458783,False,0.19163267570721304,True,361212.8037528629,505062.8895570277,,6.572424468510712,0.023297789390804943,
1405846657542303,2025,panoroma_two_pass,361219.375578727,505062.97825993877,214.96344899372846,6.056737534159993,25.221231150621673,gt,north,0.0,0.5694760820045558,0.31362007168458783,False,0.19163267570721304,True,361212.8037528629,505062.8895570277,,6.572424468510712,0.023297789390804943,
1405846657542303,2024,panoroma_coarse,361219.375578727,505062.97825993877,214.96344899372846,6.056737534159993,25.221231150621673,gt,north,0.0,0.6485355648535565,0.35914332784184516,False,1.7583262054664714,True,361211.9460082035,505064.7849639912,,7.646090353684655,9.608144307702892,
1405846657542303,2024,panoroma_fine,361219.375578727,505062.97825993877,214.96344899372846,6.056737534159993,25.221231150621673,gt,north,0.0,0.6485355648535565,0.35914332784184516,False,1.7583262054664714,True,361213.55010903487,505064.06484485697,,5.925939918551754,1.095564524243143,
1405846657542303,2024,panoroma_two_pass,361219.375578727,505062.97825993877,214.96344899372846,6.056737534159993,25.221231150621673,gt,north,0.0,0.6485355648535565,0.35914332784184516,False,1.7583262054664714,True,361213.55010903487,505064.06484485697,,5.925939918551754,1.095564524243143,
1998492840812168,2025,panoroma_coarse,361193.17285884917,505080.8191491077,211.75623618199398,1.3895225455157458,10.470201063665568,gt,north,0.0,0.5217391304347826,0.3436928702010969,False,1.700283343907277,True,361185.204452002,505081.56142356974,,8.002904413949807,3.4268999829321483,
1998492840812168,2025,panoroma_fine,361193.17285884917,505080.8191491077,211.75623618199398,1.3895225455157458,10.470201063665568,gt,north,0.0,0.5217391304347826,0.3436928702010969,False,1.700283343907277,True,361184.9333219721,505083.23995029175,,8.58779636004689,0.37396752558565755,
1998492840812168,2025,panoroma_two_pass,361193.17285884917,505080.8191491077,211.75623618199398,1.3895225455157458,10.470201063665568,gt,north,0.0,0.5217391304347826,0.3436928702010969,False,1.700283343907277,True,361184.9333219721,505083.23995029175,,8.58779636004689,0.37396752558565755,
1998492840812168,2024,panoroma_coarse,361193.17285884917,505080.8191491077,211.75623618199398,1.3895225455157458,10.470201063665568,gt,north,0.0,0.5954825462012321,0.34056761268781305,False,2.289508686100707,True,361189.50665359397,505081.4603578042,,3.7218556615950527,7.564717536318527,
1998492840812168,2024,panoroma_fine,361193.17285884917,505080.8191491077,211.75623618199398,1.3895225455157458,10.470201063665568,gt,north,0.0,0.5954825462012321,0.34056761268781305,False,2.289508686100707,True,361187.60294611845,505082.732264983,,5.889307275073448,10.76840452802919,
1998492840812168,2024,panoroma_two_pass,361193.17285884917,505080.8191491077,211.75623618199398,1.3895225455157458,10.470201063665568,gt,north,0.0,0.5954825462012321,0.34056761268781305,False,2.289508686100707,True,361187.60294611845,505082.732264983,,5.889307275073448,10.76840452802919,
1805068834011537,2025,panoroma_coarse,361163.0245726018,505098.3813070329,208.45031946885874,8.009280813364882,21.666892470989286,gt,north,0.0,0.6563146997929606,0.4864864864864865,False,2.5635772665803778,True,361157.7439870086,505098.50737613614,,5.282090270513179,11.509996220369114,
1805068834011537,2025,panoroma_fine,361163.0245726018,505098.3813070329,208.45031946885874,8.009280813364882,21.666892470989286,gt,north,0.0,0.6563146997929606,0.4864864864864865,False,2.5635772665803778,True,361155.67717326083,505100.0240202387,,7.528796965776986,3.2668167359288596,
1805068834011537,2025,panoroma_two_pass,361163.0245726018,505098.3813070329,208.45031946885874,8.009280813364882,21.666892470989286,gt,north,0.0,0.6563146997929606,0.4864864864864865,False,2.5635772665803778,True,361155.67717326083,505100.0240202387,,7.528796965776986,3.2668167359288596,
1805068834011537,2024,panoroma_coarse,361163.0245726018,505098.3813070329,208.45031946885874,8.009280813364882,21.666892470989286,gt,north,0.0,0.6312849162011173,0.5042372881355932,False,2.886739185955854,True,361161.69505504455,505093.4933678084,,5.065527297057855,3.257764035572737,
1805068834011537,2024,panoroma_fine,361163.0245726018,505098.3813070329,208.45031946885874,8.009280813364882,21.666892470989286,gt,north,0.0,0.6312849162011173,0.5042372881355932,False,2.886739185955854,True,361164.57011138037,505093.23391801794,,5.374411948051439,2.3482380242687886,
1805068834011537,2024,panoroma_two_pass,361163.0245726018,505098.3813070329,208.45031946885874,8.009280813364882,21.666892470989286,gt,north,0.0,0.6312849162011173,0.5042372881355932,False,2.886739185955854,True,361164.57011138037,505093.23391801794,,5.374411948051439,2.3482380242687886,
1577342996632443,2025,panoroma_coarse,361134.2897713471,505114.6866960563,208.9614748458836,-9.746158045026704,19.367283357091466,gt,north,0.0,0.47619047619047616,0.4158215010141988,False,3.644365858520171,True,361131.24872205267,505110.604380294,,5.090509089873854,4.2676159630836095,
1577342996632443,2025,panoroma_fine,361134.2897713471,505114.6866960563,208.9614748458836,-9.746158045026704,19.367283357091466,gt,north,0.0,0.47619047619047616,0.4158215010141988,False,3.644365858520171,True,361134.8067242453,505109.81569600484,,4.898355009605371,2.0321869147814366,
1577342996632443,2025,panoroma_two_pass,361134.2897713471,505114.6866960563,208.9614748458836,-9.746158045026704,19.367283357091466,gt,north,0.0,0.47619047619047616,0.4158215010141988,False,3.644365858520171,True,361134.8067242453,505109.81569600484,,4.898355009605371,2.0321869147814366,
1577342996632443,2024,panoroma_coarse,361134.2897713471,505114.6866960563,208.9614748458836,-9.746158045026704,19.367283357091466,gt,north,0.0,0.43907563025210083,0.3948919449901768,False,3.599186206076126,True,361128.6485954943,505112.44424216653,,6.0705407048981375,13.317633775361106,
1577342996632443,2024,panoroma_fine,361134.2897713471,505114.6866960563,208.9614748458836,-9.746158045026704,19.367283357091466,gt,north,0.0,0.43907563025210083,0.3948919449901768,False,3.599186206076126,True,361125.20343109994,505113.4858676471,,9.165346035741376,1.2067504511823424,
1577342996632443,2024,panoroma_two_pass,361134.2897713471,505114.6866960563,208.9614748458836,-9.746158045026704,19.367283357091466,gt,north,0.0,0.43907563025210083,0.3948919449901768,False,3.599186206076126,True,361125.20343109994,505113.4858676471,,9.165346035741376,1.2067504511823424,
1627218468984037,2025,panoroma_coarse,361104.2994642516,505131.69463421684,208.56185229796802,-9.51871752746277,17.942895650688364,gt,north,0.0,0.4876543209876543,0.3382352941176471,False,1.3384873075170733,True,361105.35769405897,505130.2782319696,,1.7680626830181791,5.179045765390737,
1627218468984037,2025,panoroma_fine,361104.2994642516,505131.69463421684,208.56185229796802,-9.51871752746277,17.942895650688364,gt,north,0.0,0.4876543209876543,0.3382352941176471,False,1.3384873075170733,True,361105.52222552395,505128.9498955403,,3.004785438521207,0.08656785117391938,
1627218468984037,2025,panoroma_two_pass,361104.2994642516,505131.69463421684,208.56185229796802,-9.51871752746277,17.942895650688364,gt,north,0.0,0.4876543209876543,0.3382352941176471,False,1.3384873075170733,True,361105.52222552395,505128.9498955403,,3.004785438521207,0.08656785117391938,
1627218468984037,2024,panoroma_coarse,361104.2994642516,505131.69463421684,208.56185229796802,-9.51871752746277,17.942895650688364,gt,north,0.0,0.6203319502074689,0.33137254901960783,False,1.5961669173305628,True,361103.9612159722,505130.2692854936,,1.4649337464173648,0.9910883042512668,
1627218468984037,2024,panoroma_fine,361104.2994642516,505131.69463421684,208.56185229796802,-9.51871752746277,17.942895650688364,gt,north,0.0,0.6203319502074689,0.33137254901960783,False,1.5961669173305628,True,361104.11766489065,505128.6808042806,,3.0193081810361337,0.06984808452108318,
1627218468984037,2024,panoroma_two_pass,361104.2994642516,505131.69463421684,208.56185229796802,-9.51871752746277,17.942895650688364,gt,north,0.0,0.6203319502074689,0.33137254901960783,False,1.5961669173305628,True,361104.11766489065,505128.6808042806,,3.0193081810361337,0.06984808452108318,
2978326649172208,2025,panoroma_coarse,361076.50747162476,505147.5510879224,209.39059915242893,-2.7639669859896685,12.22159616334029,gt,north,0.0,0.5666666666666667,0.41161290322580646,False,4.8066063593062776,True,361081.11811004684,505146.21892918483,,4.799232601286155,14.639441309712907,
2978326649172208,2025,panoroma_fine,361076.50747162476,505147.5510879224,209.39059915242893,-2.7639669859896685,12.22159616334029,gt,north,0.0,0.5666666666666667,0.41161290322580646,False,4.8066063593062776,True,361079.52020415035,505141.6857005959,,6.593885482837202,5.021666425859011,
2978326649172208,2025,panoroma_two_pass,361076.50747162476,505147.5510879224,209.39059915242893,-2.7639669859896685,12.22159616334029,gt,north,0.0,0.5666666666666667,0.41161290322580646,False,4.8066063593062776,True,361079.52020415035,505141.6857005959,,6.593885482837202,5.021666425859011,
2978326649172208,2024,panoroma_coarse,361076.50747162476,505147.5510879224,209.39059915242893,-2.7639669859896685,12.22159616334029,gt,north,0.0,0.4423791821561338,0.5881326352530541,False,2.3682250246389316,True,361078.314285361,505141.8035564783,,6.024839713932551,27.899651736136647,
2978326649172208,2024,panoroma_fine,361076.50747162476,505147.5510879224,209.39059915242893,-2.7639669859896685,12.22159616334029,gt,north,0.0,0.4423791821561338,0.5881326352530541,False,2.3682250246389316,True,361080.3657575642,505140.62036098854,,7.9322976635021645,8.075602377749945,
2978326649172208,2024,panoroma_two_pass,361076.50747162476,505147.5510879224,209.39059915242893,-2.7639669859896685,12.22159616334029,gt,north,0.0,0.4423791821561338,0.5881326352530541,False,2.3682250246389316,True,361080.3657575642,505140.62036098854,,7.9322976635021645,8.075602377749945,
3754424991393145,2025,panoroma_coarse,361046.96864898404,505164.47608940955,209.01011630305157,-7.323402347842261,4.324208453072117,gt,north,0.0,0.5862068965517241,0.37137989778534924,False,2.8437087988509986,True,361048.7181267392,505163.52282939944,,1.9923295567446198,1.915534374198678,
3754424991393145,2025,panoroma_fine,361046.96864898404,505164.47608940955,209.01011630305157,-7.323402347842261,4.324208453072117,gt,north,0.0,0.5862068965517241,0.37137989778534924,False,2.8437087988509986,True,361046.9108550532,505165.7183814452,,1.2436356541641664,0.7964066640941827,
3754424991393145,2025,panoroma_two_pass,361046.96864898404,505164.47608940955,209.01011630305157,-7.323402347842261,4.324208453072117,gt,north,0.0,0.5862068965517241,0.37137989778534924,False,2.8437087988509986,True,361046.9108550532,505165.7183814452,,1.2436356541641664,0.7964066640941827,
3754424991393145,2024,panoroma_coarse,361046.96864898404,505164.47608940955,209.01011630305157,-7.323402347842261,4.324208453072117,gt,north,0.0,0.5398373983739837,0.4211469534050179,False,2.926405013956881,True,361046.0614274519,505153.68836801266,,10.825801764547467,4.787881748307217,
3754424991393145,2024,panoroma_fine,361046.96864898404,505164.47608940955,209.01011630305157,-7.323402347842261,4.324208453072117,gt,north,0.0,0.5398373983739837,0.4211469534050179,False,2.926405013956881,True,361045.5518011997,505156.5700563006,,8.031987124226815,5.781471924829082,
3754424991393145,2024,panoroma_two_pass,361046.96864898404,505164.47608940955,209.01011630305157,-7.323402347842261,4.324208453072117,gt,north,0.0,0.5398373983739837,0.4211469534050179,False,2.926405013956881,True,361045.5518011997,505156.5700563006,,8.031987124226815,5.781471924829082,
1260741202845756,2025,panoroma_coarse,361019.00799381535,505180.367778033,209.07188553601975,9.974654424802111,20.2058472807065,gt,north,0.0,0.5213523131672598,0.3303886925795053,False,3.8459518468925054,True,361028.922952477,505172.8603104111,,12.436578120880563,7.590112996295341,
1260741202845756,2025,panoroma_fine,361019.00799381535,505180.367778033,209.07188553601975,9.974654424802111,20.2058472807065,gt,north,0.0,0.5213523131672598,0.3303886925795053,False,3.8459518468925054,True,361027.2015575827,505176.2995174747,,9.147963225767661,1.4789683407205845,
1260741202845756,2025,panoroma_two_pass,361019.00799381535,505180.367778033,209.07188553601975,9.974654424802111,20.2058472807065,gt,north,0.0,0.5213523131672598,0.3303886925795053,False,3.8459518468925054,True,361027.2015575827,505176.2995174747,,9.147963225767661,1.4789683407205845,
1260741202845756,2024,panoroma_coarse,361019.00799381535,505180.367778033,209.07188553601975,9.974654424802111,20.2058472807065,gt,north,0.0,0.43471810089020774,0.31825795644891125,False,1.2188314711768897,True,361015.80552448455,505173.617399138,,7.471507548090489,18.574708783710943,
1260741202845756,2024,panoroma_fine,361019.00799381535,505180.367778033,209.07188553601975,9.974654424802111,20.2058472807065,gt,north,0.0,0.43471810089020774,0.31825795644891125,False,1.2188314711768897,True,361015.522052426,505174.8028078216,,6.566633903598631,3.508439509220057,
1260741202845756,2024,panoroma_two_pass,361019.00799381535,505180.367778033,209.07188553601975,9.974654424802111,20.2058472807065,gt,north,0.0,0.43471810089020774,0.31825795644891125,False,1.2188314711768897,True,361015.522052426,505174.8028078216,,6.566633903598631,3.508439509220057,
1556200629076514,2025,panoroma_coarse,360989.4216288107,505197.2621762613,208.21983132523448,3.866426053039504,23.963388304667205,gt,north,0.0,0.3793548387096774,0.3322422258592471,False,1.0532436027466996,True,360976.40153800667,505203.9328132185,,14.629427943708658,4.298711850385063,
1556200629076514,2025,panoroma_fine,360989.4216288107,505197.2621762613,208.21983132523448,3.866426053039504,23.963388304667205,gt,north,0.0,0.3793548387096774,0.3322422258592471,False,1.0532436027466996,True,360977.0028743004,505204.7975193817,,14.526075159140406,0.4376761698520212,
1556200629076514,2025,panoroma_two_pass,360989.4216288107,505197.2621762613,208.21983132523448,3.866426053039504,23.963388304667205,gt,north,0.0,0.3793548387096774,0.3322422258592471,False,1.0532436027466996,True,360977.0028743004,505204.7975193817,,14.526075159140406,0.4376761698520212,
1556200629076514,2024,panoroma_coarse,360989.4216288107,505197.2621762613,208.21983132523448,3.866426053039504,23.963388304667205,gt,north,0.0,0.5235690235690236,0.3017543859649123,False,3.3508489838149322,True,360987.4256383138,505204.3777101989,,7.39018276373397,0.20844355388022756,
1556200629076514,2024,panoroma_fine,360989.4216288107,505197.2621762613,208.21983132523448,3.866426053039504,23.963388304667205,gt,north,0.0,0.5235690235690236,0.3017543859649123,False,3.3508489838149322,True,360987.48876802466,505201.02745594707,,4.232408525934491,1.8056751936036581,
1556200629076514,2024,panoroma_two_pass,360989.4216288107,505197.2621762613,208.21983132523448,3.866426053039504,23.963388304667205,gt,north,0.0,0.5235690235690236,0.3017543859649123,False,3.3508489838149322,True,360987.48876802466,505201.02745594707,,4.232408525934491,1.8056751936036581,
1058757126920400,2025,panoroma_coarse,360824.89545035467,505384.04269541893,252.00850508478257,-4.616044715374443,15.673634989496275,gt,north,0.0,0.5307262569832403,0.32007233273056057,False,2.3031247967529143,True,360820.5815264081,505382.62132947764,,4.542050303107436,1.931175710916816,
1058757126920400,2025,panoroma_fine,360824.89545035467,505384.04269541893,252.00850508478257,-4.616044715374443,15.673634989496275,gt,north,0.0,0.5307262569832403,0.32007233273056057,False,2.3031247967529143,True,360819.0351108772,505384.3280757491,,5.867283930763963,4.226253267737805,
1058757126920400,2025,panoroma_two_pass,360824.89545035467,505384.04269541893,252.00850508478257,-4.616044715374443,15.673634989496275,gt,north,0.0,0.5307262569832403,0.32007233273056057,False,2.3031247967529143,True,360819.0351108772,505384.3280757491,,5.867283930763963,4.226253267737805,
1058757126920400,2024,panoroma_coarse,360824.89545035467,505384.04269541893,252.00850508478257,-4.616044715374443,15.673634989496275,gt,north,0.0,0.6168958742632613,0.24790619765494137,False,3.1957928657430865,True,360820.3343285396,505380.98227210384,,5.492724558849142,0.49256636452328434,
1058757126920400,2024,panoroma_fine,360824.89545035467,505384.04269541893,252.00850508478257,-4.616044715374443,15.673634989496275,gt,north,0.0,0.6168958742632613,0.24790619765494137,False,3.1957928657430865,True,360818.22545404575,505383.3834677248,,6.7024944545845555,9.340489538334404,
1058757126920400,2024,panoroma_two_pass,360824.89545035467,505384.04269541893,252.00850508478257,-4.616044715374443,15.673634989496275,gt,north,0.0,0.6168958742632613,0.24790619765494137,False,3.1957928657430865,True,360818.22545404575,505383.3834677248,,6.7024944545845555,9.340489538334404,
1100362855725571,2025,panoroma_coarse,360978.4813495051,505203.05984292924,206.0181185359829,-3.755703873765384,9.067933293211542,gt,north,0.0,0.4747292418772563,0.3723021582733813,False,2.378947140026824,True,360977.63313938753,505196.8455365613,,6.271926660802472,0.8884699071887953,
1100362855725571,2025,panoroma_fine,360978.4813495051,505203.05984292924,206.0181185359829,-3.755703873765384,9.067933293211542,gt,north,0.0,0.4747292418772563,0.3723021582733813,False,2.378947140026824,True,360979.1182902974,505194.9871188822,,8.097812489362832,0.2578481940833994,
1100362855725571,2025,panoroma_two_pass,360978.4813495051,505203.05984292924,206.0181185359829,-3.755703873765384,9.067933293211542,gt,north,0.0,0.4747292418772563,0.3723021582733813,False,2.378947140026824,True,360979.1182902974,505194.9871188822,,8.097812489362832,0.2578481940833994,
1100362855725571,2024,panoroma_coarse,360978.4813495051,505203.05984292924,206.0181185359829,-3.755703873765384,9.067933293211542,gt,north,0.0,0.5417558886509636,0.412573673870334,False,0.27065480082991167,True,360978.89572618203,505195.43127596634,,7.639812951757962,3.4752789667561013,
1100362855725571,2024,panoroma_fine,360978.4813495051,505203.05984292924,206.0181185359829,-3.755703873765384,9.067933293211542,gt,north,0.0,0.5417558886509636,0.412573673870334,False,0.27065480082991167,True,360978.6256176518,505195.44846326066,,7.612746794519297,1.6381836259778069,
1100362855725571,2024,panoroma_two_pass,360978.4813495051,505203.05984292924,206.0181185359829,-3.755703873765384,9.067933293211542,gt,north,0.0,0.5417558886509636,0.412573673870334,False,0.27065480082991167,True,360978.6256176518,505195.44846326066,,7.612746794519297,1.6381836259778069,
1041328292272541,2025,panoroma_coarse,360824.0357951551,505387.0502379555,253.4884275094645,0.2674387768103088,21.200510305914783,gt,north,0.0,0.5766283524904214,0.35892116182572614,False,5.486565324996454,True,360818.50015565427,505379.59261934896,,9.28759279706798,7.530037770520397,
1041328292272541,2025,panoroma_fine,360824.0357951551,505387.0502379555,253.4884275094645,0.2674387768103088,21.200510305914783,gt,north,0.0,0.5766283524904214,0.35892116182572614,False,5.486565324996454,True,360819.356611728,505374.1733129303,,13.700728289040624,2.3499695621585728,
1041328292272541,2025,panoroma_two_pass,360824.0357951551,505387.0502379555,253.4884275094645,0.2674387768103088,21.200510305914783,gt,north,0.0,0.5766283524904214,0.35892116182572614,False,5.486565324996454,True,360819.356611728,505374.1733129303,,13.700728289040624,2.3499695621585728,
1041328292272541,2024,panoroma_coarse,360824.0357951551,505387.0502379555,253.4884275094645,0.2674387768103088,21.200510305914783,gt,north,0.0,0.5866388308977035,0.4166666666666667,False,4.37832931628165,True,360817.9224376144,505377.93543998664,,10.975093732347501,0.3573326874029915,
1041328292272541,2024,panoroma_fine,360824.0357951551,505387.0502379555,253.4884275094645,0.2674387768103088,21.200510305914783,gt,north,0.0,0.5866388308977035,0.4166666666666667,False,4.37832931628165,True,360819.57779330015,505373.88209998666,,13.902288952033047,5.420672485977768,
1041328292272541,2024,panoroma_two_pass,360824.0357951551,505387.0502379555,253.4884275094645,0.2674387768103088,21.200510305914783,gt,north,0.0,0.5866388308977035,0.4166666666666667,False,4.37832931628165,True,360819.57779330015,505373.88209998666,,13.902288952033047,5.420672485977768,
1978181079545268,2025,panoroma_coarse,360981.2749126579,505201.62867444754,206.61423474529838,9.644586374877946,12.953828725393263,gt,north,0.0,0.5762411347517731,0.3965183752417795,False,2.752715489726048,True,360982.35534585273,505197.36320647824,,4.400176460726111,8.277229387612676,
1978181079545268,2025,panoroma_fine,360981.2749126579,505201.62867444754,206.61423474529838,9.644586374877946,12.953828725393263,gt,north,0.0,0.5762411347517731,0.3965183752417795,False,2.752715489726048,True,360981.3445341003,505194.80279593135,,6.826233563467582,9.979593619858539,
1978181079545268,2025,panoroma_two_pass,360981.2749126579,505201.62867444754,206.61423474529838,9.644586374877946,12.953828725393263,gt,north,0.0,0.5762411347517731,0.3965183752417795,False,2.752715489726048,True,360981.3445341003,505194.80279593135,,6.826233563467582,9.979593619858539,
1978181079545268,2024,panoroma_coarse,360981.2749126579,505201.62867444754,206.61423474529838,9.644586374877946,12.953828725393263,gt,north,0.0,0.594392523364486,0.3784860557768924,False,2.2098998424002407,True,360982.5938660612,505195.8888465935,,5.889419485310723,0.9318856316392965,
1978181079545268,2024,panoroma_fine,360981.2749126579,505201.62867444754,206.61423474529838,9.644586374877946,12.953828725393263,gt,north,0.0,0.594392523364486,0.3784860557768924,False,2.2098998424002407,True,360980.8069732018,505194.5885884567,,7.055620319519561,1.3502035820585607,
1978181079545268,2024,panoroma_two_pass,360981.2749126579,505201.62867444754,206.61423474529838,9.644586374877946,12.953828725393263,gt,north,0.0,0.594392523364486,0.3784860557768924,False,2.2098998424002407,True,360980.8069732018,505194.5885884567,,7.055620319519561,1.3502035820585607,
1624858092548608,2025,panoroma_coarse,360823.1726704277,505390.1981357848,254.17234934972836,7.1797413139955495,23.853490713467735,gt,north,0.0,0.5058626465661642,0.3100917431192661,False,1.2934875378131276,True,360816.4251630271,505386.48430137365,,7.702040129423891,1.09450778619619,
1624858092548608,2025,panoroma_fine,360823.1726704277,505390.1981357848,254.17234934972836,7.1797413139955495,23.853490713467735,gt,north,0.0,0.5058626465661642,0.3100917431192661,False,1.2934875378131276,True,360817.60209558875,505385.9477011912,,7.00696070142498,4.353724407002506,
1624858092548608,2025,panoroma_two_pass,360823.1726704277,505390.1981357848,254.17234934972836,7.1797413139955495,23.853490713467735,gt,north,0.0,0.5058626465661642,0.3100917431192661,False,1.2934875378131276,True,360817.60209558875,505385.9477011912,,7.00696070142498,4.353724407002506,
1624858092548608,2024,panoroma_coarse,360823.1726704277,505390.1981357848,254.17234934972836,7.1797413139955495,23.853490713467735,gt,north,0.0,0.566147859922179,0.40376569037656906,False,1.618707445491104,True,360816.8045246589,505385.9492170007,,7.655494194837886,3.6663260920417438,
1624858092548608,2024,panoroma_fine,360823.1726704277,505390.1981357848,254.17234934972836,7.1797413139955495,23.853490713467735,gt,north,0.0,0.566147859922179,0.40376569037656906,False,1.618707445491104,True,360817.4722273415,505387.42379725346,,6.339716528819854,2.112249692637442,
1624858092548608,2024,panoroma_two_pass,360823.1726704277,505390.1981357848,254.17234934972836,7.1797413139955495,23.853490713467735,gt,north,0.0,0.566147859922179,0.40376569037656906,False,1.618707445491104,True,360817.4722273415,505387.42379725346,,6.339716528819854,2.112249692637442,
1132747332749947,2025,panoroma_coarse,360984.0406199746,505200.1745466972,207.17550998792115,-8.78091025217077,21.611662427442003,gt,north,0.0,0.5920679886685553,0.3790849673202614,False,4.120049559657336,True,360991.601349385,505186.64301355125,,15.500548974032261,0.3758290086907997,
1132747332749947,2025,panoroma_fine,360984.0406199746,505200.1745466972,207.17550998792115,-8.78091025217077,21.611662427442003,gt,north,0.0,0.5920679886685553,0.3790849673202614,False,4.120049559657336,True,360988.04649596533,505188.7257582641,,12.129377520673764,1.5137102226336074,
1132747332749947,2025,panoroma_two_pass,360984.0406199746,505200.1745466972,207.17550998792115,-8.78091025217077,21.611662427442003,gt,north,0.0,0.5920679886685553,0.3790849673202614,False,4.120049559657336,True,360988.04649596533,505188.7257582641,,12.129377520673764,1.5137102226336074,
1132747332749947,2024,panoroma_coarse,360984.0406199746,505200.1745466972,207.17550998792115,-8.78091025217077,21.611662427442003,gt,north,0.0,0.6353322528363047,0.38697318007662834,False,4.909482133988632,True,360990.0480887424,505188.871127362,,12.800662860289492,7.327091998202177,
1132747332749947,2024,panoroma_fine,360984.0406199746,505200.1745466972,207.17550998792115,-8.78091025217077,21.611662427442003,gt,north,0.0,0.6353322528363047,0.38697318007662834,False,4.909482133988632,True,360985.4862628403,505190.6857235327,,9.598314869911992,0.022529420542149636,
1132747332749947,2024,panoroma_two_pass,360984.0406199746,505200.1745466972,207.17550998792115,-8.78091025217077,21.611662427442003,gt,north,0.0,0.6353322528363047,0.38697318007662834,False,4.909482133988632,True,360985.4862628403,505190.6857235327,,9.598314869911992,0.022529420542149636,
1999264247459733,2025,panoroma_coarse,360822.3839241866,505393.22124050464,254.44886624505065,4.525898695169161,16.108094445687676,gt,north,0.0,0.5298245614035088,0.2664298401420959,False,4.242998028558881,True,360821.85158627963,505395.5639193617,,2.4024004400544494,2.9330059130488246,
1999264247459733,2025,panoroma_fine,360822.3839241866,505393.22124050464,254.44886624505065,4.525898695169161,16.108094445687676,gt,north,0.0,0.5298245614035088,0.2664298401420959,False,4.242998028558881,True,360818.0514751213,505397.4512951734,,6.055037357753345,3.439181776521569,
1999264247459733,2025,panoroma_two_pass,360822.3839241866,505393.22124050464,254.44886624505065,4.525898695169161,16.108094445687676,gt,north,0.0,0.5298245614035088,0.2664298401420959,False,4.242998028558881,True,360818.0514751213,505397.4512951734,,6.055037357753345,3.439181776521569,
1999264247459733,2024,panoroma_coarse,360822.3839241866,505393.22124050464,254.44886624505065,4.525898695169161,16.108094445687676,gt,north,0.0,0.4058219178082192,0.35346358792184723,False,5.273439452667185,True,360820.59601504006,505394.2280351905,,2.0518905077125855,1.0755776264241381,
1999264247459733,2024,panoroma_fine,360822.3839241866,505393.22124050464,254.44886624505065,4.525898695169161,16.108094445687676,gt,north,0.0,0.4058219178082192,0.35346358792184723,False,5.273439452667185,True,360816.71709545754,505397.80058981327,,7.285834745219046,4.548755159592331,
1999264247459733,2024,panoroma_two_pass,360822.3839241866,505393.22124050464,254.44886624505065,4.525898695169161,16.108094445687676,gt,north,0.0,0.4058219178082192,0.35346358792184723,False,5.273439452667185,True,360816.71709545754,505397.80058981327,,7.285834745219046,4.548755159592331,
1069879799117962,2025,panoroma_coarse,360820.8094764566,505399.36092613544,254.80554887126746,5.634211228274609,10.055771934509213,gt,north,0.0,0.656188605108055,0.4068441064638783,False,2.045335958116323,True,360818.080972507,505381.8850509841,,17.687592999282963,1.716717017639932,
1069879799117962,2025,panoroma_fine,360820.8094764566,505399.36092613544,254.80554887126746,5.634211228274609,10.055771934509213,gt,north,0.0,0.656188605108055,0.4068441064638783,False,2.045335958116323,True,360818.16692686523,505383.92858004675,,15.656959287937411,1.4598461992459626,
1069879799117962,2025,panoroma_two_pass,360820.8094764566,505399.36092613544,254.80554887126746,5.634211228274609,10.055771934509213,gt,north,0.0,0.656188605108055,0.4068441064638783,False,2.045335958116323,True,360818.16692686523,505383.92858004675,,15.656959287937411,1.4598461992459626,
1069879799117962,2024,panoroma_coarse,360820.8094764566,505399.36092613544,254.80554887126746,5.634211228274609,10.055771934509213,gt,north,0.0,0.6146044624746451,0.35470941883767537,False,4.504822131526377,True,360819.92763410363,505381.025755778,,18.35636450856961,0.3096352672897322,
1069879799117962,2024,panoroma_fine,360820.8094764566,505399.36092613544,254.80554887126746,5.634211228274609,10.055771934509213,gt,north,0.0,0.6146044624746451,0.35470941883767537,False,4.504822131526377,True,360817.6034715008,505384.8847311125,,14.826958222054154,2.066554110600111,
1069879799117962,2024,panoroma_two_pass,360820.8094764566,505399.36092613544,254.80554887126746,5.634211228274609,10.055771934509213,gt,north,0.0,0.6146044624746451,0.35470941883767537,False,4.504822131526377,True,360817.6034715008,505384.8847311125,,14.826958222054154,2.066554110600111,
946071411273849,2025,panoroma_coarse,360812.4749577944,505432.53320290986,255.0794710465457,-3.0094849031974036,27.06803760713839,gt,north,0.0,0.47865853658536583,0.40117416829745595,False,3.420199411052288,True,360804.9899120173,505436.70957075804,,8.571345208819011,5.878182758029946,
946071411273849,2025,panoroma_fine,360812.4749577944,505432.53320290986,255.0794710465457,-3.0094849031974036,27.06803760713839,gt,north,0.0,0.47865853658536583,0.40117416829745595,False,3.420199411052288,True,360805.4711193247,505440.0957490668,,10.30756313033734,0.6274288403209629,
946071411273849,2025,panoroma_two_pass,360812.4749577944,505432.53320290986,255.0794710465457,-3.0094849031974036,27.06803760713839,gt,north,0.0,0.47865853658536583,0.40117416829745595,False,3.420199411052288,True,360805.4711193247,505440.0957490668,,10.30756313033734,0.6274288403209629,
946071411273849,2024,panoroma_coarse,360812.4749577944,505432.53320290986,255.0794710465457,-3.0094849031974036,27.06803760713839,gt,north,0.0,0.6170634920634921,0.3879472693032015,False,3.5170021940083833,True,360805.0873536868,505436.92756688147,,8.59576227950467,5.860156923733913,
946071411273849,2024,panoroma_fine,360812.4749577944,505432.53320290986,255.0794710465457,-3.0094849031974036,27.06803760713839,gt,north,0.0,0.6170634920634921,0.3879472693032015,False,3.5170021940083833,True,360806.65070823004,505440.0779997096,,9.531308500787748,0.37737337117655406,
946071411273849,2024,panoroma_two_pass,360812.4749577944,505432.53320290986,255.0794710465457,-3.0094849031974036,27.06803760713839,gt,north,0.0,0.6170634920634921,0.3879472693032015,False,3.5170021940083833,True,360806.65070823004,505440.0779997096,,9.531308500787748,0.37737337117655406,
28630049443257593,2025,panoroma_coarse,360803.7528703903,505466.15015777014,254.4464986745188,-6.098766869888834,3.470913553345336,gt,north,0.0,0.6788461538461539,0.32515337423312884,False,2.5612595834914145,True,360803.91866657266,505448.1599305598,,17.990991174851253,2.717402817030673,
28630049443257593,2025,panoroma_fine,360803.7528703903,505466.15015777014,254.4464986745188,-6.098766869888834,3.470913553345336,gt,north,0.0,0.6788461538461539,0.32515337423312884,False,2.5612595834914145,True,360801.60918172414,505449.26732858596,,17.018381896044083,0.3284218128269008,
28630049443257593,2025,panoroma_two_pass,360803.7528703903,505466.15015777014,254.4464986745188,-6.098766869888834,3.470913553345336,gt,north,0.0,0.6788461538461539,0.32515337423312884,False,2.5612595834914145,True,360801.60918172414,505449.26732858596,,17.018381896044083,0.3284218128269008,
28630049443257593,2024,panoroma_coarse,360803.7528703903,505466.15015777014,254.4464986745188,-6.098766869888834,3.470913553345336,gt,north,0.0,0.6746506986027944,0.32189542483660133,False,3.5927512680908955,True,360805.69784887054,505447.55783960375,,18.693775330014738,0.778500868663273,
28630049443257593,2024,panoroma_fine,360803.7528703903,505466.15015777014,254.4464986745188,-6.098766869888834,3.470913553345336,gt,north,0.0,0.6746506986027944,0.32189542483660133,False,3.5927512680908955,True,360809.28361197683,505447.3338650075,,19.61229144761743,0.3325538846220986,
28630049443257593,2024,panoroma_two_pass,360803.7528703903,505466.15015777014,254.4464986745188,-6.098766869888834,3.470913553345336,gt,north,0.0,0.6746506986027944,0.32189542483660133,False,3.5927512680908955,True,360809.28361197683,505447.3338650075,,19.61229144761743,0.3325538846220986,
2325916388183213,2025,panoroma_coarse,360795.28008992714,505498.1880449727,254.86163925606502,6.214781891097573,18.240725304295992,gt,north,0.0,0.4841688654353562,0.5070993914807302,False,2.44768331683423,True,360796.14824441867,505467.4679361172,,30.732373489789236,0.7141746557096642,
2325916388183213,2025,panoroma_fine,360795.28008992714,505498.1880449727,254.86163925606502,6.214781891097573,18.240725304295992,gt,north,0.0,0.4841688654353562,0.5070993914807302,False,2.44768331683423,True,360798.38965914544,505466.48446591315,,31.855711354633975,1.2928356281976245,
2325916388183213,2025,panoroma_two_pass,360795.28008992714,505498.1880449727,254.86163925606502,6.214781891097573,18.240725304295992,gt,north,0.0,0.4841688654353562,0.5070993914807302,False,2.44768331683423,True,360798.38965914544,505466.48446591315,,31.855711354633975,1.2928356281976245,
2325916388183213,2024,panoroma_coarse,360795.28008992714,505498.1880449727,254.86163925606502,6.214781891097573,18.240725304295992,gt,north,0.0,0.6075731497418244,0.4486486486486487,False,1.6903693921409562,True,360799.26644899475,505467.0748341389,,31.3675460787864,2.741017807490605,
2325916388183213,2024,panoroma_fine,360795.28008992714,505498.1880449727,254.86163925606502,6.214781891097573,18.240725304295992,gt,north,0.0,0.6075731497418244,0.4486486486486487,False,1.6903693921409562,True,360798.73910486285,505465.4688276481,,32.90154960882231,2.4146730727362646,
2325916388183213,2024,panoroma_two_pass,360795.28008992714,505498.1880449727,254.86163925606502,6.214781891097573,18.240725304295992,gt,north,0.0,0.6075731497418244,0.4486486486486487,False,1.6903693921409562,True,360798.73910486285,505465.4688276481,,32.90154960882231,2.4146730727362646,
1975241993146792,2025,panoroma_coarse,360790.9305160588,505531.0259289183,275.5645292688212,-9.310324339458248,14.384811499204622,gt,north,0.0,0.32061068702290074,0.441747572815534,False,4.534421575653154,True,360808.80629984406,505560.8558927353,,34.77600303746959,4.779725936693037,
1975241993146792,2025,panoroma_fine,360790.9305160588,505531.0259289183,275.5645292688212,-9.310324339458248,14.384811499204622,gt,north,0.0,0.32061068702290074,0.441747572815534,False,4.534421575653154,True,360805.9494230153,505564.37714731443,,36.57692352666648,4.304237919487415,
1975241993146792,2025,panoroma_two_pass,360790.9305160588,505531.0259289183,275.5645292688212,-9.310324339458248,14.384811499204622,gt,north,0.0,0.32061068702290074,0.441747572815534,False,4.534421575653154,True,360805.9494230153,505564.37714731443,,36.57692352666648,4.304237919487415,
1975241993146792,2024,panoroma_coarse,360790.9305160588,505531.0259289183,275.5645292688212,-9.310324339458248,14.384811499204622,gt,north,0.0,0.4005305039787798,0.45993031358885017,False,1.024423510713213,True,360789.2548003185,505530.191159817,,1.8721278521436107,1.4213215513371393,
1975241993146792,2024,panoroma_fine,360790.9305160588,505531.0259289183,275.5645292688212,-9.310324339458248,14.384811499204622,gt,north,0.0,0.4005305039787798,0.45993031358885017,False,1.024423510713213,True,360788.3005188736,505530.56370572455,,2.670306251157255,4.927635700473314,
1975241993146792,2024,panoroma_two_pass,360790.9305160588,505531.0259289183,275.5645292688212,-9.310324339458248,14.384811499204622,gt,north,0.0,0.4005305039787798,0.45993031358885017,False,1.024423510713213,True,360788.3005188736,505530.56370572455,,2.670306251157255,4.927635700473314,
2266652857522078,2025,panoroma_coarse,360801.94835124625,505561.35963224806,291.8080147247711,6.541867417117373,20.22785191795692,gt,north,0.0,0.5966850828729282,0.3586309523809524,False,3.1331117507901056,True,360802.7827374832,505564.6525511855,,3.3969862409332907,6.8327114344922055,
2266652857522078,2025,panoroma_fine,360801.94835124625,505561.35963224806,291.8080147247711,6.541867417117373,20.22785191795692,gt,north,0.0,0.5966850828729282,0.3586309523809524,False,3.1331117507901056,True,360803.1482232042,505567.7642724826,,6.516065473071903,6.697688415139543,
2266652857522078,2025,panoroma_two_pass,360801.94835124625,505561.35963224806,291.8080147247711,6.541867417117373,20.22785191795692,gt,north,0.0,0.5966850828729282,0.3586309523809524,False,3.1331117507901056,True,360803.1482232042,505567.7642724826,,6.516065473071903,6.697688415139543,
2266652857522078,2024,panoroma_coarse,360801.94835124625,505561.35963224806,291.8080147247711,6.541867417117373,20.22785191795692,gt,north,0.0,0.577120822622108,0.43815201192250375,False,4.640627954362081,True,360801.72121369664,505566.3599400121,,5.005463934700817,4.006588723856689,
2266652857522078,2024,panoroma_fine,360801.94835124625,505561.35963224806,291.8080147247711,6.541867417117373,20.22785191795692,gt,north,0.0,0.577120822622108,0.43815201192250375,False,4.640627954362081,True,360803.2826725188,505570.7299828217,,9.46487628714361,2.424884070988226,
2266652857522078,2024,panoroma_two_pass,360801.94835124625,505561.35963224806,291.8080147247711,6.541867417117373,20.22785191795692,gt,north,0.0,0.577120822622108,0.43815201192250375,False,4.640627954362081,True,360803.2826725188,505570.7299828217,,9.46487628714361,2.424884070988226,
2664235027388592,2025,panoroma_coarse,360814.3610915972,505591.13648182247,292.5960751883997,-7.8540605103696635,19.085480397872484,gt,north,0.0,0.7628205128205128,0.5189393939393939,False,0.9429536640192061,True,360808.12965096877,505584.1997712863,,9.32463432893279,2.48587984554961,
2664235027388592,2025,panoroma_fine,360814.3610915972,505591.13648182247,292.5960751883997,-7.8540605103696635,19.085480397872484,gt,north,0.0,0.7628205128205128,0.5189393939393939,False,0.9429536640192061,True,360808.89550331654,505584.7498910859,,8.406021442388658,0.25162557931141805,
2664235027388592,2025,panoroma_two_pass,360814.3610915972,505591.13648182247,292.5960751883997,-7.8540605103696635,19.085480397872484,gt,north,0.0,0.7628205128205128,0.5189393939393939,False,0.9429536640192061,True,360808.89550331654,505584.7498910859,,8.406021442388658,0.25162557931141805,
2664235027388592,2024,panoroma_coarse,360814.3610915972,505591.13648182247,292.5960751883997,-7.8540605103696635,19.085480397872484,gt,north,0.0,0.7096219931271478,0.5378486055776892,False,2.05233187610769,True,360808.25693351973,505583.2924902132,,9.939263061267658,3.097016807302427,
2664235027388592,2024,panoroma_fine,360814.3610915972,505591.13648182247,292.5960751883997,-7.8540605103696635,19.085480397872484,gt,north,0.0,0.7096219931271478,0.5378486055776892,False,2.05233187610769,True,360808.7492326188,505585.2849027525,,8.107646933952982,0.38241545932724313,
2664235027388592,2024,panoroma_two_pass,360814.3610915972,505591.13648182247,292.5960751883997,-7.8540605103696635,19.085480397872484,gt,north,0.0,0.7096219931271478,0.5378486055776892,False,2.05233187610769,True,360808.7492326188,505585.2849027525,,8.107646933952982,0.38241545932724313,
2298332014341910,2025,panoroma_coarse,360828.7860962364,505620.79880488664,298.88369572152936,-0.596773663281283,13.629079040365383,gt,north,0.0,0.6616257088846881,0.40148698884758366,False,1.7390260556950088,True,360825.9499297211,505614.6229786881,,6.795930380535828,2.345229156721014,
2298332014341910,2025,panoroma_fine,360828.7860962364,505620.79880488664,298.88369572152936,-0.596773663281283,13.629079040365383,gt,north,0.0,0.6616257088846881,0.40148698884758366,False,1.7390260556950088,True,360825.83604480844,505616.3582717035,,5.331147941884527,3.275829881613393,
2298332014341910,2025,panoroma_two_pass,360828.7860962364,505620.79880488664,298.88369572152936,-0.596773663281283,13.629079040365383,gt,north,0.0,0.6616257088846881,0.40148698884758366,False,1.7390260556950088,True,360825.83604480844,505616.3582717035,,5.331147941884527,3.275829881613393,
2298332014341910,2024,panoroma_coarse,360828.7860962364,505620.79880488664,298.88369572152936,-0.596773663281283,13.629079040365383,gt,north,0.0,0.7020872865275142,0.4157088122605364,False,2.311541470169808,True,360825.175886686,505615.153893432,,6.700644620351501,4.613170866427428,
2298332014341910,2024,panoroma_fine,360828.7860962364,505620.79880488664,298.88369572152936,-0.596773663281283,13.629079040365383,gt,north,0.0,0.7020872865275142,0.4157088122605364,False,2.311541470169808,True,360825.0188467956,505617.4600942995,,5.033801419760036,2.895702591888555,
2298332014341910,2024,panoroma_two_pass,360828.7860962364,505620.79880488664,298.88369572152936,-0.596773663281283,13.629079040365383,gt,north,0.0,0.7020872865275142,0.4157088122605364,False,2.311541470169808,True,360825.0188467956,505617.4600942995,,5.033801419760036,2.895702591888555,
2664985677254720,2025,panoroma_coarse,360846.2640029569,505652.54278573673,296.3486771705366,-6.696610376305955,16.315075646700098,gt,north,0.0,0.41283124128312415,0.3506311360448808,False,1.1497024612010966,True,360841.7290541013,505649.88372395094,,5.257030597579926,4.592063795259872,
2664985677254720,2025,panoroma_fine,360846.2640029569,505652.54278573673,296.3486771705366,-6.696610376305955,16.315075646700098,gt,north,0.0,0.41283124128312415,0.3506311360448808,False,1.1497024612010966,True,360842.6348400525,505650.5917970826,,4.12033737879726,4.397642895588445,
2664985677254720,2025,panoroma_two_pass,360846.2640029569,505652.54278573673,296.3486771705366,-6.696610376305955,16.315075646700098,gt,north,0.0,0.41283124128312415,0.3506311360448808,False,1.1497024612010966,True,360842.6348400525,505650.5917970826,,4.12033737879726,4.397642895588445,
2664985677254720,2024,panoroma_coarse,360846.2640029569,505652.54278573673,296.3486771705366,-6.696610376305955,16.315075646700098,gt,north,0.0,0.6622998544395924,0.38212435233160624,False,0.7640363115285622,True,360840.2446495695,505648.7540306505,,7.112473571559639,1.0938599669377314,
2664985677254720,2024,panoroma_fine,360846.2640029569,505652.54278573673,296.3486771705366,-6.696610376305955,16.315075646700098,gt,north,0.0,0.6622998544395924,0.38212435233160624,False,0.7640363115285622,True,360840.8059059217,505649.2724347327,,6.362862479706393,2.0708331245560525,
2664985677254720,2024,panoroma_two_pass,360846.2640029569,505652.54278573673,296.3486771705366,-6.696610376305955,16.315075646700098,gt,north,0.0,0.6622998544395924,0.38212435233160624,False,0.7640363115285622,True,360840.8059059217,505649.2724347327,,6.362862479706393,2.0708331245560525,
2190862265201212,2025,panoroma_coarse,360858.074267425,505681.2016031267,287.6809987164796,-6.584251183212814,19.459667173620172,gt,north,0.0,0.42415316642120765,0.42990654205607476,False,3.661183368852653,True,360848.40499938995,505673.59295354097,,12.303913720929854,16.94184299146123,
2190862265201212,2025,panoroma_fine,360858.074267425,505681.2016031267,287.6809987164796,-6.584251183212814,19.459667173620172,gt,north,0.0,0.42415316642120765,0.42990654205607476,False,3.661183368852653,True,360850.0940108035,505676.84126142436,,9.093793240786818,6.608896012826879,
2190862265201212,2025,panoroma_two_pass,360858.074267425,505681.2016031267,287.6809987164796,-6.584251183212814,19.459667173620172,gt,north,0.0,0.42415316642120765,0.42990654205607476,False,3.661183368852653,True,360850.0940108035,505676.84126142436,,9.093793240786818,6.608896012826879,
2190862265201212,2024,panoroma_coarse,360858.074267425,505681.2016031267,287.6809987164796,-6.584251183212814,19.459667173620172,gt,north,0.0,0.5568345323741007,0.3390119250425894,False,2.2801163634777106,True,360850.99397666805,505666.0919662596,,16.68627110709131,9.47040548057893,
2190862265201212,2024,panoroma_fine,360858.074267425,505681.2016031267,287.6809987164796,-6.584251183212814,19.459667173620172,gt,north,0.0,0.5568345323741007,0.3390119250425894,False,2.2801163634777106,True,360849.37192742684,505664.4895035018,,18.8421069765711,2.2360232736559302,
2190862265201212,2024,panoroma_two_pass,360858.074267425,505681.2016031267,287.6809987164796,-6.584251183212814,19.459667173620172,gt,north,0.0,0.5568345323741007,0.3390119250425894,False,2.2801163634777106,True,360849.37192742684,505664.4895035018,,18.8421069765711,2.2360232736559302,
1803778274142674,2025,panoroma_coarse,360866.5628902905,505714.5663897488,280.4521159059846,-9.689798420543354,25.618785417139208,gt,north,0.0,0.7209705372616985,0.4216300940438871,False,2.5144307538638913,True,360860.04877344973,505712.0477718689,,6.984064306735181,6.592572136714631,
1803778274142674,2025,panoroma_fine,360866.5628902905,505714.5663897488,280.4521159059846,-9.689798420543354,25.618785417139208,gt,north,0.0,0.7209705372616985,0.4216300940438871,False,2.5144307538638913,True,360859.6476910572,505714.5300077421,,6.915294938550028,0.8425161173025951,
1803778274142674,2025,panoroma_two_pass,360866.5628902905,505714.5663897488,280.4521159059846,-9.689798420543354,25.618785417139208,gt,north,0.0,0.7209705372616985,0.4216300940438871,False,2.5144307538638913,True,360859.6476910572,505714.5300077421,,6.915294938550028,0.8425161173025951,
1803778274142674,2024,panoroma_coarse,360866.5628902905,505714.5663897488,280.4521159059846,-9.689798420543354,25.618785417139208,gt,north,0.0,0.7311827956989247,0.43283582089552236,False,3.0529474434157886,True,360859.26196872856,505711.2432195092,,8.021652952811708,1.9711707295501624,
1803778274142674,2024,panoroma_fine,360866.5628902905,505714.5663897488,280.4521159059846,-9.689798420543354,25.618785417139208,gt,north,0.0,0.7311827956989247,0.43283582089552236,False,3.0529474434157886,True,360859.9416907492,505714.21953704377,,6.630278287142411,1.25557349238999,
1803778274142674,2024,panoroma_two_pass,360866.5628902905,505714.5663897488,280.4521159059846,-9.689798420543354,25.618785417139208,gt,north,0.0,0.7311827956989247,0.43283582089552236,False,3.0529474434157886,True,360859.9416907492,505714.21953704377,,6.630278287142411,1.25557349238999,
1595260398958253,2025,panoroma_coarse,360876.16708211036,505747.10174129903,294.28648085219186,-7.6361577110843655,23.198029424040953,gt,north,0.0,0.6757925072046109,0.40062597809076683,False,1.6801784712046295,True,360869.10033331177,505745.1302005519,,7.3366144440118335,0.06624798375193991,
1595260398958253,2025,panoroma_fine,360876.16708211036,505747.10174129903,294.28648085219186,-7.6361577110843655,23.198029424040953,gt,north,0.0,0.6757925072046109,0.40062597809076683,False,1.6801784712046295,True,360870.728183101,505745.5462591522,,5.656955642687201,1.652475965222536,
1595260398958253,2025,panoroma_two_pass,360876.16708211036,505747.10174129903,294.28648085219186,-7.6361577110843655,23.198029424040953,gt,north,0.0,0.6757925072046109,0.40062597809076683,False,1.6801784712046295,True,360870.728183101,505745.5462591522,,5.656955642687201,1.652475965222536,
1595260398958253,2024,panoroma_coarse,360876.16708211036,505747.10174129903,294.28648085219186,-7.6361577110843655,23.198029424040953,gt,north,0.0,0.6803149606299213,0.541907514450867,False,2.178122958445674,True,360867.12775143556,505745.9454465599,,9.112986150109329,4.545037166079269,
1595260398958253,2024,panoroma_fine,360876.16708211036,505747.10174129903,294.28648085219186,-7.6361577110843655,23.198029424040953,gt,north,0.0,0.6803149606299213,0.541907514450867,False,2.178122958445674,True,360868.8755114545,505747.2452752172,,7.292983245245864,1.6754293543792746,
1595260398958253,2024,panoroma_two_pass,360876.16708211036,505747.10174129903,294.28648085219186,-7.6361577110843655,23.198029424040953,gt,north,0.0,0.6803149606299213,0.541907514450867,False,2.178122958445674,True,360868.8755114545,505747.2452752172,,7.292983245245864,1.6754293543792746,
1618478246297464,2025,panoroma_coarse,360897.08296487853,505770.6888914574,359.2443918729163,-4.400738283139276,16.045954500843077,gt,north,0.0,0.668918918918919,0.3921832884097035,False,0.7868123168521075,True,360888.0597041135,505768.9499496269,,9.189295594501457,4.939295492951839,
1618478246297464,2025,panoroma_fine,360897.08296487853,505770.6888914574,359.2443918729163,-4.400738283139276,16.045954500843077,gt,north,0.0,0.668918918918919,0.3921832884097035,False,0.7868123168521075,True,360888.3000490382,505769.69915449823,,8.838506090211414,4.370834634227079,
1618478246297464,2025,panoroma_two_pass,360897.08296487853,505770.6888914574,359.2443918729163,-4.400738283139276,16.045954500843077,gt,north,0.0,0.668918918918919,0.3921832884097035,False,0.7868123168521075,True,360888.3000490382,505769.69915449823,,8.838506090211414,4.370834634227079,
1618478246297464,2024,panoroma_coarse,360897.08296487853,505770.6888914574,359.2443918729163,-4.400738283139276,16.045954500843077,gt,north,0.0,0.6261089987325729,0.43869209809264303,False,0.9260886337060996,True,360887.62883362715,505772.0191144243,,9.547255671653632,7.324995806809355,
1618478246297464,2024,panoroma_fine,360897.08296487853,505770.6888914574,359.2443918729163,-4.400738283139276,16.045954500843077,gt,north,0.0,0.6261089987325729,0.43869209809264303,False,0.9260886337060996,True,360888.5532247963,505772.07516015443,,8.641655325836561,0.7948344676050542,
1618478246297464,2024,panoroma_two_pass,360897.08296487853,505770.6888914574,359.2443918729163,-4.400738283139276,16.045954500843077,gt,north,0.0,0.6261089987325729,0.43869209809264303,False,0.9260886337060996,True,360888.5532247963,505772.07516015443,,8.641655325836561,0.7948344676050542,
1411397654284692,2025,panoroma_coarse,360928.39490721177,505760.7714622654,17.352959867827888,6.246018061213743,2.096490986487808,gt,north,0.0,0.7345360824742269,0.4668304668304668,False,2.3456501714957327,True,360924.0374514215,505760.2166051665,,4.392640136001635,1.5458554913265425,
1411397654284692,2025,panoroma_fine,360928.39490721177,505760.7714622654,17.352959867827888,6.246018061213743,2.096490986487808,gt,north,0.0,0.7345360824742269,0.4668304668304668,False,2.3456501714957327,True,360923.62732542906,505762.5261227346,,5.080223362901839,2.3820993736969154,
1411397654284692,2025,panoroma_two_pass,360928.39490721177,505760.7714622654,17.352959867827888,6.246018061213743,2.096490986487808,gt,north,0.0,0.7345360824742269,0.4668304668304668,False,2.3456501714957327,True,360923.62732542906,505762.5261227346,,5.080223362901839,2.3820993736969154,
1411397654284692,2024,panoroma_coarse,360928.39490721177,505760.7714622654,17.352959867827888,6.246018061213743,2.096490986487808,gt,north,0.0,0.6687116564417178,0.5543608124253285,False,4.52988004684529,True,360929.25341020426,505758.6114740425,,2.324344318528275,4.272913676867002,
1411397654284692,2024,panoroma_fine,360928.39490721177,505760.7714622654,17.352959867827888,6.246018061213743,2.096490986487808,gt,north,0.0,0.6687116564417178,0.5543608124253285,False,4.52988004684529,True,360925.7629888699,505761.49882094725,,2.7305759118253516,0.6898905559102786,
1411397654284692,2024,panoroma_two_pass,360928.39490721177,505760.7714622654,17.352959867827888,6.246018061213743,2.096490986487808,gt,north,0.0,0.6687116564417178,0.5543608124253285,False,4.52988004684529,True,360925.7629888699,505761.49882094725,,2.7305759118253516,0.6898905559102786,
2199725277275110,2025,panoroma_coarse,360959.47657312726,505750.6162178423,17.29410753099758,7.773469456953347,23.28978753886541,gt,north,0.0,0.3925531914893617,0.4698275862068966,False,4.94586465532091,True,360973.21672437154,505742.8840069212,,15.766383286735875,10.709312704375739,
2199725277275110,2025,panoroma_fine,360959.47657312726,505750.6162178423,17.29410753099758,7.773469456953347,23.28978753886541,gt,north,0.0,0.3925531914893617,0.4698275862068966,False,4.94586465532091,True,360978.07231734635,505743.82464184036,,19.797151503489786,2.8995849008996775,
2199725277275110,2025,panoroma_two_pass,360959.47657312726,505750.6162178423,17.29410753099758,7.773469456953347,23.28978753886541,gt,north,0.0,0.3925531914893617,0.4698275862068966,False,4.94586465532091,True,360978.07231734635,505743.82464184036,,19.797151503489786,2.8995849008996775,
2199725277275110,2024,panoroma_coarse,360959.47657312726,505750.6162178423,17.29410753099758,7.773469456953347,23.28978753886541,gt,north,0.0,0.6642754662840746,0.5239294710327456,False,3.7215036623258055,True,360976.3886470818,505742.5354249767,,18.743464428442696,0.2291286677340193,
2199725277275110,2024,panoroma_fine,360959.47657312726,505750.6162178423,17.29410753099758,7.773469456953347,23.28978753886541,gt,north,0.0,0.6642754662840746,0.5239294710327456,False,3.7215036623258055,True,360979.1551274936,505745.0246368279,,20.457548244847697,0.9677787872359929,
2199725277275110,2024,panoroma_two_pass,360959.47657312726,505750.6162178423,17.29410753099758,7.773469456953347,23.28978753886541,gt,north,0.0,0.6642754662840746,0.5239294710327456,False,3.7215036623258055,True,360979.1551274936,505745.0246368279,,20.457548244847697,0.9677787872359929,
1630029038733543,2025,panoroma_coarse,360977.76595758327,505730.73830788117,109.2852212235517,-2.240261776981299,15.147889371003807,gt,north,0.0,0.7187141216991964,0.5155945419103314,False,3.70038061156482,True,360975.59084830806,505729.44742198836,,2.5293253541933223,3.9484578390896505,
1630029038733543,2025,panoroma_fine,360977.76595758327,505730.73830788117,109.2852212235517,-2.240261776981299,15.147889371003807,gt,north,0.0,0.7187141216991964,0.5155945419103314,False,3.70038061156482,True,360975.84550604085,505733.1390295121,,3.074345210954667,2.1607816563118627,
1630029038733543,2025,panoroma_two_pass,360977.76595758327,505730.73830788117,109.2852212235517,-2.240261776981299,15.147889371003807,gt,north,0.0,0.7187141216991964,0.5155945419103314,False,3.70038061156482,True,360975.84550604085,505733.1390295121,,3.074345210954667,2.1607816563118627,
1630029038733543,2024,panoroma_coarse,360977.76595758327,505730.73830788117,109.2852212235517,-2.240261776981299,15.147889371003807,gt,north,0.0,0.6593521421107628,0.5569060773480663,False,1.2585457734702137,True,360975.7186434418,505732.0553108301,,2.434336041186385,2.4892444513213055,
1630029038733543,2024,panoroma_fine,360977.76595758327,505730.73830788117,109.2852212235517,-2.240261776981299,15.147889371003807,gt,north,0.0,0.6593521421107628,0.5569060773480663,False,1.2585457734702137,True,360975.50155988085,505733.29499312467,,3.4152798405144646,1.1214298179580136,
1630029038733543,2024,panoroma_two_pass,360977.76595758327,505730.73830788117,109.2852212235517,-2.240261776981299,15.147889371003807,gt,north,0.0,0.6593521421107628,0.5569060773480663,False,1.2585457734702137,True,360975.50155988085,505733.29499312467,,3.4152798405144646,1.1214298179580136,
1029541690071867,2025,panoroma_coarse,360965.52086601197,505699.5423200922,110.60057777067044,-5.522416923790388,9.584062810049588,gt,north,0.0,0.549936788874842,0.5671406003159558,False,2.080143546674887,True,360966.2129422093,505703.03927955247,,3.564785397418257,4.302832303543375,
1029541690071867,2025,panoroma_fine,360965.52086601197,505699.5423200922,110.60057777067044,-5.522416923790388,9.584062810049588,gt,north,0.0,0.549936788874842,0.5671406003159558,False,2.080143546674887,True,360964.4086360562,505702.0041580715,,2.7014258662260966,5.771549015427258,
1029541690071867,2025,panoroma_two_pass,360965.52086601197,505699.5423200922,110.60057777067044,-5.522416923790388,9.584062810049588,gt,north,0.0,0.549936788874842,0.5671406003159558,False,2.080143546674887,True,360964.4086360562,505702.0041580715,,2.7014258662260966,5.771549015427258,
1029541690071867,2024,panoroma_coarse,360965.52086601197,505699.5423200922,110.60057777067044,-5.522416923790388,9.584062810049588,gt,north,0.0,0.6311166875784191,0.5648,False,2.660014469228004,True,360966.132354351,505702.6384354244,,3.1559227080411905,3.510240210707008,
1029541690071867,2024,panoroma_fine,360965.52086601197,505699.5423200922,110.60057777067044,-5.522416923790388,9.584062810049588,gt,north,0.0,0.6311166875784191,0.5648,False,2.660014469228004,True,360963.7010145048,505701.55942498473,,2.7167207540521345,5.692257937182569,
1029541690071867,2024,panoroma_two_pass,360965.52086601197,505699.5423200922,110.60057777067044,-5.522416923790388,9.584062810049588,gt,north,0.0,0.6311166875784191,0.5648,False,2.660014469228004,True,360963.7010145048,505701.55942498473,,2.7167207540521345,5.692257937182569,
1110169474745368,2025,panoroma_coarse,360954.2398640532,505667.78448765073,105.04909601937412,3.6021032489483247,9.767387131936394,gt,north,0.0,0.8932432432432432,0.6576354679802956,False,0.9108342128220489,True,360952.600799284,505669.3670787621,,2.2784046926324923,4.228308553816977,
1110169474745368,2025,panoroma_fine,360954.2398640532,505667.78448765073,105.04909601937412,3.6021032489483247,9.767387131936394,gt,north,0.0,0.8932432432432432,0.6576354679802956,False,0.9108342128220489,True,360951.71225854463,505669.56736435264,,3.0931276955804083,4.320655273930952,
1110169474745368,2025,panoroma_two_pass,360954.2398640532,505667.78448765073,105.04909601937412,3.6021032489483247,9.767387131936394,gt,north,0.0,0.8932432432432432,0.6576354679802956,False,0.9108342128220489,True,360951.71225854463,505669.56736435264,,3.0931276955804083,4.320655273930952,
1110169474745368,2024,panoroma_coarse,360954.2398640532,505667.78448765073,105.04909601937412,3.6021032489483247,9.767387131936394,gt,north,0.0,0.8815612382234186,0.6941935483870968,False,1.4501547558781402,True,360952.91817450715,505668.8044129115,,1.669464223527129,3.0383304502138775,
1110169474745368,2024,panoroma_fine,360954.2398640532,505667.78448765073,105.04909601937412,3.6021032489483247,9.767387131936394,gt,north,0.0,0.8815612382234186,0.6941935483870968,False,1.4501547558781402,True,360951.4989782334,505669.1024577948,,3.041299126703649,4.363736294603149,
1110169474745368,2024,panoroma_two_pass,360954.2398640532,505667.78448765073,105.04909601937412,3.6021032489483247,9.767387131936394,gt,north,0.0,0.8815612382234186,0.6941935483870968,False,1.4501547558781402,True,360951.4989782334,505669.1024577948,,3.041299126703649,4.363736294603149,
2143531059567041,2025,panoroma_coarse,360980.2035497979,505651.34399289545,21.80630224487809,4.559382584696987,19.651679460938592,gt,north,0.0,0.7156862745098039,0.4883720930232558,False,2.2381915312906684,True,360984.25137003156,505648.52548284485,,4.932428159588777,1.8391967082811205,
2143531059567041,2025,panoroma_fine,360980.2035497979,505651.34399289545,21.80630224487809,4.559382584696987,19.651679460938592,gt,north,0.0,0.7156862745098039,0.4883720930232558,False,2.2381915312906684,True,360983.0795434717,505650.4323975897,,3.017009382348919,3.590631846725773,
2143531059567041,2025,panoroma_two_pass,360980.2035497979,505651.34399289545,21.80630224487809,4.559382584696987,19.651679460938592,gt,north,0.0,0.7156862745098039,0.4883720930232558,False,2.2381915312906684,True,360983.0795434717,505650.4323975897,,3.017009382348919,3.590631846725773,
2143531059567041,2024,panoroma_coarse,360980.2035497979,505651.34399289545,21.80630224487809,4.559382584696987,19.651679460938592,gt,north,0.0,0.7058823529411765,0.46098003629764067,False,1.1123619653130803,True,360981.55969505507,505649.86480397213,,2.0067709957683615,8.447197247204713,
2143531059567041,2024,panoroma_fine,360980.2035497979,505651.34399289545,21.80630224487809,4.559382584696987,19.651679460938592,gt,north,0.0,0.7058823529411765,0.46098003629764067,False,1.1123619653130803,True,360981.1061063634,505650.88048425684,,1.0146174707999185,0.5655400728016126,
2143531059567041,2024,panoroma_two_pass,360980.2035497979,505651.34399289545,21.80630224487809,4.559382584696987,19.651679460938592,gt,north,0.0,0.7058823529411765,0.46098003629764067,False,1.1123619653130803,True,360981.1061063634,505650.88048425684,,1.0146174707999185,0.5655400728016126,
1885191899114432,2025,panoroma_coarse,361009.02305004245,505639.24162336625,22.564392727789823,-6.3497481432418965,9.55927022792837,gt,north,0.0,0.5772230889235569,0.37735849056603776,False,3.311928643286006,True,360986.5430863053,505647.73806054814,,24.032024767144577,0.6177653222393014,
1885191899114432,2025,panoroma_fine,361009.02305004245,505639.24162336625,22.564392727789823,-6.3497481432418965,9.55927022792837,gt,north,0.0,0.5772230889235569,0.37735849056603776,False,3.311928643286006,True,360989.8549168497,505647.76355140214,,20.97714440871277,0.8074694090277722,
1885191899114432,2025,panoroma_two_pass,361009.02305004245,505639.24162336625,22.564392727789823,-6.3497481432418965,9.55927022792837,gt,north,0.0,0.5772230889235569,0.37735849056603776,False,3.311928643286006,True,360989.8549168497,505647.76355140214,,20.97714440871277,0.8074694090277722,
1885191899114432,2024,panoroma_coarse,361009.02305004245,505639.24162336625,22.564392727789823,-6.3497481432418965,9.55927022792837,gt,north,0.0,0.5491480996068152,0.4520766773162939,False,2.6006792231511295,True,360984.35785643145,505649.06439032883,,26.549171864093704,3.51930309057823,
1885191899114432,2024,panoroma_fine,361009.02305004245,505639.24162336625,22.564392727789823,-6.3497481432418965,9.55927022792837,gt,north,0.0,0.5491480996068152,0.4520766773162939,False,2.6006792231511295,True,360982.0619611925,505650.2860275391,,29.13553115196916,2.8637754951322556,
1885191899114432,2024,panoroma_two_pass,361009.02305004245,505639.24162336625,22.564392727789823,-6.3497481432418965,9.55927022792837,gt,north,0.0,0.5491480996068152,0.4520766773162939,False,2.6006792231511295,True,360982.0619611925,505650.2860275391,,29.13553115196916,2.8637754951322556,
1566349148627059,2025,panoroma_coarse,361039.9677668257,505626.0771525111,22.528355738064644,5.329842515423419,18.30538421682893,gt,north,0.0,0.43023255813953487,0.37967914438502676,False,0.6942445190872205,True,361016.58063979296,505634.41212752636,,24.827998698048162,14.13647185208742,
1566349148627059,2025,panoroma_fine,361039.9677668257,505626.0771525111,22.528355738064644,5.329842515423419,18.30538421682893,gt,north,0.0,0.43023255813953487,0.37967914438502676,False,0.6942445190872205,True,361016.74654801,505635.0862565317,,24.90760844684392,2.5774183948849076,
1566349148627059,2025,panoroma_two_pass,361039.9677668257,505626.0771525111,22.528355738064644,5.329842515423419,18.30538421682893,gt,north,0.0,0.43023255813953487,0.37967914438502676,False,0.6942445190872205,True,361016.74654801,505635.0862565317,,24.90760844684392,2.5774183948849076,
1566349148627059,2024,panoroma_coarse,361039.9677668257,505626.0771525111,22.528355738064644,5.329842515423419,18.30538421682893,gt,north,0.0,0.6899641577060932,0.5072202166064982,False,2.3113968986396567,True,361035.63546128524,505626.4456863665,,4.347952218962389,7.146276629776005,
1566349148627059,2024,panoroma_fine,361039.9677668257,505626.0771525111,22.528355738064644,5.329842515423419,18.30538421682893,gt,north,0.0,0.6899641577060932,0.5072202166064982,False,2.3113968986396567,True,361037.93388284266,505626.6902553085,,2.124283195964048,0.3919357473726356,
1566349148627059,2024,panoroma_two_pass,361039.9677668257,505626.0771525111,22.528355738064644,5.329842515423419,18.30538421682893,gt,north,0.0,0.6899641577060932,0.5072202166064982,False,2.3113968986396567,True,361037.93388284266,505626.6902553085,,2.124283195964048,0.3919357473726356,
2343542236381893,2025,panoroma_coarse,361071.1612371945,505613.02524712496,21.688621760325894,7.538995750061545,14.656620704728047,gt,north,0.0,0.584192439862543,0.43911439114391143,False,4.685065382721835,True,361067.20126094634,505612.11999003566,,4.062130264239443,1.3673231874695684,
2343542236381893,2025,panoroma_fine,361071.1612371945,505613.02524712496,21.688621760325894,7.538995750061545,14.656620704728047,gt,north,0.0,0.584192439862543,0.43911439114391143,False,4.685065382721835,True,361071.803558722,505612.99674132536,,0.6429537505423738,14.771498108560134,
2343542236381893,2025,panoroma_two_pass,361071.1612371945,505613.02524712496,21.688621760325894,7.538995750061545,14.656620704728047,gt,north,0.0,0.584192439862543,0.43911439114391143,False,4.685065382721835,True,361071.803558722,505612.99674132536,,0.6429537505423738,14.771498108560134,
2343542236381893,2024,panoroma_coarse,361071.1612371945,505613.02524712496,21.688621760325894,7.538995750061545,14.656620704728047,gt,north,0.0,0.4,0.5268199233716475,False,3.8226936565125267,True,361080.80641217076,505610.18153340195,,10.05565055385076,7.4071757628948145,
2343542236381893,2024,panoroma_fine,361071.1612371945,505613.02524712496,21.688621760325894,7.538995750061545,14.656620704728047,gt,north,0.0,0.4,0.5268199233716475,False,3.8226936565125267,True,361077.2318710431,505611.5363922574,,6.250542707681502,1.965298440264656,
2343542236381893,2024,panoroma_two_pass,361071.1612371945,505613.02524712496,21.688621760325894,7.538995750061545,14.656620704728047,gt,north,0.0,0.4,0.5268199233716475,False,3.8226936565125267,True,361077.2318710431,505611.5363922574,,6.250542707681502,1.965298440264656,
1843956966766764,2025,panoroma_coarse,361101.9827967382,505599.7779691089,22.536645763096583,6.441785557255869,19.16455212691325,gt,north,0.0,0.6911111111111111,0.4279749478079332,False,3.656556512288718,True,361107.1081579771,505596.3115759474,,6.187504293277905,1.013212411617455,
1843956966766764,2025,panoroma_fine,361101.9827967382,505599.7779691089,22.536645763096583,6.441785557255869,19.16455212691325,gt,north,0.0,0.6911111111111111,0.4279749478079332,False,3.656556512288718,True,361103.88413533336,505598.0367088467,,2.578192342341496,4.109420314394543,
1843956966766764,2025,panoroma_two_pass,361101.9827967382,505599.7779691089,22.536645763096583,6.441785557255869,19.16455212691325,gt,north,0.0,0.6911111111111111,0.4279749478079332,False,3.656556512288718,True,361103.88413533336,505598.0367088467,,2.578192342341496,4.109420314394543,
1843956966766764,2024,panoroma_coarse,361101.9827967382,505599.7779691089,22.536645763096583,6.441785557255869,19.16455212691325,gt,north,0.0,0.6711111111111111,0.46691176470588236,False,3.7413007076223614,True,361107.99453710177,505596.7674751614,,6.72339914080678,1.8135901926034874,
1843956966766764,2024,panoroma_fine,361101.9827967382,505599.7779691089,22.536645763096583,6.441785557255869,19.16455212691325,gt,north,0.0,0.6711111111111111,0.46691176470588236,False,3.7413007076223614,True,361104.5580363439,505598.24659433385,,2.9961588289515615,4.878426089927601,
1843956966766764,2024,panoroma_two_pass,361101.9827967382,505599.7779691089,22.536645763096583,6.441785557255869,19.16455212691325,gt,north,0.0,0.6711111111111111,0.46691176470588236,False,3.7413007076223614,True,361104.5580363439,505598.24659433385,,2.9961588289515615,4.878426089927601,
1378668397810037,2025,panoroma_coarse,361133.45828977134,505587.590027526,18.889311079430556,9.19654775307659,18.29082996174737,gt,north,0.0,0.7715430861723447,0.47992351816443596,False,1.8842501651936785,True,361134.40009908366,505587.23282241967,,1.007273681173534,6.774808990424616,
1378668397810037,2025,panoroma_fine,361133.45828977134,505587.590027526,18.889311079430556,9.19654775307659,18.29082996174737,gt,north,0.0,0.7715430861723447,0.47992351816443596,False,1.8842501651936785,True,361136.27696977544,505587.06622382597,,2.866936916240715,4.265486272006535,
1378668397810037,2025,panoroma_two_pass,361133.45828977134,505587.590027526,18.889311079430556,9.19654775307659,18.29082996174737,gt,north,0.0,0.7715430861723447,0.47992351816443596,False,1.8842501651936785,True,361136.27696977544,505587.06622382597,,2.866936916240715,4.265486272006535,
1378668397810037,2024,panoroma_coarse,361133.45828977134,505587.590027526,18.889311079430556,9.19654775307659,18.29082996174737,gt,north,0.0,0.762,0.4364326375711575,False,1.575097497570969,True,361134.9831317052,505587.21712330566,,1.5697772073845024,5.837397976795268,
1378668397810037,2024,panoroma_fine,361133.45828977134,505587.590027526,18.889311079430556,9.19654775307659,18.29082996174737,gt,north,0.0,0.762,0.4364326375711575,False,1.575097497570969,True,361136.30397735245,505586.35904469446,,3.1005252040396583,6.4336304952987575,
1378668397810037,2024,panoroma_two_pass,361133.45828977134,505587.590027526,18.889311079430556,9.19654775307659,18.29082996174737,gt,north,0.0,0.762,0.4364326375711575,False,1.575097497570969,True,361136.30397735245,505586.35904469446,,3.1005252040396583,6.4336304952987575,
1640881657746457,2025,panoroma_coarse,361164.7459236542,505574.790562897,22.57263785958171,-3.138304440327204,10.271705287279374,gt,north,0.0,0.5486111111111112,0.5022354694485842,False,3.1530074770031384,True,361172.5445019154,505573.74804763356,,7.867951510456884,10.81657111943552,
1640881657746457,2025,panoroma_fine,361164.7459236542,505574.790562897,22.57263785958171,-3.138304440327204,10.271705287279374,gt,north,0.0,0.5486111111111112,0.5022354694485842,False,3.1530074770031384,True,361169.88385731884,505572.0561769291,,5.820243033062274,0.01063537585995421,
1640881657746457,2025,panoroma_two_pass,361164.7459236542,505574.790562897,22.57263785958171,-3.138304440327204,10.271705287279374,gt,north,0.0,0.5486111111111112,0.5022354694485842,False,3.1530074770031384,True,361169.88385731884,505572.0561769291,,5.820243033062274,0.01063537585995421,
1640881657746457,2024,panoroma_coarse,361164.7459236542,505574.790562897,22.57263785958171,-3.138304440327204,10.271705287279374,gt,north,0.0,0.6456009913258984,0.5065885797950219,False,0.8902841821442307,True,361171.43277083006,505573.03688401746,,6.912981611870208,4.203272804059979,
1640881657746457,2024,panoroma_fine,361164.7459236542,505574.790562897,22.57263785958171,-3.138304440327204,10.271705287279374,gt,north,0.0,0.6456009913258984,0.5065885797950219,False,0.8902841821442307,True,361171.5145149246,505572.15036056715,,7.265293946475203,2.667821633107751,
1640881657746457,2024,panoroma_two_pass,361164.7459236542,505574.790562897,22.57263785958171,-3.138304440327204,10.271705287279374,gt,north,0.0,0.6456009913258984,0.5065885797950219,False,0.8902841821442307,True,361171.5145149246,505572.15036056715,,7.265293946475203,2.667821633107751,
1329442135766852,2025,panoroma_coarse,361195.54057250504,505562.247072299,20.64097160126914,0.7450062186188795,20.772686603243322,gt,north,0.0,0.5633971291866029,0.4230769230769231,False,3.9859134876933573,True,361189.06899080926,505565.00985984894,,7.036644419832281,8.760266922203126,
1329442135766852,2025,panoroma_fine,361195.54057250504,505562.247072299,20.64097160126914,0.7450062186188795,20.772686603243322,gt,north,0.0,0.5633971291866029,0.4230769230769231,False,3.9859134876933573,True,361192.9613508643,505564.15134978335,,3.2060344678885895,2.1142837585114638,
1329442135766852,2025,panoroma_two_pass,361195.54057250504,505562.247072299,20.64097160126914,0.7450062186188795,20.772686603243322,gt,north,0.0,0.5633971291866029,0.4230769230769231,False,3.9859134876933573,True,361192.9613508643,505564.15134978335,,3.2060344678885895,2.1142837585114638,
1329442135766852,2024,panoroma_coarse,361195.54057250504,505562.247072299,20.64097160126914,0.7450062186188795,20.772686603243322,gt,north,0.0,0.6638176638176638,0.4233918128654971,False,3.931773016319161,True,361189.8365929299,505566.2154080141,,6.9486021141661425,4.637860720052011,
1329442135766852,2024,panoroma_fine,361195.54057250504,505562.247072299,20.64097160126914,0.7450062186188795,20.772686603243322,gt,north,0.0,0.6638176638176638,0.4233918128654971,False,3.931773016319161,True,361186.1326303839,505567.53430926503,,10.791860344247239,4.384179556807589,
1329442135766852,2024,panoroma_two_pass,361195.54057250504,505562.247072299,20.64097160126914,0.7450062186188795,20.772686603243322,gt,north,0.0,0.6638176638176638,0.4233918128654971,False,3.931773016319161,True,361186.1326303839,505567.53430926503,,10.791860344247239,4.384179556807589,
1877539553208523,2025,panoroma_coarse,361226.3647825685,505550.4629049683,19.144616178197545,-7.744703053850381,16.0628047968742,gt,north,0.0,0.5127272727272727,0.4386873920552677,False,2.407316910777151,True,361232.9431215676,505546.87826949893,,7.491605664719151,3.8851292895399774,
1877539553208523,2025,panoroma_fine,361226.3647825685,505550.4629049683,19.144616178197545,-7.744703053850381,16.0628047968742,gt,north,0.0,0.5127272727272727,0.4386873920552677,False,2.407316910777151,True,361234.4754329386,505545.0216067479,,9.766799667755762,3.98252799746019,
1877539553208523,2025,panoroma_two_pass,361226.3647825685,505550.4629049683,19.144616178197545,-7.744703053850381,16.0628047968742,gt,north,0.0,0.5127272727272727,0.4386873920552677,False,2.407316910777151,True,361234.4754329386,505545.0216067479,,9.766799667755762,3.98252799746019,
1877539553208523,2024,panoroma_coarse,361226.3647825685,505550.4629049683,19.144616178197545,-7.744703053850381,16.0628047968742,gt,north,0.0,0.518005540166205,0.45754716981132076,False,3.0848485539461024,True,361223.2675766696,505550.26076665986,,3.1037951407772937,2.768234152850532,
1877539553208523,2024,panoroma_fine,361226.3647825685,505550.4629049683,19.144616178197545,-7.744703053850381,16.0628047968742,gt,north,0.0,0.518005540166205,0.45754716981132076,False,3.0848485539461024,True,361220.6854225994,505551.94859691156,,5.870469334636355,2.26504174207017,
1877539553208523,2024,panoroma_two_pass,361226.3647825685,505550.4629049683,19.144616178197545,-7.744703053850381,16.0628047968742,gt,north,0.0,0.518005540166205,0.45754716981132076,False,3.0848485539461024,True,361220.6854225994,505551.94859691156,,5.870469334636355,2.26504174207017,
971140639343305,2025,panoroma_coarse,361257.99184614775,505539.6962324716,20.161977218906035,0.1511464765484405,13.103445655290946,gt,north,0.0,0.49914529914529915,0.31600547195622436,False,3.1128095066611525,True,361257.66553861706,505536.1054837103,,3.605544795376861,4.445808207017207,
971140639343305,2025,panoroma_fine,361257.99184614775,505539.6962324716,20.161977218906035,0.1511464765484405,13.103445655290946,gt,north,0.0,0.49914529914529915,0.31600547195622436,False,3.1128095066611525,True,361255.09329220856,505537.85851863254,,3.432026674243367,13.805127554250964,
971140639343305,2025,panoroma_two_pass,361257.99184614775,505539.6962324716,20.161977218906035,0.1511464765484405,13.103445655290946,gt,north,0.0,0.49914529914529915,0.31600547195622436,False,3.1128095066611525,True,361255.09329220856,505537.85851863254,,3.432026674243367,13.805127554250964,
971140639343305,2024,panoroma_coarse,361257.99184614775,505539.6962324716,20.161977218906035,0.1511464765484405,13.103445655290946,gt,north,0.0,0.32967032967032966,0.40797546012269936,False,4.517411102079056,True,361227.99329368194,505552.1678709869,,32.487765655710554,13.941168550884067,
971140639343305,2024,panoroma_fine,361257.99184614775,505539.6962324716,20.161977218906035,0.1511464765484405,13.103445655290946,gt,north,0.0,0.32967032967032966,0.40797546012269936,False,4.517411102079056,True,361223.5045037614,505551.66016229615,,36.50359436710839,8.49341269624305,
971140639343305,2024,panoroma_two_pass,361257.99184614775,505539.6962324716,20.161977218906035,0.1511464765484405,13.103445655290946,gt,north,0.0,0.32967032967032966,0.40797546012269936,False,4.517411102079056,True,361223.5045037614,505551.66016229615,,36.50359436710839,8.49341269624305,
1426839858986128,2025,panoroma_coarse,361288.8926168677,505527.25597672444,27.06509414953422,-9.004017419140517,22.006004154289617,gt,north,0.0,0.6402266288951841,0.3521341463414634,False,1.3537565442242823,True,361292.97423867823,505517.97932513885,,10.134885359214527,5.269695677396514,
1426839858986128,2025,panoroma_fine,361288.8926168677,505527.25597672444,27.06509414953422,-9.004017419140517,22.006004154289617,gt,north,0.0,0.6402266288951841,0.3521341463414634,False,1.3537565442242823,True,361292.6391271697,505519.2909489637,,8.802159205079327,3.498285219285071,
1426839858986128,2025,panoroma_two_pass,361288.8926168677,505527.25597672444,27.06509414953422,-9.004017419140517,22.006004154289617,gt,north,0.0,0.6402266288951841,0.3521341463414634,False,1.3537565442242823,True,361292.6391271697,505519.2909489637,,8.802159205079327,3.498285219285071,
1426839858986128,2024,panoroma_coarse,361288.8926168677,505527.25597672444,27.06509414953422,-9.004017419140517,22.006004154289617,gt,north,0.0,0.6923076923076923,0.4272300469483568,False,2.6245330635704933,True,361293.731337522,505516.92727022694,,11.405936852421398,1.2381048513082669,
1426839858986128,2024,panoroma_fine,361288.8926168677,505527.25597672444,27.06509414953422,-9.004017419140517,22.006004154289617,gt,north,0.0,0.6923076923076923,0.4272300469483568,False,2.6245330635704933,True,361293.26500530017,505519.5100416184,,8.894790119540325,1.3490855049794788,
1426839858986128,2024,panoroma_two_pass,361288.8926168677,505527.25597672444,27.06509414953422,-9.004017419140517,22.006004154289617,gt,north,0.0,0.6923076923076923,0.4272300469483568,False,2.6245330635704933,True,361293.26500530017,505519.5100416184,,8.894790119540325,1.3490855049794788,
1419645030041727,2025,panoroma_coarse,361318.3638489618,505515.4230037108,14.89806713836782,-0.4548197651768717,14.476907131508781,gt,north,0.0,0.49746621621621623,0.39076154806491886,False,1.369807359258592,True,361300.6343629675,505516.73871246434,,17.778238471370088,14.283987626387157,
1419645030041727,2025,panoroma_fine,361318.3638489618,505515.4230037108,14.89806713836782,-0.4548197651768717,14.476907131508781,gt,north,0.0,0.49746621621621623,0.39076154806491886,False,1.369807359258592,True,361299.466231396,505517.45414298726,,19.006458808048524,8.408427954848214,
1419645030041727,2025,panoroma_two_pass,361318.3638489618,505515.4230037108,14.89806713836782,-0.4548197651768717,14.476907131508781,gt,north,0.0,0.49746621621621623,0.39076154806491886,False,1.369807359258592,True,361299.466231396,505517.45414298726,,19.006458808048524,8.408427954848214,
1419645030041727,2024,panoroma_coarse,361318.3638489618,505515.4230037108,14.89806713836782,-0.4548197651768717,14.476907131508781,gt,north,0.0,0.706021251475797,0.48132780082987553,False,3.6790207105489383,True,361302.981341559,505515.0785011802,,15.386364612563556,6.84123393876697,
1419645030041727,2024,panoroma_fine,361318.3638489618,505515.4230037108,14.89806713836782,-0.4548197651768717,14.476907131508781,gt,north,0.0,0.706021251475797,0.48132780082987553,False,3.6790207105489383,True,361300.3817077759,505517.68178710045,,18.123451769213094,1.8260364427009617,
1419645030041727,2024,panoroma_two_pass,361318.3638489618,505515.4230037108,14.89806713836782,-0.4548197651768717,14.476907131508781,gt,north,0.0,0.706021251475797,0.48132780082987553,False,3.6790207105489383,True,361300.3817077759,505517.68178710045,,18.123451769213094,1.8260364427009617,
4510807879135648,2025,panoroma_coarse,361351.93503453897,505507.6781751616,10.412533002251346,-6.189305251400814,17.753895335435598,gt,north,0.0,0.3675623800383877,0.4104979811574697,False,0.8243010407481315,True,361353.09080038354,505498.099638085,,9.648013640909607,9.091081904034292,
4510807879135648,2025,panoroma_fine,361351.93503453897,505507.6781751616,10.412533002251346,-6.189305251400814,17.753895335435598,gt,north,0.0,0.3675623800383877,0.4104979811574697,False,0.8243010407481315,True,361352.38812974194,505497.66867848695,,10.01974645101311,10.487991761413243,
4510807879135648,2025,panoroma_two_pass,361351.93503453897,505507.6781751616,10.412533002251346,-6.189305251400814,17.753895335435598,gt,north,0.0,0.3675623800383877,0.4104979811574697,False,0.8243010407481315,True,361352.38812974194,505497.66867848695,,10.01974645101311,10.487991761413243,
4510807879135648,2024,panoroma_coarse,361351.93503453897,505507.6781751616,10.412533002251346,-6.189305251400814,17.753895335435598,gt,north,0.0,0.7053701015965167,0.5225102319236017,False,1.2545188128004272,True,361352.97085239145,505498.3536645799,,9.381866350107426,0.0546156189534223,
4510807879135648,2024,panoroma_fine,361351.93503453897,505507.6781751616,10.412533002251346,-6.189305251400814,17.753895335435598,gt,north,0.0,0.7053701015965167,0.5225102319236017,False,1.2545188128004272,True,361352.6827443563,505499.57465238153,,8.13794515942814,2.642292361512932,
4510807879135648,2024,panoroma_two_pass,361351.93503453897,505507.6781751616,10.412533002251346,-6.189305251400814,17.753895335435598,gt,north,0.0,0.7053701015965167,0.5225102319236017,False,1.2545188128004272,True,361352.6827443563,505499.57465238153,,8.13794515942814,2.642292361512932,
929538789876463,2025,panoroma_coarse,361382.61629521067,505499.73874528706,54.501828891654704,9.315541297746691,17.1982891736279,gt,north,0.0,0.5722627737226277,0.43333333333333335,False,1.6042698287032635,True,361384.3114248482,505489.0958171526,,10.777076772655086,1.0253377403632304,
929538789876463,2025,panoroma_fine,361382.61629521067,505499.73874528706,54.501828891654704,9.315541297746691,17.1982891736279,gt,north,0.0,0.5722627737226277,0.43333333333333335,False,1.6042698287032635,True,361385.1776406449,505490.4461326257,,9.639146254091226,0.7293883337093214,
929538789876463,2025,panoroma_two_pass,361382.61629521067,505499.73874528706,54.501828891654704,9.315541297746691,17.1982891736279,gt,north,0.0,0.5722627737226277,0.43333333333333335,False,1.6042698287032635,True,361385.1776406449,505490.4461326257,,9.639146254091226,0.7293883337093214,
929538789876463,2024,panoroma_coarse,361382.61629521067,505499.73874528706,54.501828891654704,9.315541297746691,17.1982891736279,gt,north,0.0,0.5709090909090909,0.4898373983739837,False,0.17285884793170284,True,361383.74863162136,505489.75559950137,,10.047158082033704,4.663907233189179,
929538789876463,2024,panoroma_fine,361382.61629521067,505499.73874528706,54.501828891654704,9.315541297746691,17.1982891736279,gt,north,0.0,0.5709090909090909,0.4898373983739837,False,0.17285884793170284,True,361383.8819153199,505489.64552844694,,10.172257391677103,0.2546942987612267,
929538789876463,2024,panoroma_two_pass,361382.61629521067,505499.73874528706,54.501828891654704,9.315541297746691,17.1982891736279,gt,north,0.0,0.5709090909090909,0.4898373983739837,False,0.17285884793170284,True,361383.8819153199,505489.64552844694,,10.172257391677103,0.2546942987612267,
1736493034133252,2025,panoroma_coarse,361376.68114395306,505464.6876076674,100.01794967969442,-4.190006797842443,29.5209337350393,gt,north,0.0,0.5011709601873536,0.4014778325123153,False,5.139809751395498,True,361371.97530146834,505456.6699142547,,9.296685492766672,12.441629370398614,
1736493034133252,2025,panoroma_fine,361376.68114395306,505464.6876076674,100.01794967969442,-4.190006797842443,29.5209337350393,gt,north,0.0,0.5011709601873536,0.4014778325123153,False,5.139809751395498,True,361376.1273385102,505459.69947407144,,5.018782445948157,5.160221470418814,
1736493034133252,2025,panoroma_two_pass,361376.68114395306,505464.6876076674,100.01794967969442,-4.190006797842443,29.5209337350393,gt,north,0.0,0.5011709601873536,0.4014778325123153,False,5.139809751395498,True,361376.1273385102,505459.69947407144,,5.018782445948157,5.160221470418814,
1736493034133252,2024,panoroma_coarse,361376.68114395306,505464.6876076674,100.01794967969442,-4.190006797842443,29.5209337350393,gt,north,0.0,0.48405253283302063,0.3963254593175853,False,4.3284127773052194,True,361372.7334816123,505455.7662448552,,9.755754834150009,1.6820157955107957,
1736493034133252,2024,panoroma_fine,361376.68114395306,505464.6876076674,100.01794967969442,-4.190006797842443,29.5209337350393,gt,north,0.0,0.48405253283302063,0.3963254593175853,False,4.3284127773052194,True,361376.41912894294,505458.0358617666,,6.656904340184823,0.6464686337541083,
1736493034133252,2024,panoroma_two_pass,361376.68114395306,505464.6876076674,100.01794967969442,-4.190006797842443,29.5209337350393,gt,north,0.0,0.48405253283302063,0.3963254593175853,False,4.3284127773052194,True,361376.41912894294,505458.0358617666,,6.656904340184823,0.6464686337541083,
2001244650439529,2025,panoroma_coarse,361378.1259606169,505432.5480952319,60.5864528032553,2.812619304964123,6.0623610344927865,gt,north,0.0,0.5611111111111111,0.39267015706806285,False,2.5314437277439468,True,361378.79509757925,505422.87476406066,,9.696446783351838,3.8265461357382344,
2001244650439529,2025,panoroma_fine,361378.1259606169,505432.5480952319,60.5864528032553,2.812619304964123,6.0623610344927865,gt,north,0.0,0.5611111111111111,0.39267015706806285,False,2.5314437277439468,True,361377.91399857256,505425.2479205846,,7.303251179396528,0.696908236540391,
2001244650439529,2025,panoroma_two_pass,361378.1259606169,505432.5480952319,60.5864528032553,2.812619304964123,6.0623610344927865,gt,north,0.0,0.5611111111111111,0.39267015706806285,False,2.5314437277439468,True,361377.91399857256,505425.2479205846,,7.303251179396528,0.696908236540391,
2001244650439529,2024,panoroma_coarse,361378.1259606169,505432.5480952319,60.5864528032553,2.812619304964123,6.0623610344927865,gt,north,0.0,0.6181474480151229,0.4231433506044905,False,1.7026144918627784,True,361377.37622776127,505424.61749276717,,7.965962265042462,2.435703098409041,
2001244650439529,2024,panoroma_fine,361378.1259606169,505432.5480952319,60.5864528032553,2.812619304964123,6.0623610344927865,gt,north,0.0,0.6181474480151229,0.4231433506044905,False,1.7026144918627784,True,361377.6520227395,505426.297621702,,6.268415785433732,0.35362719389525865,
2001244650439529,2024,panoroma_two_pass,361378.1259606169,505432.5480952319,60.5864528032553,2.812619304964123,6.0623610344927865,gt,north,0.0,0.6181474480151229,0.4231433506044905,False,1.7026144918627784,True,361377.6520227395,505426.297621702,,6.268415785433732,0.35362719389525865,
2042982259659935,2025,panoroma_coarse,361402.5514528438,505412.2859219806,34.54901273914318,4.786739326289158,13.914701780048755,gt,north,0.0,0.6293279022403259,0.37527593818984545,False,2.1179803059046574,True,361403.6970633765,505407.9619605625,,4.473149431660139,1.8409413184330568,
2042982259659935,2025,panoroma_fine,361402.5514528438,505412.2859219806,34.54901273914318,4.786739326289158,13.914701780048755,gt,north,0.0,0.6293279022403259,0.37527593818984545,False,2.1179803059046574,True,361401.7763864484,505408.854619912,,3.5177495367823215,4.181204733331864,
2042982259659935,2025,panoroma_two_pass,361402.5514528438,505412.2859219806,34.54901273914318,4.786739326289158,13.914701780048755,gt,north,0.0,0.6293279022403259,0.37527593818984545,False,2.1179803059046574,True,361401.7763864484,505408.854619912,,3.5177495367823215,4.181204733331864,
2042982259659935,2024,panoroma_coarse,361402.5514528438,505412.2859219806,34.54901273914318,4.786739326289158,13.914701780048755,gt,north,0.0,0.6726907630522089,0.43115124153498874,False,3.2291018362778576,True,361402.60041620117,505408.51032969827,,3.7759097569924034,2.5057351808591912,
2042982259659935,2024,panoroma_fine,361402.5514528438,505412.2859219806,34.54901273914318,4.786739326289158,13.914701780048755,gt,north,0.0,0.6726907630522089,0.43115124153498874,False,3.2291018362778576,True,361399.52277929336,505409.48769847857,,4.123459499347802,11.11891243749244,
2042982259659935,2024,panoroma_two_pass,361402.5514528438,505412.2859219806,34.54901273914318,4.786739326289158,13.914701780048755,gt,north,0.0,0.6726907630522089,0.43115124153498874,False,3.2291018362778576,True,361399.52277929336,505409.48769847857,,4.123459499347802,11.11891243749244,
1414668144105202,2025,panoroma_coarse,361429.77660105436,505392.94916052837,36.35041238830319,1.7316749937805653,17.5722933967522,gt,north,0.0,0.6226415094339622,0.38826185101580135,False,2.659060069215925,True,361424.43565117277,505389.549688973,,6.33104671388716,1.786867602651724,
1414668144105202,2025,panoroma_fine,361429.77660105436,505392.94916052837,36.35041238830319,1.7316749937805653,17.5722933967522,gt,north,0.0,0.6226415094339622,0.38826185101580135,False,2.659060069215925,True,361425.77612297033,505391.84615055803,,4.149753715031583,1.9372294857783974,
1414668144105202,2025,panoroma_two_pass,361429.77660105436,505392.94916052837,36.35041238830319,1.7316749937805653,17.5722933967522,gt,north,0.0,0.6226415094339622,0.38826185101580135,False,2.659060069215925,True,361425.77612297033,505391.84615055803,,4.149753715031583,1.9372294857783974,
1414668144105202,2024,panoroma_coarse,361429.77660105436,505392.94916052837,36.35041238830319,1.7316749937805653,17.5722933967522,gt,north,0.0,0.6177105831533477,0.47045454545454546,False,0.7735975869500443,True,361425.71782120893,505390.3063408199,,4.843365549383193,6.917787009653294,
1414668144105202,2024,panoroma_fine,361429.77660105436,505392.94916052837,36.35041238830319,1.7316749937805653,17.5722933967522,gt,north,0.0,0.6177105831533477,0.47045454545454546,False,0.7735975869500443,True,361425.43423183466,505391.02608403336,,4.749146622899605,1.129848132686854,
1414668144105202,2024,panoroma_two_pass,361429.77660105436,505392.94916052837,36.35041238830319,1.7316749937805653,17.5722933967522,gt,north,0.0,0.6177105831533477,0.47045454545454546,False,0.7735975869500443,True,361425.43423183466,505391.02608403336,,4.749146622899605,1.129848132686854,
1618985639622967,2025,panoroma_coarse,361660.73672209936,505384.5892911423,341.9133629584468,7.844000921557267,29.359748948213433,gt,north,0.0,0.7125984251968503,0.5164473684210527,False,3.0706115053482117,True,361670.3714929732,505385.5899977156,,9.686600200112837,15.082279942587768,
1618985639622967,2025,panoroma_fine,361660.73672209936,505384.5892911423,341.9133629584468,7.844000921557267,29.359748948213433,gt,north,0.0,0.7125984251968503,0.5164473684210527,False,3.0706115053482117,True,361668.1233184019,505387.6814962487,,8.00771736245871,0.10819968618996208,
1618985639622967,2025,panoroma_two_pass,361660.73672209936,505384.5892911423,341.9133629584468,7.844000921557267,29.359748948213433,gt,north,0.0,0.7125984251968503,0.5164473684210527,False,3.0706115053482117,True,361668.1233184019,505387.6814962487,,8.00771736245871,0.10819968618996208,
1618985639622967,2024,panoroma_coarse,361660.73672209936,505384.5892911423,341.9133629584468,7.844000921557267,29.359748948213433,gt,north,0.0,0.7450271247739603,0.5521885521885522,False,2.466423676276814,True,361668.9246206489,505384.4697758083,,8.188770760783544,0.3389140292765582,
1618985639622967,2024,panoroma_fine,361660.73672209936,505384.5892911423,341.9133629584468,7.844000921557267,29.359748948213433,gt,north,0.0,0.7450271247739603,0.5521885521885522,False,2.466423676276814,True,361668.04920036765,505386.7756129842,,7.632322164357079,1.060758566123421,
1618985639622967,2024,panoroma_two_pass,361660.73672209936,505384.5892911423,341.9133629584468,7.844000921557267,29.359748948213433,gt,north,0.0,0.7450271247739603,0.5521885521885522,False,2.466423676276814,True,361668.04920036765,505386.7756129842,,7.632322164357079,1.060758566123421,
1474764354670842,2025,panoroma_coarse,361440.31565603625,505384.64882748015,38.95936464265365,1.73382380245949,27.48373705659677,gt,north,0.0,0.5436573311367381,0.49327354260089684,False,2.7005826129048414,True,361456.52658921364,505368.7674857717,,22.6938619221786,4.517442044191274,
1474764354670842,2025,panoroma_fine,361440.31565603625,505384.64882748015,38.95936464265365,1.73382380245949,27.48373705659677,gt,north,0.0,0.5436573311367381,0.49327354260089684,False,2.7005826129048414,True,361457.66888462595,505366.3203838857,,25.240174069946132,2.7717568583848426,
1474764354670842,2025,panoroma_two_pass,361440.31565603625,505384.64882748015,38.95936464265365,1.73382380245949,27.48373705659677,gt,north,0.0,0.5436573311367381,0.49327354260089684,False,2.7005826129048414,True,361457.66888462595,505366.3203838857,,25.240174069946132,2.7717568583848426,
1474764354670842,2024,panoroma_coarse,361440.31565603625,505384.64882748015,38.95936464265365,1.73382380245949,27.48373705659677,gt,north,0.0,0.6434108527131783,0.494949494949495,False,2.049363187543148,True,361452.19824692747,505370.0624934419,,18.81374781809473,2.265143667801619,
1474764354670842,2024,panoroma_fine,361440.31565603625,505384.64882748015,38.95936464265365,1.73382380245949,27.48373705659677,gt,north,0.0,0.6434108527131783,0.494949494949495,False,2.049363187543148,True,361453.92206147447,505368.9541826181,,20.77152248378312,7.605442001038873,
1474764354670842,2024,panoroma_two_pass,361440.31565603625,505384.64882748015,38.95936464265365,1.73382380245949,27.48373705659677,gt,north,0.0,0.6434108527131783,0.494949494949495,False,2.049363187543148,True,361453.92206147447,505368.9541826181,,20.77152248378312,7.605442001038873,
1068392369135122,2025,panoroma_coarse,361663.91543647763,505385.67106408905,341.2056764857247,2.6500842519182015,12.54106987823019,gt,north,0.0,0.4792560801144492,0.484297520661157,False,4.153193967830038,True,361659.76880748564,505376.0549454356,,10.472070948687808,13.396426050016839,
1068392369135122,2025,panoroma_fine,361663.91543647763,505385.67106408905,341.2056764857247,2.6500842519182015,12.54106987823019,gt,north,0.0,0.4792560801144492,0.484297520661157,False,4.153193967830038,True,361656.9235124417,505379.08039023716,,9.608537013848885,11.506456446947832,
1068392369135122,2025,panoroma_two_pass,361663.91543647763,505385.67106408905,341.2056764857247,2.6500842519182015,12.54106987823019,gt,north,0.0,0.4792560801144492,0.484297520661157,False,4.153193967830038,True,361656.9235124417,505379.08039023716,,9.608537013848885,11.506456446947832,
1068392369135122,2024,panoroma_coarse,361663.91543647763,505385.67106408905,341.2056764857247,2.6500842519182015,12.54106987823019,gt,north,0.0,0.6507936507936508,0.4305343511450382,False,4.241313816470183,True,361658.91478756606,505376.9833611376,,10.024104553979903,18.90039496044795,
1068392369135122,2024,panoroma_fine,361663.91543647763,505385.67106408905,341.2056764857247,2.6500842519182015,12.54106987823019,gt,north,0.0,0.6507936507936508,0.4305343511450382,False,4.241313816470183,True,361657.49883569236,505380.9813385239,,7.947722410474335,3.5348686676751133,
1068392369135122,2024,panoroma_two_pass,361663.91543647763,505385.67106408905,341.2056764857247,2.6500842519182015,12.54106987823019,gt,north,0.0,0.6507936507936508,0.4305343511450382,False,4.241313816470183,True,361657.49883569236,505380.9813385239,,7.947722410474335,3.5348686676751133,
1564945198650080,2025,panoroma_coarse,361437.8867985086,505386.64270352945,38.26679697796344,1.9030999254935423,20.927605013646513,gt,north,0.0,0.6363636363636364,0.508695652173913,False,3.8683684038020374,True,361432.02003093215,505385.9231118702,,5.910733791326431,1.119340783988096,
1564945198650080,2025,panoroma_fine,361437.8867985086,505386.64270352945,38.26679697796344,1.9030999254935423,20.927605013646513,gt,north,0.0,0.6363636363636364,0.508695652173913,False,3.8683684038020374,True,361435.6411611399,505384.5623436584,,3.0611736939803142,6.31147038807136,
1564945198650080,2025,panoroma_two_pass,361437.8867985086,505386.64270352945,38.26679697796344,1.9030999254935423,20.927605013646513,gt,north,0.0,0.6363636363636364,0.508695652173913,False,3.8683684038020374,True,361435.6411611399,505384.5623436584,,3.0611736939803142,6.31147038807136,
1564945198650080,2024,panoroma_coarse,361437.8867985086,505386.64270352945,38.26679697796344,1.9030999254935423,20.927605013646513,gt,north,0.0,0.6495535714285714,0.459958932238193,False,0.07257226055282733,True,361433.59348656336,505385.66556112736,,4.403105123993028,3.3885553263932584,
1564945198650080,2024,panoroma_fine,361437.8867985086,505386.64270352945,38.26679697796344,1.9030999254935423,20.927605013646513,gt,north,0.0,0.6495535714285714,0.459958932238193,False,0.07257226055282733,True,361433.53838397464,505385.6183336171,,4.467442520764962,1.3116000050414955,
1564945198650080,2024,panoroma_two_pass,361437.8867985086,505386.64270352945,38.26679697796344,1.9030999254935423,20.927605013646513,gt,north,0.0,0.6495535714285714,0.459958932238193,False,0.07257226055282733,True,361433.53838397464,505385.6183336171,,4.467442520764962,1.3116000050414955,
4615440378688443,2025,panoroma_coarse,361667.09693574253,505386.74030265305,341.80319371641906,-2.3483484034853177,12.340544478423272,gt,north,0.0,0.658357771260997,0.4445893089960887,False,3.1199974152649608,True,361681.2716373229,505396.2437138801,,17.065666990845862,1.5601769108132695,
4615440378688443,2025,panoroma_fine,361667.09693574253,505386.74030265305,341.80319371641906,-2.3483484034853177,12.340544478423272,gt,north,0.0,0.658357771260997,0.4445893089960887,False,3.1199974152649608,True,361678.5118579524,505397.6990494762,,15.823861127764417,10.116099240225108,
4615440378688443,2025,panoroma_two_pass,361667.09693574253,505386.74030265305,341.80319371641906,-2.3483484034853177,12.340544478423272,gt,north,0.0,0.658357771260997,0.4445893089960887,False,3.1199974152649608,True,361678.5118579524,505397.6990494762,,15.823861127764417,10.116099240225108,
4615440378688443,2024,panoroma_coarse,361667.09693574253,505386.74030265305,341.80319371641906,-2.3483484034853177,12.340544478423272,gt,north,0.0,0.6670454545454545,0.42455242966751916,False,2.309852406198727,True,361653.50228736486,505381.3042997149,,14.641195048770387,0.43334874749129515,
4615440378688443,2024,panoroma_fine,361667.09693574253,505386.74030265305,341.80319371641906,-2.3483484034853177,12.340544478423272,gt,north,0.0,0.6670454545454545,0.42455242966751916,False,2.309852406198727,True,361655.5478928355,505382.3771074316,,12.345763022542734,11.778275705996403,
4615440378688443,2024,panoroma_two_pass,361667.09693574253,505386.74030265305,341.80319371641906,-2.3483484034853177,12.340544478423272,gt,north,0.0,0.6670454545454545,0.42455242966751916,False,2.309852406198727,True,361655.5478928355,505382.3771074316,,12.345763022542734,11.778275705996403,
2475590072940447,2025,panoroma_coarse,361435.191131282,505388.7912223553,37.60874143036869,6.561074116439073,21.861872817515597,gt,north,0.0,0.6651884700665188,0.49417249417249415,False,4.063982386270595,True,361435.5315059271,505384.2674476792,,4.536561717811182,1.4862442036258454,
2475590072940447,2025,panoroma_fine,361435.191131282,505388.7912223553,37.60874143036869,6.561074116439073,21.861872817515597,gt,north,0.0,0.6651884700665188,0.49417249417249415,False,4.063982386270595,True,361431.98211833095,505386.2467911381,,4.095350331703657,5.190500731092579,
2475590072940447,2025,panoroma_two_pass,361435.191131282,505388.7912223553,37.60874143036869,6.561074116439073,21.861872817515597,gt,north,0.0,0.6651884700665188,0.49417249417249415,False,4.063982386270595,True,361431.98211833095,505386.2467911381,,4.095350331703657,5.190500731092579,
2475590072940447,2024,panoroma_coarse,361435.191131282,505388.7912223553,37.60874143036869,6.561074116439073,21.861872817515597,gt,north,0.0,0.6913265306122449,0.49885057471264366,False,3.1825927415203874,True,361435.03415587876,505384.5380702011,,4.256047993632101,5.249558083132282,
2475590072940447,2024,panoroma_fine,361435.191131282,505388.7912223553,37.60874143036869,6.561074116439073,21.861872817515597,gt,north,0.0,0.6913265306122449,0.49885057471264366,False,3.1825927415203874,True,361432.3181598455,505386.1970645066,,3.870868096346345,5.665002122774206,
2475590072940447,2024,panoroma_two_pass,361435.191131282,505388.7912223553,37.60874143036869,6.561074116439073,21.861872817515597,gt,north,0.0,0.6913265306122449,0.49885057471264366,False,3.1825927415203874,True,361432.3181598455,505386.1970645066,,3.870868096346345,5.665002122774206,
1396114019377954,2025,panoroma_coarse,361670.2548139775,505387.72986708675,342.5975018495259,4.9904432314068,12.802808954800723,gt,north,0.0,0.5344827586206896,0.47593582887700536,False,4.096189792353607,True,361663.3156548463,505373.8725211795,,15.497676117448266,0.3729442236907411,
1396114019377954,2025,panoroma_fine,361670.2548139775,505387.72986708675,342.5975018495259,4.9904432314068,12.802808954800723,gt,north,0.0,0.5344827586206896,0.47593582887700536,False,4.096189792353607,True,361662.9482180191,505377.95219775895,,12.20611166520225,2.3922941543111915,
1396114019377954,2025,panoroma_two_pass,361670.2548139775,505387.72986708675,342.5975018495259,4.9904432314068,12.802808954800723,gt,north,0.0,0.5344827586206896,0.47593582887700536,False,4.096189792353607,True,361662.9482180191,505377.95219775895,,12.20611166520225,2.3922941543111915,
1396114019377954,2024,panoroma_coarse,361670.2548139775,505387.72986708675,342.5975018495259,4.9904432314068,12.802808954800723,gt,north,0.0,0.5795297372060858,0.3888111888111888,False,3.425395758476823,True,361665.60033707565,505372.509194534,,15.916438929248285,2.2897889274972107,
1396114019377954,2024,panoroma_fine,361670.2548139775,505387.72986708675,342.5975018495259,4.9904432314068,12.802808954800723,gt,north,0.0,0.5795297372060858,0.3888111888111888,False,3.425395758476823,True,361665.56046127505,505375.934358183,,12.695313213680707,0.7165280179584728,
1396114019377954,2024,panoroma_two_pass,361670.2548139775,505387.72986708675,342.5975018495259,4.9904432314068,12.802808954800723,gt,north,0.0,0.5795297372060858,0.3888111888111888,False,3.425395758476823,True,361665.56046127505,505375.934358183,,12.695313213680707,0.7165280179584728,
2297705431003261,2025,panoroma_coarse,361692.0407925941,505395.04660389107,341.62760906800236,8.285998239926982,13.096277008695289,gt,north,0.0,0.8341968911917098,0.7941437444543035,False,3.775597217222329,True,361683.11003201694,505388.9047652737,,10.83884985080872,2.695280579237986,
2297705431003261,2025,panoroma_fine,361692.0407925941,505395.04660389107,341.62760906800236,8.285998239926982,13.096277008695289,gt,north,0.0,0.8341968911917098,0.7941437444543035,False,3.775597217222329,True,361679.35034943465,505389.2510617172,,13.951188360549752,6.328565288536016,
2297705431003261,2025,panoroma_two_pass,361692.0407925941,505395.04660389107,341.62760906800236,8.285998239926982,13.096277008695289,gt,north,0.0,0.8341968911917098,0.7941437444543035,False,3.775597217222329,True,361679.35034943465,505389.2510617172,,13.951188360549752,6.328565288536016,
2297705431003261,2024,panoroma_coarse,361692.0407925941,505395.04660389107,341.62760906800236,8.285998239926982,13.096277008695289,gt,north,0.0,0.7843406593406593,0.8047619047619048,False,3.002633800776469,True,361681.6790180719,505388.4009487797,,12.309797037617733,3.6270563020800415,
2297705431003261,2024,panoroma_fine,361692.0407925941,505395.04660389107,341.62760906800236,8.285998239926982,13.096277008695289,gt,north,0.0,0.7843406593406593,0.8047619047619048,False,3.002633800776469,True,361679.88794232474,505390.81089844916,,12.869847328528696,0.09574926772339795,
2297705431003261,2024,panoroma_two_pass,361692.0407925941,505395.04660389107,341.62760906800236,8.285998239926982,13.096277008695289,gt,north,0.0,0.7843406593406593,0.8047619047619048,False,3.002633800776469,True,361679.88794232474,505390.81089844916,,12.869847328528696,0.09574926772339795,
3578370962341082,2025,panoroma_coarse,361722.43283607205,505405.1593217058,341.70905350321345,9.194914049966599,17.401209465369714,gt,north,0.0,0.6224489795918368,0.55359765051395,False,4.5982956975254945,True,361728.63685437496,505406.4560242849,,6.338081782472875,1.9365392986555203,
3578370962341082,2025,panoroma_fine,361722.43283607205,505405.1593217058,341.70905350321345,9.194914049966599,17.401209465369714,gt,north,0.0,0.6224489795918368,0.55359765051395,False,4.5982956975254945,True,361733.1840900956,505407.13937677286,,10.932066645733693,3.7008233984473424,
3578370962341082,2025,panoroma_two_pass,361722.43283607205,505405.1593217058,341.70905350321345,9.194914049966599,17.401209465369714,gt,north,0.0,0.6224489795918368,0.55359765051395,False,4.5982956975254945,True,361733.1840900956,505407.13937677286,,10.932066645733693,3.7008233984473424,
3578370962341082,2024,panoroma_coarse,361722.43283607205,505405.1593217058,341.70905350321345,9.194914049966599,17.401209465369714,gt,north,0.0,0.4656419529837251,0.5605326876513317,False,4.267210310599211,True,361710.3169916229,505404.2291181804,,12.151500537569568,10.935504961737768,
3578370962341082,2024,panoroma_fine,361722.43283607205,505405.1593217058,341.70905350321345,9.194914049966599,17.401209465369714,gt,north,0.0,0.4656419529837251,0.5605326876513317,False,4.267210310599211,True,361709.98371614685,505399.9749424328,,13.485487583283541,2.0398956710295515,
3578370962341082,2024,panoroma_two_pass,361722.43283607205,505405.1593217058,341.70905350321345,9.194914049966599,17.401209465369714,gt,north,0.0,0.4656419529837251,0.5605326876513317,False,4.267210310599211,True,361709.98371614685,505399.9749424328,,13.485487583283541,2.0398956710295515,
