frame_id,year,method,gt_e,gt_n,gt_yaw,crop_rot_deg,centre_guess_m,heading,ref_up,residual_rot_deg,inliers_peak,inliers_fine,fallback_fine,fine_shift_m,ok,pred_e,pred_n,pred_yaw,err_m,err_deg,error
2095057974553082,2025,panoroma_coarse,360026.3821716677,504344.61452205386,81.42574118763453,2.725570345245515,6.078716834144202,prior,north,-2.725570345245501,0.5594713656387665,0.28634361233480177,False,4.387431914981807,True,360025.9021773107,504346.1851602666,,1.6423455720416316,0.20732926315149713,
2095057974553082,2025,panoroma_fine,360026.3821716677,504344.61452205386,81.42574118763453,2.725570345245515,6.078716834144202,prior,north,-2.725570345245501,0.5594713656387665,0.28634361233480177,False,4.387431914981807,True,360029.18219094124,504343.2712163083,,3.1055721305814648,2.9825244723669724,
2095057974553082,2025,panoroma_two_pass,360026.3821716677,504344.61452205386,81.42574118763453,2.725570345245515,6.078716834144202,prior,north,-2.725570345245501,0.5594713656387665,0.28634361233480177,False,4.387431914981807,True,360029.18219094124,504343.2712163083,,3.1055721305814648,2.9825244723669724,
2095057974553082,2024,panoroma_coarse,360026.3821716677,504344.61452205386,81.42574118763453,2.725570345245515,6.078716834144202,prior,north,-2.725570345245501,0.47029702970297027,0.2935153583617747,False,5.772621147730476,True,360026.60984876694,504347.4726889047,,2.8672207115248134,15.351574952980288,
2095057974553082,2024,panoroma_fine,360026.3821716677,504344.61452205386,81.42574118763453,2.725570345245515,6.078716834144202,prior,north,-2.725570345245501,0.47029702970297027,0.2935153583617747,False,5.772621147730476,True,360029.4913442618,504342.47067544726,,3.776643018939346,16.31120747411477,
2095057974553082,2024,panoroma_two_pass,360026.3821716677,504344.61452205386,81.42574118763453,2.725570345245515,6.078716834144202,prior,north,-2.725570345245501,0.47029702970297027,0.2935153583617747,False,5.772621147730476,True,360029.4913442618,504342.47067544726,,3.776643018939346,16.31120747411477,
2134127433808624,2025,panoroma_coarse,360032.84761322686,504307.9422390545,69.43286538919972,2.7334306631946674,11.661891745019847,prior,north,-2.7334306631946674,0.27734375,0.16716417910447762,False,3.921788819584066,True,360032.40913493896,504307.0088441495,,1.0312561552018769,5.458411470765596,
2134127433808624,2025,panoroma_fine,360032.84761322686,504307.9422390545,69.43286538919972,2.7334306631946674,11.661891745019847,prior,north,-2.7334306631946674,0.27734375,0.16716417910447762,False,3.921788819584066,True,360034.6903489844,504303.8187830177,,4.516477029654518,13.173697544145968,
2134127433808624,2025,panoroma_two_pass,360032.84761322686,504307.9422390545,69.43286538919972,2.7334306631946674,11.661891745019847,prior,north,-2.7334306631946674,0.27734375,0.16716417910447762,False,3.921788819584066,True,360034.6903489844,504303.8187830177,,4.516477029654518,13.173697544145968,
2134127433808624,2024,panoroma_coarse,360032.84761322686,504307.9422390545,69.43286538919972,2.7334306631946674,11.661891745019847,prior,north,-2.7334306631946674,0.29365079365079366,0.16906474820143885,False,1.9235705085151669,True,360031.05664251285,504308.231326587,,1.814152060846044,2.3263045202975503,
2134127433808624,2024,panoroma_fine,360032.84761322686,504307.9422390545,69.43286538919972,2.7334306631946674,11.661891745019847,prior,north,-2.7334306631946674,0.29365079365079366,0.16906474820143885,False,1.9235705085151669,True,360030.182855439,504309.9449833936,,3.333454507814768,32.2734852725306,
2134127433808624,2024,panoroma_two_pass,360032.84761322686,504307.9422390545,69.43286538919972,2.7334306631946674,11.661891745019847,prior,north,-2.7334306631946674,0.29365079365079366,0.16906474820143885,False,1.9235705085151669,True,360030.182855439,504309.9449833936,,3.333454507814768,32.2734852725306,
28398706986416513,2025,panoroma_coarse,360060.1043976202,504303.69896460697,354.88874202101726,-0.9760247201908214,15.006479104534213,prior,north,0.9760247201908214,0.3538812785388128,0.1396508728179551,True,6.503436421423368,True,360052.57070083515,504301.14609648497,,7.954478166249299,21.789976725138175,
28398706986416513,2025,panoroma_fine,360060.1043976202,504303.69896460697,354.88874202101726,-0.9760247201908214,15.006479104534213,prior,north,0.9760247201908214,0.3538812785388128,0.1396508728179551,True,6.503436421423368,True,360056.22830241255,504295.7686774025,,8.826866329777522,0.5965225002326547,
28398706986416513,2025,panoroma_two_pass,360060.1043976202,504303.69896460697,354.88874202101726,-0.9760247201908214,15.006479104534213,prior,north,0.9760247201908214,0.3538812785388128,0.1396508728179551,True,6.503436421423368,True,360052.57070083515,504301.14609648497,,7.954478166249299,21.789976725138175,
28398706986416513,2024,panoroma_coarse,360060.1043976202,504303.69896460697,354.88874202101726,-0.9760247201908214,15.006479104534213,prior,north,0.9760247201908214,0.3218390804597701,0.21263157894736842,False,2.1892833691922484,True,360058.11308755836,504297.63337162655,,6.384100090573265,7.109999747092994,
28398706986416513,2024,panoroma_fine,360060.1043976202,504303.69896460697,354.88874202101726,-0.9760247201908214,15.006479104534213,prior,north,0.9760247201908214,0.3218390804597701,0.21263157894736842,False,2.1892833691922484,True,360058.72060918284,504295.53006966383,,8.285270969100283,9.660917735697307,
28398706986416513,2024,panoroma_two_pass,360060.1043976202,504303.69896460697,354.88874202101726,-0.9760247201908214,15.006479104534213,prior,north,0.9760247201908214,0.3218390804597701,0.21263157894736842,False,2.1892833691922484,True,360058.72060918284,504295.53006966383,,8.285270969100283,9.660917735697307,
1100804636233191,2025,panoroma_coarse,360094.6966482403,504308.69749890827,349.42166902017294,-2.161816277693731,21.24791738217679,prior,north,2.161816277693731,0.5626959247648903,0.3888888888888889,False,4.930084182764975,True,360072.637703315,504305.05263146415,,22.358043516894686,12.217809075398856,
1100804636233191,2025,panoroma_fine,360094.6966482403,504308.69749890827,349.42166902017294,-2.161816277693731,21.24791738217679,prior,north,2.161816277693731,0.5626959247648903,0.3888888888888889,False,4.930084182764975,True,360076.99786621303,504302.75160787633,,18.670846403236556,6.361225261555225,
1100804636233191,2025,panoroma_two_pass,360094.6966482403,504308.69749890827,349.42166902017294,-2.161816277693731,21.24791738217679,prior,north,2.161816277693731,0.5626959247648903,0.3888888888888889,False,4.930084182764975,True,360076.99786621303,504302.75160787633,,18.670846403236556,6.361225261555225,
1100804636233191,2024,panoroma_coarse,360094.6966482403,504308.69749890827,349.42166902017294,-2.161816277693731,21.24791738217679,prior,north,2.161816277693731,0.45521927115503397,0.26775320139697323,False,3.059710281331408,True,360072.2243623726,504314.2950139873,,23.15892500054081,1.2440765030200753,
1100804636233191,2024,panoroma_fine,360094.6966482403,504308.69749890827,349.42166902017294,-2.161816277693731,21.24791738217679,prior,north,2.161816277693731,0.45521927115503397,0.26775320139697323,False,3.059710281331408,True,360071.56587049854,504317.28302594466,,24.67274110090816,10.849402322995468,
1100804636233191,2024,panoroma_two_pass,360094.6966482403,504308.69749890827,349.42166902017294,-2.161816277693731,21.24791738217679,prior,north,2.161816277693731,0.45521927115503397,0.26775320139697323,False,3.059710281331408,True,360071.56587049854,504317.28302594466,,24.67274110090816,10.849402322995468,
1794136951725433,2025,panoroma_coarse,360128.5122393634,504314.32278087456,350.37814580786244,-5.31579783024938,18.831871251631615,prior,north,5.31579783024938,0.3702770780856423,0.2795992714025501,False,3.5605954052539968,True,360124.20685834996,504309.6591283126,,6.3471222525978925,4.12058315947361,
1794136951725433,2025,panoroma_fine,360128.5122393634,504314.32278087456,350.37814580786244,-5.31579783024938,18.831871251631615,prior,north,5.31579783024938,0.3702770780856423,0.2795992714025501,False,3.5605954052539968,True,360127.74403784564,504309.25145092147,,5.12918327465477,8.979461958344643,
1794136951725433,2025,panoroma_two_pass,360128.5122393634,504314.32278087456,350.37814580786244,-5.31579783024938,18.831871251631615,prior,north,5.31579783024938,0.3702770780856423,0.2795992714025501,False,3.5605954052539968,True,360127.74403784564,504309.25145092147,,5.12918327465477,8.979461958344643,
1794136951725433,2024,panoroma_coarse,360128.5122393634,504314.32278087456,350.37814580786244,-5.31579783024938,18.831871251631615,prior,north,5.31579783024938,0.3725992317541613,0.21896162528216703,False,1.6735299764071772,True,360128.75312304083,504309.89279298513,,4.436532164483479,1.2399359172300344,
1794136951725433,2024,panoroma_fine,360128.5122393634,504314.32278087456,350.37814580786244,-5.31579783024938,18.831871251631615,prior,north,5.31579783024938,0.3725992317541613,0.21896162528216703,False,1.6735299764071772,True,360128.498207733,504308.2387915439,,6.084005511382028,5.599944329915492,
1794136951725433,2024,panoroma_two_pass,360128.5122393634,504314.32278087456,350.37814580786244,-5.31579783024938,18.831871251631615,prior,north,5.31579783024938,0.3725992317541613,0.21896162528216703,False,1.6735299764071772,True,360128.498207733,504308.2387915439,,6.084005511382028,5.599944329915492,
2250285992180932,2025,panoroma_coarse,360142.6419883799,504291.9622382168,80.71202241156853,-8.90746811004847,30.21488618115079,prior,north,8.907468110048455,0.2964876033057851,0.17787742899850523,False,0.5810730859529661,True,360151.8639588928,504331.9805247501,,41.06711576435797,29.94484626532996,
2250285992180932,2025,panoroma_fine,360142.6419883799,504291.9622382168,80.71202241156853,-8.90746811004847,30.21488618115079,prior,north,8.907468110048455,0.2964876033057851,0.17787742899850523,False,0.5810730859529661,True,360152.12104339426,504331.4594168051,,40.61870997958886,12.816553468200015,
2250285992180932,2025,panoroma_two_pass,360142.6419883799,504291.9622382168,80.71202241156853,-8.90746811004847,30.21488618115079,prior,north,8.907468110048455,0.2964876033057851,0.17787742899850523,False,0.5810730859529661,True,360152.12104339426,504331.4594168051,,40.61870997958886,12.816553468200015,
2250285992180932,2024,panoroma_coarse,360142.6419883799,504291.9622382168,80.71202241156853,-8.90746811004847,30.21488618115079,prior,north,8.907468110048455,0.3252720677146312,0.15341701534170155,True,6.007400117676284,True,360146.95968185185,504332.91811430594,,41.182839425530794,25.58085966369245,
2250285992180932,2024,panoroma_fine,360142.6419883799,504291.9622382168,80.71202241156853,-8.90746811004847,30.21488618115079,prior,north,8.907468110048455,0.3252720677146312,0.15341701534170155,True,6.007400117676284,True,360140.99994134874,504333.6733290497,,41.74339968099123,30.332046793207052,
2250285992180932,2024,panoroma_two_pass,360142.6419883799,504291.9622382168,80.71202241156853,-8.90746811004847,30.21488618115079,prior,north,8.907468110048455,0.3252720677146312,0.15341701534170155,True,6.007400117676284,True,360146.95968185185,504332.91811430594,,41.182839425530794,25.58085966369245,
1113377307836084,2025,panoroma_coarse,360152.59731493844,504260.3036048608,31.148380222847756,-2.1963602555590036,17.530503018157212,prior,north,2.196360255559,0.3293918918918919,0.1610305958132045,False,4.702834231737281,True,360151.9479199456,504259.7274602118,,0.8681339259151842,6.54242529044367,
1113377307836084,2025,panoroma_fine,360152.59731493844,504260.3036048608,31.148380222847756,-2.1963602555590036,17.530503018157212,prior,north,2.196360255559,0.3293918918918919,0.1610305958132045,False,4.702834231737281,True,360148.14443670254,504256.96156704123,,5.567525605786721,8.801616890755371,
1113377307836084,2025,panoroma_two_pass,360152.59731493844,504260.3036048608,31.148380222847756,-2.1963602555590036,17.530503018157212,prior,north,2.196360255559,0.3293918918918919,0.1610305958132045,False,4.702834231737281,True,360148.14443670254,504256.96156704123,,5.567525605786721,8.801616890755371,
1113377307836084,2024,panoroma_coarse,360152.59731493844,504260.3036048608,31.148380222847756,-2.1963602555590036,17.530503018157212,prior,north,2.196360255559,0.28368794326241137,0.15555555555555556,False,5.1610279077993395,True,360152.99184768915,504258.03261195956,,2.305008643983763,3.972157548096604,
1113377307836084,2024,panoroma_fine,360152.59731493844,504260.3036048608,31.148380222847756,-2.1963602555590036,17.530503018157212,prior,north,2.196360255559,0.28368794326241137,0.15555555555555556,False,5.1610279077993395,True,360149.3419776377,504254.3836864091,,6.755934829175638,18.48896832060613,
1113377307836084,2024,panoroma_two_pass,360152.59731493844,504260.3036048608,31.148380222847756,-2.1963602555590036,17.530503018157212,prior,north,2.196360255559,0.28368794326241137,0.15555555555555556,False,5.1610279077993395,True,360149.3419776377,504254.3836864091,,6.755934829175638,18.48896832060613,
2163701757795311,2025,panoroma_coarse,360185.94907221664,504266.20596416295,348.4601985591976,-3.8132556254095675,26.62386681226079,prior,north,3.8132556254095675,0.49382716049382713,0.39243027888446214,False,3.3622018386934647,True,360181.72904268216,504264.09404564946,,4.7189881414883175,4.807708411578484,
2163701757795311,2025,panoroma_fine,360185.94907221664,504266.20596416295,348.4601985591976,-3.8132556254095675,26.62386681226079,prior,north,3.8132556254095675,0.49382716049382713,0.39243027888446214,False,3.3622018386934647,True,360180.666819255,504267.2840429214,,5.391145533213545,1.859659021027295,
2163701757795311,2025,panoroma_two_pass,360185.94907221664,504266.20596416295,348.4601985591976,-3.8132556254095675,26.62386681226079,prior,north,3.8132556254095675,0.49382716049382713,0.39243027888446214,False,3.3622018386934647,True,360180.666819255,504267.2840429214,,5.391145533213545,1.859659021027295,
2163701757795311,2024,panoroma_coarse,360185.94907221664,504266.20596416295,348.4601985591976,-3.8132556254095675,26.62386681226079,prior,north,3.8132556254095675,0.5384615384615384,0.34991119005328597,False,1.446640844366844,True,360184.132061849,504263.8550408761,,2.9712568008909344,17.567519394528535,
2163701757795311,2024,panoroma_fine,360185.94907221664,504266.20596416295,348.4601985591976,-3.8132556254095675,26.62386681226079,prior,north,3.8132556254095675,0.5384615384615384,0.34991119005328597,False,1.446640844366844,True,360184.96120235405,504265.0404925855,,1.527812443727645,12.396481854756255,
2163701757795311,2024,panoroma_two_pass,360185.94907221664,504266.20596416295,348.4601985591976,-3.8132556254095675,26.62386681226079,prior,north,3.8132556254095675,0.5384615384615384,0.34991119005328597,False,1.446640844366844,True,360184.96120235405,504265.0404925855,,1.527812443727645,12.396481854756255,
1407730031543039,2025,panoroma_coarse,360163.45460668084,504260.85942704603,167.10602898892608,3.2101088841156695,16.20263947224276,prior,north,-3.2101088841156695,0.382,0.14516129032258066,False,3.8778464426562445,True,360163.5076213759,504260.3001642281,,0.5617699328402025,0.4840962085845503,
1407730031543039,2025,panoroma_fine,360163.45460668084,504260.85942704603,167.10602898892608,3.2101088841156695,16.20263947224276,prior,north,-3.2101088841156695,0.382,0.14516129032258066,False,3.8778464426562445,True,360167.14726672013,504258.96200325084,,4.151620794862437,10.274108174068024,
1407730031543039,2025,panoroma_two_pass,360163.45460668084,504260.85942704603,167.10602898892608,3.2101088841156695,16.20263947224276,prior,north,-3.2101088841156695,0.382,0.14516129032258066,False,3.8778464426562445,True,360167.14726672013,504258.96200325084,,4.151620794862437,10.274108174068024,
1407730031543039,2024,panoroma_coarse,360163.45460668084,504260.85942704603,167.10602898892608,3.2101088841156695,16.20263947224276,prior,north,-3.2101088841156695,0.41188524590163933,0.16440677966101694,True,7.4299503345508775,True,360162.5969845651,504259.0250167718,,2.02498808579776,6.964130583610711,
1407730031543039,2024,panoroma_fine,360163.45460668084,504260.85942704603,167.10602898892608,3.2101088841156695,16.20263947224276,prior,north,-3.2101088841156695,0.41188524590163933,0.16440677966101694,True,7.4299503345508775,True,360156.0705985574,504255.47389756056,,9.139338258630923,68.05245859498702,
1407730031543039,2024,panoroma_two_pass,360163.45460668084,504260.85942704603,167.10602898892608,3.2101088841156695,16.20263947224276,prior,north,-3.2101088841156695,0.41188524590163933,0.16440677966101694,True,7.4299503345508775,True,360162.5969845651,504259.0250167718,,2.02498808579776,6.964130583610711,
4644665985853547,2025,panoroma_coarse,360145.23046914255,504280.3795425352,256.1522303114766,-0.6694210753320533,6.890667594968546,prior,north,0.6694210753320533,0.5874233128834356,0.45185185185185184,False,3.332175456783689,True,360141.6335113949,504279.83226299065,,3.638354014967855,1.9924172486278966,
4644665985853547,2025,panoroma_fine,360145.23046914255,504280.3795425352,256.1522303114766,-0.6694210753320533,6.890667594968546,prior,north,0.6694210753320533,0.5874233128834356,0.45185185185185184,False,3.332175456783689,True,360144.9551745867,504280.09673778183,,0.39467153559167883,1.6016268659002557,
4644665985853547,2025,panoroma_two_pass,360145.23046914255,504280.3795425352,256.1522303114766,-0.6694210753320533,6.890667594968546,prior,north,0.6694210753320533,0.5874233128834356,0.45185185185185184,False,3.332175456783689,True,360144.9551745867,504280.09673778183,,0.39467153559167883,1.6016268659002557,
4644665985853547,2024,panoroma_coarse,360145.23046914255,504280.3795425352,256.1522303114766,-0.6694210753320533,6.890667594968546,prior,north,0.6694210753320533,0.793974732750243,0.5327942497753818,False,1.2983346672957512,True,360144.6238113105,504277.96064682544,,2.4938103736573667,0.18519547020625396,
4644665985853547,2024,panoroma_fine,360145.23046914255,504280.3795425352,256.1522303114766,-0.6694210753320533,6.890667594968546,prior,north,0.6694210753320533,0.793974732750243,0.5327942497753818,False,1.2983346672957512,True,360143.9521185293,504279.07172815275,,1.8288134812724188,4.761297719306942,
4644665985853547,2024,panoroma_two_pass,360145.23046914255,504280.3795425352,256.1522303114766,-0.6694210753320533,6.890667594968546,prior,north,0.6694210753320533,0.793974732750243,0.5327942497753818,False,1.2983346672957512,True,360143.9521185293,504279.07172815275,,1.8288134812724188,4.761297719306942,
2298484727642838,2025,panoroma_coarse,360140.65024008346,504313.04823736195,285.4108410359246,8.674834325535244,29.29750458347407,prior,north,-8.674834325535244,0.30526315789473685,0.2123809523809524,False,1.6586344361165901,True,360126.1123734231,504309.43803582387,,14.979423292610894,13.1798642149962,
2298484727642838,2025,panoroma_fine,360140.65024008346,504313.04823736195,285.4108410359246,8.674834325535244,29.29750458347407,prior,north,-8.674834325535244,0.30526315789473685,0.2123809523809524,False,1.6586344361165901,True,360127.75235488906,504309.18998545775,,13.462598198122395,11.129556036465996,
2298484727642838,2025,panoroma_two_pass,360140.65024008346,504313.04823736195,285.4108410359246,8.674834325535244,29.29750458347407,prior,north,-8.674834325535244,0.30526315789473685,0.2123809523809524,False,1.6586344361165901,True,360127.75235488906,504309.18998545775,,13.462598198122395,11.129556036465996,
2298484727642838,2024,panoroma_coarse,360140.65024008346,504313.04823736195,285.4108410359246,8.674834325535244,29.29750458347407,prior,north,-8.674834325535244,0.43565525383707204,0.16458569807037457,False,4.784846897300515,True,360133.980341456,504308.6973970662,,7.9635016782346,1.9341332440192425,
2298484727642838,2024,panoroma_fine,360140.65024008346,504313.04823736195,285.4108410359246,8.674834325535244,29.29750458347407,prior,north,-8.674834325535244,0.43565525383707204,0.16458569807037457,False,4.784846897300515,True,360137.09317865525,504312.33126613405,,3.6285994192874513,16.216035486515587,
2298484727642838,2024,panoroma_two_pass,360140.65024008346,504313.04823736195,285.4108410359246,8.674834325535244,29.29750458347407,prior,north,-8.674834325535244,0.43565525383707204,0.16458569807037457,False,4.784846897300515,True,360137.09317865525,504312.33126613405,,3.6285994192874513,16.216035486515587,
978411255289595,2025,panoroma_coarse,360172.54386717896,504320.6193851456,353.22410338906485,-8.74934191626511,10.215259135897133,prior,north,8.74934191626511,0.4877675840978593,0.2198581560283688,False,5.717105015442344,True,360174.9473531638,504320.5538775135,,2.404378532833262,5.896346830927767,
978411255289595,2025,panoroma_fine,360172.54386717896,504320.6193851456,353.22410338906485,-8.74934191626511,10.215259135897133,prior,north,8.74934191626511,0.4877675840978593,0.2198581560283688,False,5.717105015442344,True,360169.41730887134,504319.10339487635,,3.4747076635881884,15.796669568171508,
978411255289595,2025,panoroma_two_pass,360172.54386717896,504320.6193851456,353.22410338906485,-8.74934191626511,10.215259135897133,prior,north,8.74934191626511,0.4877675840978593,0.2198581560283688,False,5.717105015442344,True,360169.41730887134,504319.10339487635,,3.4747076635881884,15.796669568171508,
978411255289595,2024,panoroma_coarse,360172.54386717896,504320.6193851456,353.22410338906485,-8.74934191626511,10.215259135897133,prior,north,8.74934191626511,0.3923497267759563,0.16951788491446346,False,3.37049606297281,True,360173.00368496275,504319.3641783522,,1.3367783991984665,5.828057420606775,
978411255289595,2024,panoroma_fine,360172.54386717896,504320.6193851456,353.22410338906485,-8.74934191626511,10.215259135897133,prior,north,8.74934191626511,0.3923497267759563,0.16951788491446346,False,3.37049606297281,True,360169.8596030063,504318.14968571684,,3.6475593781595044,14.015845098695564,
978411255289595,2024,panoroma_two_pass,360172.54386717896,504320.6193851456,353.22410338906485,-8.74934191626511,10.215259135897133,prior,north,8.74934191626511,0.3923497267759563,0.16951788491446346,False,3.37049606297281,True,360169.8596030063,504318.14968571684,,3.6475593781595044,14.015845098695564,
1394833675537922,2025,panoroma_coarse,360205.21622605325,504314.60090983845,23.92590491563239,5.465485206348241,24.07275643370788,prior,north,-5.465485206348234,0.7035714285714286,0.3389830508474576,False,3.2669952447918074,True,360207.1164710785,504311.6851173241,,3.480341526714982,1.9471033090227958,
1394833675537922,2025,panoroma_fine,360205.21622605325,504314.60090983845,23.92590491563239,5.465485206348241,24.07275643370788,prior,north,-5.465485206348234,0.7035714285714286,0.3389830508474576,False,3.2669952447918074,True,360205.4735824387,504314.5089754733,,0.27328416829136654,1.425628728553303,
1394833675537922,2025,panoroma_two_pass,360205.21622605325,504314.60090983845,23.92590491563239,5.465485206348241,24.07275643370788,prior,north,-5.465485206348234,0.7035714285714286,0.3389830508474576,False,3.2669952447918074,True,360205.4735824387,504314.5089754733,,0.27328416829136654,1.425628728553303,
1394833675537922,2024,panoroma_coarse,360205.21622605325,504314.60090983845,23.92590491563239,5.465485206348241,24.07275643370788,prior,north,-5.465485206348234,0.7208872458410351,0.3145869947275923,False,1.9240703091252498,True,360206.6653673119,504311.56735071744,,3.3619178051031486,3.926530570929696,
1394833675537922,2024,panoroma_fine,360205.21622605325,504314.60090983845,23.92590491563239,5.465485206348241,24.07275643370788,prior,north,-5.465485206348234,0.7208872458410351,0.3145869947275923,False,1.9240703091252498,True,360206.49466633727,504313.48383388505,,1.6977244315454256,0.8986448461425817,
1394833675537922,2024,panoroma_two_pass,360205.21622605325,504314.60090983845,23.92590491563239,5.465485206348241,24.07275643370788,prior,north,-5.465485206348234,0.7208872458410351,0.3145869947275923,False,1.9240703091252498,True,360206.49466633727,504313.48383388505,,1.6977244315454256,0.8986448461425817,
1395652132772836,2025,panoroma_coarse,360212.6186717645,504285.4790996788,104.2002610016034,-5.775530422128938,16.23827392956013,prior,north,5.775530422128952,0.34134615384615385,0.40159045725646125,False,3.419390508029999,True,360206.98281403695,504258.7111783333,,27.354789443225265,5.259677688510675,
1395652132772836,2025,panoroma_fine,360212.6186717645,504285.4790996788,104.2002610016034,-5.775530422128938,16.23827392956013,prior,north,5.775530422128952,0.34134615384615385,0.40159045725646125,False,3.419390508029999,True,360205.6578352421,504261.8634255698,,24.620180923688366,2.0635007148465814,
1395652132772836,2025,panoroma_two_pass,360212.6186717645,504285.4790996788,104.2002610016034,-5.775530422128938,16.23827392956013,prior,north,5.775530422128952,0.34134615384615385,0.40159045725646125,False,3.419390508029999,True,360205.6578352421,504261.8634255698,,24.620180923688366,2.0635007148465814,
1395652132772836,2024,panoroma_coarse,360212.6186717645,504285.4790996788,104.2002610016034,-5.775530422128938,16.23827392956013,prior,north,5.775530422128952,0.6406844106463878,0.5031446540880503,False,1.8481558584655617,True,360213.475898088,504282.59492723155,,3.00886817179581,2.923558694117734,
1395652132772836,2024,panoroma_fine,360212.6186717645,504285.4790996788,104.2002610016034,-5.775530422128938,16.23827392956013,prior,north,5.775530422128952,0.6406844106463878,0.5031446540880503,False,1.8481558584655617,True,360211.8365604466,504281.74155030743,,3.8185040810613886,8.561158872857789,
1395652132772836,2024,panoroma_two_pass,360212.6186717645,504285.4790996788,104.2002610016034,-5.775530422128938,16.23827392956013,prior,north,5.775530422128952,0.6406844106463878,0.5031446540880503,False,1.8481558584655617,True,360211.8365604466,504281.74155030743,,3.8185040810613886,8.561158872857789,
1400355921620343,2025,panoroma_coarse,360205.4759034122,504254.55547422264,107.0257488016855,4.523762939345843,22.887741252164506,prior,north,-4.523762939345829,0.6783004552352049,0.42201834862385323,False,0.6920039479630292,True,360207.73862233583,504258.9641574222,,4.955439887772985,0.8249417519710325,
1400355921620343,2025,panoroma_fine,360205.4759034122,504254.55547422264,107.0257488016855,4.523762939345843,22.887741252164506,prior,north,-4.523762939345829,0.6783004552352049,0.42201834862385323,False,0.6920039479630292,True,360207.98180463444,504259.6120245642,,5.643424695354714,5.089389719102056,
1400355921620343,2025,panoroma_two_pass,360205.4759034122,504254.55547422264,107.0257488016855,4.523762939345843,22.887741252164506,prior,north,-4.523762939345829,0.6783004552352049,0.42201834862385323,False,0.6920039479630292,True,360207.98180463444,504259.6120245642,,5.643424695354714,5.089389719102056,
1400355921620343,2024,panoroma_coarse,360205.4759034122,504254.55547422264,107.0257488016855,4.523762939345843,22.887741252164506,prior,north,-4.523762939345829,0.47876004592422505,0.37066246056782337,False,0.3028235039351483,True,360207.65809986205,504261.66769410885,,7.439465911981989,2.8508103844807904,
1400355921620343,2024,panoroma_fine,360205.4759034122,504254.55547422264,107.0257488016855,4.523762939345843,22.887741252164506,prior,north,-4.523762939345829,0.47876004592422505,0.37066246056782337,False,0.3028235039351483,True,360207.66056139854,504261.97050760814,,7.730164980479659,4.289244770556876,
1400355921620343,2024,panoroma_two_pass,360205.4759034122,504254.55547422264,107.0257488016855,4.523762939345843,22.887741252164506,prior,north,-4.523762939345829,0.47876004592422505,0.37066246056782337,False,0.3028235039351483,True,360207.66056139854,504261.97050760814,,7.730164980479659,4.289244770556876,
1659474219043827,2025,panoroma_coarse,360194.59397493093,504220.8789819656,105.45750862113835,1.8236946770203843,28.29686517500868,prior,north,-1.8236946770203986,0.47215777262180975,0.3257918552036199,False,2.130755015326742,True,360202.592837117,504245.710417736,,26.087966549535444,10.351814382999459,
1659474219043827,2025,panoroma_fine,360194.59397493093,504220.8789819656,105.45750862113835,1.8236946770203843,28.29686517500868,prior,north,-1.8236946770203986,0.47215777262180975,0.3257918552036199,False,2.130755015326742,True,360203.1549360072,504247.7656943044,,28.21675663397481,4.552165958910299,
1659474219043827,2025,panoroma_two_pass,360194.59397493093,504220.8789819656,105.45750862113835,1.8236946770203843,28.29686517500868,prior,north,-1.8236946770203986,0.47215777262180975,0.3257918552036199,False,2.130755015326742,True,360203.1549360072,504247.7656943044,,28.21675663397481,4.552165958910299,
1659474219043827,2024,panoroma_coarse,360194.59397493093,504220.8789819656,105.45750862113835,1.8236946770203843,28.29686517500868,prior,north,-1.8236946770203986,0.6198675496688741,0.45440494590417313,False,3.7746338661442995,True,360199.873111621,504248.53485342924,,28.15522172895072,2.573446057433877,
1659474219043827,2024,panoroma_fine,360194.59397493093,504220.8789819656,105.45750862113835,1.8236946770203843,28.29686517500868,prior,north,-1.8236946770203986,0.6198675496688741,0.45440494590417313,False,3.7746338661442995,True,360202.65868854616,504251.0820915449,,31.261276908556265,2.014584380022251,
1659474219043827,2024,panoroma_two_pass,360194.59397493093,504220.8789819656,105.45750862113835,1.8236946770203843,28.29686517500868,prior,north,-1.8236946770203986,0.6198675496688741,0.45440494590417313,False,3.7746338661442995,True,360202.65868854616,504251.0820915449,,31.261276908556265,2.014584380022251,
3757320467753222,2025,panoroma_coarse,360184.3176811162,504190.7261088975,109.89330425369523,0.30327979300933805,16.261700513066646,prior,north,-0.30327979300932384,0.7201767304860088,0.4909090909090909,False,2.4724645676168744,True,360182.42680257146,504187.37913720676,,3.844169763357194,1.6877445786444019,
3757320467753222,2025,panoroma_fine,360184.3176811162,504190.7261088975,109.89330425369523,0.30327979300933805,16.261700513066646,prior,north,-0.30327979300932384,0.7201767304860088,0.4909090909090909,False,2.4724645676168744,True,360184.61551067076,504188.5291971592,,2.2170078099167583,2.0383671419017255,
3757320467753222,2025,panoroma_two_pass,360184.3176811162,504190.7261088975,109.89330425369523,0.30327979300933805,16.261700513066646,prior,north,-0.30327979300932384,0.7201767304860088,0.4909090909090909,False,2.4724645676168744,True,360184.61551067076,504188.5291971592,,2.2170078099167583,2.0383671419017255,
3757320467753222,2024,panoroma_coarse,360184.3176811162,504190.7261088975,109.89330425369523,0.30327979300933805,16.261700513066646,prior,north,-0.30327979300932384,0.7381316998468607,0.42736248236953456,False,1.9192932363861812,True,360182.0469275905,504188.2385402007,,3.3681329539978924,0.36313103305613254,
3757320467753222,2024,panoroma_fine,360184.3176811162,504190.7261088975,109.89330425369523,0.30327979300933805,16.261700513066646,prior,north,-0.30327979300932384,0.7381316998468607,0.42736248236953456,False,1.9192932363861812,True,360183.62043408025,504187.1395571008,,3.653697746066557,3.9145948965115824,
3757320467753222,2024,panoroma_two_pass,360184.3176811162,504190.7261088975,109.89330425369523,0.30327979300933805,16.261700513066646,prior,north,-0.30327979300932384,0.7381316998468607,0.42736248236953456,False,1.9192932363861812,True,360183.62043408025,504187.1395571008,,3.653697746066557,3.9145948965115824,
1084706981111921,2025,panoroma_coarse,360172.7961192918,504159.78433716483,109.07841537892595,-2.4876025192762796,13.771266339979283,prior,north,2.4876025192762654,0.6206415620641562,0.4230769230769231,False,2.4552297456497056,True,360172.60686890624,504157.14233779063,,2.6487688464113983,2.6375364060459625,
1084706981111921,2025,panoroma_fine,360172.7961192918,504159.78433716483,109.07841537892595,-2.4876025192762796,13.771266339979283,prior,north,2.4876025192762654,0.6206415620641562,0.4230769230769231,False,2.4552297456497056,True,360170.48304067407,504155.91046655376,,4.511896076282126,1.7000355711636608,
1084706981111921,2025,panoroma_two_pass,360172.7961192918,504159.78433716483,109.07841537892595,-2.4876025192762796,13.771266339979283,prior,north,2.4876025192762654,0.6206415620641562,0.4230769230769231,False,2.4552297456497056,True,360170.48304067407,504155.91046655376,,4.511896076282126,1.7000355711636608,
1084706981111921,2024,panoroma_coarse,360172.7961192918,504159.78433716483,109.07841537892595,-2.4876025192762796,13.771266339979283,prior,north,2.4876025192762654,0.6532951289398281,0.4373134328358209,False,2.3753420072459943,True,360173.2577229738,504156.222791542,,3.5913347355444936,3.4631091806588308,
1084706981111921,2024,panoroma_fine,360172.7961192918,504159.78433716483,109.07841537892595,-2.4876025192762796,13.771266339979283,prior,north,2.4876025192762654,0.6532951289398281,0.4373134328358209,False,2.3753420072459943,True,360171.01936582546,504157.0177801758,,3.2879614434840896,4.39228387280316,
1084706981111921,2024,panoroma_two_pass,360172.7961192918,504159.78433716483,109.07841537892595,-2.4876025192762796,13.771266339979283,prior,north,2.4876025192762654,0.6532951289398281,0.4373134328358209,False,2.3753420072459943,True,360171.01936582546,504157.0177801758,,3.2879614434840896,4.39228387280316,
1569936184813606,2025,panoroma_coarse,360163.02569056407,504128.34509992413,107.55053766241267,-5.274329366226681,12.848549724647116,prior,north,5.274329366226681,0.50480109739369,0.33278955954323003,False,2.9379610076091405,True,360169.3869701227,504148.9376788579,,21.55273033203997,6.940270543605572,
1569936184813606,2025,panoroma_fine,360163.02569056407,504128.34509992413,107.55053766241267,-5.274329366226681,12.848549724647116,prior,north,5.274329366226681,0.50480109739369,0.33278955954323003,False,2.9379610076091405,True,360170.7303045104,504151.55054464185,,24.45104784276248,2.5463142854753666,
1569936184813606,2025,panoroma_two_pass,360163.02569056407,504128.34509992413,107.55053766241267,-5.274329366226681,12.848549724647116,prior,north,5.274329366226681,0.50480109739369,0.33278955954323003,False,2.9379610076091405,True,360170.7303045104,504151.55054464185,,24.45104784276248,2.5463142854753666,
1569936184813606,2024,panoroma_coarse,360163.02569056407,504128.34509992413,107.55053766241267,-5.274329366226681,12.848549724647116,prior,north,5.274329366226681,0.5464414957780458,0.3623693379790941,False,2.1723604963062377,True,360169.73913519585,504149.820645715,,22.500431236741953,2.5148747036709116,
1569936184813606,2024,panoroma_fine,360163.02569056407,504128.34509992413,107.55053766241267,-5.274329366226681,12.848549724647116,prior,north,5.274329366226681,0.5464414957780458,0.3623693379790941,False,2.1723604963062377,True,360169.9901422921,504151.97845607816,,24.638163709479198,1.6590656378099033,
1569936184813606,2024,panoroma_two_pass,360163.02569056407,504128.34509992413,107.55053766241267,-5.274329366226681,12.848549724647116,prior,north,5.274329366226681,0.5464414957780458,0.3623693379790941,False,2.1723604963062377,True,360169.9901422921,504151.97845607816,,24.638163709479198,1.6590656378099033,
1966035434037497,2025,panoroma_coarse,360152.2255144523,504096.58446743246,108.93797822619024,0.46948384629791917,2.954532516091057,prior,north,-0.46948384629791917,0.6043956043956044,0.3539325842696629,False,2.2168962009266724,True,360150.31846719957,504095.79487959313,,2.0640441323413987,1.2822582665129958,
1966035434037497,2025,panoroma_fine,360152.2255144523,504096.58446743246,108.93797822619024,0.46948384629791917,2.954532516091057,prior,north,-0.46948384629791917,0.6043956043956044,0.3539325842696629,False,2.2168962009266724,True,360149.491191402,504097.85163517424,,3.0136749375522958,0.8828995298185379,
1966035434037497,2025,panoroma_two_pass,360152.2255144523,504096.58446743246,108.93797822619024,0.46948384629791917,2.954532516091057,prior,north,-0.46948384629791917,0.6043956043956044,0.3539325842696629,False,2.2168962009266724,True,360149.491191402,504097.85163517424,,3.0136749375522958,0.8828995298185379,
1966035434037497,2024,panoroma_coarse,360152.2255144523,504096.58446743246,108.93797822619024,0.46948384629791917,2.954532516091057,prior,north,-0.46948384629791917,0.6331938633193863,0.4325032765399738,False,1.0951006245169383,True,360149.7285058412,504097.08143432706,,2.5459827372214945,4.4299158080912875,
1966035434037497,2024,panoroma_fine,360152.2255144523,504096.58446743246,108.93797822619024,0.46948384629791917,2.954532516091057,prior,north,-0.46948384629791917,0.6331938633193863,0.4325032765399738,False,1.0951006245169383,True,360149.8457982073,504098.17023544695,,2.8596694918669456,1.4663570162785953,
1966035434037497,2024,panoroma_two_pass,360152.2255144523,504096.58446743246,108.93797822619024,0.46948384629791917,2.954532516091057,prior,north,-0.46948384629791917,0.6331938633193863,0.4325032765399738,False,1.0951006245169383,True,360149.8457982073,504098.17023544695,,2.8596694918669456,1.4663570162785953,
1897080597943369,2025,panoroma_coarse,360140.1340845268,504063.5842964947,110.06125082140551,-5.851287951340339,16.00412196530676,prior,north,5.851287951340339,0.6072319201995012,0.3939745075318656,False,2.181298074877125,True,360138.38040734886,504064.3267577456,,1.9043719052391868,2.7521719217771023,
1897080597943369,2025,panoroma_fine,360140.1340845268,504063.5842964947,110.06125082140551,-5.851287951340339,16.00412196530676,prior,north,5.851287951340339,0.6072319201995012,0.3939745075318656,False,2.181298074877125,True,360136.23213283345,504064.70488192886,,4.059672244457996,3.150438358882146,
1897080597943369,2025,panoroma_two_pass,360140.1340845268,504063.5842964947,110.06125082140551,-5.851287951340339,16.00412196530676,prior,north,5.851287951340339,0.6072319201995012,0.3939745075318656,False,2.181298074877125,True,360136.23213283345,504064.70488192886,,4.059672244457996,3.150438358882146,
1897080597943369,2024,panoroma_coarse,360140.1340845268,504063.5842964947,110.06125082140551,-5.851287951340339,16.00412196530676,prior,north,5.851287951340339,0.3621533442088091,0.3564356435643564,False,4.221811346248053,True,360129.8027236937,504034.7608838051,,30.619048576646446,0.4095035220556033,
1897080597943369,2024,panoroma_fine,360140.1340845268,504063.5842964947,110.06125082140551,-5.851287951340339,16.00412196530676,prior,north,5.851287951340339,0.3621533442088091,0.3564356435643564,False,4.221811346248053,True,360129.40035402885,504038.963477016,,26.858848117620337,3.3236670028440196,
1897080597943369,2024,panoroma_two_pass,360140.1340845268,504063.5842964947,110.06125082140551,-5.851287951340339,16.00412196530676,prior,north,5.851287951340339,0.3621533442088091,0.3564356435643564,False,4.221811346248053,True,360129.40035402885,504038.963477016,,26.858848117620337,3.3236670028440196,
962616489483305,2025,panoroma_coarse,360128.71088285104,504033.5532297725,111.37466616997419,8.473188058930717,16.963064197153102,prior,north,-8.473188058930702,0.3536404160475483,0.388646288209607,False,3.7061356488565815,True,360134.80156932643,504063.29637506173,,30.360354962333535,1.9775056530462563,
962616489483305,2025,panoroma_fine,360128.71088285104,504033.5532297725,111.37466616997419,8.473188058930717,16.963064197153102,prior,north,-8.473188058930702,0.3536404160475483,0.388646288209607,False,3.7061356488565815,True,360137.2269062507,504066.0987280466,,33.641226381516574,4.2506979100072,
962616489483305,2025,panoroma_two_pass,360128.71088285104,504033.5532297725,111.37466616997419,8.473188058930717,16.963064197153102,prior,north,-8.473188058930702,0.3536404160475483,0.388646288209607,False,3.7061356488565815,True,360137.2269062507,504066.0987280466,,33.641226381516574,4.2506979100072,
962616489483305,2024,panoroma_coarse,360128.71088285104,504033.5532297725,111.37466616997419,8.473188058930717,16.963064197153102,prior,north,-8.473188058930702,0.5365168539325843,0.37358916478555304,False,4.051431937075111,True,360127.8076121053,504034.290050087,,1.165676720192174,0.4081393840830659,
962616489483305,2024,panoroma_fine,360128.71088285104,504033.5532297725,111.37466616997419,8.473188058930717,16.963064197153102,prior,north,-8.473188058930702,0.5365168539325843,0.37358916478555304,False,4.051431937075111,True,360123.7754426991,504034.68465193734,,5.063465770459572,12.358582360672036,
962616489483305,2024,panoroma_two_pass,360128.71088285104,504033.5532297725,111.37466616997419,8.473188058930717,16.963064197153102,prior,north,-8.473188058930702,0.5365168539325843,0.37358916478555304,False,4.051431937075111,True,360123.7754426991,504034.68465193734,,5.063465770459572,12.358582360672036,
2210288512880939,2025,panoroma_coarse,360119.1444854562,504000.351743727,91.05155375073208,3.7164785849764,5.990761113332569,prior,north,-3.7164785849764144,0.5754614549402823,0.35,False,1.4087297780100965,True,360115.7666012547,503997.3742496936,,4.502840481063108,2.8028191211319142,
2210288512880939,2025,panoroma_fine,360119.1444854562,504000.351743727,91.05155375073208,3.7164785849764,5.990761113332569,prior,north,-3.7164785849764144,0.5754614549402823,0.35,False,1.4087297780100965,True,360114.69840150926,503998.2926553183,,4.899745660581922,3.400050039876585,
2210288512880939,2025,panoroma_two_pass,360119.1444854562,504000.351743727,91.05155375073208,3.7164785849764,5.990761113332569,prior,north,-3.7164785849764144,0.5754614549402823,0.35,False,1.4087297780100965,True,360114.69840150926,503998.2926553183,,4.899745660581922,3.400050039876585,
2210288512880939,2024,panoroma_coarse,360119.1444854562,504000.351743727,91.05155375073208,3.7164785849764,5.990761113332569,prior,north,-3.7164785849764144,0.5774499473129611,0.37180910099889014,False,2.074642707737471,True,360114.39968171774,503998.8021661085,,4.9914279833016435,0.9169745474178999,
2210288512880939,2024,panoroma_fine,360119.1444854562,504000.351743727,91.05155375073208,3.7164785849764,5.990761113332569,prior,north,-3.7164785849764144,0.5774499473129611,0.37180910099889014,False,2.074642707737471,True,360116.4660201825,503998.9876053547,,3.005835943875725,0.242993725182536,
2210288512880939,2024,panoroma_two_pass,360119.1444854562,504000.351743727,91.05155375073208,3.7164785849764,5.990761113332569,prior,north,-3.7164785849764144,0.5774499473129611,0.37180910099889014,False,2.074642707737471,True,360116.4660201825,503998.9876053547,,3.005835943875725,0.242993725182536,
1039518862467428,2025,panoroma_coarse,360133.0528596273,503973.5716151353,35.618167811678525,-4.413916958369704,11.332507331853833,prior,north,4.413916958369697,0.4318471337579618,0.3522727272727273,False,3.069469112844761,True,360119.3877602508,503983.69484557654,,17.006314578316772,10.314717588356556,
1039518862467428,2025,panoroma_fine,360133.0528596273,503973.5716151353,35.618167811678525,-4.413916958369704,11.332507331853833,prior,north,4.413916958369697,0.4318471337579618,0.3522727272727273,False,3.069469112844761,True,360117.8174396976,503986.3322181318,,19.873374380508704,6.577923351840799,
1039518862467428,2025,panoroma_two_pass,360133.0528596273,503973.5716151353,35.618167811678525,-4.413916958369704,11.332507331853833,prior,north,4.413916958369697,0.4318471337579618,0.3522727272727273,False,3.069469112844761,True,360117.8174396976,503986.3322181318,,19.873374380508704,6.577923351840799,
1039518862467428,2024,panoroma_coarse,360133.0528596273,503973.5716151353,35.618167811678525,-4.413916958369704,11.332507331853833,prior,north,4.413916958369697,0.5503448275862068,0.3522012578616352,False,2.2576548003507,True,360118.77136607,503979.4699453398,,15.451581065617905,4.079411840909104,
1039518862467428,2024,panoroma_fine,360133.0528596273,503973.5716151353,35.618167811678525,-4.413916958369704,11.332507331853833,prior,north,4.413916958369697,0.5503448275862068,0.3522012578616352,False,2.2576548003507,True,360118.32870973897,503981.68377924734,,16.810942761025895,6.7003837268659305,
1039518862467428,2024,panoroma_two_pass,360133.0528596273,503973.5716151353,35.618167811678525,-4.413916958369704,11.332507331853833,prior,north,4.413916958369697,0.5503448275862068,0.3522012578616352,False,2.2576548003507,True,360118.32870973897,503981.68377924734,,16.810942761025895,6.7003837268659305,
1068673502542792,2025,panoroma_coarse,360165.8632651619,503970.6280462332,350.15053243802794,2.886426762550684,12.214114737920937,prior,north,-2.886426762550684,0.4308755760368664,0.40826446280991735,False,2.9346022158619234,True,360161.42290674226,503969.45361100364,,4.593047028234607,7.257384618285218,
1068673502542792,2025,panoroma_fine,360165.8632651619,503970.6280462332,350.15053243802794,2.886426762550684,12.214114737920937,prior,north,-2.886426762550684,0.4308755760368664,0.40826446280991735,False,2.9346022158619234,True,360163.9849260537,503968.0225459412,,3.2119759615198498,2.6753503023695284,
1068673502542792,2025,panoroma_two_pass,360165.8632651619,503970.6280462332,350.15053243802794,2.886426762550684,12.214114737920937,prior,north,-2.886426762550684,0.4308755760368664,0.40826446280991735,False,2.9346022158619234,True,360163.9849260537,503968.0225459412,,3.2119759615198498,2.6753503023695284,
1068673502542792,2024,panoroma_coarse,360165.8632651619,503970.6280462332,350.15053243802794,2.886426762550684,12.214114737920937,prior,north,-2.886426762550684,0.5575342465753425,0.529886914378029,False,2.9095684949418277,True,360168.0474276883,503970.24409361894,,2.2176531630750635,4.595079206503239,
1068673502542792,2024,panoroma_fine,360165.8632651619,503970.6280462332,350.15053243802794,2.886426762550684,12.214114737920937,prior,north,-2.886426762550684,0.5575342465753425,0.529886914378029,False,2.9095684949418277,True,360165.2967409593,503969.2957733431,,1.447722599750907,1.3222979634263914,
1068673502542792,2024,panoroma_two_pass,360165.8632651619,503970.6280462332,350.15053243802794,2.886426762550684,12.214114737920937,prior,north,-2.886426762550684,0.5575342465753425,0.529886914378029,False,2.9095684949418277,True,360165.2967409593,503969.2957733431,,1.447722599750907,1.3222979634263914,
1614796256716672,2025,panoroma_coarse,360199.6908804353,503976.64319369476,347.084474668747,-2.6424565998051435,15.046450192013534,prior,north,2.6424565998051435,0.7992895204262878,0.48194662480376765,False,0.7733838557575662,True,360198.22133037186,503975.9528287,,1.623632105771042,3.0598239574075174,
1614796256716672,2025,panoroma_fine,360199.6908804353,503976.64319369476,347.084474668747,-2.6424565998051435,15.046450192013534,prior,north,2.6424565998051435,0.7992895204262878,0.48194662480376765,False,0.7733838557575662,True,360197.4484494575,503975.9249417756,,2.354651250102927,3.382157690116804,
1614796256716672,2025,panoroma_two_pass,360199.6908804353,503976.64319369476,347.084474668747,-2.6424565998051435,15.046450192013534,prior,north,2.6424565998051435,0.7992895204262878,0.48194662480376765,False,0.7733838557575662,True,360197.4484494575,503975.9249417756,,2.354651250102927,3.382157690116804,
1614796256716672,2024,panoroma_coarse,360199.6908804353,503976.64319369476,347.084474668747,-2.6424565998051435,15.046450192013534,prior,north,2.6424565998051435,0.7906976744186046,0.4050235478806907,False,0.8489500454995567,True,360197.3624240074,503976.24656063796,,2.3619964264135525,2.87273376578456,
1614796256716672,2024,panoroma_fine,360199.6908804353,503976.64319369476,347.084474668747,-2.6424565998051435,15.046450192013534,prior,north,2.6424565998051435,0.7906976744186046,0.4050235478806907,False,0.8489500454995567,True,360198.0278977834,503975.71943557385,,1.90232498971598,1.2523658011226286,
1614796256716672,2024,panoroma_two_pass,360199.6908804353,503976.64319369476,347.084474668747,-2.6424565998051435,15.046450192013534,prior,north,2.6424565998051435,0.7906976744186046,0.4050235478806907,False,0.8489500454995567,True,360198.0278977834,503975.71943557385,,1.90232498971598,1.2523658011226286,
1623097549539635,2025,panoroma_coarse,360230.81751104794,503983.41809891164,347.18431886247004,9.178986444773386,1.8347676850609251,prior,north,-9.178986444773386,0.44940867279894875,0.3621212121212121,False,3.5015868765535596,True,360242.95576400013,503986.1568903234,,12.443398375383177,7.279286315131934,
1623097549539635,2025,panoroma_fine,360230.81751104794,503983.41809891164,347.18431886247004,9.178986444773386,1.8347676850609251,prior,north,-9.178986444773386,0.44940867279894875,0.3621212121212121,False,3.5015868765535596,True,360246.07320807956,503984.56232045486,,15.298546821858572,3.918745460926325,
1623097549539635,2025,panoroma_two_pass,360230.81751104794,503983.41809891164,347.18431886247004,9.178986444773386,1.8347676850609251,prior,north,-9.178986444773386,0.44940867279894875,0.3621212121212121,False,3.5015868765535596,True,360246.07320807956,503984.56232045486,,15.298546821858572,3.918745460926325,
1623097549539635,2024,panoroma_coarse,360230.81751104794,503983.41809891164,347.18431886247004,9.178986444773386,1.8347676850609251,prior,north,-9.178986444773386,0.4047919293820933,0.4090909090909091,False,3.523284791517248,True,360240.5757924142,503985.55412268324,,9.989326943088994,9.989056717857117,
1623097549539635,2024,panoroma_fine,360230.81751104794,503983.41809891164,347.18431886247004,9.178986444773386,1.8347676850609251,prior,north,-9.178986444773386,0.4047919293820933,0.4090909090909091,False,3.523284791517248,True,360244.03723490064,503984.8968924076,,13.30217760163342,6.756327074701451,
1623097549539635,2024,panoroma_two_pass,360230.81751104794,503983.41809891164,347.18431886247004,9.178986444773386,1.8347676850609251,prior,north,-9.178986444773386,0.4047919293820933,0.4090909090909091,False,3.523284791517248,True,360244.03723490064,503984.8968924076,,13.30217760163342,6.756327074701451,
1585086595814553,2025,panoroma_coarse,360265.8288479847,503990.3496837346,348.28538668930594,-6.842024136820726,15.720703665446791,prior,north,6.842024136820726,0.7033333333333334,0.4155251141552511,False,2.901126162683263,True,360265.06707765657,503989.73773511476,,0.9771259622855836,4.1310012753592815,
1585086595814553,2025,panoroma_fine,360265.8288479847,503990.3496837346,348.28538668930594,-6.842024136820726,15.720703665446791,prior,north,6.842024136820726,0.7033333333333334,0.4155251141552511,False,2.901126162683263,True,360264.04615421407,503987.02217838797,,3.7749554847339666,7.262143731901769,
1585086595814553,2025,panoroma_two_pass,360265.8288479847,503990.3496837346,348.28538668930594,-6.842024136820726,15.720703665446791,prior,north,6.842024136820726,0.7033333333333334,0.4155251141552511,False,2.901126162683263,True,360264.04615421407,503987.02217838797,,3.7749554847339666,7.262143731901769,
1585086595814553,2024,panoroma_coarse,360265.8288479847,503990.3496837346,348.28538668930594,-6.842024136820726,15.720703665446791,prior,north,6.842024136820726,0.7018425460636516,0.423562412342216,False,2.950783767489491,True,360265.65708584775,503990.5566541957,,0.26895911115762317,8.142098900608055,
1585086595814553,2024,panoroma_fine,360265.8288479847,503990.3496837346,348.28538668930594,-6.842024136820726,15.720703665446791,prior,north,6.842024136820726,0.7018425460636516,0.423562412342216,False,2.950783767489491,True,360265.43890338327,503987.61394774506,,2.763387087721508,6.429046364670213,
1585086595814553,2024,panoroma_two_pass,360265.8288479847,503990.3496837346,348.28538668930594,-6.842024136820726,15.720703665446791,prior,north,6.842024136820726,0.7018425460636516,0.423562412342216,False,2.950783767489491,True,360265.43890338327,503987.61394774506,,2.763387087721508,6.429046364670213,
1605463537903045,2025,panoroma_coarse,360296.4594195853,503997.18667273317,346.64073882745475,-0.20381848934039226,19.853584068747864,prior,north,0.20381848934039226,0.7377622377622378,0.5657894736842105,False,3.493377113286486,True,360293.4909732177,503998.1726479957,,3.127910013989675,1.1470611508661122,
1605463537903045,2025,panoroma_fine,360296.4594195853,503997.18667273317,346.64073882745475,-0.20381848934039226,19.853584068747864,prior,north,0.20381848934039226,0.7377622377622378,0.5657894736842105,False,3.493377113286486,True,360296.2592420115,503996.0418332358,,1.1622084734308915,1.8802759449905841,
1605463537903045,2025,panoroma_two_pass,360296.4594195853,503997.18667273317,346.64073882745475,-0.20381848934039226,19.853584068747864,prior,north,0.20381848934039226,0.7377622377622378,0.5657894736842105,False,3.493377113286486,True,360296.2592420115,503996.0418332358,,1.1622084734308915,1.8802759449905841,
1605463537903045,2024,panoroma_coarse,360296.4594195853,503997.18667273317,346.64073882745475,-0.20381848934039226,19.853584068747864,prior,north,0.20381848934039226,0.7705779334500875,0.5926544240400667,False,1.8252430887101454,True,360294.74609692104,503997.58427649183,,1.7588528365900453,2.2098362537229,
1605463537903045,2024,panoroma_fine,360296.4594195853,503997.18667273317,346.64073882745475,-0.20381848934039226,19.853584068747864,prior,north,0.20381848934039226,0.7705779334500875,0.5926544240400667,False,1.8252430887101454,True,360295.9328892135,503996.1975406167,,1.1205429828013393,7.094434343866476,
1605463537903045,2024,panoroma_two_pass,360296.4594195853,503997.18667273317,346.64073882745475,-0.20381848934039226,19.853584068747864,prior,north,0.20381848934039226,0.7705779334500875,0.5926544240400667,False,1.8252430887101454,True,360295.9328892135,503996.1975406167,,1.1205429828013393,7.094434343866476,
3789502397873420,2025,panoroma_coarse,360329.7389217006,504003.7331037838,344.91925715035035,-7.035245201361761,22.509123266098655,prior,north,7.035245201361761,0.6743185078909613,0.28674351585014407,False,4.281042127272081,True,360326.0695439559,504005.94722151745,,4.285633018808471,3.0607485091388362,
3789502397873420,2025,panoroma_fine,360329.7389217006,504003.7331037838,344.91925715035035,-7.035245201361761,22.509123266098655,prior,north,7.035245201361761,0.6743185078909613,0.28674351585014407,False,4.281042127272081,True,360330.050120532,504004.3716797638,,0.7103689146074159,7.9357516002853545,
3789502397873420,2025,panoroma_two_pass,360329.7389217006,504003.7331037838,344.91925715035035,-7.035245201361761,22.509123266098655,prior,north,7.035245201361761,0.6743185078909613,0.28674351585014407,False,4.281042127272081,True,360330.050120532,504004.3716797638,,0.7103689146074159,7.9357516002853545,
3789502397873420,2024,panoroma_coarse,360329.7389217006,504003.7331037838,344.91925715035035,-7.035245201361761,22.509123266098655,prior,north,7.035245201361761,0.6722222222222223,0.45677233429394815,False,3.3659637329277508,True,360326.4656592886,504005.0357293601,,3.5229363051672165,3.4104144222208475,
3789502397873420,2024,panoroma_fine,360329.7389217006,504003.7331037838,344.91925715035035,-7.035245201361761,22.509123266098655,prior,north,7.035245201361761,0.6722222222222223,0.45677233429394815,False,3.3659637329277508,True,360328.52529590786,504002.37347301486,,1.822493729130355,3.4454839539090756,
3789502397873420,2024,panoroma_two_pass,360329.7389217006,504003.7331037838,344.91925715035035,-7.035245201361761,22.509123266098655,prior,north,7.035245201361761,0.6722222222222223,0.45677233429394815,False,3.3659637329277508,True,360328.52529590786,504002.37347301486,,1.822493729130355,3.4454839539090756,
1950003419008286,2025,panoroma_coarse,360363.1358821056,504010.94987133984,349.8785002006545,-8.337062201042443,13.1404951610002,prior,north,8.337062201042443,0.5266723116003387,0.40369967355821545,False,3.0637007341609923,True,360364.47878059687,504010.0444381645,,1.6196251395853736,6.845581131779834,
1950003419008286,2025,panoroma_fine,360363.1358821056,504010.94987133984,349.8785002006545,-8.337062201042443,13.1404951610002,prior,north,8.337062201042443,0.5266723116003387,0.40369967355821545,False,3.0637007341609923,True,360367.32362956804,504011.1815821834,,4.194152920916221,11.081089002910339,
1950003419008286,2025,panoroma_two_pass,360363.1358821056,504010.94987133984,349.8785002006545,-8.337062201042443,13.1404951610002,prior,north,8.337062201042443,0.5266723116003387,0.40369967355821545,False,3.0637007341609923,True,360367.32362956804,504011.1815821834,,4.194152920916221,11.081089002910339,
1950003419008286,2024,panoroma_coarse,360363.1358821056,504010.94987133984,349.8785002006545,-8.337062201042443,13.1404951610002,prior,north,8.337062201042443,0.6253746253746254,0.40567066521264994,False,2.4358755789544064,True,360361.5248555555,504009.2667544307,,2.3298688965139482,7.061689887229626,
1950003419008286,2024,panoroma_fine,360363.1358821056,504010.94987133984,349.8785002006545,-8.337062201042443,13.1404951610002,prior,north,8.337062201042443,0.6253746253746254,0.40567066521264994,False,2.4358755789544064,True,360363.8026811059,504010.1298886022,,1.0568787048827932,1.2127886410717694,
1950003419008286,2024,panoroma_two_pass,360363.1358821056,504010.94987133984,349.8785002006545,-8.337062201042443,13.1404951610002,prior,north,8.337062201042443,0.6253746253746254,0.40567066521264994,False,2.4358755789544064,True,360363.8026811059,504010.1298886022,,1.0568787048827932,1.2127886410717694,
1783034616269773,2025,panoroma_coarse,360394.11981327285,504016.33189696353,349.3653990519746,-6.495003192321349,12.270147858824737,prior,north,6.495003192321349,0.6183074265975821,0.4277456647398844,False,2.6287189519580987,True,360395.73044845124,504015.5710212196,,1.7813134411410119,0.1941301667694415,
1783034616269773,2025,panoroma_fine,360394.11981327285,504016.33189696353,349.3653990519746,-6.495003192321349,12.270147858824737,prior,north,6.495003192321349,0.6183074265975821,0.4277456647398844,False,2.6287189519580987,True,360393.16011915053,504015.0200487936,,1.6254102341878605,6.983964550200845,
1783034616269773,2025,panoroma_two_pass,360394.11981327285,504016.33189696353,349.3653990519746,-6.495003192321349,12.270147858824737,prior,north,6.495003192321349,0.6183074265975821,0.4277456647398844,False,2.6287189519580987,True,360393.16011915053,504015.0200487936,,1.6254102341878605,6.983964550200845,
1783034616269773,2024,panoroma_coarse,360394.11981327285,504016.33189696353,349.3653990519746,-6.495003192321349,12.270147858824737,prior,north,6.495003192321349,0.7412031782065834,0.4226579520697168,False,2.934117884206843,True,360395.14190386,504015.5595101853,,1.2811129940612611,0.6541024059966564,
1783034616269773,2024,panoroma_fine,360394.11981327285,504016.33189696353,349.3653990519746,-6.495003192321349,12.270147858824737,prior,north,6.495003192321349,0.7412031782065834,0.4226579520697168,False,2.934117884206843,True,360392.9764084045,504013.5796927214,,2.980268928012343,3.4861650243759876,
1783034616269773,2024,panoroma_two_pass,360394.11981327285,504016.33189696353,349.3653990519746,-6.495003192321349,12.270147858824737,prior,north,6.495003192321349,0.7412031782065834,0.4226579520697168,False,2.934117884206843,True,360392.9764084045,504013.5796927214,,2.980268928012343,3.4861650243759876,
1751971182727263,2025,panoroma_coarse,360428.991711286,504022.2797679808,350.0611522646833,9.077511800668105,7.782601025164379,prior,north,-9.077511800668105,0.40614035087719297,0.3071965628356606,False,4.656107273323066,True,360418.50124927,504016.9577407209,,11.763237966856366,3.4902992602953975,
1751971182727263,2025,panoroma_fine,360428.991711286,504022.2797679808,350.0611522646833,9.077511800668105,7.782601025164379,prior,north,-9.077511800668105,0.40614035087719297,0.3071965628356606,False,4.656107273323066,True,360413.96183716104,504015.92184852285,,16.31932155594345,16.338601349800804,
1751971182727263,2025,panoroma_two_pass,360428.991711286,504022.2797679808,350.0611522646833,9.077511800668105,7.782601025164379,prior,north,-9.077511800668105,0.40614035087719297,0.3071965628356606,False,4.656107273323066,True,360413.96183716104,504015.92184852285,,16.31932155594345,16.338601349800804,
1751971182727263,2024,panoroma_coarse,360428.991711286,504022.2797679808,350.0611522646833,9.077511800668105,7.782601025164379,prior,north,-9.077511800668105,0.5983606557377049,0.3299595141700405,False,4.187483924502355,True,360409.95742481994,504017.7744145607,,19.560221642729932,13.363013389866632,
1751971182727263,2024,panoroma_fine,360428.991711286,504022.2797679808,350.0611522646833,9.077511800668105,7.782601025164379,prior,north,-9.077511800668105,0.5983606557377049,0.3299595141700405,False,4.187483924502355,True,360414.13984568836,504017.98027202865,,15.461680929744228,3.1045584527011902,
1751971182727263,2024,panoroma_two_pass,360428.991711286,504022.2797679808,350.0611522646833,9.077511800668105,7.782601025164379,prior,north,-9.077511800668105,0.5983606557377049,0.3299595141700405,False,4.187483924502355,True,360414.13984568836,504017.98027202865,,15.461680929744228,3.1045584527011902,
1041946372000040,2025,panoroma_coarse,360460.61334308796,504027.6650502281,349.5307363918364,-7.590121279440325,22.887002217588915,prior,north,7.590121279440325,0.41811175337186895,0.3848314606741573,False,3.9766798564136816,True,360440.65420542937,504039.27652123064,,23.09098167936376,7.268042877604117,
1041946372000040,2025,panoroma_fine,360460.61334308796,504027.6650502281,349.5307363918364,-7.590121279440325,22.887002217588915,prior,north,7.590121279440325,0.41811175337186895,0.3848314606741573,False,3.9766798564136816,True,360444.48960590287,504040.3270857876,,20.501269358829386,16.053824804149155,
1041946372000040,2025,panoroma_two_pass,360460.61334308796,504027.6650502281,349.5307363918364,-7.590121279440325,22.887002217588915,prior,north,7.590121279440325,0.41811175337186895,0.3848314606741573,False,3.9766798564136816,True,360444.48960590287,504040.3270857876,,20.501269358829386,16.053824804149155,
1041946372000040,2024,panoroma_coarse,360460.61334308796,504027.6650502281,349.5307363918364,-7.590121279440325,22.887002217588915,prior,north,7.590121279440325,0.6887340301974448,0.4371327849588719,False,4.351404955245167,True,360436.05043067696,504020.6590057898,,25.542539513180547,3.4767722120899425,
1041946372000040,2024,panoroma_fine,360460.61334308796,504027.6650502281,349.5307363918364,-7.590121279440325,22.887002217588915,prior,north,7.590121279440325,0.6887340301974448,0.4371327849588719,False,4.351404955245167,True,360440.257310939,504021.7711584525,,21.192121298051454,12.86213060908761,
1041946372000040,2024,panoroma_two_pass,360460.61334308796,504027.6650502281,349.5307363918364,-7.590121279440325,22.887002217588915,prior,north,7.590121279440325,0.6887340301974448,0.4371327849588719,False,4.351404955245167,True,360440.257310939,504021.7711584525,,21.192121298051454,12.86213060908761,
1058349307017059,2025,panoroma_coarse,360492.22805497993,504032.4493259415,350.455605222158,-5.987298730694533,23.168447841648806,prior,north,5.987298730694533,0.7474892395982783,0.37621023513139695,False,2.478678694023581,True,360488.5867242181,504030.9047834778,,3.9553635912957796,6.205611387640529,
1058349307017059,2025,panoroma_fine,360492.22805497993,504032.4493259415,350.455605222158,-5.987298730694533,23.168447841648806,prior,north,5.987298730694533,0.7474892395982783,0.37621023513139695,False,2.478678694023581,True,360487.8343837556,504033.2665268797,,4.46902273446094,8.791867931903123,
1058349307017059,2025,panoroma_two_pass,360492.22805497993,504032.4493259415,350.455605222158,-5.987298730694533,23.168447841648806,prior,north,5.987298730694533,0.7474892395982783,0.37621023513139695,False,2.478678694023581,True,360487.8343837556,504033.2665268797,,4.46902273446094,8.791867931903123,
1058349307017059,2024,panoroma_coarse,360492.22805497993,504032.4493259415,350.455605222158,-5.987298730694533,23.168447841648806,prior,north,5.987298730694533,0.7090663058186739,0.4739803094233474,False,3.111024891176094,True,360489.1053076917,504030.43471450225,,3.716209073439669,5.088776493147633,
1058349307017059,2024,panoroma_fine,360492.22805497993,504032.4493259415,350.455605222158,-5.987298730694533,23.168447841648806,prior,north,5.987298730694533,0.7090663058186739,0.4739803094233474,False,3.111024891176094,True,360492.19981930614,504030.7548297024,,1.6947314706741572,6.631876137421471,
1058349307017059,2024,panoroma_two_pass,360492.22805497993,504032.4493259415,350.455605222158,-5.987298730694533,23.168447841648806,prior,north,5.987298730694533,0.7090663058186739,0.4739803094233474,False,3.111024891176094,True,360492.19981930614,504030.7548297024,,1.6947314706741572,6.631876137421471,
1588073185524588,2025,panoroma_coarse,360526.7575126549,504038.45668191835,349.1696028052205,-9.875916858056655,23.77045055515438,prior,north,9.875916858056655,0.6351931330472103,0.49157303370786515,False,4.912328391939479,True,360519.45276290854,504033.1817657842,,9.010222476655285,16.69444302104758,
1588073185524588,2025,panoroma_fine,360526.7575126549,504038.45668191835,349.1696028052205,-9.875916858056655,23.77045055515438,prior,north,9.875916858056655,0.6351931330472103,0.49157303370786515,False,4.912328391939479,True,360522.7078255977,504036.8608332095,,4.352780532313967,7.375229749785756,
1588073185524588,2025,panoroma_two_pass,360526.7575126549,504038.45668191835,349.1696028052205,-9.875916858056655,23.77045055515438,prior,north,9.875916858056655,0.6351931330472103,0.49157303370786515,False,4.912328391939479,True,360522.7078255977,504036.8608332095,,4.352780532313967,7.375229749785756,
1588073185524588,2024,panoroma_coarse,360526.7575126549,504038.45668191835,349.1696028052205,-9.875916858056655,23.77045055515438,prior,north,9.875916858056655,0.5300480769230769,0.49162011173184356,False,4.278968236592027,True,360522.9101292481,504033.6381927046,,6.166052009337878,14.204465656025537,
1588073185524588,2024,panoroma_fine,360526.7575126549,504038.45668191835,349.1696028052205,-9.875916858056655,23.77045055515438,prior,north,9.875916858056655,0.5300480769230769,0.49162011173184356,False,4.278968236592027,True,360524.3550953079,504037.6658026976,,2.5292487127136423,9.782033106914092,
1588073185524588,2024,panoroma_two_pass,360526.7575126549,504038.45668191835,349.1696028052205,-9.875916858056655,23.77045055515438,prior,north,9.875916858056655,0.5300480769230769,0.49162011173184356,False,4.278968236592027,True,360524.3550953079,504037.6658026976,,2.5292487127136423,9.782033106914092,
1098905325943467,2025,panoroma_coarse,360560.68061371776,504043.917289393,350.5254085542267,-7.000634216850983,18.643697362914146,prior,north,7.000634216850983,0.744299674267101,0.44554455445544555,False,4.3042718304736916,True,360564.3724923083,504043.60885228286,,3.70474033885566,4.647982577048698,
1098905325943467,2025,panoroma_fine,360560.68061371776,504043.917289393,350.5254085542267,-7.000634216850983,18.643697362914146,prior,north,7.000634216850983,0.744299674267101,0.44554455445544555,False,4.3042718304736916,True,360560.0683609249,504043.64362331777,,0.670631495770975,3.5343964140421784,
1098905325943467,2025,panoroma_two_pass,360560.68061371776,504043.917289393,350.5254085542267,-7.000634216850983,18.643697362914146,prior,north,7.000634216850983,0.744299674267101,0.44554455445544555,False,4.3042718304736916,True,360560.0683609249,504043.64362331777,,0.670631495770975,3.5343964140421784,
1098905325943467,2024,panoroma_coarse,360560.68061371776,504043.917289393,350.5254085542267,-7.000634216850983,18.643697362914146,prior,north,7.000634216850983,0.5934650455927052,0.36220472440944884,False,4.196193079576096,True,360564.0213625695,504042.99221126596,,3.4664639665500334,7.509378454511899,
1098905325943467,2024,panoroma_fine,360560.68061371776,504043.917289393,350.5254085542267,-7.000634216850983,18.643697362914146,prior,north,7.000634216850983,0.5934650455927052,0.36220472440944884,False,4.196193079576096,True,360567.9637382282,504044.42946925474,,7.301111617089568,4.675181678828908,
1098905325943467,2024,panoroma_two_pass,360560.68061371776,504043.917289393,350.5254085542267,-7.000634216850983,18.643697362914146,prior,north,7.000634216850983,0.5934650455927052,0.36220472440944884,False,4.196193079576096,True,360567.9637382282,504044.42946925474,,7.301111617089568,4.675181678828908,
3499536660219793,2025,panoroma_coarse,360594.0596022819,504048.21201448794,352.13471761739805,-6.065126177072614,24.942352313325827,prior,north,6.065126177072614,0.6626617375231053,0.4880273660205245,False,4.128403597091687,True,360588.72637409694,504045.9617070035,,5.788540977439794,0.3249417702715936,
3499536660219793,2025,panoroma_fine,360594.0596022819,504048.21201448794,352.13471761739805,-6.065126177072614,24.942352313325827,prior,north,6.065126177072614,0.6626617375231053,0.4880273660205245,False,4.128403597091687,True,360592.7647181145,504046.8193163879,,1.9016658499498555,6.015329326883096,
3499536660219793,2025,panoroma_two_pass,360594.0596022819,504048.21201448794,352.13471761739805,-6.065126177072614,24.942352313325827,prior,north,6.065126177072614,0.6626617375231053,0.4880273660205245,False,4.128403597091687,True,360592.7647181145,504046.8193163879,,1.9016658499498555,6.015329326883096,
3499536660219793,2024,panoroma_coarse,360594.0596022819,504048.21201448794,352.13471761739805,-6.065126177072614,24.942352313325827,prior,north,6.065126177072614,0.6840909090909091,0.4467849223946785,False,3.019035605767908,True,360589.89358167304,504048.6630367842,,4.1903638058227335,2.697255170168602,
3499536660219793,2024,panoroma_fine,360594.0596022819,504048.21201448794,352.13471761739805,-6.065126177072614,24.942352313325827,prior,north,6.065126177072614,0.6840909090909091,0.4467849223946785,False,3.019035605767908,True,360592.75491999683,504047.7000627526,,1.4015314638940974,5.936212788424642,
3499536660219793,2024,panoroma_two_pass,360594.0596022819,504048.21201448794,352.13471761739805,-6.065126177072614,24.942352313325827,prior,north,6.065126177072614,0.6840909090909091,0.4467849223946785,False,3.019035605767908,True,360592.75491999683,504047.7000627526,,1.4015314638940974,5.936212788424642,
2175866539657391,2025,panoroma_coarse,360627.0786677387,504052.1780074034,348.42048951318594,9.418000040432787,12.590444821784821,prior,north,-9.418000040432787,0.7785234899328859,0.3796728971962617,False,1.736106992150468,True,360626.38294684235,504050.05328896205,,2.2357227065505567,2.71800385758502,
2175866539657391,2025,panoroma_fine,360627.0786677387,504052.1780074034,348.42048951318594,9.418000040432787,12.590444821784821,prior,north,-9.418000040432787,0.7785234899328859,0.3796728971962617,False,1.736106992150468,True,360626.20132063644,504051.7798692265,,0.9634583259057323,0.28653613361327,
2175866539657391,2025,panoroma_two_pass,360627.0786677387,504052.1780074034,348.42048951318594,9.418000040432787,12.590444821784821,prior,north,-9.418000040432787,0.7785234899328859,0.3796728971962617,False,1.736106992150468,True,360626.20132063644,504051.7798692265,,0.9634583259057323,0.28653613361327,
2175866539657391,2024,panoroma_coarse,360627.0786677387,504052.1780074034,348.42048951318594,9.418000040432787,12.590444821784821,prior,north,-9.418000040432787,0.779891304347826,0.44175824175824174,False,2.8261855467748216,True,360625.76780148235,504049.6392997464,,2.857167637639651,2.0947559865833254,
2175866539657391,2024,panoroma_fine,360627.0786677387,504052.1780074034,348.42048951318594,9.418000040432787,12.590444821784821,prior,north,-9.418000040432787,0.779891304347826,0.44175824175824174,False,2.8261855467748216,True,360624.5023063395,504052.16632305225,,2.57638789458425,3.0719608966306557,
2175866539657391,2024,panoroma_two_pass,360627.0786677387,504052.1780074034,348.42048951318594,9.418000040432787,12.590444821784821,prior,north,-9.418000040432787,0.779891304347826,0.44175824175824174,False,2.8261855467748216,True,360624.5023063395,504052.16632305225,,2.57638789458425,3.0719608966306557,
1470108621835604,2025,panoroma_coarse,360656.9868018321,504057.98584541585,350.7771210413869,2.896819021986232,16.905858048894327,prior,north,-2.896819021986232,0.6929223744292238,0.45588235294117646,False,1.8719600519597017,True,360656.2868356517,504058.2551028159,,0.7499681334263208,2.9211109399990014,
1470108621835604,2025,panoroma_fine,360656.9868018321,504057.98584541585,350.7771210413869,2.896819021986232,16.905858048894327,prior,north,-2.896819021986232,0.6929223744292238,0.45588235294117646,False,1.8719600519597017,True,360654.4840184158,504057.7510349137,,2.51377421437385,1.511743079108007,
1470108621835604,2025,panoroma_two_pass,360656.9868018321,504057.98584541585,350.7771210413869,2.896819021986232,16.905858048894327,prior,north,-2.896819021986232,0.6929223744292238,0.45588235294117646,False,1.8719600519597017,True,360654.4840184158,504057.7510349137,,2.51377421437385,1.511743079108007,
1470108621835604,2024,panoroma_coarse,360656.9868018321,504057.98584541585,350.7771210413869,2.896819021986232,16.905858048894327,prior,north,-2.896819021986232,0.6791208791208792,0.433502538071066,False,2.1798894788638212,True,360654.2110105664,504060.0298663794,,3.4471783896679713,3.476835090679921,
1470108621835604,2024,panoroma_fine,360656.9868018321,504057.98584541585,350.7771210413869,2.896819021986232,16.905858048894327,prior,north,-2.896819021986232,0.6791208791208792,0.433502538071066,False,2.1798894788638212,True,360653.84380692255,504057.88112730166,,3.144738921576767,1.4523183137717615,
1470108621835604,2024,panoroma_two_pass,360656.9868018321,504057.98584541585,350.7771210413869,2.896819021986232,16.905858048894327,prior,north,-2.896819021986232,0.6791208791208792,0.433502538071066,False,2.1798894788638212,True,360653.84380692255,504057.88112730166,,3.144738921576767,1.4523183137717615,
1261127602821029,2025,panoroma_coarse,360680.909761988,504040.49847353157,76.3375943069395,-9.677281498632837,19.730306813112847,prior,north,9.677281498632851,0.685337726523888,0.47976011994003,False,1.6682831722613631,True,360679.71333672915,504039.0311688103,,1.89325554136954,9.866094706783139,
1261127602821029,2025,panoroma_fine,360680.909761988,504040.49847353157,76.3375943069395,-9.677281498632837,19.730306813112847,prior,north,9.677281498632851,0.685337726523888,0.47976011994003,False,1.6682831722613631,True,360679.77806728415,504040.69819571415,,1.1491831241761155,0.2329252649594149,
1261127602821029,2025,panoroma_two_pass,360680.909761988,504040.49847353157,76.3375943069395,-9.677281498632837,19.730306813112847,prior,north,9.677281498632851,0.685337726523888,0.47976011994003,False,1.6682831722613631,True,360679.77806728415,504040.69819571415,,1.1491831241761155,0.2329252649594149,
1261127602821029,2024,panoroma_coarse,360680.909761988,504040.49847353157,76.3375943069395,-9.677281498632837,19.730306813112847,prior,north,9.677281498632851,0.7873462214411248,0.534375,False,1.1738091718792831,True,360678.6621304097,504040.1434234505,,2.2755017626472553,11.356772956394183,
1261127602821029,2024,panoroma_fine,360680.909761988,504040.49847353157,76.3375943069395,-9.677281498632837,19.730306813112847,prior,north,9.677281498632851,0.7873462214411248,0.534375,False,1.1738091718792831,True,360679.4482075712,504041.0151520024,,1.5501928768696063,4.531263380713622,
1261127602821029,2024,panoroma_two_pass,360680.909761988,504040.49847353157,76.3375943069395,-9.677281498632837,19.730306813112847,prior,north,9.677281498632851,0.7873462214411248,0.534375,False,1.1738091718792831,True,360679.4482075712,504041.0151520024,,1.5501928768696063,4.531263380713622,
1810167326654101,2025,panoroma_coarse,360686.993854056,504006.6269094348,79.55305043736588,5.206673465197966,24.776480566452555,prior,north,-5.20667346519798,0.40768409818569906,0.5160771704180064,False,3.1426414803429457,True,360671.22481701087,504001.2134284329,,16.672381530208188,15.362401131020038,
1810167326654101,2025,panoroma_fine,360686.993854056,504006.6269094348,79.55305043736588,5.206673465197966,24.776480566452555,prior,north,-5.20667346519798,0.40768409818569906,0.5160771704180064,False,3.1426414803429457,True,360672.6575253997,504004.01048798655,,14.573125283759788,3.8165848553077124,
1810167326654101,2025,panoroma_two_pass,360686.993854056,504006.6269094348,79.55305043736588,5.206673465197966,24.776480566452555,prior,north,-5.20667346519798,0.40768409818569906,0.5160771704180064,False,3.1426414803429457,True,360672.6575253997,504004.01048798655,,14.573125283759788,3.8165848553077124,
1810167326654101,2024,panoroma_coarse,360686.993854056,504006.6269094348,79.55305043736588,5.206673465197966,24.776480566452555,prior,north,-5.20667346519798,0.47751605995717344,0.4921383647798742,False,3.1688364898763415,True,360684.60429527715,503998.60040338326,,8.374651667556963,12.630580218206031,
1810167326654101,2024,panoroma_fine,360686.993854056,504006.6269094348,79.55305043736588,5.206673465197966,24.776480566452555,prior,north,-5.20667346519798,0.47751605995717344,0.4921383647798742,False,3.1688364898763415,True,360687.32364607265,504000.227258002,,6.408143353250458,3.388910642191631,
1810167326654101,2024,panoroma_two_pass,360686.993854056,504006.6269094348,79.55305043736588,5.206673465197966,24.776480566452555,prior,north,-5.20667346519798,0.47751605995717344,0.4921383647798742,False,3.1688364898763415,True,360687.32364607265,504000.227258002,,6.408143353250458,3.388910642191631,
28353982287585850,2025,panoroma_coarse,360692.8649872906,503972.47876364924,79.66269750615494,4.956407896206599,22.17425146778149,prior,north,-4.956407896206599,0.5267857142857143,0.39316239316239315,False,0.8458604540930611,True,360697.1797612182,503938.39306232845,,34.357711049723335,2.0746121224607856,
28353982287585850,2025,panoroma_fine,360692.8649872906,503972.47876364924,79.66269750615494,4.956407896206599,22.17425146778149,prior,north,-4.956407896206599,0.5267857142857143,0.39316239316239315,False,0.8458604540930611,True,360696.7217568951,503939.1041965969,,33.5966724202547,2.8859706086965313,
28353982287585850,2025,panoroma_two_pass,360692.8649872906,503972.47876364924,79.66269750615494,4.956407896206599,22.17425146778149,prior,north,-4.956407896206599,0.5267857142857143,0.39316239316239315,False,0.8458604540930611,True,360696.7217568951,503939.1041965969,,33.5966724202547,2.8859706086965313,
28353982287585850,2024,panoroma_coarse,360692.8649872906,503972.47876364924,79.66269750615494,4.956407896206599,22.17425146778149,prior,north,-4.956407896206599,0.6995447647951442,0.28362573099415206,False,3.032149708355158,True,360695.5968970228,503941.07678361906,,31.520591374537126,3.551204033499114,
28353982287585850,2024,panoroma_fine,360692.8649872906,503972.47876364924,79.66269750615494,4.956407896206599,22.17425146778149,prior,north,-4.956407896206599,0.6995447647951442,0.28362573099415206,False,3.032149708355158,True,360695.31462718535,503944.0957661617,,28.488511403592163,3.2850366203470784,
28353982287585850,2024,panoroma_two_pass,360692.8649872906,503972.47876364924,79.66269750615494,4.956407896206599,22.17425146778149,prior,north,-4.956407896206599,0.6995447647951442,0.28362573099415206,False,3.032149708355158,True,360695.31462718535,503944.0957661617,,28.488511403592163,3.2850366203470784,
3724194881070199,2025,panoroma_coarse,360698.43418773764,503941.5210407255,79.67306387451882,-6.63715471041823,11.874902683208001,prior,north,6.63715471041823,0.5544933078393881,0.45496535796766746,False,3.1160501338955005,True,360696.8553124625,503940.6156084557,,1.8200699793632298,6.590545193237846,
3724194881070199,2025,panoroma_fine,360698.43418773764,503941.5210407255,79.67306387451882,-6.63715471041823,11.874902683208001,prior,north,6.63715471041823,0.5544933078393881,0.45496535796766746,False,3.1160501338955005,True,360695.52806867333,503943.4348623217,,3.4796898019773237,10.98622009261884,
3724194881070199,2025,panoroma_two_pass,360698.43418773764,503941.5210407255,79.67306387451882,-6.63715471041823,11.874902683208001,prior,north,6.63715471041823,0.5544933078393881,0.45496535796766746,False,3.1160501338955005,True,360695.52806867333,503943.4348623217,,3.4796898019773237,10.98622009261884,
3724194881070199,2024,panoroma_coarse,360698.43418773764,503941.5210407255,79.67306387451882,-6.63715471041823,11.874902683208001,prior,north,6.63715471041823,0.5466417910447762,0.4136460554371002,False,3.6192881421541245,True,360694.3074684774,503942.8701637363,,4.341652306552538,0.15581265776928735,
3724194881070199,2024,panoroma_fine,360698.43418773764,503941.5210407255,79.67306387451882,-6.63715471041823,11.874902683208001,prior,north,6.63715471041823,0.5466417910447762,0.4136460554371002,False,3.6192881421541245,True,360694.82209692366,503946.4526774094,,6.11295676659236,6.5182575058490855,
3724194881070199,2024,panoroma_two_pass,360698.43418773764,503941.5210407255,79.67306387451882,-6.63715471041823,11.874902683208001,prior,north,6.63715471041823,0.5466417910447762,0.4136460554371002,False,3.6192881421541245,True,360694.82209692366,503946.4526774094,,6.11295676659236,6.5182575058490855,
2127011918227183,2025,panoroma_coarse,360690.3178709857,503914.0249450132,113.26557597296303,-1.2523605222595222,20.33411220255481,prior,north,1.2523605222595222,0.7771836007130125,0.4915254237288136,False,1.935016563261934,True,360686.05783110316,503915.47538066545,,4.500189260713318,2.295823914310372,
2127011918227183,2025,panoroma_fine,360690.3178709857,503914.0249450132,113.26557597296303,-1.2523605222595222,20.33411220255481,prior,north,1.2523605222595222,0.7771836007130125,0.4915254237288136,False,1.935016563261934,True,360687.46559140086,503914.1477888441,,2.8549237182377896,2.272307609144284,
2127011918227183,2025,panoroma_two_pass,360690.3178709857,503914.0249450132,113.26557597296303,-1.2523605222595222,20.33411220255481,prior,north,1.2523605222595222,0.7771836007130125,0.4915254237288136,False,1.935016563261934,True,360687.46559140086,503914.1477888441,,2.8549237182377896,2.272307609144284,
2127011918227183,2024,panoroma_coarse,360690.3178709857,503914.0249450132,113.26557597296303,-1.2523605222595222,20.33411220255481,prior,north,1.2523605222595222,0.7769911504424779,0.5060240963855421,False,2.3361302539081916,True,360684.9751296112,503914.9071777724,,5.415091876985876,4.245948378909554,
2127011918227183,2024,panoroma_fine,360690.3178709857,503914.0249450132,113.26557597296303,-1.2523605222595222,20.33411220255481,prior,north,1.2523605222595222,0.7769911504424779,0.5060240963855421,False,2.3361302539081916,True,360687.2620538929,503914.4302271531,,3.0825755007349787,5.296989750515797,
2127011918227183,2024,panoroma_two_pass,360690.3178709857,503914.0249450132,113.26557597296303,-1.2523605222595222,20.33411220255481,prior,north,1.2523605222595222,0.7769911504424779,0.5060240963855421,False,2.3361302539081916,True,360687.2620538929,503914.4302271531,,3.0825755007349787,5.296989750515797,
1050395951111401,2025,panoroma_coarse,360694.0420611825,503880.718190806,80.30233984358654,-1.1804938458912488,24.99097162092474,prior,north,1.1804938458912488,0.3975609756097561,0.6459259259259259,False,1.0054265844950019,True,360693.9774195442,503876.0544824593,,4.664156310002689,6.509571123972485,
1050395951111401,2025,panoroma_fine,360694.0420611825,503880.718190806,80.30233984358654,-1.1804938458912488,24.99097162092474,prior,north,1.1804938458912488,0.3975609756097561,0.6459259259259259,False,1.0054265844950019,True,360693.8891139043,503877.05602363707,,3.665359633517735,2.786421179471322,
1050395951111401,2025,panoroma_two_pass,360694.0420611825,503880.718190806,80.30233984358654,-1.1804938458912488,24.99097162092474,prior,north,1.1804938458912488,0.3975609756097561,0.6459259259259259,False,1.0054265844950019,True,360693.8891139043,503877.05602363707,,3.665359633517735,2.786421179471322,
1050395951111401,2024,panoroma_coarse,360694.0420611825,503880.718190806,80.30233984358654,-1.1804938458912488,24.99097162092474,prior,north,1.1804938458912488,0.5209713024282561,0.6300148588410104,False,3.276901455254367,True,360695.7026645968,503852.54579562054,,28.221294339288807,0.18821287650055887,
1050395951111401,2024,panoroma_fine,360694.0420611825,503880.718190806,80.30233984358654,-1.1804938458912488,24.99097162092474,prior,north,1.1804938458912488,0.5209713024282561,0.6300148588410104,False,3.276901455254367,True,360694.7350254347,503855.6765714987,,25.05120549967078,2.2383139285807596,
1050395951111401,2024,panoroma_two_pass,360694.0420611825,503880.718190806,80.30233984358654,-1.1804938458912488,24.99097162092474,prior,north,1.1804938458912488,0.5209713024282561,0.6300148588410104,False,3.276901455254367,True,360694.7350254347,503855.6765714987,,25.05120549967078,2.2383139285807596,
1833929260931559,2025,panoroma_coarse,360699.44298365375,503847.9524849532,78.503812065449,1.851528985061421,16.967743238834757,prior,north,-1.8515289850614067,0.807936507936508,0.5582922824302134,False,1.192650684035193,True,360697.46764127724,503848.7033968401,,2.1132548748919397,0.8966760902650135,
1833929260931559,2025,panoroma_fine,360699.44298365375,503847.9524849532,78.503812065449,1.851528985061421,16.967743238834757,prior,north,-1.8515289850614067,0.807936507936508,0.5582922824302134,False,1.192650684035193,True,360698.61271787353,503849.03688633436,,1.3657480079495965,2.1415882654433314,
1833929260931559,2025,panoroma_two_pass,360699.44298365375,503847.9524849532,78.503812065449,1.851528985061421,16.967743238834757,prior,north,-1.8515289850614067,0.807936507936508,0.5582922824302134,False,1.192650684035193,True,360698.61271787353,503849.03688633436,,1.3657480079495965,2.1415882654433314,
1833929260931559,2024,panoroma_coarse,360699.44298365375,503847.9524849532,78.503812065449,1.851528985061421,16.967743238834757,prior,north,-1.8515289850614067,0.7862969004893964,0.520863309352518,False,2.2134889032934124,True,360696.752234778,503851.6333949439,,4.55952057476829,3.726442515746559,
1833929260931559,2024,panoroma_fine,360699.44298365375,503847.9524849532,78.503812065449,1.851528985061421,16.967743238834757,prior,north,-1.8515289850614067,0.7862969004893964,0.520863309352518,False,2.2134889032934124,True,360696.4683648317,503853.82860586286,,6.586133469736691,2.1875803556814195,
1833929260931559,2024,panoroma_two_pass,360699.44298365375,503847.9524849532,78.503812065449,1.851528985061421,16.967743238834757,prior,north,-1.8515289850614067,0.7862969004893964,0.520863309352518,False,2.2134889032934124,True,360696.4683648317,503853.82860586286,,6.586133469736691,2.1875803556814195,
1547432720042956,2025,panoroma_coarse,360704.86164560367,503815.27723250724,80.3573212672232,-3.9964615209487704,20.14044734815143,prior,north,3.9964615209487704,0.5497017892644135,0.5768072289156626,False,0.8220379543695802,True,360701.2103996787,503815.7297059156,,3.6791750420523823,14.531197843599267,
1547432720042956,2025,panoroma_fine,360704.86164560367,503815.27723250724,80.3573212672232,-3.9964615209487704,20.14044734815143,prior,north,3.9964615209487704,0.5497017892644135,0.5768072289156626,False,0.8220379543695802,True,360701.91437616467,503816.15416263376,,3.074963998625359,2.161340426765147,
1547432720042956,2025,panoroma_two_pass,360704.86164560367,503815.27723250724,80.3573212672232,-3.9964615209487704,20.14044734815143,prior,north,3.9964615209487704,0.5497017892644135,0.5768072289156626,False,0.8220379543695802,True,360701.91437616467,503816.15416263376,,3.074963998625359,2.161340426765147,
1547432720042956,2024,panoroma_coarse,360704.86164560367,503815.27723250724,80.3573212672232,-3.9964615209487704,20.14044734815143,prior,north,3.9964615209487704,0.7673716012084593,0.5940438871473355,False,1.2575539245528995,True,360702.20762882126,503814.97544002166,,2.6711203240746038,3.7067196899005808,
1547432720042956,2024,panoroma_fine,360704.86164560367,503815.27723250724,80.3573212672232,-3.9964615209487704,20.14044734815143,prior,north,3.9964615209487704,0.7673716012084593,0.5940438871473355,False,1.2575539245528995,True,360702.12524775544,503816.2302926955,,2.897619178960064,8.164381520943989,
1547432720042956,2024,panoroma_two_pass,360704.86164560367,503815.27723250724,80.3573212672232,-3.9964615209487704,20.14044734815143,prior,north,3.9964615209487704,0.7673716012084593,0.5940438871473355,False,1.2575539245528995,True,360702.12524775544,503816.2302926955,,2.897619178960064,8.164381520943989,
948728088280240,2025,panoroma_coarse,360720.42209097266,503787.8620452555,31.342302735199002,-0.7030893339949209,12.048001089627288,prior,north,0.7030893339949102,0.7323775388291517,0.5326876513317191,False,2.1101676620217167,True,360720.771874096,503786.66086508904,,1.2510723502870424,3.4198614969402965,
948728088280240,2025,panoroma_fine,360720.42209097266,503787.8620452555,31.342302735199002,-0.7030893339949209,12.048001089627288,prior,north,0.7030893339949102,0.7323775388291517,0.5326876513317191,False,2.1101676620217167,True,360719.7322333508,503784.82457679935,,3.114822332087093,0.05963969397784015,
948728088280240,2025,panoroma_two_pass,360720.42209097266,503787.8620452555,31.342302735199002,-0.7030893339949209,12.048001089627288,prior,north,0.7030893339949102,0.7323775388291517,0.5326876513317191,False,2.1101676620217167,True,360719.7322333508,503784.82457679935,,3.114822332087093,0.05963969397784015,
948728088280240,2024,panoroma_coarse,360720.42209097266,503787.8620452555,31.342302735199002,-0.7030893339949209,12.048001089627288,prior,north,0.7030893339949102,0.7420537897310513,0.5145413870246085,False,0.16747872830810354,True,360719.72435543494,503786.60767853394,,1.4353643275231616,5.357011061785008,
948728088280240,2024,panoroma_fine,360720.42209097266,503787.8620452555,31.342302735199002,-0.7030893339949209,12.048001089627288,prior,north,0.7030893339949102,0.7420537897310513,0.5145413870246085,False,0.16747872830810354,True,360719.5678698267,503786.5480012447,,1.5672923876732259,1.1557875201115138,
948728088280240,2024,panoroma_two_pass,360720.42209097266,503787.8620452555,31.342302735199002,-0.7030893339949209,12.048001089627288,prior,north,0.7030893339949102,0.7420537897310513,0.5145413870246085,False,0.16747872830810354,True,360719.5678698267,503786.5480012447,,1.5672923876732259,1.1557875201115138,
1085515110888108,2025,panoroma_coarse,360727.5431572441,503758.03646339476,81.9371883405536,1.9243925147662821,10.85882330640687,prior,north,-1.9243925147662821,0.7961335676625659,0.4046434494195688,False,1.295717540626346,True,360727.95827880944,503759.0510001577,,1.096180075264273,1.8581765035242221,
1085515110888108,2025,panoroma_fine,360727.5431572441,503758.03646339476,81.9371883405536,1.9243925147662821,10.85882330640687,prior,north,-1.9243925147662821,0.7961335676625659,0.4046434494195688,False,1.295717540626346,True,360726.71971588896,503758.67041398206,,1.0392059528782553,2.7202086046448355,
1085515110888108,2025,panoroma_two_pass,360727.5431572441,503758.03646339476,81.9371883405536,1.9243925147662821,10.85882330640687,prior,north,-1.9243925147662821,0.7961335676625659,0.4046434494195688,False,1.295717540626346,True,360726.71971588896,503758.67041398206,,1.0392059528782553,2.7202086046448355,
1085515110888108,2024,panoroma_coarse,360727.5431572441,503758.03646339476,81.9371883405536,1.9243925147662821,10.85882330640687,prior,north,-1.9243925147662821,0.8237410071942446,0.41098169717138106,False,0.4540330893515675,True,360727.1446722841,503758.57900387543,,0.6731570667644277,0.7054586947793067,
1085515110888108,2024,panoroma_fine,360727.5431572441,503758.03646339476,81.9371883405536,1.9243925147662821,10.85882330640687,prior,north,-1.9243925147662821,0.8237410071942446,0.41098169717138106,False,0.4540330893515675,True,360726.85641061986,503758.2282172463,,0.7130150527766174,0.6558255226226285,
1085515110888108,2024,panoroma_two_pass,360727.5431572441,503758.03646339476,81.9371883405536,1.9243925147662821,10.85882330640687,prior,north,-1.9243925147662821,0.8237410071942446,0.41098169717138106,False,0.4540330893515675,True,360726.85641061986,503758.2282172463,,0.7130150527766174,0.6558255226226285,
1414526570784660,2025,panoroma_coarse,360749.53874211723,503742.96506125573,350.7055676122848,-7.359073565521157,28.964543147932854,prior,north,7.359073565521157,0.7847619047619048,0.49635036496350365,False,3.4278726847136056,True,360744.48957342334,503743.4869634358,,5.076069974390251,3.355796949276836,
1414526570784660,2025,panoroma_fine,360749.53874211723,503742.96506125573,350.7055676122848,-7.359073565521157,28.964543147932854,prior,north,7.359073565521157,0.7847619047619048,0.49635036496350365,False,3.4278726847136056,True,360747.5027995774,503741.8527115314,,2.3199965376324565,0.9334683342954476,
1414526570784660,2025,panoroma_two_pass,360749.53874211723,503742.96506125573,350.7055676122848,-7.359073565521157,28.964543147932854,prior,north,7.359073565521157,0.7847619047619048,0.49635036496350365,False,3.4278726847136056,True,360747.5027995774,503741.8527115314,,2.3199965376324565,0.9334683342954476,
1414526570784660,2024,panoroma_coarse,360749.53874211723,503742.96506125573,350.7055676122848,-7.359073565521157,28.964543147932854,prior,north,7.359073565521157,0.5878378378378378,0.4203935599284436,False,4.871554861641079,True,360741.6142430256,503742.19077173294,,7.962236502290343,3.195243425198329,
1414526570784660,2024,panoroma_fine,360749.53874211723,503742.96506125573,350.7055676122848,-7.359073565521157,28.964543147932854,prior,north,7.359073565521157,0.5878378378378378,0.4203935599284436,False,4.871554861641079,True,360746.45762032375,503741.6675670715,,3.343172544810138,1.0803192857487913,
1414526570784660,2024,panoroma_two_pass,360749.53874211723,503742.96506125573,350.7055676122848,-7.359073565521157,28.964543147932854,prior,north,7.359073565521157,0.5878378378378378,0.4203935599284436,False,4.871554861641079,True,360746.45762032375,503741.6675670715,,3.343172544810138,1.0803192857487913,
4655499598016038,2025,panoroma_coarse,360783.9939634348,503748.48009199556,350.10718637867046,-5.604337084580777,8.497585644266257,prior,north,5.604337084580777,0.7580071174377224,0.5176110260336907,False,1.5424150017356946,True,360786.8012767684,503747.8574886694,,2.875524831141821,1.2974469785239557,
4655499598016038,2025,panoroma_fine,360783.9939634348,503748.48009199556,350.10718637867046,-5.604337084580777,8.497585644266257,prior,north,5.604337084580777,0.7580071174377224,0.5176110260336907,False,1.5424150017356946,True,360785.26937879657,503748.03730146505,,1.3500917742413463,6.9838838608464195,
4655499598016038,2025,panoroma_two_pass,360783.9939634348,503748.48009199556,350.10718637867046,-5.604337084580777,8.497585644266257,prior,north,5.604337084580777,0.7580071174377224,0.5176110260336907,False,1.5424150017356946,True,360785.26937879657,503748.03730146505,,1.3500917742413463,6.9838838608464195,
4655499598016038,2024,panoroma_coarse,360783.9939634348,503748.48009199556,350.10718637867046,-5.604337084580777,8.497585644266257,prior,north,5.604337084580777,0.6833333333333333,0.4893964110929853,False,1.4855970856952712,True,360783.3504080452,503747.1770733881,,1.4532794056196945,1.2594058857532446,
4655499598016038,2024,panoroma_fine,360783.9939634348,503748.48009199556,350.10718637867046,-5.604337084580777,8.497585644266257,prior,north,5.604337084580777,0.6833333333333333,0.4893964110929853,False,1.4855970856952712,True,360784.3013569464,503748.3184299881,,0.3473116404838816,4.028722733935627,
4655499598016038,2024,panoroma_two_pass,360783.9939634348,503748.48009199556,350.10718637867046,-5.604337084580777,8.497585644266257,prior,north,5.604337084580777,0.6833333333333333,0.4893964110929853,False,1.4855970856952712,True,360784.3013569464,503748.3184299881,,0.3473116404838816,4.028722733935627,
3033300290207352,2025,panoroma_coarse,360817.63395764213,503753.72948514856,351.99106902931936,-4.479097542094394,24.283266444051378,prior,north,4.479097542094394,0.5687960687960688,0.4793956043956044,False,4.247367164837991,True,360809.5794632843,503753.47574572073,,8.058490122706216,2.4405099576730582,
3033300290207352,2025,panoroma_fine,360817.63395764213,503753.72948514856,351.99106902931936,-4.479097542094394,24.283266444051378,prior,north,4.479097542094394,0.5687960687960688,0.4793956043956044,False,4.247367164837991,True,360813.82683038653,503753.4764749238,,3.8155251426449603,2.5850645033806803,
3033300290207352,2025,panoroma_two_pass,360817.63395764213,503753.72948514856,351.99106902931936,-4.479097542094394,24.283266444051378,prior,north,4.479097542094394,0.5687960687960688,0.4793956043956044,False,4.247367164837991,True,360813.82683038653,503753.4764749238,,3.8155251426449603,2.5850645033806803,
3033300290207352,2024,panoroma_coarse,360817.63395764213,503753.72948514856,351.99106902931936,-4.479097542094394,24.283266444051378,prior,north,4.479097542094394,0.5835411471321695,0.40308988764044945,False,2.878297777367151,True,360806.41894356866,503754.17251528683,,11.223761239960067,1.948181370241006,
3033300290207352,2024,panoroma_fine,360817.63395764213,503753.72948514856,351.99106902931936,-4.479097542094394,24.283266444051378,prior,north,4.479097542094394,0.5835411471321695,0.40308988764044945,False,2.878297777367151,True,360809.2972125664,503754.1596439421,,8.347835350853781,5.876408292054013,
3033300290207352,2024,panoroma_two_pass,360817.63395764213,503753.72948514856,351.99106902931936,-4.479097542094394,24.283266444051378,prior,north,4.479097542094394,0.5835411471321695,0.40308988764044945,False,2.878297777367151,True,360809.2972125664,503754.1596439421,,8.347835350853781,5.876408292054013,
1423796489689610,2025,panoroma_coarse,360849.0187159285,503754.3348842468,5.7238110324634,9.87751076958628,21.3253140751009,prior,north,-9.87751076958628,0.3494718309859155,0.3316831683168317,False,2.3520845791067377,True,360855.6207873189,503753.09372991836,,6.717723625705551,14.88244581147895,
1423796489689610,2025,panoroma_fine,360849.0187159285,503754.3348842468,5.7238110324634,9.87751076958628,21.3253140751009,prior,north,-9.87751076958628,0.3494718309859155,0.3316831683168317,False,2.3520845791067377,True,360857.8206990857,503753.9260099708,,8.811474659430294,10.438414282322242,
1423796489689610,2025,panoroma_two_pass,360849.0187159285,503754.3348842468,5.7238110324634,9.87751076958628,21.3253140751009,prior,north,-9.87751076958628,0.3494718309859155,0.3316831683168317,False,2.3520845791067377,True,360857.8206990857,503753.9260099708,,8.811474659430294,10.438414282322242,
1423796489689610,2024,panoroma_coarse,360849.0187159285,503754.3348842468,5.7238110324634,9.87751076958628,21.3253140751009,prior,north,-9.87751076958628,0.594296228150874,0.34689265536723163,False,4.13635967361089,True,360881.5826124916,503744.9203194703,,33.89751302538395,9.252036405370824,
1423796489689610,2024,panoroma_fine,360849.0187159285,503754.3348842468,5.7238110324634,9.87751076958628,21.3253140751009,prior,north,-9.87751076958628,0.594296228150874,0.34689265536723163,False,4.13635967361089,True,360877.9958734452,503746.9806044899,,29.89583731040314,14.861064192184433,
1423796489689610,2024,panoroma_two_pass,360849.0187159285,503754.3348842468,5.7238110324634,9.87751076958628,21.3253140751009,prior,north,-9.87751076958628,0.594296228150874,0.34689265536723163,False,4.13635967361089,True,360877.9958734452,503746.9806044899,,29.89583731040314,14.861064192184433,
2132600394311539,2025,panoroma_coarse,360880.1354032153,503744.7996306652,26.658949271794334,6.4609772203970905,6.985901107902148,prior,north,-6.460977220397098,0.6814268142681427,0.5093240093240093,False,3.73636819952482,True,360877.24286957394,503744.94560432417,,2.8962146287083868,2.41093629460767,
2132600394311539,2025,panoroma_fine,360880.1354032153,503744.7996306652,26.658949271794334,6.4609772203970905,6.985901107902148,prior,north,-6.460977220397098,0.6814268142681427,0.5093240093240093,False,3.73636819952482,True,360874.0978798855,503746.9629013232,,6.4133788206699,4.145771398702927,
2132600394311539,2025,panoroma_two_pass,360880.1354032153,503744.7996306652,26.658949271794334,6.4609772203970905,6.985901107902148,prior,north,-6.460977220397098,0.6814268142681427,0.5093240093240093,False,3.73636819952482,True,360874.0978798855,503746.9629013232,,6.4133788206699,4.145771398702927,
2132600394311539,2024,panoroma_coarse,360880.1354032153,503744.7996306652,26.658949271794334,6.4609772203970905,6.985901107902148,prior,north,-6.460977220397098,0.7043701799485861,0.4359903381642512,False,1.9048342416516575,True,360876.75318550644,503743.06624652364,,3.8005285438219407,4.086365648623675,
2132600394311539,2024,panoroma_fine,360880.1354032153,503744.7996306652,26.658949271794334,6.4609772203970905,6.985901107902148,prior,north,-6.460977220397098,0.7043701799485861,0.4359903381642512,False,1.9048342416516575,True,360876.6134363162,503744.96594746114,,3.5258916765827344,3.3876506935214374,
2132600394311539,2024,panoroma_two_pass,360880.1354032153,503744.7996306652,26.658949271794334,6.4609772203970905,6.985901107902148,prior,north,-6.460977220397098,0.7043701799485861,0.4359903381642512,False,1.9048342416516575,True,360876.6134363162,503744.96594746114,,3.5258916765827344,3.3876506935214374,
989523250818847,2025,panoroma_coarse,360908.6289439254,503724.0568379499,34.753324911071644,-4.744037194425189,19.700842620780378,prior,north,4.744037194425175,0.6661392405063291,0.3695955369595537,False,2.4804450978844064,True,360910.79408597667,503723.8074392193,,2.179458609171971,4.954553260250068,
989523250818847,2025,panoroma_fine,360908.6289439254,503724.0568379499,34.753324911071644,-4.744037194425189,19.700842620780378,prior,north,4.744037194425175,0.6661392405063291,0.3695955369595537,False,2.4804450978844064,True,360908.387652733,503724.4088433493,,0.42676602574181743,5.461499321844822,
989523250818847,2025,panoroma_two_pass,360908.6289439254,503724.0568379499,34.753324911071644,-4.744037194425189,19.700842620780378,prior,north,4.744037194425175,0.6661392405063291,0.3695955369595537,False,2.4804450978844064,True,360908.387652733,503724.4088433493,,0.42676602574181743,5.461499321844822,
989523250818847,2024,panoroma_coarse,360908.6289439254,503724.0568379499,34.753324911071644,-4.744037194425189,19.700842620780378,prior,north,4.744037194425175,0.6600609756097561,0.43989071038251365,False,4.832304493638289,True,360910.63566875405,503724.1607897656,,2.0094154667525626,2.752164092023079,
989523250818847,2024,panoroma_fine,360908.6289439254,503724.0568379499,34.753324911071644,-4.744037194425189,19.700842620780378,prior,north,4.744037194425175,0.6600609756097561,0.43989071038251365,False,4.832304493638289,True,360906.0430971066,503725.66393725737,,3.044564329113097,5.456566210286877,
989523250818847,2024,panoroma_two_pass,360908.6289439254,503724.0568379499,34.753324911071644,-4.744037194425189,19.700842620780378,prior,north,4.744037194425175,0.6600609756097561,0.43989071038251365,False,4.832304493638289,True,360906.0430971066,503725.66393725737,,3.044564329113097,5.456566210286877,
1632250488424820,2025,panoroma_coarse,360931.21201359126,503742.673667931,307.71114265255073,-4.238741015149117,8.296340545500817,prior,north,4.238741015149117,0.5660881174899867,0.41350210970464135,False,2.740289938263591,True,360930.40481199854,503746.09520269156,,3.5154622070268102,6.909575469173877,
1632250488424820,2025,panoroma_fine,360931.21201359126,503742.673667931,307.71114265255073,-4.238741015149117,8.296340545500817,prior,north,4.238741015149117,0.5660881174899867,0.41350210970464135,False,2.740289938263591,True,360932.98437897145,503745.1705280579,,3.061958447505355,6.266867261867759,
1632250488424820,2025,panoroma_two_pass,360931.21201359126,503742.673667931,307.71114265255073,-4.238741015149117,8.296340545500817,prior,north,4.238741015149117,0.5660881174899867,0.41350210970464135,False,2.740289938263591,True,360932.98437897145,503745.1705280579,,3.061958447505355,6.266867261867759,
1632250488424820,2024,panoroma_coarse,360931.21201359126,503742.673667931,307.71114265255073,-4.238741015149117,8.296340545500817,prior,north,4.238741015149117,0.5725490196078431,0.39655172413793105,False,2.16850150561151,True,360928.3940170789,503744.6609209617,,3.4482283786913155,0.022595734868512993,
1632250488424820,2024,panoroma_fine,360931.21201359126,503742.673667931,307.71114265255073,-4.238741015149117,8.296340545500817,prior,north,4.238741015149117,0.5725490196078431,0.39655172413793105,False,2.16850150561151,True,360929.8121968155,503743.0204438925,,1.4421305673079656,1.92392318475529,
1632250488424820,2024,panoroma_two_pass,360931.21201359126,503742.673667931,307.71114265255073,-4.238741015149117,8.296340545500817,prior,north,4.238741015149117,0.5725490196078431,0.39655172413793105,False,2.16850150561151,True,360929.8121968155,503743.0204438925,,1.4421305673079656,1.92392318475529,
2077858049513350,2025,panoroma_coarse,360958.9264981925,503738.99869255535,36.57943141067384,0.8628324443774247,15.720749995554163,prior,north,-0.8628324443774318,0.6492346938775511,0.44189016602809705,False,2.783209571489803,True,360956.9160444179,503740.19411578926,,2.3390085694451677,1.4064599028169418,
2077858049513350,2025,panoroma_fine,360958.9264981925,503738.99869255535,36.57943141067384,0.8628324443774247,15.720749995554163,prior,north,-0.8628324443774318,0.6492346938775511,0.44189016602809705,False,2.783209571489803,True,360954.26076713094,503741.0282369126,,5.088034653650605,1.0240571279232822,
2077858049513350,2025,panoroma_two_pass,360958.9264981925,503738.99869255535,36.57943141067384,0.8628324443774247,15.720749995554163,prior,north,-0.8628324443774318,0.6492346938775511,0.44189016602809705,False,2.783209571489803,True,360954.26076713094,503741.0282369126,,5.088034653650605,1.0240571279232822,
2077858049513350,2024,panoroma_coarse,360958.9264981925,503738.99869255535,36.57943141067384,0.8628324443774247,15.720749995554163,prior,north,-0.8628324443774318,0.6884422110552764,0.4819121447028424,False,2.4466425206443634,True,360957.1781520572,503739.0077060853,,1.7483693695486993,0.0011101335296468033,
2077858049513350,2024,panoroma_fine,360958.9264981925,503738.99869255535,36.57943141067384,0.8628324443774247,15.720749995554163,prior,north,-0.8628324443774318,0.6884422110552764,0.4819121447028424,False,2.4466425206443634,True,360955.15296829614,503740.38054633734,,4.018587780969349,1.032804741761055,
2077858049513350,2024,panoroma_two_pass,360958.9264981925,503738.99869255535,36.57943141067384,0.8628324443774247,15.720749995554163,prior,north,-0.8628324443774318,0.6884422110552764,0.4819121447028424,False,2.4466425206443634,True,360955.15296829614,503740.38054633734,,4.018587780969349,1.032804741761055,
1589393802867647,2025,panoroma_coarse,360989.10427757644,503724.1385183977,3.2836355909824206,3.791449615632061,13.620486228676821,prior,north,-3.791449615632075,0.7962577962577962,0.5041860465116279,False,1.2776199782853037,True,360987.2859350136,503723.77261053614,,1.8547933143413968,2.939396546968486,
1589393802867647,2025,panoroma_fine,360989.10427757644,503724.1385183977,3.2836355909824206,3.791449615632061,13.620486228676821,prior,north,-3.791449615632075,0.7962577962577962,0.5041860465116279,False,1.2776199782853037,True,360986.07481815544,503724.1794382205,,3.02973576659403,1.8142833154736246,
1589393802867647,2025,panoroma_two_pass,360989.10427757644,503724.1385183977,3.2836355909824206,3.791449615632061,13.620486228676821,prior,north,-3.791449615632075,0.7962577962577962,0.5041860465116279,False,1.2776199782853037,True,360986.07481815544,503724.1794382205,,3.02973576659403,1.8142833154736246,
1589393802867647,2024,panoroma_coarse,360989.10427757644,503724.1385183977,3.2836355909824206,3.791449615632061,13.620486228676821,prior,north,-3.791449615632075,0.8233438485804416,0.521415270018622,False,0.2124556930996694,True,360985.0394601403,503724.35131210805,,4.070383514171787,1.5476967440811034,
1589393802867647,2024,panoroma_fine,360989.10427757644,503724.1385183977,3.2836355909824206,3.791449615632061,13.620486228676821,prior,north,-3.791449615632075,0.8233438485804416,0.521415270018622,False,0.2124556930996694,True,360985.24884111615,503724.31529782637,,3.859487176521273,4.974787980052932,
1589393802867647,2024,panoroma_two_pass,360989.10427757644,503724.1385183977,3.2836355909824206,3.791449615632061,13.620486228676821,prior,north,-3.791449615632075,0.8233438485804416,0.521415270018622,False,0.2124556930996694,True,360985.24884111615,503724.31529782637,,3.859487176521273,4.974787980052932,
1390751626576697,2025,panoroma_coarse,361021.37273823074,503733.2989859199,327.7075825822231,4.1328737014398484,2.718628931427968,prior,north,-4.1328737014398484,0.8185011709601874,0.49584199584199584,False,0.30793084325625336,True,361020.0517252359,503734.18840554246,,1.5925271104591683,2.9334040915373767,
1390751626576697,2025,panoroma_fine,361021.37273823074,503733.2989859199,327.7075825822231,4.1328737014398484,2.718628931427968,prior,north,-4.1328737014398484,0.8185011709601874,0.49584199584199584,False,0.30793084325625336,True,361020.05003528006,503734.4963317484,,1.7841468910039644,0.8676465460335583,
1390751626576697,2025,panoroma_two_pass,361021.37273823074,503733.2989859199,327.7075825822231,4.1328737014398484,2.718628931427968,prior,north,-4.1328737014398484,0.8185011709601874,0.49584199584199584,False,0.30793084325625336,True,361020.05003528006,503734.4963317484,,1.7841468910039644,0.8676465460335583,
1390751626576697,2024,panoroma_coarse,361021.37273823074,503733.2989859199,327.7075825822231,4.1328737014398484,2.718628931427968,prior,north,-4.1328737014398484,0.8186101295641932,0.5133470225872689,False,1.6347328558992185,True,361019.13678103033,503732.86344546796,,2.277981581870413,0.2557147167174468,
1390751626576697,2024,panoroma_fine,361021.37273823074,503733.2989859199,327.7075825822231,4.1328737014398484,2.718628931427968,prior,north,-4.1328737014398484,0.8186101295641932,0.5133470225872689,False,1.6347328558992185,True,361020.3743952123,503733.9314635609,,1.1818277153927579,0.1507628091460888,
1390751626576697,2024,panoroma_two_pass,361021.37273823074,503733.2989859199,327.7075825822231,4.1328737014398484,2.718628931427968,prior,north,-4.1328737014398484,0.8186101295641932,0.5133470225872689,False,1.6347328558992185,True,361020.3743952123,503733.9314635609,,1.1818277153927579,0.1507628091460888,
1779130370087030,2025,panoroma_coarse,361045.8460264687,503753.44114216417,320.3654600271832,6.206946733515508,23.27192846161696,prior,north,-6.206946733515508,0.3443396226415094,0.5273159144893111,False,1.0833174289010334,True,361043.11406361836,503752.68735338846,,2.8340463182338422,2.311523995242887,
1779130370087030,2025,panoroma_fine,361045.8460264687,503753.44114216417,320.3654600271832,6.206946733515508,23.27192846161696,prior,north,-6.206946733515508,0.3443396226415094,0.5273159144893111,False,1.0833174289010334,True,361042.4703626806,503751.8160177732,,3.7464830569759577,3.32070279402919,
1779130370087030,2025,panoroma_two_pass,361045.8460264687,503753.44114216417,320.3654600271832,6.206946733515508,23.27192846161696,prior,north,-6.206946733515508,0.3443396226415094,0.5273159144893111,False,1.0833174289010334,True,361042.4703626806,503751.8160177732,,3.7464830569759577,3.32070279402919,
1779130370087030,2024,panoroma_coarse,361045.8460264687,503753.44114216417,320.3654600271832,6.206946733515508,23.27192846161696,prior,north,-6.206946733515508,0.4234875444839858,0.5210727969348659,False,1.7795894452546077,True,361045.849867395,503757.0710449854,,3.6299048533170732,8.242729667414437,
1779130370087030,2024,panoroma_fine,361045.8460264687,503753.44114216417,320.3654600271832,6.206946733515508,23.27192846161696,prior,north,-6.206946733515508,0.4234875444839858,0.5210727969348659,False,1.7795894452546077,True,361045.524886383,503755.32138046453,,1.907466125727188,8.576490631652883,
1779130370087030,2024,panoroma_two_pass,361045.8460264687,503753.44114216417,320.3654600271832,6.206946733515508,23.27192846161696,prior,north,-6.206946733515508,0.4234875444839858,0.5210727969348659,False,1.7795894452546077,True,361045.524886383,503755.32138046453,,1.907466125727188,8.576490631652883,
1081892811088637,2025,panoroma_coarse,361071.6103484227,503775.00968521927,319.9919728113934,-7.209987336558186,14.789272543165287,prior,north,7.209987336558186,0.7320061255742726,0.46620689655172415,False,3.930213163376548,True,361072.40641290386,503773.3967097584,,1.7987241299174734,0.816812881060505,
1081892811088637,2025,panoroma_fine,361071.6103484227,503775.00968521927,319.9919728113934,-7.209987336558186,14.789272543165287,prior,north,7.209987336558186,0.7320061255742726,0.46620689655172415,False,3.930213163376548,True,361073.83380311925,503777.0585580188,,3.0235129462748636,10.724961501900859,
1081892811088637,2025,panoroma_two_pass,361071.6103484227,503775.00968521927,319.9919728113934,-7.209987336558186,14.789272543165287,prior,north,7.209987336558186,0.7320061255742726,0.46620689655172415,False,3.930213163376548,True,361073.83380311925,503777.0585580188,,3.0235129462748636,10.724961501900859,
1081892811088637,2024,panoroma_coarse,361071.6103484227,503775.00968521927,319.9919728113934,-7.209987336558186,14.789272543165287,prior,north,7.209987336558186,0.7356143079315708,0.48484848484848486,False,1.882559888862436,True,361071.8360384119,503772.8148675372,,2.2063908603905893,7.0011650202056295,
1081892811088637,2024,panoroma_fine,361071.6103484227,503775.00968521927,319.9919728113934,-7.209987336558186,14.789272543165287,prior,north,7.209987336558186,0.7356143079315708,0.48484848484848486,False,1.882559888862436,True,361071.5560869817,503774.6764955698,,0.3375790966258809,7.103705678284466,
1081892811088637,2024,panoroma_two_pass,361071.6103484227,503775.00968521927,319.9919728113934,-7.209987336558186,14.789272543165287,prior,north,7.209987336558186,0.7356143079315708,0.48484848484848486,False,1.882559888862436,True,361071.5560869817,503774.6764955698,,0.3375790966258809,7.103705678284466,
1571657080838112,2025,panoroma_coarse,361097.6871538623,503796.1688923789,321.71023488531455,-8.181697797323295,14.601379036572121,prior,north,8.181697797323295,0.5029940119760479,0.4387229660144181,False,4.602093429676408,True,361111.15910939605,503768.4790033628,,30.79323853748186,15.101439601493873,
1571657080838112,2025,panoroma_fine,361097.6871538623,503796.1688923789,321.71023488531455,-8.181697797323295,14.601379036572121,prior,north,8.181697797323295,0.5029940119760479,0.4387229660144181,False,4.602093429676408,True,361111.36563186045,503763.8815461953,,35.06527461643028,9.530519541923297,
1571657080838112,2025,panoroma_two_pass,361097.6871538623,503796.1688923789,321.71023488531455,-8.181697797323295,14.601379036572121,prior,north,8.181697797323295,0.5029940119760479,0.4387229660144181,False,4.602093429676408,True,361111.36563186045,503763.8815461953,,35.06527461643028,9.530519541923297,
1571657080838112,2024,panoroma_coarse,361097.6871538623,503796.1688923789,321.71023488531455,-8.181697797323295,14.601379036572121,prior,north,8.181697797323295,0.5645412130637636,0.5075528700906344,False,3.170335706239414,True,361100.04098483623,503794.1548297878,,3.097897411910416,10.498043456228514,
1571657080838112,2024,panoroma_fine,361097.6871538623,503796.1688923789,321.71023488531455,-8.181697797323295,14.601379036572121,prior,north,8.181697797323295,0.5645412130637636,0.5075528700906344,False,3.170335706239414,True,361097.05009754794,503795.20631526987,,1.1542943465891105,5.196805763462172,
1571657080838112,2024,panoroma_two_pass,361097.6871538623,503796.1688923789,321.71023488531455,-8.181697797323295,14.601379036572121,prior,north,8.181697797323295,0.5645412130637636,0.5075528700906344,False,3.170335706239414,True,361097.05009754794,503795.20631526987,,1.1542943465891105,5.196805763462172,
952888117221424,2025,panoroma_coarse,361123.05922481813,503818.2571096383,316.61607292312294,-7.783075920117881,3.7028244098169445,prior,north,7.783075920117881,0.8058902275769746,0.5577156743620899,False,1.4759631096185,True,361124.21392439376,503816.712151872,,1.9287886378814174,5.427986015713511,
952888117221424,2025,panoroma_fine,361123.05922481813,503818.2571096383,316.61607292312294,-7.783075920117881,3.7028244098169445,prior,north,7.783075920117881,0.8058902275769746,0.5577156743620899,False,1.4759631096185,True,361123.93119650957,503818.16078296525,,0.8772761586896313,9.909501602162718,
952888117221424,2025,panoroma_two_pass,361123.05922481813,503818.2571096383,316.61607292312294,-7.783075920117881,3.7028244098169445,prior,north,7.783075920117881,0.8058902275769746,0.5577156743620899,False,1.4759631096185,True,361123.93119650957,503818.16078296525,,0.8772761586896313,9.909501602162718,
952888117221424,2024,panoroma_coarse,361123.05922481813,503818.2571096383,316.61607292312294,-7.783075920117881,3.7028244098169445,prior,north,7.783075920117881,0.7606516290726817,0.51145958986731,False,1.3043578716685784,True,361124.6755831915,503818.36229683604,,1.6197773728939557,9.800710330503176,
952888117221424,2024,panoroma_fine,361123.05922481813,503818.2571096383,316.61607292312294,-7.783075920117881,3.7028244098169445,prior,north,7.783075920117881,0.7606516290726817,0.51145958986731,False,1.3043578716685784,True,361123.3746650593,503818.2676317911,,0.31561568633623954,6.477167642343091,
952888117221424,2024,panoroma_two_pass,361123.05922481813,503818.2571096383,316.61607292312294,-7.783075920117881,3.7028244098169445,prior,north,7.783075920117881,0.7606516290726817,0.51145958986731,False,1.3043578716685784,True,361123.3746650593,503818.2676317911,,0.31561568633623954,6.477167642343091,
1088755186866756,2025,panoroma_coarse,361149.29993063095,503840.03393467236,320.98889387954176,-8.863630300116938,18.217226499267987,prior,north,8.863630300116938,0.8023668639053254,0.5020491803278688,False,4.169076398945494,True,361149.80523164466,503842.9223654008,,2.9322962312098375,7.400703547634931,
1088755186866756,2025,panoroma_fine,361149.29993063095,503840.03393467236,320.98889387954176,-8.863630300116938,18.217226499267987,prior,north,8.863630300116938,0.8023668639053254,0.5020491803278688,False,4.169076398945494,True,361153.93722337997,503842.36753000197,,5.191353503897138,8.481870582476883,
1088755186866756,2025,panoroma_two_pass,361149.29993063095,503840.03393467236,320.98889387954176,-8.863630300116938,18.217226499267987,prior,north,8.863630300116938,0.8023668639053254,0.5020491803278688,False,4.169076398945494,True,361153.93722337997,503842.36753000197,,5.191353503897138,8.481870582476883,
1088755186866756,2024,panoroma_coarse,361149.29993063095,503840.03393467236,320.98889387954176,-8.863630300116938,18.217226499267987,prior,north,8.863630300116938,0.8194103194103194,0.47433035714285715,False,1.4672111574197968,True,361149.12222595984,503840.8654152368,,0.8502581250204163,6.343857304497702,
1088755186866756,2024,panoroma_fine,361149.29993063095,503840.03393467236,320.98889387954176,-8.863630300116938,18.217226499267987,prior,north,8.863630300116938,0.8194103194103194,0.47433035714285715,False,1.4672111574197968,True,361149.3786823138,503839.4207911615,,0.6181802265415444,3.199034428136223,
1088755186866756,2024,panoroma_two_pass,361149.29993063095,503840.03393467236,320.98889387954176,-8.863630300116938,18.217226499267987,prior,north,8.863630300116938,0.8194103194103194,0.47433035714285715,False,1.4672111574197968,True,361149.3786823138,503839.4207911615,,0.6181802265415444,3.199034428136223,
1666620238369939,2025,panoroma_coarse,361173.00583708816,503862.9563626265,292.94851285843356,6.397136339237818,13.164329464393255,prior,north,-6.397136339237818,0.8330206378986866,0.5831987075928917,False,1.2514933392427454,True,361172.56895525777,503864.688115499,,1.7860105668848825,0.6605033630963348,
1666620238369939,2025,panoroma_fine,361173.00583708816,503862.9563626265,292.94851285843356,6.397136339237818,13.164329464393255,prior,north,-6.397136339237818,0.8330206378986866,0.5831987075928917,False,1.2514933392427454,True,361173.71611014573,503864.18784433126,,1.4216311073666656,0.8496830578721939,
1666620238369939,2025,panoroma_two_pass,361173.00583708816,503862.9563626265,292.94851285843356,6.397136339237818,13.164329464393255,prior,north,-6.397136339237818,0.8330206378986866,0.5831987075928917,False,1.2514933392427454,True,361173.71611014573,503864.18784433126,,1.4216311073666656,0.8496830578721939,
1666620238369939,2024,panoroma_coarse,361173.00583708816,503862.9563626265,292.94851285843356,6.397136339237818,13.164329464393255,prior,north,-6.397136339237818,0.855595667870036,0.5517241379310345,False,0.17947881837518603,True,361173.4608636361,503863.3234810343,,0.5846580921201736,1.3313485273975474,
1666620238369939,2024,panoroma_fine,361173.00583708816,503862.9563626265,292.94851285843356,6.397136339237818,13.164329464393255,prior,north,-6.397136339237818,0.855595667870036,0.5517241379310345,False,0.17947881837518603,True,361173.2873549087,503863.3693871098,,0.49984148196965256,6.557462210078705,
1666620238369939,2024,panoroma_two_pass,361173.00583708816,503862.9563626265,292.94851285843356,6.397136339237818,13.164329464393255,prior,north,-6.397136339237818,0.855595667870036,0.5517241379310345,False,0.17947881837518603,True,361173.2873549087,503863.3693871098,,0.49984148196965256,6.557462210078705,
1762029464919045,2025,panoroma_coarse,361156.16527727724,503890.4513906976,230.02804423733778,3.1326421045083066,23.605552969646,prior,north,-3.1326421045083066,0.802653399668325,0.4968944099378882,False,2.939245635089508,True,361153.22118705674,503890.9548600751,,2.986829195059557,2.2802684176609773,
1762029464919045,2025,panoroma_fine,361156.16527727724,503890.4513906976,230.02804423733778,3.1326421045083066,23.605552969646,prior,north,-3.1326421045083066,0.802653399668325,0.4968944099378882,False,2.939245635089508,True,361156.1144995289,503891.4724582222,,1.0223293351172666,3.8461571160666943,
1762029464919045,2025,panoroma_two_pass,361156.16527727724,503890.4513906976,230.02804423733778,3.1326421045083066,23.605552969646,prior,north,-3.1326421045083066,0.802653399668325,0.4968944099378882,False,2.939245635089508,True,361156.1144995289,503891.4724582222,,1.0223293351172666,3.8461571160666943,
1762029464919045,2024,panoroma_coarse,361156.16527727724,503890.4513906976,230.02804423733778,3.1326421045083066,23.605552969646,prior,north,-3.1326421045083066,0.8406504065040651,0.46253602305475505,False,3.4742296047083774,True,361152.37095156894,503892.0760275409,,4.127511653909897,6.164594608069483,
1762029464919045,2024,panoroma_fine,361156.16527727724,503890.4513906976,230.02804423733778,3.1326421045083066,23.605552969646,prior,north,-3.1326421045083066,0.8406504065040651,0.46253602305475505,False,3.4742296047083774,True,361155.7573918496,503892.8521032923,,2.4351163184424793,3.399326575311706,
1762029464919045,2024,panoroma_two_pass,361156.16527727724,503890.4513906976,230.02804423733778,3.1326421045083066,23.605552969646,prior,north,-3.1326421045083066,0.8406504065040651,0.46253602305475505,False,3.4742296047083774,True,361155.7573918496,503892.8521032923,,2.4351163184424793,3.399326575311706,
1132839019071351,2025,panoroma_coarse,361142.207623885,503903.8411272457,30.809075166005442,-8.058651102678024,3.8188374497366575,prior,north,8.058651102678027,0.7811447811447811,0.4752981260647359,False,1.5955185836678172,True,361141.0668502874,503906.72046911967,,3.097091220537171,5.544039153895034,
1132839019071351,2025,panoroma_fine,361142.207623885,503903.8411272457,30.809075166005442,-8.058651102678024,3.8188374497366575,prior,north,8.058651102678027,0.7811447811447811,0.4752981260647359,False,1.5955185836678172,True,361142.64807006053,503906.5073410365,,2.702348758382176,1.221678965561283,
1132839019071351,2025,panoroma_two_pass,361142.207623885,503903.8411272457,30.809075166005442,-8.058651102678024,3.8188374497366575,prior,north,8.058651102678027,0.7811447811447811,0.4752981260647359,False,1.5955185836678172,True,361142.64807006053,503906.5073410365,,2.702348758382176,1.221678965561283,
1132839019071351,2024,panoroma_coarse,361142.207623885,503903.8411272457,30.809075166005442,-8.058651102678024,3.8188374497366575,prior,north,8.058651102678027,0.8027681660899654,0.5420875420875421,False,0.8145687906624721,True,361140.9082292341,503905.0978294955,,1.8076855377778782,2.9742615821279133,
1132839019071351,2024,panoroma_fine,361142.207623885,503903.8411272457,30.809075166005442,-8.058651102678024,3.8188374497366575,prior,north,8.058651102678027,0.8027681660899654,0.5420875420875421,False,0.8145687906624721,True,361141.6917649065,503905.32052696915,,1.566759084061894,2.5336896380411025,
1132839019071351,2024,panoroma_two_pass,361142.207623885,503903.8411272457,30.809075166005442,-8.058651102678024,3.8188374497366575,prior,north,8.058651102678027,0.8027681660899654,0.5420875420875421,False,0.8145687906624721,True,361141.6917649065,503905.32052696915,,1.566759084061894,2.5336896380411025,
1796949328283937,2025,panoroma_coarse,361165.4447950305,503879.9005597392,49.11875024070156,-7.311398965044141,20.857311115588583,prior,north,7.311398965044134,0.7406749555950266,0.3503184713375796,False,0.2623736431454593,True,361167.1050811682,503880.7471744925,,1.8636809274701007,10.436714998915736,
1796949328283937,2025,panoroma_fine,361165.4447950305,503879.9005597392,49.11875024070156,-7.311398965044141,20.857311115588583,prior,north,7.311398965044134,0.7406749555950266,0.3503184713375796,False,0.2623736431454593,True,361166.9354499415,503880.9473373651,,1.8214816665914417,4.241382939554311,
1796949328283937,2025,panoroma_two_pass,361165.4447950305,503879.9005597392,49.11875024070156,-7.311398965044141,20.857311115588583,prior,north,7.311398965044134,0.7406749555950266,0.3503184713375796,False,0.2623736431454593,True,361166.9354499415,503880.9473373651,,1.8214816665914417,4.241382939554311,
1796949328283937,2024,panoroma_coarse,361165.4447950305,503879.9005597392,49.11875024070156,-7.311398965044141,20.857311115588583,prior,north,7.311398965044134,0.7697841726618705,0.44880546075085326,False,3.1962052051795045,True,361167.4260555757,503880.8252050092,,2.186403947875965,6.243851500792868,
1796949328283937,2024,panoroma_fine,361165.4447950305,503879.9005597392,49.11875024070156,-7.311398965044141,20.857311115588583,prior,north,7.311398965044134,0.7697841726618705,0.44880546075085326,False,3.1962052051795045,True,361164.57290636015,503882.2657838051,,2.520808349603832,2.2842586469387176,
1796949328283937,2024,panoroma_two_pass,361165.4447950305,503879.9005597392,49.11875024070156,-7.311398965044141,20.857311115588583,prior,north,7.311398965044134,0.7697841726618705,0.44880546075085326,False,3.1962052051795045,True,361164.57290636015,503882.2657838051,,2.520808349603832,2.2842586469387176,
1457053619817270,2025,panoroma_coarse,361163.461901341,503852.34058410395,137.93171992162561,-6.666266701522943,23.65700984246289,prior,north,6.666266701522943,0.6153846153846154,0.3143893591293833,False,0.6384511325805587,True,361170.49452655116,503858.4071362913,,9.28767316333867,10.99043437827435,
1457053619817270,2025,panoroma_fine,361163.461901341,503852.34058410395,137.93171992162561,-6.666266701522943,23.65700984246289,prior,north,6.666266701522943,0.6153846153846154,0.3143893591293833,False,0.6384511325805587,True,361170.70208774274,503859.01090628095,,9.844465301742016,40.94751164222305,
1457053619817270,2025,panoroma_two_pass,361163.461901341,503852.34058410395,137.93171992162561,-6.666266701522943,23.65700984246289,prior,north,6.666266701522943,0.6153846153846154,0.3143893591293833,False,0.6384511325805587,True,361170.70208774274,503859.01090628095,,9.844465301742016,40.94751164222305,
1457053619817270,2024,panoroma_coarse,361163.461901341,503852.34058410395,137.93171992162561,-6.666266701522943,23.65700984246289,prior,north,6.666266701522943,0.7112010796221323,0.3921815889029004,False,3.6430594315708995,True,361170.56669218716,503858.20421039057,,9.211957783069975,8.693865496246945,
1457053619817270,2024,panoroma_fine,361163.461901341,503852.34058410395,137.93171992162561,-6.666266701522943,23.65700984246289,prior,north,6.666266701522943,0.7112010796221323,0.3921815889029004,False,3.6430594315708995,True,361167.4919261227,503856.2503179496,,5.6149014670970105,19.17822638118636,
1457053619817270,2024,panoroma_two_pass,361163.461901341,503852.34058410395,137.93171992162561,-6.666266701522943,23.65700984246289,prior,north,6.666266701522943,0.7112010796221323,0.3921815889029004,False,3.6430594315708995,True,361167.4919261227,503856.2503179496,,5.6149014670970105,19.17822638118636,
1837757387401780,2025,panoroma_coarse,361139.2848980101,503832.87409963924,140.0515130566729,-3.9298710488354516,23.607606526840335,prior,north,3.9298710488354516,0.5965583173996176,0.4013230429988975,False,1.7406110556632535,True,361155.35346405103,503845.92287138826,,20.699498998052153,12.964375127851127,
1837757387401780,2025,panoroma_fine,361139.2848980101,503832.87409963924,140.0515130566729,-3.9298710488354516,23.607606526840335,prior,north,3.9298710488354516,0.5965583173996176,0.4013230429988975,False,1.7406110556632535,True,361155.8227731773,503847.599020484,,22.143274575616594,12.319638515604188,
1837757387401780,2025,panoroma_two_pass,361139.2848980101,503832.87409963924,140.0515130566729,-3.9298710488354516,23.607606526840335,prior,north,3.9298710488354516,0.5965583173996176,0.4013230429988975,False,1.7406110556632535,True,361155.8227731773,503847.599020484,,22.143274575616594,12.319638515604188,
1837757387401780,2024,panoroma_coarse,361139.2848980101,503832.87409963924,140.0515130566729,-3.9298710488354516,23.607606526840335,prior,north,3.9298710488354516,0.42385786802030456,0.31094257854821233,False,3.300002716123587,True,361153.84242567513,503845.31471869134,,19.149167452347754,16.343655449243503,
1837757387401780,2024,panoroma_fine,361139.2848980101,503832.87409963924,140.0515130566729,-3.9298710488354516,23.607606526840335,prior,north,3.9298710488354516,0.42385786802030456,0.31094257854821233,False,3.300002716123587,True,361156.39174902445,503847.4101824555,,22.448653751810618,5.856494168168492,
1837757387401780,2024,panoroma_two_pass,361139.2848980101,503832.87409963924,140.0515130566729,-3.9298710488354516,23.607606526840335,prior,north,3.9298710488354516,0.42385786802030456,0.31094257854821233,False,3.300002716123587,True,361156.39174902445,503847.4101824555,,22.448653751810618,5.856494168168492,
910305541902539,2025,panoroma_coarse,361113.2990068514,503811.5212163888,139.70288319418458,-3.0993717870329647,12.135700176946136,prior,north,3.0993717870329647,0.836,0.5982256020278834,False,0.7103630923882924,True,361113.9930333964,503812.98721492576,,1.621981675458459,0.4019941503767496,
910305541902539,2025,panoroma_fine,361113.2990068514,503811.5212163888,139.70288319418458,-3.0993717870329647,12.135700176946136,prior,north,3.0993717870329647,0.836,0.5982256020278834,False,0.7103630923882924,True,361113.46851193224,503812.5081606943,,1.0013945449537505,7.720558930086268,
910305541902539,2025,panoroma_two_pass,361113.2990068514,503811.5212163888,139.70288319418458,-3.0993717870329647,12.135700176946136,prior,north,3.0993717870329647,0.836,0.5982256020278834,False,0.7103630923882924,True,361113.46851193224,503812.5081606943,,1.0013945449537505,7.720558930086268,
910305541902539,2024,panoroma_coarse,361113.2990068514,503811.5212163888,139.70288319418458,-3.0993717870329647,12.135700176946136,prior,north,3.0993717870329647,0.8386648122392212,0.7162162162162162,False,1.1271583611868503,True,361112.4238346251,503813.74172548583,,2.386752411894828,2.050422395710608,
910305541902539,2024,panoroma_fine,361113.2990068514,503811.5212163888,139.70288319418458,-3.0993717870329647,12.135700176946136,prior,north,3.0993717870329647,0.8386648122392212,0.7162162162162162,False,1.1271583611868503,True,361112.35333980876,503812.61677373043,,1.4472498209861249,2.745733158783498,
910305541902539,2024,panoroma_two_pass,361113.2990068514,503811.5212163888,139.70288319418458,-3.0993717870329647,12.135700176946136,prior,north,3.0993717870329647,0.8386648122392212,0.7162162162162162,False,1.1271583611868503,True,361112.35333980876,503812.61677373043,,1.4472498209861249,2.745733158783498,
943623705468611,2025,panoroma_coarse,361124.27563437924,503784.4712108318,49.80342135264164,-6.015722885447353,17.02001057418736,prior,north,6.01572288544736,0.740530303030303,0.37521514629948366,False,1.7114801753023332,True,361125.6589508149,503786.01288002427,,2.071305931119058,2.905823469110437,
943623705468611,2025,panoroma_fine,361124.27563437924,503784.4712108318,49.80342135264164,-6.015722885447353,17.02001057418736,prior,north,6.01572288544736,0.740530303030303,0.37521514629948366,False,1.7114801753023332,True,361125.9750908281,503784.330851522,,1.7052427854572785,4.51730287563868,
943623705468611,2025,panoroma_two_pass,361124.27563437924,503784.4712108318,49.80342135264164,-6.015722885447353,17.02001057418736,prior,north,6.01572288544736,0.740530303030303,0.37521514629948366,False,1.7114801753023332,True,361125.9750908281,503784.330851522,,1.7052427854572785,4.51730287563868,
943623705468611,2024,panoroma_coarse,361124.27563437924,503784.4712108318,49.80342135264164,-6.015722885447353,17.02001057418736,prior,north,6.01572288544736,0.7607843137254902,0.44021739130434784,False,0.4623485646304667,True,361125.55062948324,503784.65680882195,,1.2884328190427348,5.149118590279687,
943623705468611,2024,panoroma_fine,361124.27563437924,503784.4712108318,49.80342135264164,-6.015722885447353,17.02001057418736,prior,north,6.01572288544736,0.7607843137254902,0.44021739130434784,False,0.4623485646304667,True,361125.4149251015,503785.09879356826,,1.300708822515321,3.529249619333044,
943623705468611,2024,panoroma_two_pass,361124.27563437924,503784.4712108318,49.80342135264164,-6.015722885447353,17.02001057418736,prior,north,6.01572288544736,0.7607843137254902,0.44021739130434784,False,0.4623485646304667,True,361125.4149251015,503785.09879356826,,1.300708822515321,3.529249619333044,
29302096676059304,2025,panoroma_coarse,361152.32174410915,503793.66742612515,319.9515651069156,4.316161634599496,13.949475893151511,prior,north,-4.316161634599496,0.7821428571428571,0.3830104321907601,False,3.24655697045671,True,361153.58516895294,503794.78831994394,,1.6889775868533594,7.068152609765373,
29302096676059304,2025,panoroma_fine,361152.32174410915,503793.66742612515,319.9515651069156,4.316161634599496,13.949475893151511,prior,north,-4.316161634599496,0.7821428571428571,0.3830104321907601,False,3.24655697045671,True,361156.82937132614,503794.91194487776,,4.676273094345422,0.3841009247023108,
29302096676059304,2025,panoroma_two_pass,361152.32174410915,503793.66742612515,319.9515651069156,4.316161634599496,13.949475893151511,prior,north,-4.316161634599496,0.7821428571428571,0.3830104321907601,False,3.24655697045671,True,361156.82937132614,503794.91194487776,,4.676273094345422,0.3841009247023108,
29302096676059304,2024,panoroma_coarse,361152.32174410915,503793.66742612515,319.9515651069156,4.316161634599496,13.949475893151511,prior,north,-4.316161634599496,0.7539543057996485,0.40362438220757824,False,1.2570909101854821,True,361153.10951027466,503793.3238684864,,0.8594227031364103,5.443535097643945,
29302096676059304,2024,panoroma_fine,361152.32174410915,503793.66742612515,319.9515651069156,4.316161634599496,13.949475893151511,prior,north,-4.316161634599496,0.7539543057996485,0.40362438220757824,False,1.2570909101854821,True,361152.06973363156,503792.61736860033,,1.0798750326942266,1.967543474234376,
29302096676059304,2024,panoroma_two_pass,361152.32174410915,503793.66742612515,319.9515651069156,4.316161634599496,13.949475893151511,prior,north,-4.316161634599496,0.7539543057996485,0.40362438220757824,False,1.2570909101854821,True,361152.06973363156,503792.61736860033,,1.0798750326942266,1.967543474234376,
945959455229054,2025,panoroma_coarse,361178.48574524716,503815.7914123349,319.40193817603665,5.641812144021799,27.251830454577384,prior,north,-5.641812144021799,0.5945121951219512,0.426890756302521,False,0.41677186600232824,True,361166.8487193726,503804.88803023595,,15.946915450990485,0.23086357948646652,
945959455229054,2025,panoroma_fine,361178.48574524716,503815.7914123349,319.40193817603665,5.641812144021799,27.251830454577384,prior,north,-5.641812144021799,0.5945121951219512,0.426890756302521,False,0.41677186600232824,True,361166.74227084167,503805.29097874206,,15.753358268945435,0.8182167888891034,
945959455229054,2025,panoroma_two_pass,361178.48574524716,503815.7914123349,319.40193817603665,5.641812144021799,27.251830454577384,prior,north,-5.641812144021799,0.5945121951219512,0.426890756302521,False,0.41677186600232824,True,361166.74227084167,503805.29097874206,,15.753358268945435,0.8182167888891034,
945959455229054,2024,panoroma_coarse,361178.48574524716,503815.7914123349,319.40193817603665,5.641812144021799,27.251830454577384,prior,north,-5.641812144021799,0.5254730713245997,0.3559322033898305,False,1.0884703885481546,True,361168.32697656064,503806.74810251646,,13.600810038317748,1.240417207393329,
945959455229054,2024,panoroma_fine,361178.48574524716,503815.7914123349,319.40193817603665,5.641812144021799,27.251830454577384,prior,north,-5.641812144021799,0.5254730713245997,0.3559322033898305,False,1.0884703885481546,True,361168.83406752493,503807.7112362251,,12.58745918837821,0.7834534730770947,
945959455229054,2024,panoroma_two_pass,361178.48574524716,503815.7914123349,319.40193817603665,5.641812144021799,27.251830454577384,prior,north,-5.641812144021799,0.5254730713245997,0.3559322033898305,False,1.0884703885481546,True,361168.83406752493,503807.7112362251,,12.58745918837821,0.7834534730770947,
1673666160842107,2025,panoroma_coarse,361202.9486604999,503836.40604008455,318.7916284373411,-6.271234669343528,15.70464143546742,prior,north,6.271234669343528,0.7428571428571429,0.444253859348199,False,1.6514610873870537,True,361205.1678083635,503834.7786273952,,2.751924654128879,5.951102771383278,
1673666160842107,2025,panoroma_fine,361202.9486604999,503836.40604008455,318.7916284373411,-6.271234669343528,15.70464143546742,prior,north,6.271234669343528,0.7428571428571429,0.444253859348199,False,1.6514610873870537,True,361205.81690659764,503836.2971777585,,2.870311251997196,8.742121922576276,
1673666160842107,2025,panoroma_two_pass,361202.9486604999,503836.40604008455,318.7916284373411,-6.271234669343528,15.70464143546742,prior,north,6.271234669343528,0.7428571428571429,0.444253859348199,False,1.6514610873870537,True,361205.81690659764,503836.2971777585,,2.870311251997196,8.742121922576276,
1673666160842107,2024,panoroma_coarse,361202.9486604999,503836.40604008455,318.7916284373411,-6.271234669343528,15.70464143546742,prior,north,6.271234669343528,0.5666199158485273,0.42735042735042733,False,0.7062095138157853,True,361203.68764231424,503834.1539790593,,2.3702052618607876,2.846021395778599,
1673666160842107,2024,panoroma_fine,361202.9486604999,503836.40604008455,318.7916284373411,-6.271234669343528,15.70464143546742,prior,north,6.271234669343528,0.5666199158485273,0.42735042735042733,False,0.7062095138157853,True,361204.26876689104,503834.55525963905,,2.2733387652115726,3.1656724335955975,
1673666160842107,2024,panoroma_two_pass,361202.9486604999,503836.40604008455,318.7916284373411,-6.271234669343528,15.70464143546742,prior,north,6.271234669343528,0.5666199158485273,0.42735042735042733,False,0.7062095138157853,True,361204.26876689104,503834.55525963905,,2.2733387652115726,3.1656724335955975,
1090951123865054,2025,panoroma_coarse,361229.35377108154,503858.7442823788,319.919795509785,-0.549489801134257,16.959665045204776,prior,north,0.549489801134257,0.7629757785467128,0.45288753799392095,False,0.9168793336987794,True,361231.7082431016,503859.17286853807,,2.3931620482410856,0.4586483993668518,
1090951123865054,2025,panoroma_fine,361229.35377108154,503858.7442823788,319.919795509785,-0.549489801134257,16.959665045204776,prior,north,0.549489801134257,0.7629757785467128,0.45288753799392095,False,0.9168793336987794,True,361232.3809816224,503859.79583771486,,3.204648542869965,0.8767533230232216,
1090951123865054,2025,panoroma_two_pass,361229.35377108154,503858.7442823788,319.919795509785,-0.549489801134257,16.959665045204776,prior,north,0.549489801134257,0.7629757785467128,0.45288753799392095,False,0.9168793336987794,True,361232.3809816224,503859.79583771486,,3.204648542869965,0.8767533230232216,
1090951123865054,2024,panoroma_coarse,361229.35377108154,503858.7442823788,319.919795509785,-0.549489801134257,16.959665045204776,prior,north,0.549489801134257,0.7455516014234875,0.48348348348348347,False,0.7918977842254239,True,361232.9455549847,503859.4392896193,,3.6584076687932314,1.0367447399425225,
1090951123865054,2024,panoroma_fine,361229.35377108154,503858.7442823788,319.919795509785,-0.549489801134257,16.959665045204776,prior,north,0.549489801134257,0.7455516014234875,0.48348348348348347,False,0.7918977842254239,True,361233.10751563957,503860.2144482139,,4.031375173513594,2.7140179556308746,
1090951123865054,2024,panoroma_two_pass,361229.35377108154,503858.7442823788,319.919795509785,-0.549489801134257,16.959665045204776,prior,north,0.549489801134257,0.7455516014234875,0.48348348348348347,False,0.7918977842254239,True,361233.10751563957,503860.2144482139,,4.031375173513594,2.7140179556308746,
2599151813871531,2025,panoroma_coarse,361254.8027265823,503880.00557597354,319.1352500356382,-7.442632084407023,12.281534146748811,prior,north,7.442632084407023,0.7992202729044834,0.4111310592459605,False,1.7788554429701704,True,361254.5844183977,503876.5603677266,,3.4521179481897906,3.835450529241107,
2599151813871531,2025,panoroma_fine,361254.8027265823,503880.00557597354,319.1352500356382,-7.442632084407023,12.281534146748811,prior,north,7.442632084407023,0.7992202729044834,0.4111310592459605,False,1.7788554429701704,True,361253.7838399791,503878.14888932946,,2.1178798843311952,8.40488037809571,
2599151813871531,2025,panoroma_two_pass,361254.8027265823,503880.00557597354,319.1352500356382,-7.442632084407023,12.281534146748811,prior,north,7.442632084407023,0.7992202729044834,0.4111310592459605,False,1.7788554429701704,True,361253.7838399791,503878.14888932946,,2.1178798843311952,8.40488037809571,
2599151813871531,2024,panoroma_coarse,361254.8027265823,503880.00557597354,319.1352500356382,-7.442632084407023,12.281534146748811,prior,north,7.442632084407023,0.7861271676300579,0.42173112338858193,False,3.1607772124650686,True,361253.7827604426,503877.88902617514,,2.3494922803106864,3.1637446476483113,
2599151813871531,2024,panoroma_fine,361254.8027265823,503880.00557597354,319.1352500356382,-7.442632084407023,12.281534146748811,prior,north,7.442632084407023,0.7861271676300579,0.42173112338858193,False,3.1607772124650686,True,361256.25322874537,503879.8606496057,,1.4577243145492857,8.938943504908243,
2599151813871531,2024,panoroma_two_pass,361254.8027265823,503880.00557597354,319.1352500356382,-7.442632084407023,12.281534146748811,prior,north,7.442632084407023,0.7861271676300579,0.42173112338858193,False,3.1607772124650686,True,361256.25322874537,503879.8606496057,,1.4577243145492857,8.938943504908243,
1597452008592561,2025,panoroma_coarse,361281.9459420293,503902.72692003846,319.49911736546557,-9.68035871207644,10.473701680738039,prior,north,9.68035871207644,0.7833333333333333,0.5489864864864865,False,2.7551416500169834,True,361284.1629154166,503902.24207644496,,2.2693709062414325,3.1528047940048416,
1597452008592561,2025,panoroma_fine,361281.9459420293,503902.72692003846,319.49911736546557,-9.68035871207644,10.473701680738039,prior,north,9.68035871207644,0.7833333333333333,0.5489864864864865,False,2.7551416500169834,True,361281.8510232549,503900.74342366843,,1.9857662056848404,6.14740384349792,
1597452008592561,2025,panoroma_two_pass,361281.9459420293,503902.72692003846,319.49911736546557,-9.68035871207644,10.473701680738039,prior,north,9.68035871207644,0.7833333333333333,0.5489864864864865,False,2.7551416500169834,True,361281.8510232549,503900.74342366843,,1.9857662056848404,6.14740384349792,
1597452008592561,2024,panoroma_coarse,361281.9459420293,503902.72692003846,319.49911736546557,-9.68035871207644,10.473701680738039,prior,north,9.68035871207644,0.7972027972027972,0.5050505050505051,False,3.6117363462135113,True,361285.3256050205,503902.83940680453,,3.381534445587922,4.091607792266673,
1597452008592561,2024,panoroma_fine,361281.9459420293,503902.72692003846,319.49911736546557,-9.68035871207644,10.473701680738039,prior,north,9.68035871207644,0.7972027972027972,0.5050505050505051,False,3.6117363462135113,True,361281.9496344993,503901.55587165704,,1.1710542028321145,4.680757798584743,
1597452008592561,2024,panoroma_two_pass,361281.9459420293,503902.72692003846,319.49911736546557,-9.68035871207644,10.473701680738039,prior,north,9.68035871207644,0.7972027972027972,0.5050505050505051,False,3.6117363462135113,True,361281.9496344993,503901.55587165704,,1.1710542028321145,4.680757798584743,
1591043065903450,2025,panoroma_coarse,361306.3013394185,503923.1993527394,319.37232726574774,3.222610575580063,23.29122924387973,prior,north,-3.222610575580063,0.5786163522012578,0.44876325088339225,False,3.326367614357156,True,361309.1595226811,503921.1263429087,,3.5308046279177923,6.9371236090154085,
1591043065903450,2025,panoroma_fine,361306.3013394185,503923.1993527394,319.37232726574774,3.222610575580063,23.29122924387973,prior,north,-3.222610575580063,0.5786163522012578,0.44876325088339225,False,3.326367614357156,True,361308.6185446805,503924.4084252216,,2.6136749020103616,3.5400669269982488,
1591043065903450,2025,panoroma_two_pass,361306.3013394185,503923.1993527394,319.37232726574774,3.222610575580063,23.29122924387973,prior,north,-3.222610575580063,0.5786163522012578,0.44876325088339225,False,3.326367614357156,True,361308.6185446805,503924.4084252216,,2.6136749020103616,3.5400669269982488,
1591043065903450,2024,panoroma_coarse,361306.3013394185,503923.1993527394,319.37232726574774,3.222610575580063,23.29122924387973,prior,north,-3.222610575580063,0.5320813771517997,0.3993610223642173,False,4.425611284928602,True,361312.0848585343,503921.3132655819,,6.083290074293498,1.7326291049324862,
1591043065903450,2024,panoroma_fine,361306.3013394185,503923.1993527394,319.37232726574774,3.222610575580063,23.29122924387973,prior,north,-3.222610575580063,0.5320813771517997,0.3993610223642173,False,4.425611284928602,True,361308.42179085314,503923.79680547665,,2.2030124965394733,2.887730622274052,
1591043065903450,2024,panoroma_two_pass,361306.3013394185,503923.1993527394,319.37232726574774,3.222610575580063,23.29122924387973,prior,north,-3.222610575580063,0.5320813771517997,0.3993610223642173,False,4.425611284928602,True,361308.42179085314,503923.79680547665,,2.2030124965394733,2.887730622274052,
1112966985014802,2025,panoroma_coarse,361331.9141680186,503944.78736955114,319.4289408658014,-4.960667802704165,11.004181313748436,prior,north,4.960667802704165,0.41402714932126694,0.3895253682487725,False,1.9527979629744006,True,361354.4665673873,503963.0243419841,,29.003411537359966,8.06816915225933,
1112966985014802,2025,panoroma_fine,361331.9141680186,503944.78736955114,319.4289408658014,-4.960667802704165,11.004181313748436,prior,north,4.960667802704165,0.41402714932126694,0.3895253682487725,False,1.9527979629744006,True,361354.50046092254,503961.0718381781,,27.844650215153735,3.5591483354355176,
1112966985014802,2025,panoroma_two_pass,361331.9141680186,503944.78736955114,319.4289408658014,-4.960667802704165,11.004181313748436,prior,north,4.960667802704165,0.41402714932126694,0.3895253682487725,False,1.9527979629744006,True,361354.50046092254,503961.0718381781,,27.844650215153735,3.5591483354355176,
1112966985014802,2024,panoroma_coarse,361331.9141680186,503944.78736955114,319.4289408658014,-4.960667802704165,11.004181313748436,prior,north,4.960667802704165,0.6292875989445911,0.4563953488372093,False,2.0157745022549522,True,361352.29205361847,503958.8545301434,,24.761729112656496,6.485622370813588,
1112966985014802,2024,panoroma_fine,361331.9141680186,503944.78736955114,319.4289408658014,-4.960667802704165,11.004181313748436,prior,north,4.960667802704165,0.6292875989445911,0.4563953488372093,False,2.0157745022549522,True,361351.51352160994,503960.7138942163,,25.25448176279885,4.669919871857924,
1112966985014802,2024,panoroma_two_pass,361331.9141680186,503944.78736955114,319.4289408658014,-4.960667802704165,11.004181313748436,prior,north,4.960667802704165,0.6292875989445911,0.4563953488372093,False,2.0157745022549522,True,361351.51352160994,503960.7138942163,,25.25448176279885,4.669919871857924,
2366348720838280,2025,panoroma_coarse,361357.22639762436,503965.9155402966,319.33710303448834,-2.790270094327809,19.9311952713854,prior,north,2.790270094327809,0.814595660749507,0.47584973166368516,False,0.622722193382085,True,361357.6261035551,503963.056229273,,2.8871134998128496,0.2116411942406853,
2366348720838280,2025,panoroma_fine,361357.22639762436,503965.9155402966,319.33710303448834,-2.790270094327809,19.9311952713854,prior,north,2.790270094327809,0.814595660749507,0.47584973166368516,False,0.622722193382085,True,361357.19111798937,503963.5018417591,,2.4139563547449363,6.259616284230423,
2366348720838280,2025,panoroma_two_pass,361357.22639762436,503965.9155402966,319.33710303448834,-2.790270094327809,19.9311952713854,prior,north,2.790270094327809,0.814595660749507,0.47584973166368516,False,0.622722193382085,True,361357.19111798937,503963.5018417591,,2.4139563547449363,6.259616284230423,
2366348720838280,2024,panoroma_coarse,361357.22639762436,503965.9155402966,319.33710303448834,-2.790270094327809,19.9311952713854,prior,north,2.790270094327809,0.7884231536926147,0.49380530973451325,False,2.6816566519444067,True,361358.41169052484,503964.0206443734,,2.235072665422948,2.8692509894088443,
2366348720838280,2024,panoroma_fine,361357.22639762436,503965.9155402966,319.33710303448834,-2.790270094327809,19.9311952713854,prior,north,2.790270094327809,0.7884231536926147,0.49380530973451325,False,2.6816566519444067,True,361355.7756439411,503963.5281600519,,2.793612478893086,4.14347893136204,
2366348720838280,2024,panoroma_two_pass,361357.22639762436,503965.9155402966,319.33710303448834,-2.790270094327809,19.9311952713854,prior,north,2.790270094327809,0.7884231536926147,0.49380530973451325,False,2.6816566519444067,True,361355.7756439411,503963.5281600519,,2.793612478893086,4.14347893136204,
1572977703746490,2025,panoroma_coarse,361381.6841147716,503988.2561406791,315.26503124108785,-7.467504438691435,25.71821621208423,prior,north,7.467504438691435,0.42944038929440387,0.5412844036697247,False,0.6451193673962452,True,361390.1610684046,504013.5480300063,,26.67467729203319,8.680331360445424,
1572977703746490,2025,panoroma_fine,361381.6841147716,503988.2561406791,315.26503124108785,-7.467504438691435,25.71821621208423,prior,north,7.467504438691435,0.42944038929440387,0.5412844036697247,False,0.6451193673962452,True,361390.6479181372,504013.9712986398,,27.23268476883285,5.886960431786587,
1572977703746490,2025,panoroma_two_pass,361381.6841147716,503988.2561406791,315.26503124108785,-7.467504438691435,25.71821621208423,prior,north,7.467504438691435,0.42944038929440387,0.5412844036697247,False,0.6451193673962452,True,361390.6479181372,504013.9712986398,,27.23268476883285,5.886960431786587,
1572977703746490,2024,panoroma_coarse,361381.6841147716,503988.2561406791,315.26503124108785,-7.467504438691435,25.71821621208423,prior,north,7.467504438691435,0.6676923076923077,0.5227272727272727,False,1.110415530685749,True,361390.1975001894,504015.7205390511,,28.75362427951362,3.4938834123285307,
1572977703746490,2024,panoroma_fine,361381.6841147716,503988.2561406791,315.26503124108785,-7.467504438691435,25.71821621208423,prior,north,7.467504438691435,0.6676923076923077,0.5227272727272727,False,1.110415530685749,True,361389.2217004657,504015.1905979695,,27.96927220404739,6.115261781313629,
1572977703746490,2024,panoroma_two_pass,361381.6841147716,503988.2561406791,315.26503124108785,-7.467504438691435,25.71821621208423,prior,north,7.467504438691435,0.6676923076923077,0.5227272727272727,False,1.110415530685749,True,361389.2217004657,504015.1905979695,,27.96927220404739,6.115261781313629,
1579563780527774,2025,panoroma_coarse,361404.36574653024,504011.34464292694,313.0300471049002,-1.5941689526003415,9.763494629555638,prior,north,1.5941689526003415,0.5716374269005848,0.29508196721311475,False,3.104674160159219,True,361413.1872180643,504018.0475280123,,11.079125800096158,2.7920722382519965,
1579563780527774,2025,panoroma_fine,361404.36574653024,504011.34464292694,313.0300471049002,-1.5941689526003415,9.763494629555638,prior,north,1.5941689526003415,0.5716374269005848,0.29508196721311475,False,3.104674160159219,True,361415.91734074766,504019.525848605,,14.155262459958303,4.100067363403267,
1579563780527774,2025,panoroma_two_pass,361404.36574653024,504011.34464292694,313.0300471049002,-1.5941689526003415,9.763494629555638,prior,north,1.5941689526003415,0.5716374269005848,0.29508196721311475,False,3.104674160159219,True,361415.91734074766,504019.525848605,,14.155262459958303,4.100067363403267,
1579563780527774,2024,panoroma_coarse,361404.36574653024,504011.34464292694,313.0300471049002,-1.5941689526003415,9.763494629555638,prior,north,1.5941689526003415,0.5424739195230999,0.4490161001788909,False,0.9182581959548604,True,361394.12691894406,503996.3497226736,,18.157125976971418,0.5304339322383117,
1579563780527774,2024,panoroma_fine,361404.36574653024,504011.34464292694,313.0300471049002,-1.5941689526003415,9.763494629555638,prior,north,1.5941689526003415,0.5424739195230999,0.4490161001788909,False,0.9182581959548604,True,361393.5201241942,503997.0389238387,,17.952189907844712,0.3721336865074247,
1579563780527774,2024,panoroma_two_pass,361404.36574653024,504011.34464292694,313.0300471049002,-1.5941689526003415,9.763494629555638,prior,north,1.5941689526003415,0.5424739195230999,0.4490161001788909,False,0.9182581959548604,True,361393.5201241942,503997.0389238387,,17.952189907844712,0.3721336865074247,
1077445214894446,2025,panoroma_coarse,361428.2353577773,504036.8110457519,310.8947311561234,8.05048991485512,3.976917428087291,prior,north,-8.05048991485512,0.5619047619047619,0.3181818181818182,False,1.2642435967362173,True,361424.26526640984,504041.2207119185,,5.9335302448421965,7.2623766502915155,
1077445214894446,2025,panoroma_fine,361428.2353577773,504036.8110457519,310.8947311561234,8.05048991485512,3.976917428087291,prior,north,-8.05048991485512,0.5619047619047619,0.3181818181818182,False,1.2642435967362173,True,361423.09025307425,504040.7541762467,,6.482312897731159,13.116065836127788,
1077445214894446,2025,panoroma_two_pass,361428.2353577773,504036.8110457519,310.8947311561234,8.05048991485512,3.976917428087291,prior,north,-8.05048991485512,0.5619047619047619,0.3181818181818182,False,1.2642435967362173,True,361423.09025307425,504040.7541762467,,6.482312897731159,13.116065836127788,
1077445214894446,2024,panoroma_coarse,361428.2353577773,504036.8110457519,310.8947311561234,8.05048991485512,3.976917428087291,prior,north,-8.05048991485512,0.6599063962558502,0.5,False,2.368686201982374,True,361428.04585413093,504036.31591550296,,0.5301561990593339,4.204663108455829,
1077445214894446,2024,panoroma_fine,361428.2353577773,504036.8110457519,310.8947311561234,8.05048991485512,3.976917428087291,prior,north,-8.05048991485512,0.6599063962558502,0.5,False,2.368686201982374,True,361425.8599966056,504035.4033908717,,2.7611289281030067,4.210888750887478,
1077445214894446,2024,panoroma_two_pass,361428.2353577773,504036.8110457519,310.8947311561234,8.05048991485512,3.976917428087291,prior,north,-8.05048991485512,0.6599063962558502,0.5,False,2.368686201982374,True,361425.8599966056,504035.4033908717,,2.7611289281030067,4.210888750887478,
1714471442944128,2025,panoroma_coarse,361449.2520025681,504060.74706808943,311.00182836492553,6.734626208630061,6.94251102661193,prior,north,-6.734626208630061,0.7088122605363985,0.4351851851851852,False,0.6397568848491905,True,361447.62319414236,504056.1611305422,,4.866604573482138,5.652755837989605,
1714471442944128,2025,panoroma_fine,361449.2520025681,504060.74706808943,311.00182836492553,6.734626208630061,6.94251102661193,prior,north,-6.734626208630061,0.7088122605363985,0.4351851851851852,False,0.6397568848491905,True,361447.52344341157,504056.79306302546,,4.315329976210632,2.9034463926739886,
1714471442944128,2025,panoroma_two_pass,361449.2520025681,504060.74706808943,311.00182836492553,6.734626208630061,6.94251102661193,prior,north,-6.734626208630061,0.7088122605363985,0.4351851851851852,False,0.6397568848491905,True,361447.52344341157,504056.79306302546,,4.315329976210632,2.9034463926739886,
1714471442944128,2024,panoroma_coarse,361449.2520025681,504060.74706808943,311.00182836492553,6.734626208630061,6.94251102661193,prior,north,-6.734626208630061,0.7039848197343453,0.386317907444668,False,2.4708488237646344,True,361447.5802487017,504057.4733764783,,3.6758424550972397,4.376811651423876,
1714471442944128,2024,panoroma_fine,361449.2520025681,504060.74706808943,311.00182836492553,6.734626208630061,6.94251102661193,prior,north,-6.734626208630061,0.7039848197343453,0.386317907444668,False,2.4708488237646344,True,361449.829200291,504056.44999450725,,4.33566587528045,2.8398131602221723,
1714471442944128,2024,panoroma_two_pass,361449.2520025681,504060.74706808943,311.00182836492553,6.734626208630061,6.94251102661193,prior,north,-6.734626208630061,0.7039848197343453,0.386317907444668,False,2.4708488237646344,True,361449.829200291,504056.44999450725,,4.33566587528045,2.8398131602221723,
1347449930528506,2025,panoroma_coarse,361472.5967279173,504087.4096917212,309.77782126276634,4.674407105501302,12.618487808285318,prior,north,-4.674407105501302,0.6603448275862069,0.5008291873963516,False,0.6107078554596784,True,361471.59739388694,504084.2749687669,,3.2901605590763103,4.6346733701977065,
1347449930528506,2025,panoroma_fine,361472.5967279173,504087.4096917212,309.77782126276634,4.674407105501302,12.618487808285318,prior,north,-4.674407105501302,0.6603448275862069,0.5008291873963516,False,0.6107078554596784,True,361471.0698271137,504083.9673368691,,3.765797789559786,3.895850178260359,
1347449930528506,2025,panoroma_two_pass,361472.5967279173,504087.4096917212,309.77782126276634,4.674407105501302,12.618487808285318,prior,north,-4.674407105501302,0.6603448275862069,0.5008291873963516,False,0.6107078554596784,True,361471.0698271137,504083.9673368691,,3.765797789559786,3.895850178260359,
1347449930528506,2024,panoroma_coarse,361472.5967279173,504087.4096917212,309.77782126276634,4.674407105501302,12.618487808285318,prior,north,-4.674407105501302,0.7068345323741008,0.4649122807017544,False,0.6495829282814833,True,361470.41828454647,504084.2390561122,,3.846887792120014,2.7010423987804986,
1347449930528506,2024,panoroma_fine,361472.5967279173,504087.4096917212,309.77782126276634,4.674407105501302,12.618487808285318,prior,north,-4.674407105501302,0.7068345323741008,0.4649122807017544,False,0.6495829282814833,True,361470.8432993645,504084.7302998248,,3.202132511999886,5.445003236611721,
1347449930528506,2024,panoroma_two_pass,361472.5967279173,504087.4096917212,309.77782126276634,4.674407105501302,12.618487808285318,prior,north,-4.674407105501302,0.7068345323741008,0.4649122807017544,False,0.6495829282814833,True,361470.8432993645,504084.7302998248,,3.202132511999886,5.445003236611721,
1413652087402340,2025,panoroma_coarse,361492.29492151755,504113.28688474465,303.597875428812,8.229073075739507,22.33911953962091,prior,north,-8.229073075739507,0.4526916802610114,0.47044917257683216,False,1.8302045731639422,True,361467.14743903425,504099.63898026437,,28.612255625007116,10.110295015057487,
1413652087402340,2025,panoroma_fine,361492.29492151755,504113.28688474465,303.597875428812,8.229073075739507,22.33911953962091,prior,north,-8.229073075739507,0.4526916802610114,0.47044917257683216,False,1.8302045731639422,True,361466.253098261,504098.04216989334,,30.17578316170425,12.505440667975535,
1413652087402340,2025,panoroma_two_pass,361492.29492151755,504113.28688474465,303.597875428812,8.229073075739507,22.33911953962091,prior,north,-8.229073075739507,0.4526916802610114,0.47044917257683216,False,1.8302045731639422,True,361466.253098261,504098.04216989334,,30.17578316170425,12.505440667975535,
1413652087402340,2024,panoroma_coarse,361492.29492151755,504113.28688474465,303.597875428812,8.229073075739507,22.33911953962091,prior,north,-8.229073075739507,0.4543707973102786,0.33725490196078434,False,3.41601953970921,True,361482.64217103267,504113.93044444424,,9.674180120829304,5.903582538202858,
1413652087402340,2024,panoroma_fine,361492.29492151755,504113.28688474465,303.597875428812,8.229073075739507,22.33911953962091,prior,north,-8.229073075739507,0.4543707973102786,0.33725490196078434,False,3.41601953970921,True,361481.12123285513,504116.98919199116,,11.771083096813602,6.24520597458385,
1413652087402340,2024,panoroma_two_pass,361492.29492151755,504113.28688474465,303.597875428812,8.229073075739507,22.33911953962091,prior,north,-8.229073075739507,0.4543707973102786,0.33725490196078434,False,3.41601953970921,True,361481.12123285513,504116.98919199116,,11.771083096813602,6.24520597458385,
921953573931750,2025,panoroma_coarse,361509.1497128202,504141.219079501,297.86871804825813,3.041536533574515,6.250142008424994,prior,north,-3.041536533574515,0.659043659043659,0.43966421825813223,False,2.1498214641160494,True,361508.62043076934,504137.3907917424,,3.8647026602045997,5.062573187266033,
921953573931750,2025,panoroma_fine,361509.1497128202,504141.219079501,297.86871804825813,3.041536533574515,6.250142008424994,prior,north,-3.041536533574515,0.659043659043659,0.43966421825813223,False,2.1498214641160494,True,361506.47269792826,504137.296050142,,4.749375546677216,8.332729124164217,
921953573931750,2025,panoroma_two_pass,361509.1497128202,504141.219079501,297.86871804825813,3.041536533574515,6.250142008424994,prior,north,-3.041536533574515,0.659043659043659,0.43966421825813223,False,2.1498214641160494,True,361506.47269792826,504137.296050142,,4.749375546677216,8.332729124164217,
921953573931750,2024,panoroma_coarse,361509.1497128202,504141.219079501,297.86871804825813,3.041536533574515,6.250142008424994,prior,north,-3.041536533574515,0.6489028213166145,0.42482915717539865,False,1.0167435121360697,True,361506.6877948634,504137.0871925002,,4.809732862989578,1.8805601070450646,
921953573931750,2024,panoroma_fine,361509.1497128202,504141.219079501,297.86871804825813,3.041536533574515,6.250142008424994,prior,north,-3.041536533574515,0.6489028213166145,0.42482915717539865,False,1.0167435121360697,True,361506.4486760018,504138.07541794993,,4.144660159999162,5.594470807203607,
921953573931750,2024,panoroma_two_pass,361509.1497128202,504141.219079501,297.86871804825813,3.041536533574515,6.250142008424994,prior,north,-3.041536533574515,0.6489028213166145,0.42482915717539865,False,1.0167435121360697,True,361506.4486760018,504138.07541794993,,4.144660159999162,5.594470807203607,
1403478994512518,2025,panoroma_coarse,361523.51524609205,504173.20255651977,288.43829113615783,1.6537922372540947,14.866719494006015,prior,north,-1.6537922372540947,0.5424791086350975,0.5258358662613982,False,2.4774380895758688,True,361521.1291469804,504166.94482867664,,6.69721036919174,3.5098642898428105,
1403478994512518,2025,panoroma_fine,361523.51524609205,504173.20255651977,288.43829113615783,1.6537922372540947,14.866719494006015,prior,north,-1.6537922372540947,0.5424791086350975,0.5258358662613982,False,2.4774380895758688,True,361521.15540233644,504169.422127638,,4.456512659120074,0.05318919574849586,
1403478994512518,2025,panoroma_two_pass,361523.51524609205,504173.20255651977,288.43829113615783,1.6537922372540947,14.866719494006015,prior,north,-1.6537922372540947,0.5424791086350975,0.5258358662613982,False,2.4774380895758688,True,361521.15540233644,504169.422127638,,4.456512659120074,0.05318919574849586,
1403478994512518,2024,panoroma_coarse,361523.51524609205,504173.20255651977,288.43829113615783,1.6537922372540947,14.866719494006015,prior,north,-1.6537922372540947,0.6607773851590106,0.45009596928982726,False,4.2516210389602875,True,361507.8672642503,504175.93510940316,,15.884778279236146,5.995252823885122,
1403478994512518,2024,panoroma_fine,361523.51524609205,504173.20255651977,288.43829113615783,1.6537922372540947,14.866719494006015,prior,north,-1.6537922372540947,0.6607773851590106,0.45009596928982726,False,4.2516210389602875,True,361511.31813096243,504178.4186150693,,13.265627926232533,8.643184926546104,
1403478994512518,2024,panoroma_two_pass,361523.51524609205,504173.20255651977,288.43829113615783,1.6537922372540947,14.866719494006015,prior,north,-1.6537922372540947,0.6607773851590106,0.45009596928982726,False,4.2516210389602875,True,361511.31813096243,504178.4186150693,,13.265627926232533,8.643184926546104,
1794731371773449,2025,panoroma_coarse,361531.8882455436,504204.8006149186,281.7546367960357,-6.150188741466479,5.99396090142357,prior,north,6.150188741466479,0.7333333333333333,0.5099085365853658,False,2.844578381608237,True,361520.5422154731,504219.0423432627,,18.208767794346475,2.422633221855807,
1794731371773449,2025,panoroma_fine,361531.8882455436,504204.8006149186,281.7546367960357,-6.150188741466479,5.99396090142357,prior,north,6.150188741466479,0.7333333333333333,0.5099085365853658,False,2.844578381608237,True,361519.4230644716,504216.4271707627,,17.04574844217227,14.39459687001165,
1794731371773449,2025,panoroma_two_pass,361531.8882455436,504204.8006149186,281.7546367960357,-6.150188741466479,5.99396090142357,prior,north,6.150188741466479,0.7333333333333333,0.5099085365853658,False,2.844578381608237,True,361519.4230644716,504216.4271707627,,17.04574844217227,14.39459687001165,
1794731371773449,2024,panoroma_coarse,361531.8882455436,504204.8006149186,281.7546367960357,-6.150188741466479,5.99396090142357,prior,north,6.150188741466479,0.6756238003838771,0.527992277992278,False,1.717860892130588,True,361528.1016178845,504198.505291234,,7.346403836050926,4.608496193445916,
1794731371773449,2024,panoroma_fine,361531.8882455436,504204.8006149186,281.7546367960357,-6.150188741466479,5.99396090142357,prior,north,6.150188741466479,0.6756238003838771,0.527992277992278,False,1.717860892130588,True,361528.9337984075,504197.0024533779,,8.339069570092716,2.337223914580222,
1794731371773449,2024,panoroma_two_pass,361531.8882455436,504204.8006149186,281.7546367960357,-6.150188741466479,5.99396090142357,prior,north,6.150188741466479,0.6756238003838771,0.527992277992278,False,1.717860892130588,True,361528.9337984075,504197.0024533779,,8.339069570092716,2.337223914580222,
3059374137740657,2025,panoroma_coarse,361537.029446159,504237.8977794815,274.71356777171735,2.940754486831679,19.038467885016086,prior,north,-2.940754486831679,0.6151385927505331,0.43123543123543123,False,4.548073510484131,True,361535.31976787734,504238.3931205538,,1.7799894956943856,4.468628547661361,
3059374137740657,2025,panoroma_fine,361537.029446159,504237.8977794815,274.71356777171735,2.940754486831679,19.038467885016086,prior,north,-2.940754486831679,0.6151385927505331,0.43123543123543123,False,4.548073510484131,True,361532.8174152597,504234.59533119237,,5.352323700879523,5.877876681417545,
3059374137740657,2025,panoroma_two_pass,361537.029446159,504237.8977794815,274.71356777171735,2.940754486831679,19.038467885016086,prior,north,-2.940754486831679,0.6151385927505331,0.43123543123543123,False,4.548073510484131,True,361532.8174152597,504234.59533119237,,5.352323700879523,5.877876681417545,
3059374137740657,2024,panoroma_coarse,361537.029446159,504237.8977794815,274.71356777171735,2.940754486831679,19.038467885016086,prior,north,-2.940754486831679,0.3325757575757576,0.34670781893004116,False,2.357780699697445,True,361524.52465618384,504238.281124359,,12.510664475498304,5.262564849536093,
3059374137740657,2024,panoroma_fine,361537.029446159,504237.8977794815,274.71356777171735,2.940754486831679,19.038467885016086,prior,north,-2.940754486831679,0.3325757575757576,0.34670781893004116,False,2.357780699697445,True,361522.8536955475,504239.9445606757,,14.322751783688727,5.2205280153302045,
3059374137740657,2024,panoroma_two_pass,361537.029446159,504237.8977794815,274.71356777171735,2.940754486831679,19.038467885016086,prior,north,-2.940754486831679,0.3325757575757576,0.34670781893004116,False,2.357780699697445,True,361522.8536955475,504239.9445606757,,14.322751783688727,5.2205280153302045,
1613002776844852,2025,panoroma_coarse,361536.4232422584,504266.85521835927,272.2808270468631,-7.299063866086158,25.477756663519706,prior,north,7.299063866086158,0.7522768670309654,0.44280442804428044,False,3.199968970113847,True,361534.36584463966,504261.8949031433,,5.370066294135635,12.791158101482434,
1613002776844852,2025,panoroma_fine,361536.4232422584,504266.85521835927,272.2808270468631,-7.299063866086158,25.477756663519706,prior,north,7.299063866086158,0.7522768670309654,0.44280442804428044,False,3.199968970113847,True,361536.76673098153,504264.0104518152,,2.8654286229372716,7.576315641079086,
1613002776844852,2025,panoroma_two_pass,361536.4232422584,504266.85521835927,272.2808270468631,-7.299063866086158,25.477756663519706,prior,north,7.299063866086158,0.7522768670309654,0.44280442804428044,False,3.199968970113847,True,361536.76673098153,504264.0104518152,,2.8654286229372716,7.576315641079086,
1613002776844852,2024,panoroma_coarse,361536.4232422584,504266.85521835927,272.2808270468631,-7.299063866086158,25.477756663519706,prior,north,7.299063866086158,0.6180081855388813,0.4753787878787879,False,2.081190538304172,True,361534.87873026973,504261.9904955182,,5.104022492455269,5.346603244956119,
1613002776844852,2024,panoroma_fine,361536.4232422584,504266.85521835927,272.2808270468631,-7.299063866086158,25.477756663519706,prior,north,7.299063866086158,0.6180081855388813,0.4753787878787879,False,2.081190538304172,True,361535.7218958035,504263.8932372083,,3.043882255999028,3.3827679781592295,
1613002776844852,2024,panoroma_two_pass,361536.4232422584,504266.85521835927,272.2808270468631,-7.299063866086158,25.477756663519706,prior,north,7.299063866086158,0.6180081855388813,0.4753787878787879,False,2.081190538304172,True,361535.7218958035,504263.8932372083,,3.043882255999028,3.3827679781592295,
981836188268787,2025,panoroma_coarse,361538.0477937769,504300.5927658677,272.513291319393,-7.182659188113973,9.522425563158581,prior,north,7.182659188113973,0.7032457496136012,0.4856687898089172,False,2.153562418522935,True,361538.4829404294,504302.3775490982,,1.8370639044709625,8.14274720449188,
981836188268787,2025,panoroma_fine,361538.0477937769,504300.5927658677,272.513291319393,-7.182659188113973,9.522425563158581,prior,north,7.182659188113973,0.7032457496136012,0.4856687898089172,False,2.153562418522935,True,361537.5510155982,504304.31902977015,,3.7592327979915514,9.541907458512988,
981836188268787,2025,panoroma_two_pass,361538.0477937769,504300.5927658677,272.513291319393,-7.182659188113973,9.522425563158581,prior,north,7.182659188113973,0.7032457496136012,0.4856687898089172,False,2.153562418522935,True,361537.5510155982,504304.31902977015,,3.7592327979915514,9.541907458512988,
981836188268787,2024,panoroma_coarse,361538.0477937769,504300.5927658677,272.513291319393,-7.182659188113973,9.522425563158581,prior,north,7.182659188113973,0.5886610373944512,0.4437299035369775,False,2.37541518122263,True,361539.9151095193,504309.1806238721,,8.788525085887143,12.872213444094067,
981836188268787,2024,panoroma_fine,361538.0477937769,504300.5927658677,272.513291319393,-7.182659188113973,9.522425563158581,prior,north,7.182659188113973,0.5886610373944512,0.4437299035369775,False,2.37541518122263,True,361538.9661834033,504311.35826858814,,10.804604959434316,9.576351614970108,
981836188268787,2024,panoroma_two_pass,361538.0477937769,504300.5927658677,272.513291319393,-7.182659188113973,9.522425563158581,prior,north,7.182659188113973,0.5886610373944512,0.4437299035369775,False,2.37541518122263,True,361538.9661834033,504311.35826858814,,10.804604959434316,9.576351614970108,
1093658489977921,2025,panoroma_coarse,361539.8923210439,504335.836993712,272.28727856222014,9.904899376608512,14.66003649103303,prior,north,-9.904899376608512,0.6732804232804233,0.48580441640378547,False,2.6391592656921956,True,361541.21976034605,504334.8231312468,,1.6703329606174104,13.412063671775993,
1093658489977921,2025,panoroma_fine,361539.8923210439,504335.836993712,272.28727856222014,9.904899376608512,14.66003649103303,prior,north,-9.904899376608512,0.6732804232804233,0.48580441640378547,False,2.6391592656921956,True,361539.54933366954,504336.8663728742,,1.0850169576976643,8.88185081946235,
1093658489977921,2025,panoroma_two_pass,361539.8923210439,504335.836993712,272.28727856222014,9.904899376608512,14.66003649103303,prior,north,-9.904899376608512,0.6732804232804233,0.48580441640378547,False,2.6391592656921956,True,361539.54933366954,504336.8663728742,,1.0850169576976643,8.88185081946235,
1093658489977921,2024,panoroma_coarse,361539.8923210439,504335.836993712,272.28727856222014,9.904899376608512,14.66003649103303,prior,north,-9.904899376608512,0.4235849056603774,0.5036818851251841,False,1.6780784469269292,True,361538.1248830331,504333.9323557408,,2.598361584394987,7.890838026661443,
1093658489977921,2024,panoroma_fine,361539.8923210439,504335.836993712,272.28727856222014,9.904899376608512,14.66003649103303,prior,north,-9.904899376608512,0.4235849056603774,0.5036818851251841,False,1.6780784469269292,True,361539.28371089115,504335.1460547436,,0.9207621712709174,6.460127270738559,
1093658489977921,2024,panoroma_two_pass,361539.8923210439,504335.836993712,272.28727856222014,9.904899376608512,14.66003649103303,prior,north,-9.904899376608512,0.4235849056603774,0.5036818851251841,False,1.6780784469269292,True,361539.28371089115,504335.1460547436,,0.9207621712709174,6.460127270738559,
1619687222851775,2025,panoroma_coarse,361541.55438086914,504368.50681948196,272.37270993829156,5.896318191475984,16.958902953093734,prior,north,-5.896318191475984,0.7561683599419449,0.41285714285714287,False,0.6953326969581841,True,361540.35338975047,504368.2845965754,,1.2213773730213808,3.7545780279081775,
1619687222851775,2025,panoroma_fine,361541.55438086914,504368.50681948196,272.37270993829156,5.896318191475984,16.958902953093734,prior,north,-5.896318191475984,0.7561683599419449,0.41285714285714287,False,0.6953326969581841,True,361540.3420263382,504368.9798364134,,1.301364102047087,1.1979174869603098,
1619687222851775,2025,panoroma_two_pass,361541.55438086914,504368.50681948196,272.37270993829156,5.896318191475984,16.958902953093734,prior,north,-5.896318191475984,0.7561683599419449,0.41285714285714287,False,0.6953326969581841,True,361540.3420263382,504368.9798364134,,1.301364102047087,1.1979174869603098,
1619687222851775,2024,panoroma_coarse,361541.55438086914,504368.50681948196,272.37270993829156,5.896318191475984,16.958902953093734,prior,north,-5.896318191475984,0.6115261472785486,0.4747612551159618,False,0.6774545935135707,True,361540.3740622047,504367.42975585564,,1.5978792835602973,3.73210444236121,
1619687222851775,2024,panoroma_fine,361541.55438086914,504368.50681948196,272.37270993829156,5.896318191475984,16.958902953093734,prior,north,-5.896318191475984,0.6115261472785486,0.4747612551159618,False,0.6774545935135707,True,361540.402703145,504368.10660474777,,1.2192347656492823,0.6002486240434303,
1619687222851775,2024,panoroma_two_pass,361541.55438086914,504368.50681948196,272.37270993829156,5.896318191475984,16.958902953093734,prior,north,-5.896318191475984,0.6115261472785486,0.4747612551159618,False,0.6774545935135707,True,361540.402703145,504368.10660474777,,1.2192347656492823,0.6002486240434303,
1391865393135267,2025,panoroma_coarse,361544.367099523,504400.577955069,277.8347799880502,-3.973653395355086,3.292530676545595,prior,north,3.973653395355086,0.4714893617021277,0.3599562363238512,False,2.4535703961158495,True,361542.1591672528,504383.381888831,,17.337233313686795,3.867390642751806,
1391865393135267,2025,panoroma_fine,361544.367099523,504400.577955069,277.8347799880502,-3.973653395355086,3.292530676545595,prior,north,3.973653395355086,0.4714893617021277,0.3599562363238512,False,2.4535703961158495,True,361542.3213960843,504385.8300901084,,14.889070604177867,8.494757627727465,
1391865393135267,2025,panoroma_two_pass,361544.367099523,504400.577955069,277.8347799880502,-3.973653395355086,3.292530676545595,prior,north,3.973653395355086,0.4714893617021277,0.3599562363238512,False,2.4535703961158495,True,361542.3213960843,504385.8300901084,,14.889070604177867,8.494757627727465,
1391865393135267,2024,panoroma_coarse,361544.367099523,504400.577955069,277.8347799880502,-3.973653395355086,3.292530676545595,prior,north,3.973653395355086,0.6818791946308724,0.5361527967257844,False,2.8204604076861464,True,361544.4067739736,504399.8458358745,,0.733193410375591,1.7742830572925081,
1391865393135267,2024,panoroma_fine,361544.367099523,504400.577955069,277.8347799880502,-3.973653395355086,3.292530676545595,prior,north,3.973653395355086,0.6818791946308724,0.5361527967257844,False,2.8204604076861464,True,361546.51187021646,504401.72295247175,,2.431267237412211,0.7538316837347936,
1391865393135267,2024,panoroma_two_pass,361544.367099523,504400.577955069,277.8347799880502,-3.973653395355086,3.292530676545595,prior,north,3.973653395355086,0.6818791946308724,0.5361527967257844,False,2.8204604076861464,True,361546.51187021646,504401.72295247175,,2.431267237412211,0.7538316837347936,
1316675827064189,2025,panoroma_coarse,361552.2189105195,504434.41134184506,287.1074839647609,-8.711957542347193,20.80738963306581,prior,north,8.711957542347193,0.38086124401913873,0.276410998552822,False,3.4218575580127903,True,361552.5708493546,504442.1374086479,,7.7340784315866395,5.099667355325381,
1316675827064189,2025,panoroma_fine,361552.2189105195,504434.41134184506,287.1074839647609,-8.711957542347193,20.80738963306581,prior,north,8.711957542347193,0.38086124401913873,0.276410998552822,False,3.4218575580127903,True,361555.2152683074,504444.3090802505,,10.341343507295283,22.017086123189507,
1316675827064189,2025,panoroma_two_pass,361552.2189105195,504434.41134184506,287.1074839647609,-8.711957542347193,20.80738963306581,prior,north,8.711957542347193,0.38086124401913873,0.276410998552822,False,3.4218575580127903,True,361555.2152683074,504444.3090802505,,10.341343507295283,22.017086123189507,
1316675827064189,2024,panoroma_coarse,361552.2189105195,504434.41134184506,287.1074839647609,-8.711957542347193,20.80738963306581,prior,north,8.711957542347193,0.6412315930388219,0.2926490984743412,False,0.9356363023477565,True,361553.69614004804,504443.3668886405,,9.076564630158966,8.008822865698445,
1316675827064189,2024,panoroma_fine,361552.2189105195,504434.41134184506,287.1074839647609,-8.711957542347193,20.80738963306581,prior,north,8.711957542347193,0.6412315930388219,0.2926490984743412,False,0.9356363023477565,True,361554.40194765414,504443.98109618964,,9.81559215467688,14.785520284627498,
1316675827064189,2024,panoroma_two_pass,361552.2189105195,504434.41134184506,287.1074839647609,-8.711957542347193,20.80738963306581,prior,north,8.711957542347193,0.6412315930388219,0.2926490984743412,False,0.9356363023477565,True,361554.40194765414,504443.98109618964,,9.81559215467688,14.785520284627498,
28263711263284815,2025,panoroma_coarse,361563.71273511497,504464.28748197947,292.85422022979816,-1.1825195596875346,21.60799338112897,prior,north,1.1825195596875346,0.5781990521327014,0.39346811819595645,False,3.1997709963351064,True,361566.46533485857,504464.88526806043,,2.81676295542871,10.477489956008128,
28263711263284815,2025,panoroma_fine,361563.71273511497,504464.28748197947,292.85422022979816,-1.1825195596875346,21.60799338112897,prior,north,1.1825195596875346,0.5781990521327014,0.39346811819595645,False,3.1997709963351064,True,361563.34909189964,504464.15893187793,,0.38569614550834563,1.6671809374898325,
28263711263284815,2025,panoroma_two_pass,361563.71273511497,504464.28748197947,292.85422022979816,-1.1825195596875346,21.60799338112897,prior,north,1.1825195596875346,0.5781990521327014,0.39346811819595645,False,3.1997709963351064,True,361563.34909189964,504464.15893187793,,0.38569614550834563,1.6671809374898325,
28263711263284815,2024,panoroma_coarse,361563.71273511497,504464.28748197947,292.85422022979816,-1.1825195596875346,21.60799338112897,prior,north,1.1825195596875346,0.6121794871794872,0.4040561622464899,False,0.7612802499933126,True,361563.4549129966,504462.7724356647,,1.5368271147170223,2.09299140417969,
28263711263284815,2024,panoroma_fine,361563.71273511497,504464.28748197947,292.85422022979816,-1.1825195596875346,21.60799338112897,prior,north,1.1825195596875346,0.6121794871794872,0.4040561622464899,False,0.7612802499933126,True,361563.03182496846,504463.4053212306,,1.1143815390049423,0.5046252240081326,
28263711263284815,2024,panoroma_two_pass,361563.71273511497,504464.28748197947,292.85422022979816,-1.1825195596875346,21.60799338112897,prior,north,1.1825195596875346,0.6121794871794872,0.4040561622464899,False,0.7612802499933126,True,361563.03182496846,504463.4053212306,,1.1143815390049423,0.5046252240081326,
3489296377898570,2025,panoroma_coarse,361571.625468986,504493.47068203054,299.5680585925597,4.646418907159841,31.05471874169141,prior,north,-4.646418907159841,0.6260869565217392,0.391156462585034,False,2.5286494365536543,True,361571.7512570221,504478.2106773033,,15.260523153058928,2.5993805818713165,
3489296377898570,2025,panoroma_fine,361571.625468986,504493.47068203054,299.5680585925597,4.646418907159841,31.05471874169141,prior,north,-4.646418907159841,0.6260869565217392,0.391156462585034,False,2.5286494365536543,True,361571.1202939208,504480.65934092615,,12.82129723309971,1.6720748072974274,
3489296377898570,2025,panoroma_two_pass,361571.625468986,504493.47068203054,299.5680585925597,4.646418907159841,31.05471874169141,prior,north,-4.646418907159841,0.6260869565217392,0.391156462585034,False,2.5286494365536543,True,361571.1202939208,504480.65934092615,,12.82129723309971,1.6720748072974274,
3489296377898570,2024,panoroma_coarse,361571.625468986,504493.47068203054,299.5680585925597,4.646418907159841,31.05471874169141,prior,north,-4.646418907159841,0.6305084745762712,0.31925675675675674,False,0.5926036637346394,True,361569.8543305565,504477.4959365287,,16.072629691009737,3.4631177847369568,
3489296377898570,2024,panoroma_fine,361571.625468986,504493.47068203054,299.5680585925597,4.646418907159841,31.05471874169141,prior,north,-4.646418907159841,0.6305084745762712,0.31925675675675674,False,0.5926036637346394,True,361569.3843777809,504477.8569399788,,15.773757657848876,5.579337919006017,
3489296377898570,2024,panoroma_two_pass,361571.625468986,504493.47068203054,299.5680585925597,4.646418907159841,31.05471874169141,prior,north,-4.646418907159841,0.6305084745762712,0.31925675675675674,False,0.5926036637346394,True,361569.3843777809,504477.8569399788,,15.773757657848876,5.579337919006017,
1131727186478749,2025,panoroma_coarse,361588.8523000926,504518.82913805824,307.4974744287967,4.978490127356963,12.992740716188614,prior,north,-4.978490127356963,0.3652058432934927,0.31153846153846154,False,3.374682420589164,True,361578.15786775475,504518.790977774,,10.694500420105797,5.9690686137323645,
1131727186478749,2025,panoroma_fine,361588.8523000926,504518.82913805824,307.4974744287967,4.978490127356963,12.992740716188614,prior,north,-4.978490127356963,0.3652058432934927,0.31153846153846154,False,3.374682420589164,True,361578.64481303975,504522.13034384104,,10.72803577334195,5.648708853823782,
1131727186478749,2025,panoroma_two_pass,361588.8523000926,504518.82913805824,307.4974744287967,4.978490127356963,12.992740716188614,prior,north,-4.978490127356963,0.3652058432934927,0.31153846153846154,False,3.374682420589164,True,361578.64481303975,504522.13034384104,,10.72803577334195,5.648708853823782,
1131727186478749,2024,panoroma_coarse,361588.8523000926,504518.82913805824,307.4974744287967,4.978490127356963,12.992740716188614,prior,north,-4.978490127356963,0.4780701754385965,0.3768506056527591,False,3.4533655867176685,True,361581.1222815859,504521.70569191076,,8.247893560198223,8.026549883562113,
1131727186478749,2024,panoroma_fine,361588.8523000926,504518.82913805824,307.4974744287967,4.978490127356963,12.992740716188614,prior,north,-4.978490127356963,0.4780701754385965,0.3768506056527591,False,3.4533655867176685,True,361579.6748595084,504524.8410871339,,10.971278292183296,3.403878087239239,
1131727186478749,2024,panoroma_two_pass,361588.8523000926,504518.82913805824,307.4974744287967,4.978490127356963,12.992740716188614,prior,north,-4.978490127356963,0.4780701754385965,0.3768506056527591,False,3.4533655867176685,True,361579.6748595084,504524.8410871339,,10.971278292183296,3.403878087239239,
1599642875223994,2025,panoroma_coarse,361610.9469463425,504543.66361937486,313.92116788058945,-0.5885879537345886,16.26362682875061,prior,north,0.5885879537345886,0.3941411451398136,0.3505747126436782,False,1.067608445168887,True,361618.2459846039,504541.89185744076,,7.5109985949018485,4.954899412562755,
1599642875223994,2025,panoroma_fine,361610.9469463425,504543.66361937486,313.92116788058945,-0.5885879537345886,16.26362682875061,prior,north,0.5885879537345886,0.3941411451398136,0.3505747126436782,False,1.067608445168887,True,361617.3383523296,504542.453988606,,6.504865647306081,12.520368395884802,
1599642875223994,2025,panoroma_two_pass,361610.9469463425,504543.66361937486,313.92116788058945,-0.5885879537345886,16.26362682875061,prior,north,0.5885879537345886,0.3941411451398136,0.3505747126436782,False,1.067608445168887,True,361617.3383523296,504542.453988606,,6.504865647306081,12.520368395884802,
1599642875223994,2024,panoroma_coarse,361610.9469463425,504543.66361937486,313.92116788058945,-0.5885879537345886,16.26362682875061,prior,north,0.5885879537345886,0.42550143266475643,0.3611111111111111,False,4.192826252899283,True,361613.9410966841,504545.53942060587,,3.533209097464306,9.996932276860562,
1599642875223994,2024,panoroma_fine,361610.9469463425,504543.66361937486,313.92116788058945,-0.5885879537345886,16.26362682875061,prior,north,0.5885879537345886,0.42550143266475643,0.3611111111111111,False,4.192826252899283,True,361616.95810317504,504542.62781214656,,6.099746148808569,7.175888733886848,
1599642875223994,2024,panoroma_two_pass,361610.9469463425,504543.66361937486,313.92116788058945,-0.5885879537345886,16.26362682875061,prior,north,0.5885879537345886,0.42550143266475643,0.3611111111111111,False,4.192826252899283,True,361616.95810317504,504542.62781214656,,6.099746148808569,7.175888733886848,
1073713638614184,2025,panoroma_coarse,361636.8629086914,504567.6693398636,318.45576423936296,-6.625193360644289,7.870400249050183,prior,north,6.625193360644289,0.4087024087024087,0.4923439340400471,False,3.458771134138934,True,361649.3787943967,504548.42790948425,,22.953867605067344,10.833966528461216,
1073713638614184,2025,panoroma_fine,361636.8629086914,504567.6693398636,318.45576423936296,-6.625193360644289,7.870400249050183,prior,north,6.625193360644289,0.4087024087024087,0.4923439340400471,False,3.458771134138934,True,361651.0214793119,504551.4717038314,,21.513450096334825,10.3880255167255,
1073713638614184,2025,panoroma_two_pass,361636.8629086914,504567.6693398636,318.45576423936296,-6.625193360644289,7.870400249050183,prior,north,6.625193360644289,0.4087024087024087,0.4923439340400471,False,3.458771134138934,True,361651.0214793119,504551.4717038314,,21.513450096334825,10.3880255167255,
1073713638614184,2024,panoroma_coarse,361636.8629086914,504567.6693398636,318.45576423936296,-6.625193360644289,7.870400249050183,prior,north,6.625193360644289,0.7636579572446556,0.5315101070154578,False,1.355633043915958,True,361641.1967608913,504562.6174101832,,6.656145159641952,8.113923535418106,
1073713638614184,2024,panoroma_fine,361636.8629086914,504567.6693398636,318.45576423936296,-6.625193360644289,7.870400249050183,prior,north,6.625193360644289,0.7636579572446556,0.5315101070154578,False,1.355633043915958,True,361640.4129912718,504563.72350517614,,5.307795936963186,1.9886120309549506,
1073713638614184,2024,panoroma_two_pass,361636.8629086914,504567.6693398636,318.45576423936296,-6.625193360644289,7.870400249050183,prior,north,6.625193360644289,0.7636579572446556,0.5315101070154578,False,1.355633043915958,True,361640.4129912718,504563.72350517614,,5.307795936963186,1.9886120309549506,
1120440463974740,2025,panoroma_coarse,361660.74811106944,504589.6475856835,311.0860382163991,-4.294805491446198,22.095073244316996,prior,north,4.294805491446198,0.6447916666666667,0.3699421965317919,False,1.6176238282276745,True,361666.1859310176,504585.3985229531,,6.901044839430786,5.095117838310825,
1120440463974740,2025,panoroma_fine,361660.74811106944,504589.6475856835,311.0860382163991,-4.294805491446198,22.095073244316996,prior,north,4.294805491446198,0.6447916666666667,0.3699421965317919,False,1.6176238282276745,True,361667.4195738221,504586.44486528734,,7.400394124397315,7.330385900276381,
1120440463974740,2025,panoroma_two_pass,361660.74811106944,504589.6475856835,311.0860382163991,-4.294805491446198,22.095073244316996,prior,north,4.294805491446198,0.6447916666666667,0.3699421965317919,False,1.6176238282276745,True,361667.4195738221,504586.44486528734,,7.400394124397315,7.330385900276381,
1120440463974740,2024,panoroma_coarse,361660.74811106944,504589.6475856835,311.0860382163991,-4.294805491446198,22.095073244316996,prior,north,4.294805491446198,0.6585928489042676,0.4149286498353458,False,2.780050249945153,True,361664.08965987014,504583.68121115724,,6.83838967704708,3.6315290924366828,
1120440463974740,2024,panoroma_fine,361660.74811106944,504589.6475856835,311.0860382163991,-4.294805491446198,22.095073244316996,prior,north,4.294805491446198,0.6585928489042676,0.4149286498353458,False,2.780050249945153,True,361665.8589416809,504585.82558082364,,6.38187360327239,1.424939203974367,
1120440463974740,2024,panoroma_two_pass,361660.74811106944,504589.6475856835,311.0860382163991,-4.294805491446198,22.095073244316996,prior,north,4.294805491446198,0.6585928489042676,0.4149286498353458,False,2.780050249945153,True,361665.8589416809,504585.82558082364,,6.38187360327239,1.424939203974367,
1396740292671110,2025,panoroma_coarse,361683.0279493844,504613.3827825114,318.1565499517186,-5.243072536293141,6.705064392208142,prior,north,5.243072536293141,0.36104513064133015,0.42778993435448576,False,2.3146371717965297,True,361684.0891238314,504607.11635505914,,6.355643493897959,2.737161035452196,
1396740292671110,2025,panoroma_fine,361683.0279493844,504613.3827825114,318.1565499517186,-5.243072536293141,6.705064392208142,prior,north,5.243072536293141,0.36104513064133015,0.42778993435448576,False,2.3146371717965297,True,361686.2439865599,504607.96140645305,,6.3035080296954185,8.088475342951712,
1396740292671110,2025,panoroma_two_pass,361683.0279493844,504613.3827825114,318.1565499517186,-5.243072536293141,6.705064392208142,prior,north,5.243072536293141,0.36104513064133015,0.42778993435448576,False,2.3146371717965297,True,361686.2439865599,504607.96140645305,,6.3035080296954185,8.088475342951712,
1396740292671110,2024,panoroma_coarse,361683.0279493844,504613.3827825114,318.1565499517186,-5.243072536293141,6.705064392208142,prior,north,5.243072536293141,0.6792452830188679,0.44278074866310163,False,0.5917259378733416,True,361685.9631215698,504608.4390362299,,5.749422845253559,1.843924329027244,
1396740292671110,2024,panoroma_fine,361683.0279493844,504613.3827825114,318.1565499517186,-5.243072536293141,6.705064392208142,prior,north,5.243072536293141,0.6792452830188679,0.44278074866310163,False,0.5917259378733416,True,361686.4854751287,504608.7170404475,,5.807205289908369,2.9189765337137605,
1396740292671110,2024,panoroma_two_pass,361683.0279493844,504613.3827825114,318.1565499517186,-5.243072536293141,6.705064392208142,prior,north,5.243072536293141,0.6792452830188679,0.44278074866310163,False,0.5917259378733416,True,361686.4854751287,504608.7170404475,,5.807205289908369,2.9189765337137605,
1100290906086001,2025,panoroma_coarse,361707.85448543716,504638.3282890087,290.3221943299974,6.408059954103123,18.034100514463145,prior,north,-6.408059954103123,0.7359550561797753,0.429126213592233,False,1.8179086114642586,True,361710.04954442376,504635.7600881857,,3.3784522228099823,2.3888778835922277,
1100290906086001,2025,panoroma_fine,361707.85448543716,504638.3282890087,290.3221943299974,6.408059954103123,18.034100514463145,prior,north,-6.408059954103123,0.7359550561797753,0.429126213592233,False,1.8179086114642586,True,361709.9843471728,504633.9433490636,,4.87483428797842,6.122050644639851,
1100290906086001,2025,panoroma_two_pass,361707.85448543716,504638.3282890087,290.3221943299974,6.408059954103123,18.034100514463145,prior,north,-6.408059954103123,0.7359550561797753,0.429126213592233,False,1.8179086114642586,True,361709.9843471728,504633.9433490636,,4.87483428797842,6.122050644639851,
1100290906086001,2024,panoroma_coarse,361707.85448543716,504638.3282890087,290.3221943299974,6.408059954103123,18.034100514463145,prior,north,-6.408059954103123,0.745697896749522,0.3815789473684211,False,1.5852268959698752,True,361709.777862829,504635.1163785883,,3.7437613625843893,2.454525989509827,
1100290906086001,2024,panoroma_fine,361707.85448543716,504638.3282890087,290.3221943299974,6.408059954103123,18.034100514463145,prior,north,-6.408059954103123,0.745697896749522,0.3815789473684211,False,1.5852268959698752,True,361709.5352032268,504633.5498344207,,5.0654161268555935,8.9048374285889,
1100290906086001,2024,panoroma_two_pass,361707.85448543716,504638.3282890087,290.3221943299974,6.408059954103123,18.034100514463145,prior,north,-6.408059954103123,0.745697896749522,0.3815789473684211,False,1.5852268959698752,True,361709.5352032268,504633.5498344207,,5.0654161268555935,8.9048374285889,
1436906631667845,2025,panoroma_coarse,361697.4136276352,504666.51541773695,211.2542456606379,-9.664194314343604,9.263483136300188,prior,north,9.664194314343604,0.6198439241917503,0.36743674367436746,False,1.2476041798207762,True,361699.7063177496,504658.4379181191,,8.396572398145878,6.336796750704301,
1436906631667845,2025,panoroma_fine,361697.4136276352,504666.51541773695,211.2542456606379,-9.664194314343604,9.263483136300188,prior,north,9.664194314343604,0.6198439241917503,0.36743674367436746,False,1.2476041798207762,True,361698.66312777915,504659.12222132314,,7.498039998756163,5.971529027908935,
1436906631667845,2025,panoroma_two_pass,361697.4136276352,504666.51541773695,211.2542456606379,-9.664194314343604,9.263483136300188,prior,north,9.664194314343604,0.6198439241917503,0.36743674367436746,False,1.2476041798207762,True,361698.66312777915,504659.12222132314,,7.498039998756163,5.971529027908935,
1436906631667845,2024,panoroma_coarse,361697.4136276352,504666.51541773695,211.2542456606379,-9.664194314343604,9.263483136300188,prior,north,9.664194314343604,0.6199551569506726,0.3658256880733945,False,0.3737639925258083,True,361699.78733605996,504658.73137511447,,8.13792425833344,3.7660744284466867,
1436906631667845,2024,panoroma_fine,361697.4136276352,504666.51541773695,211.2542456606379,-9.664194314343604,9.263483136300188,prior,north,9.664194314343604,0.6199551569506726,0.3658256880733945,False,0.3737639925258083,True,361700.07568514626,504658.96918665024,,8.002009360542209,6.927759915082115,
1436906631667845,2024,panoroma_two_pass,361697.4136276352,504666.51541773695,211.2542456606379,-9.664194314343604,9.263483136300188,prior,north,9.664194314343604,0.6199551569506726,0.3658256880733945,False,0.3737639925258083,True,361700.07568514626,504658.96918665024,,8.002009360542209,6.927759915082115,
1609692443937868,2025,panoroma_coarse,361668.9486892873,504682.8453561375,210.79401582028814,-6.061627934747776,17.21515125008524,prior,north,6.061627934747776,0.6068965517241379,0.2857142857142857,False,1.9473261610872978,True,361667.96175933926,504681.79130641866,,1.4439707518162794,4.449990820970336,
1609692443937868,2025,panoroma_fine,361668.9486892873,504682.8453561375,210.79401582028814,-6.061627934747776,17.21515125008524,prior,north,6.061627934747776,0.6068965517241379,0.2857142857142857,False,1.9473261610872978,True,361667.9932610307,504679.84423507407,,3.149535011844998,5.771434996274524,
1609692443937868,2025,panoroma_two_pass,361668.9486892873,504682.8453561375,210.79401582028814,-6.061627934747776,17.21515125008524,prior,north,6.061627934747776,0.6068965517241379,0.2857142857142857,False,1.9473261610872978,True,361667.9932610307,504679.84423507407,,3.149535011844998,5.771434996274524,
1609692443937868,2024,panoroma_coarse,361668.9486892873,504682.8453561375,210.79401582028814,-6.061627934747776,17.21515125008524,prior,north,6.061627934747776,0.5684931506849316,0.3285509325681492,False,1.8735886923315677,True,361669.2710886932,504678.7970191415,,4.0611542460340555,6.799914076145202,
1609692443937868,2024,panoroma_fine,361668.9486892873,504682.8453561375,210.79401582028814,-6.061627934747776,17.21515125008524,prior,north,6.061627934747776,0.5684931506849316,0.3285509325681492,False,1.8735886923315677,True,361667.60605164245,504679.6560803779,,3.460369303398231,4.408671378354426,
1609692443937868,2024,panoroma_two_pass,361668.9486892873,504682.8453561375,210.79401582028814,-6.061627934747776,17.21515125008524,prior,north,6.061627934747776,0.5684931506849316,0.3285509325681492,False,1.8735886923315677,True,361667.60605164245,504679.6560803779,,3.460369303398231,4.408671378354426,
2140812226473784,2025,panoroma_coarse,361641.04399474245,504701.4222107101,213.78021034732328,-3.4487666741794385,17.644428879364742,prior,north,3.4487666741794385,0.6517739816031537,0.44630404463040446,False,3.105601115969824,True,361642.44114961504,504699.02469843393,,2.7749066385211236,3.3776700554406727,
2140812226473784,2025,panoroma_fine,361641.04399474245,504701.4222107101,213.78021034732328,-3.4487666741794385,17.644428879364742,prior,north,3.4487666741794385,0.6517739816031537,0.44630404463040446,False,3.105601115969824,True,361639.49517800176,504700.0075562798,,2.0976368736142335,0.7430913951300921,
2140812226473784,2025,panoroma_two_pass,361641.04399474245,504701.4222107101,213.78021034732328,-3.4487666741794385,17.644428879364742,prior,north,3.4487666741794385,0.6517739816031537,0.44630404463040446,False,3.105601115969824,True,361639.49517800176,504700.0075562798,,2.0976368736142335,0.7430913951300921,
2140812226473784,2024,panoroma_coarse,361641.04399474245,504701.4222107101,213.78021034732328,-3.4487666741794385,17.644428879364742,prior,north,3.4487666741794385,0.6410256410256411,0.4344569288389513,False,3.1932600653339254,True,361639.9025804066,504699.43708628946,,2.2898789600444496,4.290202152335081,
2140812226473784,2024,panoroma_fine,361641.04399474245,504701.4222107101,213.78021034732328,-3.4487666741794385,17.644428879364742,prior,north,3.4487666741794385,0.6410256410256411,0.4344569288389513,False,3.1932600653339254,True,361636.7839273458,504700.1233172502,,4.453683693745289,3.2559756143989573,
2140812226473784,2024,panoroma_two_pass,361641.04399474245,504701.4222107101,213.78021034732328,-3.4487666741794385,17.644428879364742,prior,north,3.4487666741794385,0.6410256410256411,0.4344569288389513,False,3.1932600653339254,True,361636.7839273458,504700.1233172502,,4.453683693745289,3.2559756143989573,
1770134364187132,2025,panoroma_coarse,361614.59098087926,504722.44381314795,220.41034254713298,8.804444454854377,19.92527726184344,prior,north,-8.804444454854377,0.6013071895424836,0.4589285714285714,False,1.7424702083859702,True,361614.3396480593,504716.34105128265,,6.107935049670376,7.318412044433223,
1770134364187132,2025,panoroma_fine,361614.59098087926,504722.44381314795,220.41034254713298,8.804444454854377,19.92527726184344,prior,north,-8.804444454854377,0.6013071895424836,0.4589285714285714,False,1.7424702083859702,True,361615.5767902255,504717.56811350095,,4.974360975537825,4.92489715862996,
1770134364187132,2025,panoroma_two_pass,361614.59098087926,504722.44381314795,220.41034254713298,8.804444454854377,19.92527726184344,prior,north,-8.804444454854377,0.6013071895424836,0.4589285714285714,False,1.7424702083859702,True,361615.5767902255,504717.56811350095,,4.974360975537825,4.92489715862996,
1770134364187132,2024,panoroma_coarse,361614.59098087926,504722.44381314795,220.41034254713298,8.804444454854377,19.92527726184344,prior,north,-8.804444454854377,0.5682888540031397,0.43,False,3.2636484402063792,True,361611.8448158475,504717.6398026283,,5.533528662109503,7.947088153429018,
1770134364187132,2024,panoroma_fine,361614.59098087926,504722.44381314795,220.41034254713298,8.804444454854377,19.92527726184344,prior,north,-8.804444454854377,0.5682888540031397,0.43,False,3.2636484402063792,True,361614.92917128047,504718.70664502744,,3.752438981307226,4.23015555586752,
1770134364187132,2024,panoroma_two_pass,361614.59098087926,504722.44381314795,220.41034254713298,8.804444454854377,19.92527726184344,prior,north,-8.804444454854377,0.5682888540031397,0.43,False,3.2636484402063792,True,361614.92917128047,504718.70664502744,,3.752438981307226,4.23015555586752,
3960386027436480,2025,panoroma_coarse,361591.5952234963,504746.5269450778,230.05124253896744,8.361483200621052,15.710932213991812,prior,north,-8.361483200621052,0.6466876971608833,0.3963585434173669,False,3.535241884446493,True,361590.7633483237,504742.83195865527,,3.787471579513115,5.05859716784043,
3960386027436480,2025,panoroma_fine,361591.5952234963,504746.5269450778,230.05124253896744,8.361483200621052,15.710932213991812,prior,north,-8.361483200621052,0.6466876971608833,0.3963585434173669,False,3.535241884446493,True,361588.70933221886,504745.7092756386,,2.999491919825444,8.419916700483439,
3960386027436480,2025,panoroma_two_pass,361591.5952234963,504746.5269450778,230.05124253896744,8.361483200621052,15.710932213991812,prior,north,-8.361483200621052,0.6466876971608833,0.3963585434173669,False,3.535241884446493,True,361588.70933221886,504745.7092756386,,2.999491919825444,8.419916700483439,
3960386027436480,2024,panoroma_coarse,361591.5952234963,504746.5269450778,230.05124253896744,8.361483200621052,15.710932213991812,prior,north,-8.361483200621052,0.6453576864535768,0.4397260273972603,False,4.99164441069271,True,361590.93126120116,504743.788535922,,2.817752763106587,6.266707788312487,
3960386027436480,2024,panoroma_fine,361591.5952234963,504746.5269450778,230.05124253896744,8.361483200621052,15.710932213991812,prior,north,-8.361483200621052,0.6453576864535768,0.4397260273972603,False,4.99164441069271,True,361587.2845516403,504747.19705807994,,4.362446937913771,8.599025641668852,
3960386027436480,2024,panoroma_two_pass,361591.5952234963,504746.5269450778,230.05124253896744,8.361483200621052,15.710932213991812,prior,north,-8.361483200621052,0.6453576864535768,0.4397260273972603,False,4.99164441069271,True,361587.2845516403,504747.19705807994,,4.362446937913771,8.599025641668852,
1799341664552833,2025,panoroma_coarse,361572.6457602309,504774.8962715687,239.07370792608288,8.243739053374185,21.906598058444533,prior,north,-8.243739053374185,0.5710186513629842,0.37457627118644066,False,1.2314814184709746,True,361566.5174834025,504779.9636472619,,7.951985494274314,13.132917348400968,
1799341664552833,2025,panoroma_fine,361572.6457602309,504774.8962715687,239.07370792608288,8.243739053374185,21.906598058444533,prior,north,-8.243739053374185,0.5710186513629842,0.37457627118644066,False,1.2314814184709746,True,361567.3211185069,504780.89676949556,,8.02233038829728,19.774482862429874,
1799341664552833,2025,panoroma_two_pass,361572.6457602309,504774.8962715687,239.07370792608288,8.243739053374185,21.906598058444533,prior,north,-8.243739053374185,0.5710186513629842,0.37457627118644066,False,1.2314814184709746,True,361567.3211185069,504780.89676949556,,8.02233038829728,19.774482862429874,
1799341664552833,2024,panoroma_coarse,361572.6457602309,504774.8962715687,239.07370792608288,8.243739053374185,21.906598058444533,prior,north,-8.243739053374185,0.6029654036243822,0.3656597774244833,False,1.6046071901203909,True,361571.0292167245,504778.95366918953,,4.367572364759056,1.524577017640795,
1799341664552833,2024,panoroma_fine,361572.6457602309,504774.8962715687,239.07370792608288,8.243739053374185,21.906598058444533,prior,north,-8.243739053374185,0.6029654036243822,0.3656597774244833,False,1.6046071901203909,True,361569.89297383156,504780.0866812472,,5.875217918597523,15.722793280871848,
1799341664552833,2024,panoroma_two_pass,361572.6457602309,504774.8962715687,239.07370792608288,8.243739053374185,21.906598058444533,prior,north,-8.243739053374185,0.6029654036243822,0.3656597774244833,False,1.6046071901203909,True,361569.89297383156,504780.0866812472,,5.875217918597523,15.722793280871848,
1388036546256933,2025,panoroma_coarse,361558.7140618083,504804.42107867356,249.01867383618352,9.474083171671651,17.876799473428807,prior,north,-9.474083171671651,0.8231827111984283,0.41651705565529623,False,1.8283812184098978,True,361561.65060451673,504801.64708636334,,4.0395935953475925,8.80860191100203,
1388036546256933,2025,panoroma_fine,361558.7140618083,504804.42107867356,249.01867383618352,9.474083171671651,17.876799473428807,prior,north,-9.474083171671651,0.8231827111984283,0.41651705565529623,False,1.8283812184098978,True,361559.96906148246,504802.3649936719,,2.4088399108822807,10.702231697261693,
1388036546256933,2025,panoroma_two_pass,361558.7140618083,504804.42107867356,249.01867383618352,9.474083171671651,17.876799473428807,prior,north,-9.474083171671651,0.8231827111984283,0.41651705565529623,False,1.8283812184098978,True,361559.96906148246,504802.3649936719,,2.4088399108822807,10.702231697261693,
1388036546256933,2024,panoroma_coarse,361558.7140618083,504804.42107867356,249.01867383618352,9.474083171671651,17.876799473428807,prior,north,-9.474083171671651,0.8596491228070176,0.41114982578397213,False,1.7691368811753807,True,361560.72535287915,504802.50562369166,,2.777455590888422,5.899383477289574,
1388036546256933,2024,panoroma_fine,361558.7140618083,504804.42107867356,249.01867383618352,9.474083171671651,17.876799473428807,prior,north,-9.474083171671651,0.8596491228070176,0.41114982578397213,False,1.7691368811753807,True,361559.2426680857,504803.4707615613,,1.08744066979852,10.028217406271851,
1388036546256933,2024,panoroma_two_pass,361558.7140618083,504804.42107867356,249.01867383618352,9.474083171671651,17.876799473428807,prior,north,-9.474083171671651,0.8596491228070176,0.41114982578397213,False,1.7691368811753807,True,361559.2426680857,504803.4707615613,,1.08744066979852,10.028217406271851,
1392556546281046,2025,panoroma_coarse,361548.052834857,504835.79213500954,250.87378567541663,7.06268696714011,10.700752972659181,prior,north,-7.06268696714011,0.7050691244239631,0.41076487252124644,False,3.779996150702693,True,361549.830582904,504835.84007730684,,1.778394383246999,7.668738802609975,
1392556546281046,2025,panoroma_fine,361548.052834857,504835.79213500954,250.87378567541663,7.06268696714011,10.700752972659181,prior,north,-7.06268696714011,0.7050691244239631,0.41076487252124644,False,3.779996150702693,True,361553.60910194763,504835.94574062084,,5.558389934683328,6.325165273878662,
1392556546281046,2025,panoroma_two_pass,361548.052834857,504835.79213500954,250.87378567541663,7.06268696714011,10.700752972659181,prior,north,-7.06268696714011,0.7050691244239631,0.41076487252124644,False,3.779996150702693,True,361553.60910194763,504835.94574062084,,5.558389934683328,6.325165273878662,
1392556546281046,2024,panoroma_coarse,361548.052834857,504835.79213500954,250.87378567541663,7.06268696714011,10.700752972659181,prior,north,-7.06268696714011,0.767479674796748,0.4131994261119082,False,2.896895363565338,True,361549.1711090147,504835.6573557108,,1.126366970010246,6.220181225056378,
1392556546281046,2024,panoroma_fine,361548.052834857,504835.79213500954,250.87378567541663,7.06268696714011,10.700752972659181,prior,north,-7.06268696714011,0.767479674796748,0.4131994261119082,False,2.896895363565338,True,361551.88935625297,504836.6589218341,,3.933219523591337,5.507204223506738,
1392556546281046,2024,panoroma_two_pass,361548.052834857,504835.79213500954,250.87378567541663,7.06268696714011,10.700752972659181,prior,north,-7.06268696714011,0.767479674796748,0.4131994261119082,False,2.896895363565338,True,361551.88935625297,504836.6589218341,,3.933219523591337,5.507204223506738,
1400716081531820,2025,panoroma_coarse,361537.2392487183,504867.6496268753,251.32015210508467,3.186497801348793,25.192597472479502,prior,north,-3.186497801348793,0.5056967572304996,0.49417989417989416,False,3.0572312959151455,True,361530.84679311817,504895.6324630013,,28.703703702735233,3.959827497844831,
1400716081531820,2025,panoroma_fine,361537.2392487183,504867.6496268753,251.32015210508467,3.186497801348793,25.192597472479502,prior,north,-3.186497801348793,0.5056967572304996,0.49417989417989416,False,3.0572312959151455,True,361529.88342514896,504898.53394285694,,31.74821434407846,0.46768982344791554,
1400716081531820,2025,panoroma_two_pass,361537.2392487183,504867.6496268753,251.32015210508467,3.186497801348793,25.192597472479502,prior,north,-3.186497801348793,0.5056967572304996,0.49417989417989416,False,3.0572312959151455,True,361529.88342514896,504898.53394285694,,31.74821434407846,0.46768982344791554,
1400716081531820,2024,panoroma_coarse,361537.2392487183,504867.6496268753,251.32015210508467,3.186497801348793,25.192597472479502,prior,north,-3.186497801348793,0.7698309492847855,0.5203452527743526,False,4.342790438863444,True,361532.92413245887,504869.4110394527,,4.660772747129543,5.700089776414259,
1400716081531820,2024,panoroma_fine,361537.2392487183,504867.6496268753,251.32015210508467,3.186497801348793,25.192597472479502,prior,north,-3.186497801348793,0.7698309492847855,0.5203452527743526,False,4.342790438863444,True,361537.2609950772,504869.63786852016,,1.9883605665244488,6.7567417625394866,
1400716081531820,2024,panoroma_two_pass,361537.2392487183,504867.6496268753,251.32015210508467,3.186497801348793,25.192597472479502,prior,north,-3.186497801348793,0.7698309492847855,0.5203452527743526,False,4.342790438863444,True,361537.2609950772,504869.63786852016,,1.9883605665244488,6.7567417625394866,
1892217645152325,2025,panoroma_coarse,361527.15932734055,504899.9309961172,251.75060327783478,-9.0737365324849,21.31033776483124,prior,north,9.0737365324849,0.47809278350515466,0.3473053892215569,False,4.004588480134915,True,361525.38241985417,504904.23678211647,,4.658024612082703,20.257896734111778,
1892217645152325,2025,panoroma_fine,361527.15932734055,504899.9309961172,251.75060327783478,-9.0737365324849,21.31033776483124,prior,north,9.0737365324849,0.47809278350515466,0.3473053892215569,False,4.004588480134915,True,361529.3863399732,504904.16362081893,,4.782749954975713,0.9522531347881362,
1892217645152325,2025,panoroma_two_pass,361527.15932734055,504899.9309961172,251.75060327783478,-9.0737365324849,21.31033776483124,prior,north,9.0737365324849,0.47809278350515466,0.3473053892215569,False,4.004588480134915,True,361529.3863399732,504904.16362081893,,4.782749954975713,0.9522531347881362,
1892217645152325,2024,panoroma_coarse,361527.15932734055,504899.9309961172,251.75060327783478,-9.0737365324849,21.31033776483124,prior,north,9.0737365324849,0.5993589743589743,0.4634920634920635,False,2.663137854801317,True,361526.7314075962,504898.98207029223,,1.040949340197131,5.03426246538815,
1892217645152325,2024,panoroma_fine,361527.15932734055,504899.9309961172,251.75060327783478,-9.0737365324849,21.31033776483124,prior,north,9.0737365324849,0.5993589743589743,0.4634920634920635,False,2.663137854801317,True,361529.3360057386,504898.4267579924,,2.6458762602379413,1.9369130389161868,
1892217645152325,2024,panoroma_two_pass,361527.15932734055,504899.9309961172,251.75060327783478,-9.0737365324849,21.31033776483124,prior,north,9.0737365324849,0.5993589743589743,0.4634920634920635,False,2.663137854801317,True,361529.3360057386,504898.4267579924,,2.6458762602379413,1.9369130389161868,
845278345272909,2025,panoroma_coarse,361517.99783600273,504929.75817886833,251.94198824508135,-2.310200403180687,21.380501203604464,prior,north,2.310200403180687,0.7049689440993789,0.5332390381895332,False,2.2895674067304514,True,361521.48194985505,504931.6839633668,,3.9809163857587433,0.4806989150889721,
845278345272909,2025,panoroma_fine,361517.99783600273,504929.75817886833,251.94198824508135,-2.310200403180687,21.380501203604464,prior,north,2.310200403180687,0.7049689440993789,0.5332390381895332,False,2.2895674067304514,True,361519.33125700324,504932.4692271232,,3.0212239580647995,4.676142708488352,
845278345272909,2025,panoroma_two_pass,361517.99783600273,504929.75817886833,251.94198824508135,-2.310200403180687,21.380501203604464,prior,north,2.310200403180687,0.7049689440993789,0.5332390381895332,False,2.2895674067304514,True,361519.33125700324,504932.4692271232,,3.0212239580647995,4.676142708488352,
845278345272909,2024,panoroma_coarse,361517.99783600273,504929.75817886833,251.94198824508135,-2.310200403180687,21.380501203604464,prior,north,2.310200403180687,0.729064039408867,0.5227606461086637,False,2.857900590218523,True,361520.0731277165,504931.6790946339,,2.827853085931625,3.6489377223860235,
845278345272909,2024,panoroma_fine,361517.99783600273,504929.75817886833,251.94198824508135,-2.310200403180687,21.380501203604464,prior,north,2.310200403180687,0.729064039408867,0.5227606461086637,False,2.857900590218523,True,361518.1525744015,504933.79547615617,,4.040261546293362,2.0206365085036957,
845278345272909,2024,panoroma_two_pass,361517.99783600273,504929.75817886833,251.94198824508135,-2.310200403180687,21.380501203604464,prior,north,2.310200403180687,0.729064039408867,0.5227606461086637,False,2.857900590218523,True,361518.1525744015,504933.79547615617,,4.040261546293362,2.0206365085036957,
2612096309208434,2025,panoroma_coarse,361509.8059636109,504962.64188964665,260.82867997460966,-7.259085832096645,28.76716591413593,prior,north,7.259085832096645,0.7461832061068703,0.40874524714828897,False,3.2509954483754435,True,361516.3123748012,504962.73505062505,,6.507078111211634,7.9535896491175295,
2612096309208434,2025,panoroma_fine,361509.8059636109,504962.64188964665,260.82867997460966,-7.259085832096645,28.76716591413593,prior,north,7.259085832096645,0.7461832061068703,0.40874524714828897,False,3.2509954483754435,True,361513.29941721447,504963.9561394776,,3.732488539646998,7.976931612975469,
2612096309208434,2025,panoroma_two_pass,361509.8059636109,504962.64188964665,260.82867997460966,-7.259085832096645,28.76716591413593,prior,north,7.259085832096645,0.7461832061068703,0.40874524714828897,False,3.2509954483754435,True,361513.29941721447,504963.9561394776,,3.732488539646998,7.976931612975469,
2612096309208434,2024,panoroma_coarse,361509.8059636109,504962.64188964665,260.82867997460966,-7.259085832096645,28.76716591413593,prior,north,7.259085832096645,0.5974955277280859,0.4012738853503185,False,4.982028330118017,True,361515.13684430625,504960.2602522558,,5.83870581977846,0.6401635779163977,
2612096309208434,2024,panoroma_fine,361509.8059636109,504962.64188964665,260.82867997460966,-7.259085832096645,28.76716591413593,prior,north,7.259085832096645,0.5974955277280859,0.4012738853503185,False,4.982028330118017,True,361511.543476786,504963.71109507256,,2.0401353573987784,5.840222953938224,
2612096309208434,2024,panoroma_two_pass,361509.8059636109,504962.64188964665,260.82867997460966,-7.259085832096645,28.76716591413593,prior,north,7.259085832096645,0.5974955277280859,0.4012738853503185,False,4.982028330118017,True,361511.543476786,504963.71109507256,,2.0401353573987784,5.840222953938224,
1645304160505212,2025,panoroma_coarse,361502.2519723498,504994.43547046836,252.93062506393304,0.9030756828793471,23.126982233794703,prior,north,-0.9030756828793471,0.7212837837837838,0.46568627450980393,False,0.7918937737280947,True,361503.2239513947,504994.07064093306,,1.038192589820817,2.2868452717439745,
1645304160505212,2025,panoroma_fine,361502.2519723498,504994.43547046836,252.93062506393304,0.9030756828793471,23.126982233794703,prior,north,-0.9030756828793471,0.7212837837837838,0.46568627450980393,False,0.7918937737280947,True,361503.21150537004,504994.862436895,,1.050239947048442,3.2979674091288196,
1645304160505212,2025,panoroma_two_pass,361502.2519723498,504994.43547046836,252.93062506393304,0.9030756828793471,23.126982233794703,prior,north,-0.9030756828793471,0.7212837837837838,0.46568627450980393,False,0.7918937737280947,True,361503.21150537004,504994.862436895,,1.050239947048442,3.2979674091288196,
1645304160505212,2024,panoroma_coarse,361502.2519723498,504994.43547046836,252.93062506393304,0.9030756828793471,23.126982233794703,prior,north,-0.9030756828793471,0.722972972972973,0.48044692737430167,False,0.7781427034678119,True,361502.5797005735,504995.0028754131,,0.6552512189405364,1.0129276178457838,
1645304160505212,2024,panoroma_fine,361502.2519723498,504994.43547046836,252.93062506393304,0.9030756828793471,23.126982233794703,prior,north,-0.9030756828793471,0.722972972972973,0.48044692737430167,False,0.7781427034678119,True,361503.3252443581,504994.7800065453,,1.1272168877630715,2.82136718440463,
1645304160505212,2024,panoroma_two_pass,361502.2519723498,504994.43547046836,252.93062506393304,0.9030756828793471,23.126982233794703,prior,north,-0.9030756828793471,0.722972972972973,0.48044692737430167,False,0.7781427034678119,True,361503.3252443581,504994.7800065453,,1.1272168877630715,2.82136718440463,
1368742985247867,2025,panoroma_coarse,361492.2334559488,505028.35266217124,253.1819735066803,-1.6750923090158665,31.475862592707085,prior,north,1.6750923090158665,0.4673157162726008,0.29850746268656714,False,3.1955332492845683,True,361481.167697153,505030.5534524112,,11.282486224575472,0.7451201164151415,
1368742985247867,2025,panoroma_fine,361492.2334559488,505028.35266217124,253.1819735066803,-1.6750923090158665,31.475862592707085,prior,north,1.6750923090158665,0.4673157162726008,0.29850746268656714,False,3.1955332492845683,True,361479.8179668886,505033.4499435575,,13.42112685787665,5.197226016462251,
1368742985247867,2025,panoroma_two_pass,361492.2334559488,505028.35266217124,253.1819735066803,-1.6750923090158665,31.475862592707085,prior,north,1.6750923090158665,0.4673157162726008,0.29850746268656714,False,3.1955332492845683,True,361479.8179668886,505033.4499435575,,13.42112685787665,5.197226016462251,
1368742985247867,2024,panoroma_coarse,361492.2334559488,505028.35266217124,253.1819735066803,-1.6750923090158665,31.475862592707085,prior,north,1.6750923090158665,0.37585733882030176,0.25333333333333335,False,2.8667232698438627,True,361482.0444330962,505030.2818988384,,10.37005982670375,2.5849819483068743,
1368742985247867,2024,panoroma_fine,361492.2334559488,505028.35266217124,253.1819735066803,-1.6750923090158665,31.475862592707085,prior,north,1.6750923090158665,0.37585733882030176,0.25333333333333335,False,2.8667232698438627,True,361484.91112839483,505030.29456259124,,7.575451012921466,5.922304785525191,
1368742985247867,2024,panoroma_two_pass,361492.2334559488,505028.35266217124,253.1819735066803,-1.6750923090158665,31.475862592707085,prior,north,1.6750923090158665,0.37585733882030176,0.25333333333333335,False,2.8667232698438627,True,361484.91112839483,505030.29456259124,,7.575451012921466,5.922304785525191,
1094966510141854,2025,panoroma_coarse,361482.8214742172,505058.37402536254,250.83743577092525,-8.858758712488594,23.833040175420262,prior,north,8.858758712488594,0.8342151675485009,0.3193384223918575,False,4.239586759540165,True,361481.7151881849,505049.97980975924,,8.466801307457336,10.90810450373128,
1094966510141854,2025,panoroma_fine,361482.8214742172,505058.37402536254,250.83743577092525,-8.858758712488594,23.833040175420262,prior,north,8.858758712488594,0.8342151675485009,0.3193384223918575,False,4.239586759540165,True,361482.8551808453,505054.06325348065,,4.310903658689447,8.210701388259238,
1094966510141854,2025,panoroma_two_pass,361482.8214742172,505058.37402536254,250.83743577092525,-8.858758712488594,23.833040175420262,prior,north,8.858758712488594,0.8342151675485009,0.3193384223918575,False,4.239586759540165,True,361482.8551808453,505054.06325348065,,4.310903658689447,8.210701388259238,
1094966510141854,2024,panoroma_coarse,361482.8214742172,505058.37402536254,250.83743577092525,-8.858758712488594,23.833040175420262,prior,north,8.858758712488594,0.8380782918149466,0.47714285714285715,False,3.9618046967913196,True,361481.70829864626,505049.96965578553,,8.477770216203275,10.369971623078325,
1094966510141854,2024,panoroma_fine,361482.8214742172,505058.37402536254,250.83743577092525,-8.858758712488594,23.833040175420262,prior,north,8.858758712488594,0.8380782918149466,0.47714285714285715,False,3.9618046967913196,True,361483.38646643946,505053.55847861664,,4.848577799018637,6.169892798190734,
1094966510141854,2024,panoroma_two_pass,361482.8214742172,505058.37402536254,250.83743577092525,-8.858758712488594,23.833040175420262,prior,north,8.858758712488594,0.8380782918149466,0.47714285714285715,False,3.9618046967913196,True,361483.38646643946,505053.55847861664,,4.848577799018637,6.169892798190734,
1576088213452988,2025,panoroma_coarse,361471.7362748644,505091.2981349118,251.55647181361104,3.049221332387475,18.721075740382243,prior,north,-3.049221332387475,0.683291770573566,0.33753148614609574,False,3.574737994442149,True,361473.34471680137,505087.97328873095,,3.6934655258858764,1.5998881730105385,
1576088213452988,2025,panoroma_fine,361471.7362748644,505091.2981349118,251.55647181361104,3.049221332387475,18.721075740382243,prior,north,-3.049221332387475,0.683291770573566,0.33753148614609574,False,3.574737994442149,True,361475.81737043074,505085.3916737794,,7.179249552013398,6.940753525040549,
1576088213452988,2025,panoroma_two_pass,361471.7362748644,505091.2981349118,251.55647181361104,3.049221332387475,18.721075740382243,prior,north,-3.049221332387475,0.683291770573566,0.33753148614609574,False,3.574737994442149,True,361475.81737043074,505085.3916737794,,7.179249552013398,6.940753525040549,
1576088213452988,2024,panoroma_coarse,361471.7362748644,505091.2981349118,251.55647181361104,3.049221332387475,18.721075740382243,prior,north,-3.049221332387475,0.8010291595197255,0.3783783783783784,False,0.9301782807301818,True,361473.437527465,505087.29565235245,,4.3490374853476,3.241371310038489,
1576088213452988,2024,panoroma_fine,361471.7362748644,505091.2981349118,251.55647181361104,3.049221332387475,18.721075740382243,prior,north,-3.049221332387475,0.8010291595197255,0.3783783783783784,False,0.9301782807301818,True,361472.6786776836,505087.83359160845,,3.5904294136534416,11.525968683198343,
1576088213452988,2024,panoroma_two_pass,361471.7362748644,505091.2981349118,251.55647181361104,3.049221332387475,18.721075740382243,prior,north,-3.049221332387475,0.8010291595197255,0.3783783783783784,False,0.9301782807301818,True,361472.6786776836,505087.83359160845,,3.5904294136534416,11.525968683198343,
2326419104828349,2025,panoroma_coarse,361463.87377641036,505123.49797958974,285.5099973265701,1.0527138412930412,26.68045424726671,prior,north,-1.0527138412930412,0.7602339181286549,0.4089285714285714,False,2.6244743299405844,True,361462.56109714543,505126.2843051919,,3.0800547420098376,2.264388516608575,
2326419104828349,2025,panoroma_fine,361463.87377641036,505123.49797958974,285.5099973265701,1.0527138412930412,26.68045424726671,prior,north,-1.0527138412930412,0.7602339181286549,0.4089285714285714,False,2.6244743299405844,True,361465.01870783087,505127.2051826143,,3.8799770905515505,1.1283707327010981,
2326419104828349,2025,panoroma_two_pass,361463.87377641036,505123.49797958974,285.5099973265701,1.0527138412930412,26.68045424726671,prior,north,-1.0527138412930412,0.7602339181286549,0.4089285714285714,False,2.6244743299405844,True,361465.01870783087,505127.2051826143,,3.8799770905515505,1.1283707327010981,
2326419104828349,2024,panoroma_coarse,361463.87377641036,505123.49797958974,285.5099973265701,1.0527138412930412,26.68045424726671,prior,north,-1.0527138412930412,0.8169291338582677,0.3628158844765343,False,2.9057758406494862,True,361462.05317601573,505126.79481560533,,3.76612712353492,0.48743147993055147,
2326419104828349,2024,panoroma_fine,361463.87377641036,505123.49797958974,285.5099973265701,1.0527138412930412,26.68045424726671,prior,north,-1.0527138412930412,0.8169291338582677,0.3628158844765343,False,2.9057758406494862,True,361464.6470124328,505128.1046040912,,4.671068747505171,1.4492772464195578,
2326419104828349,2024,panoroma_two_pass,361463.87377641036,505123.49797958974,285.5099973265701,1.0527138412930412,26.68045424726671,prior,north,-1.0527138412930412,0.8169291338582677,0.3628158844765343,False,2.9057758406494862,True,361464.6470124328,505128.1046040912,,4.671068747505171,1.4492772464195578,
1611154070401669,2025,panoroma_coarse,361493.0522768595,505138.26740477607,322.2927948363659,5.1298490002480435,7.129906097234458,prior,north,-5.1298490002480435,0.7549019607843137,0.3929712460063898,False,2.585321803444236,True,361491.1149125781,505138.833663946,,2.0184226035637995,5.890171846298431,
1611154070401669,2025,panoroma_fine,361493.0522768595,505138.26740477607,322.2927948363659,5.1298490002480435,7.129906097234458,prior,north,-5.1298490002480435,0.7549019607843137,0.3929712460063898,False,2.585321803444236,True,361492.12460177066,505141.2136674254,,3.088858149749786,8.01787749231395,
1611154070401669,2025,panoroma_two_pass,361493.0522768595,505138.26740477607,322.2927948363659,5.1298490002480435,7.129906097234458,prior,north,-5.1298490002480435,0.7549019607843137,0.3929712460063898,False,2.585321803444236,True,361492.12460177066,505141.2136674254,,3.088858149749786,8.01787749231395,
1611154070401669,2024,panoroma_coarse,361493.0522768595,505138.26740477607,322.2927948363659,5.1298490002480435,7.129906097234458,prior,north,-5.1298490002480435,0.7641996557659209,0.45304777594728174,False,2.618048379303584,True,361493.93213108316,505136.69100221957,,1.8053222634713517,6.340853579180942,
1611154070401669,2024,panoroma_fine,361493.0522768595,505138.26740477607,322.2927948363659,5.1298490002480435,7.129906097234458,prior,north,-5.1298490002480435,0.7641996557659209,0.45304777594728174,False,2.618048379303584,True,361493.3623180438,505139.24628897774,,1.0268105064765771,4.908061365633378,
1611154070401669,2024,panoroma_two_pass,361493.0522768595,505138.26740477607,322.2927948363659,5.1298490002480435,7.129906097234458,prior,north,-5.1298490002480435,0.7641996557659209,0.45304777594728174,False,2.618048379303584,True,361493.3623180438,505139.24628897774,,1.0268105064765771,4.908061365633378,
2044825309733264,2025,panoroma_coarse,361517.82771305204,505160.52887198236,318.5141274465706,2.600160673080495,13.149040600903362,prior,north,-2.600160673080495,0.8129139072847682,0.5482866043613707,False,3.1077741099614933,True,361519.439278171,505163.7542933531,,3.6056185532561793,1.806447118026706,
2044825309733264,2025,panoroma_fine,361517.82771305204,505160.52887198236,318.5141274465706,2.600160673080495,13.149040600903362,prior,north,-2.600160673080495,0.8129139072847682,0.5482866043613707,False,3.1077741099614933,True,361516.8445175182,505162.0438907476,,1.8060884022682941,0.9102895530458066,
2044825309733264,2025,panoroma_two_pass,361517.82771305204,505160.52887198236,318.5141274465706,2.600160673080495,13.149040600903362,prior,north,-2.600160673080495,0.8129139072847682,0.5482866043613707,False,3.1077741099614933,True,361516.8445175182,505162.0438907476,,1.8060884022682941,0.9102895530458066,
2044825309733264,2024,panoroma_coarse,361517.82771305204,505160.52887198236,318.5141274465706,2.600160673080495,13.149040600903362,prior,north,-2.600160673080495,0.8358458961474037,0.5185758513931888,False,0.75044635430213,True,361519.1815914572,505163.89074327133,,3.6242468596423705,1.1687766252777871,
2044825309733264,2024,panoroma_fine,361517.82771305204,505160.52887198236,318.5141274465706,2.600160673080495,13.149040600903362,prior,north,-2.600160673080495,0.8358458961474037,0.5185758513931888,False,0.75044635430213,True,361518.5551746721,505163.4774978938,,3.0370372362292737,0.6914776090206212,
2044825309733264,2024,panoroma_two_pass,361517.82771305204,505160.52887198236,318.5141274465706,2.600160673080495,13.149040600903362,prior,north,-2.600160673080495,0.8358458961474037,0.5185758513931888,False,0.75044635430213,True,361518.5551746721,505163.4774978938,,3.0370372362292737,0.6914776090206212,
1353979803178810,2025,panoroma_coarse,361530.3587487028,505170.9117681952,148.200596317521,2.817757957417797,19.879731431761236,prior,north,-2.817757957417797,0.6966824644549763,0.40540540540540543,False,3.5837116291882816,True,361528.5491540428,505172.1534429317,,2.1946272997413394,5.176313500260169,
1353979803178810,2025,panoroma_fine,361530.3587487028,505170.9117681952,148.200596317521,2.817757957417797,19.879731431761236,prior,north,-2.817757957417797,0.6966824644549763,0.40540540540540543,False,3.5837116291882816,True,361525.7180058471,505174.35062042467,,5.776001983069772,2.916617339022452,
1353979803178810,2025,panoroma_two_pass,361530.3587487028,505170.9117681952,148.200596317521,2.817757957417797,19.879731431761236,prior,north,-2.817757957417797,0.6966824644549763,0.40540540540540543,False,3.5837116291882816,True,361525.7180058471,505174.35062042467,,5.776001983069772,2.916617339022452,
1353979803178810,2024,panoroma_coarse,361530.3587487028,505170.9117681952,148.200596317521,2.817757957417797,19.879731431761236,prior,north,-2.817757957417797,0.7663865546218488,0.4233687405159332,False,1.9023284491542076,True,361528.6424190306,505172.4832427342,,2.3270839629019573,5.059994057756881,
1353979803178810,2024,panoroma_fine,361530.3587487028,505170.9117681952,148.200596317521,2.817757957417797,19.879731431761236,prior,north,-2.817757957417797,0.7663865546218488,0.4233687405159332,False,1.9023284491542076,True,361527.0337586953,505173.4986566666,,4.212784175978927,3.7329557116543026,
1353979803178810,2024,panoroma_two_pass,361530.3587487028,505170.9117681952,148.200596317521,2.817757957417797,19.879731431761236,prior,north,-2.817757957417797,0.7663865546218488,0.4233687405159332,False,1.9023284491542076,True,361527.0337586953,505173.4986566666,,4.212784175978927,3.7329557116543026,
1112299907902984,2025,panoroma_coarse,361505.03398144763,505148.4196676966,135.10897763472872,3.930005124713489,10.34373706356613,prior,north,-3.930005124713489,0.687402799377916,0.4142194744976816,False,3.542059944154305,True,361501.8644635124,505147.20866223413,,3.3929895626097095,7.5314324605414456,
1112299907902984,2025,panoroma_fine,361505.03398144763,505148.4196676966,135.10897763472872,3.930005124713489,10.34373706356613,prior,north,-3.930005124713489,0.687402799377916,0.4142194744976816,False,3.542059944154305,True,361505.01232314965,505148.8325983019,,0.4134982063549307,7.698572593008575,
1112299907902984,2025,panoroma_two_pass,361505.03398144763,505148.4196676966,135.10897763472872,3.930005124713489,10.34373706356613,prior,north,-3.930005124713489,0.687402799377916,0.4142194744976816,False,3.542059944154305,True,361505.01232314965,505148.8325983019,,0.4134982063549307,7.698572593008575,
1112299907902984,2024,panoroma_coarse,361505.03398144763,505148.4196676966,135.10897763472872,3.930005124713489,10.34373706356613,prior,north,-3.930005124713489,0.6463223787167449,0.4243243243243243,False,3.964705036683337,True,361506.9246604404,505153.1713498983,,5.114015134865499,10.013241067530636,
1112299907902984,2024,panoroma_fine,361505.03398144763,505148.4196676966,135.10897763472872,3.930005124713489,10.34373706356613,prior,north,-3.930005124713489,0.6463223787167449,0.4243243243243243,False,3.964705036683337,True,361504.61872421857,505149.9462073946,,1.582012015090239,0.21941396396491084,
1112299907902984,2024,panoroma_two_pass,361505.03398144763,505148.4196676966,135.10897763472872,3.930005124713489,10.34373706356613,prior,north,-3.930005124713489,0.6463223787167449,0.4243243243243243,False,3.964705036683337,True,361504.61872421857,505149.9462073946,,1.582012015090239,0.21941396396491084,
1099992155940572,2025,panoroma_coarse,361476.9349046636,505130.8601407418,162.9595274769371,8.887178876421416,20.092687879152262,prior,north,-8.887178876421416,0.801358234295416,0.3930942895086321,False,2.669504099184098,True,361478.2269534865,505130.7952717795,,1.2936762126048522,11.408494598670009,
1099992155940572,2025,panoroma_fine,361476.9349046636,505130.8601407418,162.9595274769371,8.887178876421416,20.092687879152262,prior,north,-8.887178876421416,0.801358234295416,0.3930942895086321,False,2.669504099184098,True,361475.6314152485,505131.4193177637,,1.4183665242384622,4.376524127440453,
1099992155940572,2025,panoroma_two_pass,361476.9349046636,505130.8601407418,162.9595274769371,8.887178876421416,20.092687879152262,prior,north,-8.887178876421416,0.801358234295416,0.3930942895086321,False,2.669504099184098,True,361475.6314152485,505131.4193177637,,1.4183665242384622,4.376524127440453,
1099992155940572,2024,panoroma_coarse,361476.9349046636,505130.8601407418,162.9595274769371,8.887178876421416,20.092687879152262,prior,north,-8.887178876421416,0.7545909849749582,0.5203389830508475,False,1.8448578700999212,True,361477.6806599979,505131.24601513543,,0.8396725947266329,8.796064408443392,
1099992155940572,2024,panoroma_fine,361476.9349046636,505130.8601407418,162.9595274769371,8.887178876421416,20.092687879152262,prior,north,-8.887178876421416,0.7545909849749582,0.5203389830508475,False,1.8448578700999212,True,361477.3299349715,505133.0572281314,,2.2323176166683694,12.023146640011912,
1099992155940572,2024,panoroma_two_pass,361476.9349046636,505130.8601407418,162.9595274769371,8.887178876421416,20.092687879152262,prior,north,-8.887178876421416,0.7545909849749582,0.5203389830508475,False,1.8448578700999212,True,361477.3299349715,505133.0572281314,,2.2323176166683694,12.023146640011912,
2090069028562856,2025,panoroma_coarse,361462.71241398016,505108.46205451246,77.33940240615863,-3.947619285778174,7.219451698844917,prior,north,3.94761928577816,0.7592190889370932,0.4504310344827586,False,3.3891149215763865,True,361460.63977517345,505107.941937052,,2.1369028512696384,4.258525180165277,
2090069028562856,2025,panoroma_fine,361462.71241398016,505108.46205451246,77.33940240615863,-3.947619285778174,7.219451698844917,prior,north,3.94761928577816,0.7592190889370932,0.4504310344827586,False,3.3891149215763865,True,361464.0080146634,505108.3175201853,,1.3036377189125974,6.900075065044348,
2090069028562856,2025,panoroma_two_pass,361462.71241398016,505108.46205451246,77.33940240615863,-3.947619285778174,7.219451698844917,prior,north,3.94761928577816,0.7592190889370932,0.4504310344827586,False,3.3891149215763865,True,361464.0080146634,505108.3175201853,,1.3036377189125974,6.900075065044348,
2090069028562856,2024,panoroma_coarse,361462.71241398016,505108.46205451246,77.33940240615863,-3.947619285778174,7.219451698844917,prior,north,3.94761928577816,0.7103004291845494,0.42548596112311016,False,2.350060569629583,True,361460.1823561746,505108.1292827745,,2.55184825742204,6.135173541197889,
2090069028562856,2024,panoroma_fine,361462.71241398016,505108.46205451246,77.33940240615863,-3.947619285778174,7.219451698844917,prior,north,3.94761928577816,0.7103004291845494,0.42548596112311016,False,2.350060569629583,True,361461.67744901474,505109.9424242694,,1.8062799054648044,1.4017761760676337,
2090069028562856,2024,panoroma_two_pass,361462.71241398016,505108.46205451246,77.33940240615863,-3.947619285778174,7.219451698844917,prior,north,3.94761928577816,0.7103004291845494,0.42548596112311016,False,2.350060569629583,True,361461.67744901474,505109.9424242694,,1.8062799054648044,1.4017761760676337,
28071381109150220,2025,panoroma_coarse,361468.2257658363,505078.0853922805,76.58461707839409,8.123714022458287,23.939479890668725,prior,north,-8.123714022458273,0.47780678851174935,0.4311475409836066,False,3.1929275714072087,True,361465.06165344286,505084.39860405604,,7.061745546355176,3.4542797948773436,
28071381109150220,2025,panoroma_fine,361468.2257658363,505078.0853922805,76.58461707839409,8.123714022458287,23.939479890668725,prior,north,-8.123714022458273,0.47780678851174935,0.4311475409836066,False,3.1929275714072087,True,361465.1857242289,505081.2080879667,,4.358105244662134,1.7721071766989238,
28071381109150220,2025,panoroma_two_pass,361468.2257658363,505078.0853922805,76.58461707839409,8.123714022458287,23.939479890668725,prior,north,-8.123714022458273,0.47780678851174935,0.4311475409836066,False,3.1929275714072087,True,361465.1857242289,505081.2080879667,,4.358105244662134,1.7721071766989238,
28071381109150220,2024,panoroma_coarse,361468.2257658363,505078.0853922805,76.58461707839409,8.123714022458287,23.939479890668725,prior,north,-8.123714022458273,0.779467680608365,0.2670157068062827,False,2.8076011180214193,True,361466.74617247755,505082.2849075175,,4.45254137916101,1.9590268472944963,
28071381109150220,2024,panoroma_fine,361468.2257658363,505078.0853922805,76.58461707839409,8.123714022458287,23.939479890668725,prior,north,-8.123714022458273,0.779467680608365,0.2670157068062827,False,2.8076011180214193,True,361464.8570715152,505084.3619057341,,7.123392630121358,9.718844427992018,
28071381109150220,2024,panoroma_two_pass,361468.2257658363,505078.0853922805,76.58461707839409,8.123714022458287,23.939479890668725,prior,north,-8.123714022458273,0.779467680608365,0.2670157068062827,False,2.8076011180214193,True,361464.8570715152,505084.3619057341,,7.123392630121358,9.718844427992018,
1120045207649869,2025,panoroma_coarse,361477.51365528506,505045.06929584127,72.0560999263658,7.635560614031732,15.767017748521466,prior,north,-7.635560614031732,0.710691823899371,0.4607218683651805,False,0.900967264274334,True,361476.92043998186,505045.11360438407,,0.5948677524634007,5.30062162054524,
1120045207649869,2025,panoroma_fine,361477.51365528506,505045.06929584127,72.0560999263658,7.635560614031732,15.767017748521466,prior,north,-7.635560614031732,0.710691823899371,0.4607218683651805,False,0.900967264274334,True,361477.8020693758,505045.2992697363,,0.36887759505308987,5.822001183925669,
1120045207649869,2025,panoroma_two_pass,361477.51365528506,505045.06929584127,72.0560999263658,7.635560614031732,15.767017748521466,prior,north,-7.635560614031732,0.710691823899371,0.4607218683651805,False,0.900967264274334,True,361477.8020693758,505045.2992697363,,0.36887759505308987,5.822001183925669,
1120045207649869,2024,panoroma_coarse,361477.51365528506,505045.06929584127,72.0560999263658,7.635560614031732,15.767017748521466,prior,north,-7.635560614031732,0.6953781512605042,0.4389233954451346,False,1.647339868579741,True,361476.59895876696,505044.48763091955,,1.083975922876993,4.708199025488955,
1120045207649869,2024,panoroma_fine,361477.51365528506,505045.06929584127,72.0560999263658,7.635560614031732,15.767017748521466,prior,north,-7.635560614031732,0.6953781512605042,0.4389233954451346,False,1.647339868579741,True,361477.7173387971,505045.6971575835,,0.6600737386286447,4.826980383602626,
1120045207649869,2024,panoroma_two_pass,361477.51365528506,505045.06929584127,72.0560999263658,7.635560614031732,15.767017748521466,prior,north,-7.635560614031732,0.6953781512605042,0.4389233954451346,False,1.647339868579741,True,361477.7173387971,505045.6971575835,,0.6600737386286447,4.826980383602626,
2176435617086201,2025,panoroma_coarse,361465.31389726076,505019.4838384604,159.3120439262325,-1.7980828454648474,13.909927120831163,prior,north,1.7980828454648474,0.662751677852349,0.3546218487394958,False,0.6147697652446152,True,361464.4530146472,505020.7506606533,,1.5316518346933052,0.654467417814598,
2176435617086201,2025,panoroma_fine,361465.31389726076,505019.4838384604,159.3120439262325,-1.7980828454648474,13.909927120831163,prior,north,1.7980828454648474,0.662751677852349,0.3546218487394958,False,0.6147697652446152,True,361464.86738630396,505021.2047949884,,1.7779379645329412,10.61144389424326,
2176435617086201,2025,panoroma_two_pass,361465.31389726076,505019.4838384604,159.3120439262325,-1.7980828454648474,13.909927120831163,prior,north,1.7980828454648474,0.662751677852349,0.3546218487394958,False,0.6147697652446152,True,361464.86738630396,505021.2047949884,,1.7779379645329412,10.61144389424326,
2176435617086201,2024,panoroma_coarse,361465.31389726076,505019.4838384604,159.3120439262325,-1.7980828454648474,13.909927120831163,prior,north,1.7980828454648474,0.6759868421052632,0.3811965811965812,False,2.3841027703294664,True,361465.4771173868,505020.014738429,,0.555423789724047,0.005268732397690859,
2176435617086201,2024,panoroma_fine,361465.31389726076,505019.4838384604,159.3120439262325,-1.7980828454648474,13.909927120831163,prior,north,1.7980828454648474,0.6759868421052632,0.3811965811965812,False,2.3841027703294664,True,361463.3682611942,505021.1267957919,,2.546528715050602,5.477939436474194,
2176435617086201,2024,panoroma_two_pass,361465.31389726076,505019.4838384604,159.3120439262325,-1.7980828454648474,13.909927120831163,prior,north,1.7980828454648474,0.6759868421052632,0.3811965811965812,False,2.3841027703294664,True,361463.3682611942,505021.1267957919,,2.546528715050602,5.477939436474194,
1476656934564153,2025,panoroma_coarse,361435.5440886696,505009.21059400775,161.60204431611461,5.457368974822998,11.639224023998057,prior,north,-5.457368974822998,0.48748510131108463,0.36265223274695535,False,2.595554944769791,True,361436.8186133616,505010.2049208402,,1.616508286520231,2.0984899293621506,
1476656934564153,2025,panoroma_fine,361435.5440886696,505009.21059400775,161.60204431611461,5.457368974822998,11.639224023998057,prior,north,-5.457368974822998,0.48748510131108463,0.36265223274695535,False,2.595554944769791,True,361434.3936075225,505011.130259779,,2.238017770962958,2.45136358965804,
1476656934564153,2025,panoroma_two_pass,361435.5440886696,505009.21059400775,161.60204431611461,5.457368974822998,11.639224023998057,prior,north,-5.457368974822998,0.48748510131108463,0.36265223274695535,False,2.595554944769791,True,361434.3936075225,505011.130259779,,2.238017770962958,2.45136358965804,
1476656934564153,2024,panoroma_coarse,361435.5440886696,505009.21059400775,161.60204431611461,5.457368974822998,11.639224023998057,prior,north,-5.457368974822998,0.55359565807327,0.3450520833333333,False,1.458171607687331,True,361437.1325729802,505011.0255397716,,2.4119101415164965,6.578979843747247,
1476656934564153,2024,panoroma_fine,361435.5440886696,505009.21059400775,161.60204431611461,5.457368974822998,11.639224023998057,prior,north,-5.457368974822998,0.55359565807327,0.3450520833333333,False,1.458171607687331,True,361438.3546287108,505011.82105484296,,3.8358364270816696,2.1962376102520564,
1476656934564153,2024,panoroma_two_pass,361435.5440886696,505009.21059400775,161.60204431611461,5.457368974822998,11.639224023998057,prior,north,-5.457368974822998,0.55359565807327,0.3450520833333333,False,1.458171607687331,True,361438.3546287108,505011.82105484296,,3.8358364270816696,2.1962376102520564,
1555312799214362,2025,panoroma_coarse,361402.0505830572,504999.5467164507,164.80215097186715,-0.36491725174775524,20.2364739076955,prior,north,0.36491725174775524,0.47988774555659497,0.24717832957110608,False,1.24209556320232,True,361417.4616274299,505005.242881968,,16.430051438018875,1.8354138779150408,
1555312799214362,2025,panoroma_fine,361402.0505830572,504999.5467164507,164.80215097186715,-0.36491725174775524,20.2364739076955,prior,north,0.36491725174775524,0.47988774555659497,0.24717832957110608,False,1.24209556320232,True,361417.8650383043,505006.4176419667,,17.242581367309864,0.25276753673113067,
1555312799214362,2025,panoroma_two_pass,361402.0505830572,504999.5467164507,164.80215097186715,-0.36491725174775524,20.2364739076955,prior,north,0.36491725174775524,0.47988774555659497,0.24717832957110608,False,1.24209556320232,True,361417.8650383043,505006.4176419667,,17.242581367309864,0.25276753673113067,
1555312799214362,2024,panoroma_coarse,361402.0505830572,504999.5467164507,164.80215097186715,-0.36491725174775524,20.2364739076955,prior,north,0.36491725174775524,0.5547667342799188,0.35173299101412064,False,3.6193195830934517,True,361411.230476017,505001.3519950076,,9.355718327355834,9.664117439524977,
1555312799214362,2024,panoroma_fine,361402.0505830572,504999.5467164507,164.80215097186715,-0.36491725174775524,20.2364739076955,prior,north,0.36491725174775524,0.5547667342799188,0.35173299101412064,False,3.6193195830934517,True,361414.66767263424,505002.4856411866,,12.954853453346376,5.863401224357986,
1555312799214362,2024,panoroma_two_pass,361402.0505830572,504999.5467164507,164.80215097186715,-0.36491725174775524,20.2364739076955,prior,north,0.36491725174775524,0.5547667342799188,0.35173299101412064,False,3.6193195830934517,True,361414.66767263424,505002.4856411866,,12.954853453346376,5.863401224357986,
1626801685484071,2025,panoroma_coarse,361370.61223184236,504993.5602959525,175.96341037533338,-2.573595983101029,14.41569047560796,prior,north,2.573595983101029,0.472,0.44461077844311375,False,2.193597674733225,True,361369.5105610372,504992.15482249414,,1.7857867187882401,18.68728068363396,
1626801685484071,2025,panoroma_fine,361370.61223184236,504993.5602959525,175.96341037533338,-2.573595983101029,14.41569047560796,prior,north,2.573595983101029,0.472,0.44461077844311375,False,2.193597674733225,True,361369.3522013689,504994.3426965705,,1.483181553666053,1.8255110644166885,
1626801685484071,2025,panoroma_two_pass,361370.61223184236,504993.5602959525,175.96341037533338,-2.573595983101029,14.41569047560796,prior,north,2.573595983101029,0.472,0.44461077844311375,False,2.193597674733225,True,361369.3522013689,504994.3426965705,,1.483181553666053,1.8255110644166885,
1626801685484071,2024,panoroma_coarse,361370.61223184236,504993.5602959525,175.96341037533338,-2.573595983101029,14.41569047560796,prior,north,2.573595983101029,0.5430232558139535,0.3202170963364993,False,3.2738991541417493,True,361372.69570266944,504993.87988006463,,2.107838867668021,7.216140570518523,
1626801685484071,2024,panoroma_fine,361370.61223184236,504993.5602959525,175.96341037533338,-2.573595983101029,14.41569047560796,prior,north,2.573595983101029,0.5430232558139535,0.3202170963364993,False,3.2738991541417493,True,361369.4887767644,504993.2210614924,,1.1735549970262824,9.715392528092078,
1626801685484071,2024,panoroma_two_pass,361370.61223184236,504993.5602959525,175.96341037533338,-2.573595983101029,14.41569047560796,prior,north,2.573595983101029,0.5430232558139535,0.3202170963364993,False,3.2738991541417493,True,361369.4887767644,504993.2210614924,,1.1735549970262824,9.715392528092078,
1613966733737828,2025,panoroma_coarse,361336.7890929675,504998.1562380204,197.05928498559814,2.207815164005268,26.72184568245672,prior,north,-2.207815164005268,0.7408906882591093,0.45986124876114964,False,3.7144283253006285,True,361329.3671165665,504999.5412347775,,7.550096006953336,1.5370464878127448,
1613966733737828,2025,panoroma_fine,361336.7890929675,504998.1562380204,197.05928498559814,2.207815164005268,26.72184568245672,prior,north,-2.207815164005268,0.7408906882591093,0.45986124876114964,False,3.7144283253006285,True,361326.22855678876,505001.5277946948,,11.085680799650445,0.9870044340032763,
1613966733737828,2025,panoroma_two_pass,361336.7890929675,504998.1562380204,197.05928498559814,2.207815164005268,26.72184568245672,prior,north,-2.207815164005268,0.7408906882591093,0.45986124876114964,False,3.7144283253006285,True,361326.22855678876,505001.5277946948,,11.085680799650445,0.9870044340032763,
1613966733737828,2024,panoroma_coarse,361336.7890929675,504998.1562380204,197.05928498559814,2.207815164005268,26.72184568245672,prior,north,-2.207815164005268,0.7588046958377801,0.42782426778242677,False,0.7423856265436434,True,361334.4632623373,504997.99203387176,,2.331619849549134,3.5196511816412275,
1613966733737828,2024,panoroma_fine,361336.7890929675,504998.1562380204,197.05928498559814,2.207815164005268,26.72184568245672,prior,north,-2.207815164005268,0.7588046958377801,0.42782426778242677,False,0.7423856265436434,True,361334.92800334253,504998.57095719705,,1.9067371574822232,9.726815452116364,
1613966733737828,2024,panoroma_two_pass,361336.7890929675,504998.1562380204,197.05928498559814,2.207815164005268,26.72184568245672,prior,north,-2.207815164005268,0.7588046958377801,0.42782426778242677,False,0.7423856265436434,True,361334.92800334253,504998.57095719705,,1.9067371574822232,9.726815452116364,
1597169132134158,2025,panoroma_coarse,361306.71443197003,505011.736835639,207.23425306814022,-8.225999577309977,16.617344621785456,prior,north,8.225999577309977,0.564958283671037,0.48582995951417,False,3.3656353982229517,True,361317.303993187,505005.8772530118,,12.10262431591699,1.3788891619207153,
1597169132134158,2025,panoroma_fine,361306.71443197003,505011.736835639,207.23425306814022,-8.225999577309977,16.617344621785456,prior,north,8.225999577309977,0.564958283671037,0.48582995951417,False,3.3656353982229517,True,361314.096136603,505006.8956624433,,8.82759996821066,1.1248202164928836,
1597169132134158,2025,panoroma_two_pass,361306.71443197003,505011.736835639,207.23425306814022,-8.225999577309977,16.617344621785456,prior,north,8.225999577309977,0.564958283671037,0.48582995951417,False,3.3656353982229517,True,361314.096136603,505006.8956624433,,8.82759996821066,1.1248202164928836,
1597169132134158,2024,panoroma_coarse,361306.71443197003,505011.736835639,207.23425306814022,-8.225999577309977,16.617344621785456,prior,north,8.225999577309977,0.42353951890034364,0.44163150492264414,False,1.8512667470619129,True,361337.116146842,504997.45824146725,,33.587832896436844,11.268844254599733,
1597169132134158,2024,panoroma_fine,361306.71443197003,505011.736835639,207.23425306814022,-8.225999577309977,16.617344621785456,prior,north,8.225999577309977,0.42353951890034364,0.44163150492264414,False,1.8512667470619129,True,361335.2796359498,504997.22496842645,,32.04005568661125,8.28254806380164,
1597169132134158,2024,panoroma_two_pass,361306.71443197003,505011.736835639,207.23425306814022,-8.225999577309977,16.617344621785456,prior,north,8.225999577309977,0.42353951890034364,0.44163150492264414,False,1.8512667470619129,True,361335.2796359498,504997.22496842645,,32.04005568661125,8.28254806380164,
1402659124563537,2025,panoroma_coarse,361277.040160692,505027.92995291576,208.03905708647943,8.65965665409513,8.855698734088296,prior,north,-8.65965665409513,0.6488888888888888,0.48951048951048953,False,2.7023920143528213,True,361281.28087208496,505025.94829290686,,4.680877002140127,9.513875885438484,
1402659124563537,2025,panoroma_fine,361277.040160692,505027.92995291576,208.03905708647943,8.65965665409513,8.855698734088296,prior,north,-8.65965665409513,0.6488888888888888,0.48951048951048953,False,2.7023920143528213,True,361279.5166661639,505027.9953640018,,2.4773691615523843,1.7503303989147099,
1402659124563537,2025,panoroma_two_pass,361277.040160692,505027.92995291576,208.03905708647943,8.65965665409513,8.855698734088296,prior,north,-8.65965665409513,0.6488888888888888,0.48951048951048953,False,2.7023920143528213,True,361279.5166661639,505027.9953640018,,2.4773691615523843,1.7503303989147099,
1402659124563537,2024,panoroma_coarse,361277.040160692,505027.92995291576,208.03905708647943,8.65965665409513,8.855698734088296,prior,north,-8.65965665409513,0.6924198250728864,0.47368421052631576,False,3.4725783676083353,True,361278.7384383616,505025.50478463055,,2.960673615016758,1.581393229542428,
1402659124563537,2024,panoroma_fine,361277.040160692,505027.92995291576,208.03905708647943,8.65965665409513,8.855698734088296,prior,north,-8.65965665409513,0.6924198250728864,0.47368421052631576,False,3.4725783676083353,True,361275.8519893908,505027.4353837236,,1.286992512360329,9.656148390664804,
1402659124563537,2024,panoroma_two_pass,361277.040160692,505027.92995291576,208.03905708647943,8.65965665409513,8.855698734088296,prior,north,-8.65965665409513,0.6924198250728864,0.47368421052631576,False,3.4725783676083353,True,361275.8519893908,505027.4353837236,,1.286992512360329,9.656148390664804,
1791234278691271,2025,panoroma_coarse,361248.69493693695,505043.69381941203,209.6648863003122,1.7435768371426832,16.24948713467383,prior,north,-1.7435768371426832,0.8014571948998178,0.4921190893169877,False,0.9342946069794634,True,361248.35667940974,505040.5772484565,,3.1348736299398348,3.850147047018634,
1791234278691271,2025,panoroma_fine,361248.69493693695,505043.69381941203,209.6648863003122,1.7435768371426832,16.24948713467383,prior,north,-1.7435768371426832,0.8014571948998178,0.4921190893169877,False,0.9342946069794634,True,361248.92856291035,505041.3160689179,,2.389200390860343,4.440550848089324,
1791234278691271,2025,panoroma_two_pass,361248.69493693695,505043.69381941203,209.6648863003122,1.7435768371426832,16.24948713467383,prior,north,-1.7435768371426832,0.8014571948998178,0.4921190893169877,False,0.9342946069794634,True,361248.92856291035,505041.3160689179,,2.389200390860343,4.440550848089324,
1791234278691271,2024,panoroma_coarse,361248.69493693695,505043.69381941203,209.6648863003122,1.7435768371426832,16.24948713467383,prior,north,-1.7435768371426832,0.8368421052631579,0.44122383252818037,False,1.7559298646395667,True,361247.33416629006,505041.8267405682,,2.3103420011913944,0.5290948967062215,
1791234278691271,2024,panoroma_fine,361248.69493693695,505043.69381941203,209.6648863003122,1.7435768371426832,16.24948713467383,prior,north,-1.7435768371426832,0.8368421052631579,0.44122383252818037,False,1.7559298646395667,True,361245.69699090277,505042.46152119245,,3.241332955106657,5.6326367112532925,
1791234278691271,2024,panoroma_two_pass,361248.69493693695,505043.69381941203,209.6648863003122,1.7435768371426832,16.24948713467383,prior,north,-1.7435768371426832,0.8368421052631579,0.44122383252818037,False,1.7559298646395667,True,361245.69699090277,505042.46152119245,,3.241332955106657,5.6326367112532925,
1405846657542303,2025,panoroma_coarse,361219.375578727,505062.97825993877,214.96344899372846,6.056737534159993,25.221231150621673,prior,north,-6.056737534159993,0.5970636215334421,0.3307543520309478,False,0.7217338574448016,True,361213.5488090037,505064.8279529245,,6.113314121598854,4.076019959451606,
1405846657542303,2025,panoroma_fine,361219.375578727,505062.97825993877,214.96344899372846,6.056737534159993,25.221231150621673,prior,north,-6.056737534159993,0.5970636215334421,0.3307543520309478,False,0.7217338574448016,True,361213.97413044254,505064.2448565048,,5.5479645304046095,4.763602181835799,
1405846657542303,2025,panoroma_two_pass,361219.375578727,505062.97825993877,214.96344899372846,6.056737534159993,25.221231150621673,prior,north,-6.056737534159993,0.5970636215334421,0.3307543520309478,False,0.7217338574448016,True,361213.97413044254,505064.2448565048,,5.5479645304046095,4.763602181835799,
1405846657542303,2024,panoroma_coarse,361219.375578727,505062.97825993877,214.96344899372846,6.056737534159993,25.221231150621673,prior,north,-6.056737534159993,0.34760705289672544,0.3738140417457306,False,1.1347591541106548,True,361195.0817203946,505077.17278372654,,28.13673858561873,5.839187907719171,
1405846657542303,2024,panoroma_fine,361219.375578727,505062.97825993877,214.96344899372846,6.056737534159993,25.221231150621673,prior,north,-6.056737534159993,0.34760705289672544,0.3738140417457306,False,1.1347591541106548,True,361195.4635398486,505078.241377308,,28.368086913757697,12.384280418843653,
1405846657542303,2024,panoroma_two_pass,361219.375578727,505062.97825993877,214.96344899372846,6.056737534159993,25.221231150621673,prior,north,-6.056737534159993,0.34760705289672544,0.3738140417457306,False,1.1347591541106548,True,361195.4635398486,505078.241377308,,28.368086913757697,12.384280418843653,
1998492840812168,2025,panoroma_coarse,361193.17285884917,505080.8191491077,211.75623618199398,1.3895225455157458,10.470201063665568,prior,north,-1.3895225455157458,0.4333843797856049,0.468,False,3.4266409840246888,True,361196.2203452079,505078.09576018294,,4.08705521640953,2.788137759755602,
1998492840812168,2025,panoroma_fine,361193.17285884917,505080.8191491077,211.75623618199398,1.3895225455157458,10.470201063665568,prior,north,-1.3895225455157458,0.4333843797856049,0.468,False,3.4266409840246888,True,361192.9758253164,505079.1980120176,,1.6330669545031766,2.747774279149253,
1998492840812168,2025,panoroma_two_pass,361193.17285884917,505080.8191491077,211.75623618199398,1.3895225455157458,10.470201063665568,prior,north,-1.3895225455157458,0.4333843797856049,0.468,False,3.4266409840246888,True,361192.9758253164,505079.1980120176,,1.6330669545031766,2.747774279149253,
1998492840812168,2024,panoroma_coarse,361193.17285884917,505080.8191491077,211.75623618199398,1.3895225455157458,10.470201063665568,prior,north,-1.3895225455157458,0.6469344608879493,0.48785425101214575,False,0.6731471655370025,True,361193.6923738662,505079.26167637465,,1.64183347725988,2.27952594039958,
1998492840812168,2024,panoroma_fine,361193.17285884917,505080.8191491077,211.75623618199398,1.3895225455157458,10.470201063665568,prior,north,-1.3895225455157458,0.6469344608879493,0.48785425101214575,False,0.6731471655370025,True,361193.1028073285,505079.5865431229,,1.2345949656753044,8.212628471327017,
1998492840812168,2024,panoroma_two_pass,361193.17285884917,505080.8191491077,211.75623618199398,1.3895225455157458,10.470201063665568,prior,north,-1.3895225455157458,0.6469344608879493,0.48785425101214575,False,0.6731471655370025,True,361193.1028073285,505079.5865431229,,1.2345949656753044,8.212628471327017,
1805068834011537,2025,panoroma_coarse,361163.0245726018,505098.3813070329,208.45031946885874,8.009280813364882,21.666892470989286,prior,north,-8.009280813364882,0.5125448028673835,0.5217391304347826,False,3.23266459048935,True,361157.32809140446,505097.71640232403,,5.735154427147779,10.79326963653562,
1805068834011537,2025,panoroma_fine,361163.0245726018,505098.3813070329,208.45031946885874,8.009280813364882,21.666892470989286,prior,north,-8.009280813364882,0.5125448028673835,0.5217391304347826,False,3.23266459048935,True,361155.45398294897,505100.3503798964,,7.822472475698369,5.022525622395318,
1805068834011537,2025,panoroma_two_pass,361163.0245726018,505098.3813070329,208.45031946885874,8.009280813364882,21.666892470989286,prior,north,-8.009280813364882,0.5125448028673835,0.5217391304347826,False,3.23266459048935,True,361155.45398294897,505100.3503798964,,7.822472475698369,5.022525622395318,
1805068834011537,2024,panoroma_coarse,361163.0245726018,505098.3813070329,208.45031946885874,8.009280813364882,21.666892470989286,prior,north,-8.009280813364882,0.5206766917293233,0.2901023890784983,False,4.184330468652056,True,361159.7707742354,505097.46184222115,,3.381215661398935,8.679850294856031,
1805068834011537,2024,panoroma_fine,361163.0245726018,505098.3813070329,208.45031946885874,8.009280813364882,21.666892470989286,prior,north,-8.009280813364882,0.5206766917293233,0.2901023890784983,False,4.184330468652056,True,361163.66451393144,505095.9297153821,,2.533737659582259,9.327023667598544,
1805068834011537,2024,panoroma_two_pass,361163.0245726018,505098.3813070329,208.45031946885874,8.009280813364882,21.666892470989286,prior,north,-8.009280813364882,0.5206766917293233,0.2901023890784983,False,4.184330468652056,True,361163.66451393144,505095.9297153821,,2.533737659582259,9.327023667598544,
1577342996632443,2025,panoroma_coarse,361134.2897713471,505114.6866960563,208.9614748458836,-9.746158045026704,19.367283357091466,prior,north,9.746158045026704,0.3186646433990895,0.299645390070922,False,1.465721224975774,True,361127.5715763297,505112.59279129974,,7.036944039910722,11.309579835937603,
1577342996632443,2025,panoroma_fine,361134.2897713471,505114.6866960563,208.9614748458836,-9.746158045026704,19.367283357091466,prior,north,9.746158045026704,0.3186646433990895,0.299645390070922,False,1.465721224975774,True,361126.507835319,505113.6011532246,,7.857285255408078,9.400837343567437,
1577342996632443,2025,panoroma_two_pass,361134.2897713471,505114.6866960563,208.9614748458836,-9.746158045026704,19.367283357091466,prior,north,9.746158045026704,0.3186646433990895,0.299645390070922,False,1.465721224975774,True,361126.507835319,505113.6011532246,,7.857285255408078,9.400837343567437,
1577342996632443,2024,panoroma_coarse,361134.2897713471,505114.6866960563,208.9614748458836,-9.746158045026704,19.367283357091466,prior,north,9.746158045026704,0.3493670886075949,0.33206831119544594,False,0.64623449153087,True,361115.02463516744,505117.35298502335,,19.448767798388445,3.8734450866184855,
1577342996632443,2024,panoroma_fine,361134.2897713471,505114.6866960563,208.9614748458836,-9.746158045026704,19.367283357091466,prior,north,9.746158045026704,0.3493670886075949,0.33206831119544594,False,0.64623449153087,True,361115.0206299752,505117.99920710316,,19.551791187649286,9.543902114963643,
1577342996632443,2024,panoroma_two_pass,361134.2897713471,505114.6866960563,208.9614748458836,-9.746158045026704,19.367283357091466,prior,north,9.746158045026704,0.3493670886075949,0.33206831119544594,False,0.64623449153087,True,361115.0206299752,505117.99920710316,,19.551791187649286,9.543902114963643,
1627218468984037,2025,panoroma_coarse,361104.2994642516,505131.69463421684,208.56185229796802,-9.51871752746277,17.942895650688364,prior,north,9.51871752746277,0.658102766798419,0.34328358208955223,False,3.583994421083699,True,361106.51162547147,505131.6375920513,,2.212896534244947,6.721855932609771,
1627218468984037,2025,panoroma_fine,361104.2994642516,505131.69463421684,208.56185229796802,-9.51871752746277,17.942895650688364,prior,north,9.51871752746277,0.658102766798419,0.34328358208955223,False,3.583994421083699,True,361107.40276120795,505128.16615242057,,4.699003701404185,9.370338585096839,
1627218468984037,2025,panoroma_two_pass,361104.2994642516,505131.69463421684,208.56185229796802,-9.51871752746277,17.942895650688364,prior,north,9.51871752746277,0.658102766798419,0.34328358208955223,False,3.583994421083699,True,361107.40276120795,505128.16615242057,,4.699003701404185,9.370338585096839,
1627218468984037,2024,panoroma_coarse,361104.2994642516,505131.69463421684,208.56185229796802,-9.51871752746277,17.942895650688364,prior,north,9.51871752746277,0.6606425702811245,0.32233009708737864,False,2.9476572907637064,True,361105.83811222063,505130.6519532699,,1.8586611121108596,9.512893893183882,
1627218468984037,2024,panoroma_fine,361104.2994642516,505131.69463421684,208.56185229796802,-9.51871752746277,17.942895650688364,prior,north,9.51871752746277,0.6606425702811245,0.32233009708737864,False,2.9476572907637064,True,361106.6891710634,505127.82982953946,,4.543942543723669,7.327163538967133,
1627218468984037,2024,panoroma_two_pass,361104.2994642516,505131.69463421684,208.56185229796802,-9.51871752746277,17.942895650688364,prior,north,9.51871752746277,0.6606425702811245,0.32233009708737864,False,2.9476572907637064,True,361106.6891710634,505127.82982953946,,4.543942543723669,7.327163538967133,
2978326649172208,2025,panoroma_coarse,361076.50747162476,505147.5510879224,209.39059915242893,-2.7639669859896685,12.22159616334029,prior,north,2.7639669859896685,0.6893353941267388,0.358600583090379,False,0.12007896311196314,True,361078.469855017,505142.2220462764,,5.678876072202977,4.967396946397968,
2978326649172208,2025,panoroma_fine,361076.50747162476,505147.5510879224,209.39059915242893,-2.7639669859896685,12.22159616334029,prior,north,2.7639669859896685,0.6893353941267388,0.358600583090379,False,0.12007896311196314,True,361078.40278479486,505142.12244435534,,5.749989825308254,9.504152471249276,
2978326649172208,2025,panoroma_two_pass,361076.50747162476,505147.5510879224,209.39059915242893,-2.7639669859896685,12.22159616334029,prior,north,2.7639669859896685,0.6893353941267388,0.358600583090379,False,0.12007896311196314,True,361078.40278479486,505142.12244435534,,5.749989825308254,9.504152471249276,
2978326649172208,2024,panoroma_coarse,361076.50747162476,505147.5510879224,209.39059915242893,-2.7639669859896685,12.22159616334029,prior,north,2.7639669859896685,0.7411764705882353,0.6195121951219512,False,0.4556452106343232,True,361080.26456655475,505140.21360748954,,8.243444754213987,1.984712519132028,
2978326649172208,2024,panoroma_fine,361076.50747162476,505147.5510879224,209.39059915242893,-2.7639669859896685,12.22159616334029,prior,north,2.7639669859896685,0.7411764705882353,0.6195121951219512,False,0.4556452106343232,True,361080.6753132517,505140.4108375808,,8.267652554867073,7.211108908087407,
2978326649172208,2024,panoroma_two_pass,361076.50747162476,505147.5510879224,209.39059915242893,-2.7639669859896685,12.22159616334029,prior,north,2.7639669859896685,0.7411764705882353,0.6195121951219512,False,0.4556452106343232,True,361080.6753132517,505140.4108375808,,8.267652554867073,7.211108908087407,
3754424991393145,2025,panoroma_coarse,361046.96864898404,505164.47608940955,209.01011630305157,-7.323402347842261,4.324208453072117,prior,north,7.323402347842261,0.6545801526717557,0.41721854304635764,False,2.780623666607248,True,361049.42422816495,505161.80816772726,,3.625972313268056,10.68027142852481,
3754424991393145,2025,panoroma_fine,361046.96864898404,505164.47608940955,209.01011630305157,-7.323402347842261,4.324208453072117,prior,north,7.323402347842261,0.6545801526717557,0.41721854304635764,False,2.780623666607248,True,361047.4050115192,505163.71987693966,,0.87308050127947,13.436062741360075,
3754424991393145,2025,panoroma_two_pass,361046.96864898404,505164.47608940955,209.01011630305157,-7.323402347842261,4.324208453072117,prior,north,7.323402347842261,0.6545801526717557,0.41721854304635764,False,2.780623666607248,True,361047.4050115192,505163.71987693966,,0.87308050127947,13.436062741360075,
3754424991393145,2024,panoroma_coarse,361046.96864898404,505164.47608940955,209.01011630305157,-7.323402347842261,4.324208453072117,prior,north,7.323402347842261,0.7351247600767754,0.3717277486910995,False,3.4531792826649887,True,361050.59489602485,505158.22463624645,,7.227055711107523,7.574248495390415,
3754424991393145,2024,panoroma_fine,361046.96864898404,505164.47608940955,209.01011630305157,-7.323402347842261,4.324208453072117,prior,north,7.323402347842261,0.7351247600767754,0.3717277486910995,False,3.4531792826649887,True,361047.1637227397,505157.8354100332,,6.643543960112084,12.429314330299636,
3754424991393145,2024,panoroma_two_pass,361046.96864898404,505164.47608940955,209.01011630305157,-7.323402347842261,4.324208453072117,prior,north,7.323402347842261,0.7351247600767754,0.3717277486910995,False,3.4531792826649887,True,361047.1637227397,505157.8354100332,,6.643543960112084,12.429314330299636,
1260741202845756,2025,panoroma_coarse,361019.00799381535,505180.367778033,209.07188553601975,9.974654424802111,20.2058472807065,prior,north,-9.974654424802111,0.5692041522491349,0.31141868512110726,False,3.5029474748453646,True,361020.4579452642,505175.30294162466,,5.268294510314833,0.3528565746345027,
1260741202845756,2025,panoroma_fine,361019.00799381535,505180.367778033,209.07188553601975,9.974654424802111,20.2058472807065,prior,north,-9.974654424802111,0.5692041522491349,0.31141868512110726,False,3.5029474748453646,True,361021.9380130851,505178.4778495378,,3.4866664076428284,8.616880142154741,
1260741202845756,2025,panoroma_two_pass,361019.00799381535,505180.367778033,209.07188553601975,9.974654424802111,20.2058472807065,prior,north,-9.974654424802111,0.5692041522491349,0.31141868512110726,False,3.5029474748453646,True,361021.9380130851,505178.4778495378,,3.4866664076428284,8.616880142154741,
1260741202845756,2024,panoroma_coarse,361019.00799381535,505180.367778033,209.07188553601975,9.974654424802111,20.2058472807065,prior,north,-9.974654424802111,0.7140077821011673,0.3525535420098847,False,2.1611885213753257,True,361018.45290456637,505173.2518246376,,7.137570791265726,8.556352749246095,
1260741202845756,2024,panoroma_fine,361019.00799381535,505180.367778033,209.07188553601975,9.974654424802111,20.2058472807065,prior,north,-9.974654424802111,0.7140077821011673,0.3525535420098847,False,2.1611885213753257,True,361016.647436316,505174.4396883595,,6.3807898323739805,6.515346292829544,
1260741202845756,2024,panoroma_two_pass,361019.00799381535,505180.367778033,209.07188553601975,9.974654424802111,20.2058472807065,prior,north,-9.974654424802111,0.7140077821011673,0.3525535420098847,False,2.1611885213753257,True,361016.647436316,505174.4396883595,,6.3807898323739805,6.515346292829544,
1556200629076514,2025,panoroma_coarse,360989.4216288107,505197.2621762613,208.21983132523448,3.866426053039504,23.963388304667205,prior,north,-3.866426053039504,0.4691358024691358,0.4669260700389105,False,0.14337726444770005,True,360972.72574407724,505236.8124962514,,42.9299473369783,0.6957714875922157,
1556200629076514,2025,panoroma_fine,360989.4216288107,505197.2621762613,208.21983132523448,3.866426053039504,23.963388304667205,prior,north,-3.866426053039504,0.4691358024691358,0.4669260700389105,False,0.14337726444770005,True,360972.6704049152,505236.94476347,,43.073323874219696,4.944820452229838,
1556200629076514,2025,panoroma_two_pass,360989.4216288107,505197.2621762613,208.21983132523448,3.866426053039504,23.963388304667205,prior,north,-3.866426053039504,0.4691358024691358,0.4669260700389105,False,0.14337726444770005,True,360972.6704049152,505236.94476347,,43.073323874219696,4.944820452229838,
1556200629076514,2024,panoroma_coarse,360989.4216288107,505197.2621762613,208.21983132523448,3.866426053039504,23.963388304667205,prior,north,-3.866426053039504,0.40540540540540543,0.3450087565674256,False,3.6870996412749055,True,360975.9755086709,505206.8851196153,,16.53478713525878,3.2641697556402494,
1556200629076514,2024,panoroma_fine,360989.4216288107,505197.2621762613,208.21983132523448,3.866426053039504,23.963388304667205,prior,north,-3.866426053039504,0.40540540540540543,0.3450087565674256,False,3.6870996412749055,True,360973.20838391426,505209.3218642358,,20.20656784598941,3.105840774062634,
1556200629076514,2024,panoroma_two_pass,360989.4216288107,505197.2621762613,208.21983132523448,3.866426053039504,23.963388304667205,prior,north,-3.866426053039504,0.40540540540540543,0.3450087565674256,False,3.6870996412749055,True,360973.20838391426,505209.3218642358,,20.20656784598941,3.105840774062634,
1058757126920400,2025,panoroma_coarse,360824.89545035467,505384.04269541893,252.00850508478257,-4.616044715374443,15.673634989496275,prior,north,4.616044715374443,0.3733509234828496,0.3803786574870912,False,3.8505220697491445,True,360815.3194499076,505411.4986967559,,29.07802940329427,2.5489608128131693,
1058757126920400,2025,panoroma_fine,360824.89545035467,505384.04269541893,252.00850508478257,-4.616044715374443,15.673634989496275,prior,north,4.616044715374443,0.3733509234828496,0.3803786574870912,False,3.8505220697491445,True,360812.4866013596,505408.89073024655,,27.774167281426294,4.331406187308334,
1058757126920400,2025,panoroma_two_pass,360824.89545035467,505384.04269541893,252.00850508478257,-4.616044715374443,15.673634989496275,prior,north,4.616044715374443,0.3733509234828496,0.3803786574870912,False,3.8505220697491445,True,360812.4866013596,505408.89073024655,,27.774167281426294,4.331406187308334,
1058757126920400,2024,panoroma_coarse,360824.89545035467,505384.04269541893,252.00850508478257,-4.616044715374443,15.673634989496275,prior,north,4.616044715374443,0.5232558139534884,0.3558648111332008,False,5.195432521055351,True,360816.7249575337,505411.35161785386,,28.50498548489641,4.491363976544681,
1058757126920400,2024,panoroma_fine,360824.89545035467,505384.04269541893,252.00850508478257,-4.616044715374443,15.673634989496275,prior,north,4.616044715374443,0.5232558139534884,0.3558648111332008,False,5.195432521055351,True,360811.80050905736,505409.6956207873,,28.801910831292286,8.79165720011302,
1058757126920400,2024,panoroma_two_pass,360824.89545035467,505384.04269541893,252.00850508478257,-4.616044715374443,15.673634989496275,prior,north,4.616044715374443,0.5232558139534884,0.3558648111332008,False,5.195432521055351,True,360811.80050905736,505409.6956207873,,28.801910831292286,8.79165720011302,
1100362855725571,2025,panoroma_coarse,360978.4813495051,505203.05984292924,206.0181185359829,-3.755703873765384,9.067933293211542,prior,north,3.755703873765384,0.6472868217054264,0.35784313725490197,False,2.484183193942921,True,360978.4157255163,505197.2532078835,,5.807005860363285,3.7279906775020777,
1100362855725571,2025,panoroma_fine,360978.4813495051,505203.05984292924,206.0181185359829,-3.755703873765384,9.067933293211542,prior,north,3.755703873765384,0.6472868217054264,0.35784313725490197,False,2.484183193942921,True,360979.5808112286,505195.0591838581,,8.075850522028267,1.4786353631722282,
1100362855725571,2025,panoroma_two_pass,360978.4813495051,505203.05984292924,206.0181185359829,-3.755703873765384,9.067933293211542,prior,north,3.755703873765384,0.6472868217054264,0.35784313725490197,False,2.484183193942921,True,360979.5808112286,505195.0591838581,,8.075850522028267,1.4786353631722282,
1100362855725571,2024,panoroma_coarse,360978.4813495051,505203.05984292924,206.0181185359829,-3.755703873765384,9.067933293211542,prior,north,3.755703873765384,0.6037735849056604,0.34615384615384615,False,2.356045832189298,True,360977.35644207976,505195.58246860385,,7.5615172761508065,4.575942341120296,
1100362855725571,2024,panoroma_fine,360978.4813495051,505203.05984292924,206.0181185359829,-3.755703873765384,9.067933293211542,prior,north,3.755703873765384,0.6037735849056604,0.34615384615384615,False,2.356045832189298,True,360979.708216919,505195.44066920684,,7.7173189556613835,1.0969121422406505,
1100362855725571,2024,panoroma_two_pass,360978.4813495051,505203.05984292924,206.0181185359829,-3.755703873765384,9.067933293211542,prior,north,3.755703873765384,0.6037735849056604,0.34615384615384615,False,2.356045832189298,True,360979.708216919,505195.44066920684,,7.7173189556613835,1.0969121422406505,
1041328292272541,2025,panoroma_coarse,360824.0357951551,505387.0502379555,253.4884275094645,0.2674387768103088,21.200510305914783,prior,north,-0.2674387768103088,0.6089494163424124,0.3561368209255533,False,5.0049488201301955,True,360819.7146899119,505379.48438849347,,8.712865694196264,4.195574926968819,
1041328292272541,2025,panoroma_fine,360824.0357951551,505387.0502379555,253.4884275094645,0.2674387768103088,21.200510305914783,prior,north,-0.2674387768103088,0.6089494163424124,0.3561368209255533,False,5.0049488201301955,True,360819.54304083623,505374.48238396656,,13.346752236315885,0.7288779902774224,
1041328292272541,2025,panoroma_two_pass,360824.0357951551,505387.0502379555,253.4884275094645,0.2674387768103088,21.200510305914783,prior,north,-0.2674387768103088,0.6089494163424124,0.3561368209255533,False,5.0049488201301955,True,360819.54304083623,505374.48238396656,,13.346752236315885,0.7288779902774224,
1041328292272541,2024,panoroma_coarse,360824.0357951551,505387.0502379555,253.4884275094645,0.2674387768103088,21.200510305914783,prior,north,-0.2674387768103088,0.47586206896551725,0.3610503282275711,False,4.407257721644187,True,360817.36891939107,505379.0009324621,,10.451724804040351,5.248055215672012,
1041328292272541,2024,panoroma_fine,360824.0357951551,505387.0502379555,253.4884275094645,0.2674387768103088,21.200510305914783,prior,north,-0.2674387768103088,0.47586206896551725,0.3610503282275711,False,4.407257721644187,True,360819.1147185793,505374.9541923148,,13.058763908083932,2.8267037211659334,
1041328292272541,2024,panoroma_two_pass,360824.0357951551,505387.0502379555,253.4884275094645,0.2674387768103088,21.200510305914783,prior,north,-0.2674387768103088,0.47586206896551725,0.3610503282275711,False,4.407257721644187,True,360819.1147185793,505374.9541923148,,13.058763908083932,2.8267037211659334,
1978181079545268,2025,panoroma_coarse,360981.2749126579,505201.62867444754,206.61423474529838,9.644586374877946,12.953828725393263,prior,north,-9.644586374877946,0.7532956685499058,0.44,False,1.2033124211124397,True,360980.54101985955,505195.02550494,,6.643827675712007,12.004746410053603,
1978181079545268,2025,panoroma_fine,360981.2749126579,505201.62867444754,206.61423474529838,9.644586374877946,12.953828725393263,prior,north,-9.644586374877946,0.7532956685499058,0.44,False,1.2033124211124397,True,360981.2463527105,505196.0004235787,,5.628323330524572,15.321272950231606,
1978181079545268,2025,panoroma_two_pass,360981.2749126579,505201.62867444754,206.61423474529838,9.644586374877946,12.953828725393263,prior,north,-9.644586374877946,0.7532956685499058,0.44,False,1.2033124211124397,True,360981.2463527105,505196.0004235787,,5.628323330524572,15.321272950231606,
1978181079545268,2024,panoroma_coarse,360981.2749126579,505201.62867444754,206.61423474529838,9.644586374877946,12.953828725393263,prior,north,-9.644586374877946,0.7310606060606061,0.46750524109014674,False,0.4627201151644061,True,360981.2878048001,505194.4941281674,,7.134557928196399,10.820949221996457,
1978181079545268,2024,panoroma_fine,360981.2749126579,505201.62867444754,206.61423474529838,9.644586374877946,12.953828725393263,prior,north,-9.644586374877946,0.7310606060606061,0.46750524109014674,False,0.4627201151644061,True,360980.8546764581,505194.6569463002,,6.9843819930092375,6.355568454464057,
1978181079545268,2024,panoroma_two_pass,360981.2749126579,505201.62867444754,206.61423474529838,9.644586374877946,12.953828725393263,prior,north,-9.644586374877946,0.7310606060606061,0.46750524109014674,False,0.4627201151644061,True,360980.8546764581,505194.6569463002,,6.9843819930092375,6.355568454464057,
1624858092548608,2025,panoroma_coarse,360823.1726704277,505390.1981357848,254.17234934972836,7.1797413139955495,23.853490713467735,prior,north,-7.1797413139955495,0.5452961672473867,0.32451499118165783,False,4.311317820584752,True,360810.57465196954,505416.07626591803,,28.781724900768992,12.373201440862033,
1624858092548608,2025,panoroma_fine,360823.1726704277,505390.1981357848,254.17234934972836,7.1797413139955495,23.853490713467735,prior,north,-7.1797413139955495,0.5452961672473867,0.32451499118165783,False,4.311317820584752,True,360808.52367694554,505419.8684899095,,33.089619579632654,9.062404395938842,
1624858092548608,2025,panoroma_two_pass,360823.1726704277,505390.1981357848,254.17234934972836,7.1797413139955495,23.853490713467735,prior,north,-7.1797413139955495,0.5452961672473867,0.32451499118165783,False,4.311317820584752,True,360808.52367694554,505419.8684899095,,33.089619579632654,9.062404395938842,
1624858092548608,2024,panoroma_coarse,360823.1726704277,505390.1981357848,254.17234934972836,7.1797413139955495,23.853490713467735,prior,north,-7.1797413139955495,0.5227272727272727,0.31115107913669066,False,4.305225491704103,True,360810.8366139265,505416.7634737506,,29.28985270084689,4.204304866479493,
1624858092548608,2024,panoroma_fine,360823.1726704277,505390.1981357848,254.17234934972836,7.1797413139955495,23.853490713467735,prior,north,-7.1797413139955495,0.5227272727272727,0.31115107913669066,False,4.305225491704103,True,360808.01530928194,505420.0154280303,,33.448714680151255,1.4692918175987355,
1624858092548608,2024,panoroma_two_pass,360823.1726704277,505390.1981357848,254.17234934972836,7.1797413139955495,23.853490713467735,prior,north,-7.1797413139955495,0.5227272727272727,0.31115107913669066,False,4.305225491704103,True,360808.01530928194,505420.0154280303,,33.448714680151255,1.4692918175987355,
1132747332749947,2025,panoroma_coarse,360984.0406199746,505200.1745466972,207.17550998792115,-8.78091025217077,21.611662427442003,prior,north,8.78091025217077,0.5716486902927581,0.44041450777202074,False,3.9722582123615857,True,360987.9197635297,505189.12785832584,,11.70799208635996,2.9597386626724114,
1132747332749947,2025,panoroma_fine,360984.0406199746,505200.1745466972,207.17550998792115,-8.78091025217077,21.611662427442003,prior,north,8.78091025217077,0.5716486902927581,0.44041450777202074,False,3.9722582123615857,True,360985.3149970061,505192.12686260446,,8.147960240116067,6.342439569198694,
1132747332749947,2025,panoroma_two_pass,360984.0406199746,505200.1745466972,207.17550998792115,-8.78091025217077,21.611662427442003,prior,north,8.78091025217077,0.5716486902927581,0.44041450777202074,False,3.9722582123615857,True,360985.3149970061,505192.12686260446,,8.147960240116067,6.342439569198694,
1132747332749947,2024,panoroma_coarse,360984.0406199746,505200.1745466972,207.17550998792115,-8.78091025217077,21.611662427442003,prior,north,8.78091025217077,0.7068645640074211,0.4323308270676692,False,3.5896280709254826,True,360987.9512198747,505190.12486395496,,10.78373380597057,8.429627672129024,
1132747332749947,2024,panoroma_fine,360984.0406199746,505200.1745466972,207.17550998792115,-8.78091025217077,21.611662427442003,prior,north,8.78091025217077,0.7068645640074211,0.4323308270676692,False,3.5896280709254826,True,360984.6604408707,505191.5588106883,,8.638002368457599,7.468811246297981,
1132747332749947,2024,panoroma_two_pass,360984.0406199746,505200.1745466972,207.17550998792115,-8.78091025217077,21.611662427442003,prior,north,8.78091025217077,0.7068645640074211,0.4323308270676692,False,3.5896280709254826,True,360984.6604408707,505191.5588106883,,8.638002368457599,7.468811246297981,
1999264247459733,2025,panoroma_coarse,360822.3839241866,505393.22124050464,254.44886624505065,4.525898695169161,16.108094445687676,prior,north,-4.525898695169161,0.502262443438914,0.3608058608058608,False,0.8277595388267793,True,360809.0010069406,505423.7251893614,,33.31055943490313,5.141882908953316,
1999264247459733,2025,panoroma_fine,360822.3839241866,505393.22124050464,254.44886624505065,4.525898695169161,16.108094445687676,prior,north,-4.525898695169161,0.502262443438914,0.3608058608058608,False,0.8277595388267793,True,360808.2257564576,505424.0153144081,,33.89290045148302,8.955687330017327,
1999264247459733,2025,panoroma_two_pass,360822.3839241866,505393.22124050464,254.44886624505065,4.525898695169161,16.108094445687676,prior,north,-4.525898695169161,0.502262443438914,0.3608058608058608,False,0.8277595388267793,True,360808.2257564576,505424.0153144081,,33.89290045148302,8.955687330017327,
1999264247459733,2024,panoroma_coarse,360822.3839241866,505393.22124050464,254.44886624505065,4.525898695169161,16.108094445687676,prior,north,-4.525898695169161,0.45997088791848617,0.25358166189111747,False,3.835062604509007,True,360809.2194776434,505416.65676342923,,26.879850958247644,0.3221006838714062,
1999264247459733,2024,panoroma_fine,360822.3839241866,505393.22124050464,254.44886624505065,4.525898695169161,16.108094445687676,prior,north,-4.525898695169161,0.45997088791848617,0.25358166189111747,False,3.835062604509007,True,360807.18932238716,505419.91040367,,30.711355461932197,4.528138746489684,
1999264247459733,2024,panoroma_two_pass,360822.3839241866,505393.22124050464,254.44886624505065,4.525898695169161,16.108094445687676,prior,north,-4.525898695169161,0.45997088791848617,0.25358166189111747,False,3.835062604509007,True,360807.18932238716,505419.91040367,,30.711355461932197,4.528138746489684,
1069879799117962,2025,panoroma_coarse,360820.8094764566,505399.36092613544,254.80554887126746,5.634211228274609,10.055771934509213,prior,north,-5.634211228274609,0.6416819012797075,0.36952380952380953,False,2.1252570082661197,True,360817.06990770466,505384.0154328594,,15.794573065928294,4.881862075496328,
1069879799117962,2025,panoroma_fine,360820.8094764566,505399.36092613544,254.80554887126746,5.634211228274609,10.055771934509213,prior,north,-5.634211228274609,0.6416819012797075,0.36952380952380953,False,2.1252570082661197,True,360818.81552860595,505382.8031931883,,16.67736035411365,2.363840176588542,
1069879799117962,2025,panoroma_two_pass,360820.8094764566,505399.36092613544,254.80554887126746,5.634211228274609,10.055771934509213,prior,north,-5.634211228274609,0.6416819012797075,0.36952380952380953,False,2.1252570082661197,True,360818.81552860595,505382.8031931883,,16.67736035411365,2.363840176588542,
1069879799117962,2024,panoroma_coarse,360820.8094764566,505399.36092613544,254.80554887126746,5.634211228274609,10.055771934509213,prior,north,-5.634211228274609,0.6998050682261209,0.36721991701244816,False,3.0588733561167225,True,360815.68293632433,505385.2158929047,,15.04537732419732,6.2467225953465135,
1069879799117962,2024,panoroma_fine,360820.8094764566,505399.36092613544,254.80554887126746,5.634211228274609,10.055771934509213,prior,north,-5.634211228274609,0.6998050682261209,0.36721991701244816,False,3.0588733561167225,True,360818.7183299536,505384.837618237,,14.673083043778185,11.698579343687879,
1069879799117962,2024,panoroma_two_pass,360820.8094764566,505399.36092613544,254.80554887126746,5.634211228274609,10.055771934509213,prior,north,-5.634211228274609,0.6998050682261209,0.36721991701244816,False,3.0588733561167225,True,360818.7183299536,505384.837618237,,14.673083043778185,11.698579343687879,
946071411273849,2025,panoroma_coarse,360812.4749577944,505432.53320290986,255.0794710465457,-3.0094849031974036,27.06803760713839,prior,north,3.0094849031974036,0.7064393939393939,0.35812133072407043,False,2.991172943236802,True,360804.2503652445,505437.9897851763,,9.870066496341561,3.103179529954617,
946071411273849,2025,panoroma_fine,360812.4749577944,505432.53320290986,255.0794710465457,-3.0094849031974036,27.06803760713839,prior,north,3.0094849031974036,0.7064393939393939,0.35812133072407043,False,2.991172943236802,True,360805.5822496753,505440.6680681038,,10.662338249119353,5.002982092150597,
946071411273849,2025,panoroma_two_pass,360812.4749577944,505432.53320290986,255.0794710465457,-3.0094849031974036,27.06803760713839,prior,north,3.0094849031974036,0.7064393939393939,0.35812133072407043,False,2.991172943236802,True,360805.5822496753,505440.6680681038,,10.662338249119353,5.002982092150597,
946071411273849,2024,panoroma_coarse,360812.4749577944,505432.53320290986,255.0794710465457,-3.0094849031974036,27.06803760713839,prior,north,3.0094849031974036,0.6398467432950191,0.36254295532646047,False,3.0042105026603654,True,360802.624371277,505443.5483966994,,14.77729843234992,3.1727493269611853,
946071411273849,2024,panoroma_fine,360812.4749577944,505432.53320290986,255.0794710465457,-3.0094849031974036,27.06803760713839,prior,north,3.0094849031974036,0.6398467432950191,0.36254295532646047,False,3.0042105026603654,True,360805.61824434216,505443.79740435834,,13.18699183431151,3.3431025180895055,
946071411273849,2024,panoroma_two_pass,360812.4749577944,505432.53320290986,255.0794710465457,-3.0094849031974036,27.06803760713839,prior,north,3.0094849031974036,0.6398467432950191,0.36254295532646047,False,3.0042105026603654,True,360805.61824434216,505443.79740435834,,13.18699183431151,3.3431025180895055,
28630049443257593,2025,panoroma_coarse,360803.7528703903,505466.15015777014,254.4464986745188,-6.098766869888834,3.470913553345336,prior,north,6.098766869888834,0.4964838255977497,0.3689839572192513,False,3.359297941419385,True,360802.9493464827,505454.51814941905,,11.659728510991943,5.999354883173267,
28630049443257593,2025,panoroma_fine,360803.7528703903,505466.15015777014,254.4464986745188,-6.098766869888834,3.470913553345336,prior,north,6.098766869888834,0.4964838255977497,0.3689839572192513,False,3.359297941419385,True,360805.4598050781,505452.2860024033,,13.968837820819106,14.727854577468925,
28630049443257593,2025,panoroma_two_pass,360803.7528703903,505466.15015777014,254.4464986745188,-6.098766869888834,3.470913553345336,prior,north,6.098766869888834,0.4964838255977497,0.3689839572192513,False,3.359297941419385,True,360805.4598050781,505452.2860024033,,13.968837820819106,14.727854577468925,
28630049443257593,2024,panoroma_coarse,360803.7528703903,505466.15015777014,254.4464986745188,-6.098766869888834,3.470913553345336,prior,north,6.098766869888834,0.772256728778468,0.28525641025641024,False,2.866565373738806,True,360802.9024851279,505451.68156232475,,14.493564408275592,12.499447487260023,
28630049443257593,2024,panoroma_fine,360803.7528703903,505466.15015777014,254.4464986745188,-6.098766869888834,3.470913553345336,prior,north,6.098766869888834,0.772256728778468,0.28525641025641024,False,2.866565373738806,True,360801.61692731,505449.1194268602,,17.164150085853557,5.247492453633187,
28630049443257593,2024,panoroma_two_pass,360803.7528703903,505466.15015777014,254.4464986745188,-6.098766869888834,3.470913553345336,prior,north,6.098766869888834,0.772256728778468,0.28525641025641024,False,2.866565373738806,True,360801.61692731,505449.1194268602,,17.164150085853557,5.247492453633187,
2325916388183213,2025,panoroma_coarse,360795.28008992714,505498.1880449727,254.86163925606502,6.214781891097573,18.240725304295992,prior,north,-6.214781891097573,0.7788617886178861,0.391304347826087,False,4.77340071956949,True,360791.81640067167,505484.6331657541,,13.990421505091666,2.7046416800485336,
2325916388183213,2025,panoroma_fine,360795.28008992714,505498.1880449727,254.86163925606502,6.214781891097573,18.240725304295992,prior,north,-6.214781891097573,0.7788617886178861,0.391304347826087,False,4.77340071956949,True,360788.9872858558,505488.4778326822,,11.570981194657435,4.43554428983618,
2325916388183213,2025,panoroma_two_pass,360795.28008992714,505498.1880449727,254.86163925606502,6.214781891097573,18.240725304295992,prior,north,-6.214781891097573,0.7788617886178861,0.391304347826087,False,4.77340071956949,True,360788.9872858558,505488.4778326822,,11.570981194657435,4.43554428983618,
2325916388183213,2024,panoroma_coarse,360795.28008992714,505498.1880449727,254.86163925606502,6.214781891097573,18.240725304295992,prior,north,-6.214781891097573,0.5666666666666667,0.41017488076311603,False,3.7502033355169755,True,360795.64690138755,505486.16158250225,,12.032055111291914,6.425682381289533,
2325916388183213,2024,panoroma_fine,360795.28008992714,505498.1880449727,254.86163925606502,6.214781891097573,18.240725304295992,prior,north,-6.214781891097573,0.5666666666666667,0.41017488076311603,False,3.7502033355169755,True,360792.023027279,505485.19640816393,,13.393695683614956,3.5646617543361385,
2325916388183213,2024,panoroma_two_pass,360795.28008992714,505498.1880449727,254.86163925606502,6.214781891097573,18.240725304295992,prior,north,-6.214781891097573,0.5666666666666667,0.41017488076311603,False,3.7502033355169755,True,360792.023027279,505485.19640816393,,13.393695683614956,3.5646617543361385,
1975241993146792,2025,panoroma_coarse,360790.9305160588,505531.0259289183,275.5645292688212,-9.310324339458248,14.384811499204622,prior,north,9.310324339458248,0.6418439716312057,0.41385767790262173,False,2.959663704805348,True,360786.77726879757,505529.82626607013,,4.323037561976033,7.131790902562865,
1975241993146792,2025,panoroma_fine,360790.9305160588,505531.0259289183,275.5645292688212,-9.310324339458248,14.384811499204622,prior,north,9.310324339458248,0.6418439716312057,0.41385767790262173,False,2.959663704805348,True,360789.73312838597,505529.67625494016,,1.8042608143697556,4.65245929722405,
1975241993146792,2025,panoroma_two_pass,360790.9305160588,505531.0259289183,275.5645292688212,-9.310324339458248,14.384811499204622,prior,north,9.310324339458248,0.6418439716312057,0.41385767790262173,False,2.959663704805348,True,360789.73312838597,505529.67625494016,,1.8042608143697556,4.65245929722405,
1975241993146792,2024,panoroma_coarse,360790.9305160588,505531.0259289183,275.5645292688212,-9.310324339458248,14.384811499204622,prior,north,9.310324339458248,0.5769854132901134,0.47162426614481406,False,3.1510173331993085,True,360784.8576196091,505532.46532014996,,6.241147202779643,8.503832497191095,
1975241993146792,2024,panoroma_fine,360790.9305160588,505531.0259289183,275.5645292688212,-9.310324339458248,14.384811499204622,prior,north,9.310324339458248,0.5769854132901134,0.47162426614481406,False,3.1510173331993085,True,360787.9733215143,505531.99488219264,,3.111891711141665,6.531954615708306,
1975241993146792,2024,panoroma_two_pass,360790.9305160588,505531.0259289183,275.5645292688212,-9.310324339458248,14.384811499204622,prior,north,9.310324339458248,0.5769854132901134,0.47162426614481406,False,3.1510173331993085,True,360787.9733215143,505531.99488219264,,3.111891711141665,6.531954615708306,
2266652857522078,2025,panoroma_coarse,360801.94835124625,505561.35963224806,291.8080147247711,6.541867417117373,20.22785191795692,prior,north,-6.541867417117373,0.545045045045045,0.37900874635568516,False,3.437039580584042,True,360805.85724761646,505573.1673169124,,12.437881168636848,8.809178688497541,
2266652857522078,2025,panoroma_fine,360801.94835124625,505561.35963224806,291.8080147247711,6.541867417117373,20.22785191795692,prior,north,-6.541867417117373,0.545045045045045,0.37900874635568516,False,3.437039580584042,True,360802.43543591234,505573.49049757404,,12.140640223189402,5.718706847287908,
2266652857522078,2025,panoroma_two_pass,360801.94835124625,505561.35963224806,291.8080147247711,6.541867417117373,20.22785191795692,prior,north,-6.541867417117373,0.545045045045045,0.37900874635568516,False,3.437039580584042,True,360802.43543591234,505573.49049757404,,12.140640223189402,5.718706847287908,
2266652857522078,2024,panoroma_coarse,360801.94835124625,505561.35963224806,291.8080147247711,6.541867417117373,20.22785191795692,prior,north,-6.541867417117373,0.5068681318681318,0.46439628482972134,False,5.344605487637951,True,360799.96427983383,505567.48620969866,,6.439836226783725,6.138503017215919,
2266652857522078,2024,panoroma_fine,360801.94835124625,505561.35963224806,291.8080147247711,6.541867417117373,20.22785191795692,prior,north,-6.541867417117373,0.5068681318681318,0.46439628482972134,False,5.344605487637951,True,360802.9955334321,505571.8880626541,,10.58037982993499,4.183745100420028,
2266652857522078,2024,panoroma_two_pass,360801.94835124625,505561.35963224806,291.8080147247711,6.541867417117373,20.22785191795692,prior,north,-6.541867417117373,0.5068681318681318,0.46439628482972134,False,5.344605487637951,True,360802.9955334321,505571.8880626541,,10.58037982993499,4.183745100420028,
2664235027388592,2025,panoroma_coarse,360814.3610915972,505591.13648182247,292.5960751883997,-7.8540605103696635,19.085480397872484,prior,north,7.8540605103696635,0.6861167002012073,0.5107632093933464,False,0.7499908893191406,True,360808.66316888516,505584.9877836941,,8.382888040867966,8.015964260841645,
2664235027388592,2025,panoroma_fine,360814.3610915972,505591.13648182247,292.5960751883997,-7.8540605103696635,19.085480397872484,prior,north,7.8540605103696635,0.6861167002012073,0.5107632093933464,False,0.7499908893191406,True,360809.39645824337,505585.14517826575,,7.780957694685298,4.858968378343945,
2664235027388592,2025,panoroma_two_pass,360814.3610915972,505591.13648182247,292.5960751883997,-7.8540605103696635,19.085480397872484,prior,north,7.8540605103696635,0.6861167002012073,0.5107632093933464,False,0.7499908893191406,True,360809.39645824337,505585.14517826575,,7.780957694685298,4.858968378343945,
2664235027388592,2024,panoroma_coarse,360814.3610915972,505591.13648182247,292.5960751883997,-7.8540605103696635,19.085480397872484,prior,north,7.8540605103696635,0.6824457593688363,0.4446601941747573,False,0.5970413590350127,True,360809.27718006587,505585.92033300805,,7.28384272979538,9.743675574311164,
2664235027388592,2024,panoroma_fine,360814.3610915972,505591.13648182247,292.5960751883997,-7.8540605103696635,19.085480397872484,prior,north,7.8540605103696635,0.6824457593688363,0.4446601941747573,False,0.5970413590350127,True,360809.86733385123,505585.82990682824,,6.953675060620485,6.20448888246391,
2664235027388592,2024,panoroma_two_pass,360814.3610915972,505591.13648182247,292.5960751883997,-7.8540605103696635,19.085480397872484,prior,north,7.8540605103696635,0.6824457593688363,0.4446601941747573,False,0.5970413590350127,True,360809.86733385123,505585.82990682824,,6.953675060620485,6.20448888246391,
2298332014341910,2025,panoroma_coarse,360828.7860962364,505620.79880488664,298.88369572152936,-0.596773663281283,13.629079040365383,prior,north,0.596773663281283,0.7398058252427184,0.4386317907444668,False,1.0194363103610533,True,360823.7367617542,505615.78612899955,,7.114962983872842,0.6793268723729092,
2298332014341910,2025,panoroma_fine,360828.7860962364,505620.79880488664,298.88369572152936,-0.596773663281283,13.629079040365383,prior,north,0.596773663281283,0.7398058252427184,0.4386317907444668,False,1.0194363103610533,True,360824.3172754426,505616.62413511437,,6.115408980149178,0.2926449993538975,
2298332014341910,2025,panoroma_two_pass,360828.7860962364,505620.79880488664,298.88369572152936,-0.596773663281283,13.629079040365383,prior,north,0.596773663281283,0.7398058252427184,0.4386317907444668,False,1.0194363103610533,True,360824.3172754426,505616.62413511437,,6.115408980149178,0.2926449993538975,
2298332014341910,2024,panoroma_coarse,360828.7860962364,505620.79880488664,298.88369572152936,-0.596773663281283,13.629079040365383,prior,north,0.596773663281283,0.736734693877551,0.44095940959409596,False,2.3396500593045593,True,360825.02224907005,505615.4386673783,,6.549627439789477,0.4037473718516575,
2298332014341910,2024,panoroma_fine,360828.7860962364,505620.79880488664,298.88369572152936,-0.596773663281283,13.629079040365383,prior,north,0.596773663281283,0.736734693877551,0.44095940959409596,False,2.3396500593045593,True,360824.42524810974,505617.7008681327,,5.349225038736986,1.9423431889938607,
2298332014341910,2024,panoroma_two_pass,360828.7860962364,505620.79880488664,298.88369572152936,-0.596773663281283,13.629079040365383,prior,north,0.596773663281283,0.736734693877551,0.44095940959409596,False,2.3396500593045593,True,360824.42524810974,505617.7008681327,,5.349225038736986,1.9423431889938607,
2664985677254720,2025,panoroma_coarse,360846.2640029569,505652.54278573673,296.3486771705366,-6.696610376305955,16.315075646700098,prior,north,6.696610376305955,0.5300751879699248,0.4253028263795424,False,2.2329205164744916,True,360841.9275267546,505646.39826861763,,7.520646014805846,0.6597952419241727,
2664985677254720,2025,panoroma_fine,360846.2640029569,505652.54278573673,296.3486771705366,-6.696610376305955,16.315075646700098,prior,north,6.696610376305955,0.5300751879699248,0.4253028263795424,False,2.2329205164744916,True,360842.17704031215,505648.61720462784,,5.666873097417935,9.334370760074156,
2664985677254720,2025,panoroma_two_pass,360846.2640029569,505652.54278573673,296.3486771705366,-6.696610376305955,16.315075646700098,prior,north,6.696610376305955,0.5300751879699248,0.4253028263795424,False,2.2329205164744916,True,360842.17704031215,505648.61720462784,,5.666873097417935,9.334370760074156,
2664985677254720,2024,panoroma_coarse,360846.2640029569,505652.54278573673,296.3486771705366,-6.696610376305955,16.315075646700098,prior,north,6.696610376305955,0.5830985915492958,0.37384412153236457,False,2.506333581753442,True,360841.01899041457,505647.3028120023,,7.414005753090199,1.315238697438742,
2664985677254720,2024,panoroma_fine,360846.2640029569,505652.54278573673,296.3486771705366,-6.696610376305955,16.315075646700098,prior,north,6.696610376305955,0.5830985915492958,0.37384412153236457,False,2.506333581753442,True,360839.8620744267,505649.5261548504,,7.07705806180703,6.111986180431536,
2664985677254720,2024,panoroma_two_pass,360846.2640029569,505652.54278573673,296.3486771705366,-6.696610376305955,16.315075646700098,prior,north,6.696610376305955,0.5830985915492958,0.37384412153236457,False,2.506333581753442,True,360839.8620744267,505649.5261548504,,7.07705806180703,6.111986180431536,
2190862265201212,2025,panoroma_coarse,360858.074267425,505681.2016031267,287.6809987164796,-6.584251183212814,19.459667173620172,prior,north,6.584251183212814,0.3682266009852217,0.47282608695652173,False,1.2224003405366062,True,360851.7072418764,505679.840810467,,6.510819533598569,0.44328963739552485,
2190862265201212,2025,panoroma_fine,360858.074267425,505681.2016031267,287.6809987164796,-6.584251183212814,19.459667173620172,prior,north,6.584251183212814,0.3682266009852217,0.47282608695652173,False,1.2224003405366062,True,360850.65028848936,505679.22671590577,,7.6821639381246785,7.814307565107247,
2190862265201212,2025,panoroma_two_pass,360858.074267425,505681.2016031267,287.6809987164796,-6.584251183212814,19.459667173620172,prior,north,6.584251183212814,0.3682266009852217,0.47282608695652173,False,1.2224003405366062,True,360850.65028848936,505679.22671590577,,7.6821639381246785,7.814307565107247,
2190862265201212,2024,panoroma_coarse,360858.074267425,505681.2016031267,287.6809987164796,-6.584251183212814,19.459667173620172,prior,north,6.584251183212814,0.47341115434500647,0.3579136690647482,False,3.58240216234997,True,360844.69604014425,505659.5731524145,,25.431611144102376,10.859875112259942,
2190862265201212,2024,panoroma_fine,360858.074267425,505681.2016031267,287.6809987164796,-6.584251183212814,19.459667173620172,prior,north,6.584251183212814,0.47341115434500647,0.3579136690647482,False,3.58240216234997,True,360847.6113047559,505661.6551796711,,22.170616990055084,5.364261238619106,
2190862265201212,2024,panoroma_two_pass,360858.074267425,505681.2016031267,287.6809987164796,-6.584251183212814,19.459667173620172,prior,north,6.584251183212814,0.47341115434500647,0.3579136690647482,False,3.58240216234997,True,360847.6113047559,505661.6551796711,,22.170616990055084,5.364261238619106,
1803778274142674,2025,panoroma_coarse,360866.5628902905,505714.5663897488,280.4521159059846,-9.689798420543354,25.618785417139208,prior,north,9.689798420543354,0.7730496453900709,0.37398373983739835,False,1.559631316438132,True,360859.4124519721,505711.9393348829,,7.617754617629255,1.587352581620417,
1803778274142674,2025,panoroma_fine,360866.5628902905,505714.5663897488,280.4521159059846,-9.689798420543354,25.618785417139208,prior,north,9.689798420543354,0.7730496453900709,0.37398373983739835,False,1.559631316438132,True,360859.36132596736,505713.4981279977,,7.280364817063455,1.6630018436465386,
1803778274142674,2025,panoroma_two_pass,360866.5628902905,505714.5663897488,280.4521159059846,-9.689798420543354,25.618785417139208,prior,north,9.689798420543354,0.7730496453900709,0.37398373983739835,False,1.559631316438132,True,360859.36132596736,505713.4981279977,,7.280364817063455,1.6630018436465386,
1803778274142674,2024,panoroma_coarse,360866.5628902905,505714.5663897488,280.4521159059846,-9.689798420543354,25.618785417139208,prior,north,9.689798420543354,0.8318098720292505,0.4246987951807229,False,2.3443813821738226,True,360860.06108552846,505710.7768830198,,7.525544924681603,4.600085801559523,
1803778274142674,2024,panoroma_fine,360866.5628902905,505714.5663897488,280.4521159059846,-9.689798420543354,25.618785417139208,prior,north,9.689798420543354,0.8318098720292505,0.4246987951807229,False,2.3443813821738226,True,360859.8146016976,505713.1082709725,,6.904021241205274,7.905613849398066,
1803778274142674,2024,panoroma_two_pass,360866.5628902905,505714.5663897488,280.4521159059846,-9.689798420543354,25.618785417139208,prior,north,9.689798420543354,0.8318098720292505,0.4246987951807229,False,2.3443813821738226,True,360859.8146016976,505713.1082709725,,6.904021241205274,7.905613849398066,
1595260398958253,2025,panoroma_coarse,360876.16708211036,505747.10174129903,294.28648085219186,-7.6361577110843655,23.198029424040953,prior,north,7.6361577110843655,0.7344,0.3788098693759071,False,2.3858696999241262,True,360867.4547255278,505749.5084996789,,9.038674854264158,5.73707457667406,
1595260398958253,2025,panoroma_fine,360876.16708211036,505747.10174129903,294.28648085219186,-7.6361577110843655,23.198029424040953,prior,north,7.6361577110843655,0.7344,0.3788098693759071,False,2.3858696999241262,True,360869.67073350283,505748.62437136273,,6.67240193194489,5.224388563975043,
1595260398958253,2025,panoroma_two_pass,360876.16708211036,505747.10174129903,294.28648085219186,-7.6361577110843655,23.198029424040953,prior,north,7.6361577110843655,0.7344,0.3788098693759071,False,2.3858696999241262,True,360869.67073350283,505748.62437136273,,6.67240193194489,5.224388563975043,
1595260398958253,2024,panoroma_coarse,360876.16708211036,505747.10174129903,294.28648085219186,-7.6361577110843655,23.198029424040953,prior,north,7.6361577110843655,0.7724458204334366,0.4819277108433735,False,1.0595578633656786,True,360868.0952826494,505748.52980670444,,8.197153002126507,8.162933414485378,
1595260398958253,2024,panoroma_fine,360876.16708211036,505747.10174129903,294.28648085219186,-7.6361577110843655,23.198029424040953,prior,north,7.6361577110843655,0.7724458204334366,0.4819277108433735,False,1.0595578633656786,True,360869.11912661366,505748.257031334,,7.142014544114908,1.069517301235431,
1595260398958253,2024,panoroma_two_pass,360876.16708211036,505747.10174129903,294.28648085219186,-7.6361577110843655,23.198029424040953,prior,north,7.6361577110843655,0.7724458204334366,0.4819277108433735,False,1.0595578633656786,True,360869.11912661366,505748.257031334,,7.142014544114908,1.069517301235431,
1618478246297464,2025,panoroma_coarse,360897.08296487853,505770.6888914574,359.2443918729163,-4.400738283139276,16.045954500843077,prior,north,4.400738283139276,0.6546961325966851,0.36,False,2.3006536930849344,True,360887.4958885778,505768.2050032578,,9.90362219517022,3.741227620962375,
1618478246297464,2025,panoroma_fine,360897.08296487853,505770.6888914574,359.2443918729163,-4.400738283139276,16.045954500843077,prior,north,4.400738283139276,0.6546961325966851,0.36,False,2.3006536930849344,True,360887.07301876793,505770.4664604295,,10.012417125714304,0.8498425912015136,
1618478246297464,2025,panoroma_two_pass,360897.08296487853,505770.6888914574,359.2443918729163,-4.400738283139276,16.045954500843077,prior,north,4.400738283139276,0.6546961325966851,0.36,False,2.3006536930849344,True,360887.07301876793,505770.4664604295,,10.012417125714304,0.8498425912015136,
1618478246297464,2024,panoroma_coarse,360897.08296487853,505770.6888914574,359.2443918729163,-4.400738283139276,16.045954500843077,prior,north,4.400738283139276,0.6858407079646017,0.362565445026178,False,2.3009629946645638,True,360886.5722421775,505770.67142144183,,10.510737219595864,4.1835053145226215,
1618478246297464,2024,panoroma_fine,360897.08296487853,505770.6888914574,359.2443918729163,-4.400738283139276,16.045954500843077,prior,north,4.400738283139276,0.6858407079646017,0.362565445026178,False,2.3009629946645638,True,360888.39014631935,505772.0819728354,,8.803736151693947,2.650925442010622,
1618478246297464,2024,panoroma_two_pass,360897.08296487853,505770.6888914574,359.2443918729163,-4.400738283139276,16.045954500843077,prior,north,4.400738283139276,0.6858407079646017,0.362565445026178,False,2.3009629946645638,True,360888.39014631935,505772.0819728354,,8.803736151693947,2.650925442010622,
1411397654284692,2025,panoroma_coarse,360928.39490721177,505760.7714622654,17.352959867827888,6.246018061213743,2.096490986487808,prior,north,-6.246018061213732,0.762619372442019,0.532156368221942,False,1.20401123055143,True,360923.53322009766,505761.58536515274,,4.929344733892596,4.5960978742523535,
1411397654284692,2025,panoroma_fine,360928.39490721177,505760.7714622654,17.352959867827888,6.246018061213743,2.096490986487808,prior,north,-6.246018061213732,0.762619372442019,0.532156368221942,False,1.20401123055143,True,360923.7894614802,505762.76179338986,,5.0171255088157185,6.350341866476285,
1411397654284692,2025,panoroma_two_pass,360928.39490721177,505760.7714622654,17.352959867827888,6.246018061213743,2.096490986487808,prior,north,-6.246018061213732,0.762619372442019,0.532156368221942,False,1.20401123055143,True,360923.7894614802,505762.76179338986,,5.0171255088157185,6.350341866476285,
1411397654284692,2024,panoroma_coarse,360928.39490721177,505760.7714622654,17.352959867827888,6.246018061213743,2.096490986487808,prior,north,-6.246018061213732,0.6681127982646421,0.48435544430538174,False,1.7525427886549862,True,360938.82851049374,505762.2657797185,,10.540069359176073,6.22921581424502,
1411397654284692,2024,panoroma_fine,360928.39490721177,505760.7714622654,17.352959867827888,6.246018061213743,2.096490986487808,prior,north,-6.246018061213732,0.6681127982646421,0.48435544430538174,False,1.7525427886549862,True,360937.66772720136,505760.9527723407,,9.274592384725349,4.845557349068515,
1411397654284692,2024,panoroma_two_pass,360928.39490721177,505760.7714622654,17.352959867827888,6.246018061213743,2.096490986487808,prior,north,-6.246018061213732,0.6681127982646421,0.48435544430538174,False,1.7525427886549862,True,360937.66772720136,505760.9527723407,,9.274592384725349,4.845557349068515,
2199725277275110,2025,panoroma_coarse,360959.47657312726,505750.6162178423,17.29410753099758,7.773469456953347,23.28978753886541,prior,north,-7.773469456953336,0.4735099337748344,0.4880803011292346,False,4.259528039270836,True,360974.1463484237,505744.6099760983,,15.851726944877367,6.30163612343002,
2199725277275110,2025,panoroma_fine,360959.47657312726,505750.6162178423,17.29410753099758,7.773469456953347,23.28978753886541,prior,north,-7.773469456953336,0.4735099337748344,0.4880803011292346,False,4.259528039270836,True,360978.40045555925,505744.82480532525,,19.790244698911536,4.749917883224985,
2199725277275110,2025,panoroma_two_pass,360959.47657312726,505750.6162178423,17.29410753099758,7.773469456953347,23.28978753886541,prior,north,-7.773469456953336,0.4735099337748344,0.4880803011292346,False,4.259528039270836,True,360978.40045555925,505744.82480532525,,19.790244698911536,4.749917883224985,
2199725277275110,2024,panoroma_coarse,360959.47657312726,505750.6162178423,17.29410753099758,7.773469456953347,23.28978753886541,prior,north,-7.773469456953336,0.6401425178147269,0.40191897654584224,False,4.329585985435306,True,360975.0238836532,505742.3995001349,,17.58503097733137,8.707334388381257,
2199725277275110,2024,panoroma_fine,360959.47657312726,505750.6162178423,17.29410753099758,7.773469456953347,23.28978753886541,prior,north,-7.773469456953336,0.6401425178147269,0.40191897654584224,False,4.329585985435306,True,360979.1943029338,505743.562650095,,20.94138693331066,0.5900073159868263,
2199725277275110,2024,panoroma_two_pass,360959.47657312726,505750.6162178423,17.29410753099758,7.773469456953347,23.28978753886541,prior,north,-7.773469456953336,0.6401425178147269,0.40191897654584224,False,4.329585985435306,True,360979.1943029338,505743.562650095,,20.94138693331066,0.5900073159868263,
1630029038733543,2025,panoroma_coarse,360977.76595758327,505730.73830788117,109.2852212235517,-2.240261776981299,15.147889371003807,prior,north,2.240261776981299,0.7759036144578313,0.528322440087146,False,0.3193841231806972,True,360975.8887461384,505732.92021954496,,2.8783087599210035,0.6126293305431413,
1630029038733543,2025,panoroma_fine,360977.76595758327,505730.73830788117,109.2852212235517,-2.240261776981299,15.147889371003807,prior,north,2.240261776981299,0.7759036144578313,0.528322440087146,False,0.3193841231806972,True,360976.0171386361,505733.212660282,,3.0299814377962657,2.156910093323595,
1630029038733543,2025,panoroma_two_pass,360977.76595758327,505730.73830788117,109.2852212235517,-2.240261776981299,15.147889371003807,prior,north,2.240261776981299,0.7759036144578313,0.528322440087146,False,0.3193841231806972,True,360976.0171386361,505733.212660282,,3.0299814377962657,2.156910093323595,
1630029038733543,2024,panoroma_coarse,360977.76595758327,505730.73830788117,109.2852212235517,-2.240261776981299,15.147889371003807,prior,north,2.240261776981299,0.7926380368098159,0.5483870967741935,False,0.8144525160452206,True,360976.2525022267,505733.60752481257,,3.243910127581582,0.3386643769958678,
1630029038733543,2024,panoroma_fine,360977.76595758327,505730.73830788117,109.2852212235517,-2.240261776981299,15.147889371003807,prior,north,2.240261776981299,0.7926380368098159,0.5483870967741935,False,0.8144525160452206,True,360975.5194884624,505733.96252301306,,3.929654784791721,1.8712839828103476,
1630029038733543,2024,panoroma_two_pass,360977.76595758327,505730.73830788117,109.2852212235517,-2.240261776981299,15.147889371003807,prior,north,2.240261776981299,0.7926380368098159,0.5483870967741935,False,0.8144525160452206,True,360975.5194884624,505733.96252301306,,3.929654784791721,1.8712839828103476,
1029541690071867,2025,panoroma_coarse,360965.52086601197,505699.5423200922,110.60057777067044,-5.522416923790388,9.584062810049588,prior,north,5.522416923790388,0.7786144578313253,0.5551948051948052,False,2.296085005879399,True,360964.103570835,505698.85283438367,,1.5761079153634352,8.815097509676802,
1029541690071867,2025,panoroma_fine,360965.52086601197,505699.5423200922,110.60057777067044,-5.522416923790388,9.584062810049588,prior,north,5.522416923790388,0.7786144578313253,0.5551948051948052,False,2.296085005879399,True,360963.8313784064,505701.13272859965,,2.3202947205012245,8.231575529214188,
1029541690071867,2025,panoroma_two_pass,360965.52086601197,505699.5423200922,110.60057777067044,-5.522416923790388,9.584062810049588,prior,north,5.522416923790388,0.7786144578313253,0.5551948051948052,False,2.296085005879399,True,360963.8313784064,505701.13272859965,,2.3202947205012245,8.231575529214188,
1029541690071867,2024,panoroma_coarse,360965.52086601197,505699.5423200922,110.60057777067044,-5.522416923790388,9.584062810049588,prior,north,5.522416923790388,0.8516886930983847,0.5636363636363636,False,1.20759394278804,True,360963.8938205669,505700.92915298365,,2.1378920340264123,3.3786414768905,
1029541690071867,2024,panoroma_fine,360965.52086601197,505699.5423200922,110.60057777067044,-5.522416923790388,9.584062810049588,prior,north,5.522416923790388,0.8516886930983847,0.5636363636363636,False,1.20759394278804,True,360962.6888944584,505700.8489270291,,3.1188594979192463,5.8588797874159395,
1029541690071867,2024,panoroma_two_pass,360965.52086601197,505699.5423200922,110.60057777067044,-5.522416923790388,9.584062810049588,prior,north,5.522416923790388,0.8516886930983847,0.5636363636363636,False,1.20759394278804,True,360962.6888944584,505700.8489270291,,3.1188594979192463,5.8588797874159395,
1110169474745368,2025,panoroma_coarse,360954.2398640532,505667.78448765073,105.04909601937412,3.6021032489483247,9.767387131936394,prior,north,-3.6021032489483105,0.8590425531914894,0.659297789336801,False,2.5957310684707373,True,360951.6148343981,505666.48573800013,,2.928742280426322,4.005385136227865,
1110169474745368,2025,panoroma_fine,360954.2398640532,505667.78448765073,105.04909601937412,3.6021032489483247,9.767387131936394,prior,north,-3.6021032489483105,0.8590425531914894,0.659297789336801,False,2.5957310684707373,True,360951.3943831146,505669.0720908398,,3.1232489085110564,3.5706026656844925,
1110169474745368,2025,panoroma_two_pass,360954.2398640532,505667.78448765073,105.04909601937412,3.6021032489483247,9.767387131936394,prior,north,-3.6021032489483105,0.8590425531914894,0.659297789336801,False,2.5957310684707373,True,360951.3943831146,505669.0720908398,,3.1232489085110564,3.5706026656844925,
1110169474745368,2024,panoroma_coarse,360954.2398640532,505667.78448765073,105.04909601937412,3.6021032489483247,9.767387131936394,prior,north,-3.6021032489483105,0.8308921438082557,0.6710875331564987,False,2.5778864237583576,True,360951.577452073,505666.69466816506,,2.8768288207221864,4.453574792775099,
1110169474745368,2024,panoroma_fine,360954.2398640532,505667.78448765073,105.04909601937412,3.6021032489483247,9.767387131936394,prior,north,-3.6021032489483105,0.8308921438082557,0.6710875331564987,False,2.5778864237583576,True,360951.5952627922,505669.2724930606,,3.0344811631645734,4.335840091326547,
1110169474745368,2024,panoroma_two_pass,360954.2398640532,505667.78448765073,105.04909601937412,3.6021032489483247,9.767387131936394,prior,north,-3.6021032489483105,0.8308921438082557,0.6710875331564987,False,2.5778864237583576,True,360951.5952627922,505669.2724930606,,3.0344811631645734,4.335840091326547,
2143531059567041,2025,panoroma_coarse,360980.2035497979,505651.34399289545,21.80630224487809,4.559382584696987,19.651679460938592,prior,north,-4.559382584696976,0.6666666666666666,0.5289982425307557,False,4.271074525754928,True,361001.8371493889,505641.5192955779,,23.759993868828534,6.31556120174881,
2143531059567041,2025,panoroma_fine,360980.2035497979,505651.34399289545,21.80630224487809,4.559382584696987,19.651679460938592,prior,north,-4.559382584696976,0.6666666666666666,0.5289982425307557,False,4.271074525754928,True,360998.5262084802,505644.21739637357,,19.659811778694753,0.11228026971355694,
2143531059567041,2025,panoroma_two_pass,360980.2035497979,505651.34399289545,21.80630224487809,4.559382584696987,19.651679460938592,prior,north,-4.559382584696976,0.6666666666666666,0.5289982425307557,False,4.271074525754928,True,360998.5262084802,505644.21739637357,,19.659811778694753,0.11228026971355694,
2143531059567041,2024,panoroma_coarse,360980.2035497979,505651.34399289545,21.80630224487809,4.559382584696987,19.651679460938592,prior,north,-4.559382584696976,0.5008605851979346,0.5638506876227898,False,4.344210079517745,True,360985.49685162585,505649.17660640803,,5.719843391899746,0.5786439356146541,
2143531059567041,2024,panoroma_fine,360980.2035497979,505651.34399289545,21.80630224487809,4.559382584696987,19.651679460938592,prior,north,-4.559382584696976,0.5008605851979346,0.5638506876227898,False,4.344210079517745,True,360981.6404363145,505651.17666194757,,1.446596871211354,5.265318756988236,
2143531059567041,2024,panoroma_two_pass,360980.2035497979,505651.34399289545,21.80630224487809,4.559382584696987,19.651679460938592,prior,north,-4.559382584696976,0.5008605851979346,0.5638506876227898,False,4.344210079517745,True,360981.6404363145,505651.17666194757,,1.446596871211354,5.265318756988236,
1885191899114432,2025,panoroma_coarse,361009.02305004245,505639.24162336625,22.564392727789823,-6.3497481432418965,9.55927022792837,prior,north,6.3497481432418965,0.7047970479704797,0.48044692737430167,False,2.7974315691774585,True,361005.96892754635,505640.8606283416,,3.4567096105212385,9.349497981815194,
1885191899114432,2025,panoroma_fine,361009.02305004245,505639.24162336625,22.564392727789823,-6.3497481432418965,9.55927022792837,prior,north,6.3497481432418965,0.7047970479704797,0.48044692737430167,False,2.7974315691774585,True,361008.6790882542,505640.1673374058,,0.9875506036405229,2.6665420108948528,
1885191899114432,2025,panoroma_two_pass,361009.02305004245,505639.24162336625,22.564392727789823,-6.3497481432418965,9.55927022792837,prior,north,6.3497481432418965,0.7047970479704797,0.48044692737430167,False,2.7974315691774585,True,361008.6790882542,505640.1673374058,,0.9875506036405229,2.6665420108948528,
1885191899114432,2024,panoroma_coarse,361009.02305004245,505639.24162336625,22.564392727789823,-6.3497481432418965,9.55927022792837,prior,north,6.3497481432418965,0.6155038759689923,0.4490161001788909,False,0.6948401619875465,True,361004.2646291681,505642.18282637565,,5.594036499708059,8.073025676603732,
1885191899114432,2024,panoroma_fine,361009.02305004245,505639.24162336625,22.564392727789823,-6.3497481432418965,9.55927022792837,prior,north,6.3497481432418965,0.6155038759689923,0.4490161001788909,False,0.6948401619875465,True,361003.5748776033,505642.0988881268,,6.151954554301842,15.593008735010292,
1885191899114432,2024,panoroma_two_pass,361009.02305004245,505639.24162336625,22.564392727789823,-6.3497481432418965,9.55927022792837,prior,north,6.3497481432418965,0.6155038759689923,0.4490161001788909,False,0.6948401619875465,True,361003.5748776033,505642.0988881268,,6.151954554301842,15.593008735010292,
1566349148627059,2025,panoroma_coarse,361039.9677668257,505626.0771525111,22.528355738064644,5.329842515423419,18.30538421682893,prior,north,-5.329842515423422,0.7549549549549549,0.47802197802197804,False,2.0093842975056107,True,361038.88086256816,505624.7527258686,,1.7133204009818492,4.108956489548119,
1566349148627059,2025,panoroma_fine,361039.9677668257,505626.0771525111,22.528355738064644,5.329842515423419,18.30538421682893,prior,north,-5.329842515423422,0.7549549549549549,0.47802197802197804,False,2.0093842975056107,True,361040.6913091887,505625.62445305596,,0.8534930273820346,0.6429147388513831,
1566349148627059,2025,panoroma_two_pass,361039.9677668257,505626.0771525111,22.528355738064644,5.329842515423419,18.30538421682893,prior,north,-5.329842515423422,0.7549549549549549,0.47802197802197804,False,2.0093842975056107,True,361040.6913091887,505625.62445305596,,0.8534930273820346,0.6429147388513831,
1566349148627059,2024,panoroma_coarse,361039.9677668257,505626.0771525111,22.528355738064644,5.329842515423419,18.30538421682893,prior,north,-5.329842515423422,0.7739463601532567,0.4457627118644068,False,3.2348696591280484,True,361038.6470164931,505624.67013987986,,1.9297839219907094,2.3984970594412736,
1566349148627059,2024,panoroma_fine,361039.9677668257,505626.0771525111,22.528355738064644,5.329842515423419,18.30538421682893,prior,north,-5.329842515423422,0.7739463601532567,0.4457627118644068,False,3.2348696591280484,True,361036.39892505814,505626.9961808536,,3.6852740272752924,8.420322523254054,
1566349148627059,2024,panoroma_two_pass,361039.9677668257,505626.0771525111,22.528355738064644,5.329842515423419,18.30538421682893,prior,north,-5.329842515423422,0.7739463601532567,0.4457627118644068,False,3.2348696591280484,True,361036.39892505814,505626.9961808536,,3.6852740272752924,8.420322523254054,
2343542236381893,2025,panoroma_coarse,361071.1612371945,505613.02524712496,21.688621760325894,7.538995750061545,14.656620704728047,prior,north,-7.538995750061531,0.746938775510204,0.3047619047619048,False,3.852582006197551,True,361070.52823883883,505611.93252414145,,1.2628263684917678,5.526176231837354,
2343542236381893,2025,panoroma_fine,361071.1612371945,505613.02524712496,21.688621760325894,7.538995750061545,14.656620704728047,prior,north,-7.538995750061531,0.746938775510204,0.3047619047619048,False,3.852582006197551,True,361074.3712570353,505612.2038159695,,3.3134538659003323,19.966259181296245,
2343542236381893,2025,panoroma_two_pass,361071.1612371945,505613.02524712496,21.688621760325894,7.538995750061545,14.656620704728047,prior,north,-7.538995750061531,0.746938775510204,0.3047619047619048,False,3.852582006197551,True,361074.3712570353,505612.2038159695,,3.3134538659003323,19.966259181296245,
2343542236381893,2024,panoroma_coarse,361071.1612371945,505613.02524712496,21.688621760325894,7.538995750061545,14.656620704728047,prior,north,-7.538995750061531,0.7041666666666667,0.5026178010471204,False,4.322930384006944,True,361072.42194774013,505612.6846050355,,1.3059204083643614,6.959928988882713,
2343542236381893,2024,panoroma_fine,361071.1612371945,505613.02524712496,21.688621760325894,7.538995750061545,14.656620704728047,prior,north,-7.538995750061531,0.7041666666666667,0.5026178010471204,False,4.322930384006944,True,361068.60856051545,505614.72073002666,,3.064444565937196,4.965967017381378,
2343542236381893,2024,panoroma_two_pass,361071.1612371945,505613.02524712496,21.688621760325894,7.538995750061545,14.656620704728047,prior,north,-7.538995750061531,0.7041666666666667,0.5026178010471204,False,4.322930384006944,True,361068.60856051545,505614.72073002666,,3.064444565937196,4.965967017381378,
1843956966766764,2025,panoroma_coarse,361101.9827967382,505599.7779691089,22.536645763096583,6.441785557255869,19.16455212691325,prior,north,-6.441785557255855,0.6688311688311688,0.4209445585215606,False,3.2913096553155916,True,361107.4161624903,505597.4223227574,,5.922037920289104,1.3468376565166418,
1843956966766764,2025,panoroma_fine,361101.9827967382,505599.7779691089,22.536645763096583,6.441785557255869,19.16455212691325,prior,north,-6.441785557255855,0.6688311688311688,0.4209445585215606,False,3.2913096553155916,True,361104.23089389777,505598.25104662,,2.7176153380886863,1.6099546369535012,
1843956966766764,2025,panoroma_two_pass,361101.9827967382,505599.7779691089,22.536645763096583,6.441785557255869,19.16455212691325,prior,north,-6.441785557255855,0.6688311688311688,0.4209445585215606,False,3.2913096553155916,True,361104.23089389777,505598.25104662,,2.7176153380886863,1.6099546369535012,
1843956966766764,2024,panoroma_coarse,361101.9827967382,505599.7779691089,22.536645763096583,6.441785557255869,19.16455212691325,prior,north,-6.441785557255855,0.7296703296703296,0.4703703703703704,False,3.36312578412376,True,361107.09706526826,505597.7183371602,,5.5134223819273185,2.564557515363592,
1843956966766764,2024,panoroma_fine,361101.9827967382,505599.7779691089,22.536645763096583,6.441785557255869,19.16455212691325,prior,north,-6.441785557255855,0.7296703296703296,0.4703703703703704,False,3.36312578412376,True,361103.95209670236,505598.9098856315,,2.152141090274539,6.2275714864393334,
1843956966766764,2024,panoroma_two_pass,361101.9827967382,505599.7779691089,22.536645763096583,6.441785557255869,19.16455212691325,prior,north,-6.441785557255855,0.7296703296703296,0.4703703703703704,False,3.36312578412376,True,361103.95209670236,505598.9098856315,,2.152141090274539,6.2275714864393334,
1378668397810037,2025,panoroma_coarse,361133.45828977134,505587.590027526,18.889311079430556,9.19654775307659,18.29082996174737,prior,north,-9.1965477530766,0.7333333333333333,0.4543828264758497,False,1.4319274604346097,True,361134.41760503076,505586.6041917968,,1.375557287780898,4.71641864362073,
1378668397810037,2025,panoroma_fine,361133.45828977134,505587.590027526,18.889311079430556,9.19654775307659,18.29082996174737,prior,north,-9.1965477530766,0.7333333333333333,0.4543828264758497,False,1.4319274604346097,True,361135.52589335496,505587.51089640276,,2.069117278859777,3.8794861388899538,
1378668397810037,2025,panoroma_two_pass,361133.45828977134,505587.590027526,18.889311079430556,9.19654775307659,18.29082996174737,prior,north,-9.1965477530766,0.7333333333333333,0.4543828264758497,False,1.4319274604346097,True,361135.52589335496,505587.51089640276,,2.069117278859777,3.8794861388899538,
1378668397810037,2024,panoroma_coarse,361133.45828977134,505587.590027526,18.889311079430556,9.19654775307659,18.29082996174737,prior,north,-9.1965477530766,0.7504990019960079,0.4269340974212034,False,3.342478256351656,True,361132.0450330432,505588.34891566867,,1.604121501854062,2.1009658665688606,
1378668397810037,2024,panoroma_fine,361133.45828977134,505587.590027526,18.889311079430556,9.19654775307659,18.29082996174737,prior,north,-9.1965477530766,0.7504990019960079,0.4269340974212034,False,3.342478256351656,True,361135.15137950756,505587.11490896787,,1.7584909721663944,1.6067706852622647,
1378668397810037,2024,panoroma_two_pass,361133.45828977134,505587.590027526,18.889311079430556,9.19654775307659,18.29082996174737,prior,north,-9.1965477530766,0.7504990019960079,0.4269340974212034,False,3.342478256351656,True,361135.15137950756,505587.11490896787,,1.7584909721663944,1.6067706852622647,
1640881657746457,2025,panoroma_coarse,361164.7459236542,505574.790562897,22.57263785958171,-3.138304440327204,10.271705287279374,prior,north,3.138304440327204,0.8013029315960912,0.5022354694485842,False,0.4050145676965171,True,361169.8617832688,505572.7216234336,,5.518381112230898,2.942224222164732,
1640881657746457,2025,panoroma_fine,361164.7459236542,505574.790562897,22.57263785958171,-3.138304440327204,10.271705287279374,prior,north,3.138304440327204,0.8013029315960912,0.5022354694485842,False,0.4050145676965171,True,361169.68885284214,505572.3553832561,,5.510231287398454,0.76039079649414,
1640881657746457,2025,panoroma_two_pass,361164.7459236542,505574.790562897,22.57263785958171,-3.138304440327204,10.271705287279374,prior,north,3.138304440327204,0.8013029315960912,0.5022354694485842,False,0.4050145676965171,True,361169.68885284214,505572.3553832561,,5.510231287398454,0.76039079649414,
1640881657746457,2024,panoroma_coarse,361164.7459236542,505574.790562897,22.57263785958171,-3.138304440327204,10.271705287279374,prior,north,3.138304440327204,0.7374830852503383,0.4654919236417034,False,3.381946395017129,True,361169.0802508647,505572.58240992593,,4.864394300551957,2.0179294603563913,
1640881657746457,2024,panoroma_fine,361164.7459236542,505574.790562897,22.57263785958171,-3.138304440327204,10.271705287279374,prior,north,3.138304440327204,0.7374830852503383,0.4654919236417034,False,3.381946395017129,True,361172.3206813452,505571.6143336274,,8.213731578916537,2.45469439924415,
1640881657746457,2024,panoroma_two_pass,361164.7459236542,505574.790562897,22.57263785958171,-3.138304440327204,10.271705287279374,prior,north,3.138304440327204,0.7374830852503383,0.4654919236417034,False,3.381946395017129,True,361172.3206813452,505571.6143336274,,8.213731578916537,2.45469439924415,
1329442135766852,2025,panoroma_coarse,361195.54057250504,505562.247072299,20.64097160126914,0.7450062186188795,20.772686603243322,prior,north,-0.7450062186188688,0.5741626794258373,0.4441717791411043,False,1.7658778753695124,True,361188.30361463514,505567.63857695484,,9.024515591680743,5.570215223049419,
1329442135766852,2025,panoroma_fine,361195.54057250504,505562.247072299,20.64097160126914,0.7450062186188795,20.772686603243322,prior,north,-0.7450062186188688,0.5741626794258373,0.4441717791411043,False,1.7658778753695124,True,361187.3649449078,505566.14284174645,,9.05637378847853,0.9561259713120492,
1329442135766852,2025,panoroma_two_pass,361195.54057250504,505562.247072299,20.64097160126914,0.7450062186188795,20.772686603243322,prior,north,-0.7450062186188688,0.5741626794258373,0.4441717791411043,False,1.7658778753695124,True,361187.3649449078,505566.14284174645,,9.05637378847853,0.9561259713120492,
1329442135766852,2024,panoroma_coarse,361195.54057250504,505562.247072299,20.64097160126914,0.7450062186188795,20.772686603243322,prior,north,-0.7450062186188688,0.4286858974358974,0.49269588313413015,False,3.9084192046774047,True,361186.2254834254,505568.5780195365,,11.26284943897545,21.144798954824957,
1329442135766852,2024,panoroma_fine,361195.54057250504,505562.247072299,20.64097160126914,0.7450062186188795,20.772686603243322,prior,north,-0.7450062186188688,0.4286858974358974,0.49269588313413015,False,3.9084192046774047,True,361182.4157758828,505567.7051683926,,14.214467958484047,7.467244727765654,
1329442135766852,2024,panoroma_two_pass,361195.54057250504,505562.247072299,20.64097160126914,0.7450062186188795,20.772686603243322,prior,north,-0.7450062186188688,0.4286858974358974,0.49269588313413015,False,3.9084192046774047,True,361182.4157758828,505567.7051683926,,14.214467958484047,7.467244727765654,
1877539553208523,2025,panoroma_coarse,361226.3647825685,505550.4629049683,19.144616178197545,-7.744703053850381,16.0628047968742,prior,north,7.7447030538503725,0.6344827586206897,0.3762541806020067,False,2.8392611190613075,True,361234.8724498918,505548.72363706975,,8.683631504593967,11.71053227902594,
1877539553208523,2025,panoroma_fine,361226.3647825685,505550.4629049683,19.144616178197545,-7.744703053850381,16.0628047968742,prior,north,7.7447030538503725,0.6344827586206897,0.3762541806020067,False,2.8392611190613075,True,361233.72547523334,505546.1263591033,,8.543150855848188,0.43399463369291597,
1877539553208523,2025,panoroma_two_pass,361226.3647825685,505550.4629049683,19.144616178197545,-7.744703053850381,16.0628047968742,prior,north,7.7447030538503725,0.6344827586206897,0.3762541806020067,False,2.8392611190613075,True,361233.72547523334,505546.1263591033,,8.543150855848188,0.43399463369291597,
1877539553208523,2024,panoroma_coarse,361226.3647825685,505550.4629049683,19.144616178197545,-7.744703053850381,16.0628047968742,prior,north,7.7447030538503725,0.7406749555950266,0.36860670194003525,False,1.9503904797777218,True,361234.5644446298,505548.07151164423,,8.541265711283344,8.262879679942953,
1877539553208523,2024,panoroma_fine,361226.3647825685,505550.4629049683,19.144616178197545,-7.744703053850381,16.0628047968742,prior,north,7.7447030538503725,0.7406749555950266,0.36860670194003525,False,1.9503904797777218,True,361233.62682017864,505546.36128259165,,8.340293542324849,3.229195335211482,
1877539553208523,2024,panoroma_two_pass,361226.3647825685,505550.4629049683,19.144616178197545,-7.744703053850381,16.0628047968742,prior,north,7.7447030538503725,0.7406749555950266,0.36860670194003525,False,1.9503904797777218,True,361233.62682017864,505546.36128259165,,8.340293542324849,3.229195335211482,
971140639343305,2025,panoroma_coarse,361257.99184614775,505539.6962324716,20.161977218906035,0.1511464765484405,13.103445655290946,prior,north,-0.15114647654843338,0.6636500754147813,0.3173575129533679,False,3.1864986196334457,True,361256.4171309438,505535.95450750814,,4.059585406892578,1.0201427678380757,
971140639343305,2025,panoroma_fine,361257.99184614775,505539.6962324716,20.161977218906035,0.1511464765484405,13.103445655290946,prior,north,-0.15114647654843338,0.6636500754147813,0.3173575129533679,False,3.1864986196334457,True,361254.18041435,505538.22406084125,,4.085866084210679,4.743938173872384,
971140639343305,2025,panoroma_two_pass,361257.99184614775,505539.6962324716,20.161977218906035,0.1511464765484405,13.103445655290946,prior,north,-0.15114647654843338,0.6636500754147813,0.3173575129533679,False,3.1864986196334457,True,361254.18041435,505538.22406084125,,4.085866084210679,4.743938173872384,
971140639343305,2024,panoroma_coarse,361257.99184614775,505539.6962324716,20.161977218906035,0.1511464765484405,13.103445655290946,prior,north,-0.15114647654843338,0.4834905660377358,0.33682830930537355,False,3.946654688122277,True,361259.6837387666,505534.8049622741,,5.175618299182075,4.515407642821938,
971140639343305,2024,panoroma_fine,361257.99184614775,505539.6962324716,20.161977218906035,0.1511464765484405,13.103445655290946,prior,north,-0.15114647654843338,0.4834905660377358,0.33682830930537355,False,3.946654688122277,True,361256.4327566577,505537.0426393185,,3.077712894371823,3.557586094014936,
971140639343305,2024,panoroma_two_pass,361257.99184614775,505539.6962324716,20.161977218906035,0.1511464765484405,13.103445655290946,prior,north,-0.15114647654843338,0.4834905660377358,0.33682830930537355,False,3.946654688122277,True,361256.4327566577,505537.0426393185,,3.077712894371823,3.557586094014936,
1426839858986128,2025,panoroma_coarse,361288.8926168677,505527.25597672444,27.06509414953422,-9.004017419140517,22.006004154289617,prior,north,9.004017419140524,0.6978527607361963,0.3827993254637437,False,2.57585728831408,True,361295.87391804066,505519.19608685223,,10.663038535954874,9.554613972272247,
1426839858986128,2025,panoroma_fine,361288.8926168677,505527.25597672444,27.06509414953422,-9.004017419140517,22.006004154289617,prior,north,9.004017419140524,0.6978527607361963,0.3827993254637437,False,2.57585728831408,True,361293.4008562837,505518.4756659224,,9.870059797816422,0.5781997583551665,
1426839858986128,2025,panoroma_two_pass,361288.8926168677,505527.25597672444,27.06509414953422,-9.004017419140517,22.006004154289617,prior,north,9.004017419140524,0.6978527607361963,0.3827993254637437,False,2.57585728831408,True,361293.4008562837,505518.4756659224,,9.870059797816422,0.5781997583551665,
1426839858986128,2024,panoroma_coarse,361288.8926168677,505527.25597672444,27.06509414953422,-9.004017419140517,22.006004154289617,prior,north,9.004017419140524,0.7616387337057728,0.44171779141104295,False,1.2168516836494743,True,361293.4196858027,505518.8465739541,,9.550518734388412,5.5019140546975,
1426839858986128,2024,panoroma_fine,361288.8926168677,505527.25597672444,27.06509414953422,-9.004017419140517,22.006004154289617,prior,north,9.004017419140524,0.7616387337057728,0.44171779141104295,False,1.2168516836494743,True,361294.60033834353,505519.14117130276,,9.921096284030098,9.031873262433164,
1426839858986128,2024,panoroma_two_pass,361288.8926168677,505527.25597672444,27.06509414953422,-9.004017419140517,22.006004154289617,prior,north,9.004017419140524,0.7616387337057728,0.44171779141104295,False,1.2168516836494743,True,361294.60033834353,505519.14117130276,,9.921096284030098,9.031873262433164,
1419645030041727,2025,panoroma_coarse,361318.3638489618,505515.4230037108,14.89806713836782,-0.4548197651768717,14.476907131508781,prior,north,0.4548197651768646,0.7347715736040609,0.4938650306748466,False,1.3178584707696135,True,361321.5531171828,505510.49191351474,,5.872570332270421,2.0719388067427102,
1419645030041727,2025,panoroma_fine,361318.3638489618,505515.4230037108,14.89806713836782,-0.4548197651768717,14.476907131508781,prior,north,0.4548197651768646,0.7347715736040609,0.4938650306748466,False,1.3178584707696135,True,361321.6095431649,505509.17526357743,,7.040510466890475,0.49700799174543847,
1419645030041727,2025,panoroma_two_pass,361318.3638489618,505515.4230037108,14.89806713836782,-0.4548197651768717,14.476907131508781,prior,north,0.4548197651768646,0.7347715736040609,0.4938650306748466,False,1.3178584707696135,True,361321.6095431649,505509.17526357743,,7.040510466890475,0.49700799174543847,
1419645030041727,2024,panoroma_coarse,361318.3638489618,505515.4230037108,14.89806713836782,-0.4548197651768717,14.476907131508781,prior,north,0.4548197651768646,0.7434017595307918,0.48010973936899864,False,1.421500431109077,True,361322.23828127625,505509.63437579,,6.9655896351140685,3.2562146488413406,
1419645030041727,2024,panoroma_fine,361318.3638489618,505515.4230037108,14.89806713836782,-0.4548197651768717,14.476907131508781,prior,north,0.4548197651768646,0.7434017595307918,0.48010973936899864,False,1.421500431109077,True,361321.14566294174,505508.7250636045,,7.2526471503233205,0.023369656710892427,
1419645030041727,2024,panoroma_two_pass,361318.3638489618,505515.4230037108,14.89806713836782,-0.4548197651768717,14.476907131508781,prior,north,0.4548197651768646,0.7434017595307918,0.48010973936899864,False,1.421500431109077,True,361321.14566294174,505508.7250636045,,7.2526471503233205,0.023369656710892427,
4510807879135648,2025,panoroma_coarse,361351.93503453897,505507.6781751616,10.412533002251346,-6.189305251400814,17.753895335435598,prior,north,6.1893052514008104,0.3971774193548387,0.37991858887381275,False,1.4135976578229255,True,361353.12816648744,505498.5513807965,,9.204452141742005,1.811522162655706,
4510807879135648,2025,panoroma_fine,361351.93503453897,505507.6781751616,10.412533002251346,-6.189305251400814,17.753895335435598,prior,north,6.1893052514008104,0.3971774193548387,0.37991858887381275,False,1.4135976578229255,True,361354.2401163314,505497.6785544204,,10.261862259698837,12.752984603131651,
4510807879135648,2025,panoroma_two_pass,361351.93503453897,505507.6781751616,10.412533002251346,-6.189305251400814,17.753895335435598,prior,north,6.1893052514008104,0.3971774193548387,0.37991858887381275,False,1.4135976578229255,True,361354.2401163314,505497.6785544204,,10.261862259698837,12.752984603131651,
4510807879135648,2024,panoroma_coarse,361351.93503453897,505507.6781751616,10.412533002251346,-6.189305251400814,17.753895335435598,prior,north,6.1893052514008104,0.7761413843888071,0.43273231622746183,False,0.9340257824655377,True,361351.76297562034,505499.4655315641,,8.214445759219956,2.834889730519489,
4510807879135648,2024,panoroma_fine,361351.93503453897,505507.6781751616,10.412533002251346,-6.189305251400814,17.753895335435598,prior,north,6.1893052514008104,0.7761413843888071,0.43273231622746183,False,0.9340257824655377,True,361352.6938840267,505499.54177919525,,8.171706790272927,7.210756662266669,
4510807879135648,2024,panoroma_two_pass,361351.93503453897,505507.6781751616,10.412533002251346,-6.189305251400814,17.753895335435598,prior,north,6.1893052514008104,0.7761413843888071,0.43273231622746183,False,0.9340257824655377,True,361352.6938840267,505499.54177919525,,8.171706790272927,7.210756662266669,
929538789876463,2025,panoroma_coarse,361382.61629521067,505499.73874528706,54.501828891654704,9.315541297746691,17.1982891736279,prior,north,-9.315541297746677,0.7466918714555766,0.444022770398482,False,1.378478835283703,True,361385.95868013357,505490.29812198394,,10.014834263442271,7.3191377227602885,
929538789876463,2025,panoroma_fine,361382.61629521067,505499.73874528706,54.501828891654704,9.315541297746691,17.1982891736279,prior,north,-9.315541297746677,0.7466918714555766,0.444022770398482,False,1.378478835283703,True,361384.59079092887,505490.1275845308,,9.811882817477894,6.5131528699291055,
929538789876463,2025,panoroma_two_pass,361382.61629521067,505499.73874528706,54.501828891654704,9.315541297746691,17.1982891736279,prior,north,-9.315541297746677,0.7466918714555766,0.444022770398482,False,1.378478835283703,True,361384.59079092887,505490.1275845308,,9.811882817477894,6.5131528699291055,
929538789876463,2024,panoroma_coarse,361382.61629521067,505499.73874528706,54.501828891654704,9.315541297746691,17.1982891736279,prior,north,-9.315541297746677,0.6355810616929699,0.47337278106508873,False,2.7351426130434375,True,361386.25483764795,505491.81865197705,,8.715897492923602,6.43452765799849,
929538789876463,2024,panoroma_fine,361382.61629521067,505499.73874528706,54.501828891654704,9.315541297746691,17.1982891736279,prior,north,-9.315541297746677,0.6355810616929699,0.47337278106508873,False,2.7351426130434375,True,361383.6940452525,505490.85774229286,,8.94615891517819,9.010588985201757,
929538789876463,2024,panoroma_two_pass,361382.61629521067,505499.73874528706,54.501828891654704,9.315541297746691,17.1982891736279,prior,north,-9.315541297746677,0.6355810616929699,0.47337278106508873,False,2.7351426130434375,True,361383.6940452525,505490.85774229286,,8.94615891517819,9.010588985201757,
1736493034133252,2025,panoroma_coarse,361376.68114395306,505464.6876076674,100.01794967969442,-4.190006797842443,29.5209337350393,prior,north,4.190006797842443,0.5979591836734693,0.3925729442970822,False,4.579945250367268,True,361373.5458366863,505456.7059415025,,8.575380249571648,0.45902376197347594,
1736493034133252,2025,panoroma_fine,361376.68114395306,505464.6876076674,100.01794967969442,-4.190006797842443,29.5209337350393,prior,north,4.190006797842443,0.5979591836734693,0.3925729442970822,False,4.579945250367268,True,361377.0774352356,505459.6220536716,,5.081031791358508,3.2345126307210474,
1736493034133252,2025,panoroma_two_pass,361376.68114395306,505464.6876076674,100.01794967969442,-4.190006797842443,29.5209337350393,prior,north,4.190006797842443,0.5979591836734693,0.3925729442970822,False,4.579945250367268,True,361377.0774352356,505459.6220536716,,5.081031791358508,3.2345126307210474,
1736493034133252,2024,panoroma_coarse,361376.68114395306,505464.6876076674,100.01794967969442,-4.190006797842443,29.5209337350393,prior,north,4.190006797842443,0.5909090909090909,0.3700787401574803,False,4.1421065859318915,True,361375.65075326664,505457.7920466006,,6.972120724190768,2.0189373204684884,
1736493034133252,2024,panoroma_fine,361376.68114395306,505464.6876076674,100.01794967969442,-4.190006797842443,29.5209337350393,prior,north,4.190006797842443,0.5909090909090909,0.3700787401574803,False,4.1421065859318915,True,361378.6405392431,505460.6587915812,,4.48002108912366,4.350922807623865,
1736493034133252,2024,panoroma_two_pass,361376.68114395306,505464.6876076674,100.01794967969442,-4.190006797842443,29.5209337350393,prior,north,4.190006797842443,0.5909090909090909,0.3700787401574803,False,4.1421065859318915,True,361378.6405392431,505460.6587915812,,4.48002108912366,4.350922807623865,
2001244650439529,2025,panoroma_coarse,361378.1259606169,505432.5480952319,60.5864528032553,2.812619304964123,6.0623610344927865,prior,north,-2.81261930496413,0.5357624831309041,0.4017094017094017,False,1.1399036549054806,True,361378.44339462864,505428.6576139945,,3.903409869615081,1.841751529302455,
2001244650439529,2025,panoroma_fine,361378.1259606169,505432.5480952319,60.5864528032553,2.812619304964123,6.0623610344927865,prior,north,-2.81261930496413,0.5357624831309041,0.4017094017094017,False,1.1399036549054806,True,361377.36042798846,505429.01337177557,,3.6166711376365863,1.5082664698269284,
2001244650439529,2025,panoroma_two_pass,361378.1259606169,505432.5480952319,60.5864528032553,2.812619304964123,6.0623610344927865,prior,north,-2.81261930496413,0.5357624831309041,0.4017094017094017,False,1.1399036549054806,True,361377.36042798846,505429.01337177557,,3.6166711376365863,1.5082664698269284,
2001244650439529,2024,panoroma_coarse,361378.1259606169,505432.5480952319,60.5864528032553,2.812619304964123,6.0623610344927865,prior,north,-2.81261930496413,0.6009693053311793,0.41459074733096085,False,2.6568983655163656,True,361378.703483774,505429.0520008486,,3.5434741333719892,7.4029808383782605,
2001244650439529,2024,panoroma_fine,361378.1259606169,505432.5480952319,60.5864528032553,2.812619304964123,6.0623610344927865,prior,north,-2.81261930496413,0.6009693053311793,0.41459074733096085,False,2.6568983655163656,True,361376.1308754138,505428.3880767945,,4.61368815234113,4.449217780625607,
2001244650439529,2024,panoroma_two_pass,361378.1259606169,505432.5480952319,60.5864528032553,2.812619304964123,6.0623610344927865,prior,north,-2.81261930496413,0.6009693053311793,0.41459074733096085,False,2.6568983655163656,True,361376.1308754138,505428.3880767945,,4.61368815234113,4.449217780625607,
2042982259659935,2025,panoroma_coarse,361402.5514528438,505412.2859219806,34.54901273914318,4.786739326289158,13.914701780048755,prior,north,-4.786739326289165,0.6153846153846154,0.43817787418655096,False,1.0466785283396447,True,361401.7801590209,505407.6400588146,,4.7094520614021835,3.5363166257887606,
2042982259659935,2025,panoroma_fine,361402.5514528438,505412.2859219806,34.54901273914318,4.786739326289158,13.914701780048755,prior,north,-4.786739326289165,0.6153846153846154,0.43817787418655096,False,1.0466785283396447,True,361401.64079464745,505408.677417727,,3.721639598210794,5.2226469424198125,
2042982259659935,2025,panoroma_two_pass,361402.5514528438,505412.2859219806,34.54901273914318,4.786739326289158,13.914701780048755,prior,north,-4.786739326289165,0.6153846153846154,0.43817787418655096,False,1.0466785283396447,True,361401.64079464745,505408.677417727,,3.721639598210794,5.2226469424198125,
2042982259659935,2024,panoroma_coarse,361402.5514528438,505412.2859219806,34.54901273914318,4.786739326289158,13.914701780048755,prior,north,-4.786739326289165,0.648068669527897,0.40784313725490196,False,2.8721023892098696,True,361400.74988031585,505406.4562274824,,6.101721192912653,3.08841119470894,
2042982259659935,2024,panoroma_fine,361402.5514528438,505412.2859219806,34.54901273914318,4.786739326289158,13.914701780048755,prior,north,-4.786739326289165,0.648068669527897,0.40784313725490196,False,2.8721023892098696,True,361399.93364269147,505409.2099028944,,4.039161226375033,5.470260263687601,
2042982259659935,2024,panoroma_two_pass,361402.5514528438,505412.2859219806,34.54901273914318,4.786739326289158,13.914701780048755,prior,north,-4.786739326289165,0.648068669527897,0.40784313725490196,False,2.8721023892098696,True,361399.93364269147,505409.2099028944,,4.039161226375033,5.470260263687601,
1414668144105202,2025,panoroma_coarse,361429.77660105436,505392.94916052837,36.35041238830319,1.7316749937805653,17.5722933967522,prior,north,-1.7316749937805582,0.6560364464692483,0.49417249417249415,False,4.02298770528238,True,361422.6130320341,505388.9069296078,,8.22534813388452,0.7058406862605436,
1414668144105202,2025,panoroma_fine,361429.77660105436,505392.94916052837,36.35041238830319,1.7316749937805653,17.5722933967522,prior,north,-1.7316749937805582,0.6560364464692483,0.49417249417249415,False,4.02298770528238,True,361425.039438324,505392.1158207859,,4.809902895100818,5.012180261402016,
1414668144105202,2025,panoroma_two_pass,361429.77660105436,505392.94916052837,36.35041238830319,1.7316749937805653,17.5722933967522,prior,north,-1.7316749937805582,0.6560364464692483,0.49417249417249415,False,4.02298770528238,True,361425.039438324,505392.1158207859,,4.809902895100818,5.012180261402016,
1414668144105202,2024,panoroma_coarse,361429.77660105436,505392.94916052837,36.35041238830319,1.7316749937805653,17.5722933967522,prior,north,-1.7316749937805582,0.5928270042194093,0.46357615894039733,False,2.8515668016029303,True,361426.92545174324,505388.1095666957,,5.617002835988868,9.39077527528384,
1414668144105202,2024,panoroma_fine,361429.77660105436,505392.94916052837,36.35041238830319,1.7316749937805653,17.5722933967522,prior,north,-1.7316749937805582,0.5928270042194093,0.46357615894039733,False,2.8515668016029303,True,361425.64488880895,505390.6574269342,,4.724731626809151,2.815343578275537,
1414668144105202,2024,panoroma_two_pass,361429.77660105436,505392.94916052837,36.35041238830319,1.7316749937805653,17.5722933967522,prior,north,-1.7316749937805582,0.5928270042194093,0.46357615894039733,False,2.8515668016029303,True,361425.64488880895,505390.6574269342,,4.724731626809151,2.815343578275537,
1618985639622967,2025,panoroma_coarse,361660.73672209936,505384.5892911423,341.9133629584468,7.844000921557267,29.359748948213433,prior,north,-7.844000921557267,0.6782231852654388,0.4957841483979764,False,1.7634357715708668,True,361667.8978007846,505384.8851490415,,7.167187721338977,2.1995463472160677,
1618985639622967,2025,panoroma_fine,361660.73672209936,505384.5892911423,341.9133629584468,7.844000921557267,29.359748948213433,prior,north,-7.844000921557267,0.6782231852654388,0.4957841483979764,False,1.7634357715708668,True,361667.44313441025,505386.58896364656,,6.998189494997904,8.83315837515106,
1618985639622967,2025,panoroma_two_pass,361660.73672209936,505384.5892911423,341.9133629584468,7.844000921557267,29.359748948213433,prior,north,-7.844000921557267,0.6782231852654388,0.4957841483979764,False,1.7634357715708668,True,361667.44313441025,505386.58896364656,,6.998189494997904,8.83315837515106,
1618985639622967,2024,panoroma_coarse,361660.73672209936,505384.5892911423,341.9133629584468,7.844000921557267,29.359748948213433,prior,north,-7.844000921557267,0.40988372093023256,0.5261382799325464,False,1.825421039013294,True,361668.346721065,505385.45269525255,,7.658821770649432,2.5865353986367348,
1618985639622967,2024,panoroma_fine,361660.73672209936,505384.5892911423,341.9133629584468,7.844000921557267,29.359748948213433,prior,north,-7.844000921557267,0.40988372093023256,0.5261382799325464,False,1.825421039013294,True,361667.1638999471,505386.8430535419,,6.810878066739168,5.86450789148724,
1618985639622967,2024,panoroma_two_pass,361660.73672209936,505384.5892911423,341.9133629584468,7.844000921557267,29.359748948213433,prior,north,-7.844000921557267,0.40988372093023256,0.5261382799325464,False,1.825421039013294,True,361667.1638999471,505386.8430535419,,6.810878066739168,5.86450789148724,
1474764354670842,2025,panoroma_coarse,361440.31565603625,505384.64882748015,38.95936464265365,1.73382380245949,27.48373705659677,prior,north,-1.733823802459483,0.6229838709677419,0.4989010989010989,False,2.989416556289433,True,361457.63176369085,505368.52344544866,,23.661689076796183,1.5009764098986917,
1474764354670842,2025,panoroma_fine,361440.31565603625,505384.64882748015,38.95936464265365,1.73382380245949,27.48373705659677,prior,north,-1.733823802459483,0.6229838709677419,0.4989010989010989,False,2.989416556289433,True,361456.50170083815,505365.755852759,,24.878354852022877,2.907106307794952,
1474764354670842,2025,panoroma_two_pass,361440.31565603625,505384.64882748015,38.95936464265365,1.73382380245949,27.48373705659677,prior,north,-1.733823802459483,0.6229838709677419,0.4989010989010989,False,2.989416556289433,True,361456.50170083815,505365.755852759,,24.878354852022877,2.907106307794952,
1474764354670842,2024,panoroma_coarse,361440.31565603625,505384.64882748015,38.95936464265365,1.73382380245949,27.48373705659677,prior,north,-1.733823802459483,0.7237113402061855,0.458984375,False,1.9075200715620386,True,361454.4748982658,505370.3551285999,,20.119492244925997,2.6330269092469676,
1474764354670842,2024,panoroma_fine,361440.31565603625,505384.64882748015,38.95936464265365,1.73382380245949,27.48373705659677,prior,north,-1.733823802459483,0.7237113402061855,0.458984375,False,1.9075200715620386,True,361454.46762322146,505368.44762240147,,21.511792608071,9.225079607018268,
1474764354670842,2024,panoroma_two_pass,361440.31565603625,505384.64882748015,38.95936464265365,1.73382380245949,27.48373705659677,prior,north,-1.733823802459483,0.7237113402061855,0.458984375,False,1.9075200715620386,True,361454.46762322146,505368.44762240147,,21.511792608071,9.225079607018268,
1068392369135122,2025,panoroma_coarse,361663.91543647763,505385.67106408905,341.2056764857247,2.6500842519182015,12.54106987823019,prior,north,-2.6500842519182015,0.7623239436619719,0.5289115646258503,False,3.1952841334886535,True,361654.22002149414,505382.1514898352,,10.314478883137935,0.4006517939760933,
1068392369135122,2025,panoroma_fine,361663.91543647763,505385.67106408905,341.2056764857247,2.6500842519182015,12.54106987823019,prior,north,-2.6500842519182015,0.7623239436619719,0.5289115646258503,False,3.1952841334886535,True,361651.5612796391,505383.923757434,,12.477109911289048,8.507045832779033,
1068392369135122,2025,panoroma_two_pass,361663.91543647763,505385.67106408905,341.2056764857247,2.6500842519182015,12.54106987823019,prior,north,-2.6500842519182015,0.7623239436619719,0.5289115646258503,False,3.1952841334886535,True,361651.5612796391,505383.923757434,,12.477109911289048,8.507045832779033,
1068392369135122,2024,panoroma_coarse,361663.91543647763,505385.67106408905,341.2056764857247,2.6500842519182015,12.54106987823019,prior,north,-2.6500842519182015,0.8027681660899654,0.47191011235955055,False,1.2024725098573896,True,361653.0191214225,505381.90379292256,,11.529180969297654,0.9183135015471534,
1068392369135122,2024,panoroma_fine,361663.91543647763,505385.67106408905,341.2056764857247,2.6500842519182015,12.54106987823019,prior,north,-2.6500842519182015,0.8027681660899654,0.47191011235955055,False,1.2024725098573896,True,361652.7177204779,505383.06787952053,,11.496321738211186,2.426232826618211,
1068392369135122,2024,panoroma_two_pass,361663.91543647763,505385.67106408905,341.2056764857247,2.6500842519182015,12.54106987823019,prior,north,-2.6500842519182015,0.8027681660899654,0.47191011235955055,False,1.2024725098573896,True,361652.7177204779,505383.06787952053,,11.496321738211186,2.426232826618211,
1564945198650080,2025,panoroma_coarse,361437.8867985086,505386.64270352945,38.26679697796344,1.9030999254935423,20.927605013646513,prior,north,-1.9030999254935352,0.7384259259259259,0.4520547945205479,False,0.6865538555698075,True,361435.4909218528,505385.11211057566,,2.8430511321128344,1.3015675681476309,
1564945198650080,2025,panoroma_fine,361437.8867985086,505386.64270352945,38.26679697796344,1.9030999254935423,20.927605013646513,prior,north,-1.9030999254935352,0.7384259259259259,0.4520547945205479,False,0.6865538555698075,True,361435.7186819904,505384.46443664824,,3.0733655562223388,1.5931074524797781,
1564945198650080,2025,panoroma_two_pass,361437.8867985086,505386.64270352945,38.26679697796344,1.9030999254935423,20.927605013646513,prior,north,-1.9030999254935352,0.7384259259259259,0.4520547945205479,False,0.6865538555698075,True,361435.7186819904,505384.46443664824,,3.0733655562223388,1.5931074524797781,
1564945198650080,2024,panoroma_coarse,361437.8867985086,505386.64270352945,38.26679697796344,1.9030999254935423,20.927605013646513,prior,north,-1.9030999254935352,0.7255813953488373,0.5,False,2.4781833970891194,True,361435.49771369563,505385.0500441238,,2.8712872071483146,2.507443284034055,
1564945198650080,2024,panoroma_fine,361437.8867985086,505386.64270352945,38.26679697796344,1.9030999254935423,20.927605013646513,prior,north,-1.9030999254935352,0.7255813953488373,0.5,False,2.4781833970891194,True,361433.12594307883,505385.76844310143,,4.840462345576672,2.6355195742179074,
1564945198650080,2024,panoroma_two_pass,361437.8867985086,505386.64270352945,38.26679697796344,1.9030999254935423,20.927605013646513,prior,north,-1.9030999254935352,0.7255813953488373,0.5,False,2.4781833970891194,True,361433.12594307883,505385.76844310143,,4.840462345576672,2.6355195742179074,
4615440378688443,2025,panoroma_coarse,361667.09693574253,505386.74030265305,341.80319371641906,-2.3483484034853177,12.340544478423272,prior,north,2.3483484034853177,0.7733118971061094,0.45165945165945165,False,2.7137177450453915,True,361656.74340455054,505383.7877085054,,10.76630950439384,3.3623603008931067,
4615440378688443,2025,panoroma_fine,361667.09693574253,505386.74030265305,341.80319371641906,-2.3483484034853177,12.340544478423272,prior,north,2.3483484034853177,0.7733118971061094,0.45165945165945165,False,2.7137177450453915,True,361654.3628456937,505385.0904761473,,12.84052089560664,10.451229974091802,
4615440378688443,2025,panoroma_two_pass,361667.09693574253,505386.74030265305,341.80319371641906,-2.3483484034853177,12.340544478423272,prior,north,2.3483484034853177,0.7733118971061094,0.45165945165945165,False,2.7137177450453915,True,361654.3628456937,505385.0904761473,,12.84052089560664,10.451229974091802,
4615440378688443,2024,panoroma_coarse,361667.09693574253,505386.74030265305,341.80319371641906,-2.3483484034853177,12.340544478423272,prior,north,2.3483484034853177,0.7986577181208053,0.5131396957123098,False,0.2687024153954423,True,361656.7310716063,505383.6536846399,,10.815653010820192,6.216666495393113,
4615440378688443,2024,panoroma_fine,361667.09693574253,505386.74030265305,341.80319371641906,-2.3483484034853177,12.340544478423272,prior,north,2.3483484034853177,0.7986577181208053,0.5131396957123098,False,0.2687024153954423,True,361656.8653107762,505383.88645240676,,10.622175421236744,1.833616156694414,
4615440378688443,2024,panoroma_two_pass,361667.09693574253,505386.74030265305,341.80319371641906,-2.3483484034853177,12.340544478423272,prior,north,2.3483484034853177,0.7986577181208053,0.5131396957123098,False,0.2687024153954423,True,361656.8653107762,505383.88645240676,,10.622175421236744,1.833616156694414,
2475590072940447,2025,panoroma_coarse,361435.191131282,505388.7912223553,37.60874143036869,6.561074116439073,21.861872817515597,prior,north,-6.561074116439073,0.6113861386138614,0.497737556561086,False,4.394443564709925,True,361434.71590365574,505384.8822962348,,3.937708053259581,1.7834632937290793,
2475590072940447,2025,panoroma_fine,361435.191131282,505388.7912223553,37.60874143036869,6.561074116439073,21.861872817515597,prior,north,-6.561074116439073,0.6113861386138614,0.497737556561086,False,4.394443564709925,True,361430.8994010868,505387.060699867,,4.627489184334321,2.9760156340648334,
2475590072940447,2025,panoroma_two_pass,361435.191131282,505388.7912223553,37.60874143036869,6.561074116439073,21.861872817515597,prior,north,-6.561074116439073,0.6113861386138614,0.497737556561086,False,4.394443564709925,True,361430.8994010868,505387.060699867,,4.627489184334321,2.9760156340648334,
2475590072940447,2024,panoroma_coarse,361435.191131282,505388.7912223553,37.60874143036869,6.561074116439073,21.861872817515597,prior,north,-6.561074116439073,0.6361386138613861,0.47071583514099785,False,3.8895538221945802,True,361433.62031010416,505385.4407914841,,3.7003873034830828,2.168918561449668,
2475590072940447,2024,panoroma_fine,361435.191131282,505388.7912223553,37.60874143036869,6.561074116439073,21.861872817515597,prior,north,-6.561074116439073,0.6361386138613861,0.47071583514099785,False,3.8895538221945802,True,361430.2008454257,505387.2944069374,,5.209933715797669,7.024897514011219,
2475590072940447,2024,panoroma_two_pass,361435.191131282,505388.7912223553,37.60874143036869,6.561074116439073,21.861872817515597,prior,north,-6.561074116439073,0.6361386138613861,0.47071583514099785,False,3.8895538221945802,True,361430.2008454257,505387.2944069374,,5.209933715797669,7.024897514011219,
1396114019377954,2025,panoroma_coarse,361670.2548139775,505387.72986708675,342.5975018495259,4.9904432314068,12.802808954800723,prior,north,-4.9904432314068,0.8249534450651769,0.5238907849829352,False,2.5615068966054353,True,361659.65729143645,505382.05261308205,,12.022424757186917,8.755772684076286,
1396114019377954,2025,panoroma_fine,361670.2548139775,505387.72986708675,342.5975018495259,4.9904432314068,12.802808954800723,prior,north,-4.9904432314068,0.8249534450651769,0.5238907849829352,False,2.5615068966054353,True,361659.98374757485,505384.5932318986,,10.739333561791096,10.211702491170096,
1396114019377954,2025,panoroma_two_pass,361670.2548139775,505387.72986708675,342.5975018495259,4.9904432314068,12.802808954800723,prior,north,-4.9904432314068,0.8249534450651769,0.5238907849829352,False,2.5615068966054353,True,361659.98374757485,505384.5932318986,,10.739333561791096,10.211702491170096,
1396114019377954,2024,panoroma_coarse,361670.2548139775,505387.72986708675,342.5975018495259,4.9904432314068,12.802808954800723,prior,north,-4.9904432314068,0.8342749529190208,0.37484737484737485,False,1.9610014328532936,True,361660.0426750303,505382.93316394475,,11.282559235815802,7.44934108936263,
1396114019377954,2024,panoroma_fine,361670.2548139775,505387.72986708675,342.5975018495259,4.9904432314068,12.802808954800723,prior,north,-4.9904432314068,0.8342749529190208,0.37484737484737485,False,1.9610014328532936,True,361660.92227561254,505384.68582747073,,9.816437720357369,3.9098396664729544,
1396114019377954,2024,panoroma_two_pass,361670.2548139775,505387.72986708675,342.5975018495259,4.9904432314068,12.802808954800723,prior,north,-4.9904432314068,0.8342749529190208,0.37484737484737485,False,1.9610014328532936,True,361660.92227561254,505384.68582747073,,9.816437720357369,3.9098396664729544,
2297705431003261,2025,panoroma_coarse,361692.0407925941,505395.04660389107,341.62760906800236,8.285998239926982,13.096277008695289,prior,north,-8.285998239926982,0.8778077268643306,0.5941926345609065,False,4.504068100297681,True,361683.53832429455,505389.40209972014,,10.205508048110492,1.3767618026691373,
2297705431003261,2025,panoroma_fine,361692.0407925941,505395.04660389107,341.62760906800236,8.285998239926982,13.096277008695289,prior,north,-8.285998239926982,0.8778077268643306,0.5941926345609065,False,4.504068100297681,True,361679.0381530202,505389.5894175082,,14.101401317082303,12.378423949090765,
2297705431003261,2025,panoroma_two_pass,361692.0407925941,505395.04660389107,341.62760906800236,8.285998239926982,13.096277008695289,prior,north,-8.285998239926982,0.8778077268643306,0.5941926345609065,False,4.504068100297681,True,361679.0381530202,505389.5894175082,,14.101401317082303,12.378423949090765,
2297705431003261,2024,panoroma_coarse,361692.0407925941,505395.04660389107,341.62760906800236,8.285998239926982,13.096277008695289,prior,north,-8.285998239926982,0.8792165397170838,0.7025920873124147,False,4.148038691024776,True,361683.4910061981,505391.22538928594,,9.364856030671783,3.09461115700111,
2297705431003261,2024,panoroma_fine,361692.0407925941,505395.04660389107,341.62760906800236,8.285998239926982,13.096277008695289,prior,north,-8.285998239926982,0.8792165397170838,0.7025920873124147,False,4.148038691024776,True,361679.58404479845,505392.6189019712,,12.691111151338804,7.691844005047127,
2297705431003261,2024,panoroma_two_pass,361692.0407925941,505395.04660389107,341.62760906800236,8.285998239926982,13.096277008695289,prior,north,-8.285998239926982,0.8792165397170838,0.7025920873124147,False,4.148038691024776,True,361679.58404479845,505392.6189019712,,12.691111151338804,7.691844005047127,
3578370962341082,2025,panoroma_coarse,361722.43283607205,505405.1593217058,341.70905350321345,9.194914049966599,17.401209465369714,prior,north,-9.194914049966599,0.8496,0.4411764705882353,False,3.892855966316726,True,361738.44715571863,505407.48294157226,,16.182016037150664,15.388750254054239,
3578370962341082,2025,panoroma_fine,361722.43283607205,505405.1593217058,341.70905350321345,9.194914049966599,17.401209465369714,prior,north,-9.194914049966599,0.8496,0.4411764705882353,False,3.892855966316726,True,361742.32969836943,505407.7661202072,,20.066901298099236,9.445559269804031,
3578370962341082,2025,panoroma_two_pass,361722.43283607205,505405.1593217058,341.70905350321345,9.194914049966599,17.401209465369714,prior,north,-9.194914049966599,0.8496,0.4411764705882353,False,3.892855966316726,True,361742.32969836943,505407.7661202072,,20.066901298099236,9.445559269804031,
3578370962341082,2024,panoroma_coarse,361722.43283607205,505405.1593217058,341.70905350321345,9.194914049966599,17.401209465369714,prior,north,-9.194914049966599,0.8209876543209876,0.4665856622114216,False,3.792014284153293,True,361738.0968425136,505410.19374388916,,16.45316092794457,15.496899585122655,
3578370962341082,2024,panoroma_fine,361722.43283607205,505405.1593217058,341.70905350321345,9.194914049966599,17.401209465369714,prior,north,-9.194914049966599,0.8209876543209876,0.4665856622114216,False,3.792014284153293,True,361741.81235650275,505409.4358994939,,19.845778636816597,9.613544842335411,
3578370962341082,2024,panoroma_two_pass,361722.43283607205,505405.1593217058,341.70905350321345,9.194914049966599,17.401209465369714,prior,north,-9.194914049966599,0.8209876543209876,0.4665856622114216,False,3.792014284153293,True,361741.81235650275,505409.4358994939,,19.845778636816597,9.613544842335411,
