step,split,ce,top1,cell_err_m,pose_nll,pose_err_m,n,sec,vce_m,vce_pose_m
1,train,7.0782,0.0003,30.45,6.8187,24.04,3856,4.5,18.796,18.352
2,train,6.3076,0.0066,23.39,6.1736,17.16,4246,5.1,15.938,15.897
3,train,6.9454,0.0059,31.32,6.6726,26.69,4273,5.7,18.307,18.137
4,train,7.1166,0.0015,40.83,6.6673,16.81,4728,6.3,13.866,13.543
5,train,7.4211,0.0035,49.22,6.9728,34.93,4845,6.9,22.776,22.664
6,train,7.0758,0.0011,35.27,6.7248,16.15,4571,7.5,11.973,11.931
7,train,6.7325,0.0014,36.45,6.3802,24.53,4247,8.0,12.866,12.796
8,train,6.5805,0.0093,23.93,6.4345,15.85,4279,8.6,11.349,11.294
9,train,6.6475,0.0082,29.37,6.4258,14.11,5216,9.2,13.210,13.121
10,train,6.4534,0.0275,23.65,6.3170,11.86,4322,9.8,13.337,13.219
11,train,6.5149,0.0070,32.06,6.3629,19.98,4127,10.4,15.279,15.149
12,train,6.4479,0.0050,22.02,6.3039,16.84,4014,11.0,16.126,16.061
13,train,6.2802,0.0073,21.27,6.1585,15.77,4412,11.5,13.736,13.668
14,train,5.8448,0.0060,14.61,5.7523,10.31,3850,12.1,8.314,8.086
15,train,6.0930,0.0059,23.75,5.9322,23.94,4607,12.7,17.840,17.775
16,train,5.8340,0.0172,18.32,5.7305,15.57,4716,13.3,14.443,14.374
17,train,5.5181,0.0343,15.46,5.3779,8.77,4371,13.9,11.474,11.359
18,train,5.5023,0.0090,17.22,5.3404,12.08,4453,14.5,13.172,13.093
19,train,5.4064,0.0080,15.24,5.3017,12.23,4528,15.0,11.603,11.505
20,train,5.5529,0.0221,16.19,5.4789,14.05,5465,15.6,13.537,13.493
21,train,5.3550,0.0082,15.07,5.1745,13.77,4861,16.2,13.527,13.449
22,train,5.7277,0.0021,19.93,5.6588,19.08,4663,16.8,17.983,17.900
23,train,5.3815,0.0016,18.55,5.2305,17.22,4434,17.4,14.329,14.268
24,train,5.2891,0.0178,16.60,5.1066,17.32,4219,18.0,15.134,15.065
25,train,5.4119,0.0150,16.68,5.4032,17.74,4343,18.5,13.640,13.558
26,train,5.2793,0.0092,13.83,5.1017,13.74,4450,19.1,10.175,10.044
27,train,4.8495,0.0583,11.56,4.6247,8.37,4614,19.7,9.139,9.030
28,train,4.9017,0.0364,13.83,4.7439,13.36,4502,20.3,13.007,12.904
29,train,5.0728,0.0168,14.44,4.9777,17.21,4283,20.9,12.619,12.427
30,train,5.1694,0.0004,16.44,5.0829,16.18,4584,21.5,14.306,14.176
31,train,5.1608,0.0490,16.62,4.9173,15.12,3938,22.1,14.549,14.415
32,train,5.2049,0.0045,16.50,5.2043,19.35,5587,22.6,14.972,14.894
33,train,5.2966,0.0242,14.63,5.1927,13.62,5288,23.2,12.616,12.471
34,train,5.6894,0.0068,19.95,5.5458,20.44,4555,23.8,18.368,18.319
35,train,5.0584,0.0071,14.87,4.8953,15.75,4242,24.4,13.052,12.975
36,train,5.3057,0.0044,17.10,5.1276,17.75,4763,25.0,16.511,16.460
37,train,5.3926,0.0016,19.11,5.3707,18.92,4497,25.6,17.155,17.100
38,train,5.3358,0.0035,17.81,5.1476,16.39,4004,26.1,15.653,15.560
39,train,5.0674,0.0033,15.25,4.9652,13.66,4882,26.7,14.352,14.288
40,train,4.6635,0.0085,10.91,4.5749,10.94,4613,27.3,6.192,5.819
41,train,4.7646,0.0447,11.74,4.6802,7.74,4317,27.9,10.276,10.130
42,train,5.3172,0.0451,16.98,5.2015,17.38,4083,28.5,14.297,14.154
43,train,5.1649,0.0066,16.65,5.0742,15.58,4842,29.1,14.806,14.717
44,train,5.0743,0.0107,14.19,4.8122,15.08,4847,29.7,13.562,13.360
45,train,5.2546,0.0027,16.37,5.2216,15.83,4374,30.2,14.406,14.316
46,train,5.2335,0.0423,15.70,5.0721,13.48,4770,30.8,13.041,13.023
47,train,4.8358,0.0082,13.78,4.6307,13.75,4536,31.4,10.538,10.411
48,train,5.5330,0.0000,19.11,5.2966,21.00,4299,32.0,15.804,15.725
49,train,5.3798,0.0077,19.37,5.2049,20.32,4533,32.6,16.572,16.533
50,train,5.0397,0.0137,16.78,4.9137,13.66,4102,33.2,13.692,13.611
51,train,5.4293,0.0027,18.81,5.4156,19.37,4139,33.7,16.975,16.954
52,train,4.9445,0.0106,13.41,4.6864,8.99,4528,34.3,11.489,11.303
53,train,4.7183,0.0143,13.96,4.5561,12.67,4482,34.9,11.289,11.214
54,train,5.0304,0.0080,17.22,4.7343,15.21,4272,35.5,13.728,13.675
55,train,4.5332,0.0444,12.00,4.2025,9.29,4822,36.1,9.247,9.085
56,train,4.8255,0.0473,14.02,4.4901,10.07,5138,36.7,11.505,11.373
57,train,4.5632,0.0248,12.45,4.3462,9.48,5328,37.2,10.078,9.933
58,train,5.2077,0.0042,18.02,4.9037,17.07,4088,37.8,14.976,14.832
59,train,4.5348,0.0471,13.06,4.4252,13.60,3863,38.4,10.740,10.606
60,train,5.1935,0.0011,18.23,5.1027,18.99,5438,39.0,15.764,15.686
61,train,4.6715,0.0108,15.69,4.5048,16.79,4896,39.6,11.221,11.037
62,train,5.4029,0.0011,18.63,5.3174,20.02,4712,40.2,16.214,16.148
63,train,5.1184,0.0021,16.92,4.8579,17.71,5222,40.8,13.337,13.277
64,train,4.9346,0.0111,14.61,4.7487,12.64,4698,41.3,12.151,12.090
65,train,4.9304,0.0064,15.44,4.8273,13.54,4227,41.9,13.403,13.318
66,train,4.4268,0.0356,11.86,4.2093,10.24,4854,42.5,7.993,7.959
67,train,4.7662,0.0293,16.25,4.4464,13.30,5215,43.1,14.189,14.152
68,train,4.8754,0.0285,16.15,4.7291,12.02,4559,43.7,12.973,12.955
69,train,4.9421,0.0109,15.19,4.6658,13.31,4409,44.3,12.874,12.695
70,train,5.6320,0.0020,22.74,5.3238,22.18,4486,44.8,20.969,20.952
71,train,5.2595,0.0014,19.44,5.0806,20.45,4159,45.4,16.458,16.401
72,train,4.6215,0.0256,15.29,4.3436,15.94,4185,46.0,12.220,12.173
73,train,4.5186,0.0723,12.01,4.3843,9.61,4316,46.6,10.409,10.308
74,train,4.2422,0.0893,8.89,4.1048,7.30,4738,47.2,7.140,7.108
75,train,5.2098,0.0114,19.10,4.9898,17.53,4489,47.8,16.663,16.632
76,train,4.7171,0.0269,14.14,4.4899,13.57,4345,48.3,11.322,11.312
77,train,4.6485,0.0073,14.62,4.3452,15.57,4113,48.9,9.970,9.959
78,train,4.6147,0.0229,11.48,4.4545,9.63,4491,49.5,8.561,8.520
79,train,4.9825,0.0043,15.89,4.7720,14.34,4154,50.1,11.054,10.984
80,train,4.5932,0.0178,14.27,4.2900,12.24,5122,50.7,11.234,11.184
81,train,5.1362,0.0083,17.31,5.0089,15.74,4440,51.3,12.521,12.496
82,train,5.1769,0.0142,16.74,5.0080,16.37,4930,51.8,14.417,14.384
83,train,5.0718,0.0049,16.19,4.8606,14.78,4703,52.4,15.532,15.454
84,train,5.4437,0.0075,17.47,5.4368,16.65,3578,53.0,13.814,13.805
85,train,4.7507,0.0117,15.44,4.4677,15.09,5112,53.6,14.286,14.252
86,train,5.3229,0.0045,17.81,5.0288,13.90,4402,54.2,15.531,15.374
87,train,4.5060,0.0465,11.95,4.1811,9.99,4284,54.8,10.006,9.968
88,train,4.5510,0.0268,12.10,4.2977,5.24,4024,55.3,10.744,10.680
89,train,4.8796,0.0153,14.87,4.6659,16.95,4888,55.9,12.136,12.017
90,train,4.3365,0.0349,14.28,4.0683,15.30,4123,56.5,10.284,10.225
91,train,4.5721,0.0173,12.51,4.5903,12.52,4278,57.1,10.645,10.606
92,train,5.1849,0.0159,18.34,4.9777,16.99,4019,57.7,15.090,15.054
93,train,5.1073,0.0021,16.38,5.0143,15.71,4681,58.3,14.055,13.987
94,train,5.0761,0.0112,15.46,4.9514,16.22,5085,58.8,13.501,13.441
95,train,5.5721,0.0011,19.54,5.2605,20.92,4487,59.4,16.117,16.074
96,train,4.6214,0.0763,12.10,4.4947,10.54,5006,60.0,11.983,11.971
97,train,5.0048,0.0137,17.49,4.9259,16.89,4667,60.6,14.752,14.726
98,train,5.4591,0.0066,19.93,5.2996,19.92,4830,61.2,15.845,15.821
99,train,4.6484,0.0027,14.87,4.4616,12.20,4047,61.8,12.568,12.536
100,train,4.7415,0.0254,13.11,4.6174,13.46,4375,62.3,9.627,9.353
101,train,4.7660,0.0076,14.71,4.5320,11.86,4994,62.9,12.737,12.721
102,train,5.0610,0.0201,16.12,4.8980,14.23,4482,63.5,14.562,14.531
103,train,4.8463,0.0227,14.24,4.6652,12.34,4149,64.1,13.194,13.162
104,train,3.9602,0.1036,7.81,3.7351,2.83,4692,64.7,5.054,4.990
105,train,5.1147,0.0007,16.62,5.1496,16.87,4117,65.3,15.785,15.768
106,train,4.6272,0.0054,13.04,4.4972,11.90,4483,65.9,11.579,11.486
107,train,5.0551,0.0035,18.52,4.8003,17.75,4266,66.4,15.333,15.326
108,train,4.4479,0.0399,10.80,4.1276,7.30,4015,67.0,7.293,7.269
109,train,5.6346,0.0040,19.91,5.3045,18.22,5225,67.6,17.466,17.419
110,train,4.7851,0.0086,12.46,4.6054,9.32,5127,68.2,11.275,11.245
111,train,4.7540,0.0238,15.76,4.5917,15.74,4202,68.8,13.159,13.154
112,train,4.7407,0.0182,14.18,4.6158,14.41,4500,69.4,12.200,12.182
113,train,4.6022,0.0432,13.47,4.3670,13.07,5445,69.9,11.934,11.878
114,train,4.5410,0.0270,13.55,4.0879,11.16,4265,70.5,10.621,10.596
115,train,4.9019,0.0050,16.85,4.6779,12.66,4162,71.1,15.053,14.995
116,train,5.6387,0.0120,19.17,5.4830,17.48,3986,71.7,16.394,16.384
117,train,4.7274,0.0083,13.85,4.6452,13.50,4314,72.3,10.949,10.904
118,train,4.8016,0.0319,15.42,4.6558,15.50,4542,72.9,13.369,13.361
119,train,4.7196,0.0352,14.35,4.3601,13.39,4597,73.4,12.229,12.219
120,train,4.8594,0.0055,14.45,4.8263,13.56,4507,74.0,12.213,12.162
121,train,4.8441,0.0035,20.81,4.5184,23.35,4809,74.6,16.893,16.875
122,train,4.9501,0.0149,15.19,4.7874,14.42,4291,75.2,11.609,11.574
123,train,5.2475,0.0012,19.04,5.0487,17.46,4012,75.8,17.394,17.365
124,train,4.6891,0.0091,13.23,4.3900,8.71,4813,76.4,13.021,12.967
125,train,5.0437,0.0115,19.49,4.9114,18.17,4787,77.0,15.085,15.080
126,train,4.9067,0.0267,15.68,4.7237,16.79,4566,77.5,14.024,14.011
127,train,4.9673,0.0312,16.43,4.6196,14.15,4870,78.1,12.838,12.821
128,train,4.9801,0.0021,17.55,4.9610,18.91,4297,78.7,14.933,14.878
129,train,5.0644,0.0065,17.92,4.6966,15.32,4940,79.3,15.029,15.022
130,train,4.5047,0.0427,11.75,4.1977,7.63,4704,79.9,7.949,7.932
131,train,4.9893,0.0082,15.56,4.5732,10.74,4396,80.5,11.639,11.625
132,train,5.0616,0.0039,17.16,4.8812,15.89,5335,81.0,11.154,11.078
133,train,5.1038,0.0015,17.99,4.8460,24.47,4805,81.6,16.402,16.394
134,train,5.3712,0.0113,18.53,4.9470,17.87,5289,82.2,14.524,14.491
135,train,4.9000,0.0222,14.72,4.5064,13.37,4903,82.8,10.897,10.650
136,train,5.1556,0.0023,17.99,4.8843,14.62,4428,83.4,15.341,15.305
137,train,4.9061,0.0485,14.15,4.5178,11.66,4684,84.0,11.647,11.538
138,train,4.9796,0.0192,15.86,4.6426,12.95,4645,84.6,14.132,14.118
139,train,4.8286,0.0131,13.77,4.5138,14.21,4046,85.1,11.054,11.031
140,train,4.7323,0.0144,15.42,4.5078,17.83,4569,85.7,12.907,12.895
141,train,4.6432,0.0671,12.53,4.4443,12.30,4232,86.3,10.938,10.908
142,train,4.6723,0.0601,16.02,4.2865,16.06,4261,86.9,14.176,14.080
143,train,5.0775,0.0029,18.93,4.7841,19.77,4453,87.5,16.518,16.499
144,train,4.6573,0.0102,13.01,4.3869,12.42,4497,88.1,8.904,8.882
145,train,5.6956,0.0005,20.83,5.5717,21.09,4419,88.6,18.119,18.099
146,train,5.5410,0.0002,19.54,5.5008,18.97,4739,89.2,18.096,18.077
147,train,5.1352,0.0093,19.09,4.6042,16.47,4626,89.8,16.076,16.063
148,train,4.3081,0.0474,13.22,4.0598,10.60,4346,90.4,8.573,8.510
149,train,4.5033,0.0137,12.88,4.3256,11.01,4224,91.0,10.353,10.334
150,train,5.4426,0.0032,19.91,5.1061,19.83,4955,91.6,18.046,18.024
151,train,4.2991,0.0463,11.89,4.0649,11.54,4950,92.2,7.264,7.225
152,train,4.9084,0.0071,15.45,4.6242,14.25,4629,92.7,11.500,11.464
153,train,4.5449,0.0178,12.79,4.4796,15.07,4655,93.3,11.512,11.497
154,train,5.1328,0.0012,20.24,4.7488,21.46,5152,93.9,16.879,16.863
155,train,4.8536,0.0022,15.23,4.7152,16.03,4512,94.5,13.160,13.154
156,train,4.8261,0.0253,15.59,4.6187,16.87,4076,95.1,13.423,13.406
157,train,5.3583,0.0000,17.11,5.1698,15.81,4761,95.7,16.680,16.676
158,train,4.5505,0.0220,11.15,4.4858,10.66,4318,96.2,10.349,10.340
159,train,4.3641,0.0391,11.26,4.0818,8.47,4215,96.8,7.720,7.652
160,train,5.3315,0.0063,16.46,5.1099,12.55,3958,97.4,14.916,14.897
161,train,5.0455,0.0077,15.21,4.8902,13.87,5043,98.0,11.742,11.727
162,train,5.1845,0.0161,20.30,4.9056,21.07,4107,98.6,18.232,18.228
163,train,5.1231,0.0146,16.09,4.9351,16.42,5071,99.2,14.595,14.590
164,train,5.1523,0.0123,16.77,4.8928,17.71,5219,99.8,15.974,15.952
165,train,4.4036,0.0351,11.54,4.1638,10.24,4332,100.3,8.772,8.755
166,train,5.3027,0.0017,17.04,5.1777,16.82,4641,100.9,16.501,16.490
167,train,5.0268,0.0153,15.21,4.8343,15.91,4372,101.5,14.375,14.367
168,train,4.4098,0.0546,12.56,4.0707,9.24,4526,102.1,9.535,9.501
169,train,4.9010,0.0084,14.41,4.7345,13.68,4171,102.7,13.043,13.020
170,train,4.6263,0.0111,13.91,4.5697,14.57,4855,103.3,12.004,11.971
171,train,4.7937,0.0194,14.07,4.6609,12.55,4222,103.8,12.292,12.280
172,train,4.7979,0.0397,12.54,4.5633,11.12,5393,104.4,10.326,10.308
173,train,4.9004,0.0053,16.45,4.5966,15.61,4309,105.0,14.862,14.855
174,train,4.6421,0.0150,13.70,4.3909,11.99,4918,105.6,12.270,12.255
175,train,4.9976,0.0130,15.98,4.8017,14.46,4708,106.2,13.930,13.929
176,train,4.2395,0.0671,10.38,3.9565,8.66,4290,106.8,8.344,8.335
177,train,5.0505,0.0013,17.42,4.9527,16.49,4471,107.4,15.785,15.768
178,train,4.2183,0.0233,10.43,3.8591,7.84,4161,107.9,9.061,9.056
179,train,4.8153,0.0105,14.66,4.5930,14.11,3889,108.5,12.723,12.664
180,train,5.3389,0.0111,18.49,5.1656,16.37,4136,109.1,16.377,16.372
181,train,4.6340,0.0136,13.46,4.3991,14.29,4330,109.7,12.127,12.116
182,train,4.7493,0.0016,13.28,4.5302,12.45,4959,110.3,12.465,12.456
183,train,4.4412,0.0792,13.19,4.1140,7.48,3925,110.9,12.300,12.299
184,train,4.6628,0.0234,12.90,4.4827,10.96,3979,111.4,10.038,10.028
185,train,4.6402,0.0037,12.49,4.5114,12.24,4536,112.0,10.808,10.797
186,train,5.0003,0.0263,17.17,4.7893,15.24,4408,112.6,15.444,15.443
187,train,5.3440,0.0011,20.10,5.1403,22.39,4383,113.2,17.438,17.426
188,train,4.9604,0.0085,15.77,4.8092,15.05,3886,113.8,13.573,13.556
189,train,4.9917,0.0127,13.09,4.8985,12.69,3856,114.4,11.352,11.317
190,train,4.8570,0.0125,16.74,4.5325,17.54,4552,114.9,13.119,13.109
191,train,4.7472,0.0129,14.27,4.5226,12.45,5058,115.5,9.983,9.908
192,train,4.7504,0.0149,15.18,4.3451,13.63,4557,116.1,10.625,10.526
193,train,4.7248,0.0208,14.24,4.6565,10.43,4323,116.7,10.773,10.739
194,train,4.8375,0.0097,18.67,4.7798,21.29,4219,117.3,15.241,15.231
195,train,4.9604,0.0209,14.87,4.6924,16.72,4106,117.9,13.150,13.140
196,train,4.5130,0.0250,13.36,4.2974,14.40,4595,118.4,10.260,10.124
197,train,4.7471,0.0415,14.95,4.2224,13.31,4268,119.0,11.574,11.534
198,train,4.2739,0.0281,12.47,4.0415,10.00,4658,119.6,11.008,10.977
199,train,4.6972,0.0554,14.86,4.3927,10.60,3755,120.2,12.700,12.672
200,train,4.4374,0.0197,11.81,4.1790,10.47,4207,120.8,9.705,9.691
201,train,4.2159,0.0523,14.37,3.8895,15.41,4091,121.4,10.263,10.241
202,train,4.4036,0.1126,14.10,4.1726,11.77,4048,121.9,12.555,12.538
203,train,4.2080,0.0587,11.05,4.0103,7.16,4411,122.5,9.518,9.505
204,train,5.5471,0.0004,23.97,5.3099,23.34,4946,123.1,18.282,18.262
205,train,4.6209,0.0101,16.23,4.3277,14.70,4245,123.7,11.244,11.097
206,train,5.5285,0.0013,20.89,5.3538,21.20,5215,124.3,19.437,19.429
207,train,4.5910,0.0249,12.84,4.4797,12.02,3980,124.9,11.681,11.672
208,train,4.5785,0.0427,14.71,4.3868,13.58,4215,125.5,12.019,11.995
209,train,5.2463,0.0002,18.50,5.1806,20.61,4718,126.0,16.220,16.191
210,train,5.1075,0.0084,21.43,4.7473,20.68,4548,126.6,15.967,15.955
211,train,4.7570,0.0135,19.11,4.5015,20.26,3937,127.2,14.640,14.626
212,train,4.7941,0.0112,12.95,4.3809,10.26,4648,127.8,10.887,10.861
213,train,4.7229,0.0145,15.65,4.5255,19.51,4494,128.4,11.401,11.384
214,train,4.2963,0.0527,13.22,4.0900,11.95,4157,129.0,9.536,9.485
215,train,4.4313,0.0797,12.91,4.0906,11.25,4293,129.5,10.070,10.056
216,train,5.0363,0.0017,21.68,4.9110,21.06,4101,130.1,14.168,14.149
217,train,4.7640,0.0458,17.27,4.6144,17.46,4277,130.7,15.040,15.018
218,train,4.5660,0.0066,13.23,4.4517,10.43,4097,131.3,10.297,10.276
219,train,4.5258,0.0233,16.46,4.3875,18.63,4385,131.9,12.885,12.775
220,train,4.6576,0.0360,14.77,4.3454,14.74,4666,132.5,10.480,10.469
221,train,4.4489,0.0357,14.66,4.2061,11.60,4733,133.0,9.879,9.832
222,train,4.2344,0.0317,11.98,3.8515,8.25,5117,133.6,7.654,7.596
223,train,4.4645,0.0181,16.17,4.2434,12.28,4850,134.2,12.293,12.286
224,train,4.7159,0.0233,15.25,4.7110,15.53,4155,134.8,13.520,13.510
225,train,4.5912,0.0052,15.35,4.2641,13.74,4604,135.4,11.578,11.559
226,train,4.4721,0.0163,13.25,4.5345,15.30,4484,136.0,11.189,11.154
227,train,4.8134,0.0106,16.43,4.6134,19.51,4420,136.5,13.784,13.778
228,train,4.9534,0.0076,13.77,4.7411,13.33,4876,137.1,12.441,12.435
229,train,4.6693,0.0420,15.57,4.4419,16.95,4481,137.7,13.106,13.080
230,train,5.3917,0.0009,18.13,5.1301,16.81,4425,138.3,16.401,16.396
231,train,4.9796,0.0055,14.64,4.7660,13.72,4750,138.9,14.440,14.407
232,train,4.8694,0.0158,17.41,4.7118,19.06,5112,139.5,16.316,16.305
233,train,4.3076,0.0695,10.52,3.9708,7.40,4376,140.1,9.052,9.026
234,train,4.9582,0.0516,15.32,4.5152,13.36,4630,140.6,13.005,12.992
235,train,5.3818,0.0240,18.05,5.3013,19.70,4749,141.2,18.012,18.007
236,train,5.0096,0.0179,15.05,4.7452,15.07,4534,141.8,12.624,12.618
237,train,4.7667,0.0377,15.85,4.3633,16.40,4266,142.4,11.952,11.875
238,train,4.4036,0.0262,11.60,4.1822,8.77,4692,143.0,6.976,6.855
239,train,4.4880,0.0214,14.93,4.2383,12.12,4443,143.6,12.532,12.478
240,train,4.9938,0.0024,20.83,4.7867,21.89,4099,144.1,17.502,17.478
241,train,4.9051,0.0207,14.39,4.6416,12.44,5076,144.7,13.379,13.371
242,train,4.6382,0.0393,13.81,4.4915,13.72,4655,145.3,11.978,11.951
243,train,4.8923,0.0074,14.49,4.5530,12.62,4059,145.9,11.930,11.921
244,train,4.4548,0.0460,12.22,4.0374,9.71,4935,146.5,9.252,9.210
245,train,5.0039,0.0190,17.30,4.9036,16.30,5209,147.1,15.485,15.457
246,train,4.1618,0.1151,11.60,3.8335,10.66,4387,147.7,7.305,7.270
247,train,4.9860,0.0026,14.48,4.7716,14.38,4202,148.2,11.626,11.584
248,train,5.0592,0.0045,17.00,4.9494,13.06,4427,148.8,15.225,15.200
249,train,4.8098,0.0480,12.86,4.6834,11.32,4187,149.4,11.852,11.836
250,train,5.1352,0.0339,14.52,5.0102,13.47,5522,150.0,14.898,14.890
251,train,4.7915,0.0068,15.57,4.6938,14.88,4989,150.6,13.383,13.362
252,train,5.4103,0.0014,18.02,5.0453,17.54,4359,151.2,16.426,16.402
253,train,4.4138,0.0092,11.89,4.2493,12.02,4326,151.7,9.951,9.949
254,train,4.8138,0.0054,14.03,4.5460,15.77,4990,152.3,12.904,12.891
255,train,5.0778,0.0277,16.30,4.5936,13.47,4407,152.9,13.741,13.734
256,train,4.5588,0.0184,14.82,4.3704,15.72,4676,153.5,13.443,13.401
257,train,4.7860,0.0108,13.95,4.5025,15.66,4613,154.1,14.189,14.179
258,train,4.9473,0.0009,14.19,4.8060,17.09,4618,154.7,13.901,13.888
259,train,4.3967,0.0417,11.92,4.1935,10.41,4633,155.3,10.431,10.429
260,train,4.4956,0.0478,12.27,4.1697,10.66,4290,155.8,10.888,10.850
261,train,4.7651,0.0301,16.51,4.4350,14.47,4681,156.4,12.381,12.376
262,train,4.9067,0.0447,16.10,4.3289,13.42,4542,157.0,14.960,14.955
263,train,4.5820,0.0594,16.76,4.2152,18.04,3940,157.6,14.505,14.503
264,train,4.5520,0.0230,14.95,4.2520,9.51,4647,158.2,9.668,9.638
265,train,4.4711,0.0225,15.56,4.1135,15.56,4746,158.8,12.339,12.319
266,train,5.4898,0.0027,19.73,5.2394,23.09,5476,159.3,16.016,16.014
267,train,4.5768,0.0272,16.28,4.2911,11.08,4932,159.9,12.308,12.295
268,train,4.6122,0.0045,14.08,4.3974,13.50,4044,160.5,8.058,8.050
269,train,5.0878,0.0053,17.28,4.9638,19.38,4378,161.1,13.048,13.041
270,train,4.6760,0.0197,17.31,4.4233,19.43,4524,161.7,11.697,11.681
271,train,4.3434,0.0442,14.48,4.0777,13.31,4164,162.3,10.211,10.189
272,train,5.2608,0.0017,23.80,5.0173,25.88,4597,162.9,19.295,19.289
273,train,5.0888,0.0047,19.86,4.9781,27.93,4728,163.4,18.767,18.762
274,train,4.7045,0.0229,18.01,4.5322,21.29,4682,164.0,13.615,13.610
275,train,4.7810,0.0124,15.28,4.4907,15.73,4910,164.6,10.585,10.577
276,train,4.8759,0.0179,16.28,4.5130,10.54,3800,165.2,16.540,16.535
277,train,4.5206,0.0466,13.09,4.2189,9.83,3885,165.8,10.720,10.712
278,train,4.9647,0.0011,16.24,4.7867,15.94,5261,166.4,14.666,14.658
279,train,4.8219,0.0029,15.74,4.6483,12.52,4478,166.9,12.613,12.607
280,train,4.6461,0.0104,19.26,4.4834,19.68,4712,167.5,13.655,13.638
281,train,4.8283,0.0010,22.50,4.6200,25.70,4088,168.1,18.153,18.148
282,train,4.3586,0.0083,13.02,3.9857,12.73,3955,168.7,9.759,9.751
283,train,4.8734,0.0146,16.81,4.9232,15.72,4511,169.3,15.536,15.515
284,train,4.3468,0.0078,11.65,4.1300,8.24,4127,169.9,9.513,9.475
285,train,4.6105,0.0053,14.55,4.4366,13.92,5502,170.4,10.071,10.066
286,train,4.3713,0.0516,12.51,4.1364,12.31,3858,171.0,9.542,9.495
287,train,5.0043,0.0061,14.62,5.0525,12.86,4561,171.6,14.704,14.670
288,train,4.9788,0.0086,18.05,4.7926,20.72,4077,172.2,16.090,16.086
289,train,4.3395,0.0630,13.47,4.1963,9.56,4619,172.8,10.520,10.506
290,train,5.3195,0.0002,22.63,5.2495,26.80,5237,173.4,20.076,20.058
291,train,5.1027,0.0020,17.69,4.7811,17.21,4045,174.0,15.062,15.035
292,train,4.5633,0.0074,14.49,4.3508,14.82,4625,174.5,11.409,11.372
293,train,4.5428,0.0089,13.56,4.3109,11.02,4136,175.1,10.699,10.689
294,train,4.4503,0.0336,12.70,4.1861,9.77,4138,175.7,11.051,11.045
295,train,4.9695,0.0027,15.08,4.6457,15.99,4075,176.3,12.521,12.510
296,train,5.3522,0.0129,17.59,5.1213,14.95,4572,176.9,14.225,14.221
297,train,4.6234,0.0101,11.93,4.5722,12.06,5332,177.5,9.379,9.341
298,train,4.5745,0.0138,13.98,4.2991,9.16,4549,178.0,10.957,10.912
299,train,5.2378,0.0130,15.91,5.1583,16.78,4087,178.6,14.342,14.335
300,train,4.5903,0.0253,12.99,4.3985,12.34,4856,179.2,10.610,10.597
301,train,5.3723,0.0022,16.27,4.9303,12.56,4552,179.8,13.795,13.760
302,train,5.4472,0.0023,16.08,5.0632,13.72,4336,180.4,14.362,14.347
303,train,4.4443,0.0344,14.70,4.2028,12.25,4330,181.0,11.760,11.746
304,train,4.6622,0.0264,13.17,4.5153,13.42,4173,181.5,10.587,10.581
305,train,5.3664,0.0013,17.61,5.1805,16.15,4742,182.1,15.233,15.220
306,train,4.2505,0.0407,12.35,4.0726,11.01,4443,182.7,10.179,10.161
307,train,5.1661,0.0127,16.37,4.8916,11.24,4723,183.3,12.871,12.850
308,train,4.4610,0.0336,13.40,4.1724,10.77,3928,183.9,10.792,10.770
309,train,4.3336,0.0319,12.45,3.9005,9.18,4835,184.5,11.263,11.190
310,train,4.9660,0.0047,15.93,4.7158,16.79,4912,185.1,12.566,12.554
311,train,4.7618,0.0254,14.50,4.3021,14.45,4847,185.6,11.070,11.058
312,train,4.7097,0.0616,11.03,4.3589,7.63,4710,186.2,7.699,7.678
313,train,4.7366,0.0240,14.92,4.4934,16.07,4291,186.8,10.745,10.723
314,train,4.8457,0.0459,16.49,4.4202,11.54,3899,187.4,15.329,15.311
315,train,4.4125,0.0165,12.33,3.8673,7.65,3694,188.0,10.249,10.217
316,train,4.6093,0.0174,12.02,4.5058,9.40,4989,188.6,7.528,7.509
317,train,4.5571,0.0178,12.25,4.2310,10.95,4146,189.1,7.559,7.516
318,train,5.1033,0.0039,17.29,4.7554,15.53,4566,189.7,13.914,13.880
319,train,4.1567,0.1041,10.06,3.8852,4.00,4129,190.3,7.843,7.800
320,train,4.9962,0.0079,17.30,4.8130,16.51,4929,190.9,13.989,13.974
321,train,4.4896,0.0588,13.32,4.0054,9.96,4763,191.5,11.645,11.628
322,train,4.8598,0.0224,14.09,4.5173,11.65,4059,192.1,12.700,12.689
323,train,4.3492,0.0512,10.62,4.0398,7.47,4138,192.7,9.598,9.577
324,train,4.7069,0.0340,10.81,4.2586,7.65,4583,193.2,9.097,9.058
325,train,4.5868,0.0218,13.48,4.3197,11.67,4350,193.8,9.199,9.080
326,train,3.9569,0.0678,9.09,3.5855,6.24,4230,194.4,5.555,5.194
327,train,4.7172,0.0149,14.69,4.2586,8.12,4430,195.0,12.250,12.240
328,train,3.9658,0.0753,9.79,3.5426,7.47,4490,195.6,6.262,6.239
329,train,4.5617,0.0271,15.71,4.2373,14.90,4098,196.2,12.912,12.905
330,train,4.7562,0.0367,14.98,4.3048,12.54,4193,196.7,12.183,12.174
331,train,5.0706,0.0255,16.98,4.4015,13.25,5092,197.3,13.415,13.404
332,train,4.8476,0.0081,14.10,4.7011,14.44,4795,197.9,8.807,8.789
333,train,4.5608,0.0518,15.49,4.3802,17.97,4726,198.5,12.575,12.571
334,train,4.7990,0.0343,18.69,4.6724,16.63,4232,199.1,14.749,14.743
335,train,4.9053,0.0438,17.19,4.6686,14.49,3720,199.7,12.751,12.739
336,train,4.5963,0.0055,12.96,4.3886,11.70,4003,200.2,8.771,8.759
337,train,5.0852,0.0045,18.46,4.8355,17.53,4253,200.8,14.142,14.140
338,train,4.6381,0.0169,14.75,4.3104,15.25,4014,201.4,11.713,11.711
339,train,4.5714,0.0022,13.19,4.3296,11.24,4945,202.0,8.856,8.777
340,train,5.3290,0.0023,22.55,5.1222,28.51,4284,202.6,19.954,19.945
341,train,4.9494,0.0019,16.24,4.7754,12.00,4828,203.2,12.721,12.705
342,train,5.3314,0.0008,21.78,5.1646,19.72,5175,203.7,18.695,18.693
343,train,4.5129,0.0290,14.60,4.2254,14.72,4419,204.3,12.778,12.753
344,train,4.8605,0.0199,14.52,4.7095,11.16,5385,204.9,14.168,14.160
345,train,4.9953,0.0015,19.38,4.9264,14.79,5290,205.5,15.275,15.272
346,train,4.3663,0.0186,10.10,4.0901,9.00,3715,206.1,7.628,7.591
347,train,4.5599,0.0076,16.68,4.3850,22.29,4323,206.7,10.412,10.371
348,train,4.6542,0.0067,15.91,4.3977,14.84,4474,207.3,12.258,12.233
349,train,5.0711,0.0055,19.71,4.9135,19.41,4369,207.8,17.346,17.338
350,train,4.5244,0.0249,12.94,4.3157,11.58,4863,208.4,7.468,7.425
351,train,4.7868,0.0091,15.33,4.7753,16.95,4515,209.0,10.795,10.793
352,train,4.7043,0.0217,14.14,4.6284,12.08,4096,209.6,10.519,10.516
353,train,4.6077,0.0157,11.69,4.3892,12.33,4191,210.2,11.103,11.079
354,train,4.3623,0.0240,13.07,4.2127,16.51,4335,210.8,11.002,10.999
355,train,5.2894,0.0019,25.13,4.8792,25.08,4212,211.3,20.554,20.551
356,train,4.2790,0.0149,10.82,4.0723,8.65,4294,211.9,7.722,7.709
357,train,4.9866,0.0057,17.95,4.6468,18.08,4924,212.5,14.489,14.439
358,train,4.9612,0.0104,16.85,4.7451,17.78,5190,213.1,12.007,11.907
359,train,4.8233,0.0203,18.92,4.7217,15.30,3752,213.7,14.096,13.962
360,train,4.8050,0.0052,17.27,4.5254,18.63,4036,214.3,14.920,14.904
361,train,4.9239,0.0038,14.83,4.6813,16.19,4752,214.8,13.180,13.168
362,train,5.0347,0.0033,18.47,4.8101,14.77,5505,215.4,16.214,16.182
363,train,4.8711,0.0400,18.55,4.5025,17.19,4245,216.0,14.250,14.239
364,train,3.8476,0.0861,7.78,3.5493,5.61,4137,216.6,4.114,3.970
365,train,4.7860,0.0200,12.05,4.6780,10.82,3998,217.2,10.819,10.738
366,train,4.8872,0.0063,16.72,4.6236,17.37,4607,217.8,13.006,13.003
367,train,4.3657,0.0394,14.16,4.0083,13.10,4215,218.3,10.307,10.232
368,train,4.4455,0.0252,11.12,4.2741,10.47,4084,218.9,10.688,10.681
369,train,5.0568,0.0043,18.85,4.8970,15.15,5346,219.5,13.436,13.154
370,train,4.9526,0.0036,13.90,4.8974,11.73,4663,220.1,11.629,11.624
371,train,4.6114,0.0600,14.88,4.3250,12.40,4481,220.7,10.957,10.947
372,train,4.9538,0.0165,15.73,4.7743,15.48,4361,221.3,13.683,13.631
373,train,4.8280,0.0134,17.52,4.5600,15.17,4405,221.9,15.484,15.482
374,train,4.8013,0.0180,17.36,4.5206,17.13,4387,222.4,12.521,12.463
375,train,4.7382,0.0070,14.57,4.5200,13.08,4276,223.0,11.481,11.442
376,train,4.8761,0.0221,14.55,4.5876,12.72,4571,223.6,11.362,11.349
377,train,4.1493,0.0591,10.43,3.8888,7.63,4514,224.2,6.782,6.772
378,train,4.2894,0.0315,14.37,3.9022,10.16,4414,224.8,11.482,11.453
379,train,4.6159,0.0058,14.22,4.3322,12.04,5171,225.4,9.464,9.416
380,train,4.7619,0.0225,12.48,4.6429,10.95,4482,225.9,10.995,10.981
381,train,4.7625,0.0785,14.08,4.4357,11.45,3565,226.5,12.567,12.549
382,train,4.7058,0.0042,14.01,4.3310,11.41,4311,227.1,11.745,11.741
383,train,4.5737,0.0375,14.58,4.4778,15.83,4587,227.7,13.488,13.478
384,train,4.6243,0.0124,14.52,4.3088,12.42,4431,228.3,10.570,10.535
385,train,5.3731,0.0091,20.93,5.1594,20.83,3940,228.9,17.046,17.043
386,train,4.5525,0.0108,14.30,4.2847,11.24,4610,229.4,11.426,11.422
387,train,4.6137,0.0078,14.06,4.5613,20.73,5115,230.0,10.579,10.565
388,train,4.7666,0.0126,14.52,4.6906,15.16,5538,230.6,11.916,11.901
389,train,4.0548,0.0308,9.87,3.9444,10.02,4220,231.2,6.605,6.602
390,train,4.1602,0.0331,9.73,4.1551,10.62,3719,231.8,8.616,8.607
391,train,4.6557,0.0408,14.02,4.4793,13.58,3944,232.4,11.558,11.514
392,train,4.4351,0.0153,11.82,4.2672,11.73,3782,232.9,10.459,10.455
393,train,4.7524,0.0382,17.24,4.5555,16.10,4265,233.5,13.590,13.575
394,train,5.4659,0.0043,19.53,5.2728,19.15,4867,234.1,16.624,16.616
395,train,4.6472,0.0166,14.31,4.3583,11.66,4517,234.7,11.280,11.278
396,train,3.9799,0.0745,8.82,3.8237,8.71,4456,235.3,6.855,6.825
397,train,4.9182,0.0244,16.69,4.7723,17.84,3816,235.9,14.866,14.864
398,train,4.7706,0.0175,15.82,4.4922,13.41,4967,236.4,13.822,13.802
399,train,4.8755,0.0014,18.08,4.4761,14.67,4175,237.0,14.818,14.810
400,train,4.5942,0.0121,12.33,4.1263,9.19,4889,237.6,10.013,10.008
401,train,4.5696,0.0063,11.90,4.3532,10.47,4461,238.2,10.187,10.153
402,train,4.4385,0.0120,11.59,4.3524,9.06,4931,238.8,6.917,6.899
403,train,4.6097,0.0101,15.11,4.4894,17.50,4471,239.4,13.746,13.733
404,train,4.3869,0.0397,10.93,3.9839,8.06,4504,240.0,8.220,8.213
405,train,4.4946,0.0303,12.68,4.4158,12.07,4326,240.5,11.540,11.525
406,train,4.8342,0.0494,15.30,4.6593,11.71,5086,241.1,13.492,13.487
407,train,4.5171,0.0228,13.74,4.2543,13.09,3990,241.7,12.373,12.347
408,train,4.6415,0.0049,11.81,4.3441,9.84,4458,242.3,10.172,10.159
409,train,4.1419,0.0189,10.86,3.9754,7.47,4656,242.9,8.219,8.197
410,train,4.5015,0.0231,14.68,4.3387,15.11,4152,243.5,12.313,12.241
411,train,4.8537,0.0042,15.31,4.8849,14.87,4552,244.0,14.196,14.177
412,train,4.6021,0.0265,13.01,4.2721,11.32,4450,244.6,11.823,11.812
413,train,4.6167,0.0112,13.82,4.3339,9.51,4639,245.2,11.538,11.483
414,train,3.7703,0.0895,10.44,3.4353,9.31,4091,245.8,4.559,4.513
415,train,4.7323,0.0095,14.05,4.5271,14.26,4404,246.4,11.206,11.180
416,train,5.2615,0.0035,18.90,4.9763,17.18,5201,247.0,15.301,15.150
417,train,6.1195,0.0124,20.99,5.4768,18.69,4660,247.6,17.333,17.323
418,train,4.6120,0.0333,14.69,4.4342,14.11,4838,248.1,11.965,11.954
419,train,5.0106,0.0030,19.18,4.5824,15.58,4615,248.7,17.152,17.013
420,train,4.7298,0.0377,13.45,4.5904,12.37,4141,249.3,11.038,11.024
421,train,4.6521,0.0053,15.77,4.3600,10.73,4866,249.9,9.755,9.736
422,train,5.0696,0.0056,17.60,4.8195,15.50,5533,250.5,13.747,13.718
423,train,4.9986,0.0191,12.93,4.8491,10.36,4402,251.1,10.566,10.550
424,train,4.2778,0.0525,12.48,3.9090,10.24,5203,251.6,8.235,8.035
425,train,4.8345,0.0333,14.27,4.5981,13.53,4714,252.2,14.131,14.125
426,train,4.8477,0.0099,13.10,4.3238,11.84,4845,252.8,12.285,12.278
427,train,5.5757,0.0028,21.36,5.3966,21.95,5047,253.4,18.268,18.263
428,train,4.5533,0.0165,11.34,4.3247,9.36,4490,254.0,10.905,10.889
429,train,4.5054,0.0471,13.13,4.1773,11.90,5345,254.6,11.352,11.313
430,train,4.3767,0.0520,11.92,4.1942,9.36,4556,255.2,10.951,10.928
431,train,4.6649,0.0118,14.83,4.4855,17.12,4837,255.7,13.102,13.098
432,train,4.2207,0.0936,8.85,3.9014,4.16,4925,256.3,8.368,8.358
433,train,4.6342,0.0323,13.55,4.4157,12.61,3804,256.9,13.651,13.642
434,train,4.2626,0.0203,10.93,3.9929,7.65,4771,257.5,8.037,8.034
435,train,4.6855,0.0114,14.70,4.3478,14.10,4563,258.1,12.576,12.571
436,train,4.8630,0.0430,16.93,4.4911,12.31,4559,258.7,14.331,14.327
437,train,4.5834,0.0341,12.41,4.3207,11.60,4077,259.2,9.713,9.711
438,train,4.4515,0.0222,12.51,4.2257,13.08,4375,259.8,8.675,8.666
439,train,4.4043,0.0335,14.16,4.0177,14.83,4300,260.4,11.563,11.552
440,train,5.5806,0.0307,21.44,5.3837,21.02,4851,261.0,19.578,19.564
441,train,4.2965,0.0332,10.79,3.9707,13.46,4756,261.6,7.314,7.290
442,train,4.9056,0.0124,13.93,4.7538,15.63,4190,262.2,11.114,11.066
443,train,4.4258,0.0463,13.73,4.1846,11.23,5593,262.8,10.757,10.724
444,train,4.9020,0.0015,16.19,4.6647,14.68,4650,263.3,11.642,11.623
445,train,4.3952,0.0652,12.46,4.1729,13.13,4189,263.9,9.385,9.346
446,train,4.6810,0.0225,16.47,4.5146,18.92,4086,264.5,13.434,13.399
447,train,4.6585,0.0231,12.38,4.4251,13.12,4062,265.1,10.640,10.620
448,train,4.4273,0.0380,10.86,4.0258,7.36,4790,265.7,7.498,7.486
449,train,4.4397,0.0269,13.05,4.3844,14.07,4352,266.3,10.028,10.025
450,train,4.5370,0.0255,15.67,4.1982,16.20,4746,266.8,12.374,12.319
451,train,5.0877,0.0128,15.38,4.5611,10.34,4058,267.4,12.736,12.651
452,train,4.2667,0.0138,11.54,3.8638,5.24,3853,268.0,9.079,9.077
453,train,4.4622,0.0186,14.65,4.2329,10.71,4458,268.6,11.408,11.399
454,train,4.5218,0.0183,11.80,4.1408,8.00,3778,269.2,11.134,11.122
455,train,5.1421,0.0031,20.74,4.8506,18.11,5243,269.8,17.135,17.115
456,train,4.1196,0.0317,12.25,3.6517,7.00,4284,270.3,9.081,9.021
457,train,5.3547,0.0054,17.38,5.0459,16.34,4649,270.9,15.798,15.791
458,train,4.9689,0.0057,18.70,4.6768,18.38,4380,271.5,15.598,15.589
459,train,4.1780,0.0481,11.55,3.8525,8.36,3933,272.1,8.102,8.092
460,train,4.4629,0.0325,10.97,4.2909,8.70,5104,272.7,10.339,10.333
461,train,4.0964,0.0525,11.14,4.0230,13.12,4740,273.3,9.356,9.348
462,train,4.3895,0.0561,14.43,4.0705,12.62,4278,273.9,13.224,13.213
463,train,4.9565,0.0016,19.22,4.6939,19.49,5496,274.4,16.961,16.938
464,train,4.1984,0.0222,11.31,3.8931,11.00,4145,275.0,8.820,8.800
465,train,5.3171,0.0124,21.47,5.0184,21.41,4344,275.6,17.521,17.508
466,train,5.1658,0.0057,12.07,5.0238,11.87,4575,276.2,10.178,10.175
467,train,5.1380,0.0025,19.38,4.8538,16.61,4434,276.8,16.478,16.469
468,train,4.6063,0.0284,16.28,4.2903,15.54,4328,277.4,14.180,14.140
469,train,4.2917,0.0382,11.61,4.0362,11.23,4632,277.9,7.819,7.809
470,train,4.7366,0.0065,17.12,4.3776,12.77,4496,278.5,13.654,13.645
471,train,4.8203,0.0359,15.19,4.4543,12.37,4678,279.1,12.385,12.372
472,train,4.5978,0.0196,13.78,4.3842,12.83,3833,279.7,10.446,10.427
473,train,5.5972,0.0000,22.73,5.3025,23.37,4902,280.3,20.989,20.987
474,train,4.2993,0.0396,11.96,4.2886,9.67,4827,280.9,9.791,9.780
475,train,4.1038,0.0200,10.02,3.7929,6.83,5149,281.4,7.256,7.222
476,train,4.5520,0.0532,13.92,4.3023,10.46,4698,282.0,13.727,13.723
477,train,5.2382,0.0008,17.79,5.1931,16.08,4734,282.6,15.843,15.835
478,train,4.6601,0.0063,15.43,4.5355,13.43,4303,283.2,12.745,12.742
479,train,4.7072,0.0010,15.28,4.3843,14.09,4015,283.8,14.082,14.081
480,train,4.5248,0.0531,12.53,4.4472,11.91,5516,284.4,12.109,12.084
481,train,4.4643,0.0408,13.14,4.1432,11.69,4505,284.9,10.901,10.901
482,train,4.0491,0.0423,10.89,3.7572,8.93,4372,285.5,6.759,6.730
483,train,4.3794,0.0253,14.54,4.0635,12.72,4666,286.1,11.822,11.792
484,train,5.0160,0.0192,21.03,4.7934,22.92,5271,286.7,18.176,18.166
485,train,4.7774,0.0013,17.29,4.3534,15.25,4561,287.3,16.772,16.756
486,train,4.6768,0.0206,15.92,4.3410,15.18,4717,287.9,13.198,13.187
487,train,6.0219,0.0141,19.20,5.5508,17.94,4052,288.5,17.384,17.318
488,train,4.4997,0.0411,16.23,4.2051,17.08,5373,289.0,13.510,13.373
489,train,4.4466,0.0285,12.42,4.0494,12.55,4384,289.6,8.668,8.625
490,train,4.8059,0.0280,15.12,4.5034,14.37,4607,290.2,13.072,13.041
491,train,4.9741,0.0233,15.38,4.5600,13.46,4899,290.8,14.156,14.134
492,train,5.5157,0.0044,16.02,4.8731,12.36,4069,291.4,12.941,12.826
493,train,4.3633,0.0316,13.52,3.9013,6.02,4152,292.0,9.155,9.100
494,train,5.6110,0.0020,19.97,5.2665,19.48,3955,292.5,15.424,15.333
495,train,4.5631,0.0332,13.68,4.0963,10.25,4492,293.1,9.661,9.643
496,train,4.7453,0.0264,14.91,4.4482,12.28,3823,293.7,11.002,10.932
497,train,4.8691,0.0279,16.47,4.6204,16.51,4366,294.3,13.292,13.267
498,train,4.9410,0.0254,16.34,4.6236,12.64,4210,294.9,14.916,14.874
499,train,4.2780,0.0728,10.08,3.8868,6.81,3983,295.5,6.904,6.872
500,train,4.4944,0.0134,14.36,4.2797,13.45,4338,296.0,10.865,10.846
500,val,4.5235,0.0259,14.18,4.2864,13.23,222066,324.0,10.915,10.886
501,train,4.3347,0.1041,9.74,4.2026,8.36,4216,325.2,10.127,10.101
502,train,4.4667,0.0252,15.47,4.1083,12.73,4519,325.7,9.585,9.558
503,train,4.4012,0.0766,13.25,4.1417,11.21,4045,326.3,9.920,9.890
504,train,5.0050,0.0060,17.50,5.0222,16.70,3984,326.9,14.000,13.971
505,train,4.4762,0.0291,17.29,4.2119,17.22,4370,327.5,13.493,13.486
506,train,4.6177,0.0101,16.44,4.4891,16.24,4671,328.1,10.664,10.652
507,train,4.6362,0.0289,14.84,4.3268,9.93,4497,328.7,14.292,14.285
508,train,4.2766,0.0869,11.53,3.9511,6.41,4775,329.2,8.980,8.953
509,train,4.3870,0.0543,12.26,4.1374,8.63,4437,329.8,8.756,8.754
510,train,4.7055,0.0759,18.57,4.5405,19.42,4228,330.4,15.268,15.266
511,train,4.3667,0.0073,13.56,4.1937,13.46,4950,331.0,10.167,10.147
512,train,4.6658,0.0120,13.79,4.4126,12.83,3842,331.6,10.450,10.440
513,train,4.6663,0.0452,12.90,4.3122,8.24,5062,332.2,9.416,9.331
514,train,4.6262,0.0419,13.96,4.3469,12.26,4535,332.7,10.043,10.040
515,train,4.7655,0.0908,14.76,4.4563,12.80,4228,333.3,13.614,13.591
516,train,4.5174,0.0446,14.11,4.1876,11.12,4800,333.9,9.588,9.581
517,train,4.2460,0.0630,11.87,3.7526,9.10,5224,334.5,9.054,8.951
518,train,4.2501,0.0419,10.44,4.1316,9.12,3981,335.1,6.987,6.795
519,train,4.6034,0.0204,13.83,4.1830,12.54,4226,335.7,10.053,9.995
520,train,4.7211,0.0359,13.84,4.5601,11.47,4174,336.3,13.564,13.537
521,train,4.6338,0.0118,14.98,4.3093,18.12,4077,336.8,13.223,13.220
522,train,4.7234,0.0168,14.00,4.3944,13.72,3994,337.4,9.919,9.849
523,train,4.1247,0.0584,10.51,3.7961,5.41,4368,338.0,7.870,7.818
524,train,5.0211,0.0151,19.71,4.5828,12.80,4562,338.6,14.745,14.738
525,train,4.1212,0.0388,10.34,3.8346,7.41,4435,339.2,6.929,6.914
526,train,4.2039,0.0385,11.29,3.8015,9.99,5059,339.8,6.661,6.287
527,train,5.4867,0.0056,21.10,4.8540,19.18,4265,340.3,18.368,18.362
528,train,4.3754,0.0084,14.68,4.1055,11.00,4514,340.9,8.974,8.881
529,train,5.1959,0.0016,18.60,4.7409,22.03,4288,341.5,15.964,15.949
530,train,5.2834,0.0105,23.06,4.6636,24.39,4496,342.1,21.435,21.366
531,train,5.3861,0.0220,17.64,5.0274,18.14,4596,342.7,15.744,15.736
532,train,5.0284,0.0099,18.64,4.8603,20.29,4567,343.3,15.881,15.877
533,train,4.5129,0.0254,16.11,4.1968,14.84,5071,343.8,14.285,14.273
534,train,4.4647,0.0361,13.74,4.0101,9.07,4935,344.4,9.662,9.645
535,train,4.2321,0.0383,11.51,3.9342,9.70,4261,345.0,8.797,8.789
536,train,4.2781,0.0620,14.01,3.8992,11.54,5149,345.6,11.690,11.660
537,train,4.5130,0.0384,14.40,4.2986,18.10,3908,346.2,12.648,12.647
538,train,4.2637,0.0352,10.71,4.1526,8.48,4430,346.8,9.503,9.481
539,train,4.4584,0.0171,14.18,4.3149,10.66,5039,347.3,9.283,9.270
540,train,4.2942,0.0120,13.33,4.0474,11.52,4428,347.9,10.723,10.721
541,train,4.5955,0.0296,18.90,4.2763,23.00,4088,348.5,15.258,15.255
542,train,5.0266,0.0025,18.35,4.6899,19.47,3665,349.1,16.055,16.047
543,train,5.3076,0.0061,21.44,5.1251,27.65,3745,349.7,19.241,19.237
544,train,4.2881,0.0451,11.55,3.9765,10.25,4055,350.3,11.201,11.172
545,train,5.1773,0.0010,18.94,5.1814,21.22,3959,350.8,16.813,16.764
546,train,4.1800,0.0328,10.49,4.0173,10.74,4910,351.4,6.962,6.954
547,train,4.5112,0.0144,13.91,4.4219,13.00,4781,352.0,10.065,10.061
548,train,4.3400,0.0178,13.58,4.1657,14.64,4090,352.6,8.997,8.967
549,train,5.3740,0.0016,18.86,5.2765,21.32,4402,353.2,15.349,15.330
550,train,4.8815,0.0225,18.95,4.5889,16.31,5333,353.8,16.369,16.349
551,train,4.5666,0.0411,12.35,4.3467,10.36,5235,354.4,11.334,11.312
552,train,4.3798,0.0150,13.42,4.0799,12.94,4873,354.9,8.283,8.255
553,train,4.0611,0.0589,11.28,3.8797,12.22,4603,355.5,8.606,8.601
554,train,4.8031,0.0462,14.26,4.6664,13.50,4348,356.1,12.363,12.351
555,train,4.0365,0.0415,10.56,3.6601,7.24,4968,356.7,7.532,7.409
556,train,4.2279,0.1458,12.59,3.9509,11.86,3704,357.3,9.808,9.710
557,train,4.5804,0.0127,13.08,4.4345,12.40,4877,357.9,9.074,9.038
558,train,4.1939,0.0836,11.94,4.0369,11.10,5218,358.4,8.811,8.769
559,train,4.5298,0.0464,14.08,4.3604,13.62,3969,359.0,10.258,10.243
560,train,4.3164,0.0535,12.92,3.9708,10.91,5218,359.6,12.760,12.748
561,train,4.9161,0.0323,19.90,4.5387,22.34,5383,360.2,17.307,17.281
562,train,4.2320,0.0275,13.52,3.9394,14.63,4286,360.8,10.033,10.013
563,train,4.2422,0.0560,12.86,4.0079,16.12,5054,361.4,10.141,10.081
564,train,4.5129,0.0123,14.74,4.3526,15.80,5210,362.0,11.925,11.921
565,train,4.7394,0.0223,18.98,4.4896,21.97,5120,362.5,16.904,16.833
566,train,5.5397,0.0061,20.60,5.3878,20.51,4240,363.1,18.061,18.057
567,train,4.3427,0.0147,11.67,3.9281,7.81,4758,363.7,9.546,9.526
568,train,4.7143,0.0343,15.31,4.4587,15.04,4463,364.3,14.435,14.429
569,train,3.9897,0.0459,10.08,3.6906,7.40,4484,364.9,8.845,8.820
570,train,5.0935,0.0079,17.50,4.8123,13.47,4418,365.5,16.179,16.170
571,train,5.4399,0.0004,21.20,5.4041,23.22,4495,366.0,17.546,17.533
572,train,4.3285,0.0394,11.22,3.7555,8.24,4288,366.6,8.574,8.037
573,train,4.9959,0.0234,16.18,4.7352,14.19,4061,367.2,11.142,10.865
574,train,4.9717,0.0061,15.33,4.2941,13.17,4401,367.8,12.190,12.153
575,train,4.9510,0.0155,14.22,4.4464,14.80,4466,368.4,11.995,11.990
576,train,4.9905,0.0256,12.59,4.2672,11.26,4138,369.0,10.536,10.507
577,train,4.2783,0.0207,13.99,3.9243,15.31,4646,369.5,9.554,9.324
578,train,4.7600,0.0042,19.64,4.5071,23.11,4474,370.1,16.996,16.983
579,train,4.7374,0.0152,15.14,4.2725,17.55,4548,370.7,11.551,11.520
580,train,4.4785,0.0173,12.14,4.3584,11.70,4402,371.3,9.237,9.230
581,train,4.6659,0.0352,17.60,4.4369,20.52,5026,371.9,14.763,14.741
582,train,4.6653,0.0282,15.68,4.5083,15.32,4148,372.5,13.053,13.044
583,train,4.4401,0.0532,13.33,4.0481,13.12,4267,373.0,10.654,10.611
584,train,4.2196,0.0395,11.22,3.9064,10.65,3995,373.6,9.038,9.024
585,train,4.2699,0.0328,13.44,3.8676,12.47,3996,374.2,9.470,9.366
586,train,4.4353,0.0382,10.44,3.9183,8.00,4085,374.8,10.029,10.019
587,train,4.4366,0.0134,13.67,4.1860,14.40,4913,375.4,10.173,10.144
588,train,4.7954,0.0565,19.04,4.3998,19.49,4144,376.0,14.212,14.209
589,train,4.5630,0.0268,13.22,4.0807,12.72,4821,376.5,8.801,8.773
590,train,4.7063,0.0078,18.50,4.4063,22.13,4372,377.1,15.504,15.464
591,train,3.7113,0.0930,7.60,3.4753,6.65,4183,377.7,4.996,4.985
592,train,4.7495,0.0305,17.87,4.5630,17.79,4924,378.3,13.649,13.646
593,train,4.5988,0.0130,12.48,4.3950,13.16,4391,378.9,9.913,9.906
594,train,4.5045,0.0122,15.56,4.1777,13.24,4687,379.5,10.188,10.149
595,train,4.7251,0.0023,15.67,4.4617,14.41,4793,380.1,10.915,10.861
596,train,4.4488,0.0078,12.35,4.2162,11.63,4982,380.6,10.296,10.294
597,train,4.9048,0.0347,20.41,4.5200,20.83,4473,381.2,17.342,17.302
598,train,4.7054,0.0057,19.70,4.3929,23.21,4582,381.8,15.674,15.671
599,train,4.5513,0.0233,14.09,4.1554,11.76,4642,382.4,12.871,12.856
600,train,5.3525,0.0122,21.31,5.2022,22.28,4586,383.0,17.943,17.933
601,train,4.8445,0.0158,17.59,4.5493,15.05,4052,383.6,14.262,14.255
602,train,4.2656,0.0346,12.61,3.9805,15.66,4048,384.1,10.350,10.343
603,train,4.3026,0.0656,12.58,3.8626,9.89,4876,384.7,9.514,9.484
604,train,4.3648,0.0794,13.15,3.9839,10.50,4129,385.3,11.833,11.825
605,train,4.2781,0.0362,12.81,4.0663,8.24,4866,385.9,10.025,10.010
606,train,4.5293,0.0129,13.64,4.3208,14.77,4735,386.5,9.244,9.222
607,train,4.2429,0.0366,10.27,3.9365,8.00,4842,387.1,6.557,6.550
608,train,4.7435,0.0302,16.32,4.5113,14.61,4502,387.6,12.873,12.860
609,train,4.0985,0.0314,10.13,3.5996,3.41,4840,388.2,6.586,6.568
610,train,4.1696,0.0481,10.82,3.7377,4.61,3907,388.8,8.261,8.237
611,train,4.0180,0.0513,10.50,3.8111,5.65,4791,389.4,7.710,7.686
612,train,4.0189,0.0327,8.97,3.5958,6.06,4071,390.0,4.003,3.966
613,train,4.1141,0.0481,9.45,3.7936,8.37,4117,390.6,7.987,7.954
614,train,3.9311,0.0659,8.64,3.6573,5.24,4293,391.1,4.794,4.779
615,train,4.7067,0.0140,14.27,4.2725,17.34,4787,391.7,9.948,9.944
616,train,4.2423,0.0474,14.45,3.8884,11.48,5274,392.3,9.034,8.653
617,train,4.9116,0.0107,13.30,4.4003,9.61,4126,392.9,9.278,9.257
618,train,4.7183,0.0328,12.16,4.5695,11.24,4392,393.5,11.186,11.172
619,train,4.2808,0.0672,9.99,3.5179,4.16,4969,394.1,6.734,6.639
620,train,4.3030,0.0132,12.29,4.0414,10.36,4306,394.7,7.537,7.523
621,train,4.7202,0.0221,14.15,4.2718,10.12,4534,395.2,10.457,10.414
622,train,4.6069,0.0048,14.42,4.2491,10.78,4332,395.8,11.117,11.108
623,train,3.6739,0.0831,7.43,3.2781,4.65,4369,396.4,3.333,3.142
624,train,4.2638,0.1035,12.29,3.7749,10.32,5032,397.0,9.599,9.580
625,train,4.3209,0.0333,11.70,4.0590,11.96,4930,397.6,7.970,7.910
626,train,4.1057,0.0483,10.73,3.6440,8.07,4515,398.2,5.959,5.851
627,train,5.0927,0.0087,18.17,4.5957,18.19,4595,398.7,14.815,14.810
628,train,4.2048,0.0765,9.65,3.7765,7.40,4535,399.3,7.366,7.342
629,train,4.1742,0.0167,11.91,3.9025,12.20,4182,399.9,8.418,8.387
630,train,4.6645,0.0061,14.28,4.2096,10.25,4397,400.5,11.737,11.716
631,train,4.4606,0.0180,16.33,4.2110,19.53,4786,401.1,9.289,9.260
632,train,4.0853,0.0482,11.26,3.9017,10.06,4499,401.7,7.660,7.627
633,train,4.7266,0.0194,16.67,4.5132,16.37,4178,402.2,13.138,13.126
634,train,3.6784,0.0940,7.77,3.3514,5.65,4073,402.8,6.882,6.808
635,train,4.8849,0.0059,16.19,4.5438,15.94,4762,403.4,11.319,11.302
636,train,4.3114,0.0200,17.00,3.9869,16.21,4402,404.0,12.564,12.563
637,train,4.6386,0.0126,15.77,4.4472,11.45,5254,404.6,13.261,13.253
638,train,4.4023,0.0146,14.88,4.0433,13.73,4722,405.2,11.464,11.459
639,train,4.8461,0.0025,16.61,4.7307,13.38,5144,405.8,13.320,13.269
640,train,4.5948,0.0300,15.23,4.3838,17.03,4539,406.3,12.019,11.972
641,train,4.4295,0.0890,14.52,4.1325,13.71,4092,406.9,12.265,12.132
642,train,4.1978,0.0332,13.45,3.9894,13.44,4311,407.5,10.639,10.618
643,train,4.7907,0.0049,13.93,4.7068,12.66,4939,408.1,11.605,11.600
644,train,4.2168,0.0190,11.60,3.9498,12.83,3785,408.7,9.777,9.573
645,train,4.1954,0.0387,12.86,3.6746,10.64,4828,409.3,9.794,9.638
646,train,4.8119,0.0123,16.62,4.5977,15.54,4298,409.8,17.344,17.339
647,train,4.5242,0.0334,13.05,3.9370,10.00,4131,410.4,10.806,10.720
648,train,4.7024,0.0090,17.56,4.4341,14.37,4348,411.0,12.874,12.849
649,train,3.8623,0.0494,11.56,3.3229,10.83,4432,411.6,7.404,7.379
650,train,4.8692,0.0154,15.36,4.6584,13.56,4229,412.2,12.926,12.894
651,train,4.5444,0.0624,13.98,4.1662,13.66,4424,412.8,11.202,11.186
652,train,4.8362,0.0127,14.61,4.4067,12.90,4027,413.3,9.728,9.716
653,train,4.0444,0.0694,8.71,3.5805,7.06,4367,413.9,7.851,7.772
654,train,4.0398,0.0370,12.72,3.5284,16.15,4488,414.5,10.986,10.859
655,train,4.2700,0.0491,14.29,3.8442,13.57,4562,415.1,10.853,10.827
656,train,4.4697,0.0132,13.46,4.0877,12.84,4394,415.7,8.779,8.647
657,train,4.9719,0.0247,15.07,4.6121,14.40,4739,416.3,13.854,13.812
658,train,4.5661,0.0081,12.67,4.0967,13.61,5215,416.8,10.650,10.508
659,train,3.9583,0.0813,11.94,3.5073,11.51,4343,417.4,8.535,8.499
660,train,5.1138,0.0302,14.58,4.9252,12.74,3813,418.0,12.364,12.076
661,train,3.9114,0.0789,8.70,3.5022,6.58,4562,418.6,6.378,6.320
662,train,4.3992,0.0154,14.51,4.1431,12.97,4081,419.2,11.832,11.809
663,train,4.7766,0.0264,13.93,4.4068,11.40,4659,419.8,10.839,10.832
664,train,4.7991,0.0388,16.18,4.5660,15.54,4098,420.4,12.701,12.663
665,train,4.5453,0.0275,11.62,4.4320,9.94,4356,420.9,9.331,9.308
666,train,4.7139,0.0048,18.64,4.5123,19.19,3992,421.5,14.391,14.361
667,train,4.5604,0.0170,15.37,4.2372,13.22,3823,422.1,11.865,11.856
668,train,4.4150,0.0132,13.92,4.1779,13.72,4929,422.7,12.033,12.024
669,train,4.4956,0.1121,11.22,4.1533,10.77,4824,423.3,8.644,8.587
670,train,4.4033,0.0290,11.68,4.1391,8.00,4854,423.9,11.175,11.165
671,train,4.4859,0.0426,11.77,4.3528,9.41,4927,424.4,10.370,10.361
672,train,4.0549,0.0336,9.51,3.8984,9.60,4044,425.0,7.350,7.309
673,train,4.3070,0.0818,11.82,4.0023,8.75,4133,425.6,12.143,12.131
674,train,4.7648,0.0227,14.32,4.7230,14.03,3701,426.2,13.888,13.862
675,train,4.4871,0.0811,14.54,4.2122,9.40,4256,426.8,12.867,12.853
676,train,4.3386,0.0412,12.75,4.2374,12.60,5005,427.4,10.081,10.063
677,train,4.0473,0.0383,11.38,3.7418,15.49,4338,427.9,9.310,9.299
678,train,4.2378,0.0139,9.91,3.9767,8.71,4471,428.5,8.785,8.762
679,train,3.9877,0.0444,9.05,3.6276,6.24,3939,429.1,4.884,4.866
680,train,3.5397,0.1316,6.79,3.2404,2.83,4293,429.7,4.657,4.640
681,train,4.7966,0.0219,16.01,4.6000,16.28,4239,430.3,13.873,13.860
682,train,3.9069,0.0296,11.58,3.6877,13.17,4566,430.9,8.146,8.119
683,train,4.5747,0.0060,12.79,4.1760,7.54,4344,431.4,12.282,12.278
684,train,3.8903,0.0777,11.08,3.5476,13.51,4300,432.0,9.538,9.406
685,train,4.4569,0.0483,12.41,4.1915,7.66,4965,432.6,11.958,11.881
686,train,4.3786,0.0091,13.64,4.1591,12.83,4381,433.2,12.387,12.375
687,train,4.7023,0.0268,14.39,4.4199,13.60,4892,433.8,11.631,11.614
688,train,4.1058,0.1371,13.45,3.6303,11.23,4582,434.4,10.752,10.735
689,train,4.6668,0.0255,13.50,4.3270,11.01,3993,435.0,11.834,11.824
690,train,4.4931,0.0715,14.98,3.9863,13.22,4209,435.5,11.938,11.922
691,train,4.3477,0.0519,16.19,3.9533,15.30,4256,436.1,13.914,13.912
692,train,4.2941,0.0532,15.37,3.7114,15.85,4588,436.7,12.503,12.457
693,train,4.2830,0.0198,10.72,4.0321,7.16,4082,437.3,7.196,7.193
694,train,4.1284,0.0598,10.00,3.9841,9.51,4216,437.9,8.048,8.015
695,train,4.2135,0.0293,11.42,4.0125,9.56,4405,438.5,7.294,7.226
696,train,3.7575,0.0754,8.31,3.3889,6.54,4561,439.0,7.454,7.419
697,train,4.2706,0.0245,13.05,4.0220,14.12,4891,439.6,10.633,10.626
698,train,4.3783,0.0193,12.69,3.8057,9.39,4413,440.2,9.780,9.776
699,train,5.5436,0.0031,19.00,5.1842,20.28,4540,440.8,15.595,15.593
700,train,4.1348,0.0570,12.57,3.9322,8.00,4547,441.4,12.403,12.344
701,train,4.8124,0.0455,15.81,4.4557,12.08,5295,442.0,12.757,12.753
702,train,4.6761,0.0242,15.28,4.3874,16.21,4421,442.5,13.718,13.708
703,train,3.7946,0.0820,10.13,3.3794,3.41,4342,443.1,5.769,5.761
704,train,4.4329,0.0071,14.58,4.0033,14.92,4778,443.7,10.176,9.907
705,train,4.2601,0.0156,16.37,3.9684,17.60,4427,444.3,11.597,11.335
706,train,3.9706,0.0628,11.33,3.7709,11.07,4873,444.9,8.361,8.348
707,train,4.2098,0.0291,12.82,3.7702,8.95,4061,445.5,9.066,8.947
708,train,4.3255,0.0125,11.65,3.8245,9.41,4572,446.1,9.350,9.347
709,train,4.5299,0.0075,12.87,4.5299,11.12,4810,446.6,9.911,9.906
710,train,4.3828,0.0418,13.06,4.0109,6.16,4214,447.2,10.024,9.945
711,train,4.4469,0.0043,16.53,4.1180,14.75,4396,447.8,12.645,12.635
712,train,4.3216,0.0304,11.79,3.9620,10.12,4873,448.4,10.932,10.921
713,train,4.9592,0.0100,14.01,4.5904,13.54,3894,449.0,12.551,12.534
714,train,4.5198,0.0101,18.73,4.1964,21.48,4146,449.6,14.811,14.804
715,train,4.5952,0.0083,13.19,4.3157,9.60,4810,450.1,11.797,11.779
716,train,4.8177,0.0117,16.01,4.5136,18.71,4622,450.7,11.889,11.877
717,train,4.7330,0.0046,18.18,4.4062,19.03,4125,451.3,15.284,15.276
718,train,4.9121,0.0276,13.63,4.4308,10.61,4125,451.9,12.544,12.530
719,train,4.3238,0.0290,11.05,4.1954,9.30,4110,452.5,8.923,8.921
720,train,4.4170,0.0115,16.41,4.1962,16.30,4525,453.1,12.526,12.518
721,train,4.4907,0.0250,16.19,4.3010,20.11,4035,453.6,14.140,14.124
722,train,3.7814,0.0324,8.54,3.4298,6.58,4355,454.2,5.422,5.415
723,train,4.7115,0.0242,16.75,4.4012,16.21,4214,454.8,14.025,14.007
724,train,4.7182,0.0095,15.31,4.6632,17.10,4750,455.4,14.491,14.474
725,train,4.4084,0.0124,12.28,4.3036,13.73,4583,456.0,10.867,10.858
726,train,4.3202,0.0246,12.18,4.0479,9.24,4103,456.6,9.772,9.764
727,train,4.2358,0.0496,10.83,3.9056,6.48,4391,457.1,7.630,7.617
728,train,4.0661,0.0223,9.54,3.7356,7.47,3856,457.7,8.421,8.415
729,train,4.5966,0.0100,13.32,4.5306,13.48,4605,458.3,11.578,11.543
730,train,4.6471,0.0102,13.97,4.4182,13.61,4123,458.9,11.942,11.930
731,train,4.1338,0.0855,10.90,3.9128,11.71,4608,459.5,8.566,8.545
732,train,4.7594,0.0095,14.31,4.4963,13.48,5135,460.1,11.383,11.373
733,train,4.4305,0.0533,13.84,3.7174,10.68,4638,460.6,9.882,9.875
734,train,4.7283,0.0665,18.08,4.4989,17.65,4936,461.2,14.960,14.935
735,train,4.2810,0.0373,13.73,3.9117,10.65,5012,461.8,9.521,9.472
736,train,4.0620,0.0286,10.03,3.7795,8.77,4960,462.4,6.731,6.633
737,train,5.1459,0.0119,14.23,5.0576,16.57,4212,463.0,12.069,12.007
738,train,5.1695,0.0028,17.31,4.7029,14.71,4247,463.6,13.011,12.970
739,train,3.8720,0.1175,11.50,3.5974,8.32,3923,464.1,8.410,8.374
740,train,4.2786,0.0352,15.49,4.0342,17.25,3866,464.7,11.165,11.092
741,train,4.9586,0.0960,18.04,4.6728,17.54,4373,465.3,14.999,14.977
742,train,4.7510,0.0447,14.84,4.4953,13.16,4634,465.9,12.991,12.848
743,train,3.8944,0.0351,11.69,3.4368,11.41,4305,466.5,9.430,9.363
744,train,4.3917,0.0169,13.53,4.0993,13.96,4555,467.1,11.157,11.153
745,train,4.2929,0.0254,13.07,3.8427,13.14,4569,467.6,9.144,9.128
746,train,4.3788,0.0376,14.86,3.8819,13.82,4314,468.2,9.904,9.876
747,train,4.2678,0.0196,14.15,3.9147,12.12,4644,468.8,12.418,12.399
748,train,3.5624,0.0637,7.27,3.2467,6.00,4033,469.4,4.308,4.279
749,train,4.2991,0.0324,13.60,3.7831,11.61,4565,470.0,8.795,8.785
750,train,3.8647,0.0403,9.07,3.2170,6.16,3843,470.6,6.290,6.271
751,train,4.4972,0.0210,11.48,4.1336,8.58,4380,471.1,8.573,8.518
752,train,3.8975,0.0504,9.96,3.4806,9.08,4760,471.7,4.446,4.370
753,train,4.8637,0.0127,17.18,4.7154,17.38,4724,472.3,15.360,15.318
754,train,4.7391,0.0103,12.25,4.2856,10.75,4487,472.9,9.465,9.454
755,train,4.0254,0.1320,12.68,3.6533,14.17,4438,473.5,10.648,10.611
756,train,4.5489,0.0720,15.45,4.2409,16.83,4554,474.1,12.847,12.839
757,train,4.4502,0.0238,16.88,4.0132,17.26,4235,474.6,14.350,14.341
758,train,4.7736,0.0278,18.08,4.4540,20.75,4531,475.2,14.361,14.317
759,train,4.5048,0.0616,13.36,4.2710,8.77,4711,475.8,12.372,12.276
760,train,3.9520,0.0862,8.20,3.6460,5.16,4793,476.4,5.310,5.201
761,train,3.9530,0.0623,9.89,3.6792,5.58,4236,477.0,8.200,8.175
762,train,4.3874,0.0644,12.15,4.1350,11.18,4689,477.6,9.924,9.886
763,train,4.2589,0.0710,10.43,3.8816,7.83,4124,478.1,7.724,7.714
764,train,4.3643,0.0457,15.29,4.1165,14.69,4422,478.7,10.652,10.647
765,train,4.3163,0.0374,10.57,4.0643,12.07,4950,479.3,7.560,7.477
766,train,4.0209,0.1054,12.04,3.4094,9.23,4697,479.9,8.635,8.613
767,train,4.5866,0.0609,12.85,4.0387,10.55,4174,480.5,11.582,11.572
768,train,4.4706,0.0151,13.35,4.1575,10.00,4374,481.1,8.951,8.905
769,train,4.4513,0.0303,14.54,3.8637,10.39,4092,481.6,10.470,10.442
770,train,4.3074,0.0215,11.31,4.2164,10.08,4335,482.2,7.463,7.460
771,train,4.4078,0.0538,13.11,4.0890,10.56,4532,482.8,9.133,9.129
772,train,4.1493,0.0469,11.59,3.6707,8.37,5074,483.4,6.634,6.566
773,train,3.6992,0.0712,10.20,3.3593,9.65,4086,484.0,7.952,7.945
774,train,4.2242,0.0362,14.73,3.8385,14.06,4941,484.6,12.346,12.329
775,train,4.7024,0.0381,11.49,4.3541,9.58,4252,485.1,9.158,9.129
776,train,4.4752,0.0130,17.95,4.2138,17.28,5001,485.7,15.109,15.106
777,train,3.9415,0.0561,11.28,3.5993,11.93,4492,486.3,7.879,7.872
778,train,4.6079,0.0049,16.67,4.4387,17.57,5500,486.9,13.291,13.256
779,train,4.5883,0.0166,15.43,4.4007,14.40,4410,487.5,14.373,14.371
780,train,5.5364,0.0000,23.89,5.1606,23.55,4409,488.1,21.339,21.273
781,train,4.1221,0.1034,11.79,3.7574,11.81,3956,488.7,9.220,9.206
782,train,4.4212,0.0694,14.92,3.7817,12.21,5173,489.2,13.464,13.453
783,train,4.3256,0.0488,13.71,3.9945,13.25,3917,489.8,10.614,10.568
784,train,3.9225,0.0547,11.07,3.6103,13.63,4641,490.4,10.167,10.136
785,train,4.3114,0.0353,10.68,3.8130,7.71,4674,491.0,8.527,8.521
786,train,4.3592,0.0148,14.10,3.9609,14.16,4871,491.6,11.842,11.825
787,train,4.7925,0.0103,19.96,4.5409,20.84,5158,492.2,15.494,15.492
788,train,4.7346,0.0044,18.17,4.4707,18.19,4516,492.7,15.288,15.276
789,train,3.6586,0.0681,7.69,3.2846,6.06,4403,493.3,5.508,5.494
790,train,3.9529,0.0466,8.77,3.7936,8.89,4316,493.9,4.604,4.592
791,train,4.6850,0.0434,13.37,4.4686,14.72,4866,494.5,11.733,11.714
792,train,4.1860,0.0430,12.27,3.6747,11.15,4512,495.1,9.300,9.277
793,train,4.3335,0.0332,12.38,4.3198,13.02,4814,495.7,11.934,11.932
794,train,4.5688,0.0132,12.87,4.2157,14.02,4096,496.2,9.123,9.097
795,train,3.8696,0.0879,8.44,3.4351,4.65,4437,496.8,5.930,5.921
796,train,4.1589,0.0595,11.79,3.7757,15.03,4619,497.4,10.309,10.302
797,train,4.4129,0.0436,12.17,4.0531,10.54,4172,498.0,9.281,9.236
798,train,3.9990,0.0415,10.26,3.6215,10.50,4409,498.6,9.056,9.053
799,train,5.2607,0.0103,15.94,5.0210,13.60,4547,499.2,13.316,13.287
800,train,4.5144,0.0291,13.79,4.2985,14.55,4608,499.7,13.131,13.112
801,train,5.5202,0.0019,19.40,5.0260,16.91,4757,500.3,16.643,16.641
802,train,3.6932,0.0513,8.55,3.0581,6.06,4913,500.9,5.888,5.876
803,train,3.7865,0.0691,9.42,3.3425,4.41,4978,501.5,4.937,4.829
804,train,4.6667,0.0059,15.40,4.4248,17.32,4782,502.1,11.785,11.758
805,train,4.2736,0.0650,11.18,3.8151,10.50,4956,502.7,9.612,9.594
806,train,5.7692,0.0024,22.95,5.3420,23.36,4141,503.3,20.409,20.394
807,train,4.3668,0.0410,14.35,4.0733,14.08,5095,503.8,12.733,12.725
808,train,4.7935,0.0222,11.87,4.3426,9.67,4422,504.4,10.271,10.265
809,train,4.8255,0.0496,15.69,4.4809,15.08,3975,505.0,13.050,13.044
810,train,4.8197,0.0071,15.34,4.6819,14.68,4361,505.6,13.100,13.007
811,train,4.5576,0.0177,14.07,4.4248,10.87,4684,506.2,12.648,12.624
812,train,5.0323,0.0063,15.78,4.8787,12.89,4780,506.8,14.306,14.246
813,train,5.0214,0.0129,15.05,4.7094,16.87,4097,507.3,13.513,13.507
814,train,3.6481,0.0496,7.43,3.1991,5.00,4134,507.9,3.125,3.111
815,train,4.0249,0.0761,10.81,3.8058,6.65,4506,508.5,8.910,8.892
816,train,4.8856,0.0272,16.62,4.6522,15.15,4414,509.1,13.248,13.064
817,train,4.1954,0.0528,11.70,3.7121,6.99,4036,509.7,9.621,9.609
818,train,4.4584,0.0363,15.70,4.0921,15.82,4213,510.3,15.408,15.402
819,train,3.9957,0.0583,9.99,3.5448,8.89,4820,510.8,7.294,7.288
820,train,4.4766,0.0174,14.86,4.2605,14.42,4772,511.4,11.652,11.641
821,train,4.8953,0.0019,15.12,4.7210,14.48,4714,512.0,14.003,13.986
822,train,4.4910,0.0354,14.88,3.9040,11.32,4891,512.6,12.965,12.958
823,train,4.2649,0.0534,12.26,3.8511,10.80,4552,513.2,11.082,11.069
824,train,4.1303,0.0701,11.92,3.9798,6.65,4138,513.8,10.496,10.310
825,train,4.6707,0.0426,18.99,4.4740,20.48,4698,514.3,16.648,16.640
826,train,5.7308,0.0013,19.83,5.4070,20.43,4584,514.9,18.238,18.236
827,train,4.4701,0.0500,14.99,4.1456,12.36,5036,515.5,12.021,12.002
828,train,4.1898,0.0256,9.64,4.1453,8.65,3828,516.1,8.955,8.950
829,train,3.7051,0.1010,9.14,3.4777,9.91,4207,516.7,7.701,7.696
830,train,4.5870,0.0244,15.41,4.3735,14.56,5443,517.3,13.810,13.804
831,train,4.4665,0.0115,11.38,4.2923,8.77,4948,517.8,9.043,9.028
832,train,4.3349,0.0354,12.97,3.8259,10.40,4439,518.4,8.486,8.482
833,train,4.0045,0.0595,11.31,3.6395,9.99,4973,519.0,8.540,8.533
834,train,4.5052,0.0438,12.48,4.3673,6.84,4655,519.6,10.334,10.322
835,train,4.5127,0.0203,17.83,4.1235,17.62,4580,520.2,12.445,12.441
836,train,4.4205,0.0162,15.00,4.0923,15.07,4389,520.8,10.474,10.474
837,train,4.0128,0.0553,11.16,3.7848,10.14,4090,521.4,8.767,8.730
838,train,4.3955,0.0225,12.90,4.0611,11.26,5100,521.9,9.014,8.965
839,train,4.9034,0.0068,12.35,4.7087,11.66,4567,522.5,10.669,10.644
840,train,3.8753,0.0854,10.36,3.4382,2.83,4240,523.1,6.953,6.947
841,train,5.0376,0.0092,20.67,4.9276,23.60,4553,523.7,18.438,18.427
842,train,5.7169,0.0022,22.13,5.3508,21.15,4620,524.3,20.440,20.436
843,train,4.4118,0.0474,14.97,4.1972,12.47,5460,524.9,12.281,12.263
844,train,4.5350,0.0313,14.86,4.4739,15.92,4538,525.4,10.774,10.760
845,train,3.7763,0.0974,9.08,3.3403,3.41,4149,526.0,6.347,6.340
846,train,3.9418,0.0711,10.23,3.5672,9.29,5330,526.6,6.514,6.492
847,train,3.9430,0.0636,10.74,3.6028,8.24,4358,527.2,7.549,7.512
848,train,4.0897,0.0350,11.05,3.8671,12.40,4340,527.8,9.234,9.208
849,train,4.8436,0.0109,15.00,4.3610,15.00,4514,528.4,11.346,11.342
850,train,4.2479,0.0449,10.62,3.8448,7.65,4140,528.9,8.908,8.902
851,train,4.4339,0.0414,9.57,4.0074,7.47,4279,529.5,6.357,6.332
852,train,3.9047,0.0482,10.16,3.4880,9.54,4540,530.1,5.920,5.901
853,train,4.0418,0.0259,11.06,3.4793,9.06,3981,530.7,8.799,8.797
854,train,4.0519,0.0571,10.40,3.5318,6.99,4186,531.3,5.518,5.463
855,train,4.7133,0.0267,13.39,4.1263,11.02,4615,531.9,10.908,10.841
856,train,4.0948,0.0627,10.43,3.5450,9.26,3860,532.4,7.693,7.674
857,train,4.8879,0.0098,15.63,4.4497,16.66,4605,533.0,15.362,15.354
858,train,4.0992,0.0356,11.20,3.6534,10.65,4161,533.6,9.322,9.292
859,train,4.6319,0.0152,13.19,4.2976,12.58,4798,534.2,9.725,9.669
860,train,3.8492,0.0775,11.58,3.3836,6.61,4325,534.8,8.070,7.949
861,train,3.9435,0.1043,14.11,3.4134,10.45,4332,535.4,12.349,12.319
862,train,4.2943,0.0931,12.89,3.6864,9.94,4298,536.0,9.029,8.971
863,train,3.8879,0.0488,9.62,3.4432,8.61,4020,536.5,6.399,6.386
864,train,4.0933,0.0371,12.02,3.8219,14.67,4364,537.1,7.330,7.183
865,train,4.3393,0.0421,10.93,4.0912,12.26,4823,537.7,9.146,9.084
866,train,4.3131,0.0199,13.29,3.9358,13.34,4563,538.3,9.930,9.926
867,train,3.7050,0.0544,8.28,3.2471,6.00,4563,538.9,4.600,4.578
868,train,4.7259,0.0116,15.17,4.6194,13.03,4999,539.5,11.974,11.966
869,train,4.3693,0.0166,11.18,4.2149,10.52,4630,540.0,8.128,8.123
870,train,4.6160,0.0242,16.62,4.3077,17.65,4426,540.6,15.472,15.468
871,train,3.6698,0.0462,7.66,3.5025,5.65,4390,541.2,4.703,4.680
872,train,4.2457,0.0093,10.67,3.9984,9.26,4518,541.8,9.563,9.546
873,train,4.5016,0.0107,17.59,4.2463,15.37,4681,542.4,14.835,14.802
874,train,4.4819,0.0227,11.76,4.1191,8.12,4398,543.0,7.842,7.823
875,train,4.4379,0.0218,11.86,4.1703,9.00,4855,543.5,9.810,9.783
876,train,4.6144,0.0091,11.76,4.2765,10.47,4058,544.1,10.478,10.449
877,train,3.6763,0.0785,8.07,3.5179,5.83,4330,544.7,6.275,6.248
878,train,4.6712,0.0101,13.74,4.4092,12.00,4462,545.3,12.026,11.993
879,train,4.8229,0.0021,13.67,4.5019,11.08,4804,545.9,10.418,10.402
880,train,3.6535,0.0580,10.20,3.3091,5.41,4224,546.5,9.144,8.991
881,train,4.2808,0.0443,11.00,3.8663,9.24,4044,547.1,8.939,8.873
882,train,4.8555,0.0048,13.39,4.6397,13.42,4806,547.6,11.290,11.282
883,train,4.7124,0.0259,14.55,4.1422,13.96,4704,548.2,11.362,11.358
884,train,4.1368,0.0504,12.40,3.8161,10.32,4405,548.8,9.502,9.451
885,train,4.2201,0.0255,12.70,3.5446,9.62,3997,549.4,7.889,7.830
886,train,3.6791,0.0519,7.51,3.1676,4.41,4259,550.0,5.592,5.525
887,train,5.0771,0.0655,15.43,4.8136,15.83,4993,550.6,13.076,13.005
888,train,5.1386,0.0101,13.85,4.5222,14.24,4170,551.1,12.268,12.256
889,train,4.9220,0.0098,14.73,4.5749,14.39,5298,551.7,11.361,11.347
890,train,3.8673,0.0675,12.42,3.3719,6.24,4990,552.3,9.166,9.133
891,train,4.7273,0.0100,13.85,4.4883,15.38,5009,552.9,10.975,10.970
892,train,4.1200,0.0674,11.49,3.5733,10.74,3979,553.5,10.530,10.485
893,train,4.1000,0.0463,10.47,3.6673,4.41,5610,554.1,7.282,6.973
894,train,4.5394,0.0292,16.37,4.2960,15.16,4456,554.6,14.529,14.522
895,train,4.7380,0.0189,15.23,4.5048,10.19,3968,555.2,14.537,14.520
896,train,4.7939,0.0312,14.54,4.2810,13.41,4972,555.8,10.785,10.739
897,train,4.2505,0.0195,11.05,4.1254,9.81,4615,556.4,8.553,8.406
898,train,4.1231,0.0299,13.09,3.7005,15.12,4311,557.0,10.080,10.079
899,train,3.3029,0.1801,6.59,2.6131,2.00,4103,557.6,4.799,4.794
900,train,4.9030,0.0347,16.05,4.6644,16.30,4553,558.1,14.085,14.082
901,train,4.3859,0.0584,13.21,4.0231,13.08,3957,558.7,11.064,11.058
902,train,4.4086,0.0082,12.61,4.0497,12.02,4768,559.3,10.948,10.921
903,train,5.0963,0.0250,14.95,4.8586,15.60,4238,559.9,11.298,11.293
904,train,4.6209,0.0424,14.88,4.3733,15.02,4456,560.5,11.719,11.716
905,train,4.2055,0.0528,14.84,3.9598,15.27,3709,561.1,12.862,12.834
906,train,4.4038,0.0512,16.96,4.2013,20.52,4590,561.6,13.046,13.042
907,train,4.7225,0.0130,18.50,4.4264,18.54,5063,562.2,17.157,17.146
908,train,4.6145,0.0771,15.60,4.2918,17.76,4685,562.8,13.397,13.375
909,train,4.4239,0.0300,13.98,4.1769,14.30,4034,563.4,11.049,11.046
910,train,4.0501,0.0652,10.33,3.5003,9.29,4463,564.0,8.042,8.036
911,train,4.4847,0.0522,16.06,4.1084,16.22,4620,564.6,13.812,13.791
912,train,3.7378,0.0618,8.16,3.4642,5.65,4853,565.2,7.437,7.404
913,train,3.5947,0.0995,8.91,3.2425,9.10,4430,565.7,6.255,6.253
914,train,4.3147,0.0370,11.00,4.0820,7.41,3836,566.3,9.946,9.942
915,train,4.8653,0.0085,16.70,4.5324,14.86,5285,566.9,14.433,14.422
916,train,5.0764,0.0060,17.99,4.6652,17.78,4474,567.5,15.759,15.752
917,train,4.3063,0.0185,12.25,3.9986,10.99,4494,568.1,10.479,10.478
918,train,4.5494,0.0151,22.14,4.3426,20.27,5095,568.7,19.491,19.482
919,train,3.8717,0.0258,10.81,3.4025,6.47,4115,569.2,7.756,7.718
920,train,4.2966,0.0395,10.38,3.7537,8.00,4378,569.8,9.530,9.502
921,train,4.3585,0.0146,13.71,3.9001,11.94,4054,570.4,11.493,11.439
922,train,4.3764,0.0376,12.36,4.0798,10.01,4760,571.0,7.962,7.837
923,train,4.7929,0.0494,12.92,4.5492,10.94,3985,571.6,11.056,11.038
924,train,3.8183,0.0951,13.99,3.5344,10.30,4206,572.2,11.104,10.998
925,train,5.4113,0.0054,16.82,4.9953,15.34,4845,572.7,14.099,14.053
926,train,5.2293,0.0113,21.34,4.5834,22.22,4780,573.3,17.464,17.374
927,train,3.8244,0.0320,9.64,3.3897,7.83,4315,573.9,6.534,6.377
928,train,4.7577,0.0220,14.58,4.7183,15.78,4549,574.5,12.655,12.626
929,train,4.7277,0.0118,17.44,4.3133,17.81,4680,575.1,13.484,13.481
930,train,4.0756,0.0693,13.39,3.7505,11.71,4068,575.7,10.587,10.585
931,train,4.9416,0.0376,11.45,4.2356,9.18,4598,576.2,9.986,9.961
932,train,3.9024,0.0685,13.48,3.2147,13.47,4718,576.8,8.234,8.217
933,train,4.2663,0.0318,14.75,3.7363,12.65,4741,577.4,13.994,13.969
934,train,4.7494,0.0127,17.98,4.6088,17.52,4480,578.0,15.009,14.928
935,train,4.3268,0.0395,13.96,3.6802,19.30,4000,578.6,12.794,12.792
936,train,4.6946,0.0154,16.34,4.5517,14.54,4879,579.2,12.405,12.389
937,train,4.1633,0.0513,10.35,3.7017,10.01,4305,579.8,8.700,8.684
938,train,4.7887,0.0362,18.94,4.3986,22.57,4282,580.3,17.789,17.757
939,train,4.4060,0.0878,15.57,4.2246,10.11,4569,580.9,14.404,14.337
940,train,4.3748,0.0209,18.31,3.8686,20.70,4075,581.5,15.875,15.861
941,train,4.1065,0.0565,14.19,3.6624,14.18,4871,582.1,9.731,9.710
942,train,5.1833,0.0145,18.23,4.8578,19.39,4474,582.7,14.919,14.839
943,train,4.3918,0.0433,17.73,3.9268,16.59,4318,583.3,14.331,14.259
944,train,3.9894,0.0436,10.02,3.8262,5.47,4332,583.8,9.130,9.096
945,train,4.1718,0.0726,10.28,3.6301,5.83,4792,584.4,7.230,7.219
946,train,4.0401,0.0655,11.73,3.6596,9.16,4507,585.0,8.189,8.178
947,train,4.0875,0.0317,10.94,3.5797,8.00,4042,585.6,7.733,7.729
948,train,4.6176,0.0109,14.92,4.6001,15.94,3841,586.2,12.900,12.894
949,train,4.1144,0.0139,11.01,3.9779,8.81,4828,586.8,8.353,8.328
950,train,4.6387,0.0280,16.08,4.3527,14.22,4642,587.3,12.253,12.252
951,train,4.2470,0.1267,12.20,3.7371,8.24,5256,587.9,10.362,10.341
952,train,4.4654,0.0230,12.49,4.1159,10.60,4860,588.5,9.058,9.040
953,train,4.7115,0.0091,16.26,4.5193,14.53,4523,589.1,13.375,13.373
954,train,4.7244,0.0098,20.88,4.4278,17.38,3770,589.7,16.178,16.154
955,train,5.7458,0.0006,22.75,5.3832,22.58,5017,590.3,20.737,20.729
956,train,3.6560,0.1107,9.31,3.5386,8.47,4543,590.8,7.399,7.398
957,train,4.3400,0.0163,12.23,4.0459,10.71,3979,591.4,9.908,9.891
958,train,4.6282,0.0072,14.33,4.3571,13.73,5291,592.0,11.989,11.978
959,train,4.1618,0.0668,12.05,3.7770,10.28,4505,592.6,8.203,8.186
960,train,4.1683,0.0068,11.75,3.9456,8.84,4388,593.2,10.683,10.680
961,train,3.4175,0.1858,7.08,2.9477,5.58,4112,593.8,4.631,4.626
962,train,4.3849,0.0700,13.12,4.0383,13.21,4554,594.3,13.076,13.035
963,train,3.8393,0.1061,11.10,3.5084,11.39,4393,594.9,8.778,8.765
964,train,4.6375,0.0405,13.21,4.4385,12.60,4859,595.5,10.990,10.987
965,train,4.3362,0.0122,15.02,4.0000,14.51,4186,596.1,11.926,11.924
966,train,3.5761,0.1354,7.50,3.3654,7.81,4608,596.7,5.929,5.913
967,train,3.6862,0.1021,10.52,3.2246,8.74,4575,597.3,5.296,5.282
968,train,4.4309,0.0113,13.70,4.0574,13.34,3879,597.8,12.245,12.239
969,train,4.2183,0.0337,9.90,3.7141,7.24,5019,598.4,6.349,6.241
970,train,4.2033,0.0349,13.91,3.9304,12.85,4558,599.0,10.444,10.421
971,train,4.0703,0.0246,9.57,3.7270,8.77,4920,599.6,6.925,6.914
972,train,4.0978,0.1112,16.52,3.7155,15.49,4803,600.2,11.991,11.927
973,train,3.7758,0.0619,8.58,3.4294,7.65,4343,600.8,5.936,5.921
974,train,3.8313,0.0594,11.49,3.5115,7.83,4748,601.3,7.405,7.386
975,train,3.7210,0.0793,8.37,3.2362,6.00,4236,601.9,5.767,5.759
976,train,3.6053,0.0595,8.54,3.1755,6.24,4200,602.5,5.971,5.966
977,train,5.5418,0.0109,18.73,5.0828,22.56,4119,603.1,17.676,17.673
978,train,3.5321,0.1316,9.79,2.9422,7.10,4148,603.7,7.572,7.497
979,train,3.7975,0.0785,8.76,3.3008,5.00,5481,604.3,5.634,5.620
980,train,3.6891,0.0845,7.74,3.2695,4.41,4309,604.8,4.326,4.316
981,train,4.3370,0.0406,15.41,3.8914,14.41,5537,605.4,10.619,10.608
982,train,4.2197,0.0356,11.79,3.9232,8.24,5927,606.0,8.019,8.008
983,train,3.4114,0.0919,8.64,3.0567,7.00,4612,606.6,4.106,4.044
984,train,3.5833,0.1456,11.88,3.0642,2.00,3949,607.2,10.872,10.821
985,train,3.7756,0.0403,8.77,3.3245,8.24,4593,607.8,6.371,6.349
986,train,3.4383,0.1953,7.05,3.1059,4.83,4593,608.3,3.859,3.737
987,train,4.2282,0.0799,14.15,4.0581,10.16,4508,608.9,11.119,11.105
988,train,4.4510,0.0432,17.59,3.8326,13.29,5323,609.5,13.761,13.749
989,train,3.8227,0.0379,9.08,3.4511,7.00,4432,610.1,4.719,4.709
990,train,4.4412,0.0462,13.66,4.2771,14.44,4133,610.7,11.434,11.422
991,train,4.9699,0.0123,16.80,4.5054,17.30,4137,611.3,13.617,13.517
992,train,3.9380,0.0133,10.08,3.6942,8.24,3837,611.8,7.416,7.412
993,train,4.0769,0.0118,9.50,3.5118,7.41,3819,612.4,9.170,9.156
994,train,4.7253,0.0468,15.63,4.3088,14.89,4483,613.0,13.188,13.179
995,train,3.8816,0.0851,11.72,3.3821,7.51,5289,613.6,7.787,7.707
996,train,4.3231,0.0274,10.74,3.8838,9.65,4773,614.2,7.949,7.943
997,train,3.4219,0.0921,6.72,2.8233,4.83,4746,614.8,3.951,3.918
998,train,4.0339,0.0946,11.67,3.5813,11.10,4440,615.3,8.501,8.430
999,train,4.6272,0.0441,15.82,4.2735,18.21,4039,615.9,11.639,11.604
1000,train,3.9413,0.0385,9.86,3.2677,6.41,4543,616.5,7.273,7.256
1000,val,4.1966,0.0537,12.09,3.8015,10.67,222066,644.3,9.610,9.589
1001,train,3.9531,0.0701,13.55,3.5316,13.08,4508,645.5,10.297,10.285
1002,train,4.1692,0.0761,13.55,3.6206,9.81,4505,646.1,9.484,9.411
1003,train,4.5800,0.0122,14.10,4.2288,12.73,5101,646.7,7.733,7.254
1004,train,3.8957,0.0414,10.45,3.5371,10.00,4764,647.2,9.189,9.168
1005,train,5.4075,0.0030,18.77,4.9567,14.63,5263,647.8,15.613,15.608
1006,train,4.4661,0.0138,11.99,4.1465,7.89,5423,648.4,9.233,9.216
1007,train,3.7322,0.0662,10.32,3.5105,10.65,4290,649.0,8.613,8.596
1008,train,3.8098,0.1616,8.39,3.4620,5.00,4603,649.6,6.217,6.206
1009,train,4.3669,0.0483,12.55,4.1780,11.68,4778,650.2,8.949,8.895
1010,train,4.7017,0.1238,17.25,4.3762,15.39,4330,650.8,14.109,14.088
1011,train,3.2405,0.1609,5.65,2.8779,3.41,3972,651.3,2.828,2.808
1012,train,3.5675,0.0719,7.59,3.4055,5.06,4518,651.9,3.033,3.008
1013,train,4.4537,0.0346,14.11,4.1148,12.90,5233,652.5,13.089,13.079
1014,train,4.5726,0.0319,13.27,4.1044,15.34,4446,653.1,11.365,11.365
1015,train,4.0756,0.0241,12.48,3.8093,13.68,4438,653.7,10.942,10.938
1016,train,3.5519,0.0749,8.87,3.2947,6.41,4123,654.3,6.535,6.529
1017,train,4.1670,0.0248,10.13,3.8664,6.99,4361,654.8,8.926,8.882
1018,train,4.7211,0.0750,15.05,4.3444,11.90,4358,655.4,11.173,10.861
1019,train,3.4088,0.1332,7.03,3.0699,3.00,4302,656.0,3.986,3.914
1020,train,3.8608,0.0825,9.40,3.5930,9.41,4664,656.6,5.612,5.578
1021,train,4.0833,0.0954,12.35,3.5692,11.07,4205,657.2,10.642,10.603
1022,train,4.4471,0.0546,15.20,3.8421,11.49,4562,657.8,12.223,12.218
1023,train,3.9943,0.0378,9.58,3.5347,7.65,4047,658.3,7.953,7.952
1024,train,4.1452,0.0244,14.80,3.8355,12.90,4887,658.9,12.079,12.075
1025,train,4.0132,0.1318,11.22,3.7379,10.40,4309,659.5,9.870,9.839
1026,train,3.7404,0.0903,8.79,3.1984,5.58,4595,660.1,6.833,6.828
1027,train,3.0937,0.1586,5.40,2.4772,2.41,4477,660.7,3.460,3.390
1028,train,3.6585,0.0382,7.95,3.3662,7.24,4532,661.3,5.809,5.723
1029,train,4.3125,0.0347,14.59,3.6619,11.54,4204,661.9,13.001,12.949
1030,train,5.1309,0.0008,23.65,4.8492,23.04,4913,662.4,19.626,19.602
1031,train,4.2477,0.1315,8.75,3.6420,5.16,4108,663.0,5.846,5.834
1032,train,3.7896,0.1223,8.63,3.2094,4.65,5021,663.6,6.397,6.392
1033,train,3.5665,0.1316,10.34,3.1342,6.39,4933,664.2,8.760,8.721
1034,train,5.1381,0.0108,18.02,4.4912,16.49,4431,664.8,13.245,13.095
1035,train,5.5639,0.0103,21.59,5.0718,23.97,4453,665.4,19.944,19.939
1036,train,5.3992,0.0448,17.13,4.7488,14.40,4956,665.9,13.893,13.884
1037,train,4.1252,0.0391,14.98,3.6272,14.60,4272,666.5,13.302,13.295
1038,train,4.3465,0.0605,15.92,3.8396,14.29,3981,667.1,12.943,12.939
1039,train,3.6278,0.1062,12.27,3.2673,11.83,4125,667.7,11.797,11.788
1040,train,3.9499,0.1071,10.43,3.2906,7.63,4614,668.3,6.613,6.610
1041,train,4.6806,0.0426,14.49,4.3340,13.69,4694,668.9,10.910,10.887
1042,train,3.7016,0.0907,8.14,3.1658,5.00,5084,669.4,3.112,3.088
1043,train,4.1224,0.0482,13.64,3.6081,5.41,5100,670.0,10.628,10.622
1044,train,4.7228,0.0210,14.15,3.9035,12.72,4668,670.6,11.079,11.075
1045,train,3.8428,0.0312,8.48,3.5249,6.06,4718,671.2,6.738,6.721
1046,train,3.2804,0.1210,8.70,2.7127,4.00,4678,671.8,3.787,3.751
1047,train,4.4512,0.0128,18.73,4.0372,16.56,4144,672.4,17.160,17.120
1048,train,4.3480,0.0112,13.83,4.0998,16.85,4213,673.0,10.797,10.779
1049,train,3.9454,0.0512,12.40,3.4916,11.78,3905,673.5,10.132,10.098
1050,train,4.6232,0.0148,17.76,4.3625,19.45,4719,674.1,15.364,15.340
1051,train,4.5689,0.0430,12.93,4.0880,10.04,4324,674.7,11.829,11.810
1052,train,4.5158,0.0151,14.45,4.3255,14.83,4647,675.3,12.496,12.494
1053,train,4.1658,0.0354,12.05,4.0170,13.66,3978,675.9,7.821,7.819
1054,train,4.3816,0.0521,14.27,4.0568,14.60,4609,676.5,14.017,14.014
1055,train,4.6722,0.0221,16.29,4.1699,17.12,4891,677.0,12.909,12.905
1056,train,4.5746,0.0259,16.12,4.2096,15.93,3979,677.6,12.679,12.662
1057,train,3.4998,0.1179,10.50,3.0393,9.28,4080,678.2,6.569,6.561
1058,train,3.3988,0.1173,6.87,2.7384,4.24,4520,678.8,3.920,3.905
1059,train,4.3187,0.0378,11.34,4.2232,7.06,4308,679.4,10.346,10.326
1060,train,4.0807,0.0693,9.50,3.5838,11.10,4563,680.0,6.613,6.590
1061,train,4.8090,0.0627,15.21,4.7250,14.46,4612,680.5,12.526,12.524
1062,train,3.9475,0.1515,9.88,3.0662,5.16,4687,681.1,6.119,6.091
1063,train,4.3954,0.0682,10.81,3.8597,8.41,4324,681.7,10.671,10.666
1064,train,3.9611,0.0523,10.91,3.5877,7.61,4152,682.3,7.765,7.720
1065,train,4.4744,0.1126,9.62,3.7753,9.84,4359,682.9,7.587,7.586
1066,train,4.8730,0.0095,18.04,4.4227,22.41,5041,683.5,14.232,14.160
1067,train,4.1007,0.0413,11.90,3.6903,9.65,4578,684.0,8.561,8.516
1068,train,3.5391,0.1136,7.63,3.0552,5.41,5121,684.6,4.761,4.751
1069,train,3.9390,0.0730,7.58,3.2052,6.41,4343,685.2,4.121,4.074
1070,train,3.9552,0.0769,15.21,3.2201,11.02,4356,685.8,10.052,10.037
1071,train,4.5985,0.0246,14.63,3.9749,9.29,4431,686.4,13.800,13.766
1072,train,3.8330,0.0707,12.18,3.4744,5.24,4118,687.0,7.100,7.027
1073,train,4.0925,0.0439,14.04,3.5815,12.05,5054,687.5,11.688,11.673
1074,train,3.7961,0.0806,8.46,3.3742,6.66,4407,688.1,6.446,6.442
1075,train,3.5718,0.0628,7.98,3.2015,6.65,4047,688.7,6.181,6.177
1076,train,3.9865,0.0752,9.59,3.6389,6.41,4191,689.3,6.250,6.243
1077,train,4.2974,0.0233,11.30,3.7676,9.24,4602,689.9,9.498,9.489
1078,train,4.1882,0.0774,17.86,3.5579,14.54,4705,690.5,13.069,13.037
1079,train,4.2117,0.0311,12.12,3.8967,13.93,4498,691.1,9.466,9.462
1080,train,4.3284,0.0680,16.74,4.1576,17.50,5252,691.6,14.355,14.304
1081,train,4.6274,0.0584,14.16,3.8539,12.61,4524,692.2,11.534,11.521
1082,train,4.1687,0.0437,12.71,3.4629,10.90,5030,692.8,9.244,9.216
1083,train,3.8007,0.0730,9.91,3.1067,5.58,4578,693.4,5.205,5.175
1084,train,4.2562,0.0819,10.48,3.5234,7.00,4187,694.0,7.953,7.878
1085,train,5.0912,0.0447,13.68,4.9124,14.14,3893,694.6,11.751,11.722
1086,train,4.4535,0.1195,14.06,4.0697,13.43,4359,695.1,11.815,11.805
1087,train,4.2773,0.0277,11.85,4.0752,9.47,4376,695.7,8.318,8.298
1088,train,4.1483,0.0499,8.21,3.8506,6.89,4226,696.3,6.810,6.798
1089,train,4.1058,0.0378,10.84,3.9577,9.41,3805,696.9,7.202,7.148
1090,train,4.8162,0.0056,16.91,4.5818,12.77,4119,697.5,14.599,14.590
1091,train,5.0376,0.0323,16.24,4.7819,12.90,4334,698.1,12.419,12.368
1092,train,3.6869,0.0832,10.21,3.4316,9.12,4171,698.6,9.228,9.217
1093,train,3.2348,0.1458,6.41,2.8541,1.00,4320,699.2,3.966,3.939
1094,train,5.5809,0.0087,16.28,5.2029,16.23,4928,699.8,14.021,14.001
1095,train,3.7874,0.1179,10.48,3.4077,5.89,4496,700.4,6.589,6.559
1096,train,3.8346,0.0842,9.06,3.6263,7.06,3896,701.0,7.599,7.589
1097,train,4.9799,0.0167,17.04,4.2786,15.68,5443,701.6,13.634,13.604
1098,train,4.4790,0.0258,15.14,4.2127,17.97,4653,702.1,12.007,11.882
1099,train,4.5076,0.0052,16.69,4.3398,20.73,4653,702.7,15.705,15.684
1100,train,4.6671,0.0068,14.16,4.3937,15.57,4863,703.3,11.123,10.913
1101,train,3.9976,0.0338,9.16,3.7177,6.89,4083,703.9,5.730,5.721
1102,train,3.9582,0.0258,8.43,3.6114,6.24,4427,704.5,5.464,5.453
1103,train,4.2836,0.0241,14.58,3.9750,15.17,4436,705.1,10.018,9.986
1104,train,3.4719,0.0470,8.81,2.8155,8.51,4129,705.6,6.474,6.462
1105,train,3.8499,0.1384,10.21,3.1223,10.00,3967,706.2,7.330,7.321
1106,train,5.8782,0.0053,19.95,5.6433,19.74,4705,706.8,17.579,17.560
1107,train,4.7310,0.0372,14.23,4.2704,12.42,4706,707.4,12.285,12.277
1108,train,4.9660,0.0059,18.09,4.8685,22.49,4938,708.0,14.991,14.988
1109,train,4.3383,0.0769,14.08,3.6870,12.63,4252,708.6,11.499,11.495
1110,train,4.6991,0.0035,18.36,4.4846,18.43,5183,709.1,14.707,14.683
1111,train,4.0729,0.0323,11.90,3.4615,10.32,4517,709.7,8.747,8.723
1112,train,4.5682,0.0612,12.06,4.1345,10.82,4524,710.3,9.016,8.983
1113,train,3.5817,0.0860,7.22,2.8430,5.24,4255,710.9,4.406,4.383
1114,train,4.9574,0.0060,14.33,5.0903,14.81,4678,711.5,12.922,12.919
1115,train,4.4888,0.0175,16.32,4.3716,18.66,4678,712.1,13.190,13.181
1116,train,3.7938,0.0565,11.02,3.6000,10.64,4157,712.6,8.305,8.294
1117,train,3.5855,0.0720,7.74,3.1396,4.24,4928,713.2,3.808,3.695
1118,train,3.9772,0.0971,10.77,3.6080,9.10,4327,713.8,9.127,9.064
1119,train,3.9719,0.0429,13.05,3.7527,13.99,4993,714.4,11.094,11.091
1120,train,3.8143,0.0834,10.23,3.4816,9.00,4379,715.0,7.932,7.914
1121,train,4.1921,0.0758,12.76,3.8082,11.87,4920,715.6,9.589,9.579
1122,train,3.2922,0.1474,6.32,2.7704,4.41,4531,716.1,4.215,4.194
1123,train,3.8570,0.0568,12.01,3.5385,11.48,3889,716.7,9.577,9.575
1124,train,3.6962,0.0979,8.89,3.2586,6.54,4384,717.3,6.657,6.626
1125,train,4.4804,0.0358,15.60,4.2450,17.06,4418,717.9,11.979,11.971
1126,train,4.7701,0.0282,17.35,4.4934,16.19,4614,718.5,14.683,14.682
1127,train,4.8132,0.0009,15.99,4.6322,15.71,4490,719.1,12.986,12.969
1128,train,4.3294,0.0912,14.68,3.9022,14.19,4552,719.6,11.320,11.250
1129,train,3.8613,0.0693,8.92,3.3232,5.41,4258,720.2,8.021,8.015
1130,train,4.0809,0.0877,11.63,3.7396,7.12,4346,720.8,7.985,7.978
1131,train,5.1320,0.0564,14.46,4.5654,16.18,4590,721.4,12.968,12.955
1132,train,4.2695,0.0170,13.95,3.8706,12.71,5012,722.0,10.325,10.307
1133,train,5.1830,0.0063,13.98,4.9177,13.60,4751,722.6,12.093,12.088
1134,train,4.4479,0.0086,14.69,4.0908,13.74,4424,723.1,10.161,10.157
1135,train,4.1930,0.0391,11.21,3.7876,10.24,4045,723.7,10.047,10.041
1136,train,4.2783,0.0285,12.82,4.0274,11.80,3927,724.3,11.177,11.139
1137,train,3.9985,0.0319,9.97,3.7370,9.40,4545,724.9,4.774,4.745
1138,train,4.0517,0.0828,10.30,3.8067,10.24,4566,725.5,6.680,6.646
1139,train,3.9281,0.0257,9.68,3.5524,9.71,4204,726.1,7.105,7.061
1140,train,4.1630,0.0516,8.29,3.8736,6.99,4771,726.6,7.172,7.157
1141,train,3.7645,0.1275,9.05,3.4159,4.83,4974,727.2,6.442,6.434
1142,train,3.4482,0.0576,7.64,3.0966,6.99,4841,727.8,6.574,6.561
1143,train,3.6333,0.0882,10.55,3.0711,9.14,3947,728.4,8.628,8.622
1144,train,4.7552,0.0227,13.85,4.2689,10.11,4849,729.0,11.121,11.100
1145,train,4.3284,0.0192,13.63,4.0883,14.10,4624,729.6,10.018,10.011
1146,train,3.2460,0.1493,6.36,2.7133,3.41,4267,730.1,4.792,4.782
1147,train,3.4173,0.1228,6.76,3.0379,4.24,4902,730.7,3.684,3.663
1148,train,4.3109,0.0516,11.19,3.8142,9.50,5078,731.3,9.925,9.910
1149,train,3.2077,0.1409,6.17,2.8638,5.00,4365,731.9,4.359,4.335
1150,train,4.6050,0.0083,13.54,4.0375,11.24,3979,732.5,11.898,11.871
1151,train,3.7496,0.0579,10.07,3.5420,9.24,4125,733.1,7.967,7.965
1152,train,3.3975,0.1203,8.67,2.9631,7.40,4482,733.6,7.056,7.018
1153,train,3.4169,0.0812,9.49,2.5759,10.48,4481,734.2,7.564,7.552
1154,train,2.7853,0.2202,4.83,2.0126,1.41,4150,734.8,2.212,2.198
1155,train,4.5005,0.0471,10.60,4.2853,10.12,4717,735.4,8.946,8.938
1156,train,3.7300,0.0839,7.67,3.3404,3.41,4409,736.0,5.144,5.118
1157,train,5.6841,0.0028,20.18,5.1451,17.07,5038,736.6,17.837,17.837
1158,train,3.8076,0.0856,10.14,3.3565,11.28,4757,737.1,5.908,5.878
1159,train,4.1132,0.0669,9.61,3.7905,9.71,4710,737.7,6.695,6.685
1160,train,4.8369,0.0450,11.06,4.6277,10.55,4220,738.3,10.001,9.991
1161,train,3.9988,0.0867,14.71,3.9252,15.70,4395,738.9,13.381,13.376
1162,train,3.9611,0.0415,10.61,3.6794,12.48,3929,739.5,9.222,9.221
1163,train,3.8282,0.0917,11.03,3.1667,8.16,4349,740.1,8.613,8.597
1164,train,3.8587,0.0362,8.52,3.4506,7.58,4092,740.6,6.668,6.644
1165,train,3.4815,0.0607,7.80,3.1068,8.16,4183,741.2,6.104,6.098
1166,train,4.3166,0.0677,9.20,3.9658,7.63,3974,741.8,6.627,6.591
1167,train,3.5801,0.0714,7.67,3.1226,6.83,4171,742.4,4.294,4.279
1168,train,3.6414,0.1208,8.39,3.2502,5.16,4396,743.0,5.207,5.156
1169,train,4.8664,0.0044,14.47,4.3791,12.96,4758,743.6,12.551,12.546
1170,train,4.2385,0.0120,10.90,3.7143,8.58,4677,744.1,6.479,6.471
1171,train,3.6131,0.0600,8.37,3.1534,7.47,4482,744.7,5.581,5.566
1172,train,3.7525,0.1018,10.57,3.4194,10.99,4193,745.3,7.775,7.747
1173,train,4.1361,0.0219,12.77,3.6411,12.00,4605,745.9,10.237,10.224
1174,train,3.8552,0.0539,7.94,3.3103,6.83,4920,746.5,5.284,5.280
1175,train,4.8997,0.0095,14.48,4.5590,14.22,4124,747.1,13.497,13.496
1176,train,4.3399,0.0617,13.10,3.6930,9.74,4556,747.6,10.427,10.423
1177,train,4.0819,0.0609,10.58,3.5036,7.10,4730,748.2,7.997,7.992
1178,train,4.5718,0.0263,9.78,4.5867,10.01,3726,748.8,9.199,9.189
1179,train,3.5189,0.1096,6.97,3.1488,3.83,4491,749.4,3.294,3.286
1180,train,3.5791,0.1000,9.21,2.7757,10.00,4588,750.0,8.081,8.069
1181,train,5.0229,0.0102,19.66,4.7331,20.20,4792,750.6,16.718,16.708
1182,train,4.1015,0.0538,12.21,3.5154,9.58,5071,751.1,9.554,9.549
1183,train,3.5087,0.1141,8.17,3.1010,6.83,4522,751.7,5.261,5.255
1184,train,4.1501,0.0727,12.10,3.6327,10.41,4184,752.3,11.518,11.514
1185,train,4.7144,0.0121,15.74,4.1207,14.32,5022,752.9,12.541,12.485
1186,train,3.5663,0.0584,11.59,3.1843,10.49,4056,753.5,10.254,10.246
1187,train,3.1804,0.2109,9.49,2.5469,9.07,4637,754.1,6.856,6.822
1188,train,4.1248,0.0365,10.05,3.9433,9.70,4685,754.6,6.295,6.252
1189,train,3.1468,0.2477,8.20,2.7812,6.80,3969,755.2,6.009,5.957
1190,train,4.0049,0.0689,9.59,3.4480,12.16,4252,755.8,7.928,7.904
1191,train,4.1263,0.0092,12.27,3.7501,13.68,4111,756.4,9.893,9.888
1192,train,3.6675,0.0853,9.76,3.2774,10.24,4429,757.0,7.551,7.544
1193,train,4.1565,0.0652,11.05,3.7256,13.42,4186,757.6,8.543,8.538
1194,train,4.0524,0.0540,11.50,3.5652,10.72,5017,758.1,9.972,9.964
1195,train,4.0828,0.0445,14.48,3.7127,12.12,5237,758.7,12.180,12.171
1196,train,3.7431,0.0373,9.08,3.3054,6.24,4641,759.3,4.310,4.300
1197,train,3.9140,0.0539,10.87,3.5031,9.07,5012,759.9,7.309,7.287
1198,train,4.4235,0.0282,12.62,4.0809,12.34,4862,760.5,10.600,10.592
1199,train,4.5772,0.0199,15.07,4.2405,15.60,4527,761.1,12.580,12.579
1200,train,3.9914,0.0673,8.86,3.7787,9.12,4741,761.6,5.228,5.219
1201,train,3.8761,0.0656,9.30,3.4824,7.84,4695,762.2,5.838,5.812
1202,train,4.0660,0.0513,13.42,3.6434,10.00,4344,762.8,10.232,10.229
1203,train,4.5000,0.0206,14.24,4.0417,12.29,4131,763.4,10.778,10.769
1204,train,3.4535,0.0735,7.40,3.0006,7.02,4011,764.0,5.659,5.655
1205,train,4.7541,0.0262,12.74,4.3843,12.70,4191,764.6,9.370,9.342
1206,train,4.5090,0.0090,15.64,4.0711,16.29,3869,765.1,12.958,12.956
1207,train,3.5525,0.0712,10.75,3.1159,9.39,4716,765.7,9.218,9.214
1208,train,4.3211,0.0630,15.98,4.1113,15.89,4908,766.3,14.153,14.136
1209,train,4.3114,0.0234,13.51,3.8157,12.90,4880,766.9,10.089,10.086
1210,train,4.4427,0.0376,12.50,3.8184,9.08,4335,767.5,11.172,11.155
1211,train,4.3425,0.0734,18.64,4.0618,20.15,4593,768.1,15.631,15.626
1212,train,5.4651,0.0120,19.09,5.2195,20.88,5326,768.6,16.771,16.769
1213,train,3.8319,0.0948,9.71,3.2967,6.40,4819,769.2,5.267,5.261
1214,train,4.7382,0.0121,16.90,4.3085,15.16,5210,769.8,14.476,14.472
1215,train,3.8568,0.0989,10.88,3.3902,7.58,4853,770.4,7.089,7.058
1216,train,3.6920,0.0643,8.73,3.2026,6.00,4217,771.0,5.863,5.780
1217,train,3.9356,0.0898,16.19,3.4842,17.25,4421,771.6,11.898,11.829
1218,train,3.8498,0.0636,9.69,3.5397,7.24,4657,772.1,8.714,8.597
1219,train,3.9084,0.1070,9.99,3.5486,9.24,5391,772.7,5.475,5.471
1220,train,3.9010,0.0826,10.14,3.4179,8.41,4684,773.3,7.683,7.677
1221,train,4.4971,0.0431,12.47,4.1717,12.51,4010,773.9,9.437,9.435
1222,train,5.6223,0.0095,16.81,5.3281,15.66,3781,774.5,14.683,14.677
1223,train,3.8888,0.1248,15.62,3.5308,16.95,4238,775.1,11.791,11.758
1224,train,3.7282,0.0898,9.43,3.4271,9.50,4489,775.6,6.829,6.780
1225,train,4.1941,0.0557,12.20,3.9436,9.97,4647,776.2,10.681,10.655
1226,train,4.3001,0.0559,12.84,3.8200,16.32,3936,776.8,10.977,10.916
1227,train,3.6097,0.1127,7.73,3.1210,6.54,4373,777.4,4.210,4.150
1228,train,3.8424,0.1410,9.85,3.4436,7.10,5347,778.0,7.227,7.211
1229,train,4.7212,0.0665,13.83,4.5515,11.83,4437,778.6,11.695,11.643
1230,train,5.3878,0.0203,14.17,5.0161,11.83,5518,779.1,14.278,14.270
1231,train,3.6557,0.0597,8.57,3.2570,4.41,5009,779.7,6.068,6.060
1232,train,4.2840,0.0369,12.20,3.8262,11.12,4306,780.3,10.127,10.114
1233,train,4.0336,0.0400,9.78,3.6309,8.24,5174,780.9,6.953,6.949
1234,train,4.3786,0.0184,10.49,4.2243,11.42,4519,781.5,9.087,9.077
1235,train,4.6801,0.0397,15.21,3.9224,14.08,4636,782.1,12.551,12.545
1236,train,4.1773,0.1100,16.99,3.4111,13.46,4463,782.6,12.483,12.476
1237,train,3.5109,0.0865,7.77,2.9038,4.00,4671,783.2,6.332,6.328
1238,train,4.6885,0.0067,15.00,4.1982,13.60,4610,783.8,13.879,13.876
1239,train,3.8554,0.0605,9.09,3.3993,6.24,4609,784.4,6.260,6.254
1240,train,3.8902,0.0231,8.60,3.5977,8.47,4895,785.0,7.010,6.999
1241,train,3.8036,0.0609,15.50,3.3579,14.23,4206,785.6,12.635,12.630
1242,train,3.4846,0.1053,9.62,3.1270,11.54,4300,786.1,6.705,6.702
1243,train,3.6760,0.0224,6.89,3.5106,5.41,4104,786.7,4.793,4.787
1244,train,4.3804,0.0326,18.94,3.9824,16.31,4085,787.3,17.089,17.067
1245,train,3.2195,0.1001,6.73,2.8011,4.41,4097,787.9,4.449,4.447
1246,train,4.1477,0.0493,13.04,3.8190,14.25,4217,788.5,11.094,11.081
1247,train,5.1034,0.0402,12.97,4.7788,11.89,4025,789.1,10.502,10.498
1248,train,3.2063,0.1345,5.73,2.7794,3.83,4207,789.6,3.995,3.988
1249,train,4.1162,0.0170,11.88,3.9344,14.57,5351,790.2,9.562,9.555
1250,train,3.5861,0.0902,12.55,2.9186,5.24,4667,790.8,8.702,8.700
1251,train,3.8815,0.0299,10.18,3.4914,8.93,4246,791.4,7.551,7.533
1252,train,4.3393,0.0354,9.77,3.9065,7.40,4497,792.0,9.126,9.116
1253,train,3.6978,0.0578,11.68,3.3728,11.47,4686,792.6,10.239,10.229
1254,train,3.8953,0.0613,10.20,3.5347,8.71,4485,793.1,5.356,5.338
1255,train,3.7980,0.0845,8.19,3.5275,6.65,4440,793.7,6.934,6.922
1256,train,3.9603,0.0637,9.28,3.6134,7.00,4393,794.3,4.474,4.449
1257,train,3.7803,0.0529,9.26,3.4208,8.00,4175,794.9,7.849,7.848
1258,train,4.2251,0.0545,13.02,3.8689,12.24,4404,795.5,8.783,8.766
1259,train,3.9015,0.0304,12.32,3.7220,11.99,4314,796.1,10.248,10.230
1260,train,4.6248,0.0278,13.61,4.3658,15.18,4489,796.6,13.670,13.667
1261,train,3.7610,0.0583,8.99,3.3272,6.16,4869,797.2,6.424,6.397
1262,train,4.3861,0.0429,10.83,4.2656,10.16,4244,797.8,7.846,7.827
1263,train,3.8899,0.0505,7.99,3.5375,7.41,4258,798.4,5.565,5.534
1264,train,4.0689,0.0610,11.65,4.0297,10.07,4325,799.0,10.848,10.828
1265,train,3.9644,0.0236,10.87,3.8177,11.73,4532,799.6,6.715,6.696
1266,train,3.6404,0.0471,8.91,3.4202,6.83,4582,800.1,5.634,5.610
1267,train,3.8928,0.0482,9.08,3.7047,9.16,5084,800.7,7.754,7.734
1268,train,5.2792,0.0011,19.75,5.0494,20.86,4639,801.3,16.811,16.807
1269,train,3.9308,0.0461,8.46,3.6225,7.24,4184,801.9,7.484,7.469
1270,train,4.3650,0.0161,11.27,4.1235,10.08,4647,802.5,8.759,8.748
1271,train,3.3942,0.1820,7.50,3.0578,3.41,3830,803.1,5.947,5.936
1272,train,3.9714,0.0863,12.14,3.8277,9.61,4230,803.6,8.940,8.911
1273,train,4.7679,0.0191,15.09,4.8869,16.21,4712,804.2,13.210,13.198
1274,train,4.3979,0.0681,12.90,4.2547,14.12,4024,804.8,11.912,11.899
1275,train,3.4403,0.0647,7.11,3.1852,4.83,3990,805.4,5.001,4.970
1276,train,4.3244,0.0100,12.62,4.1332,13.47,4713,806.0,9.687,9.672
1277,train,4.0103,0.0746,10.40,3.7403,8.83,4800,806.6,6.211,6.158
1278,train,3.7421,0.0957,10.44,3.5487,6.24,4307,807.1,10.000,9.989
1279,train,4.7145,0.0020,14.83,4.6126,14.42,4548,807.7,12.742,12.730
1280,train,4.5070,0.0216,13.39,4.2360,13.94,4635,808.3,12.534,12.530
1281,train,4.5783,0.0075,14.35,4.5293,12.87,4415,808.9,13.757,13.750
1282,train,3.7792,0.0428,7.98,3.3125,6.06,5005,809.5,5.962,5.948
1283,train,4.6314,0.0202,17.03,4.1950,11.83,4795,810.1,12.967,12.951
1284,train,4.3295,0.0379,11.12,3.9127,9.40,5099,810.6,9.823,9.822
1285,train,4.1833,0.0696,11.26,3.8048,9.00,4255,811.2,10.349,10.346
1286,train,4.2066,0.1201,11.49,3.7144,8.32,4714,811.8,9.189,9.168
1287,train,3.8460,0.0294,9.03,3.6027,9.32,4249,812.4,6.141,6.096
1288,train,3.7382,0.0834,11.58,3.4996,11.85,4818,813.0,8.805,8.779
1289,train,5.1475,0.0654,15.92,4.8213,13.45,5170,813.6,14.976,14.963
1290,train,3.9932,0.0314,11.57,3.6011,9.83,4652,814.1,6.861,6.799
1291,train,4.3393,0.0061,15.72,4.1681,12.34,4278,814.7,12.991,12.987
1292,train,3.8655,0.0446,8.93,3.5079,7.89,4758,815.3,6.613,6.593
1293,train,4.2301,0.1274,11.51,3.6545,6.84,4623,815.9,9.311,9.297
1294,train,3.2688,0.1152,6.91,2.6570,4.00,4617,816.5,4.026,3.885
1295,train,3.8153,0.0513,13.02,3.6322,14.71,4367,817.1,10.324,10.308
1296,train,4.1607,0.0717,12.96,3.8538,10.99,4326,817.6,9.561,9.506
1297,train,4.7082,0.0791,15.64,4.5599,15.76,4713,818.2,11.160,11.151
1298,train,4.3141,0.0515,17.12,4.1059,17.15,4993,818.8,12.822,12.804
1299,train,3.6795,0.0485,8.88,3.2592,8.12,4499,819.4,5.878,5.857
1300,train,4.7562,0.0033,15.80,4.2884,11.71,3927,820.0,15.155,15.142
1301,train,3.6907,0.1337,10.84,3.2917,12.37,4771,820.6,9.044,9.020
1302,train,3.7484,0.0537,8.65,3.1648,6.48,4248,821.1,5.697,5.684
1303,train,4.3455,0.0086,13.99,3.8691,12.62,4433,821.7,10.374,10.365
1304,train,3.6825,0.0923,9.48,3.1770,5.65,4464,822.3,4.887,4.866
1305,train,4.5092,0.0312,15.90,4.2403,14.97,5316,822.9,15.729,15.726
1306,train,4.7746,0.0291,15.28,4.3301,13.18,4817,823.5,12.196,12.183
1307,train,3.9608,0.1093,10.65,3.6539,8.08,4219,824.1,6.731,6.727
1308,train,4.6753,0.0291,12.43,4.3349,10.57,4565,824.6,8.166,8.152
1309,train,3.9263,0.0521,10.43,3.6402,4.83,4841,825.2,8.539,8.489
1310,train,3.6498,0.0466,8.31,3.2698,6.65,5218,825.8,5.509,5.505
1311,train,3.7922,0.0605,8.38,3.5312,6.47,5089,826.4,6.216,6.210
1312,train,4.9776,0.0080,21.41,4.6486,23.91,4250,827.0,19.358,19.337
1313,train,3.6966,0.0374,10.15,3.4132,8.83,4171,827.6,8.027,8.009
1314,train,3.7669,0.0837,9.72,3.5339,6.89,4624,828.1,5.137,5.109
1315,train,3.6605,0.0670,8.19,3.2063,6.65,4343,828.7,6.249,6.240
1316,train,3.6672,0.0407,8.43,3.3318,6.41,4249,829.3,6.924,6.918
1317,train,4.7591,0.0319,17.21,4.2463,15.69,4802,829.9,14.190,14.109
1318,train,3.4375,0.1718,7.92,3.0230,7.51,4419,830.5,3.946,3.934
1319,train,4.1524,0.0527,13.53,3.9055,16.01,4476,831.1,13.017,13.011
1320,train,3.4215,0.0694,10.16,2.9382,9.08,4251,831.6,7.713,7.707
1321,train,3.7538,0.1652,10.87,3.2521,9.24,4650,832.2,8.200,8.196
1322,train,3.3219,0.1022,8.94,2.9767,7.39,4059,832.8,6.750,6.743
1323,train,4.5219,0.0127,10.77,4.2544,10.40,3766,833.4,8.208,8.198
1324,train,3.7247,0.1032,10.58,3.2505,8.83,4205,834.0,6.678,6.668
1325,train,4.9213,0.0048,14.48,4.6408,12.83,4970,834.6,11.345,11.342
1326,train,3.5202,0.1223,10.86,3.1064,9.00,4447,835.1,9.492,9.489
1327,train,3.7629,0.0384,10.21,3.2787,8.47,4344,835.7,7.958,7.935
1328,train,3.7014,0.0508,8.59,3.1645,5.65,4352,836.3,5.700,5.672
1329,train,3.9464,0.0276,10.37,3.4906,9.32,5044,836.9,7.863,7.773
1330,train,4.3184,0.0553,15.47,4.0350,14.15,4452,837.5,12.670,12.655
1331,train,5.1449,0.0084,16.92,4.8685,14.66,4148,838.1,14.973,14.972
1332,train,3.7410,0.0818,8.52,3.3762,4.41,5010,838.6,5.998,5.938
1333,train,4.6138,0.0479,15.28,4.2878,14.41,4484,839.2,13.771,13.767
1334,train,4.3908,0.0314,12.78,4.0647,11.48,4835,839.8,12.477,12.450
1335,train,3.5699,0.1062,7.84,3.4266,6.06,4616,840.4,4.321,4.295
1336,train,4.1302,0.0473,11.15,3.6980,9.66,4778,841.0,8.973,8.968
1337,train,3.6571,0.0805,8.29,3.3230,7.16,4335,841.6,6.864,6.860
1338,train,4.2588,0.0328,14.33,3.8385,14.16,4356,842.1,13.386,13.384
1339,train,4.3166,0.0545,14.19,3.7780,12.68,4238,842.7,11.422,11.410
1340,train,3.6781,0.0357,9.95,3.5154,12.24,4339,843.3,7.659,7.653
1341,train,4.0312,0.0488,10.19,4.0125,9.89,4463,843.9,7.794,7.783
1342,train,3.9121,0.0414,8.94,3.5480,7.02,4777,844.5,7.240,7.222
1343,train,3.5110,0.0788,6.95,3.2053,4.41,4961,845.1,4.604,4.594
1344,train,4.1037,0.0390,11.20,3.8892,10.60,4078,845.6,8.245,8.222
1345,train,4.2139,0.0242,10.72,3.9867,10.48,4380,846.2,7.667,7.650
1346,train,3.5645,0.0769,8.61,3.0993,3.41,4576,846.8,6.868,6.854
1347,train,4.6339,0.0214,18.96,4.4548,16.72,5564,847.4,17.029,17.025
1348,train,4.1718,0.0190,13.93,3.9400,14.23,5115,848.0,10.245,10.242
1349,train,4.3146,0.0651,8.76,4.0755,7.65,5205,848.6,9.765,9.752
1350,train,4.5201,0.0029,17.26,4.3892,16.51,3777,849.1,12.515,12.488
1351,train,3.4536,0.1060,9.17,3.0684,4.41,3886,849.7,7.660,7.569
1352,train,4.3468,0.0066,12.12,3.9916,9.66,4245,850.3,10.304,10.286
1353,train,4.3773,0.0434,11.94,4.0854,8.60,4584,850.9,10.458,10.448
1354,train,3.7328,0.0587,7.95,3.3815,6.00,4467,851.5,5.513,5.506
1355,train,3.8544,0.0665,10.32,3.6762,11.06,4044,852.1,8.758,8.740
1356,train,3.3078,0.1927,6.43,2.8761,3.83,4426,852.6,4.159,4.030
1357,train,3.9123,0.1079,11.39,3.5599,9.00,4448,853.2,10.854,10.824
1358,train,4.3168,0.0668,17.34,3.9812,18.32,3996,853.8,13.483,13.451
1359,train,4.8883,0.0199,16.10,4.6703,11.03,4662,854.4,14.816,14.763
1360,train,3.5866,0.1314,7.40,3.1199,4.47,4400,855.0,5.535,5.530
1361,train,3.9858,0.0651,8.28,3.5946,5.65,4392,855.6,6.322,6.309
1362,train,3.7835,0.1011,8.63,3.5766,7.58,4126,856.1,7.617,7.611
1363,train,4.1848,0.0859,11.40,3.7456,9.70,4484,856.7,7.094,7.069
1364,train,3.7494,0.0868,8.69,3.2436,7.24,4356,857.3,5.216,5.200
1365,train,3.2425,0.1234,6.41,3.0319,6.83,4180,857.9,4.349,4.309
1366,train,3.4891,0.0587,7.04,3.1036,4.41,4089,858.5,6.342,6.322
1367,train,3.6102,0.1047,12.32,3.2476,11.78,4491,859.1,9.110,8.894
1368,train,3.7783,0.0332,9.46,3.3409,7.24,4181,859.6,8.492,8.486
1369,train,3.8649,0.1179,10.92,3.6367,6.40,5215,860.2,10.687,10.672
1370,train,3.6224,0.0416,8.12,3.2470,7.71,4298,860.8,8.387,8.380
1371,train,3.2334,0.1010,8.63,2.9726,5.24,3999,861.4,7.527,7.515
1372,train,3.6296,0.1183,10.25,3.0329,6.54,4659,862.0,7.931,7.895
1373,train,3.4900,0.0515,7.74,3.2100,6.24,5921,862.6,4.603,4.590
1374,train,3.5044,0.0443,11.96,2.9981,10.73,4444,863.1,8.319,8.235
1375,train,3.5986,0.1099,7.60,3.3726,7.99,4303,863.7,6.293,6.289
1376,train,4.2149,0.0432,13.36,3.8146,15.71,4977,864.3,10.665,10.660
1377,train,4.5665,0.0304,20.44,3.9058,16.62,4606,864.9,16.048,16.039
1378,train,4.8605,0.0133,19.64,4.2726,18.85,4902,865.5,15.647,15.636
1379,train,3.3935,0.2786,6.61,2.9385,4.00,4260,866.1,3.302,3.287
1380,train,4.2142,0.1141,13.50,3.9434,11.37,4802,866.6,10.157,10.144
1381,train,3.5313,0.1258,9.35,3.0884,7.40,4779,867.2,6.860,6.844
1382,train,4.1691,0.1349,14.04,3.6343,14.81,4788,867.8,13.109,13.097
1383,train,3.9502,0.0401,9.31,3.5368,9.43,4535,868.4,7.425,7.418
1384,train,4.6825,0.1376,11.27,4.0130,8.62,4359,869.0,8.927,8.918
1385,train,3.7335,0.1032,9.33,3.2953,5.58,4040,869.6,5.536,5.440
1386,train,3.5983,0.0538,9.16,3.1294,8.41,4148,870.1,7.642,7.629
1387,train,3.3416,0.0337,7.34,2.8942,5.24,3830,870.7,6.222,6.160
1388,train,4.1100,0.0181,9.38,3.8209,6.24,4359,871.3,8.108,8.104
1389,train,4.8961,0.0496,14.27,4.2266,10.29,5060,871.9,13.266,13.264
1390,train,4.4925,0.0299,10.57,4.2500,11.26,4543,872.5,8.814,8.800
1391,train,4.7740,0.0047,15.94,4.3880,17.16,4496,873.1,13.298,13.294
1392,train,4.1233,0.0335,10.81,4.0379,10.77,4723,873.6,9.820,9.817
1393,train,4.0934,0.1298,12.62,3.4646,9.60,4377,874.2,9.509,9.506
1394,train,3.9817,0.0188,9.82,3.4343,8.24,4732,874.8,7.649,7.646
1395,train,4.6938,0.0049,13.75,4.3466,10.84,4260,875.4,11.094,11.084
1396,train,3.8591,0.0437,8.20,3.4800,6.41,4689,876.0,6.093,6.079
1397,train,4.6857,0.0391,15.38,4.2733,13.88,4753,876.6,11.362,11.349
1398,train,3.7782,0.0466,12.95,3.3247,10.12,4159,877.1,9.290,9.147
1399,train,5.0190,0.0085,15.19,5.0052,14.90,5041,877.7,13.465,13.461
1400,train,4.9417,0.0011,14.96,4.8974,15.08,4634,878.3,11.533,11.528
1401,train,4.4305,0.0776,19.91,4.1304,20.21,4407,878.9,16.311,16.306
1402,train,3.3762,0.0806,7.19,3.1382,6.65,4356,879.5,5.440,5.437
1403,train,4.1393,0.0377,11.65,3.7935,9.83,4162,880.1,9.005,8.989
1404,train,3.4521,0.1020,8.16,3.1588,6.48,4462,880.6,5.971,5.953
1405,train,3.8035,0.0791,8.62,3.3982,6.58,4650,881.2,6.393,6.388
1406,train,3.9728,0.0574,12.88,3.6823,11.50,4826,881.8,9.560,9.535
1407,train,4.4564,0.0100,12.15,4.2563,12.00,4184,882.4,11.024,11.006
1408,train,3.8767,0.0404,10.57,3.5358,14.16,4158,883.0,8.550,8.541
1409,train,3.0318,0.1601,5.99,2.6392,5.00,4141,883.6,4.197,4.195
1410,train,3.6020,0.0727,7.75,3.1979,7.47,4249,884.1,5.327,5.323
1411,train,5.0288,0.0031,19.31,4.6478,18.95,4495,884.7,17.916,17.908
1412,train,3.7365,0.0462,13.09,3.5036,14.07,4613,885.3,10.692,10.681
1413,train,4.6088,0.0227,13.29,4.3778,15.99,4582,885.9,9.584,9.436
1414,train,4.5258,0.0929,11.05,3.8812,10.86,4778,886.5,8.994,8.979
1415,train,4.0727,0.0967,8.61,3.4803,6.16,4052,887.1,8.228,8.205
1416,train,4.2532,0.1214,10.24,3.9287,7.10,3854,887.6,8.339,8.330
1417,train,3.2808,0.1356,7.28,2.7789,6.84,4962,888.2,4.167,4.152
1418,train,5.0833,0.0183,17.72,4.5260,15.01,4920,888.8,13.350,13.338
1419,train,4.1195,0.0377,11.02,3.7277,11.24,4114,889.4,8.175,8.170
1420,train,4.0562,0.0775,10.89,3.6197,13.10,4928,890.0,8.474,8.438
1421,train,3.4385,0.0995,9.17,2.8733,6.83,4482,890.5,6.193,6.189
1422,train,4.1963,0.1309,12.28,3.5833,8.16,5324,891.1,9.053,9.048
1423,train,3.3503,0.1306,8.76,2.7052,8.10,4748,891.7,7.584,7.577
1424,train,3.4222,0.1645,9.87,2.6978,8.41,4603,892.3,7.845,7.802
1425,train,3.2500,0.0871,7.60,2.7530,5.00,4372,892.9,5.782,5.773
1426,train,4.0920,0.0697,8.07,4.1038,7.16,4445,893.5,6.122,6.117
1427,train,4.2940,0.1172,11.70,3.8859,12.23,4574,894.0,7.859,7.841
1428,train,3.6997,0.1043,11.70,3.3609,13.51,3950,894.6,10.264,10.196
1429,train,4.0175,0.0479,14.53,3.6119,12.41,4359,895.2,9.731,9.666
1430,train,4.1526,0.0617,12.71,3.9653,13.21,5463,895.8,9.968,9.964
1431,train,3.7497,0.0957,9.60,3.4716,6.16,5076,896.4,6.524,6.511
1432,train,4.1595,0.0443,15.13,3.7107,15.60,4040,897.0,11.375,11.361
1433,train,3.6925,0.1146,10.60,3.2828,8.00,4172,897.5,7.939,7.931
1434,train,4.8623,0.0403,16.20,4.3863,15.26,4472,898.1,14.012,13.971
1435,train,3.7735,0.0934,8.89,3.5429,8.12,4798,898.7,5.680,5.645
1436,train,4.5296,0.0507,12.80,4.1634,11.06,4539,899.3,10.861,10.739
1437,train,4.1202,0.0594,13.12,3.7319,9.83,4934,899.9,10.470,10.464
1438,train,4.1343,0.0246,13.73,3.7266,12.92,4546,900.5,11.169,11.135
1439,train,4.7516,0.0293,13.41,4.1728,10.12,4546,901.0,11.033,11.025
1440,train,5.5158,0.0012,22.92,5.0431,20.65,4878,901.6,21.422,21.421
1441,train,3.2927,0.1574,7.05,2.9029,5.00,3965,902.2,5.022,5.013
1442,train,3.7014,0.0593,9.02,3.3651,6.47,4027,902.8,6.400,6.377
1443,train,3.7846,0.1599,10.91,3.0631,6.47,4391,903.4,6.736,6.729
1444,train,3.6197,0.1265,9.77,3.1013,7.54,4765,904.0,6.849,6.735
1445,train,4.0667,0.0249,9.47,3.7326,7.65,4058,904.5,6.882,6.856
1446,train,4.1569,0.0615,10.78,3.7776,7.71,4164,905.1,8.141,8.082
1447,train,4.0970,0.0391,12.17,3.7693,12.42,4322,905.7,10.559,10.529
1448,train,3.5532,0.1096,11.37,3.2055,10.41,3788,906.3,9.191,9.184
1449,train,3.0788,0.1858,5.74,2.4661,1.41,4892,906.9,4.102,4.095
1450,train,4.0628,0.0779,16.00,3.4121,16.06,5406,907.5,13.457,13.456
1451,train,10.6025,0.0490,43.77,9.8112,45.11,4449,908.0,16.129,16.127
1452,train,18.1244,0.0566,42.93,18.3924,49.35,4081,908.6,12.129,12.081
1453,train,4.1640,0.0612,13.80,3.7845,13.22,4264,909.2,12.612,12.604
1454,train,9.8413,0.0588,44.24,7.1815,42.72,5460,909.8,13.819,13.806
1455,train,4.1135,0.0464,10.03,3.8534,7.41,4593,910.4,9.755,9.750
1456,train,4.6844,0.0174,15.56,4.2534,12.47,4372,911.0,13.858,13.843
1457,train,4.2899,0.0292,11.65,3.9504,12.36,4138,911.5,6.464,6.436
1458,train,4.7936,0.0316,17.03,4.3409,17.27,4268,912.1,14.752,14.746
1459,train,3.7228,0.0896,7.62,3.2169,4.41,5042,912.7,5.326,5.323
1460,train,4.5478,0.0170,14.63,3.9691,11.63,4931,913.3,11.192,11.164
1461,train,4.8645,0.0115,18.49,4.4897,17.73,4609,913.9,13.945,13.941
1462,train,4.4857,0.0491,12.30,4.1593,9.18,4761,914.5,6.860,6.743
1463,train,4.5778,0.0594,14.33,4.2436,10.85,4212,915.0,5.801,5.775
1464,train,5.4747,0.0098,23.70,4.8341,21.24,4188,915.6,16.120,16.063
1465,train,7.1909,0.0292,20.30,4.4272,11.11,4488,916.2,11.487,11.327
1466,train,4.4080,0.0410,13.38,4.0172,8.71,4146,916.8,5.197,5.083
1467,train,4.9022,0.0403,21.25,4.2264,11.39,4015,917.4,13.217,13.202
1468,train,4.5239,0.0478,14.80,3.8259,8.36,4376,918.0,8.644,8.639
1469,train,4.4308,0.0685,12.64,3.8502,13.17,4397,918.5,7.963,7.927
1470,train,5.0704,0.0293,21.13,4.1422,11.45,4404,919.1,7.615,7.522
1471,train,5.0322,0.0601,20.94,4.7344,15.22,4789,919.7,13.983,13.965
1472,train,5.2974,0.0174,18.13,4.7685,10.63,4241,920.3,9.502,9.298
1473,train,4.5520,0.0162,15.72,4.2518,12.82,4323,920.9,12.967,12.920
1474,train,4.8749,0.0044,16.78,4.3726,14.24,4809,921.5,11.909,11.793
1475,train,4.6758,0.0248,18.38,4.2450,13.91,4990,922.0,12.933,12.827
1476,train,4.5270,0.0532,13.93,4.1046,11.40,3831,922.6,10.633,10.631
1477,train,3.6200,0.1280,10.24,3.1057,9.51,4109,923.2,6.716,6.629
1478,train,4.7541,0.0684,15.72,4.0002,12.89,3784,923.8,12.619,12.608
1479,train,4.7114,0.0524,15.63,3.7502,9.51,4463,924.4,7.083,7.017
1480,train,4.7438,0.0185,12.92,4.0303,8.66,4659,924.9,7.687,7.622
1481,train,4.5507,0.0433,13.85,3.9223,11.24,4112,925.5,8.283,8.255
1482,train,4.8745,0.0365,16.86,4.3978,12.18,3995,926.1,12.009,11.920
1483,train,4.3548,0.0137,13.76,3.8312,9.40,4527,926.7,7.743,7.673
1484,train,4.3396,0.0825,13.70,3.9033,9.08,4702,927.3,12.036,12.020
1485,train,3.8948,0.1232,10.20,3.3368,5.41,4222,927.9,8.193,8.068
1486,train,4.7541,0.0353,13.78,4.4170,12.61,5038,928.4,9.455,9.428
1487,train,4.1851,0.0088,10.12,3.6953,6.65,4113,929.0,6.786,6.751
1488,train,4.2440,0.0477,14.68,3.5999,15.95,4025,929.6,10.896,10.867
1489,train,4.7364,0.0204,14.30,4.2081,11.86,4257,930.2,10.382,10.367
1490,train,4.5015,0.0528,14.24,4.2937,11.74,4980,930.8,11.692,11.652
1491,train,3.8917,0.0767,11.25,3.0836,5.41,4683,931.4,6.324,6.302
1492,train,4.0717,0.0825,12.82,3.6118,9.50,4460,931.9,10.048,10.010
1493,train,5.0686,0.0327,16.49,4.1207,15.89,4743,932.5,12.144,12.117
1494,train,4.3566,0.0328,11.79,3.9936,11.54,4265,933.1,7.876,7.862
1495,train,4.3996,0.0090,14.14,3.9681,13.51,4905,933.7,10.992,10.973
1496,train,4.6492,0.0317,12.75,3.9078,8.40,4320,934.3,10.036,10.028
1497,train,4.7833,0.0120,16.27,4.2724,11.83,4241,934.9,9.107,9.081
1498,train,5.2399,0.0360,21.20,4.3866,17.28,4279,935.4,19.045,19.040
1499,train,4.8652,0.0106,17.65,4.3898,14.83,4524,936.0,10.703,10.681
1500,train,4.2461,0.0716,10.97,3.5752,8.32,4887,936.6,6.081,6.052
1500,val,4.3387,0.0435,13.37,3.8390,11.60,222066,964.3,9.847,9.814
1501,train,4.7742,0.0095,15.26,4.3443,11.06,4523,964.8,10.158,10.126
1502,train,4.8957,0.0687,13.18,4.2278,9.61,4616,965.4,10.612,10.595
1503,train,5.2294,0.0041,16.78,4.8859,13.08,4408,966.0,14.639,14.621
1504,train,4.2277,0.0308,12.65,3.6326,6.41,4519,966.6,9.015,9.008
1505,train,3.9331,0.0601,11.92,3.4606,12.54,4828,967.2,8.771,8.728
1506,train,4.1728,0.0660,11.24,3.5985,9.31,4806,967.8,7.087,7.049
1507,train,4.7600,0.0186,15.48,4.3418,13.80,5323,968.3,11.326,11.298
1508,train,4.2761,0.0351,13.65,3.8223,15.58,4496,968.9,9.097,9.081
1509,train,3.6077,0.1477,8.58,3.2083,6.40,4312,969.5,5.271,5.256
1510,train,4.0705,0.0628,12.30,3.4204,8.51,3916,970.1,10.288,10.287
1511,train,4.5852,0.0207,13.98,4.5123,14.04,4689,970.7,11.219,11.211
1512,train,4.2788,0.0578,13.93,3.5873,14.84,4828,971.3,9.981,9.971
1513,train,4.1242,0.0853,11.86,3.5079,9.24,4503,971.8,8.213,8.201
1514,train,3.7236,0.0769,9.25,3.0752,7.12,3707,972.4,4.780,4.762
1515,train,4.3468,0.0922,13.71,3.7853,9.69,4057,973.0,10.837,10.780
1516,train,4.2068,0.0368,12.35,3.3864,9.41,4427,973.6,6.870,6.802
1517,train,4.6686,0.0736,14.88,4.5370,12.85,5285,974.2,10.911,10.898
1518,train,4.0044,0.0992,9.53,3.6301,5.41,4255,974.8,6.158,6.137
1519,train,4.8077,0.0046,16.22,4.4847,16.94,4157,975.3,14.420,14.415
1520,train,4.0309,0.0357,10.35,3.4712,6.00,4539,975.9,6.804,6.785
1521,train,4.7561,0.0513,11.64,4.1102,7.85,4500,976.5,8.544,8.498
1522,train,4.8369,0.0207,15.01,4.5423,14.21,5742,977.1,14.456,14.445
1523,train,4.0788,0.0371,10.10,3.7480,8.41,3933,977.7,7.541,7.526
1524,train,5.2424,0.0357,15.75,4.7614,15.32,4093,978.3,14.490,14.485
1525,train,4.5802,0.0167,13.14,4.0448,11.98,4478,978.8,11.026,11.025
1526,train,4.8369,0.0255,16.97,4.4367,16.06,5172,979.4,13.782,13.767
1527,train,4.0013,0.0262,9.72,3.4758,8.81,4047,980.0,7.182,7.170
1528,train,4.2095,0.0246,10.92,3.5153,7.61,4138,980.6,8.218,8.212
1529,train,4.4925,0.0459,12.44,3.9581,9.25,4031,981.2,10.695,10.693
1530,train,4.8273,0.0202,14.59,4.6035,15.11,4647,981.8,13.627,13.576
1531,train,4.7043,0.0477,15.16,4.2063,11.98,4484,982.3,10.585,10.561
1532,train,4.0392,0.0862,14.72,3.2777,11.74,4329,982.9,10.579,10.578
1533,train,3.6446,0.1161,11.44,3.0148,8.71,4117,983.5,7.999,7.981
1534,train,4.4071,0.0252,11.61,3.6726,9.91,4167,984.1,8.501,8.498
1535,train,3.8815,0.1263,10.68,3.0116,7.41,4251,984.7,6.805,6.717
1536,train,4.5525,0.0138,16.11,4.1333,18.37,4490,985.3,13.156,13.127
1537,train,4.3690,0.0259,11.11,4.0981,8.74,4638,985.8,6.686,6.647
1538,train,3.1726,0.1833,6.52,2.1949,1.41,4201,986.4,2.230,2.219
1539,train,3.8399,0.0419,9.61,3.3443,6.24,4250,987.0,5.303,5.267
1540,train,5.0541,0.0085,16.94,4.8706,17.14,4016,987.6,14.223,14.217
1541,train,4.8920,0.0287,14.80,4.2509,7.40,4572,988.2,11.401,11.400
1542,train,4.0078,0.0718,10.39,3.2273,5.66,4695,988.8,8.087,8.072
1543,train,4.2403,0.0756,11.37,3.8225,11.65,5281,989.3,5.324,5.282
1544,train,4.3810,0.0208,12.89,4.1102,12.12,4317,989.9,9.378,9.283
1545,train,3.9044,0.0821,12.27,3.2211,9.65,5127,990.5,5.661,5.627
1546,train,3.9828,0.0462,8.23,3.6132,6.48,4224,991.1,5.749,5.744
1547,train,4.2449,0.0285,14.80,3.6927,13.30,4217,991.7,11.043,11.035
1548,train,4.2870,0.0172,13.21,3.8290,8.65,4475,992.3,9.307,9.301
1549,train,4.2979,0.0275,13.99,3.7557,15.73,4831,992.8,9.956,9.841
1550,train,3.9788,0.0378,9.12,3.5993,6.47,4979,993.4,5.970,5.933
1551,train,3.3948,0.0662,7.11,2.6815,5.24,4185,994.0,3.490,3.451
1552,train,4.7606,0.0230,16.09,4.4688,17.19,5209,994.6,11.872,11.835
1553,train,4.2111,0.0281,14.29,3.8009,16.84,4341,995.2,12.578,12.561
1554,train,5.6308,0.0070,19.64,5.3244,19.15,4417,995.8,15.483,15.459
1555,train,4.0023,0.0618,13.12,3.4314,11.54,4256,996.3,10.643,10.637
1556,train,4.7036,0.0296,13.70,4.3093,12.78,4428,996.9,11.337,11.326
1557,train,3.6940,0.0922,8.18,3.0799,4.41,4467,997.5,6.348,6.339
1558,train,4.4117,0.0367,15.01,4.0173,15.44,4664,998.1,12.042,11.958
1559,train,3.4579,0.1260,7.59,2.6062,3.41,4538,998.7,4.346,4.325
1560,train,3.9764,0.0221,13.43,3.6671,14.45,4436,999.3,10.466,10.450
1561,train,4.4803,0.0069,14.62,4.3631,15.99,4671,999.9,12.075,12.069
1562,train,3.5430,0.1156,8.47,2.8519,6.24,4595,1000.4,3.104,3.063
1563,train,3.6802,0.1739,8.10,3.1587,6.41,4072,1001.0,6.622,6.621
1564,train,5.3658,0.0017,19.84,5.3072,22.27,4219,1001.6,17.727,17.711
1565,train,4.6583,0.0218,12.49,4.3093,9.89,4500,1002.2,10.723,10.719
1566,train,3.0152,0.1498,5.43,2.3763,3.83,4045,1002.8,3.251,3.249
1567,train,4.4276,0.1139,13.49,3.8061,12.74,4030,1003.3,9.923,9.902
1568,train,4.5204,0.0298,14.89,4.2321,14.57,5099,1003.9,11.515,11.447
1569,train,4.4715,0.0551,12.23,4.1877,9.93,4211,1004.5,10.442,10.438
1570,train,4.2242,0.0136,11.62,3.7953,9.83,4350,1005.1,10.214,10.172
1571,train,4.4241,0.0229,11.71,3.9793,10.45,5380,1005.7,7.367,7.305
1572,train,3.3282,0.1384,12.30,2.7143,11.00,4335,1006.3,8.284,8.266
1573,train,4.9231,0.0051,16.58,4.6091,16.55,5442,1006.9,13.180,13.165
1574,train,4.1826,0.0492,15.23,3.5109,15.89,4739,1007.4,9.825,9.774
1575,train,4.8274,0.0217,16.85,4.3391,15.41,5350,1008.0,16.415,16.391
1576,train,5.4735,0.0030,20.08,5.2974,18.61,4638,1008.6,18.278,18.277
1577,train,4.2818,0.0372,11.23,3.8574,8.41,4781,1009.2,8.251,8.231
1578,train,4.4375,0.0957,14.87,3.7440,12.62,4430,1009.8,11.198,11.179
1579,train,4.4539,0.0535,11.61,4.1035,9.49,4656,1010.4,9.546,9.530
1580,train,4.6868,0.0191,16.83,4.1374,13.47,4711,1010.9,14.986,14.983
1581,train,4.2663,0.0463,12.83,3.8348,8.99,4194,1011.5,8.607,8.574
1582,train,3.9131,0.0464,11.65,3.3227,10.00,4763,1012.1,8.858,8.844
1583,train,4.3927,0.0611,12.68,4.0687,10.95,5207,1012.7,8.913,8.760
1584,train,4.6148,0.0138,14.34,4.2381,10.97,5127,1013.3,11.219,11.184
1585,train,4.0257,0.0644,9.26,3.7070,7.43,4936,1013.9,6.090,6.067
1586,train,3.6804,0.0676,9.07,3.0548,6.40,4230,1014.4,5.455,5.433
1587,train,4.1531,0.0293,11.86,3.5525,10.16,4683,1015.0,8.978,8.975
1588,train,4.9141,0.0038,15.21,4.6337,16.19,4435,1015.6,14.750,14.744
1589,train,3.9797,0.0422,10.91,3.4545,7.81,4217,1016.2,8.747,8.730
1590,train,3.5918,0.1301,8.60,2.9325,3.83,4566,1016.8,5.429,5.403
1591,train,3.8815,0.0597,9.41,3.2243,6.24,4505,1017.4,5.594,5.580
1592,train,3.9852,0.0501,10.23,3.7301,8.51,4349,1017.9,8.734,8.725
1593,train,4.3498,0.0825,10.87,3.6545,8.58,4752,1018.5,7.942,7.916
1594,train,3.9977,0.0209,10.08,3.6933,10.40,4395,1019.1,5.790,5.785
1595,train,4.3551,0.0299,12.74,3.9269,11.93,4942,1019.7,11.018,11.011
1596,train,4.3260,0.0277,15.28,3.7775,13.06,4472,1020.3,13.391,13.365
1597,train,3.9309,0.0746,9.58,3.6416,6.41,4627,1020.9,8.950,8.941
1598,train,4.6836,0.0317,20.44,4.3962,21.21,5052,1021.4,18.846,18.808
1599,train,4.8538,0.0172,19.95,4.2977,17.65,4761,1022.0,13.572,13.563
1600,train,3.9655,0.1197,10.00,3.7532,7.12,5171,1022.6,6.978,6.950
1601,train,3.4950,0.0393,7.25,2.8515,4.41,4074,1023.2,4.396,4.389
1602,train,4.7247,0.0060,16.19,4.4443,15.07,4531,1023.8,11.280,11.208
1603,train,4.3364,0.0088,16.35,4.0253,14.84,4898,1024.4,11.455,11.435
1604,train,5.0555,0.0138,16.94,4.8382,14.28,4646,1024.9,13.783,13.766
1605,train,4.1260,0.0681,10.62,3.3749,4.65,5285,1025.5,7.942,7.910
1606,train,4.5856,0.0112,15.71,4.3183,17.73,4651,1026.1,14.158,14.113
1607,train,3.6432,0.0799,9.01,3.1488,7.83,4341,1026.7,5.631,5.627
1608,train,3.9011,0.0365,9.12,3.4988,6.24,4057,1027.3,3.666,3.636
1609,train,4.6007,0.0232,15.22,4.0973,12.32,4873,1027.9,11.926,11.922
1610,train,3.8852,0.0783,12.98,3.5020,14.73,4102,1028.4,9.073,9.038
1611,train,4.6029,0.0096,15.39,4.3975,19.61,4684,1029.0,12.588,12.554
1612,train,4.0897,0.0228,10.98,3.7122,9.65,4337,1029.6,5.834,5.814
1613,train,3.9894,0.0455,8.81,3.6942,7.58,4067,1030.2,8.259,8.246
1614,train,4.1070,0.0698,11.33,3.6641,9.74,4739,1030.8,8.645,8.633
1615,train,5.1538,0.0313,16.55,4.6929,16.67,4571,1031.4,16.175,16.162
1616,train,3.9294,0.1349,13.03,3.3674,12.63,4085,1031.9,11.015,10.997
1617,train,3.8862,0.0274,8.61,3.5093,6.47,4455,1032.5,6.878,6.875
1618,train,4.0041,0.0245,9.53,3.7470,8.16,4202,1033.1,6.834,6.828
1619,train,3.7075,0.0645,13.19,3.2498,14.72,3987,1033.7,10.579,10.564
1620,train,3.3507,0.1252,7.32,2.9724,5.24,4161,1034.3,4.369,4.269
1621,train,3.9341,0.0617,9.62,3.4584,8.12,5092,1034.9,8.190,8.185
1622,train,4.3477,0.0859,12.90,3.7977,11.06,5030,1035.4,9.595,9.578
1623,train,3.8410,0.0524,9.18,3.5488,5.99,4351,1036.0,7.144,7.121
1624,train,3.8299,0.0528,16.65,3.2790,15.65,4073,1036.6,13.150,13.138
1625,train,4.8944,0.0047,15.74,4.7593,16.39,4712,1037.2,11.572,11.554
1626,train,3.8894,0.1127,10.51,3.4016,7.00,5376,1037.8,7.518,7.447
1627,train,3.9983,0.0316,11.09,3.4977,10.69,5691,1038.4,7.519,7.428
1628,train,3.8969,0.0609,9.46,3.5479,8.06,4696,1038.9,6.631,6.623
1629,train,3.5648,0.0973,8.08,3.0848,5.89,4944,1039.5,5.523,5.497
1630,train,4.2377,0.0058,12.58,3.7075,10.80,4813,1040.1,9.519,9.513
1631,train,3.8943,0.0424,11.10,3.6834,13.48,4789,1040.7,6.960,6.955
1632,train,4.0924,0.0187,9.26,3.7567,8.71,3894,1041.3,8.257,8.245
1633,train,4.8820,0.0072,15.64,4.4215,18.31,4333,1041.9,12.239,12.232
1634,train,3.9326,0.0544,10.25,3.4321,9.00,4820,1042.4,9.182,9.180
1635,train,4.0630,0.0190,10.51,3.6779,8.48,4116,1043.0,7.622,7.621
1636,train,4.3121,0.0500,12.36,4.1295,10.73,4818,1043.6,10.834,10.678
1637,train,3.5133,0.0730,6.71,3.0942,5.83,4396,1044.2,4.060,4.037
1638,train,4.2679,0.0609,15.52,3.7043,13.65,4283,1044.8,10.462,10.451
1639,train,4.9058,0.0079,16.86,4.5954,15.10,4571,1045.4,15.131,15.129
1640,train,4.0232,0.0485,10.11,3.5294,6.89,4951,1045.9,8.277,8.267
1641,train,4.6629,0.0163,18.97,4.4128,20.47,4772,1046.5,14.600,14.590
1642,train,4.6944,0.0715,17.92,4.0328,14.54,5329,1047.1,14.622,14.583
1643,train,4.0157,0.1111,9.13,3.9783,7.02,4276,1047.7,7.323,7.303
1644,train,3.6127,0.0929,9.38,3.1790,5.83,4705,1048.3,5.439,5.432
1645,train,3.5307,0.0455,8.05,3.0915,7.89,3933,1048.9,5.753,5.748
1646,train,4.1568,0.0355,11.88,3.7730,11.05,4420,1049.4,8.973,8.965
1647,train,3.7384,0.0519,9.82,3.3071,9.83,4005,1050.0,8.125,8.105
1648,train,3.6128,0.1027,9.85,3.1449,8.12,4790,1050.6,7.977,7.958
1649,train,3.8442,0.1135,9.27,3.4345,5.40,4017,1051.2,7.603,7.602
1650,train,4.2019,0.1123,14.14,3.7315,12.71,4976,1051.8,12.618,12.588
1651,train,3.6320,0.1336,10.06,2.9665,8.10,4565,1052.4,6.879,6.871
1652,train,3.4524,0.1266,7.39,2.9961,7.06,4256,1052.9,5.828,5.823
1653,train,4.3263,0.0908,12.73,3.6945,13.47,4561,1053.5,9.732,9.714
1654,train,3.5192,0.1177,6.73,3.2287,3.00,4538,1054.1,3.904,3.888
1655,train,4.1701,0.0571,13.31,3.6977,15.93,5076,1054.7,9.653,9.642
1656,train,3.9903,0.0840,11.27,3.7781,9.24,3916,1055.3,10.060,10.056
1657,train,3.8726,0.0195,10.41,3.2988,10.50,5328,1055.9,7.712,7.709
1658,train,5.5477,0.0072,18.11,5.3506,19.17,4556,1056.4,16.802,16.787
1659,train,5.1713,0.0841,18.60,4.4756,16.30,4483,1057.0,15.881,15.867
1660,train,3.3493,0.1076,7.41,2.8601,5.58,4667,1057.6,4.397,4.358
1661,train,3.5368,0.1127,8.00,3.0120,5.24,4552,1058.2,4.807,4.766
1662,train,3.8923,0.0589,12.12,3.5282,9.41,4262,1058.8,9.983,9.979
1663,train,3.7417,0.0478,8.13,3.5444,7.24,4836,1059.4,5.770,5.760
1664,train,3.3916,0.1045,6.97,3.0801,4.65,4605,1060.0,4.215,4.208
1665,train,4.2025,0.0630,10.50,3.7852,9.34,4956,1060.5,5.383,5.379
1666,train,3.3848,0.1176,7.46,2.7156,5.83,4055,1061.1,4.571,4.559
1667,train,3.7262,0.0695,9.43,3.1908,4.41,4319,1061.7,6.284,6.253
1668,train,4.6059,0.0355,13.49,3.7039,10.29,4080,1062.3,12.774,12.754
1669,train,5.5567,0.0024,20.06,5.3116,20.29,4159,1062.9,19.006,19.005
1670,train,4.8468,0.0344,15.54,4.4593,15.08,4453,1063.4,12.211,12.204
1671,train,3.6768,0.0321,9.24,3.1991,9.75,4365,1064.0,6.635,6.633
1672,train,4.5564,0.0205,16.27,4.1771,12.74,4385,1064.6,14.014,13.999
1673,train,4.2678,0.1167,11.78,3.9014,10.12,4492,1065.2,9.442,9.424
1674,train,3.9713,0.1031,12.41,3.6432,9.24,4597,1065.8,9.899,9.888
1675,train,4.4719,0.0524,11.95,3.8991,10.77,4391,1066.4,9.953,9.942
1676,train,3.7469,0.0400,13.82,3.0509,15.00,4028,1066.9,12.232,12.207
1677,train,4.0941,0.0585,14.72,3.5820,14.17,4322,1067.5,11.914,11.798
1678,train,4.2790,0.0577,11.45,3.5758,9.00,4891,1068.1,9.437,9.435
1679,train,3.3054,0.1471,7.14,2.9864,5.89,4323,1068.7,3.409,3.373
1680,train,4.4312,0.0316,16.78,4.1095,18.09,5855,1069.3,12.958,12.933
1681,train,4.1630,0.0681,16.11,3.9203,15.43,4494,1069.9,11.526,11.401
1682,train,3.9363,0.0334,11.07,3.3619,6.41,4163,1070.5,7.124,7.109
1683,train,4.0285,0.0831,11.86,3.4291,12.10,4318,1071.0,10.120,10.116
1684,train,4.4840,0.0310,12.48,4.2180,13.31,5256,1071.6,9.950,9.936
1685,train,4.7673,0.0077,17.13,4.5069,15.23,4831,1072.2,13.146,13.142
1686,train,3.7401,0.1028,10.46,3.2920,9.40,3922,1072.8,9.072,9.065
1687,train,4.0392,0.0411,10.69,3.6440,10.73,5256,1073.4,8.444,8.437
1688,train,3.4332,0.1623,9.54,3.0330,7.10,4023,1074.0,7.946,7.931
1689,train,4.2374,0.0501,11.86,3.9650,7.65,4354,1074.5,10.687,10.679
1690,train,3.4274,0.0838,8.44,2.9232,7.41,4273,1075.1,5.102,5.078
1691,train,4.2044,0.0059,12.42,3.9581,13.61,4953,1075.7,9.996,9.966
1692,train,3.9805,0.0428,10.57,3.4895,9.54,4366,1076.3,8.218,8.216
1693,train,3.8765,0.0728,9.10,3.6051,7.54,4024,1076.9,8.064,8.042
1694,train,4.4287,0.0107,11.15,3.9001,10.26,4747,1077.5,8.742,8.735
1695,train,3.9019,0.1050,17.22,3.6461,21.02,4189,1078.0,14.758,14.738
1696,train,3.6875,0.0470,7.78,3.2231,6.06,4551,1078.6,4.107,4.096
1697,train,4.3036,0.0265,9.91,3.7522,7.83,4866,1079.2,8.007,8.006
1698,train,3.8710,0.0401,14.23,3.3910,14.96,4733,1079.8,10.212,10.194
1699,train,4.2394,0.0258,19.45,3.8415,16.41,4194,1080.4,13.803,13.801
1700,train,3.6078,0.0713,7.12,3.2316,4.41,4023,1081.0,3.635,3.623
1701,train,3.9864,0.0875,12.04,3.7690,11.86,4273,1081.5,8.849,8.848
1702,train,3.6275,0.1404,6.96,3.0534,1.00,4493,1082.1,5.149,5.106
1703,train,3.5613,0.1098,7.83,3.1868,5.65,4674,1082.7,4.981,4.979
1704,train,3.9503,0.0817,9.87,3.8252,6.66,4491,1083.3,9.492,9.490
1705,train,4.5517,0.0529,16.42,4.2689,15.05,4749,1083.9,15.532,15.526
1706,train,4.7083,0.0218,14.25,4.2580,12.91,4459,1084.5,13.818,13.815
1707,train,4.5645,0.0157,16.12,4.2237,16.13,4835,1085.0,12.389,12.378
1708,train,3.4396,0.1279,6.65,2.8741,3.41,4128,1085.6,3.040,2.940
1709,train,4.1699,0.0981,13.26,4.0614,15.69,4310,1086.2,11.457,11.407
1710,train,3.6463,0.0553,12.10,3.4177,11.50,4376,1086.8,8.975,8.966
1711,train,3.6375,0.1129,9.14,3.1946,8.71,4498,1087.4,6.009,6.003
1712,train,4.0711,0.0731,11.24,3.4761,8.36,4322,1088.0,9.550,9.523
1713,train,3.7401,0.0357,9.47,3.4389,6.16,4824,1088.5,7.478,7.476
1714,train,3.2385,0.2028,6.50,2.7899,5.41,3880,1089.1,4.407,4.391
1715,train,3.7188,0.1078,8.06,3.0989,6.47,4562,1089.7,6.236,6.232
1716,train,3.9115,0.0426,9.48,3.5492,7.81,3967,1090.3,7.250,7.247
1717,train,4.0415,0.0235,11.79,3.4589,9.24,4214,1090.9,10.138,10.135
1718,train,3.8374,0.1091,14.53,3.4676,15.31,4958,1091.5,12.570,12.538
1719,train,3.5203,0.1166,7.32,2.9542,4.65,4624,1092.0,4.737,4.717
1720,train,4.8470,0.0156,16.76,4.4104,15.37,4867,1092.6,14.331,14.309
1721,train,4.3619,0.0301,13.74,3.6242,13.07,4845,1093.2,12.240,12.213
1722,train,4.1562,0.0122,10.15,3.8562,9.70,4765,1093.8,8.176,8.170
1723,train,3.6147,0.0469,7.91,3.0562,4.65,4584,1094.4,4.050,4.013
1724,train,4.1265,0.0531,10.47,3.7301,8.00,4670,1095.0,8.377,8.371
1725,train,3.9496,0.1468,10.53,3.5281,11.07,4340,1095.5,8.646,8.641
1726,train,3.8252,0.0836,7.44,3.4778,5.24,4510,1096.1,6.005,5.996
1727,train,4.3986,0.0738,12.70,3.9958,8.75,4105,1096.7,11.809,11.797
1728,train,4.9174,0.0548,17.03,4.7405,16.44,4108,1097.3,13.714,13.707
1729,train,4.0205,0.0714,13.71,3.8791,16.02,4216,1097.9,11.011,10.910
1730,train,3.7853,0.0418,10.59,3.5092,9.66,4879,1098.5,6.143,6.108
1731,train,4.4524,0.0126,12.07,4.0589,12.16,3958,1099.0,9.645,9.644
1732,train,3.8452,0.1608,9.86,3.5739,9.07,4317,1099.6,8.790,8.777
1733,train,3.6018,0.0845,10.73,3.2825,11.54,4319,1100.2,9.386,9.358
1734,train,4.9801,0.0154,11.65,4.7499,10.67,4226,1100.8,9.592,9.588
1735,train,4.7108,0.0967,16.29,4.2908,14.56,3950,1101.4,15.262,15.259
1736,train,4.1206,0.0657,11.90,3.5730,12.85,4965,1102.0,8.738,8.736
1737,train,3.5022,0.1461,7.66,3.0648,2.83,4086,1102.5,5.474,5.429
1738,train,4.0724,0.0875,14.52,3.8012,15.60,4457,1103.1,11.634,11.599
1739,train,3.5019,0.1206,10.18,3.0314,9.91,4692,1103.7,6.407,6.378
1740,train,5.1081,0.0040,17.43,4.8242,17.81,4233,1104.3,16.197,16.191
1741,train,4.4928,0.0075,13.42,4.3297,14.40,4961,1104.9,11.039,11.028
1742,train,4.5315,0.0437,16.02,3.9703,12.34,4304,1105.5,14.634,14.583
1743,train,4.6038,0.0118,20.69,4.1814,22.71,3728,1106.0,18.451,18.440
1744,train,3.1605,0.1928,6.30,2.7444,4.00,4584,1106.6,4.405,4.381
1745,train,3.9222,0.0436,11.00,3.6631,12.61,4546,1107.2,7.551,7.521
1746,train,4.3386,0.0739,19.51,3.9901,20.10,3994,1107.8,16.574,16.570
1747,train,4.1045,0.0316,11.52,3.8174,8.12,5727,1108.4,8.907,8.890
1748,train,3.3451,0.1619,9.16,2.9431,11.07,4712,1109.0,7.238,7.210
1749,train,3.5184,0.0918,9.09,3.1224,6.47,5089,1109.5,5.226,5.222
1750,train,4.5165,0.0419,15.87,4.1123,20.04,4414,1110.1,13.641,13.638
1751,train,3.8583,0.0778,10.05,3.3374,11.00,5169,1110.7,6.531,6.469
1752,train,3.5768,0.1132,9.53,3.1939,10.24,4654,1111.3,7.975,7.935
1753,train,3.9680,0.1581,12.29,3.3360,10.22,4745,1111.9,10.194,10.185
1754,train,3.5542,0.0792,8.25,3.1754,7.06,4357,1112.5,5.574,5.557
1755,train,3.9539,0.0565,12.97,3.5354,9.61,4722,1113.0,9.487,9.471
1756,train,4.1670,0.0286,10.81,3.8830,10.12,4370,1113.6,7.148,7.134
1757,train,3.6204,0.1091,8.01,3.0107,4.65,5096,1114.2,6.833,6.829
1758,train,3.0618,0.1252,6.55,2.5860,5.00,4329,1114.8,5.792,5.788
1759,train,3.9977,0.0378,10.44,3.4644,8.00,4629,1115.4,8.012,8.005
1760,train,4.7585,0.0446,15.51,4.4216,14.20,4863,1116.0,12.010,11.992
1761,train,3.5934,0.0497,8.22,3.0605,4.41,4387,1116.5,6.107,6.104
1762,train,3.4989,0.1458,7.44,2.9256,4.00,4615,1117.1,4.772,4.758
1763,train,3.7626,0.1118,12.72,3.0528,12.47,4778,1117.7,9.681,9.640
1764,train,4.0351,0.0196,9.67,3.4938,9.02,4593,1118.3,7.420,7.418
1765,train,3.5311,0.1419,8.14,3.1151,6.00,4300,1118.9,7.455,7.447
1766,train,4.1170,0.0362,12.58,3.7198,14.92,5058,1119.5,11.131,11.113
1767,train,3.7884,0.0469,11.61,3.3974,9.83,5099,1120.0,9.015,9.010
1768,train,3.6234,0.1134,10.68,3.1326,6.41,4956,1120.6,6.752,6.742
1769,train,3.3673,0.0773,10.69,3.1889,10.24,4579,1121.2,8.641,8.592
1770,train,3.4820,0.1117,7.88,3.0333,5.47,4350,1121.8,5.047,5.021
1771,train,3.4229,0.1875,8.03,2.6381,3.00,4171,1122.4,6.488,6.483
1772,train,3.8068,0.0278,9.30,3.5936,7.24,5035,1123.0,4.594,4.546
1773,train,3.3827,0.0865,7.72,2.8040,6.41,4530,1123.5,4.616,4.603
1774,train,3.4653,0.1801,11.94,2.8970,10.60,4220,1124.1,9.321,9.312
1775,train,3.7266,0.0726,8.79,3.1974,7.24,4876,1124.7,7.127,7.106
1776,train,3.5479,0.2402,8.13,3.1737,3.83,4741,1125.3,7.013,7.004
1777,train,3.4474,0.1082,7.11,3.1497,6.40,4370,1125.9,6.617,6.610
1778,train,3.2421,0.1529,7.43,2.8342,5.00,4474,1126.5,4.973,4.957
1779,train,4.0526,0.0959,10.97,3.8469,9.12,4524,1127.0,9.403,9.394
1780,train,3.3353,0.1660,7.40,2.8025,5.65,4241,1127.6,6.507,6.497
1781,train,3.6871,0.0900,14.58,3.0240,12.41,4331,1128.2,10.907,10.882
1782,train,3.9284,0.0224,11.17,3.7257,6.89,4994,1128.8,8.037,8.019
1783,train,3.5947,0.1180,9.63,2.9915,5.41,5238,1129.4,6.191,6.175
1784,train,4.1748,0.1026,9.09,3.5064,7.61,4647,1130.0,5.932,5.870
1785,train,4.0021,0.0339,10.48,3.6647,12.06,4158,1130.5,9.891,9.871
1786,train,3.8401,0.0571,13.61,3.5787,8.32,4217,1131.1,12.120,12.108
1787,train,4.4573,0.0315,15.31,4.0554,17.16,4664,1131.7,11.459,11.444
1788,train,3.9537,0.0186,11.56,3.6456,7.99,4363,1132.3,8.903,8.895
1789,train,4.9035,0.0025,16.79,4.8336,17.41,4792,1132.9,15.341,15.335
1790,train,3.3455,0.1349,7.44,2.7484,4.00,5257,1133.5,3.812,3.767
1791,train,2.7397,0.2717,4.86,2.1841,2.00,4023,1134.0,3.170,3.141
1792,train,3.3296,0.1441,7.63,2.8772,5.16,5087,1134.6,5.352,5.331
1793,train,4.0868,0.1059,12.78,3.7353,12.13,4229,1135.2,10.486,10.466
1794,train,4.2125,0.0710,10.84,3.7716,10.66,4421,1135.8,7.658,7.627
1795,train,3.4309,0.0798,6.66,3.2177,6.65,3810,1136.4,5.098,5.085
1796,train,4.5827,0.0513,12.37,4.0081,11.25,4936,1137.0,11.385,11.374
1797,train,3.6161,0.0867,7.25,2.7970,5.41,4888,1137.5,4.544,4.535
1798,train,3.5803,0.0662,8.47,3.0178,6.02,4881,1138.1,3.619,3.607
1799,train,2.9149,0.1862,6.21,2.3124,4.00,4028,1138.7,3.717,3.709
1800,train,3.9860,0.0410,11.82,3.4670,11.41,4633,1139.3,7.620,7.579
1801,train,3.4094,0.0591,8.23,3.0992,9.00,4601,1139.9,6.568,6.560
1802,train,3.5184,0.1040,7.68,2.9771,5.58,4778,1140.5,5.533,5.525
1803,train,3.5902,0.0611,7.75,3.1891,7.06,4453,1141.0,5.136,5.085
1804,train,3.9328,0.0455,12.90,3.4565,13.95,4129,1141.6,11.457,11.456
1805,train,4.3486,0.1131,10.66,3.9229,7.40,4625,1142.2,9.622,9.601
1806,train,4.3164,0.0676,11.94,3.9518,9.80,4894,1142.8,9.847,9.846
1807,train,4.8738,0.0268,12.65,4.5361,11.28,5001,1143.4,8.602,8.544
1808,train,4.0047,0.0598,10.96,3.5161,13.09,3815,1144.0,8.620,8.604
1809,train,3.3728,0.1599,7.10,3.0964,6.41,4002,1144.5,5.628,5.594
1810,train,3.6521,0.1033,8.44,3.3627,6.24,3823,1145.1,6.810,6.796
1811,train,3.0613,0.0954,6.01,2.7431,4.41,4361,1145.7,3.438,3.418
1812,train,3.4945,0.1312,7.06,3.0811,5.65,5153,1146.3,5.695,5.688
1813,train,4.1486,0.0767,12.42,3.4582,9.08,4943,1146.9,8.623,8.598
1814,train,4.2967,0.1006,11.79,4.1600,13.07,4473,1147.5,10.672,10.664
1815,train,3.3470,0.0920,6.80,2.8185,5.24,4554,1148.0,5.816,5.801
1816,train,5.1114,0.0243,18.57,4.7959,20.16,4972,1148.6,15.689,15.684
1817,train,3.5880,0.0958,15.30,2.9810,15.14,4977,1149.2,11.810,11.801
1818,train,4.2431,0.0324,9.79,3.5026,8.23,4442,1149.8,7.601,7.586
1819,train,2.9276,0.2057,5.67,2.4308,4.00,4594,1150.4,3.044,3.014
1820,train,5.4353,0.0157,19.28,4.9347,18.83,5017,1151.0,15.230,15.223
1821,train,3.5488,0.1114,7.58,3.1276,7.26,3590,1151.5,3.091,3.075
1822,train,4.5251,0.0339,10.34,4.1348,8.99,4065,1152.1,10.096,10.084
1823,train,3.8933,0.0162,12.46,3.4153,12.72,4754,1152.7,9.903,9.894
1824,train,4.6255,0.0088,14.10,4.2724,14.25,5340,1153.3,13.526,13.509
1825,train,3.5200,0.0843,9.92,3.0470,9.24,5409,1153.9,7.488,7.482
1826,train,3.9537,0.0452,9.12,3.7288,8.65,5307,1154.5,7.871,7.865
1827,train,4.6069,0.0397,10.12,4.3387,10.24,4982,1155.0,8.505,8.504
1828,train,3.8974,0.0206,14.01,3.2567,12.85,4412,1155.6,11.596,11.589
1829,train,4.4079,0.0440,10.80,4.1036,10.34,4159,1156.2,8.139,8.073
1830,train,4.8325,0.0134,20.15,4.5118,16.11,4325,1156.8,16.535,16.530
1831,train,3.1338,0.1832,6.44,2.7397,6.16,4148,1157.4,4.189,4.168
1832,train,3.8277,0.0838,9.52,3.3927,6.00,4370,1158.0,5.768,5.707
1833,train,3.6848,0.1330,8.70,3.1117,7.61,4632,1158.5,5.042,5.027
1834,train,3.3413,0.1433,8.81,2.9928,10.12,4640,1159.1,5.057,5.030
1835,train,3.2642,0.1627,7.21,2.8669,7.00,4198,1159.7,4.929,4.919
1836,train,3.5761,0.0616,9.88,3.2511,7.41,3994,1160.3,4.819,4.773
1837,train,3.5432,0.1312,9.14,3.3122,7.10,4818,1160.9,6.072,6.054
1838,train,3.5325,0.1032,8.64,2.9981,7.41,4447,1161.5,7.858,7.812
1839,train,5.3662,0.0147,16.33,4.8305,16.56,4276,1162.0,14.742,14.741
1840,train,3.6743,0.0972,8.45,3.3882,6.40,3889,1162.6,6.270,6.254
1841,train,2.8664,0.1591,5.58,2.4570,4.41,3965,1163.2,4.195,4.189
1842,train,4.2051,0.0560,11.47,3.8103,10.40,4734,1163.8,5.853,5.814
1843,train,4.3248,0.0073,10.55,3.8428,10.24,3842,1164.4,8.896,8.890
1844,train,3.1226,0.0739,6.52,2.6319,4.41,3693,1164.9,4.274,4.241
1845,train,3.3971,0.0816,7.68,3.0017,6.24,4412,1165.5,5.377,5.374
1846,train,3.7795,0.0824,9.49,3.2823,4.24,4212,1166.1,8.132,8.111
1847,train,4.2356,0.0482,15.30,3.8525,15.90,4707,1166.7,11.125,11.124
1848,train,3.5221,0.0433,11.15,3.1667,12.65,3900,1167.3,9.365,9.361
1849,train,3.5575,0.0661,7.77,3.0500,4.83,5050,1167.9,5.462,5.451
1850,train,3.0689,0.1598,5.47,2.3896,2.00,4486,1168.4,2.904,2.832
1851,train,4.0790,0.0268,10.66,3.7520,9.71,4324,1169.0,7.901,7.896
1852,train,3.4891,0.1332,11.57,3.1745,11.16,4391,1169.6,10.160,10.155
1853,train,4.7781,0.0442,12.83,4.7411,14.26,4615,1170.2,10.653,10.624
1854,train,3.7249,0.0879,10.01,3.5166,6.36,4423,1170.8,6.936,6.931
1855,train,3.3322,0.1472,7.73,2.8111,6.12,4063,1171.4,5.640,5.509
1856,train,4.2366,0.0135,10.62,4.0762,10.24,4150,1171.9,8.407,8.405
1857,train,3.5465,0.0638,7.19,3.2106,4.83,4578,1172.5,4.018,3.997
1858,train,4.0695,0.0339,11.87,3.7725,11.64,4983,1173.1,8.324,8.322
1859,train,3.8367,0.0799,10.16,3.3626,5.65,5217,1173.7,10.160,10.151
1860,train,4.1809,0.0260,16.77,3.6935,18.25,5222,1174.3,13.363,13.356
1861,train,3.5818,0.0861,7.91,3.0162,3.83,5319,1174.9,4.955,4.849
1862,train,5.1860,0.0026,18.85,4.8268,19.20,4209,1175.4,16.344,16.339
1863,train,3.9368,0.0543,12.17,3.4017,10.91,5189,1176.0,11.342,11.327
1864,train,4.0023,0.1159,11.24,3.6637,6.51,3951,1176.6,9.742,9.737
1865,train,4.5073,0.0758,13.35,4.2090,10.07,4615,1177.2,10.213,10.193
1866,train,2.9744,0.1668,5.87,2.6248,3.41,4431,1177.8,2.842,2.806
1867,train,4.2377,0.0289,13.64,3.8714,14.93,4192,1178.4,9.523,9.516
1868,train,3.5903,0.0241,10.13,3.2565,9.65,4722,1178.9,6.340,6.332
1869,train,3.6729,0.0382,8.31,3.4911,8.06,4058,1179.5,5.758,5.739
1870,train,3.5292,0.1503,8.57,2.9317,7.41,4499,1180.1,6.470,6.462
1871,train,3.4987,0.1350,9.61,3.1101,8.50,5022,1180.7,6.131,6.117
1872,train,3.6754,0.0651,11.70,3.2591,11.47,4088,1181.3,7.988,7.965
1873,train,4.4649,0.0561,14.27,4.0742,11.80,5208,1181.9,9.618,9.608
1874,train,4.0189,0.0832,13.04,3.6633,15.45,5086,1182.4,11.755,11.730
1875,train,3.1460,0.1376,6.41,2.3667,4.24,4134,1183.0,3.740,3.720
1876,train,4.2286,0.0490,16.54,3.6088,16.88,4207,1183.6,14.672,14.668
1877,train,4.0548,0.0306,13.08,3.8630,12.47,5516,1184.2,8.726,8.721
1878,train,3.7026,0.1420,11.37,3.2294,9.41,4331,1184.8,9.819,9.815
1879,train,3.4113,0.0776,7.91,3.0579,7.24,5075,1185.4,5.891,5.866
1880,train,4.0424,0.0283,11.14,3.6384,9.77,4834,1185.9,11.259,11.245
1881,train,4.5878,0.0019,14.69,4.2969,15.09,4646,1186.5,13.436,13.433
1882,train,4.6375,0.0051,14.77,4.5313,13.71,4923,1187.1,13.661,13.658
1883,train,4.0571,0.0126,13.68,3.7960,15.87,4524,1187.7,10.927,10.917
1884,train,3.7243,0.0546,9.14,3.2160,6.00,4744,1188.3,5.713,5.702
1885,train,3.7289,0.0521,10.98,3.3072,9.94,4301,1188.9,7.269,7.266
1886,train,3.8857,0.0186,10.12,3.5301,10.24,4033,1189.4,7.905,7.896
1887,train,2.8387,0.1033,5.73,2.6704,5.24,4095,1190.0,3.958,3.956
1888,train,4.0779,0.0678,10.27,3.6372,8.93,4158,1190.6,8.542,8.540
1889,train,3.6779,0.0614,8.20,3.1143,7.00,4184,1191.2,6.759,6.754
1890,train,3.8505,0.0350,7.38,3.5094,7.06,3999,1191.8,6.137,6.133
1891,train,3.3371,0.0726,7.04,2.9511,5.00,4765,1192.4,4.771,4.753
1892,train,3.8852,0.0536,10.85,3.4673,7.54,5059,1192.9,7.625,7.622
1893,train,3.5570,0.0733,12.25,3.2317,11.21,4554,1193.5,11.601,11.599
1894,train,3.9800,0.0630,10.43,3.7953,10.50,4477,1194.1,7.979,7.973
1895,train,4.7430,0.0084,15.32,4.5306,14.00,4065,1194.7,13.430,13.427
1896,train,3.9530,0.0988,16.25,3.5617,15.07,4363,1195.3,13.359,13.346
1897,train,4.1360,0.0158,10.07,3.8674,10.04,4943,1195.9,7.426,7.420
1898,train,4.3597,0.0373,15.15,4.1381,15.49,4263,1196.4,14.107,14.106
1899,train,3.6474,0.0883,7.56,3.2742,5.99,5097,1197.0,6.551,6.548
1900,train,3.7265,0.0872,10.15,3.2529,8.77,4759,1197.6,6.438,6.429
1901,train,3.4214,0.1044,7.23,3.0007,3.24,5382,1198.2,4.609,4.607
1902,train,3.7769,0.0763,8.79,3.4083,6.24,5488,1198.8,6.902,6.900
1903,train,4.4566,0.0585,15.77,4.1403,14.95,4732,1199.4,12.142,12.120
1904,train,3.8799,0.0740,11.83,3.7037,12.94,3957,1199.9,10.838,10.830
1905,train,3.6275,0.0625,10.35,3.3099,9.00,5422,1200.5,5.790,5.765
1906,train,3.9751,0.0345,10.06,3.6084,9.40,3851,1201.1,6.750,6.749
1907,train,2.9360,0.2117,5.58,2.3673,3.00,4857,1201.7,3.499,3.491
1908,train,3.6799,0.0805,7.77,3.4664,4.24,4424,1202.3,5.039,5.024
1909,train,4.2146,0.0416,10.09,3.9580,7.65,4496,1202.9,5.724,5.604
1910,train,4.1979,0.0588,10.80,3.9199,8.00,5206,1203.4,9.275,9.273
1911,train,4.0932,0.1737,10.88,3.7896,11.61,4680,1204.0,8.692,8.686
1912,train,2.9971,0.1239,6.84,2.4400,4.41,4600,1204.6,4.890,4.885
1913,train,3.5058,0.1545,8.42,3.0767,5.00,4608,1205.2,5.510,5.507
1914,train,3.9048,0.0542,11.97,3.1878,9.66,4872,1205.8,8.762,8.761
1915,train,4.0817,0.0436,11.16,3.7904,9.65,3944,1206.4,11.478,11.469
1916,train,2.9078,0.1988,5.17,2.4490,3.00,4623,1206.9,2.641,2.619
1917,train,3.5226,0.0578,7.57,2.9947,6.58,4865,1207.5,6.033,6.026
1918,train,3.7846,0.1002,7.07,3.4720,4.83,5132,1208.1,5.640,5.620
1919,train,4.9080,0.0462,14.31,4.4511,13.38,3719,1208.7,12.249,12.245
1920,train,3.7314,0.0462,8.78,3.2250,5.24,4286,1209.3,5.885,5.881
1921,train,3.5936,0.0479,10.27,2.9988,9.02,4592,1209.9,8.883,8.879
1922,train,4.3567,0.0333,9.89,4.0069,7.58,4478,1210.4,8.724,8.711
1923,train,3.5067,0.1166,8.87,3.2999,7.10,4355,1211.0,6.856,6.855
1924,train,3.7328,0.1271,8.74,3.1786,6.58,4798,1211.6,6.304,6.299
1925,train,4.8889,0.0019,15.30,4.5434,12.84,5222,1212.2,12.753,12.752
1926,train,3.7970,0.0884,11.28,3.2621,9.08,4561,1212.8,8.362,8.355
1927,train,3.4690,0.0797,10.14,3.0058,9.41,4933,1213.4,6.862,6.843
1928,train,4.0266,0.0333,12.50,3.6535,11.99,4232,1213.9,9.596,9.595
1929,train,3.9871,0.0533,11.11,3.5605,12.26,4875,1214.5,9.286,9.279
1930,train,4.0623,0.0581,15.02,3.7426,18.64,4201,1215.1,11.512,11.422
1931,train,3.9016,0.1149,9.18,3.5253,9.00,4231,1215.7,8.548,8.541
1932,train,3.8317,0.1855,12.02,3.6088,13.36,3919,1216.3,10.324,10.309
1933,train,4.9082,0.0304,13.14,4.1824,10.56,5492,1216.9,9.752,9.745
1934,train,3.2546,0.0929,7.72,3.0388,9.34,4199,1217.4,5.071,5.052
1935,train,3.0816,0.1469,7.47,3.0331,5.65,4022,1218.0,5.064,5.054
1936,train,3.8042,0.0179,9.09,3.3990,8.41,4871,1218.6,7.182,7.176
1937,train,4.0703,0.0770,12.05,3.6212,11.90,4480,1219.2,11.598,11.598
1938,train,3.7721,0.0894,11.18,3.3712,12.41,4754,1219.8,9.776,9.721
1939,train,2.9806,0.1461,5.63,2.6082,4.41,3764,1220.4,4.213,4.205
1940,train,3.5172,0.0473,8.10,3.2878,8.24,4055,1220.9,6.623,6.619
1941,train,3.8712,0.0378,12.19,3.5546,12.41,4361,1221.5,10.724,10.719
1942,train,3.6321,0.0453,8.05,3.4179,8.23,4022,1222.1,6.084,6.065
1943,train,4.1374,0.0833,12.73,3.8755,11.53,5015,1222.7,10.030,9.977
1944,train,4.2790,0.0062,12.36,4.2312,13.99,4376,1223.3,8.955,8.942
1945,train,4.0310,0.0422,9.91,3.7305,8.00,4813,1223.8,8.025,8.015
1946,train,3.2287,0.1653,7.04,2.6927,5.83,4113,1224.4,6.711,6.697
1947,train,3.2862,0.1164,7.03,2.9122,5.58,3867,1225.0,5.645,5.633
1948,train,3.9989,0.0369,10.21,3.8867,9.84,4500,1225.6,9.345,9.339
1949,train,3.4683,0.0930,7.36,2.8466,5.83,4054,1226.2,5.529,5.490
1950,train,3.2235,0.0807,6.51,2.9688,5.24,4538,1226.8,4.609,4.577
1951,train,3.2304,0.1705,8.33,2.8347,7.00,4134,1227.3,6.139,6.129
1952,train,3.1658,0.1115,5.88,3.2349,5.41,3741,1227.9,3.423,3.405
1953,train,4.0925,0.0249,9.68,3.6635,9.31,4747,1228.5,7.344,7.330
1954,train,4.3002,0.0186,12.74,3.8969,10.96,4719,1229.1,10.503,10.499
1955,train,3.5591,0.0754,8.67,3.1738,6.89,4684,1229.7,6.307,6.305
1956,train,3.1697,0.2125,6.64,2.8141,3.24,4555,1230.3,3.810,3.805
1957,train,4.2086,0.1016,11.42,3.7532,7.47,4705,1230.8,8.635,8.619
1958,train,3.1105,0.0999,6.42,2.7643,4.00,4906,1231.4,3.396,3.381
1959,train,3.9654,0.0938,11.98,3.5614,12.47,4435,1232.0,8.997,8.990
1960,train,4.3998,0.0125,11.52,3.9529,11.12,4086,1232.6,11.036,11.031
1961,train,3.6045,0.2125,11.46,3.1629,14.16,4688,1233.2,9.995,9.988
1962,train,3.2517,0.1252,7.17,2.6866,4.24,4632,1233.8,4.019,4.000
1963,train,4.4566,0.0184,13.72,4.0820,11.91,5314,1234.3,11.736,11.724
1964,train,3.5803,0.1093,7.15,3.2123,6.24,4518,1234.9,5.217,5.203
1965,train,4.4982,0.0945,12.04,4.1413,11.97,4962,1235.5,9.327,9.319
1966,train,3.3402,0.1267,6.27,2.9849,3.41,4950,1236.1,2.600,2.588
1967,train,4.0299,0.0811,10.77,3.5757,10.51,4279,1236.7,9.675,9.672
1968,train,4.1710,0.0244,13.31,3.7966,11.99,5081,1237.3,10.910,10.907
1969,train,4.7072,0.0522,13.86,4.2850,11.24,4518,1237.8,12.481,12.470
1970,train,4.4126,0.1093,15.77,4.1474,16.65,4181,1238.4,14.039,14.034
1971,train,3.2898,0.1305,7.71,3.1127,6.89,4483,1239.0,6.776,6.769
1972,train,4.1890,0.1358,9.19,3.5402,7.47,4380,1239.6,6.710,6.707
1973,train,3.8559,0.0938,13.12,3.7208,13.34,4156,1240.2,11.874,11.859
1974,train,4.9137,0.0051,10.75,4.7004,9.49,4741,1240.8,8.695,8.650
1975,train,3.3328,0.1177,7.79,2.8663,7.95,4350,1241.3,3.892,3.852
1976,train,3.4146,0.1220,7.16,3.0077,8.10,4482,1241.9,6.399,6.399
1977,train,2.6718,0.2438,5.13,2.2581,4.00,4147,1242.5,2.800,2.781
1978,train,3.0304,0.2030,6.19,2.4358,3.00,4867,1243.1,3.128,3.097
1979,train,4.2108,0.0973,13.41,3.6627,12.86,4483,1243.7,11.871,11.845
1980,train,4.1638,0.0193,12.37,3.9037,11.31,4978,1244.3,8.843,8.838
1981,train,3.4592,0.0661,10.76,3.0989,8.83,4799,1244.8,8.778,8.771
1982,train,3.7624,0.0954,9.81,3.4199,12.46,4866,1245.4,7.604,7.580
1983,train,3.9749,0.0486,9.73,3.1119,8.89,4487,1246.0,7.667,7.644
1984,train,3.7011,0.0729,10.03,3.3484,8.71,5045,1246.6,6.435,6.424
1985,train,3.6273,0.1312,12.32,3.2568,9.00,4688,1247.2,9.705,9.703
1986,train,4.0881,0.0352,10.34,3.6408,10.24,4466,1247.8,7.679,7.661
1987,train,4.0186,0.0381,11.14,3.7064,12.00,4467,1248.3,9.941,9.940
1988,train,4.7747,0.0814,14.05,4.2476,14.23,4372,1248.9,13.553,13.549
1989,train,3.8382,0.1232,10.07,3.2502,6.40,4400,1249.5,8.645,8.631
1990,train,2.9956,0.2056,5.70,2.4213,2.41,4431,1250.1,4.965,4.953
1991,train,4.7034,0.0087,11.82,4.3808,11.16,4362,1250.7,9.871,9.867
1992,train,3.8306,0.0840,10.68,3.4091,9.78,4165,1251.3,8.230,8.229
1993,train,3.0437,0.1357,5.88,2.8410,4.41,4030,1251.8,3.860,3.854
1994,train,4.3464,0.0415,12.27,4.3111,14.14,5783,1252.4,9.719,9.703
1995,train,4.4117,0.0134,13.18,4.0064,13.15,4925,1253.0,10.194,10.179
1996,train,4.7247,0.0774,14.57,4.3061,11.88,4198,1253.6,12.358,12.351
1997,train,3.6278,0.0687,9.39,3.0503,7.12,5400,1254.2,6.587,6.561
1998,train,3.2132,0.1278,7.17,2.8977,8.10,4626,1254.8,5.123,5.106
1999,train,3.7385,0.0359,7.84,3.2356,6.41,4817,1255.3,5.347,5.330
2000,train,3.4173,0.0891,7.26,2.9557,4.24,4882,1255.9,5.593,5.583
2000,val,3.7409,0.0946,9.47,3.3821,8.33,222066,1283.6,7.561,7.548
2001,train,3.2699,0.1435,7.27,2.9119,5.41,4438,1284.8,4.723,4.705
2002,train,3.5510,0.0748,7.51,2.9666,7.06,4173,1285.4,5.294,5.263
2003,train,4.1550,0.0097,13.83,3.7794,14.10,4557,1285.9,12.025,12.021
2004,train,4.6029,0.0343,15.17,4.0337,13.09,4759,1286.5,12.820,12.818
2005,train,3.4708,0.1741,10.46,3.0725,13.00,3934,1287.1,8.431,8.422
2006,train,3.0438,0.1343,6.21,2.3907,5.41,4236,1287.7,4.452,4.452
2007,train,3.1998,0.0976,8.31,2.8905,10.00,4703,1288.3,6.150,6.137
2008,train,4.2682,0.1082,11.20,3.7030,10.10,4647,1288.9,8.881,8.867
2009,train,3.9298,0.0475,14.23,3.5673,14.73,4847,1289.4,11.437,11.433
2010,train,4.1281,0.0582,14.15,3.6729,15.32,4621,1290.0,11.541,11.537
2011,train,3.0591,0.1256,5.61,2.9833,3.65,4410,1290.6,3.201,3.185
2012,train,4.3403,0.0232,12.56,3.8512,14.48,4619,1291.2,11.450,11.442
2013,train,3.7632,0.0830,8.36,3.1987,5.47,4855,1291.8,7.315,7.309
2014,train,4.3686,0.0045,12.64,3.9661,11.00,4925,1292.4,10.318,10.312
2015,train,3.3358,0.0994,7.81,2.8911,5.83,5169,1292.9,5.793,5.786
2016,train,3.9951,0.0806,8.81,3.2030,5.89,4427,1293.5,8.311,8.311
2017,train,4.7661,0.0391,19.73,4.2500,21.40,4506,1294.1,17.051,17.020
2018,train,3.3646,0.0753,10.07,2.9249,11.07,4526,1294.7,6.403,6.398
2019,train,4.4609,0.0143,13.88,3.7468,15.08,4885,1295.3,10.602,10.584
2020,train,3.6713,0.1037,8.02,3.2374,6.65,5064,1295.9,5.177,5.164
2021,train,3.7105,0.0973,8.90,3.3099,9.10,4306,1296.4,7.314,7.313
2022,train,4.6674,0.0068,15.72,4.4548,16.06,4272,1297.0,13.725,13.721
2023,train,4.0402,0.0495,11.79,3.8648,10.32,4610,1297.6,10.371,10.358
2024,train,3.2066,0.1394,9.55,2.7653,3.24,4033,1298.2,5.896,5.880
2025,train,3.8970,0.0927,10.14,3.2958,8.18,4975,1298.8,7.966,7.954
2026,train,3.3955,0.0966,7.88,2.8362,7.24,4534,1299.4,6.251,6.246
2027,train,3.8353,0.0227,9.21,3.2263,6.83,4804,1299.9,7.550,7.544
2028,train,2.6729,0.1739,4.77,2.3785,3.00,3996,1300.5,3.051,3.041
2029,train,4.4460,0.0513,17.50,4.0142,20.47,4343,1301.1,15.187,15.185
2030,train,3.8954,0.1106,7.82,3.7394,6.81,4484,1301.7,6.623,6.612
2031,train,3.6993,0.1067,10.13,3.4289,9.65,4011,1302.3,8.140,8.136
2032,train,3.8422,0.0505,10.04,3.3443,9.12,4334,1302.9,9.372,9.369
2033,train,3.6335,0.1070,9.21,3.2394,8.65,4568,1303.4,7.081,7.077
2034,train,3.2675,0.0842,7.27,2.8948,6.24,4146,1304.0,6.035,6.024
2035,train,3.7506,0.0841,9.02,3.3103,6.54,5174,1304.6,5.582,5.514
2036,train,3.3618,0.1507,9.38,3.0284,8.65,4546,1305.2,7.946,7.941
2037,train,3.7409,0.0888,10.35,3.6461,11.16,4165,1305.8,8.310,8.303
2038,train,3.3171,0.1481,7.09,2.6947,5.00,4058,1306.4,5.189,5.186
2039,train,3.8547,0.0333,13.12,3.4782,12.65,3723,1306.9,11.402,11.393
2040,train,3.7601,0.1681,8.54,3.3938,7.16,4147,1307.5,7.493,7.492
2041,train,3.6823,0.0258,12.21,3.1755,11.48,5071,1308.1,9.765,9.761
2042,train,3.5728,0.1113,9.61,3.0520,7.24,5176,1308.7,6.451,6.439
2043,train,3.7041,0.0353,8.43,2.9581,7.41,4671,1309.3,7.962,7.957
2044,train,3.7444,0.1810,12.38,3.1438,9.25,4575,1309.9,8.198,8.196
2045,train,3.8293,0.0641,9.30,3.4473,7.81,5444,1310.5,7.437,7.426
2046,train,3.8935,0.2023,9.66,3.6954,7.34,4058,1311.0,7.006,6.987
2047,train,4.0070,0.0408,9.12,3.6766,7.24,5708,1311.6,6.514,6.506
2048,train,4.6203,0.0906,16.46,4.0519,14.46,4613,1312.2,13.741,13.736
2049,train,4.2143,0.0298,16.77,3.9017,16.08,4669,1312.8,12.475,12.472
2050,train,3.8485,0.0381,13.13,3.3882,11.16,4510,1313.4,10.485,10.468
2051,train,3.2244,0.0915,6.46,2.8905,4.00,4524,1314.0,3.220,3.183
2052,train,3.6832,0.1412,11.95,3.2542,11.90,5027,1314.5,13.976,13.969
2053,train,3.4378,0.1373,7.09,2.9845,4.00,4201,1315.1,4.335,4.328
2054,train,3.6620,0.1076,9.63,3.2723,5.24,4249,1315.7,7.058,7.050
2055,train,3.5779,0.1625,12.23,2.9849,12.10,5495,1316.3,9.656,9.653
2056,train,4.1206,0.0302,15.10,3.7398,13.49,4475,1316.9,10.908,10.906
2057,train,2.8300,0.1802,5.21,2.1120,4.41,3963,1317.5,2.851,2.836
2058,train,4.1619,0.0368,15.59,3.8700,12.65,4783,1318.0,11.102,11.089
2059,train,3.9768,0.0740,10.44,3.5908,8.60,5135,1318.6,9.959,9.955
2060,train,3.8464,0.0786,8.50,3.4272,6.41,4872,1319.2,6.287,6.282
2061,train,4.9524,0.0101,19.23,4.7288,19.69,4063,1319.8,15.871,15.859
2062,train,4.0952,0.0963,13.45,3.5706,7.61,4702,1320.4,11.309,11.308
2063,train,3.5715,0.1748,8.10,3.2672,8.30,4085,1321.0,6.834,6.833
2064,train,3.4013,0.1491,8.39,2.8463,5.24,4488,1321.5,6.205,6.179
2065,train,3.9361,0.0649,10.67,3.5950,10.56,4098,1322.1,9.263,9.232
2066,train,3.6226,0.1371,10.62,3.2025,8.41,4129,1322.7,5.740,5.688
2067,train,5.0689,0.0463,13.71,4.5480,9.70,5286,1323.3,11.708,11.702
2068,train,3.5528,0.1076,10.24,3.1736,7.77,4369,1323.9,8.704,8.659
2069,train,4.3277,0.0488,15.06,3.8323,13.69,5426,1324.5,12.940,12.936
2070,train,3.6921,0.1146,10.14,3.2636,7.51,4618,1325.0,7.340,7.311
2071,train,3.7103,0.0823,10.93,3.1772,8.51,4983,1325.6,7.173,7.103
2072,train,2.7973,0.2284,5.16,1.9512,2.00,4023,1326.2,3.990,3.989
2073,train,3.8726,0.1330,11.95,3.5848,13.02,4555,1326.8,10.465,10.460
2074,train,3.4504,0.0555,9.92,3.0486,9.70,4159,1327.4,5.545,5.483
2075,train,3.6261,0.0739,6.22,3.6440,5.24,4625,1328.0,4.807,4.797
2076,train,4.2883,0.0945,11.85,3.7892,11.31,5141,1328.6,11.332,11.304
2077,train,3.7595,0.0609,8.17,3.4522,7.06,5090,1329.1,5.598,5.593
2078,train,3.5650,0.1389,8.06,3.2369,5.47,4196,1329.7,6.960,6.913
2079,train,3.8358,0.0324,9.64,3.5587,8.93,4512,1330.3,7.098,7.093
2080,train,4.6672,0.0098,15.19,4.0800,13.72,4189,1330.9,12.648,12.639
2081,train,3.5757,0.0687,7.94,3.1386,7.54,3798,1331.5,6.583,6.577
2082,train,3.3175,0.0636,6.70,2.7628,6.24,4526,1332.1,5.232,5.221
2083,train,3.2366,0.0497,7.13,2.8737,4.41,4604,1332.6,5.108,5.099
2084,train,3.7753,0.0527,7.96,3.4993,7.24,4860,1333.2,7.227,7.203
2085,train,3.9664,0.0151,11.40,3.6255,12.48,5428,1333.8,8.879,8.862
2086,train,3.0881,0.1143,5.98,2.9529,4.65,4105,1334.4,3.562,3.559
2087,train,3.4888,0.1377,10.20,3.0943,10.25,4146,1335.0,6.936,6.917
2088,train,3.2232,0.1162,8.01,2.9878,5.83,4123,1335.6,6.027,6.015
2089,train,4.6637,0.0317,12.99,4.3339,8.89,4319,1336.1,11.376,11.371
2090,train,3.5027,0.0873,8.58,2.8842,6.51,4238,1336.7,6.471,6.465
2091,train,3.9668,0.0460,11.78,3.4224,10.73,4890,1337.3,8.671,8.661
2092,train,2.9078,0.2164,5.87,2.1077,4.00,4460,1337.9,3.823,3.819
2093,train,4.0932,0.0325,12.16,3.4350,11.41,4497,1338.5,10.685,10.674
2094,train,3.8293,0.0525,9.25,3.4185,8.00,5122,1339.1,8.934,8.923
2095,train,3.6944,0.0421,8.15,3.3060,7.47,5673,1339.6,6.303,6.302
2096,train,3.2298,0.2167,9.68,2.5069,7.00,3996,1340.2,7.848,7.831
2097,train,3.9218,0.1010,9.01,3.7523,8.83,4752,1340.8,8.838,8.829
2098,train,4.1875,0.0711,11.04,3.7724,9.40,5173,1341.4,10.304,10.301
2099,train,4.0399,0.1331,12.56,3.5778,6.12,5679,1342.0,11.643,11.639
2100,train,2.8638,0.2247,5.15,2.3560,3.41,5435,1342.6,3.090,3.047
2101,train,3.6719,0.1066,8.76,3.4438,7.24,5282,1343.1,6.428,6.404
2102,train,2.5500,0.2438,4.56,2.0804,4.24,4164,1343.7,2.932,2.929
2103,train,4.4098,0.1111,10.72,3.9304,12.68,4328,1344.3,9.153,9.143
2104,train,4.3526,0.0503,10.48,3.8286,6.24,4792,1344.9,3.948,3.811
2105,train,3.3409,0.1792,5.91,2.9225,5.00,4259,1345.5,4.511,4.505
2106,train,3.8553,0.0993,12.14,3.2767,11.40,5297,1346.1,7.001,6.986
2107,train,4.3412,0.0487,14.80,3.8130,11.62,4699,1346.7,9.633,9.627
2108,train,5.2820,0.0087,13.52,4.8024,11.26,4359,1347.2,9.187,9.135
2109,train,4.1359,0.0332,14.41,3.7227,18.00,5445,1347.8,13.713,13.672
2110,train,3.3205,0.1015,7.98,2.8075,5.24,4425,1348.4,4.816,4.808
2111,train,4.2545,0.0320,13.29,3.6498,12.12,4747,1349.0,10.588,10.581
2112,train,2.4781,0.3203,4.16,1.7784,0.00,4162,1349.6,2.086,2.052
2113,train,5.0580,0.0260,13.17,4.8070,12.36,4774,1350.2,10.533,10.519
2114,train,4.8596,0.0240,16.00,4.7084,14.49,5202,1350.7,13.009,13.007
2115,train,4.3509,0.0117,15.37,3.9346,18.81,4116,1351.3,12.672,12.669
2116,train,4.2191,0.0485,12.13,3.9536,10.84,4492,1351.9,9.927,9.920
2117,train,3.2965,0.1030,8.34,2.7038,9.08,4387,1352.5,6.389,6.384
2118,train,3.9976,0.0477,10.10,3.5939,9.40,4692,1353.1,8.471,8.463
2119,train,3.7644,0.0281,9.13,3.2647,8.41,4445,1353.7,6.314,6.308
2120,train,3.5015,0.0829,8.60,3.0662,6.81,4296,1354.2,7.042,7.016
2121,train,3.6827,0.1283,7.83,3.0692,6.02,4504,1354.8,5.565,5.560
2122,train,3.9936,0.0630,8.91,3.7920,9.32,4859,1355.4,6.813,6.794
2123,train,3.9410,0.0649,12.18,3.4952,10.14,4575,1356.0,7.945,7.941
2124,train,4.1667,0.0547,11.00,3.7021,6.24,5433,1356.6,7.588,7.548
2125,train,4.0753,0.0786,15.11,3.7056,15.73,5622,1357.2,11.928,11.906
2126,train,3.8627,0.0737,10.44,3.3858,7.41,4695,1357.8,8.909,8.899
2127,train,3.0298,0.1757,8.48,2.5444,2.41,4245,1358.3,6.913,6.901
2128,train,3.7471,0.0603,9.90,3.3354,6.83,4491,1358.9,8.143,8.132
2129,train,3.8138,0.0411,10.11,3.4147,6.89,4945,1359.5,6.402,6.361
2130,train,3.3493,0.0812,7.99,2.7939,6.16,4690,1360.1,5.668,5.661
2131,train,3.8520,0.1193,12.02,3.7146,11.90,4569,1360.7,10.089,10.087
2132,train,3.1871,0.1374,7.53,2.9741,6.40,3960,1361.3,6.647,6.641
2133,train,3.7211,0.0818,10.13,3.2776,11.50,4513,1361.8,8.604,8.594
2134,train,3.1104,0.1309,8.25,2.6897,7.41,4798,1362.4,7.236,7.233
2135,train,3.4812,0.1043,9.34,2.9175,6.83,3901,1363.0,7.713,7.685
2136,train,3.7666,0.0453,9.67,3.3073,7.77,4331,1363.6,8.223,8.212
2137,train,3.0877,0.1523,6.13,2.4130,3.83,4295,1364.2,3.895,3.871
2138,train,3.3368,0.1524,5.78,2.7751,3.41,4285,1364.8,4.412,4.406
2139,train,3.7551,0.0397,8.25,3.2266,7.65,4711,1365.3,6.697,6.696
2140,train,3.2816,0.0884,11.28,3.0279,11.65,4003,1365.9,8.289,8.284
2141,train,3.8577,0.0558,14.20,3.2852,10.00,4157,1366.5,11.472,11.462
2142,train,3.6828,0.1388,8.23,3.3841,6.61,4646,1367.1,6.262,6.248
2143,train,3.4729,0.1743,8.35,2.6467,5.12,4377,1367.7,5.615,5.584
2144,train,3.5987,0.0869,7.83,3.1387,7.06,4212,1368.3,5.253,5.233
2145,train,3.6793,0.1374,9.25,3.2630,7.12,5845,1368.9,9.325,9.302
2146,train,4.0482,0.0781,9.91,3.5164,6.83,4480,1369.4,8.130,8.126
2147,train,3.2838,0.0733,6.29,2.6893,4.83,4324,1370.0,3.984,3.978
2148,train,4.4789,0.0057,15.71,4.2006,18.04,4584,1370.6,13.317,13.306
2149,train,4.0113,0.0692,11.76,3.4147,12.31,4957,1371.2,6.971,6.945
2150,train,4.2886,0.0439,10.98,4.0962,8.99,4857,1371.8,7.944,7.935
2151,train,3.5775,0.1142,10.63,3.0573,9.74,4938,1372.4,9.205,9.194
2152,train,4.9662,0.0155,15.29,4.6460,14.65,4908,1372.9,13.891,13.885
2153,train,3.4404,0.1966,7.40,3.1198,7.77,3830,1373.5,6.463,6.457
2154,train,3.3930,0.1033,7.67,3.0939,7.12,5382,1374.1,4.369,4.347
2155,train,3.8900,0.0764,11.92,3.8487,13.32,4764,1374.7,10.879,10.865
2156,train,2.9834,0.1210,5.88,2.5320,3.83,4324,1375.3,4.481,4.439
2157,train,4.0872,0.0114,12.14,3.7270,10.73,4910,1375.9,9.427,9.425
2158,train,3.1897,0.1567,6.29,2.6059,4.00,4314,1376.4,5.612,5.608
2159,train,4.4077,0.0426,15.44,3.8871,14.85,4719,1377.0,11.959,11.959
2160,train,4.0702,0.0198,10.30,3.8389,9.40,4553,1377.6,5.424,5.379
2161,train,3.8404,0.0434,10.35,3.6155,9.58,4489,1378.2,7.049,6.935
2162,train,3.0113,0.1290,7.37,2.5519,8.51,4148,1378.8,4.686,4.680
2163,train,3.4269,0.1196,11.03,2.8133,8.00,4942,1379.4,8.010,8.001
2164,train,4.0502,0.0484,15.10,3.6551,14.12,5328,1379.9,12.635,12.631
2165,train,3.8478,0.0819,8.26,3.2895,8.16,4869,1380.5,5.006,5.006
2166,train,3.5185,0.0538,8.33,3.3320,7.81,5075,1381.1,5.555,5.551
2167,train,3.9722,0.0176,14.35,3.3234,16.41,4993,1381.7,14.446,14.442
2168,train,3.6595,0.0650,10.72,3.3522,7.00,4617,1382.3,7.939,7.919
2169,train,4.0144,0.0281,16.41,3.5997,17.71,4698,1382.9,14.081,14.074
2170,train,3.0698,0.1988,6.56,2.6430,7.12,4930,1383.5,3.783,3.772
2171,train,4.0781,0.0274,12.06,3.6507,11.47,4204,1384.0,5.946,5.924
2172,train,3.9878,0.0751,14.57,3.6508,13.74,4221,1384.6,12.359,12.352
2173,train,4.4639,0.0284,13.62,4.0404,13.34,4823,1385.2,11.440,11.430
2174,train,3.4899,0.1118,8.30,3.0650,7.36,4328,1385.8,6.188,6.170
2175,train,3.4938,0.0989,9.90,3.0418,4.41,4884,1386.4,7.723,7.673
2176,train,3.6600,0.0660,10.55,3.1084,8.93,4321,1387.0,7.278,7.270
2177,train,3.1449,0.1020,6.56,2.7028,5.00,4343,1387.5,5.330,5.312
2178,train,3.2225,0.0551,6.68,2.6849,5.83,4449,1388.1,4.203,4.181
2179,train,3.7194,0.0179,10.37,3.3950,11.55,4751,1388.7,9.747,9.736
2180,train,3.9531,0.0391,10.19,3.4114,8.74,3813,1389.3,8.319,8.313
2181,train,3.8211,0.0462,8.62,3.2781,5.83,4371,1389.9,7.070,7.062
2182,train,3.3067,0.1049,6.58,2.8569,4.83,4262,1390.5,4.393,4.369
2183,train,3.0486,0.1736,7.60,2.7534,7.00,4256,1391.0,3.782,3.753
2184,train,3.8736,0.0260,10.39,3.8517,12.07,4390,1391.6,8.549,8.543
2185,train,3.8226,0.0758,10.32,3.3542,9.00,4301,1392.2,8.604,8.585
2186,train,4.4740,0.0214,10.79,4.0168,9.00,4864,1392.8,10.955,10.946
2187,train,3.5053,0.0576,8.21,3.1209,9.24,4550,1393.4,6.205,6.146
2188,train,3.3946,0.1196,7.06,3.1275,6.41,4416,1394.0,4.756,4.752
2189,train,4.7241,0.0715,13.19,4.1349,11.00,4937,1394.5,9.558,9.503
2190,train,2.7275,0.2711,4.72,2.0891,1.00,4706,1395.1,2.377,2.372
2191,train,3.2432,0.1105,7.36,2.8501,8.77,4660,1395.7,5.582,5.572
2192,train,3.1616,0.1012,6.78,2.4621,5.41,4140,1396.3,5.205,5.131
2193,train,4.4981,0.0657,17.00,4.0228,15.70,5026,1396.9,13.061,13.057
2194,train,4.0090,0.0187,11.25,3.7742,12.35,4374,1397.5,6.627,6.526
2195,train,3.8742,0.0377,8.55,3.7425,6.65,4749,1398.0,4.513,4.503
2196,train,3.4461,0.0913,8.79,3.0911,6.48,4215,1398.6,6.494,6.494
2197,train,4.0169,0.0498,11.03,3.6061,6.65,4461,1399.2,8.965,8.960
2198,train,3.8665,0.0887,10.18,3.2141,8.00,4522,1399.8,9.121,9.119
2199,train,4.0216,0.1332,8.95,3.6444,9.61,4851,1400.4,6.480,6.475
2200,train,4.1670,0.0124,13.79,3.6137,9.00,4099,1401.0,12.582,12.566
2201,train,3.4892,0.0377,8.21,3.1620,6.83,4561,1401.5,6.928,6.903
2202,train,3.4396,0.0638,6.77,3.0316,6.58,3759,1402.1,5.077,5.075
2203,train,3.1847,0.1415,6.60,2.5503,5.00,4679,1402.7,4.764,4.753
2204,train,3.7821,0.0234,11.02,3.2503,7.65,4661,1403.3,6.492,6.239
2205,train,3.9889,0.0305,10.21,3.7081,9.89,4296,1403.9,6.477,6.458
2206,train,3.8918,0.0269,11.25,3.3527,10.41,4204,1404.5,9.965,9.942
2207,train,3.7794,0.1384,8.51,3.4667,8.12,4630,1405.0,7.021,7.005
2208,train,3.4974,0.1051,9.30,3.2299,8.16,4501,1405.6,6.200,6.197
2209,train,4.3266,0.0165,15.98,4.0537,11.52,4559,1406.2,14.297,14.288
2210,train,4.2376,0.0468,15.34,3.9519,15.40,4206,1406.8,13.580,13.561
2211,train,3.7938,0.0726,11.85,3.3885,12.30,4901,1407.4,8.144,8.122
2212,train,3.7013,0.1118,12.45,3.4462,12.19,5278,1408.0,10.029,10.015
2213,train,3.7342,0.0976,7.71,3.2855,5.65,4550,1408.5,6.290,6.286
2214,train,4.2127,0.0465,14.79,3.9695,16.50,5224,1409.1,12.101,12.070
2215,train,3.2021,0.1187,7.63,2.6437,7.24,4388,1409.7,5.999,5.965
2216,train,3.7374,0.0762,10.83,3.2604,10.49,4384,1410.3,8.328,8.301
2217,train,3.7063,0.1215,7.58,3.2337,6.48,4289,1410.9,5.512,5.500
2218,train,4.1848,0.0435,10.18,3.7739,8.06,5402,1411.5,9.088,9.078
2219,train,3.4476,0.0782,9.72,3.1537,9.21,3924,1412.0,7.221,7.217
2220,train,2.7529,0.2326,5.21,2.2468,4.41,3999,1412.6,3.185,3.178
2221,train,3.7120,0.1433,10.44,3.1656,8.24,4494,1413.2,7.659,7.655
2222,train,4.2824,0.0299,12.28,3.9322,11.32,4446,1413.8,10.167,10.166
2223,train,3.3459,0.0729,6.70,2.7696,4.00,4295,1414.4,5.063,5.058
2224,train,3.3299,0.1689,6.96,2.9967,7.54,4470,1415.0,5.338,5.313
2225,train,4.4224,0.0606,14.45,3.8943,9.21,4996,1415.5,11.128,11.123
2226,train,3.8755,0.1418,12.33,3.5906,13.16,5210,1416.1,10.178,10.157
2227,train,3.6928,0.0536,10.40,3.3260,11.29,5446,1416.7,7.918,7.913
2228,train,3.5706,0.0832,9.17,3.0192,4.65,4805,1417.3,6.124,6.096
2229,train,3.9626,0.0373,11.09,3.7902,8.58,4721,1417.9,9.551,9.524
2230,train,2.8311,0.1195,5.49,2.6346,5.00,3916,1418.5,2.939,2.927
2231,train,2.7314,0.2055,4.99,2.2530,4.00,4112,1419.1,2.811,2.803
2232,train,3.4990,0.1065,8.91,3.1741,7.40,3916,1419.6,7.013,6.988
2233,train,4.4476,0.0114,10.63,4.1037,10.65,4202,1420.2,9.505,9.499
2234,train,3.3221,0.1843,5.91,2.5196,2.41,3955,1420.8,2.767,2.757
2235,train,4.0246,0.0386,16.59,3.5081,16.40,4404,1421.4,12.343,12.333
2236,train,4.8582,0.0144,12.30,4.6362,10.46,4444,1422.0,10.263,10.254
2237,train,4.0439,0.0452,10.02,3.7850,10.34,4226,1422.6,8.414,8.238
2238,train,3.9018,0.0630,11.29,3.6898,10.12,4680,1423.1,9.658,9.657
2239,train,4.1472,0.0134,14.56,3.8135,14.70,4687,1423.7,13.049,13.024
2240,train,3.0913,0.1173,6.08,2.8089,4.24,3717,1424.3,4.010,4.000
2241,train,3.4485,0.0488,9.55,2.9526,10.49,4444,1424.9,7.423,7.411
2242,train,4.0440,0.0893,10.86,3.9709,11.06,5104,1425.5,10.474,10.463
2243,train,3.0160,0.1976,6.00,2.5525,3.41,4504,1426.1,4.738,4.719
2244,train,3.8568,0.0568,8.62,3.3049,5.41,4561,1426.6,5.967,5.959
2245,train,3.4709,0.1671,8.57,2.8155,5.61,4577,1427.2,6.787,6.777
2246,train,2.9179,0.2528,6.93,2.6926,2.00,3896,1427.8,6.325,6.303
2247,train,3.3312,0.0751,7.86,2.8443,5.00,4393,1428.4,6.213,6.193
2248,train,3.6451,0.0590,8.63,3.3022,6.58,4764,1429.0,7.016,6.891
2249,train,3.8046,0.0479,9.45,3.3447,6.16,4484,1429.6,7.135,7.125
2250,train,3.7253,0.0349,9.21,3.3256,6.65,5358,1430.1,6.982,6.969
2251,train,3.2192,0.1501,6.92,2.9525,6.16,4558,1430.7,4.732,4.722
2252,train,4.7462,0.1226,11.54,4.4817,10.00,4388,1431.3,9.458,9.451
2253,train,3.5701,0.0835,10.86,2.9396,9.24,4659,1431.9,8.005,7.995
2254,train,3.0063,0.1321,5.99,2.5705,6.00,4201,1432.5,4.832,4.828
2255,train,3.6179,0.0606,11.48,3.3320,12.89,4650,1433.1,10.196,10.188
2256,train,3.8000,0.0472,8.75,3.5135,8.83,4723,1433.6,7.870,7.867
2257,train,3.8660,0.0167,10.40,3.4675,10.97,5019,1434.2,7.827,7.825
2258,train,3.6045,0.0642,8.48,3.2503,8.41,4941,1434.8,6.526,6.523
2259,train,4.0965,0.1059,9.01,3.7016,8.83,4315,1435.4,8.262,8.255
2260,train,4.3827,0.0236,13.09,3.7308,13.01,5032,1436.0,10.528,10.524
2261,train,4.1454,0.0339,10.96,3.5403,10.16,4479,1436.6,9.173,9.170
2262,train,3.2080,0.1803,6.96,2.6023,4.00,4476,1437.1,4.978,4.933
2263,train,3.3845,0.0611,8.23,3.0835,8.95,4323,1437.7,5.162,5.148
2264,train,3.9014,0.0204,8.92,3.3200,6.89,4664,1438.3,7.025,7.023
2265,train,3.0747,0.1538,5.84,2.7848,5.83,4212,1438.9,4.492,4.489
2266,train,3.7753,0.0460,10.59,3.3665,11.55,4260,1439.5,9.344,9.332
2267,train,3.3151,0.0394,7.33,2.8362,7.00,3830,1440.1,6.449,6.449
2268,train,3.3926,0.0592,9.43,2.9516,9.00,4611,1440.6,7.597,7.587
2269,train,3.9450,0.0555,10.02,3.5470,9.16,4649,1441.2,8.084,8.077
2270,train,3.4033,0.1723,9.33,3.0209,6.80,4956,1441.8,8.061,8.058
2271,train,4.0355,0.0278,12.99,3.6378,13.26,4031,1442.4,10.079,10.064
2272,train,3.3886,0.0849,8.62,3.0310,7.54,4572,1443.0,5.007,4.956
2273,train,3.5447,0.0531,10.87,3.2957,13.79,4877,1443.6,7.279,7.265
2274,train,3.9904,0.0411,9.47,3.6647,10.11,4015,1444.1,7.539,7.525
2275,train,3.0887,0.1221,7.84,2.7154,7.16,4242,1444.7,6.039,6.037
2276,train,3.5937,0.0406,8.30,3.1803,6.65,4951,1445.3,5.749,5.728
2277,train,3.8982,0.0775,12.51,3.3956,11.20,4839,1445.9,8.812,8.809
2278,train,3.9516,0.0625,10.10,3.5220,9.43,4209,1446.5,9.706,9.698
2279,train,4.2022,0.0785,13.98,3.8092,15.66,4507,1447.1,10.906,10.891
2280,train,3.7237,0.0626,8.27,3.3503,8.06,4361,1447.6,6.983,6.981
2281,train,4.0681,0.0440,12.33,3.3230,12.21,4322,1448.2,9.249,9.233
2282,train,4.5814,0.0099,13.52,4.4445,13.34,4231,1448.8,12.549,12.542
2283,train,4.2094,0.0115,12.59,3.9230,10.71,4427,1449.4,11.466,11.456
2284,train,3.8121,0.1328,9.59,3.3414,6.61,4142,1450.0,7.742,7.738
2285,train,2.7148,0.1840,4.73,2.2633,2.00,4338,1450.6,2.424,2.397
2286,train,4.9756,0.0090,17.01,4.5437,17.25,4241,1451.1,14.468,14.459
2287,train,3.2202,0.0787,6.73,2.7514,5.41,4078,1451.7,4.485,4.479
2288,train,3.6577,0.1623,8.22,3.1998,3.41,4159,1452.3,6.157,6.151
2289,train,4.3850,0.0258,17.33,3.7069,13.73,4613,1452.9,12.895,12.893
2290,train,3.2857,0.0798,6.45,3.1729,5.47,4788,1453.5,4.554,4.551
2291,train,2.9435,0.2103,5.12,2.4166,2.41,3813,1454.1,3.667,3.661
2292,train,4.0168,0.0378,13.91,3.6036,15.62,4869,1454.6,12.461,12.458
2293,train,3.8441,0.1483,9.66,3.3668,6.83,4443,1455.2,7.483,7.473
2294,train,4.0290,0.0336,10.35,3.7322,8.40,4904,1455.8,6.973,6.936
2295,train,3.2051,0.1094,6.38,2.9141,4.00,4250,1456.4,3.886,3.858
2296,train,3.2796,0.1226,6.80,2.9642,5.83,4274,1457.0,4.771,4.755
2297,train,4.1681,0.0401,8.70,3.8335,8.16,3720,1457.6,8.248,8.246
2298,train,4.2154,0.0637,15.99,3.7688,16.69,4755,1458.1,12.881,12.878
2299,train,3.5401,0.0274,8.02,3.2276,6.65,4459,1458.7,6.853,6.836
2300,train,4.3296,0.0193,12.37,4.0804,11.04,4033,1459.3,11.710,11.709
2301,train,3.6756,0.1035,12.61,3.2364,11.71,4897,1459.9,9.558,9.542
2302,train,3.3862,0.1607,10.20,3.3494,8.75,4014,1460.5,6.542,6.532
2303,train,3.4384,0.1066,8.53,3.0205,6.00,4514,1461.1,6.907,6.876
2304,train,3.1490,0.1722,7.68,3.0607,8.25,4018,1461.6,6.611,6.609
2305,train,4.4069,0.0132,14.28,4.1388,13.42,4529,1462.2,14.997,14.994
2306,train,3.9529,0.1355,9.70,3.6989,8.66,4880,1462.8,7.896,7.891
2307,train,3.6076,0.1431,9.43,3.3455,8.00,4304,1463.4,6.359,6.319
2308,train,3.1792,0.0793,6.05,2.6874,3.00,4024,1464.0,3.314,3.305
2309,train,3.2917,0.0963,7.90,3.1325,6.06,4414,1464.6,6.786,6.783
2310,train,3.7689,0.2194,10.49,3.1414,8.00,4713,1465.1,8.426,8.417
2311,train,3.3413,0.1822,6.60,2.4490,4.00,4527,1465.7,5.269,5.258
2312,train,3.8176,0.0697,10.54,3.5507,10.41,4910,1466.3,10.382,10.379
2313,train,3.4217,0.0901,6.41,3.2294,5.83,4783,1466.9,5.554,5.548
2314,train,3.1753,0.1236,6.29,2.9950,5.47,4644,1467.5,3.468,3.444
2315,train,3.1852,0.2295,7.18,2.7851,3.00,4458,1468.1,5.889,5.846
2316,train,4.6826,0.0058,21.05,4.3440,23.07,4142,1468.6,20.580,20.578
2317,train,3.2622,0.1517,7.59,2.8696,5.47,4048,1469.2,5.212,5.202
2318,train,3.0779,0.0915,6.23,2.6634,4.24,4450,1469.8,3.857,3.841
2319,train,3.7983,0.0119,8.64,3.3471,7.00,4873,1470.4,7.242,7.241
2320,train,2.9571,0.1621,7.21,2.5833,3.41,4102,1471.0,3.387,3.347
2321,train,3.4223,0.0760,7.33,3.1333,7.24,4498,1471.6,3.980,3.947
2322,train,3.0477,0.1439,6.16,2.2309,3.41,4580,1472.1,4.375,4.367
2323,train,3.1837,0.1005,9.51,2.5398,8.32,4866,1472.7,6.173,6.166
2324,train,3.6906,0.0546,8.32,3.2921,6.61,4431,1473.3,6.998,6.997
2325,train,3.7957,0.1144,8.31,3.3595,9.08,4448,1473.9,5.122,5.117
2326,train,3.8880,0.0300,7.76,3.6270,6.65,5533,1474.5,5.844,5.835
2327,train,4.1585,0.0646,13.74,3.6947,14.10,5205,1475.1,10.539,10.532
2328,train,3.6276,0.1100,8.21,3.2405,4.41,4229,1475.6,6.356,6.346
2329,train,4.0915,0.0130,10.57,3.5285,9.24,4553,1476.2,9.668,9.665
2330,train,4.1912,0.0635,9.74,4.0295,9.10,4313,1476.8,8.479,8.472
2331,train,4.9288,0.1128,19.14,4.1910,19.00,4352,1477.4,16.724,16.723
2332,train,3.4593,0.0602,9.06,3.1169,6.58,4936,1478.0,6.235,6.220
2333,train,3.3632,0.0416,10.26,3.0277,12.49,4157,1478.6,7.826,7.817
2334,train,3.1766,0.1482,7.01,2.8023,4.41,4333,1479.1,5.592,5.560
2335,train,4.0411,0.0151,10.58,3.9418,9.40,4755,1479.7,7.595,7.591
2336,train,3.3221,0.1485,8.49,2.9517,5.41,4040,1480.3,8.032,8.002
2337,train,4.5714,0.0540,12.22,4.2979,7.02,4742,1480.9,9.981,9.978
2338,train,3.2059,0.2049,6.39,2.8956,4.24,4520,1481.5,3.747,3.741
2339,train,3.7204,0.1585,11.19,3.1097,5.66,4700,1482.1,8.602,8.570
2340,train,4.3339,0.0942,11.24,3.8306,9.91,4640,1482.6,8.506,8.500
2341,train,3.4165,0.1239,8.14,3.1888,6.61,3768,1483.2,7.255,7.247
2342,train,3.2606,0.0931,7.05,2.8391,5.24,4533,1483.8,5.140,5.137
2343,train,4.7307,0.0146,16.00,4.7918,15.77,5076,1484.4,14.493,14.487
2344,train,3.1907,0.1989,7.05,2.7315,5.16,4705,1485.0,3.892,3.869
2345,train,4.6383,0.0654,16.20,4.3355,15.40,4126,1485.6,15.249,15.246
2346,train,2.9015,0.1827,6.24,2.4270,2.00,4614,1486.1,5.025,4.942
2347,train,3.1102,0.1193,7.77,2.7920,4.83,4936,1486.7,5.422,5.401
2348,train,3.0317,0.1442,5.81,2.5325,3.41,4999,1487.3,3.717,3.709
2349,train,4.0554,0.0418,14.95,3.8705,15.83,4616,1487.9,10.130,10.126
2350,train,3.3745,0.1095,8.05,2.8137,6.58,4129,1488.5,7.401,7.397
2351,train,3.3284,0.1065,6.75,2.8081,6.58,3935,1489.1,3.486,3.471
2352,train,3.4824,0.1138,9.57,3.2572,7.00,4061,1489.6,8.109,8.103
2353,train,3.1121,0.2041,6.63,2.6232,7.00,4208,1490.2,5.610,5.605
2354,train,3.8505,0.0748,9.01,3.4867,6.16,5510,1490.8,6.881,6.873
2355,train,3.9244,0.0769,10.27,3.5062,9.10,4980,1491.4,7.860,7.838
2356,train,4.2502,0.0119,15.47,4.2030,16.20,4972,1492.0,14.257,14.254
2357,train,4.8527,0.0621,10.23,4.6326,8.36,4219,1492.6,8.575,8.564
2358,train,3.3642,0.1325,8.54,2.9002,9.07,5260,1493.1,6.812,6.798
2359,train,3.1490,0.1289,6.01,2.5520,5.24,4461,1493.7,4.443,4.441
2360,train,2.5786,0.1936,5.68,2.1184,4.00,3988,1494.3,4.011,4.008
2361,train,2.9841,0.1935,6.13,2.7995,5.00,4202,1494.9,4.504,4.468
2362,train,3.9562,0.1286,8.78,3.6029,7.40,5676,1495.5,7.030,7.016
2363,train,3.3889,0.1162,7.57,2.7892,4.41,4131,1496.1,5.725,5.710
2364,train,4.4065,0.0203,13.36,3.9811,11.72,5029,1496.6,12.193,12.185
2365,train,3.1188,0.0948,5.95,2.7454,4.41,4872,1497.2,3.659,3.648
2366,train,3.5114,0.1117,8.96,3.2560,9.89,4189,1497.8,7.504,7.484
2367,train,4.0245,0.0554,11.15,3.5455,11.12,4261,1498.4,6.802,6.794
2368,train,3.1775,0.0875,10.21,3.1292,12.61,4070,1499.0,8.378,8.362
2369,train,3.5003,0.0934,8.61,3.0009,5.65,4646,1499.6,7.171,7.164
2370,train,4.0224,0.0761,12.76,3.6121,9.65,4888,1500.1,11.039,11.036
2371,train,3.6862,0.0602,8.36,3.1326,5.00,4266,1500.7,5.192,5.139
2372,train,3.5266,0.0549,13.10,3.2299,12.83,4224,1501.3,10.839,10.802
2373,train,4.3428,0.0353,9.58,4.2327,10.65,4933,1501.9,9.003,9.002
2374,train,3.4409,0.1286,9.23,3.1033,5.24,4745,1502.5,6.306,6.302
2375,train,3.3276,0.1098,7.40,3.0116,7.41,4200,1503.1,4.644,4.630
2376,train,3.9255,0.1062,16.75,3.3796,17.87,5282,1503.6,15.217,15.208
2377,train,3.9554,0.0584,12.04,3.6922,11.48,4540,1504.2,10.700,10.679
2378,train,3.7640,0.1049,9.49,3.2474,7.41,4756,1504.8,7.246,7.244
2379,train,3.3708,0.1734,8.82,2.9758,9.08,4607,1505.4,7.214,7.205
2380,train,3.6884,0.0465,8.11,3.3981,7.47,4879,1506.0,6.133,6.129
2381,train,3.8488,0.1272,12.82,3.3231,10.45,3898,1506.6,10.086,10.080
2382,train,3.6594,0.0972,10.37,3.1771,9.57,3990,1507.1,7.195,7.190
2383,train,3.8864,0.0307,8.62,3.6091,7.24,3909,1507.7,7.144,7.134
2384,train,4.5113,0.0228,12.41,4.0530,13.34,3768,1508.3,9.605,9.597
2385,train,3.0021,0.0852,6.28,2.8922,4.41,4330,1508.9,4.077,4.034
2386,train,3.1345,0.0602,7.13,2.8619,7.24,4698,1509.5,4.533,4.493
2387,train,2.5470,0.2160,4.60,1.9409,2.00,4786,1510.1,2.617,2.607
2388,train,3.4382,0.0405,8.99,2.9129,6.83,4466,1510.6,6.349,6.343
2389,train,3.9458,0.0682,11.44,3.5422,12.39,4196,1511.2,9.139,9.114
2390,train,3.3028,0.1034,7.91,2.7696,8.16,4756,1511.8,6.205,6.201
2391,train,3.5637,0.0896,6.63,3.1747,5.41,4106,1512.4,2.681,2.642
2392,train,3.7734,0.1399,11.48,2.9030,9.21,5059,1513.0,8.881,8.879
2393,train,3.0826,0.0768,6.16,2.5463,5.24,5206,1513.6,4.562,4.559
2394,train,4.3721,0.1153,15.42,4.1906,14.16,4433,1514.1,12.570,12.563
2395,train,3.2893,0.0681,6.31,3.2556,6.83,4096,1514.7,4.612,4.606
2396,train,3.8005,0.0314,9.05,3.4508,7.24,4677,1515.3,7.339,7.336
2397,train,4.4590,0.0178,14.90,3.9632,13.25,4763,1515.9,12.598,12.593
2398,train,3.4459,0.1048,7.64,2.9483,5.00,4607,1516.5,4.739,4.733
2399,train,3.4609,0.1488,8.01,2.7747,5.61,4489,1517.1,5.073,5.067
2400,train,3.1764,0.1987,6.03,2.6161,3.41,4102,1517.6,4.535,4.531
2401,train,3.7348,0.0725,9.31,3.4535,9.66,4124,1518.2,9.015,8.999
2402,train,2.7732,0.1887,5.01,2.4446,3.00,4521,1518.8,2.690,2.673
2403,train,2.9893,0.1789,7.15,2.2699,7.61,4506,1519.4,5.123,5.104
2404,train,3.4175,0.1710,10.89,3.0338,14.30,4449,1520.0,7.679,7.628
2405,train,3.4255,0.0501,7.69,3.4717,6.89,4428,1520.6,6.903,6.886
2406,train,3.4958,0.1954,7.01,2.9545,5.40,3890,1521.1,4.976,4.974
2407,train,2.9473,0.1789,5.62,2.3405,3.24,3935,1521.7,3.384,3.347
2408,train,3.0584,0.2051,7.08,2.7034,4.24,4418,1522.3,6.237,6.205
2409,train,4.6545,0.0575,12.17,4.2090,9.36,4593,1522.9,9.728,9.721
2410,train,4.0737,0.1593,8.67,3.3146,6.81,4477,1523.5,7.580,7.576
2411,train,3.3232,0.0973,7.42,2.8287,6.00,4606,1524.1,5.229,5.211
2412,train,3.8201,0.1131,8.06,3.5786,6.61,4393,1524.6,6.626,6.625
2413,train,3.2229,0.1462,7.42,2.4032,4.41,4883,1525.2,4.515,4.477
2414,train,3.1960,0.1786,9.55,2.9932,10.45,4664,1525.8,6.462,6.451
2415,train,2.8032,0.1855,4.97,2.2709,3.83,4615,1526.4,2.380,2.378
2416,train,3.5318,0.1344,11.26,3.1764,9.24,4381,1527.0,8.255,8.251
2417,train,2.5930,0.3105,7.45,2.1332,8.28,3855,1527.6,4.966,4.952
2418,train,3.8089,0.0864,10.90,3.4338,10.00,3969,1528.1,8.257,8.252
2419,train,2.7437,0.2618,5.24,2.2041,3.00,4672,1528.7,3.216,3.144
2420,train,3.4627,0.1300,11.49,2.9510,9.91,4161,1529.3,8.527,8.521
2421,train,3.1868,0.1650,6.13,2.6888,6.00,4218,1529.9,4.569,4.549
2422,train,3.9335,0.0326,14.91,3.5162,14.39,4292,1530.5,13.893,13.892
2423,train,4.2706,0.0961,10.96,3.5409,8.62,3818,1531.1,9.642,9.627
2424,train,4.1797,0.1955,7.34,4.0447,7.24,4696,1531.6,6.426,6.411
2425,train,3.4430,0.1574,8.22,3.2574,6.24,4391,1532.2,7.387,7.384
2426,train,3.1133,0.1298,6.42,2.4882,4.24,4560,1532.8,5.037,5.033
2427,train,3.6111,0.1116,8.48,3.1327,7.00,4345,1533.4,5.123,5.115
2428,train,4.0191,0.0336,10.74,3.4822,9.12,4380,1534.0,8.020,8.016
2429,train,4.6592,0.0071,17.76,4.3776,13.53,4672,1534.6,14.382,14.376
2430,train,3.6948,0.0465,6.96,3.3761,6.06,4643,1535.1,5.736,5.733
2431,train,3.3014,0.1344,6.84,2.9553,5.24,4555,1535.7,4.495,4.466
2432,train,4.0908,0.0590,9.65,3.9091,8.77,4524,1536.3,10.191,10.184
2433,train,2.7165,0.1726,4.79,2.1197,1.00,4131,1536.9,3.519,3.515
2434,train,3.3797,0.1720,7.98,3.0863,4.41,4489,1537.5,6.559,6.555
2435,train,3.9118,0.0892,14.76,3.5420,11.90,4811,1538.1,12.892,12.886
2436,train,4.9207,0.0151,13.02,4.5431,10.89,5092,1538.6,11.299,11.295
2437,train,3.5386,0.0964,9.14,3.0576,6.83,4760,1539.2,6.719,6.714
2438,train,4.1902,0.0225,12.40,4.1078,15.06,4133,1539.8,10.817,10.803
2439,train,4.1109,0.1142,15.95,3.9258,17.87,4580,1540.4,12.536,12.533
2440,train,3.4652,0.0465,7.01,3.3492,7.30,4196,1541.0,4.896,4.891
2441,train,3.6200,0.1071,9.33,3.0571,8.32,4343,1541.6,7.287,7.281
2442,train,3.2819,0.1255,6.88,2.7113,6.58,4383,1542.1,5.186,5.183
2443,train,3.1181,0.1805,6.08,2.6821,3.65,4460,1542.7,4.867,4.863
2444,train,4.0305,0.0239,16.40,3.6772,17.83,4734,1543.3,14.693,14.686
2445,train,3.1681,0.1351,9.95,2.7706,8.00,4832,1543.9,6.422,6.420
2446,train,3.0952,0.1219,5.89,2.7209,3.83,4151,1544.5,5.394,5.374
2447,train,2.8788,0.1105,5.97,2.4248,5.00,4219,1545.1,4.905,4.897
2448,train,2.9933,0.1733,7.96,2.7280,8.41,4467,1545.6,6.250,6.208
2449,train,3.4259,0.0692,7.81,3.1505,6.47,4410,1546.2,5.749,5.716
2450,train,3.3477,0.0751,8.41,2.9351,10.00,4848,1546.8,5.533,5.523
2451,train,3.0172,0.2201,7.22,2.6637,6.08,4107,1547.4,5.480,5.455
2452,train,3.9368,0.0517,12.34,3.5020,11.44,4529,1548.0,9.089,9.084
2453,train,3.7297,0.0831,9.98,3.5388,9.73,3742,1548.6,8.829,8.808
2454,train,3.5292,0.0573,8.29,3.3481,9.41,4732,1549.1,5.693,5.683
2455,train,4.7097,0.0042,12.41,4.4916,12.32,5297,1549.7,9.801,9.777
2456,train,3.8046,0.1750,8.57,3.5250,7.10,4058,1550.3,8.458,8.446
2457,train,3.6337,0.0471,9.78,3.0830,10.77,4734,1550.9,5.713,5.521
2458,train,4.5966,0.0381,15.81,4.3643,15.74,4650,1551.5,11.621,11.609
2459,train,3.7970,0.0938,11.19,3.0590,10.07,4828,1552.1,5.940,5.920
2460,train,3.8154,0.0392,8.94,3.2704,7.58,5200,1552.6,7.371,7.363
2461,train,3.2893,0.0530,7.52,3.1551,5.41,4532,1553.2,4.148,4.116
2462,train,4.5784,0.1048,20.13,4.0794,20.22,5316,1553.8,17.289,17.283
2463,train,3.4756,0.1078,7.37,3.0064,6.00,4908,1554.4,4.982,4.978
2464,train,3.8253,0.1141,9.26,3.1728,7.54,4304,1555.0,7.817,7.812
2465,train,4.0525,0.0160,11.79,3.6639,10.94,4884,1555.6,8.873,8.863
2466,train,3.0094,0.1379,5.62,2.0700,3.41,3857,1556.1,3.614,3.608
2467,train,3.8967,0.0329,15.77,3.6938,17.41,4743,1556.7,13.328,13.304
2468,train,4.6047,0.0542,12.10,4.1057,11.91,3765,1557.3,10.761,10.760
2469,train,3.4427,0.0821,8.99,2.9462,8.00,3884,1557.9,7.893,7.892
2470,train,3.6698,0.0525,10.99,3.2721,12.24,4856,1558.5,9.423,9.415
2471,train,4.1048,0.0149,10.20,3.7816,8.81,4502,1559.1,8.779,8.774
2472,train,4.6706,0.1162,14.66,4.3309,14.36,5234,1559.6,13.212,13.199
2473,train,3.7204,0.1212,9.31,3.2905,10.10,4298,1560.2,5.898,5.885
2474,train,3.4357,0.1452,5.68,3.1985,4.24,4476,1560.8,3.972,3.955
2475,train,2.3919,0.3287,3.97,2.0559,2.00,4396,1561.4,2.627,2.580
2476,train,3.7735,0.0881,9.32,3.2543,7.81,4075,1562.0,6.809,6.793
2477,train,4.7820,0.0092,15.01,4.4632,12.71,4248,1562.6,11.116,11.110
2478,train,3.3897,0.1044,6.63,3.1433,6.47,4245,1563.1,4.879,4.865
2479,train,3.5616,0.0809,7.40,2.5803,5.06,5305,1563.7,5.736,5.734
2480,train,4.4714,0.0112,16.57,4.0846,18.32,5543,1564.3,15.726,15.720
2481,train,2.9464,0.1246,5.33,2.5343,3.41,4502,1564.9,2.447,2.422
2482,train,3.9245,0.0465,8.15,3.4731,6.89,4665,1565.5,7.728,7.717
2483,train,4.5743,0.0237,14.59,4.1472,11.93,5267,1566.1,12.407,12.375
2484,train,3.5471,0.1257,10.16,3.1696,7.39,4518,1566.6,8.056,8.039
2485,train,3.0604,0.2246,5.95,2.6625,4.16,4105,1567.2,4.572,4.552
2486,train,3.8985,0.0299,11.27,3.4991,9.65,4341,1567.8,8.001,7.989
2487,train,4.1029,0.0426,10.28,3.7812,7.24,5488,1568.4,9.410,9.401
2488,train,3.5203,0.0574,8.34,3.2187,7.41,4498,1569.0,7.275,7.272
2489,train,3.1248,0.1296,7.55,2.6349,6.41,4196,1569.6,5.808,5.790
2490,train,3.0895,0.2115,6.08,2.5556,3.00,4658,1570.1,3.014,2.992
2491,train,3.2356,0.1072,9.79,2.6029,10.55,4459,1570.7,7.729,7.723
2492,train,3.9189,0.1228,10.85,3.4894,6.83,5042,1571.3,7.991,7.967
2493,train,3.7441,0.1185,9.78,3.4274,8.41,4870,1571.9,8.175,8.167
2494,train,2.6585,0.2177,5.32,2.3740,4.00,4414,1572.5,4.210,4.180
2495,train,3.6400,0.1162,11.24,3.0066,8.71,4476,1573.1,8.894,8.880
2496,train,3.6072,0.0881,6.17,3.2172,6.06,3691,1573.6,4.613,4.603
2497,train,3.0922,0.1508,6.70,2.4763,3.83,4880,1574.2,3.840,3.812
2498,train,2.7280,0.1660,5.22,2.1255,3.41,4457,1574.8,3.669,3.630
2499,train,3.2161,0.1047,7.41,2.7140,4.24,4564,1575.4,5.716,5.696
2500,train,3.0527,0.1165,6.35,2.5158,5.00,4756,1576.0,4.355,4.353
2500,val,3.6100,0.1119,9.02,3.1891,8.00,222066,1603.7,7.122,7.106
2501,train,4.2113,0.0317,11.11,3.6887,11.47,4196,1604.8,10.552,10.548
2502,train,3.9239,0.0715,9.22,3.4313,8.89,5034,1605.4,6.647,6.608
2503,train,3.3773,0.0904,7.36,2.7884,6.89,4602,1606.0,5.326,5.321
2504,train,2.9672,0.1833,6.09,2.3261,3.00,4310,1606.6,3.458,3.446
2505,train,3.5419,0.1063,12.71,3.2152,12.12,4073,1607.2,10.104,10.093
2506,train,3.5078,0.0867,11.07,2.6440,8.39,5054,1607.7,7.411,7.243
2507,train,3.3617,0.0729,10.14,2.8278,9.82,4072,1608.3,7.668,7.665
2508,train,2.8685,0.2770,6.91,2.4643,3.65,3855,1608.9,5.904,5.893
2509,train,3.6222,0.1264,8.66,3.3067,8.67,4524,1609.5,7.178,7.172
2510,train,3.5055,0.0750,10.14,3.0765,10.24,4491,1610.1,8.796,8.792
2511,train,3.3551,0.0749,7.53,2.7301,7.16,4845,1610.7,5.943,5.941
2512,train,4.2798,0.0092,11.58,3.7882,9.47,4673,1611.2,8.433,8.408
2513,train,3.5690,0.1252,10.38,3.2071,12.07,4735,1611.8,7.023,7.009
2514,train,4.6205,0.0455,19.07,4.2893,19.38,4659,1612.4,14.875,14.873
2515,train,3.5941,0.1008,11.37,2.9880,9.41,4397,1613.0,8.153,8.145
2516,train,3.7972,0.0148,11.05,3.4634,8.00,4734,1613.6,10.379,10.373
2517,train,4.0010,0.0426,13.16,3.5280,10.90,4439,1614.2,9.561,9.560
2518,train,3.1045,0.1378,5.79,2.6940,4.00,4180,1614.7,4.450,4.448
2519,train,5.7494,0.0111,14.78,5.4359,13.50,4693,1615.3,15.197,15.180
2520,train,3.8405,0.1341,12.57,3.4676,10.95,4683,1615.9,9.380,9.379
2521,train,3.5524,0.1268,9.92,3.3232,6.24,5672,1616.5,7.447,7.445
2522,train,3.2962,0.0881,7.68,3.1491,9.08,4211,1617.1,4.286,4.251
2523,train,4.0316,0.0316,11.50,3.5549,10.41,4329,1617.6,9.760,9.756
2524,train,3.6920,0.1505,9.67,3.1584,8.00,4910,1618.2,9.111,9.106
2525,train,4.4045,0.0467,11.12,4.1070,11.00,4901,1618.8,9.535,9.533
2526,train,4.2812,0.0479,14.12,3.8323,14.33,4403,1619.4,12.779,12.779
2527,train,4.6836,0.0841,15.86,4.2543,16.56,4421,1620.0,13.817,13.803
2528,train,3.7659,0.0581,11.85,3.4298,14.46,3858,1620.6,8.770,8.769
2529,train,3.2725,0.1179,7.88,3.1022,6.00,4680,1621.1,6.057,6.034
2530,train,3.6720,0.0561,7.30,3.4873,6.41,4279,1621.7,6.141,6.129
2531,train,3.9423,0.1082,8.20,3.5254,4.65,4022,1622.3,7.626,7.608
2532,train,3.4362,0.0781,7.36,3.0574,5.83,4174,1622.9,3.994,3.978
2533,train,3.3900,0.0976,9.37,3.1034,7.62,3996,1623.5,7.272,7.251
2534,train,3.1087,0.1130,5.84,2.8593,4.83,4867,1624.1,4.022,4.011
2535,train,3.6382,0.1148,8.44,3.5288,7.36,4007,1624.6,6.936,6.932
2536,train,3.9333,0.0503,10.10,3.3991,9.02,4573,1625.2,6.891,6.883
2537,train,3.1045,0.1367,6.03,2.9188,5.06,3950,1625.8,5.005,4.998
2538,train,4.1986,0.0191,9.38,3.9482,8.63,4662,1626.4,7.052,7.049
2539,train,3.3924,0.0584,9.83,2.9249,8.34,4981,1627.0,8.096,8.094
2540,train,4.0103,0.0810,9.65,3.4476,5.66,4965,1627.6,6.180,6.168
2541,train,3.4061,0.0975,6.60,2.7665,5.65,4574,1628.1,4.233,4.209
2542,train,4.3389,0.0200,14.16,3.8645,16.66,4609,1628.7,11.720,11.713
2543,train,2.1761,0.3826,3.35,1.7796,2.00,4605,1629.3,1.537,1.512
2544,train,3.3162,0.0596,10.34,2.9401,9.41,4596,1629.9,7.871,7.864
2545,train,3.4676,0.1020,7.01,3.1408,5.06,4822,1630.5,3.482,3.465
2546,train,3.0758,0.1275,8.77,2.4400,7.51,4488,1631.1,6.053,6.042
2547,train,3.8964,0.0277,12.21,3.4099,11.41,4150,1631.6,11.369,11.359
2548,train,4.5058,0.0763,11.34,4.1741,11.04,3999,1632.2,7.125,7.094
2549,train,3.2320,0.2179,8.56,2.7422,7.00,4530,1633.1,6.367,6.355
2550,train,3.9110,0.0185,12.40,3.6267,11.94,4103,1633.7,10.329,10.324
2551,train,3.1773,0.1169,9.07,2.7158,7.12,4022,1634.2,6.918,6.893
2552,train,3.3441,0.1137,7.82,2.8296,6.83,4575,1634.8,5.570,5.559
2553,train,4.1619,0.0348,13.01,3.9906,13.99,4287,1635.4,12.827,12.816
2554,train,3.7561,0.0435,7.70,3.3417,6.65,4181,1636.0,5.966,5.950
2555,train,3.5001,0.0464,8.29,3.2082,8.02,3883,1636.6,5.800,5.797
2556,train,3.6837,0.0693,9.30,3.0950,8.56,4184,1637.2,5.585,5.567
2557,train,3.3032,0.0947,8.40,2.8939,8.51,4455,1637.7,6.706,6.697
2558,train,2.8506,0.1206,5.47,2.5293,4.41,4653,1638.3,3.100,3.076
2559,train,3.2872,0.1304,7.12,2.8438,5.24,4525,1638.9,3.900,3.888
2560,train,3.7496,0.0858,12.26,3.3225,9.32,5516,1639.5,8.968,8.940
2561,train,3.0320,0.1002,5.86,2.6449,5.41,4250,1640.1,3.504,3.501
2562,train,3.6864,0.1514,11.83,3.3733,11.43,4116,1640.7,10.539,10.536
2563,train,4.0971,0.0833,11.69,3.6160,14.06,4610,1641.2,8.212,8.208
2564,train,4.5289,0.0526,9.29,4.2093,9.54,4581,1641.8,7.408,7.406
2565,train,3.2476,0.0949,9.27,2.8291,9.28,4480,1642.4,6.834,6.820
2566,train,3.9100,0.0620,11.31,3.7252,10.65,3807,1643.0,9.756,9.751
2567,train,3.5008,0.0346,11.35,3.0746,13.54,4101,1643.6,8.492,8.490
2568,train,3.4376,0.1200,7.33,2.8996,4.65,4601,1644.1,6.189,6.186
2569,train,3.1434,0.1605,6.97,3.0743,7.00,4268,1644.7,5.663,5.658
2570,train,3.8341,0.0875,7.96,3.4316,7.40,4048,1645.3,6.378,6.367
2571,train,3.5069,0.1948,9.34,3.1081,9.32,4020,1645.9,7.528,7.521
2572,train,3.2639,0.1053,13.21,3.0777,16.00,4588,1646.5,12.390,12.382
2573,train,3.8934,0.0331,12.67,3.6378,13.65,4830,1647.1,10.482,10.478
2574,train,2.6889,0.2814,4.94,2.0600,1.00,4623,1647.6,2.023,1.963
2575,train,3.2539,0.0834,7.90,2.9388,7.58,4424,1648.2,7.737,7.731
2576,train,3.5032,0.1514,8.21,3.1212,6.43,4107,1648.8,6.489,6.476
2577,train,2.8824,0.1404,6.06,2.4933,5.99,4922,1649.4,3.811,3.803
2578,train,3.8977,0.0351,10.55,3.5151,7.47,4187,1650.0,9.067,9.042
2579,train,3.9937,0.0869,8.29,3.6118,7.40,4382,1650.6,6.433,6.424
2580,train,3.6725,0.0651,9.28,3.6189,7.24,4580,1651.1,7.105,7.091
2581,train,4.1602,0.0303,11.37,3.6988,10.37,5017,1651.7,8.105,8.095
2582,train,3.9062,0.0420,9.28,3.6023,7.95,4451,1652.3,7.325,7.316
2583,train,2.7159,0.1571,4.72,2.5453,4.41,3761,1652.9,2.463,2.447
2584,train,4.3964,0.0805,13.82,4.0352,12.99,4089,1653.5,11.727,11.716
2585,train,3.1251,0.1183,6.21,2.7706,3.41,4075,1654.0,3.141,2.943
2586,train,3.9292,0.1069,14.26,3.3991,12.28,4454,1654.6,12.200,12.195
2587,train,5.2034,0.0134,12.01,4.8906,11.54,4942,1655.2,11.747,11.741
2588,train,4.3434,0.1030,13.79,3.9742,10.08,4165,1655.8,9.937,9.912
2589,train,3.5775,0.0954,7.47,3.0555,6.81,4128,1656.4,4.057,4.032
2590,train,4.6920,0.0146,17.25,4.4263,18.62,5542,1657.0,15.181,15.180
2591,train,2.8977,0.1994,5.48,2.3587,3.65,4357,1657.5,3.671,3.666
2592,train,3.1661,0.1995,9.60,2.8098,10.06,4532,1658.1,9.978,9.921
2593,train,4.4817,0.0230,14.15,3.9402,12.71,5264,1658.7,10.813,10.798
2594,train,3.0137,0.0836,5.49,2.6329,4.00,3840,1659.3,4.412,4.409
2595,train,3.4423,0.1168,11.54,2.9032,11.16,4238,1659.9,7.200,7.181
2596,train,3.3966,0.1479,7.03,3.1563,4.41,4198,1660.5,5.789,5.784
2597,train,2.9343,0.1464,5.43,2.5157,2.83,4808,1661.0,2.841,2.826
2598,train,3.3313,0.0942,6.33,2.9821,4.24,5423,1661.6,4.635,4.623
2599,train,3.3719,0.0902,6.70,3.0362,5.06,4479,1662.2,4.793,4.790
2600,train,3.5096,0.0911,7.13,3.0479,6.48,4568,1662.8,6.695,6.689
2601,train,2.9212,0.1512,5.68,2.5456,5.41,4266,1663.4,3.520,3.513
2602,train,3.3704,0.1008,7.98,2.7571,4.41,4663,1664.0,5.551,5.539
2603,train,3.2006,0.1292,11.23,2.6780,4.24,4359,1664.5,7.671,7.657
2604,train,4.1129,0.0521,10.63,3.7961,9.74,4125,1665.1,9.931,9.927
2605,train,4.1863,0.0528,17.28,3.8006,16.84,4845,1665.7,12.789,12.783
2606,train,3.9197,0.0311,12.63,3.6293,13.38,4668,1666.3,9.884,9.874
2607,train,2.8840,0.1249,6.71,2.5182,6.58,4428,1666.9,3.027,3.007
2608,train,2.9887,0.0914,6.28,2.6424,6.00,3961,1667.5,4.670,4.664
2609,train,2.5593,0.1907,4.14,2.3464,4.00,3974,1668.0,1.725,1.688
2610,train,3.5363,0.1797,7.71,3.0108,4.47,4285,1668.6,6.403,6.397
2611,train,3.4679,0.2121,9.05,2.9786,7.36,4045,1669.2,6.895,6.885
2612,train,2.7712,0.2056,5.92,2.3205,4.41,3998,1669.8,4.894,4.873
2613,train,3.6443,0.0747,10.32,3.2358,9.82,4897,1670.4,8.568,8.566
2614,train,3.4286,0.1431,9.14,2.9578,8.24,4094,1670.9,7.450,7.433
2615,train,3.2533,0.1567,7.47,2.6870,4.16,4519,1671.5,6.976,6.973
2616,train,3.2358,0.1036,7.75,2.6326,3.00,4439,1672.1,3.884,3.824
2617,train,3.4055,0.1715,7.75,3.0578,6.41,4455,1672.7,7.133,7.121
2618,train,3.9078,0.1225,13.14,3.3404,10.22,4824,1673.3,10.640,10.639
2619,train,3.9875,0.0915,12.37,3.5169,9.51,4873,1673.9,9.471,9.455
2620,train,3.6335,0.1196,8.61,3.0000,7.47,4648,1674.4,5.890,5.874
2621,train,3.4004,0.2158,7.85,2.8976,5.54,5075,1675.0,5.810,5.739
2622,train,3.0678,0.2406,6.61,2.1722,3.00,4322,1675.6,4.776,4.768
2623,train,3.5607,0.0744,8.42,3.1788,6.83,4918,1676.2,3.507,3.504
2624,train,3.0929,0.1308,6.43,2.7238,4.41,5038,1676.8,3.258,3.247
2625,train,4.1175,0.0555,9.60,3.6980,7.00,4771,1677.4,8.967,8.958
2626,train,4.4626,0.0154,13.50,4.0348,11.54,5256,1677.9,10.493,10.491
2627,train,3.5736,0.1619,9.63,3.0490,6.83,4835,1678.5,7.045,7.042
2628,train,4.1146,0.0506,15.37,3.6784,17.15,5454,1679.1,12.775,12.759
2629,train,4.4827,0.0966,11.18,3.9577,8.47,5082,1679.7,9.961,9.956
2630,train,2.6816,0.2355,6.36,2.0030,2.41,4340,1680.3,3.363,3.217
2631,train,4.0840,0.0401,12.87,3.9054,11.41,3964,1680.9,9.073,9.063
2632,train,3.5103,0.0624,8.38,3.0779,7.61,5175,1681.4,6.452,6.448
2633,train,4.0540,0.0521,14.65,3.8093,14.09,4781,1682.0,10.951,10.947
2634,train,3.6459,0.0493,12.39,3.2661,12.00,4806,1682.6,9.486,9.477
2635,train,3.0088,0.2052,5.10,2.5746,3.41,4147,1683.2,3.614,3.608
2636,train,3.2332,0.0620,7.90,2.7719,7.41,4131,1683.8,5.704,5.702
2637,train,3.9344,0.0713,8.72,3.8546,10.00,4529,1684.4,7.217,7.208
2638,train,3.4924,0.0557,10.05,3.1807,9.83,4091,1684.9,8.675,8.674
2639,train,3.9618,0.0694,9.17,3.6456,7.12,5003,1685.5,7.529,7.517
2640,train,4.8362,0.1674,20.16,4.0365,21.22,4707,1686.1,17.446,17.428
2641,train,4.0582,0.0604,9.52,3.3713,7.65,5047,1686.7,7.151,7.142
2642,train,3.8035,0.0716,12.90,3.4369,11.39,4513,1687.3,9.462,9.428
2643,train,3.3372,0.0672,8.12,2.8325,6.61,4180,1687.9,5.628,5.617
2644,train,3.5112,0.1838,10.65,3.3136,10.66,4542,1688.4,7.849,7.834
2645,train,2.9964,0.2510,8.66,2.4619,6.41,4557,1689.0,7.364,7.351
2646,train,3.3416,0.0872,6.48,3.1538,3.83,4220,1689.6,4.210,4.201
2647,train,3.2873,0.0600,6.00,3.1359,6.89,4065,1690.2,4.780,4.779
2648,train,3.1783,0.1986,10.19,2.6979,8.07,5301,1690.8,7.386,7.381
2649,train,2.7399,0.2837,5.53,2.2500,4.00,4611,1691.4,3.209,3.192
2650,train,4.2354,0.0597,15.15,3.6741,14.36,4536,1691.9,11.940,11.934
2651,train,3.8472,0.0432,9.36,3.4920,6.65,5258,1692.5,5.925,5.921
2652,train,2.8069,0.1376,5.22,2.3074,3.41,3722,1693.1,3.503,3.497
2653,train,3.9487,0.0487,9.52,3.8768,8.94,4622,1693.7,5.351,5.346
2654,train,3.6110,0.0217,8.86,3.0579,6.65,4741,1694.3,6.702,6.699
2655,train,3.8513,0.0239,13.64,3.3772,15.16,5355,1694.9,10.687,10.683
2656,train,4.6249,0.0529,14.19,4.0417,11.57,5335,1695.4,9.460,9.456
2657,train,3.8745,0.1126,9.67,3.4802,8.32,4938,1696.0,8.252,8.244
2658,train,3.6534,0.0405,9.10,3.1549,8.00,4835,1696.6,7.138,7.137
2659,train,3.2558,0.0980,8.88,2.7667,9.02,4613,1697.2,5.473,5.457
2660,train,3.1841,0.0766,6.67,2.7252,5.00,5340,1697.8,5.255,5.243
2661,train,4.0272,0.0983,8.63,3.8654,8.71,4291,1698.4,6.459,6.455
2662,train,3.3816,0.0821,6.93,2.8781,6.00,4433,1698.9,3.837,3.818
2663,train,4.0206,0.0279,11.84,3.5269,9.71,5016,1699.5,8.917,8.914
2664,train,3.6874,0.1164,9.21,3.2608,5.12,5033,1700.1,7.044,7.039
2665,train,3.8727,0.0262,8.12,3.4186,6.89,4316,1700.7,5.780,5.775
2666,train,2.4670,0.3118,3.97,2.1702,2.00,4589,1701.3,1.910,1.909
2667,train,2.7633,0.2211,5.13,2.2644,3.41,4238,1701.9,2.799,2.786
2668,train,3.4307,0.0822,7.20,3.0405,4.41,4536,1702.4,5.988,5.982
2669,train,3.5501,0.0546,7.79,3.3244,7.40,4395,1703.0,6.603,6.602
2670,train,2.5779,0.1876,4.82,2.2434,3.41,4702,1703.6,2.518,2.503
2671,train,4.4725,0.0436,13.98,4.2484,15.01,5706,1704.2,10.916,10.907
2672,train,4.3725,0.0391,10.84,3.9841,10.47,4426,1704.8,10.697,10.689
2673,train,3.7531,0.0556,8.37,3.2894,7.24,4625,1705.4,6.898,6.892
2674,train,2.9089,0.2619,5.28,2.5112,4.24,4436,1705.9,3.887,3.883
2675,train,4.4318,0.0090,14.13,4.0300,13.48,4644,1706.5,12.640,12.609
2676,train,4.8208,0.0085,12.23,4.5881,12.29,3762,1707.1,11.473,11.468
2677,train,2.7939,0.1342,5.00,2.3980,4.00,4276,1707.7,3.215,3.207
2678,train,3.2251,0.1432,6.42,2.6976,4.41,5222,1708.3,4.463,4.445
2679,train,2.6797,0.1819,4.39,2.1807,4.00,4679,1708.9,2.768,2.764
2680,train,2.8116,0.2307,5.90,2.3552,4.16,4265,1709.4,2.818,2.798
2681,train,3.8872,0.0664,9.72,3.8837,9.06,4475,1710.0,8.261,8.260
2682,train,3.7296,0.0910,10.62,3.1737,8.82,5419,1710.6,7.196,7.184
2683,train,3.2368,0.1853,7.55,2.6563,5.41,4539,1711.2,5.423,5.415
2684,train,3.8977,0.0241,11.79,3.2715,10.83,4689,1711.8,9.451,9.449
2685,train,3.3713,0.1862,8.83,2.9572,7.08,4501,1712.4,6.597,6.572
2686,train,3.9026,0.0377,9.90,3.8115,9.58,4187,1712.9,8.226,8.212
2687,train,4.1254,0.0394,12.04,3.9292,11.64,4949,1713.5,11.069,11.066
2688,train,3.7859,0.1056,11.50,3.1784,11.16,4553,1714.1,8.904,8.899
2689,train,3.1183,0.0820,6.49,2.7791,5.65,4523,1714.7,4.751,4.746
2690,train,3.1665,0.0482,8.05,2.6754,8.77,4443,1715.3,5.650,5.612
2691,train,3.0582,0.1721,6.03,2.7030,4.24,4288,1715.9,5.257,5.255
2692,train,4.0795,0.0295,8.96,3.6702,9.54,5704,1716.4,8.072,8.058
2693,train,3.5271,0.1211,9.66,2.8498,3.83,4558,1717.0,7.289,7.278
2694,train,3.8368,0.0261,12.56,3.5314,14.18,5397,1717.6,7.353,7.334
2695,train,3.5382,0.1548,8.95,3.0122,6.00,4496,1718.2,4.916,4.911
2696,train,3.6735,0.0798,8.81,3.2298,9.34,4059,1718.8,6.479,6.469
2697,train,3.8221,0.0935,9.43,3.4260,6.81,4609,1719.3,7.069,7.059
2698,train,2.8012,0.1861,7.46,2.2349,6.66,4239,1719.9,4.970,4.956
2699,train,3.0502,0.1130,5.73,2.5357,3.41,3913,1720.5,4.403,4.392
2700,train,2.9524,0.2102,5.29,2.5174,2.00,4125,1721.1,3.333,3.295
2701,train,2.7745,0.2116,5.00,2.2859,2.41,4102,1721.7,2.994,2.988
2702,train,4.5405,0.1544,11.11,4.2851,10.47,4359,1722.3,10.050,10.021
2703,train,3.3603,0.1938,8.98,3.0563,6.39,3998,1722.8,5.642,5.628
2704,train,3.5367,0.0584,9.70,3.1490,11.24,4159,1723.4,10.025,10.018
2705,train,3.2167,0.1802,6.91,2.8347,3.24,4988,1724.0,5.317,5.271
2706,train,4.2384,0.0258,9.24,3.7055,8.40,4929,1724.6,8.579,8.578
2707,train,2.7096,0.2036,5.21,2.2626,3.83,4465,1725.2,3.750,3.746
2708,train,3.2769,0.0888,6.00,3.1517,5.24,4540,1725.8,3.552,3.544
2709,train,3.7420,0.0730,8.96,3.3918,7.54,4559,1726.3,7.196,7.190
2710,train,3.2081,0.1216,6.25,2.9481,6.47,4802,1726.9,5.201,5.182
2711,train,2.7300,0.1895,5.36,2.1453,2.00,4106,1727.5,4.520,4.512
2712,train,3.5723,0.1456,8.28,2.9430,7.00,4923,1728.1,6.157,6.152
2713,train,3.3334,0.0772,8.86,3.0746,8.71,4561,1728.7,6.510,6.500
2714,train,3.2270,0.0922,6.09,2.8752,3.83,4395,1729.3,2.887,2.846
2715,train,4.0025,0.0373,12.70,3.6646,10.08,5153,1729.8,10.441,10.435
2716,train,2.6896,0.2156,5.15,2.2633,3.00,4174,1730.4,1.600,1.549
2717,train,2.7460,0.1867,5.57,2.2737,5.00,4832,1731.0,3.474,3.471
2718,train,3.3856,0.0998,11.18,2.9740,8.74,4811,1731.6,7.809,7.802
2719,train,3.1892,0.2682,7.89,2.5940,6.39,4310,1732.2,4.760,4.728
2720,train,2.5784,0.2678,4.33,1.9660,2.00,4533,1732.8,1.738,1.733
2721,train,3.2460,0.0965,8.03,2.8347,7.12,4686,1733.3,3.718,3.657
2722,train,3.8171,0.0559,7.36,3.3250,7.40,4008,1733.9,4.798,4.791
2723,train,4.5691,0.0700,14.85,3.9163,11.83,4231,1734.5,13.616,13.600
2724,train,3.4843,0.1319,8.14,2.6849,5.41,4807,1735.1,5.679,5.663
2725,train,4.5998,0.0204,16.66,4.2087,13.00,4793,1735.7,16.217,16.207
2726,train,3.1899,0.1964,11.64,2.6182,11.71,4400,1736.3,8.643,8.627
2727,train,2.9527,0.1115,6.55,2.5504,6.41,4126,1736.8,3.331,3.303
2728,train,3.1757,0.2027,5.27,2.5383,3.24,4993,1737.4,2.784,2.694
2729,train,3.2555,0.2371,7.59,2.7421,6.47,4357,1738.0,5.761,5.755
2730,train,3.2077,0.2136,6.83,2.7346,5.54,4915,1738.6,4.783,4.764
2731,train,2.7959,0.1814,4.85,2.4035,2.41,4685,1739.2,2.476,2.403
2732,train,3.7988,0.1135,12.78,3.4830,13.00,3647,1739.8,11.941,11.926
2733,train,4.2614,0.1178,12.33,3.8060,9.10,5536,1740.3,12.269,12.265
2734,train,4.3644,0.0139,12.25,4.1551,12.16,5099,1740.9,10.809,10.801
2735,train,2.3822,0.3489,3.84,1.9467,1.00,4417,1741.5,2.130,1.789
2736,train,3.3090,0.0976,8.00,2.9576,4.41,4899,1742.1,5.509,5.422
2737,train,2.8637,0.1892,6.01,2.3839,4.00,4772,1742.7,3.643,3.630
2738,train,3.3229,0.0904,8.31,2.6965,5.24,4545,1743.3,5.061,5.044
2739,train,3.0550,0.1494,6.79,2.8676,7.02,3635,1743.8,5.430,5.425
2740,train,3.8667,0.0576,12.17,3.5556,11.93,4148,1744.4,9.105,8.994
2741,train,2.6010,0.2582,4.66,2.2666,5.58,4865,1745.0,3.068,3.066
2742,train,4.1916,0.1294,9.15,3.8403,7.36,4636,1745.6,7.958,7.958
2743,train,3.1197,0.0951,8.39,2.8678,9.91,3985,1746.2,6.300,6.281
2744,train,2.5455,0.1515,4.77,2.1327,3.41,4383,1746.8,2.957,2.951
2745,train,2.6241,0.2637,5.15,2.3383,2.41,3837,1747.3,3.412,3.383
2746,train,2.9741,0.1147,5.53,2.7596,5.00,4422,1747.9,4.059,4.056
2747,train,4.4516,0.0175,11.22,4.3814,9.94,4118,1748.5,7.771,7.747
2748,train,2.8533,0.2764,6.03,2.7369,6.89,3817,1749.1,5.030,5.025
2749,train,3.3747,0.1302,7.09,3.5924,7.80,4602,1749.7,6.470,6.460
2750,train,4.0915,0.0581,13.41,3.8312,13.51,4577,1750.2,9.219,9.202
2751,train,4.8095,0.0554,14.54,4.3734,15.23,4509,1750.8,12.252,12.239
2752,train,3.8804,0.0243,6.92,3.5261,7.06,3872,1751.4,5.385,5.379
2753,train,3.3699,0.0786,7.18,2.9535,6.24,4681,1752.0,5.194,5.189
2754,train,2.5451,0.1400,4.61,1.9979,4.41,4151,1752.6,2.929,2.926
2755,train,2.9904,0.1679,8.72,2.7241,8.25,4199,1753.2,7.210,7.203
2756,train,4.0097,0.0818,11.10,3.7187,12.60,4670,1753.7,8.293,8.290
2757,train,3.4914,0.1418,11.44,2.8447,9.07,4478,1754.3,9.983,9.977
2758,train,3.1418,0.1502,5.93,2.3809,2.41,4280,1754.9,5.533,5.528
2759,train,3.3681,0.0815,8.67,3.0397,7.95,4280,1755.5,7.789,7.786
2760,train,4.3588,0.0486,10.40,4.1492,10.39,4482,1756.1,10.553,10.550
2761,train,3.7235,0.0500,8.18,3.2151,6.65,4282,1756.7,7.022,7.007
2762,train,2.7847,0.2128,5.27,2.1364,2.00,4437,1757.2,3.560,3.559
2763,train,3.6639,0.0916,8.62,3.3789,8.24,4815,1757.8,7.969,7.963
2764,train,3.6026,0.0902,8.15,3.3426,7.99,4244,1758.4,5.927,5.924
2765,train,4.1089,0.0872,10.02,3.8901,9.00,3933,1759.0,8.748,8.744
2766,train,3.1315,0.0953,6.67,2.6959,5.65,4145,1759.6,4.105,4.102
2767,train,3.7037,0.0939,8.98,3.4084,6.58,5111,1760.2,6.080,6.048
2768,train,3.4668,0.1248,12.37,2.9268,11.03,3726,1760.7,9.597,9.581
2769,train,2.8283,0.1362,5.26,2.4802,4.24,4846,1761.3,3.561,3.547
2770,train,2.8147,0.2186,6.22,2.4216,4.00,4516,1761.9,4.950,4.924
2771,train,3.2310,0.1235,7.17,2.8169,4.41,4471,1762.5,5.175,5.171
2772,train,2.7751,0.2594,5.56,2.3474,4.00,4240,1763.1,4.703,4.693
2773,train,4.1644,0.0810,13.90,3.9505,12.77,4591,1763.7,10.793,10.750
2774,train,3.1271,0.2106,5.81,2.4904,3.41,4953,1764.2,5.040,5.016
2775,train,3.6680,0.0612,9.82,3.4458,7.24,4742,1764.8,6.422,6.394
2776,train,3.6636,0.0820,13.44,3.3658,15.49,4317,1765.4,11.306,11.304
2777,train,3.9266,0.1308,11.77,3.5547,8.08,4527,1766.0,9.854,9.850
2778,train,4.1569,0.1095,16.30,3.7492,13.36,5242,1766.6,13.581,13.526
2779,train,3.1813,0.1105,7.53,2.8636,7.16,4264,1767.2,6.588,6.580
2780,train,3.4364,0.0889,6.83,3.2112,4.65,5018,1767.7,5.346,5.270
2781,train,3.3288,0.1086,7.01,3.1038,4.41,4694,1768.3,6.576,6.560
2782,train,3.5344,0.0879,10.35,3.1719,10.90,4163,1768.9,9.314,9.314
2783,train,4.3453,0.0621,11.96,3.9520,9.16,5058,1769.5,9.967,9.958
2784,train,3.5033,0.0636,9.92,3.0503,14.50,4906,1770.1,6.632,6.619
2785,train,2.9190,0.1505,6.22,2.4630,4.83,4473,1770.7,3.898,3.896
2786,train,3.6412,0.0953,7.16,3.2756,6.24,4144,1771.2,5.398,5.396
2787,train,3.3852,0.0436,6.41,3.0986,6.41,4638,1771.8,5.242,5.236
2788,train,3.9823,0.0639,7.56,3.4776,6.24,4382,1772.4,6.516,6.511
2789,train,2.9964,0.1479,5.51,2.4779,3.83,4394,1773.0,5.177,5.158
2790,train,3.5705,0.1849,9.38,3.2363,8.63,4899,1773.6,7.258,7.247
2791,train,4.5325,0.0294,13.79,4.4774,12.24,4285,1774.2,13.695,13.691
2792,train,4.5102,0.0588,13.56,3.8675,10.24,4833,1774.7,8.814,8.376
2793,train,3.3943,0.1490,8.66,2.9486,7.65,4330,1775.3,8.078,8.062
2794,train,2.7566,0.1863,5.67,2.0373,3.00,4181,1775.9,3.783,3.780
2795,train,3.4423,0.1400,6.86,2.6018,8.00,5034,1776.5,5.650,5.623
2796,train,2.8398,0.2166,6.42,2.4199,7.00,3956,1777.1,5.352,5.345
2797,train,3.1273,0.1260,6.83,2.6881,5.24,4597,1777.7,6.122,6.103
2798,train,2.8990,0.1784,5.74,2.3271,3.24,4765,1778.2,3.254,3.235
2799,train,3.6926,0.1078,9.66,3.3853,8.32,4481,1778.8,7.621,7.612
2800,train,3.1357,0.1101,6.00,2.4866,3.00,4270,1779.4,4.479,4.465
2801,train,4.3949,0.0271,11.01,4.1354,11.29,4755,1780.0,8.857,8.844
2802,train,3.0163,0.1738,5.11,2.2878,2.41,4430,1780.6,3.449,3.438
2803,train,3.7539,0.0644,11.52,3.3827,11.51,4549,1781.2,9.772,9.755
2804,train,3.1031,0.0716,6.69,2.8551,4.41,5979,1781.7,4.969,4.958
2805,train,3.9124,0.0629,12.06,3.6845,12.24,4850,1782.3,8.542,8.540
2806,train,4.6945,0.0516,11.01,4.0717,10.47,4457,1782.9,8.250,8.245
2807,train,3.9356,0.0313,9.65,3.5957,8.54,4949,1783.5,9.328,9.321
2808,train,2.9674,0.1476,5.88,2.7363,5.24,4721,1784.1,4.897,4.885
2809,train,4.1119,0.0697,8.89,3.7334,8.48,5438,1784.7,5.650,5.638
2810,train,2.9223,0.1913,5.71,2.5606,2.83,3942,1785.2,3.679,3.670
2811,train,2.7769,0.1573,5.98,2.4584,6.41,4482,1785.8,4.371,4.364
2812,train,4.5082,0.0562,14.11,4.1050,14.79,4608,1786.4,13.362,13.360
2813,train,3.5004,0.0517,8.03,3.0619,4.83,5161,1787.0,5.273,5.267
2814,train,2.7602,0.1776,5.07,2.2521,3.83,4657,1787.6,4.034,4.031
2815,train,4.2289,0.0154,10.36,3.8258,7.83,4283,1788.2,8.774,8.763
2816,train,4.2643,0.1263,10.56,3.7101,9.32,4393,1788.7,9.812,9.780
2817,train,3.9713,0.0221,11.32,3.8235,12.07,4021,1789.3,8.624,8.612
2818,train,3.5319,0.1239,7.42,3.0160,5.65,4439,1789.9,4.815,4.810
2819,train,3.1881,0.1198,6.81,2.7959,4.83,4858,1790.5,4.428,4.418
2820,train,3.8975,0.0439,10.79,3.5027,9.00,5148,1791.1,7.418,7.403
2821,train,3.4920,0.0988,12.74,3.1634,12.31,4940,1791.7,10.491,10.474
2822,train,3.0124,0.1396,9.57,2.3821,7.08,4901,1792.2,7.010,7.006
2823,train,2.8990,0.2413,4.82,2.4687,2.00,4343,1792.8,3.606,3.603
2824,train,3.9006,0.1097,8.58,3.4192,5.65,4239,1793.4,6.263,6.255
2825,train,3.3304,0.1415,7.81,2.9283,7.41,4729,1794.0,4.701,4.664
2826,train,3.5352,0.0784,7.94,3.1427,7.58,4374,1794.6,5.994,5.971
2827,train,3.0508,0.2054,6.78,2.2138,5.12,4371,1795.2,6.747,6.735
2828,train,2.8902,0.2273,6.59,2.4513,6.10,4827,1795.7,3.535,3.532
2829,train,4.0373,0.0401,11.98,3.7528,12.65,5284,1796.3,9.551,9.526
2830,train,3.4373,0.0396,10.95,3.3768,12.47,4068,1796.9,8.554,8.537
2831,train,2.7701,0.1949,5.42,2.2518,3.83,4720,1797.5,3.992,3.989
2832,train,2.5780,0.2473,4.60,1.9687,2.00,4816,1798.1,3.176,3.169
2833,train,5.1320,0.0038,16.51,5.0477,15.99,4723,1798.7,15.553,15.535
2834,train,4.0759,0.1234,12.75,3.5609,12.12,4142,1799.2,10.655,10.653
2835,train,4.2621,0.1035,15.97,3.9894,17.34,4388,1799.8,13.045,13.043
2836,train,3.4917,0.1986,14.13,2.7394,13.00,4588,1800.4,12.001,11.988
2837,train,3.8484,0.1885,9.62,3.4571,8.12,4620,1801.0,5.955,5.898
2838,train,2.5447,0.1746,4.71,2.3211,3.83,4342,1801.6,2.263,2.234
2839,train,3.6915,0.0647,8.98,3.3025,8.30,3956,1802.2,6.136,6.130
2840,train,3.4276,0.1532,7.38,2.7067,4.00,5582,1802.7,4.819,4.811
2841,train,3.2536,0.1515,9.14,2.8769,7.66,4409,1803.3,7.739,7.708
2842,train,2.6433,0.3180,5.00,2.0341,3.00,4308,1803.9,1.485,1.459
2843,train,2.5814,0.1866,4.90,1.8433,4.83,4785,1804.5,2.283,2.261
2844,train,2.8037,0.1474,6.93,2.4129,8.81,4037,1805.1,5.233,5.217
2845,train,3.9541,0.0405,7.21,3.3262,5.65,4622,1805.7,5.954,5.948
2846,train,3.6685,0.0294,8.72,3.2951,7.40,4699,1806.2,6.086,6.017
2847,train,3.5455,0.2469,9.27,3.0043,6.10,4780,1806.8,7.326,7.303
2848,train,3.2930,0.1007,9.82,2.7942,7.89,4220,1807.4,7.459,7.456
2849,train,4.0934,0.0776,12.10,3.2614,12.85,5557,1808.0,9.202,9.188
2850,train,2.9823,0.2174,8.30,2.5990,8.08,4337,1808.6,5.475,5.468
2851,train,3.4428,0.1217,6.97,3.1351,6.24,4568,1809.2,4.624,4.619
2852,train,4.0529,0.0294,11.31,3.4749,11.48,4560,1809.7,7.678,7.677
2853,train,2.5653,0.2822,4.49,1.9529,2.41,3948,1810.3,2.097,2.093
2854,train,3.2560,0.0834,7.09,2.6285,6.66,4292,1810.9,4.374,4.371
2855,train,3.0209,0.1148,5.94,2.3569,5.00,4069,1811.5,4.591,4.579
2856,train,4.0626,0.0305,11.54,3.9484,13.00,4397,1812.1,9.954,9.951
2857,train,3.6581,0.1094,8.61,3.3863,6.47,4095,1812.6,7.991,7.987
2858,train,3.2417,0.1186,6.11,2.7518,3.83,4924,1813.2,2.903,2.891
2859,train,3.0835,0.1439,10.72,2.7098,13.05,4997,1813.8,7.299,7.294
2860,train,3.3979,0.0769,6.57,3.1345,6.41,4242,1814.4,5.492,5.480
2861,train,4.1547,0.0525,13.58,3.5556,12.83,4227,1815.0,10.719,10.702
2862,train,3.3936,0.0609,7.64,3.0877,7.06,4400,1815.6,5.421,5.410
2863,train,3.7874,0.0459,9.75,3.4683,8.16,4854,1816.1,8.337,8.326
2864,train,3.0475,0.2315,6.04,2.5984,5.41,4316,1816.7,4.661,4.647
2865,train,2.9192,0.2059,5.90,2.3744,3.41,3701,1817.3,4.403,4.389
2866,train,3.7608,0.0607,11.06,3.3226,9.83,5176,1817.9,8.272,8.266
2867,train,3.3895,0.2071,7.90,2.7615,6.12,4900,1818.5,4.816,4.814
2868,train,3.1245,0.2296,5.85,2.7322,5.24,4024,1819.1,3.655,3.653
2869,train,2.9091,0.1332,5.55,2.4526,5.00,4033,1819.6,4.275,4.254
2870,train,3.6782,0.0411,9.80,3.3339,10.73,4109,1820.2,8.332,8.328
2871,train,4.9240,0.0311,16.66,4.1565,14.81,5209,1820.8,13.768,13.766
2872,train,3.7992,0.0537,8.74,3.3555,7.06,4842,1821.4,7.374,7.372
2873,train,3.6092,0.0877,8.74,3.1707,8.58,4961,1822.0,7.797,7.797
2874,train,2.5313,0.2310,4.57,2.1178,4.41,4376,1822.6,1.895,1.885
2875,train,2.8739,0.1346,5.62,2.4181,4.41,5482,1823.2,3.070,3.060
2876,train,3.1142,0.1839,7.76,2.7119,3.41,4422,1823.7,7.702,7.591
2877,train,4.2101,0.0839,14.30,3.8250,13.54,4317,1824.3,11.927,11.925
2878,train,3.0228,0.1857,5.96,2.6453,3.41,4109,1824.9,3.931,3.815
2879,train,4.4643,0.0569,10.27,4.4637,11.10,4253,1825.5,7.706,7.693
2880,train,3.1076,0.0869,6.92,2.9954,6.99,3923,1826.1,5.315,5.309
2881,train,2.9068,0.1517,5.57,2.3982,3.83,5017,1826.6,2.700,2.685
2882,train,3.5161,0.0786,10.85,3.4145,10.81,4542,1827.2,10.600,10.587
2883,train,3.8309,0.0491,9.13,3.4896,7.12,4808,1827.8,7.004,6.992
2884,train,3.1329,0.1311,7.30,2.8247,8.41,4470,1828.4,5.615,5.612
2885,train,3.6038,0.1122,10.79,2.9425,9.07,5472,1829.0,9.637,9.632
2886,train,3.7873,0.1119,8.04,3.5814,7.26,4377,1829.6,6.431,6.425
2887,train,4.4283,0.0060,12.27,4.2481,13.50,4299,1830.2,10.879,10.878
2888,train,3.1844,0.1156,7.22,2.6429,5.24,4047,1830.7,5.828,5.826
2889,train,4.2123,0.0957,10.97,3.5792,9.65,4170,1831.3,7.772,7.772
2890,train,3.0719,0.1577,7.48,2.4944,6.41,5067,1831.9,4.076,4.074
2891,train,3.1369,0.0925,6.68,2.7193,5.16,4412,1832.5,4.152,4.137
2892,train,2.6298,0.1708,5.03,2.1250,3.41,4643,1833.1,2.706,2.657
2893,train,3.2422,0.1494,9.21,2.9107,9.50,4679,1833.6,7.370,7.361
2894,train,2.8411,0.1805,5.67,2.2129,3.00,4642,1834.2,2.148,2.126
2895,train,4.0119,0.0439,14.91,3.5916,12.68,5281,1834.8,11.638,11.636
2896,train,2.9847,0.2184,5.08,2.5850,4.24,5477,1835.4,3.618,3.607
2897,train,3.8848,0.0564,16.60,3.3495,16.32,4748,1836.0,14.084,14.062
2898,train,3.2657,0.1016,11.60,2.8594,20.13,5079,1836.6,9.889,9.863
2899,train,3.4769,0.0465,7.39,3.3581,7.16,4361,1837.2,6.504,6.498
2900,train,3.5977,0.1850,9.96,3.1458,9.16,4693,1837.7,7.494,7.487
2901,train,3.1681,0.1970,6.09,2.7424,4.41,5097,1838.3,3.308,3.286
2902,train,4.2595,0.0068,12.17,4.0839,14.40,4290,1838.9,11.276,11.273
2903,train,2.7403,0.1772,5.49,2.2305,4.41,4553,1839.5,4.085,4.076
2904,train,4.4834,0.1606,9.72,4.0805,8.74,4470,1840.1,7.883,7.873
2905,train,3.7024,0.0390,8.53,3.4196,6.58,4720,1840.7,6.283,6.262
2906,train,3.8458,0.0427,10.94,3.6681,11.39,4024,1841.2,9.638,9.631
2907,train,3.2958,0.1617,6.71,3.0557,6.58,5320,1841.8,3.724,3.699
2908,train,5.2788,0.1299,14.07,4.6619,10.10,4348,1842.4,13.620,13.614
2909,train,3.2985,0.1100,11.41,3.0671,13.00,4062,1843.0,10.998,10.985
2910,train,3.8972,0.0517,9.97,3.5214,8.36,5130,1843.6,8.376,8.364
2911,train,3.2200,0.1398,6.87,2.7104,5.58,4735,1844.2,5.005,4.991
2912,train,3.7264,0.0630,10.20,3.3307,10.36,4606,1844.7,9.162,9.161
2913,train,3.4311,0.1198,10.17,2.9160,8.93,4781,1845.3,5.971,5.965
2914,train,3.0217,0.1379,6.31,2.2595,3.24,4242,1845.9,4.713,4.708
2915,train,3.0363,0.0667,6.22,2.5960,5.00,4770,1846.5,4.258,4.243
2916,train,3.4085,0.1139,6.38,2.9916,4.24,3882,1847.1,5.188,5.166
2917,train,2.8704,0.2386,5.88,2.5144,5.00,4850,1847.7,4.741,4.736
2918,train,2.8158,0.1428,5.05,2.4358,4.00,4595,1848.2,3.250,3.243
2919,train,3.0109,0.1966,6.47,2.5119,9.71,4151,1848.8,4.620,4.609
2920,train,3.8468,0.0362,12.86,3.3954,11.16,4420,1849.4,11.963,11.961
2921,train,3.5430,0.1120,8.48,2.9588,7.41,4722,1850.0,6.304,6.288
2922,train,2.9542,0.2289,6.61,2.4200,3.24,3971,1850.6,6.544,6.533
2923,train,4.1067,0.1007,9.65,3.7013,8.10,4715,1851.2,8.515,8.505
2924,train,3.5083,0.1721,10.54,3.2174,9.21,3905,1851.7,9.413,9.409
2925,train,2.8405,0.1475,4.99,2.4835,4.41,4496,1852.3,3.000,2.999
2926,train,2.5788,0.1705,4.74,2.1536,4.41,3783,1852.9,2.954,2.930
2927,train,3.2345,0.1183,7.57,2.8853,7.00,4929,1853.5,6.635,6.634
2928,train,3.7962,0.0313,11.37,3.4384,13.07,4509,1854.1,10.960,10.956
2929,train,2.9003,0.2535,5.35,2.5121,5.24,4406,1854.7,3.331,3.242
2930,train,2.9883,0.1292,9.82,2.6932,11.96,3964,1855.2,8.436,8.428
2931,train,2.9078,0.0789,6.03,2.5408,5.00,5016,1855.8,3.465,3.450
2932,train,3.6441,0.1168,10.93,3.3091,9.32,4281,1856.4,8.230,8.227
2933,train,4.4164,0.0955,10.00,4.0766,7.40,4366,1857.0,7.303,7.281
2934,train,3.4466,0.0822,8.49,3.0297,7.12,4985,1857.6,7.314,7.311
2935,train,2.9013,0.0743,5.91,2.4860,5.41,4239,1858.2,3.874,3.873
2936,train,2.7754,0.1453,5.87,2.4517,5.24,3937,1858.7,4.236,4.233
2937,train,3.2489,0.1197,7.27,2.7785,6.58,4227,1859.3,5.499,5.498
2938,train,4.7689,0.0034,15.15,4.5575,14.94,4710,1859.9,12.170,12.151
2939,train,4.0696,0.0574,15.94,3.6983,17.77,4862,1860.5,11.150,10.750
2940,train,3.4782,0.1557,8.18,3.0618,6.24,4045,1861.1,6.885,6.879
2941,train,3.0681,0.1330,6.09,2.8801,5.16,4848,1861.7,4.793,4.779
2942,train,3.5011,0.0897,8.39,3.2181,7.24,4748,1862.2,5.750,5.742
2943,train,3.2978,0.1365,12.13,2.8879,12.28,4124,1862.8,10.173,10.170
2944,train,3.8650,0.0842,14.17,3.3521,11.00,4547,1863.4,12.024,11.987
2945,train,2.9691,0.2209,5.25,2.5799,3.41,4716,1864.0,4.384,4.377
2946,train,2.7732,0.2728,4.79,2.2541,1.41,4480,1864.6,2.627,2.616
2947,train,4.1272,0.0201,9.13,3.9089,8.48,4282,1865.2,8.115,8.112
2948,train,3.5213,0.0534,8.41,3.2201,7.99,4403,1865.7,6.439,6.435
2949,train,3.2576,0.1066,7.66,2.8256,4.41,3761,1866.3,5.104,5.103
2950,train,3.2745,0.1004,6.78,2.8289,5.24,4700,1866.9,4.776,4.744
2951,train,3.0722,0.1176,6.43,2.5159,5.24,4847,1867.5,5.153,5.143
2952,train,2.9983,0.1995,6.46,2.3460,3.24,4671,1868.1,4.168,4.165
2953,train,3.0571,0.1363,5.99,2.8696,4.83,4526,1868.7,2.856,2.851
2954,train,3.8596,0.0625,8.74,3.6200,9.08,4445,1869.2,8.331,8.330
2955,train,2.8472,0.2287,6.23,2.4638,3.00,4771,1869.8,4.909,4.898
2956,train,2.8572,0.2139,5.45,2.3508,2.41,4375,1870.4,3.739,3.717
2957,train,3.8229,0.0846,12.88,3.5874,13.43,4906,1871.0,9.755,9.752
2958,train,3.2206,0.1068,7.85,2.6805,5.24,4830,1871.6,5.643,5.641
2959,train,3.2569,0.1190,7.65,2.7022,2.41,4242,1872.2,5.696,5.674
2960,train,2.5949,0.1499,5.21,2.0384,3.41,4316,1872.7,3.421,3.404
2961,train,3.3176,0.0996,7.03,2.6944,3.83,4326,1873.3,4.118,4.117
2962,train,3.2712,0.1692,6.67,3.3261,6.16,3687,1873.9,5.916,5.898
2963,train,4.1932,0.0146,14.36,3.9333,14.69,4244,1874.5,13.041,13.041
2964,train,3.3042,0.0740,8.58,2.7861,7.41,4339,1875.1,6.773,6.771
2965,train,3.4865,0.1465,7.32,3.0339,6.16,4231,1875.6,5.525,5.511
2966,train,3.7325,0.1273,11.57,3.1054,10.24,5137,1876.2,9.096,9.056
2967,train,5.2401,0.0010,17.42,4.7805,18.40,4996,1876.8,15.684,15.683
2968,train,3.5470,0.0310,8.40,2.9704,6.89,4644,1877.4,5.247,5.240
2969,train,4.1216,0.0375,9.37,3.6009,8.65,4208,1878.0,7.505,7.504
2970,train,3.8841,0.0757,8.57,3.4448,9.00,5327,1878.6,6.569,6.497
2971,train,2.8054,0.2611,5.60,2.2173,3.00,4321,1879.2,3.734,3.718
2972,train,3.1126,0.1348,6.44,2.5211,4.41,4205,1879.7,4.653,4.646
2973,train,2.8557,0.2476,4.90,2.2360,2.83,4209,1880.3,3.155,3.143
2974,train,4.6120,0.0567,13.35,4.1066,13.34,4833,1880.9,12.818,12.806
2975,train,4.4981,0.1606,16.65,3.9602,15.06,4397,1881.5,15.511,15.502
2976,train,3.8298,0.1338,8.39,3.8213,7.12,4424,1882.1,7.346,7.338
2977,train,3.2833,0.1821,7.01,2.9538,5.12,4173,1882.7,4.613,4.607
2978,train,3.4311,0.1029,7.02,2.9240,4.65,4868,1883.2,5.520,5.516
2979,train,4.8530,0.0301,14.82,4.5357,14.31,4485,1883.8,12.736,12.725
2980,train,3.1655,0.1197,8.57,2.8579,10.69,4627,1884.4,7.256,7.224
2981,train,3.9630,0.0881,10.71,3.4819,9.24,4925,1885.0,8.304,8.270
2982,train,2.7009,0.1520,5.50,2.1638,4.41,4303,1885.6,4.093,4.082
2983,train,3.5254,0.0872,8.09,3.3192,7.54,4795,1886.2,6.067,6.062
2984,train,3.5270,0.1224,7.47,3.0348,5.47,4912,1886.7,6.772,6.769
2985,train,3.5903,0.1246,10.72,3.3283,8.24,4109,1887.3,8.298,8.277
2986,train,4.0501,0.0169,10.75,3.7474,9.58,5323,1887.9,8.033,8.022
2987,train,3.4215,0.1350,8.49,3.1733,7.54,5171,1888.5,5.485,5.481
2988,train,2.9569,0.1468,7.68,2.4837,6.58,4843,1889.1,5.089,5.072
2989,train,4.1008,0.0213,11.51,3.7461,10.30,4780,1889.7,9.627,9.616
2990,train,3.6805,0.1107,8.56,3.2151,6.24,4047,1890.2,7.590,7.589
2991,train,3.0774,0.1290,9.15,2.6615,11.00,5463,1890.8,7.367,7.354
2992,train,3.1749,0.1417,6.80,2.6372,3.24,4651,1891.4,4.779,4.748
2993,train,3.9073,0.0263,11.30,3.7600,9.78,4298,1892.0,8.308,8.299
2994,train,3.7614,0.0617,10.37,3.4459,10.50,5349,1892.6,7.296,7.275
2995,train,4.0478,0.0940,11.82,3.7170,11.25,4630,1893.2,10.878,10.842
2996,train,3.1190,0.2062,6.34,2.5366,3.83,4438,1893.7,4.859,4.783
2997,train,2.8159,0.1519,5.67,2.4369,4.00,4175,1894.3,3.640,3.635
2998,train,3.6686,0.0896,8.95,3.2710,7.71,4745,1894.9,5.360,5.360
2999,train,3.9935,0.1069,14.79,3.4244,11.47,4490,1895.5,9.622,9.598
3000,train,2.9597,0.1092,6.40,2.4569,5.65,3865,1896.1,3.481,3.470
3000,val,3.6684,0.1003,9.40,3.2767,8.25,222066,1923.7,7.507,7.497
3001,train,4.1193,0.0449,16.12,3.7727,17.22,4939,1924.3,11.642,11.638
3002,train,4.3747,0.0223,10.18,4.0233,8.95,3993,1924.9,8.946,8.942
3003,train,3.0688,0.1020,6.03,2.6622,5.41,4932,1925.5,3.843,3.821
3004,train,2.7321,0.2051,4.76,2.1902,3.41,4529,1926.1,1.796,1.755
3005,train,2.4864,0.2742,4.67,2.3131,4.24,4337,1926.6,2.684,2.679
3006,train,3.0077,0.2496,5.55,2.5025,3.24,4715,1927.2,3.451,3.379
3007,train,4.3261,0.1631,11.02,4.0541,9.40,4408,1927.8,7.327,7.312
3008,train,3.7797,0.0400,11.59,3.4541,12.16,4004,1928.4,10.724,10.719
3009,train,3.2299,0.2156,8.77,2.7103,6.51,3877,1929.0,6.691,6.637
3010,train,3.7628,0.0488,10.14,3.3359,9.51,4794,1929.6,8.007,8.000
3011,train,3.4026,0.0844,10.87,2.7679,9.32,4264,1930.1,7.475,7.461
3012,train,2.5881,0.1369,4.97,2.0174,3.41,4208,1930.7,3.249,3.244
3013,train,3.3469,0.0657,7.60,3.0201,7.06,4567,1931.3,4.620,4.610
3014,train,3.1118,0.0957,6.81,2.6254,3.41,4587,1931.9,5.072,4.943
3015,train,2.7178,0.1977,4.99,2.3326,5.41,4203,1932.5,2.756,2.745
3016,train,2.8431,0.1631,4.95,2.5999,3.41,4476,1933.1,3.268,3.264
3017,train,2.9464,0.2018,5.49,2.2823,3.24,4499,1933.6,4.121,4.117
3018,train,3.9863,0.1668,13.70,3.5236,10.30,4591,1934.2,9.967,9.964
3019,train,3.7121,0.0539,8.35,3.3825,6.47,4435,1934.8,6.733,6.730
3020,train,2.9283,0.1897,6.32,2.5214,6.24,4149,1935.4,4.695,4.659
3021,train,2.7202,0.1761,5.23,2.1289,4.00,4457,1936.0,3.234,3.226
3022,train,2.9673,0.1817,6.56,2.3289,4.41,4799,1936.6,2.390,2.382
3023,train,2.8867,0.1142,6.18,2.3940,4.41,4441,1937.1,4.504,4.492
3024,train,2.8476,0.1909,9.36,2.4454,8.00,4143,1937.7,6.183,6.156
3025,train,3.0141,0.1905,10.26,2.5251,9.00,4730,1938.3,7.851,7.848
3026,train,3.9923,0.1032,13.00,3.8039,12.78,5077,1938.9,12.943,12.931
3027,train,2.9246,0.2566,5.36,2.1058,2.24,4747,1939.5,4.173,4.167
3028,train,3.5213,0.1370,6.51,3.4639,4.65,4685,1940.1,4.709,4.703
3029,train,3.4002,0.1055,7.72,2.8934,7.65,4292,1940.6,6.819,6.817
3030,train,2.3233,0.3538,4.31,2.1418,3.24,3997,1941.2,2.513,2.511
3031,train,2.9034,0.1415,5.49,2.4929,3.83,4312,1941.8,4.454,4.448
3032,train,3.1877,0.0552,6.62,2.8706,6.00,4133,1942.4,5.681,5.680
3033,train,3.5339,0.0561,9.22,3.3051,12.89,4815,1943.0,7.697,7.690
3034,train,2.3855,0.2087,4.47,1.7433,2.00,4916,1943.6,2.802,2.795
3035,train,3.7092,0.2061,9.22,3.4865,8.12,4720,1944.1,8.235,8.219
3036,train,3.1174,0.0684,7.04,2.4723,6.00,4546,1944.7,4.635,4.609
3037,train,3.5882,0.1335,6.90,3.0114,5.41,4802,1945.3,6.006,5.999
3038,train,3.2685,0.0742,7.13,2.8493,7.47,4258,1945.9,5.512,5.511
3039,train,2.8714,0.1216,5.31,2.3432,4.00,4250,1946.5,3.327,3.316
3040,train,3.7371,0.1607,7.78,3.0185,5.40,4896,1947.1,6.756,6.750
3041,train,4.2834,0.0125,9.93,3.7850,7.24,4228,1947.6,8.519,8.514
3042,train,3.0843,0.1005,5.87,2.6126,6.06,4817,1948.2,3.670,3.650
3043,train,3.3114,0.0763,6.97,3.0197,6.65,4927,1948.8,5.476,5.475
3044,train,4.1931,0.1214,13.41,3.5019,12.30,4705,1949.4,10.830,10.824
3045,train,4.1818,0.0755,12.66,3.9289,13.45,3578,1950.0,12.479,12.473
3046,train,4.3094,0.0371,10.53,3.8941,9.70,5223,1950.6,7.965,7.960
3047,train,3.2405,0.1783,6.38,2.6963,4.24,4106,1951.1,5.133,5.125
3048,train,4.1381,0.0663,11.50,3.7209,11.64,5082,1951.7,8.765,8.756
3049,train,3.4144,0.0831,12.54,2.6368,11.00,4958,1952.3,10.598,10.594
3050,train,4.2704,0.1412,12.96,3.4957,13.61,4830,1952.9,9.769,9.749
3051,train,4.1185,0.1975,7.28,3.7801,5.02,4354,1953.5,4.954,4.942
3052,train,2.9219,0.1933,6.31,2.5562,7.02,4205,1954.1,5.083,5.071
3053,train,2.8704,0.2843,5.27,2.2127,3.00,4404,1954.6,3.564,3.562
3054,train,3.4916,0.0795,8.09,2.9339,7.02,4338,1955.2,6.654,6.646
3055,train,3.3886,0.1131,6.79,2.9303,4.65,4587,1955.8,6.128,6.124
3056,train,4.6086,0.0175,11.18,4.3806,11.40,4352,1956.4,10.481,10.478
3057,train,3.4016,0.0966,10.82,2.8816,9.10,4450,1957.0,9.106,9.105
3058,train,3.1419,0.1764,6.51,2.7722,6.12,4897,1957.6,5.152,5.103
3059,train,3.6857,0.1149,8.87,3.2228,5.83,4534,1958.1,9.099,9.096
3060,train,3.4215,0.1299,8.65,3.0554,8.51,4512,1958.7,6.643,6.620
3061,train,2.9722,0.1840,8.19,2.5112,7.00,3718,1959.3,6.421,6.407
3062,train,3.4660,0.0819,9.11,3.1386,5.47,5164,1959.9,6.084,6.037
3063,train,3.0069,0.1249,5.64,2.9817,5.65,4292,1960.5,3.961,3.960
3064,train,3.4933,0.1769,10.53,3.0234,11.44,4823,1961.1,9.443,9.441
3065,train,2.9329,0.1205,9.61,2.4225,11.00,3982,1961.6,7.497,7.477
3066,train,3.4128,0.1115,12.39,2.9712,11.30,5550,1962.2,8.979,8.975
3067,train,4.0525,0.0249,10.83,3.2195,9.47,4615,1962.8,8.871,8.867
3068,train,3.0667,0.1315,5.94,2.7651,7.12,4151,1963.4,4.012,4.006
3069,train,4.5555,0.0463,12.65,4.0975,11.24,4924,1964.0,10.603,10.595
3070,train,2.8522,0.1557,6.11,2.2495,4.83,4290,1964.6,4.426,4.423
3071,train,2.5880,0.3037,5.97,2.1610,2.00,5002,1965.1,4.442,4.415
3072,train,3.8133,0.0654,9.04,3.1287,7.24,4738,1965.7,7.164,7.137
3073,train,4.0315,0.0719,11.70,3.6915,12.71,4451,1966.3,7.536,7.426
3074,train,3.6300,0.1168,12.68,3.3197,13.58,4409,1966.9,11.495,11.493
3075,train,3.3062,0.1671,6.54,2.5675,3.41,4985,1967.5,4.054,4.046
3076,train,3.1079,0.1829,10.78,2.7401,9.00,3859,1968.1,9.037,9.023
3077,train,2.8931,0.0968,5.91,2.3148,5.65,3894,1968.6,4.735,4.725
3078,train,3.3179,0.1081,7.70,3.0772,7.40,4072,1969.2,5.896,5.881
3079,train,3.8597,0.0204,13.08,3.2492,10.56,4746,1969.8,10.857,10.854
3080,train,3.4865,0.0789,6.58,3.1346,5.83,4501,1970.4,5.389,5.386
3081,train,2.9596,0.1034,5.39,2.3573,4.00,3850,1971.0,3.477,3.476
3082,train,2.6183,0.2570,4.41,2.1949,2.41,4369,1971.6,1.995,1.987
3083,train,3.6565,0.1703,9.00,3.3329,7.10,5051,1972.2,8.285,8.277
3084,train,3.9729,0.1017,11.39,3.6511,10.07,4239,1972.7,10.202,10.197
3085,train,3.9389,0.1052,8.15,3.7895,7.02,4286,1973.3,4.837,4.805
3086,train,3.4118,0.1582,7.80,2.9807,5.40,4015,1973.9,6.379,6.370
3087,train,3.4681,0.1262,5.99,3.1173,4.24,4294,1974.5,4.760,4.757
3088,train,4.4706,0.0047,12.04,4.1828,10.65,4067,1975.1,8.424,8.383
3089,train,3.5332,0.1387,7.61,3.0957,5.41,4248,1975.7,5.038,4.996
3090,train,3.0029,0.0797,6.65,2.5721,6.00,4745,1976.2,4.885,4.872
3091,train,2.7649,0.2258,5.98,2.1475,2.00,3844,1976.8,5.386,5.362
3092,train,3.8709,0.0471,7.95,3.4688,6.41,4200,1977.4,6.594,6.587
3093,train,3.2895,0.1045,10.03,2.8593,7.83,3866,1978.0,7.541,7.510
3094,train,3.6653,0.1545,12.42,3.1703,10.49,4569,1978.6,8.690,8.682
3095,train,2.1689,0.2874,3.82,1.7522,2.41,4074,1979.1,1.901,1.889
3096,train,4.2029,0.0146,12.49,3.5646,11.72,4441,1979.7,11.146,11.132
3097,train,3.2910,0.1993,8.33,2.8790,7.00,4747,1980.3,7.901,7.900
3098,train,3.1858,0.2397,7.55,2.8634,6.39,4705,1980.9,5.779,5.680
3099,train,3.1503,0.1059,5.58,2.7248,5.41,4399,1981.5,3.976,3.972
3100,train,3.9825,0.0332,9.09,3.3616,6.65,4187,1982.1,7.093,7.046
3101,train,3.6431,0.1631,11.53,3.2311,13.37,5176,1982.7,9.281,9.275
3102,train,3.4137,0.1569,6.20,2.9341,5.16,4773,1983.2,3.896,3.886
3103,train,2.8952,0.1501,5.98,2.5496,4.83,4657,1983.8,3.774,3.770
3104,train,4.0550,0.0149,11.85,3.6478,11.66,3953,1984.4,11.154,11.149
3105,train,3.6347,0.1586,10.54,3.0597,10.00,4150,1985.0,8.945,8.937
3106,train,3.4797,0.0579,7.68,3.4358,8.47,3991,1985.6,5.923,5.916
3107,train,4.4110,0.0567,10.43,3.8870,8.93,4198,1986.2,9.087,9.086
3108,train,3.7522,0.1705,6.83,3.3400,5.89,4071,1986.7,5.626,5.613
3109,train,3.4394,0.0569,10.43,3.0765,8.83,4321,1987.3,8.794,8.792
3110,train,3.4688,0.1299,7.50,3.1973,6.58,4333,1987.9,5.618,5.604
3111,train,3.4374,0.1337,8.26,3.1399,5.89,4173,1988.5,5.542,5.530
3112,train,3.7567,0.1175,9.82,3.3119,9.71,4809,1989.1,6.934,6.932
3113,train,3.5442,0.0455,7.52,3.0692,6.24,4994,1989.7,6.985,6.982
3114,train,3.6731,0.0699,8.66,3.5320,9.26,5440,1990.2,3.388,3.375
3115,train,3.5685,0.1061,9.48,3.0616,9.25,4513,1990.8,6.729,6.708
3116,train,3.8344,0.0539,10.23,3.7042,10.52,5491,1991.4,8.557,8.554
3117,train,3.5213,0.0994,7.40,3.3323,6.06,3784,1992.0,5.713,5.703
3118,train,3.4433,0.1127,10.48,3.0481,9.00,4577,1992.6,7.741,7.736
3119,train,3.4181,0.1809,12.28,2.8206,11.41,4930,1993.2,7.428,7.412
3120,train,2.7858,0.2255,4.90,2.4457,4.00,3974,1993.7,4.217,4.212
3121,train,3.3272,0.1607,9.16,3.0064,6.41,4904,1994.3,7.588,7.587
3122,train,2.8897,0.2190,6.06,2.5983,5.16,4539,1994.9,4.026,4.021
3123,train,3.5388,0.1625,7.60,3.4131,5.58,4136,1995.5,6.525,6.509
3124,train,4.2130,0.0069,11.15,3.9335,11.00,5370,1996.1,7.543,7.541
3125,train,4.2415,0.0392,10.96,3.9624,11.91,4924,1996.7,9.744,9.740
3126,train,3.1049,0.1256,7.50,2.7829,6.83,4938,1997.2,5.894,5.889
3127,train,2.6021,0.2715,4.19,2.0813,2.00,4638,1997.8,2.506,2.505
3128,train,2.5694,0.3254,4.30,1.9577,1.00,4327,1998.4,2.567,2.555
3129,train,2.8112,0.2158,5.65,2.1146,4.00,4356,1999.0,4.052,4.039
3130,train,3.2995,0.0771,6.68,2.8644,5.65,3877,1999.6,4.406,4.399
3131,train,3.9796,0.0814,9.08,3.6292,6.24,4289,2000.2,6.962,6.957
3132,train,3.3291,0.2272,7.36,2.5858,4.16,4278,2000.7,6.003,6.003
3133,train,3.8794,0.1403,10.28,3.3190,7.36,4533,2001.3,6.214,6.208
3134,train,3.1112,0.0972,8.23,2.8906,6.83,4938,2001.9,6.331,6.327
3135,train,3.8449,0.0719,10.84,3.1638,8.00,4230,2002.5,9.991,9.989
3136,train,3.2583,0.0838,7.26,2.8931,7.16,4331,2003.1,5.515,5.513
3137,train,2.9590,0.2210,5.70,2.5776,3.41,4602,2003.7,4.002,3.964
3138,train,3.9377,0.0392,12.09,3.5531,11.24,4771,2004.2,9.537,9.531
3139,train,3.6706,0.1384,9.70,3.0002,7.16,4972,2004.8,7.731,7.719
3140,train,3.1783,0.0984,6.02,3.1080,4.41,4778,2005.4,4.097,4.084
3141,train,3.6204,0.1068,11.56,3.3911,11.24,4185,2006.0,9.536,9.526
3142,train,3.1750,0.1690,8.18,2.8899,5.24,4538,2006.6,6.902,6.894
3143,train,3.7217,0.0594,10.96,3.3772,14.04,5183,2007.2,7.646,7.637
3144,train,3.0749,0.1848,5.65,2.5503,4.24,3934,2007.7,3.961,3.959
3145,train,3.0825,0.1082,8.67,2.8597,8.51,4693,2008.3,5.448,5.432
3146,train,4.0189,0.0366,7.99,3.7418,6.48,4513,2008.9,6.377,6.358
3147,train,3.8384,0.0334,9.50,3.5720,8.89,5414,2009.5,8.418,8.417
3148,train,2.8594,0.1894,5.57,2.3577,4.41,4309,2010.1,4.024,4.021
3149,train,3.1048,0.2005,7.36,2.4816,4.00,4290,2010.7,5.704,5.698
3150,train,3.0319,0.1591,9.69,2.2810,11.06,4212,2011.2,7.689,7.684
3151,train,2.6926,0.2066,5.10,2.0837,3.00,4212,2011.8,3.094,3.091
3152,train,3.6785,0.1220,8.53,3.3250,5.58,3944,2012.4,6.935,6.896
3153,train,3.1508,0.1690,6.59,2.7310,5.41,4958,2013.0,4.344,4.284
3154,train,3.3785,0.1961,7.98,2.9121,6.12,5243,2013.6,5.292,5.288
3155,train,4.1486,0.1300,11.95,3.5803,9.89,4253,2014.2,10.129,10.106
3156,train,3.3279,0.1315,7.97,3.2529,6.89,4440,2014.7,5.411,5.403
3157,train,3.1570,0.2334,7.73,2.7577,2.41,4838,2015.3,6.874,6.866
3158,train,3.6914,0.1503,8.40,3.2178,5.06,4119,2015.9,5.987,5.985
3159,train,3.6447,0.0858,7.39,3.1955,5.47,4454,2016.5,4.932,4.914
3160,train,4.3290,0.0386,16.99,4.3516,18.06,4486,2017.1,17.331,17.324
3161,train,3.3368,0.1036,9.72,3.0626,8.00,4362,2017.6,8.396,8.392
3162,train,2.7496,0.0973,5.22,2.3494,4.41,4428,2018.2,3.047,2.988
3163,train,2.8540,0.1590,5.54,2.3944,4.65,4629,2018.8,3.509,3.503
3164,train,3.4307,0.1493,13.59,2.9002,13.00,4710,2019.4,11.742,11.719
3165,train,3.1062,0.1201,8.55,2.7165,9.24,4346,2020.0,6.618,6.601
3166,train,2.9264,0.1342,6.36,2.5740,5.58,4492,2020.6,4.830,4.806
3167,train,3.7151,0.0485,14.66,3.2575,11.06,4249,2021.1,12.758,12.664
3168,train,3.2420,0.1902,6.58,2.4491,4.00,4179,2021.7,3.790,3.756
3169,train,3.7633,0.0204,12.01,3.3925,11.00,3972,2022.3,10.059,10.057
3170,train,4.2872,0.0211,10.10,4.1598,10.54,3881,2022.9,8.818,8.813
3171,train,2.9399,0.0782,5.89,2.8468,6.24,4438,2023.5,4.006,4.001
3172,train,3.3972,0.1952,6.21,2.8093,3.65,4827,2024.1,3.829,3.820
3173,train,2.8756,0.1897,4.86,2.5094,2.83,4834,2024.6,2.875,2.858
3174,train,3.1938,0.1270,6.73,2.8848,5.58,3835,2025.2,5.372,5.369
3175,train,2.8340,0.1077,5.18,2.3772,4.00,4049,2025.8,3.606,3.600
3176,train,2.7725,0.1724,5.20,2.2115,4.41,4043,2026.4,3.328,3.319
3177,train,3.3410,0.0568,6.66,3.0768,6.41,4821,2027.0,4.992,4.985
3178,train,4.0711,0.0097,9.55,3.9613,8.65,4351,2027.6,7.392,7.379
3179,train,3.2427,0.1316,8.02,2.8567,5.00,4710,2028.1,6.038,6.024
3180,train,3.3487,0.0747,10.10,2.8967,9.08,4285,2028.7,7.154,7.105
3181,train,4.2004,0.0382,9.75,4.1410,9.43,3984,2029.3,7.176,7.157
3182,train,3.9394,0.0413,7.63,3.8278,7.48,4188,2029.9,5.815,5.811
3183,train,3.5875,0.1016,7.65,3.1726,5.00,4516,2030.5,5.813,5.805
3184,train,3.2707,0.1285,6.30,2.8814,4.00,4359,2031.1,5.097,5.090
3185,train,4.4152,0.0178,14.41,3.8624,11.89,4202,2031.6,11.840,11.838
3186,train,3.4020,0.2213,6.65,3.1618,6.16,4658,2032.2,4.991,4.977
3187,train,3.0487,0.2144,8.01,2.8100,7.00,4557,2032.8,6.970,6.952
3188,train,3.6647,0.0635,9.70,3.3401,8.00,4250,2033.4,7.596,7.494
3189,train,3.2608,0.1440,5.82,2.9277,5.24,5033,2034.0,4.291,4.280
3190,train,3.4722,0.1721,7.87,2.9974,5.00,4746,2034.6,6.760,6.751
3191,train,3.6931,0.1183,8.47,3.1027,7.51,3829,2035.1,6.753,6.726
3192,train,4.4285,0.0286,13.41,4.0331,13.31,4085,2035.7,11.360,11.354
3193,train,2.1898,0.3515,3.61,1.8375,2.41,3974,2036.3,1.556,1.536
3194,train,3.8180,0.0110,9.41,3.5510,9.02,4709,2036.9,6.380,6.379
3195,train,3.0790,0.1574,6.77,2.3033,4.24,4658,2037.5,3.412,3.412
3196,train,3.1776,0.1041,6.39,2.7630,5.41,4939,2038.0,4.296,4.285
3197,train,3.4890,0.1333,10.91,3.0897,9.07,3938,2038.6,8.058,8.056
3198,train,3.2003,0.0998,7.23,2.9472,4.41,4881,2039.2,3.768,3.754
3199,train,3.1675,0.1666,5.54,2.7236,5.06,4561,2039.8,4.343,4.342
3200,train,2.8689,0.2517,5.90,2.4979,4.00,4104,2040.4,3.652,3.617
3201,train,3.6818,0.1782,6.94,3.4862,5.00,4574,2041.0,5.011,4.989
3202,train,3.0688,0.1530,6.13,2.4035,4.41,4274,2041.5,3.674,3.670
3203,train,2.4384,0.2663,4.22,1.9914,4.24,4589,2042.1,2.757,2.745
3204,train,2.5662,0.1898,4.78,1.8983,3.00,4304,2042.7,2.991,2.986
3205,train,3.6700,0.0884,8.85,3.1757,5.99,5586,2043.3,6.201,6.192
3206,train,2.8459,0.2060,5.15,2.3644,2.00,4612,2043.9,3.188,3.176
3207,train,2.8909,0.2046,7.63,2.4393,6.47,4668,2044.5,6.706,6.699
3208,train,3.1240,0.1170,6.78,2.8306,5.83,4770,2045.0,3.736,3.724
3209,train,3.4802,0.1438,7.66,3.0834,6.41,4987,2045.6,6.748,6.747
3210,train,3.1436,0.1400,7.29,2.5416,5.83,4600,2046.2,5.545,5.538
3211,train,4.7057,0.0068,13.58,4.4472,13.71,4580,2046.8,12.497,12.496
3212,train,2.8496,0.2760,8.10,2.2034,7.00,4920,2047.4,4.750,4.726
3213,train,4.5746,0.0034,17.71,4.3137,16.59,3826,2048.0,15.897,15.891
3214,train,3.1532,0.1351,10.07,2.6902,9.54,4012,2048.5,7.946,7.943
3215,train,4.8897,0.0427,14.21,4.5543,13.15,4897,2049.1,12.943,12.941
3216,train,3.5559,0.1490,9.65,3.2487,9.61,4033,2049.7,6.901,6.896
3217,train,3.1735,0.1362,8.16,2.5038,6.12,4426,2050.3,5.700,5.698
3218,train,4.3075,0.0607,13.90,3.7553,11.05,4612,2050.9,11.607,11.604
3219,train,2.6877,0.2175,4.67,2.0268,1.00,4468,2051.5,3.219,3.211
3220,train,4.3726,0.0221,9.22,4.5607,9.24,4474,2052.0,8.762,8.759
3221,train,3.4889,0.0467,9.36,3.1293,6.41,4494,2052.6,7.812,7.811
3222,train,2.6653,0.1739,5.21,2.2037,3.83,3813,2053.2,3.624,3.610
3223,train,3.3985,0.1322,7.56,2.9685,5.41,5061,2053.8,5.931,5.921
3224,train,3.8814,0.1609,7.35,3.4288,6.00,4213,2054.4,6.210,6.203
3225,train,2.5622,0.2900,4.22,1.9690,3.00,4141,2055.0,3.125,3.109
3226,train,4.2213,0.2343,9.45,3.8574,6.10,4938,2055.5,8.068,8.059
3227,train,3.1879,0.1801,6.57,2.6704,4.24,5185,2056.1,5.029,5.007
3228,train,3.5275,0.0540,10.37,3.0396,9.07,4814,2056.7,7.865,7.864
3229,train,3.3047,0.1314,7.29,2.9965,6.58,4651,2057.3,5.060,5.059
3230,train,3.1882,0.1117,6.42,2.8541,6.16,4845,2057.9,5.675,5.651
3231,train,2.9115,0.1190,5.60,2.7092,4.83,4563,2058.5,4.151,4.151
3232,train,3.3629,0.0716,7.06,2.8820,8.41,4817,2059.0,5.746,5.745
3233,train,4.0746,0.0190,11.64,3.6260,11.07,4844,2059.6,8.158,8.144
3234,train,3.6752,0.0544,16.10,3.1758,14.64,4342,2060.2,11.812,11.808
3235,train,3.3029,0.1133,6.29,2.9551,5.83,4147,2060.8,4.412,4.410
3236,train,3.3437,0.1408,9.80,2.8941,11.07,4446,2061.4,6.401,6.378
3237,train,3.6588,0.0593,9.17,3.4738,7.83,4281,2062.0,7.291,7.289
3238,train,3.7556,0.1198,10.51,3.5405,9.83,4808,2062.5,6.752,6.686
3239,train,3.9941,0.0549,12.37,3.5616,11.41,4266,2063.1,8.717,8.715
3240,train,2.5791,0.2041,4.52,2.2285,4.41,4121,2063.7,2.592,2.580
3241,train,3.0079,0.1446,7.95,2.3300,10.62,3963,2064.3,6.419,6.409
3242,train,3.5860,0.0511,7.86,3.3415,7.02,4074,2064.9,6.500,6.480
3243,train,3.2439,0.1657,6.93,2.8932,3.24,4960,2065.5,4.534,4.508
3244,train,3.4492,0.0607,8.32,3.2942,8.24,3940,2066.0,7.491,7.487
3245,train,2.7036,0.2133,4.85,2.1154,4.41,4862,2066.6,2.298,2.292
3246,train,2.9517,0.1433,6.53,2.6867,3.83,3741,2067.2,5.987,5.984
3247,train,3.1474,0.1387,6.44,2.6783,5.16,4260,2067.8,6.054,6.051
3248,train,3.4495,0.1252,12.91,2.9961,14.06,4567,2068.4,11.630,11.610
3249,train,3.0577,0.0755,10.31,2.4282,11.48,4729,2068.9,7.993,7.986
3250,train,3.3371,0.1014,6.51,2.8315,4.65,4485,2069.5,4.927,4.913
3251,train,3.7950,0.0163,9.35,3.3150,7.24,4369,2070.1,7.260,7.248
3252,train,4.0569,0.0240,14.07,3.6267,14.49,4255,2070.7,12.761,12.757
3253,train,3.2844,0.1152,6.94,2.9606,6.58,4124,2071.3,5.772,5.770
3254,train,3.0501,0.0811,6.18,2.3904,4.41,4339,2071.9,4.946,4.945
3255,train,3.9514,0.1434,10.80,3.5442,10.49,4917,2072.4,8.533,8.525
3256,train,3.7912,0.1437,13.60,2.9251,10.00,4224,2073.0,10.306,10.276
3257,train,3.7035,0.0768,11.19,3.2620,9.25,4558,2073.6,9.533,9.526
3258,train,3.4358,0.0911,6.97,2.8805,6.41,4074,2074.2,5.538,5.530
3259,train,3.0512,0.1650,5.83,2.3069,4.41,4291,2074.8,4.299,4.297
3260,train,5.2895,0.0298,12.09,5.0199,10.99,4627,2075.4,10.531,10.526
3261,train,3.5346,0.2051,9.21,3.0983,7.40,4681,2075.9,8.676,8.671
3262,train,4.3103,0.1715,10.34,3.9161,7.39,3988,2076.5,9.538,9.534
3263,train,3.7679,0.0410,11.31,3.5293,10.10,5384,2077.1,9.641,9.641
3264,train,3.2454,0.1261,7.05,2.6345,5.24,4996,2077.7,2.925,2.907
3265,train,3.2178,0.1179,7.19,2.5550,5.41,4819,2078.3,4.559,4.554
3266,train,3.5284,0.1285,12.99,3.0242,11.06,4530,2078.9,10.265,10.257
3267,train,4.0748,0.0153,9.89,3.7088,7.41,4309,2079.4,8.526,8.514
3268,train,3.2265,0.1050,6.96,2.9431,7.84,4078,2080.0,3.223,3.222
3269,train,2.8781,0.1382,5.38,2.1066,2.00,5021,2080.6,2.813,2.784
3270,train,2.8648,0.1839,5.02,2.4092,4.41,4932,2081.2,2.977,2.947
3271,train,3.2230,0.1810,10.87,2.8581,10.94,4680,2081.8,7.770,7.766
3272,train,3.1330,0.1051,8.44,2.7198,9.00,4616,2082.4,6.280,6.270
3273,train,5.0133,0.0053,19.29,4.8442,18.91,4363,2082.9,18.530,18.524
3274,train,2.7040,0.1221,5.09,2.1248,4.41,4743,2083.5,4.055,4.054
3275,train,2.7647,0.1626,5.66,2.3604,3.00,3672,2084.1,4.126,4.089
3276,train,2.7334,0.1616,4.78,2.2770,3.41,4053,2084.7,2.787,2.769
3277,train,4.3854,0.0235,13.07,4.1374,7.24,4681,2085.3,7.894,7.798
3278,train,2.9935,0.1919,7.04,2.6456,5.41,5112,2085.9,5.431,5.415
3279,train,3.5670,0.0341,8.41,3.0752,4.41,5459,2086.4,5.515,5.505
3280,train,2.8138,0.1408,5.82,2.2346,4.41,4709,2087.0,2.982,2.974
3281,train,3.5425,0.1264,8.32,3.2359,7.61,5275,2087.6,4.675,4.634
3282,train,3.1884,0.1583,9.15,2.7521,7.10,4353,2088.2,5.850,5.825
3283,train,3.9011,0.0423,8.62,3.6794,9.34,4236,2088.8,7.581,7.576
3284,train,2.8548,0.1634,5.29,2.3706,4.83,4907,2089.4,3.735,3.733
3285,train,3.8867,0.0543,8.62,3.7577,8.83,4932,2090.0,7.748,7.738
3286,train,4.0186,0.0922,15.03,3.6196,14.84,5139,2090.5,11.702,11.691
3287,train,3.8839,0.0747,8.21,3.3335,7.16,4742,2091.1,6.831,6.829
3288,train,3.9914,0.0087,15.11,3.7352,12.29,4250,2091.7,11.936,11.912
3289,train,3.1592,0.1623,7.99,2.7845,7.24,5121,2092.3,6.325,6.273
3290,train,3.4580,0.1562,8.38,3.1318,7.65,3983,2092.9,6.291,6.283
3291,train,4.3893,0.0154,10.60,4.0285,10.40,4866,2093.5,9.898,9.891
3292,train,3.8221,0.0180,9.36,3.5025,8.74,4451,2094.0,6.604,6.599
3293,train,4.0141,0.0791,9.84,3.5879,9.70,4174,2094.6,8.734,8.726
3294,train,3.1741,0.1289,6.77,2.8701,6.41,4811,2095.2,5.575,5.572
3295,train,2.4655,0.3179,4.66,2.0171,2.00,4624,2095.8,1.786,1.768
3296,train,2.5195,0.2323,4.27,2.1939,4.41,3948,2096.4,1.997,1.988
3297,train,4.1431,0.0111,12.03,3.8348,12.30,4794,2097.0,10.911,10.898
3298,train,4.2890,0.1047,14.89,3.7331,14.57,4768,2097.5,13.079,13.075
3299,train,2.7846,0.1991,5.33,2.3707,5.47,4419,2098.1,2.909,2.901
3300,train,3.6485,0.1124,11.20,3.1982,12.34,5141,2098.7,9.240,9.222
3301,train,3.1180,0.1425,6.20,2.7243,4.24,4570,2099.3,4.770,4.767
3302,train,3.4361,0.0804,8.94,2.9554,7.54,4875,2099.9,6.807,6.799
3303,train,3.5259,0.1493,8.53,2.9511,3.24,5225,2100.5,6.638,6.632
3304,train,2.7507,0.1549,5.04,2.6519,4.41,4107,2101.0,2.910,2.905
3305,train,4.0595,0.1415,10.51,3.4836,9.73,3860,2101.6,9.286,9.280
3306,train,3.0850,0.2447,5.94,2.5253,2.41,3907,2102.2,4.046,4.029
3307,train,4.0706,0.0999,9.75,3.4494,7.41,5205,2102.8,7.329,7.323
3308,train,3.2709,0.1423,6.27,2.8724,4.65,4441,2103.4,4.075,4.057
3309,train,3.5482,0.0941,7.64,3.0014,6.00,4323,2104.0,6.733,6.733
3310,train,4.1839,0.0685,11.44,3.8507,11.51,4759,2104.5,10.541,10.541
3311,train,3.2284,0.1251,8.77,2.8669,8.00,4403,2105.1,6.484,6.480
3312,train,3.0435,0.1369,6.29,2.6680,3.00,4572,2105.7,3.468,3.445
3313,train,3.3722,0.0780,7.74,3.1316,7.81,4477,2106.3,6.338,6.335
3314,train,4.0951,0.1064,11.17,3.6594,9.12,3937,2106.9,9.063,9.055
3315,train,3.5782,0.1095,10.85,3.2236,9.00,4029,2107.5,9.387,9.374
3316,train,2.6403,0.2570,5.29,2.2071,5.24,3619,2108.0,3.004,2.969
3317,train,4.1916,0.0546,11.20,3.8361,10.47,5169,2108.6,9.444,9.423
3318,train,3.4759,0.1613,7.54,3.2167,5.99,3950,2109.2,5.592,5.576
3319,train,3.3400,0.0958,7.66,3.1089,8.47,4375,2109.8,5.671,5.650
3320,train,3.7284,0.0556,10.65,3.3518,11.12,4085,2110.4,9.841,9.835
3321,train,2.7686,0.1585,5.54,2.4767,4.24,4544,2110.9,2.962,2.950
3322,train,2.4768,0.2717,4.00,2.1002,3.83,4280,2111.5,2.561,2.558
3323,train,3.3028,0.1565,8.00,2.7067,4.65,4441,2112.1,5.456,5.451
3324,train,4.4308,0.0058,14.17,4.1311,13.03,5358,2112.7,9.720,9.717
3325,train,3.0583,0.1737,8.95,2.3462,8.41,4628,2113.3,6.673,6.671
3326,train,2.4692,0.2944,4.46,1.9770,2.41,4763,2113.9,2.967,2.957
3327,train,2.9945,0.1444,5.85,2.8887,5.83,4073,2114.5,5.162,5.160
3328,train,3.1195,0.0814,6.40,2.5771,4.65,4154,2115.0,4.087,4.082
3329,train,3.4014,0.1070,11.47,3.1233,11.07,5395,2115.6,10.206,10.174
3330,train,3.3285,0.2472,9.66,2.7855,6.10,4442,2116.2,6.718,6.714
3331,train,4.3230,0.0128,10.59,4.1184,7.58,4611,2116.8,9.020,9.012
3332,train,4.5407,0.0544,16.00,4.3281,15.93,3697,2117.4,15.346,15.342
3333,train,3.3148,0.1351,9.66,2.8542,9.30,4760,2118.0,5.841,5.822
3334,train,3.7039,0.0422,10.75,3.3291,10.66,4173,2118.5,8.550,8.542
3335,train,2.7818,0.1678,5.26,2.4040,3.65,3957,2119.1,3.408,3.403
3336,train,3.0941,0.1339,9.09,2.6076,10.61,4669,2119.7,7.061,7.051
3337,train,3.0297,0.1608,6.52,2.5522,5.41,4391,2120.3,5.351,5.339
3338,train,2.5776,0.2850,4.69,2.0856,3.00,4340,2120.9,2.663,2.649
3339,train,4.2656,0.1285,9.45,3.5851,8.00,3805,2121.4,8.280,8.278
3340,train,4.1566,0.0945,11.48,3.6858,10.49,4242,2122.0,9.578,9.568
3341,train,4.8298,0.0020,17.38,4.7526,16.82,4585,2122.6,14.312,14.233
3342,train,2.7493,0.1420,5.32,2.3477,5.00,4008,2123.2,3.961,3.956
3343,train,3.5876,0.0737,8.89,3.2588,7.24,3856,2123.8,7.138,7.134
3344,train,3.1157,0.2847,5.68,2.6637,4.24,4205,2124.4,4.421,4.416
3345,train,4.0466,0.0551,10.68,3.9637,10.83,4358,2124.9,8.928,8.925
3346,train,3.2172,0.0836,7.34,2.5891,6.41,4117,2125.5,6.616,6.613
3347,train,3.5300,0.0691,12.03,3.3062,8.77,4779,2126.1,11.257,11.240
3348,train,3.7387,0.1213,13.07,3.3429,7.80,4376,2126.7,9.836,9.802
3349,train,3.5981,0.0432,8.41,3.3542,8.12,4425,2127.3,6.096,6.088
3350,train,3.0869,0.1599,7.06,2.4769,6.54,4303,2127.9,5.620,5.616
3351,train,2.5363,0.2830,4.35,2.0166,2.41,3855,2128.4,3.526,3.524
3352,train,3.4580,0.1567,10.19,3.1542,8.41,4480,2129.0,10.660,10.654
3353,train,3.1565,0.1383,7.68,2.6852,7.00,4043,2129.6,6.413,6.412
3354,train,2.9666,0.1193,5.59,2.6122,3.83,4493,2130.2,2.752,2.741
3355,train,2.9546,0.1779,5.33,2.8051,4.65,3986,2130.8,3.715,3.710
3356,train,3.2728,0.1770,9.74,2.9538,9.45,4994,2131.4,6.951,6.950
3357,train,3.2353,0.0690,8.29,3.0963,7.99,4871,2131.9,6.670,6.667
3358,train,4.1106,0.1012,12.37,3.9515,14.85,3853,2132.5,11.368,11.352
3359,train,3.6758,0.0655,7.66,3.4253,5.24,5814,2133.1,6.394,6.391
3360,train,2.5259,0.2450,4.18,1.9864,3.00,4367,2133.7,2.666,2.660
3361,train,2.9798,0.1277,5.67,2.5923,5.65,4926,2134.3,3.902,3.901
3362,train,3.3348,0.1333,5.95,3.0095,4.24,4628,2134.9,3.191,3.183
3363,train,3.5912,0.1266,7.71,3.6295,8.16,4217,2135.4,5.472,5.466
3364,train,3.4474,0.0820,8.28,3.1629,6.06,4026,2136.0,6.844,6.839
3365,train,3.7289,0.1669,10.85,3.3429,12.37,4265,2136.6,9.224,9.212
3366,train,3.2873,0.0987,10.15,2.7580,6.00,5038,2137.2,8.014,8.009
3367,train,3.4114,0.1296,7.93,3.2744,5.24,5138,2137.8,6.840,6.802
3368,train,2.6217,0.2030,4.82,2.1567,3.00,4955,2138.4,2.466,2.447
3369,train,4.4191,0.1234,9.60,3.7844,6.47,5316,2138.9,6.670,6.662
3370,train,3.0061,0.1002,12.16,2.7275,11.41,4262,2139.5,10.722,10.656
3371,train,3.4688,0.0466,8.81,2.8721,6.24,4358,2140.1,6.321,6.252
3372,train,3.9758,0.0255,9.20,3.5926,9.23,3998,2140.7,8.199,8.192
3373,train,3.9831,0.0970,14.21,3.4405,11.48,4889,2141.3,11.078,11.077
3374,train,4.7426,0.0504,15.89,4.4196,13.61,5154,2141.9,11.905,11.901
3375,train,3.4193,0.1297,11.80,3.0874,9.50,4526,2142.4,12.721,12.715
3376,train,3.2742,0.0512,7.75,3.0055,7.84,3985,2143.0,4.572,4.567
3377,train,2.7413,0.2264,5.30,2.1624,2.00,4871,2143.6,3.978,3.973
3378,train,4.1163,0.0348,10.69,3.9427,9.40,5032,2144.2,10.060,10.058
3379,train,3.8185,0.0942,8.80,3.3670,7.63,4407,2144.8,6.161,6.159
3380,train,3.1598,0.1742,5.40,3.0334,4.24,4151,2145.4,4.721,4.718
3381,train,2.7206,0.2359,7.78,2.1243,6.00,4234,2145.9,4.531,4.526
3382,train,4.4356,0.1102,14.47,4.2076,14.85,4909,2146.5,12.731,12.729
3383,train,4.2123,0.0370,10.79,3.7719,10.00,4051,2147.1,8.905,8.902
3384,train,2.9350,0.1533,5.33,2.6171,4.41,4352,2147.7,4.094,4.076
3385,train,2.6496,0.2119,4.74,2.2210,3.41,5110,2148.3,2.692,2.678
3386,train,2.9926,0.1985,4.80,2.5502,3.00,4266,2148.9,3.185,3.165
3387,train,3.8001,0.1234,11.74,3.2590,11.22,5204,2149.4,9.201,9.197
3388,train,4.0562,0.0464,9.53,3.6737,11.37,4935,2150.0,9.128,9.100
3389,train,2.8238,0.3218,5.10,2.4657,2.24,4195,2150.6,3.141,3.079
3390,train,3.0233,0.1895,6.99,2.7894,6.00,4190,2151.2,5.973,5.964
3391,train,3.5313,0.1210,10.71,2.9312,9.69,4908,2151.8,9.068,9.060
3392,train,3.1402,0.1386,7.18,2.8375,5.83,3904,2152.4,5.835,5.832
3393,train,2.4307,0.2713,4.48,2.0111,3.41,3985,2152.9,3.069,3.062
3394,train,3.6308,0.0383,8.03,3.2409,7.41,4177,2153.5,6.724,6.712
3395,train,2.8482,0.1320,6.84,2.4216,8.00,4484,2154.1,5.352,5.350
3396,train,3.1648,0.1703,6.12,2.9055,5.41,4646,2154.7,4.640,4.613
3397,train,3.2720,0.2167,7.18,2.7346,5.58,4251,2155.3,4.628,4.621
3398,train,3.3177,0.1314,6.33,2.8077,4.41,4908,2155.9,4.461,4.447
3399,train,3.2099,0.1037,7.96,2.7370,6.61,4550,2156.4,6.150,6.101
3400,train,3.2787,0.1465,6.91,2.7959,5.16,4299,2157.0,5.772,5.768
3401,train,4.0803,0.1237,15.19,3.7153,15.15,5052,2157.6,13.634,13.625
3402,train,3.8212,0.1265,10.87,3.2879,12.12,4451,2158.2,10.238,10.208
3403,train,3.3448,0.0337,6.59,2.9140,5.65,4715,2158.8,4.107,4.106
3404,train,2.8007,0.1557,5.91,2.3803,6.54,4573,2159.4,3.860,3.844
3405,train,3.7510,0.0648,9.90,3.3369,8.54,4277,2159.9,8.079,8.069
3406,train,2.7717,0.3015,5.04,2.3265,4.24,4130,2160.5,2.500,2.482
3407,train,3.8126,0.0073,8.91,3.2443,7.65,4084,2161.1,6.970,6.961
3408,train,3.3096,0.1161,8.26,3.1244,9.83,3789,2161.7,6.967,6.956
3409,train,4.3816,0.0267,12.56,4.1957,14.02,4524,2162.3,10.992,10.990
3410,train,3.6249,0.1302,8.83,3.3285,7.36,4424,2162.9,7.477,7.465
3411,train,2.9575,0.2261,9.79,2.4914,11.41,4587,2163.4,6.975,6.963
3412,train,3.1182,0.1294,8.84,2.7237,3.83,4050,2164.0,7.341,7.339
3413,train,3.3700,0.0471,7.75,2.8100,6.47,4695,2164.6,4.723,4.714
3414,train,4.2461,0.0385,13.99,3.6706,13.62,4414,2165.2,11.704,11.702
3415,train,3.0809,0.1349,6.45,2.5899,4.41,4909,2165.8,5.016,5.012
3416,train,3.4623,0.1285,6.42,2.7838,4.41,4491,2166.4,3.918,3.909
3417,train,3.8593,0.1624,7.75,3.7586,7.58,4174,2166.9,6.927,6.922
3418,train,2.6976,0.2288,5.41,2.1718,3.00,4541,2167.5,3.656,3.650
3419,train,3.2123,0.1625,7.02,2.7638,4.65,4327,2168.1,5.797,5.790
3420,train,4.3707,0.0604,9.34,4.0938,9.84,4739,2168.7,7.663,7.624
3421,train,4.5628,0.0397,16.39,4.3218,15.36,4711,2169.3,14.188,14.184
3422,train,3.5574,0.1080,14.00,3.1158,13.48,4805,2169.9,10.311,10.306
3423,train,2.9754,0.1646,11.27,2.3244,8.41,4247,2170.4,9.493,9.489
3424,train,3.8643,0.0648,8.49,3.4421,6.02,3922,2171.0,8.273,8.270
3425,train,3.9943,0.0361,14.15,3.6757,12.72,4466,2171.6,10.926,10.921
3426,train,3.1320,0.1903,6.02,2.7281,4.00,4393,2172.2,5.081,5.013
3427,train,3.3190,0.1014,7.09,3.0498,5.41,4132,2172.8,5.324,5.323
3428,train,4.4676,0.0139,19.42,4.0894,18.17,3800,2173.3,17.211,17.210
3429,train,3.0015,0.1813,5.38,2.6124,3.41,4313,2173.9,2.902,2.893
3430,train,3.7690,0.0516,9.00,3.2785,7.48,4594,2174.5,5.477,5.467
3431,train,3.7750,0.0817,12.50,3.2866,11.07,4443,2175.1,8.284,8.242
3432,train,3.6154,0.0325,7.77,3.3883,6.65,4616,2175.7,5.941,5.939
3433,train,3.0663,0.2020,5.67,2.8114,4.65,4366,2176.3,4.496,4.492
3434,train,3.1735,0.1880,6.25,2.6210,5.16,4430,2176.8,5.304,5.301
3435,train,2.7453,0.1669,5.47,2.5888,6.24,4493,2177.4,2.964,2.956
3436,train,3.5498,0.0584,7.65,3.3901,6.99,4398,2178.0,5.983,5.981
3437,train,4.0068,0.1060,11.25,3.7286,11.93,5492,2178.6,9.216,9.210
3438,train,3.4606,0.0361,7.09,3.0795,6.00,5156,2179.2,5.835,5.834
3439,train,2.3738,0.3211,3.72,1.9629,1.00,4173,2179.8,1.739,1.734
3440,train,3.8825,0.0178,10.26,3.5868,9.89,4991,2180.3,7.629,7.626
3441,train,3.5827,0.0337,7.05,3.1124,6.65,4096,2180.9,4.618,4.616
3442,train,3.4876,0.0689,9.87,3.0433,9.75,4412,2181.5,8.251,8.248
3443,train,4.1292,0.0227,11.16,3.8144,10.66,4756,2182.1,5.757,5.707
3444,train,3.0264,0.1429,6.94,2.3762,4.24,4403,2182.7,4.375,4.354
3445,train,4.5481,0.0128,14.80,4.3176,15.10,4987,2183.3,13.140,13.128
3446,train,3.8269,0.0224,11.57,3.7172,12.05,4411,2183.8,8.935,8.927
3447,train,4.0790,0.0579,12.21,3.7861,11.45,4804,2184.4,9.707,9.703
3448,train,4.3140,0.0141,11.29,4.1267,9.60,4764,2185.0,9.640,9.635
3449,train,3.7775,0.0790,8.35,3.2291,5.65,5141,2185.6,6.364,6.358
3450,train,3.0785,0.1558,8.41,2.7724,8.74,4948,2186.2,6.394,6.379
3451,train,3.5074,0.0988,11.03,2.9945,9.24,4910,2186.8,8.334,8.332
3452,train,3.4543,0.1262,8.06,3.1833,6.40,4745,2187.4,7.257,7.255
3453,train,3.8561,0.1394,8.88,3.4877,7.48,4139,2187.9,4.875,4.872
3454,train,3.5150,0.1160,10.10,3.2326,9.04,4821,2188.5,6.500,6.492
3455,train,3.6678,0.0548,9.22,3.4117,7.40,4142,2189.1,5.745,5.727
3456,train,2.9397,0.1730,5.35,2.5474,3.00,4636,2189.7,4.314,4.310
3457,train,2.8915,0.1332,5.74,2.4491,4.00,4791,2190.3,3.194,3.171
3458,train,3.1449,0.0901,7.06,2.8950,6.66,3984,2190.9,4.703,4.703
3459,train,3.1263,0.1000,5.90,2.8769,4.83,4200,2191.4,4.239,4.222
3460,train,4.1889,0.0252,11.75,3.9508,10.65,5201,2192.0,8.837,8.836
3461,train,4.1783,0.0738,12.50,3.9130,12.61,4759,2192.6,11.413,11.404
3462,train,3.2328,0.1092,8.75,2.8594,9.07,4055,2193.2,6.119,6.110
3463,train,3.3441,0.1087,7.24,3.0438,4.83,4130,2193.8,5.032,5.019
3464,train,3.9796,0.0429,11.32,3.6628,10.41,4056,2194.3,9.830,9.829
3465,train,3.4571,0.0408,7.32,3.1008,7.00,4627,2194.9,4.827,4.819
3466,train,3.2702,0.1604,6.62,2.8069,4.16,4421,2195.5,5.194,5.191
3467,train,4.5347,0.0427,13.29,4.3068,12.83,4706,2196.1,9.614,9.608
3468,train,4.3992,0.0768,10.60,3.9840,8.84,4361,2196.7,8.460,8.456
3469,train,3.6810,0.0663,8.97,3.3875,8.24,4568,2197.3,7.570,7.567
3470,train,3.7703,0.1070,8.21,3.5240,7.30,4915,2197.8,7.007,7.004
3471,train,2.7800,0.1932,4.90,2.4130,3.41,4394,2198.4,2.562,2.547
3472,train,3.7579,0.1124,9.16,3.7580,8.23,4519,2199.0,8.317,8.315
3473,train,2.8636,0.1991,5.02,2.4441,3.41,4690,2199.6,3.750,3.733
3474,train,2.9147,0.1621,6.61,2.2668,5.00,4459,2200.2,4.754,4.752
3475,train,3.2107,0.1723,7.44,2.7609,7.00,4526,2200.8,5.203,5.203
3476,train,2.9061,0.1542,5.39,2.4722,5.24,4500,2201.3,4.036,4.026
3477,train,4.1606,0.0224,11.64,3.7669,9.85,4474,2201.9,7.431,7.411
3478,train,2.2308,0.3654,3.31,1.6321,2.00,4193,2202.5,1.792,1.786
3479,train,3.1370,0.1749,7.29,2.7948,5.83,4871,2203.1,5.970,5.967
3480,train,3.1167,0.1546,11.49,2.6462,10.41,4339,2203.7,9.685,9.681
3481,train,2.8963,0.2038,4.88,2.5008,4.83,4289,2204.3,2.808,2.807
3482,train,2.4441,0.3146,4.12,2.0146,3.24,3970,2204.8,2.304,2.293
3483,train,4.0267,0.0166,9.95,3.9272,9.64,5374,2205.4,7.585,7.581
3484,train,3.2398,0.0602,6.92,2.6061,5.41,4482,2206.0,4.425,4.414
3485,train,2.6627,0.2434,4.81,2.2762,2.41,4310,2206.6,2.650,2.636
3486,train,3.0815,0.2056,10.75,2.6202,10.07,4630,2207.2,8.227,8.209
3487,train,3.8969,0.0890,10.89,3.2204,6.02,4335,2207.8,7.290,7.278
3488,train,3.0520,0.1297,6.39,2.8331,4.65,4210,2208.3,4.804,4.780
3489,train,3.6389,0.0138,9.17,3.4823,8.40,3899,2208.9,8.847,8.845
3490,train,3.7715,0.1291,11.50,3.6571,13.64,4135,2209.5,9.005,8.996
3491,train,2.5550,0.2018,4.76,2.2969,4.00,3890,2210.1,3.305,3.292
3492,train,3.1374,0.1283,10.46,2.6329,8.00,4483,2210.7,7.119,7.113
3493,train,2.9961,0.1801,6.15,2.7131,5.24,5097,2211.3,3.405,3.400
3494,train,3.8316,0.0922,10.71,3.6572,10.24,4002,2211.8,8.750,8.730
3495,train,2.5560,0.1845,4.85,1.9575,2.00,3961,2212.4,2.415,2.401
3496,train,4.5153,0.0758,11.23,4.0652,9.83,4246,2213.0,9.566,9.564
3497,train,3.3074,0.2178,8.92,2.3932,3.65,4684,2213.6,5.643,5.638
3498,train,3.7648,0.0490,8.05,3.5429,6.89,5249,2214.2,6.356,6.354
3499,train,3.3683,0.0595,8.50,3.0044,7.00,4101,2214.8,6.101,6.091
3500,train,3.4295,0.0559,11.72,3.1884,8.24,4223,2215.3,9.150,9.148
3500,val,3.4287,0.1191,8.67,3.0128,7.81,222066,2243.0,6.757,6.751
3501,train,2.9693,0.1279,10.23,2.4111,8.00,5269,2244.1,8.820,8.812
3502,train,3.7436,0.0969,7.95,3.2976,6.58,4458,2244.7,6.236,6.229
3503,train,6.0164,0.0000,22.91,5.7417,23.71,4636,2245.3,20.452,20.452
3504,train,3.6630,0.0261,12.31,3.3318,13.24,4819,2245.9,11.466,11.457
3505,train,3.5169,0.1649,8.31,3.3317,3.65,4809,2246.4,6.425,6.416
3506,train,2.7405,0.1564,9.70,2.2938,9.49,4559,2247.0,8.482,8.473
3507,train,3.3656,0.1752,7.87,3.1068,4.65,3910,2247.6,7.099,7.077
3508,train,2.8552,0.1871,5.39,2.2478,4.00,4767,2248.2,3.697,3.687
3509,train,3.2653,0.0775,7.25,2.9659,6.65,4505,2248.8,5.954,5.948
3510,train,2.2169,0.2829,3.97,1.7011,3.00,3860,2249.4,2.112,2.106
3511,train,3.9902,0.0940,15.22,3.1966,13.38,5321,2249.9,13.248,13.246
3512,train,3.8978,0.1631,10.63,3.2317,9.08,3917,2250.5,9.560,9.554
3513,train,3.2483,0.1838,8.04,2.8596,7.16,4370,2251.1,4.552,4.515
3514,train,2.5203,0.2780,4.09,1.9570,3.00,3817,2251.7,2.201,2.113
3515,train,3.0738,0.1630,5.02,2.5727,3.41,4590,2252.3,3.530,3.509
3516,train,3.3738,0.1269,8.50,2.8195,5.40,4651,2252.8,6.313,6.290
3517,train,2.8286,0.1950,11.08,2.2735,10.00,3964,2253.4,8.368,8.367
3518,train,2.8294,0.1715,5.49,2.3787,4.41,4530,2254.0,3.626,3.622
3519,train,4.2453,0.0407,14.73,4.1296,12.25,5012,2254.6,11.978,11.974
3520,train,4.3420,0.0136,9.16,4.0312,9.06,5297,2255.2,8.308,8.302
3521,train,3.4882,0.1010,7.86,2.8695,5.41,4654,2255.8,6.169,6.166
3522,train,3.9989,0.0785,10.44,3.1460,8.00,4651,2256.4,8.304,8.298
3523,train,3.7569,0.0741,11.53,3.4353,11.65,4561,2256.9,11.020,11.015
3524,train,3.2100,0.1069,6.62,2.5513,3.41,4667,2257.5,5.921,5.895
3525,train,2.8214,0.2496,4.82,2.4821,2.41,4143,2258.1,2.492,2.487
3526,train,3.0616,0.1674,10.03,2.5924,8.32,4294,2258.7,6.282,6.278
3527,train,3.5590,0.1073,9.30,3.3861,9.00,5126,2259.3,8.052,8.044
3528,train,3.0840,0.1479,7.79,2.7785,4.65,5289,2259.9,4.798,4.775
3529,train,4.2941,0.0104,10.96,3.7996,10.73,4538,2260.4,9.447,9.446
3530,train,3.4778,0.1284,12.94,3.1454,15.22,4290,2261.0,10.363,10.353
3531,train,3.0184,0.1569,7.75,2.4792,4.00,4896,2261.6,5.363,5.357
3532,train,2.4614,0.2571,4.15,1.9637,3.41,4084,2262.2,2.727,2.726
3533,train,3.4839,0.1138,8.37,3.1537,8.16,4701,2262.8,7.489,7.468
3534,train,4.8127,0.1884,8.39,4.1256,7.12,4161,2263.4,6.169,6.151
3535,train,3.5924,0.1359,14.39,2.9961,13.41,4090,2263.9,11.191,11.185
3536,train,3.6247,0.0711,9.05,3.2619,9.97,5119,2264.5,5.696,5.689
3537,train,3.7152,0.1072,7.34,3.1581,7.26,4478,2265.1,6.156,6.154
3538,train,2.8461,0.1391,5.49,2.1732,2.83,4322,2265.7,4.068,4.064
3539,train,3.6834,0.1338,7.47,3.3861,5.65,4433,2266.3,5.405,5.368
3540,train,3.2449,0.1150,9.84,2.9173,9.24,4243,2266.8,9.485,9.479
3541,train,3.8165,0.1740,14.88,3.4993,15.22,4840,2267.4,12.786,12.748
3542,train,3.1540,0.2021,6.24,2.7471,5.16,3954,2268.0,4.889,4.888
3543,train,2.7310,0.1401,5.42,2.2174,3.00,4440,2268.6,3.714,3.708
3544,train,3.8560,0.1282,9.22,3.3015,7.99,4657,2269.2,8.704,8.700
3545,train,3.4818,0.0749,10.56,2.9810,10.25,4221,2269.8,7.727,7.726
3546,train,3.0802,0.0907,6.10,2.5825,5.24,4390,2270.3,3.566,3.560
3547,train,3.8139,0.0958,10.21,3.3798,9.62,4386,2270.9,9.605,9.604
3548,train,2.6707,0.1818,4.91,2.2088,4.83,4698,2271.5,2.503,2.500
3549,train,3.7314,0.0619,7.56,3.3654,5.06,4830,2272.1,5.644,5.637
3550,train,3.4052,0.0780,6.46,3.1019,5.00,4129,2272.7,4.656,4.648
3551,train,4.3265,0.0110,10.82,3.9802,9.95,4078,2273.3,8.757,8.728
3552,train,4.5041,0.1078,16.03,4.2614,15.71,4815,2273.8,14.216,14.215
3553,train,3.3857,0.1146,8.83,2.8624,9.51,4783,2274.4,7.074,7.063
3554,train,4.3683,0.0101,14.82,4.0707,14.09,4066,2275.0,12.826,12.821
3555,train,3.8230,0.1137,9.32,3.7471,9.75,4352,2275.6,8.600,8.593
3556,train,3.3572,0.1792,7.13,3.0488,6.47,4626,2276.2,5.473,5.466
3557,train,4.1494,0.0928,10.66,3.6437,12.73,3783,2276.8,9.538,9.532
3558,train,2.7005,0.2890,6.88,2.4050,6.00,4996,2277.3,4.473,4.455
3559,train,4.0212,0.0432,12.59,3.5628,10.83,4718,2277.9,8.651,8.640
3560,train,3.4382,0.0568,6.47,2.9672,5.24,4487,2278.5,4.386,4.377
3561,train,3.3154,0.0982,6.73,2.6765,4.24,4951,2279.1,5.430,5.427
3562,train,3.4173,0.0995,9.15,3.0355,9.50,5297,2279.7,7.320,7.311
3563,train,3.2325,0.2678,5.30,2.9157,5.06,4510,2280.3,3.783,3.771
3564,train,2.5665,0.1738,5.66,2.0841,4.41,4011,2280.8,3.732,3.717
3565,train,3.9056,0.0851,10.63,3.5332,9.08,4996,2281.4,10.137,10.135
3566,train,3.2962,0.0786,9.75,3.1023,7.00,4021,2282.0,6.906,6.890
3567,train,3.5137,0.0526,8.05,3.1561,6.83,4790,2282.6,7.799,7.790
3568,train,4.2971,0.0888,10.34,3.7854,10.34,4447,2283.2,9.339,9.337
3569,train,3.1904,0.1169,6.81,2.8852,6.16,4568,2283.8,3.994,3.967
3570,train,4.1114,0.0074,12.66,3.7995,11.56,4972,2284.3,10.217,10.215
3571,train,3.1910,0.1046,8.17,2.8259,7.66,4390,2284.9,6.420,6.414
3572,train,3.2265,0.0796,8.22,2.8696,9.00,4500,2285.5,6.591,6.589
3573,train,3.8627,0.1301,13.40,3.5724,11.06,4836,2286.1,11.233,11.229
3574,train,3.4484,0.1510,10.67,2.9998,9.61,4429,2286.7,8.130,8.113
3575,train,3.7574,0.1576,14.18,3.4218,11.10,4835,2287.3,10.332,10.330
3576,train,3.7277,0.0346,9.54,3.3922,7.48,4188,2287.8,8.386,8.382
3577,train,4.3817,0.1031,17.30,3.9791,16.45,4742,2288.4,13.590,13.584
3578,train,3.6590,0.0439,8.23,3.4719,9.00,3921,2289.0,6.984,6.982
3579,train,2.8888,0.1742,5.70,2.5216,4.41,4369,2289.6,2.857,2.849
3580,train,3.5913,0.2245,9.96,3.2368,8.82,4682,2290.2,7.231,7.229
3581,train,3.9590,0.0811,10.03,3.6395,7.71,4709,2290.8,7.441,7.436
3582,train,3.1279,0.1639,7.96,2.6479,7.51,4636,2291.3,5.472,5.468
3583,train,3.8206,0.1482,11.16,3.3507,9.12,4582,2291.9,8.041,8.036
3584,train,4.7326,0.0053,12.69,4.5770,12.70,5288,2292.5,9.762,9.757
3585,train,3.2295,0.1567,6.08,2.8462,5.06,5461,2293.1,3.737,3.735
3586,train,2.9758,0.2708,7.25,2.4088,6.10,4313,2293.7,5.550,5.545
3587,train,2.7539,0.2406,4.89,2.2034,2.41,4872,2294.3,3.363,3.352
3588,train,4.1215,0.0466,13.19,3.6064,11.05,4909,2294.8,11.496,11.483
3589,train,3.6424,0.0769,7.85,3.2097,4.65,5056,2295.4,4.650,4.626
3590,train,3.4656,0.0699,7.10,3.1067,4.83,5224,2296.0,6.077,6.072
3591,train,2.8448,0.1726,5.29,2.4034,2.00,4705,2296.6,2.813,2.809
3592,train,4.5926,0.0305,18.89,4.0818,17.44,4190,2297.2,16.710,16.701
3593,train,2.9584,0.1354,6.75,2.5454,6.58,4210,2297.8,5.284,5.260
3594,train,3.5710,0.1040,6.26,3.0396,4.24,4460,2298.4,4.967,4.965
3595,train,3.1158,0.1114,5.92,2.8932,5.00,4155,2298.9,4.445,4.436
3596,train,2.6031,0.2509,4.45,2.2961,3.83,5029,2299.5,3.055,3.048
3597,train,4.4301,0.0723,17.78,3.9386,15.39,4425,2300.1,14.743,14.733
3598,train,2.5285,0.1955,5.21,2.1486,6.00,4517,2300.7,3.442,3.439
3599,train,3.4480,0.0680,7.33,3.0338,5.83,4677,2301.3,4.868,4.862
3600,train,3.3701,0.1376,11.31,2.8607,11.00,4717,2301.9,9.405,9.403
3601,train,3.4305,0.0665,6.86,3.0484,5.65,4344,2302.4,5.507,5.501
3602,train,2.8936,0.1645,5.97,2.5339,5.47,4437,2303.0,4.750,4.750
3603,train,3.9303,0.0334,8.03,3.7297,6.65,4346,2303.6,5.957,5.947
3604,train,2.8899,0.1475,5.56,2.0974,4.00,4320,2304.2,3.910,3.904
3605,train,3.0563,0.1479,6.69,2.7378,6.58,4754,2304.8,4.593,4.573
3606,train,3.1859,0.2026,6.24,2.8095,4.24,3954,2305.3,5.236,5.222
3607,train,4.1523,0.0869,8.04,3.7607,8.12,3808,2305.9,7.295,7.291
3608,train,3.2511,0.1498,6.21,2.9399,5.41,4545,2306.5,5.431,5.428
3609,train,2.8322,0.1950,5.24,2.4220,4.24,4600,2307.1,5.156,5.125
3610,train,3.7639,0.0563,8.12,3.5042,7.48,4367,2307.7,7.381,7.374
3611,train,4.1544,0.0421,11.65,3.9019,13.90,4396,2308.3,10.486,10.482
3612,train,3.6658,0.1142,8.98,3.0323,6.00,4292,2308.8,6.765,6.759
3613,train,4.0233,0.0715,13.91,3.6700,13.67,5410,2309.4,11.275,11.256
3614,train,4.1315,0.0593,12.82,3.8867,11.89,4769,2310.0,9.646,9.436
3615,train,2.8267,0.3879,5.15,2.3482,3.24,4200,2310.6,3.138,3.125
3616,train,4.0635,0.0145,8.26,3.7488,8.00,4330,2311.2,7.006,7.003
3617,train,3.9686,0.0279,9.60,3.7813,7.24,4121,2311.8,8.617,8.615
3618,train,2.8472,0.1816,5.99,2.3739,6.00,4511,2312.3,4.712,4.679
3619,train,4.8282,0.0142,13.05,4.5184,13.22,5064,2312.9,11.944,11.943
3620,train,3.0232,0.2582,4.86,2.6160,3.83,4225,2313.5,4.162,4.152
3621,train,3.0504,0.0803,6.72,2.6732,7.47,5066,2314.1,3.271,3.259
3622,train,2.9511,0.1757,6.56,2.3063,5.83,4486,2314.7,5.288,5.287
3623,train,4.1199,0.0171,11.73,4.1551,11.36,4377,2315.3,11.213,11.212
3624,train,2.2906,0.2462,4.09,1.9605,3.00,4436,2315.8,2.253,2.251
3625,train,3.8467,0.1699,9.04,3.0916,6.41,4543,2316.4,6.540,6.534
3626,train,3.0081,0.1507,7.22,2.5378,6.02,4711,2317.0,5.067,5.060
3627,train,3.1331,0.0428,6.19,2.6914,4.83,4063,2317.6,5.287,5.274
3628,train,4.1144,0.0103,13.41,3.8482,15.16,4964,2318.2,8.769,8.720
3629,train,3.7650,0.1929,6.19,3.5034,6.00,3956,2318.8,5.315,5.315
3630,train,2.7727,0.2093,5.44,2.3037,3.83,4057,2319.3,4.562,4.556
3631,train,2.4944,0.3103,4.30,1.8853,2.41,4125,2319.9,3.217,3.212
3632,train,2.7964,0.1780,6.32,2.5295,5.00,4961,2320.5,4.459,4.447
3633,train,3.8722,0.0432,12.32,3.5394,11.56,4472,2321.1,10.570,10.569
3634,train,3.0731,0.1118,6.38,2.6500,5.16,4562,2321.7,4.196,4.182
3635,train,3.4558,0.1183,8.60,2.8468,3.65,4101,2322.3,6.389,6.375
3636,train,3.6244,0.1123,14.49,3.1170,12.49,5101,2322.8,10.621,10.616
3637,train,3.1346,0.1201,6.13,2.5729,5.41,4721,2323.4,4.611,4.604
3638,train,3.6840,0.0454,13.33,3.2315,11.89,5370,2324.0,9.355,9.314
3639,train,2.8366,0.1313,6.12,2.3437,4.24,4515,2324.6,1.998,1.994
3640,train,3.2531,0.0957,7.72,2.7367,4.00,4690,2325.2,6.281,6.267
3641,train,3.3990,0.1075,6.91,2.9600,6.06,4532,2325.8,5.266,5.253
3642,train,3.5355,0.1447,7.30,3.0794,5.58,4381,2326.3,5.264,5.259
3643,train,3.0802,0.1995,5.66,3.0717,5.24,4773,2326.9,3.554,3.548
3644,train,3.8363,0.0386,11.26,3.6278,10.32,4636,2327.5,8.031,8.023
3645,train,3.1128,0.1766,6.00,2.6782,3.83,4496,2328.1,3.259,3.212
3646,train,3.5491,0.1134,8.13,3.2477,5.83,4646,2328.7,7.032,7.028
3647,train,3.2507,0.1208,8.13,2.8927,9.02,3634,2329.3,6.300,6.288
3648,train,3.6686,0.0656,8.83,3.2699,9.08,4616,2329.8,6.562,6.559
3649,train,3.0239,0.1388,5.90,2.4986,5.00,4663,2330.4,3.267,3.264
3650,train,3.4369,0.0436,8.28,3.0460,7.00,4451,2331.0,7.180,7.175
3651,train,3.9124,0.0798,11.09,3.6669,11.95,4662,2331.6,9.953,9.950
3652,train,2.3984,0.2110,4.16,2.0639,3.00,4985,2332.2,2.454,2.447
3653,train,3.9333,0.0283,10.46,3.6961,9.89,4494,2332.8,8.411,8.409
3654,train,3.8436,0.0870,8.19,3.7964,7.81,3837,2333.3,7.085,7.083
3655,train,3.4999,0.0795,9.41,3.0684,9.00,4896,2333.9,7.429,7.421
3656,train,2.8885,0.2155,6.18,2.4473,4.00,4464,2334.5,4.941,4.932
3657,train,3.5192,0.0721,9.25,3.3181,10.04,4880,2335.1,7.353,7.332
3658,train,2.6595,0.3056,6.67,2.1113,2.41,4414,2335.7,4.583,4.556
3659,train,3.3003,0.1213,10.11,2.9586,9.10,4427,2336.3,8.598,8.596
3660,train,3.0230,0.1511,5.83,2.3957,3.41,4217,2336.8,3.675,3.675
3661,train,3.7829,0.1007,13.09,3.0559,10.65,4669,2337.4,9.974,9.972
3662,train,3.4597,0.0707,8.06,2.8689,6.89,4595,2338.0,5.871,5.867
3663,train,3.3958,0.1988,7.94,2.7993,5.12,4496,2338.6,6.782,6.780
3664,train,3.2529,0.1403,6.83,3.1784,7.48,4219,2339.2,5.325,5.313
3665,train,2.6195,0.2833,4.27,2.1574,1.00,4441,2339.8,2.132,2.128
3666,train,3.1134,0.2217,9.82,2.5255,9.00,4556,2340.3,9.172,9.158
3667,train,2.9551,0.1668,6.92,2.5799,5.00,4514,2340.9,4.438,4.431
3668,train,3.0946,0.1318,11.38,2.6187,11.89,4340,2341.5,8.669,8.665
3669,train,3.6894,0.1269,8.29,3.5501,7.81,4705,2342.1,6.749,6.745
3670,train,3.7013,0.0756,11.79,3.3100,11.65,4404,2342.7,9.900,9.899
3671,train,4.0771,0.0943,12.24,3.7295,13.32,4816,2343.3,10.754,10.730
3672,train,3.1413,0.1090,10.52,2.8854,10.49,4479,2343.8,7.594,7.593
3673,train,3.9413,0.0566,11.87,3.5974,6.00,3972,2344.4,10.015,10.003
3674,train,2.9867,0.1548,6.13,2.5100,4.83,4478,2345.0,4.625,4.574
3675,train,3.6782,0.0623,7.53,2.9981,4.83,4364,2345.6,4.972,4.961
3676,train,2.7598,0.1782,4.53,2.7026,3.41,4247,2346.2,2.247,2.225
3677,train,3.2936,0.1068,6.96,2.9387,5.24,4120,2346.8,5.680,5.678
3678,train,4.3979,0.0736,11.55,4.2381,11.32,4155,2347.3,9.653,9.639
3679,train,2.9700,0.1359,9.66,2.6801,10.07,4365,2347.9,6.392,6.384
3680,train,3.1582,0.1106,7.13,2.6462,6.65,4375,2348.5,4.157,4.149
3681,train,3.6537,0.0942,10.10,3.3980,11.41,4786,2349.1,7.502,7.434
3682,train,3.6416,0.1607,12.28,2.9248,9.32,4823,2349.7,9.074,9.067
3683,train,3.4605,0.1458,9.37,3.0609,7.54,4781,2350.3,6.933,6.926
3684,train,3.0364,0.1811,5.58,2.5937,4.65,4765,2350.8,4.225,4.225
3685,train,4.1120,0.0280,12.85,3.8860,11.90,4172,2351.4,11.974,11.968
3686,train,3.6033,0.0716,8.56,3.0895,5.24,4442,2352.0,7.309,7.305
3687,train,2.9100,0.1197,5.56,2.5385,4.41,4563,2352.6,4.516,4.510
3688,train,2.5581,0.2597,4.40,1.9878,3.00,4274,2353.2,2.000,1.981
3689,train,2.9835,0.1171,6.14,2.4822,4.41,4542,2353.8,2.785,2.781
3690,train,3.7573,0.0968,10.62,3.4158,9.71,4513,2354.3,9.213,9.212
3691,train,3.0336,0.1337,11.51,2.5821,9.07,5129,2354.9,7.824,7.807
3692,train,3.8720,0.0630,9.48,3.4343,8.58,4617,2355.5,6.572,6.507
3693,train,4.0662,0.0975,14.09,3.6493,12.08,5059,2356.1,11.833,11.830
3694,train,4.0502,0.0297,10.37,3.3960,7.65,4202,2356.7,9.413,9.412
3695,train,2.5435,0.2088,4.80,2.1575,3.00,4387,2357.3,3.235,3.230
3696,train,2.9059,0.1377,5.68,2.3413,5.00,4574,2357.8,4.203,4.199
3697,train,3.7998,0.0401,10.97,3.2068,9.50,4193,2358.4,10.824,10.815
3698,train,4.4741,0.0401,22.00,3.9415,20.36,4510,2359.0,17.552,17.549
3699,train,3.4919,0.0210,7.90,3.0975,4.83,4714,2359.6,7.120,7.119
3700,train,3.3139,0.1095,10.22,2.9817,12.71,4512,2360.2,7.943,7.934
3701,train,3.9845,0.1078,13.64,3.6826,12.11,4445,2360.8,11.148,11.144
3702,train,2.9804,0.2352,6.63,2.5118,5.16,4281,2361.3,4.835,4.835
3703,train,3.1151,0.1929,6.28,2.6239,5.00,4853,2361.9,5.061,5.055
3704,train,3.9598,0.1299,7.62,3.8033,6.06,4242,2362.5,6.551,6.543
3705,train,2.8492,0.1124,5.61,2.3340,3.00,4457,2363.1,3.525,3.488
3706,train,3.5802,0.0858,9.26,3.2168,8.24,4835,2363.7,6.975,6.970
3707,train,3.3002,0.0440,7.65,2.9977,6.83,4638,2364.3,5.154,5.154
3708,train,4.3677,0.0868,10.27,4.6256,12.23,3975,2364.8,9.921,9.904
3709,train,4.1957,0.0290,16.77,3.8812,18.35,5028,2365.4,16.383,16.377
3710,train,3.3611,0.0530,6.63,2.8453,5.41,4694,2366.0,5.217,5.214
3711,train,3.1116,0.0772,5.55,2.9119,4.41,4285,2366.6,3.974,3.971
3712,train,3.2207,0.1001,6.87,2.9257,6.00,4547,2367.2,3.813,3.751
3713,train,2.9064,0.1913,5.90,2.6453,4.24,4219,2367.8,4.658,4.617
3714,train,3.3013,0.0770,5.96,3.1805,4.83,4416,2368.3,4.190,4.176
3715,train,3.7939,0.0977,10.28,3.4417,9.73,4402,2368.9,7.094,7.087
3716,train,3.1952,0.0861,10.05,2.6742,10.41,4657,2369.5,8.321,8.303
3717,train,2.9488,0.1614,5.50,2.5128,5.41,4461,2370.1,4.238,4.233
3718,train,3.1845,0.0874,6.26,2.8572,3.83,5146,2370.7,5.286,5.279
3719,train,3.5141,0.1649,7.57,3.2531,6.40,3765,2371.3,5.715,5.698
3720,train,3.4323,0.0634,8.18,3.1188,6.24,4875,2371.8,6.266,6.265
3721,train,2.8321,0.1495,6.67,2.5662,7.02,4174,2372.4,5.153,5.149
3722,train,2.9473,0.2170,5.32,2.1680,2.41,5157,2373.0,3.007,3.004
3723,train,3.8728,0.0772,7.77,3.6141,7.48,4394,2373.6,6.322,6.311
3724,train,2.9588,0.1701,5.91,2.5456,3.24,4292,2374.2,4.297,4.281
3725,train,3.5837,0.0596,10.36,3.4114,10.16,5251,2374.8,9.485,9.477
3726,train,4.8437,0.1391,11.32,3.9750,10.72,4314,2375.3,9.393,9.392
3727,train,4.2697,0.0403,10.84,4.0223,8.29,4933,2375.9,8.345,8.339
3728,train,4.6274,0.0597,14.76,3.6580,15.65,4374,2376.5,12.607,12.606
3729,train,2.6576,0.2668,5.38,2.0759,3.00,4667,2377.1,3.749,3.719
3730,train,3.3997,0.1131,8.60,3.1731,9.82,4077,2377.7,7.842,7.838
3731,train,4.7596,0.2073,11.59,4.0462,9.31,4260,2378.3,9.576,9.555
3732,train,2.8683,0.1066,4.98,2.5592,4.00,4821,2378.8,3.544,3.535
3733,train,2.6421,0.2281,5.10,2.0924,4.41,4134,2379.4,2.788,2.766
3734,train,2.9238,0.2477,8.72,2.5469,6.10,3758,2380.0,7.721,7.690
3735,train,3.0907,0.1201,6.85,3.1306,5.89,3946,2380.6,4.765,4.746
3736,train,3.1822,0.0951,7.06,2.9465,8.16,4720,2381.2,5.982,5.974
3737,train,4.4305,0.2394,13.33,3.7166,8.06,4620,2381.7,10.187,10.177
3738,train,3.2793,0.1604,6.59,2.7612,5.65,4757,2382.3,5.086,5.083
3739,train,3.6921,0.0422,8.89,3.2000,7.24,4310,2382.9,7.053,7.045
3740,train,3.1398,0.1454,6.28,2.7912,4.65,4744,2383.5,3.565,3.551
3741,train,3.3228,0.1281,7.13,2.7489,3.83,4654,2384.1,5.562,5.556
3742,train,3.7357,0.0779,10.18,3.2984,9.26,4558,2384.7,8.429,8.427
3743,train,3.7874,0.0750,9.31,3.2828,9.37,4346,2385.2,7.644,7.628
3744,train,2.9494,0.1651,6.66,2.5925,6.00,4368,2385.8,4.895,4.890
3745,train,3.2887,0.0825,12.30,3.1803,13.87,4484,2386.4,11.580,11.569
3746,train,3.9432,0.0309,8.22,3.5810,7.30,4796,2387.0,5.649,5.633
3747,train,3.0508,0.1308,6.42,2.4086,4.00,4227,2387.6,4.900,4.894
3748,train,2.7440,0.2223,5.09,1.9365,2.00,4993,2388.2,3.124,3.110
3749,train,3.2299,0.0800,6.43,2.8690,4.65,5513,2388.8,4.375,4.357
3750,train,2.5231,0.2573,4.57,1.9875,2.00,4197,2389.3,3.251,3.239
3751,train,3.2163,0.1706,6.18,2.6888,6.16,4455,2389.9,4.323,4.318
3752,train,3.3658,0.0704,8.11,2.9562,7.00,4742,2390.5,5.906,5.904
3753,train,2.3431,0.2615,4.01,1.9905,3.00,4906,2391.1,2.153,2.131
3754,train,3.1724,0.0775,9.57,2.4544,8.51,4166,2391.7,6.281,6.150
3755,train,3.4408,0.0885,6.50,3.0976,6.06,4361,2392.3,5.408,5.398
3756,train,3.3444,0.1024,9.80,2.8424,8.24,3846,2392.8,7.701,7.686
3757,train,3.6518,0.0726,9.34,3.2861,4.65,4227,2393.4,7.201,7.199
3758,train,3.1380,0.1731,7.17,2.3676,4.00,4217,2394.0,4.373,4.358
3759,train,3.7258,0.0370,11.02,3.3403,10.24,4923,2394.6,11.492,11.487
3760,train,3.4910,0.1651,7.33,3.1016,6.16,4131,2395.2,5.453,5.437
3761,train,3.2210,0.1317,7.23,2.5474,4.00,4708,2395.7,5.248,5.238
3762,train,3.4241,0.0449,12.25,2.7122,10.08,4475,2396.3,9.623,9.620
3763,train,3.4086,0.1669,7.74,2.9116,7.54,4271,2396.9,7.221,7.219
3764,train,3.9902,0.0270,10.58,3.6786,11.50,4079,2397.5,10.703,10.699
3765,train,2.5883,0.1883,4.87,2.1005,3.41,4445,2398.1,2.538,2.535
3766,train,4.0198,0.0336,10.22,3.5343,8.83,4441,2398.7,8.054,8.046
3767,train,3.1027,0.1185,6.29,2.6661,3.41,4668,2399.2,3.248,3.239
3768,train,3.3179,0.1304,11.17,2.8317,11.22,4793,2399.8,10.896,10.890
3769,train,3.6895,0.0536,7.87,3.1132,5.41,4084,2400.4,6.581,6.579
3770,train,3.2147,0.0876,7.50,2.8990,5.24,4682,2401.0,3.947,3.934
3771,train,2.8477,0.2591,8.14,2.5620,7.50,3890,2401.6,6.171,6.165
3772,train,3.0893,0.1427,7.22,2.5121,5.06,4886,2402.2,5.867,5.858
3773,train,3.4542,0.0927,6.85,3.3120,5.65,4315,2402.7,3.646,3.641
3774,train,3.6785,0.2144,9.12,3.1242,8.00,3858,2403.3,7.527,7.524
3775,train,4.6927,0.0101,17.88,4.2981,18.65,4760,2403.9,16.336,16.326
3776,train,3.1387,0.1096,6.51,2.7223,6.58,4362,2404.5,4.908,4.904
3777,train,2.8356,0.3404,4.96,1.9576,3.00,4060,2405.1,3.535,3.531
3778,train,3.8463,0.0288,8.77,3.4341,8.65,4765,2405.7,6.395,6.386
3779,train,2.7910,0.1866,5.65,2.0246,4.65,4937,2406.2,2.844,2.837
3780,train,3.8339,0.0506,8.86,3.2687,8.24,4842,2406.8,7.244,7.230
3781,train,3.4643,0.0584,8.53,2.8260,8.00,4557,2407.4,8.347,8.330
3782,train,3.2501,0.0717,6.56,2.9836,6.89,4032,2408.0,5.005,5.001
3783,train,4.0850,0.1102,10.78,4.0168,10.80,5392,2408.6,9.158,9.137
3784,train,2.1888,0.3621,3.45,1.7393,2.41,4267,2409.2,1.516,1.501
3785,train,3.2262,0.2597,7.48,2.6719,5.12,4059,2409.7,4.975,4.690
3786,train,3.7957,0.1940,8.96,3.2882,6.84,5387,2410.3,5.401,5.396
3787,train,2.1662,0.3924,3.31,1.7105,1.41,3769,2410.9,2.295,2.282
3788,train,3.2978,0.0863,7.14,3.1877,6.16,4530,2411.5,4.755,4.749
3789,train,4.2402,0.0754,7.82,4.1665,7.40,6090,2412.1,5.689,5.642
3790,train,2.0956,0.4284,3.33,1.5035,2.00,4463,2412.7,1.875,1.835
3791,train,3.7861,0.0264,10.28,3.3426,10.11,4396,2413.2,8.285,8.266
3792,train,4.5250,0.0048,15.12,4.3481,15.86,4160,2413.8,13.120,13.111
3793,train,3.3617,0.1200,7.06,2.9189,6.06,4209,2414.4,4.624,4.605
3794,train,4.0858,0.0961,10.03,4.0716,9.24,4652,2415.0,8.349,8.348
3795,train,3.4020,0.0789,6.81,2.8175,5.41,4776,2415.6,4.965,4.958
3796,train,4.5808,0.0071,17.78,4.0821,17.80,5950,2416.2,17.618,17.611
3797,train,3.0642,0.1213,6.09,2.7068,5.00,4970,2416.7,4.887,4.872
3798,train,3.2219,0.1187,6.20,2.8535,6.89,5054,2417.3,4.279,4.275
3799,train,3.2694,0.1223,6.25,2.8756,4.41,4587,2417.9,4.947,4.944
3800,train,2.6365,0.2265,4.96,2.0275,3.24,4411,2418.5,3.905,3.877
3801,train,3.1002,0.1053,6.20,2.4708,5.24,4036,2419.1,5.084,5.073
3802,train,2.5770,0.2497,6.28,2.2105,2.24,3749,2419.7,5.300,5.295
3803,train,3.2931,0.1798,6.40,2.9457,4.83,4912,2420.2,4.074,4.060
3804,train,2.8362,0.2542,8.69,2.1814,8.21,4395,2420.8,4.630,4.618
3805,train,4.7719,0.0148,15.85,4.3590,13.16,4261,2421.4,13.705,13.702
3806,train,3.2794,0.0864,7.21,2.8427,5.89,4295,2422.0,5.626,5.615
3807,train,4.4524,0.0973,12.02,4.3222,5.24,4565,2422.6,10.210,10.091
3808,train,3.0313,0.0926,6.28,2.6457,6.00,4396,2423.2,3.647,3.643
3809,train,3.6485,0.0982,8.67,3.0021,7.54,5132,2423.7,7.016,6.999
3810,train,3.2593,0.1019,7.98,3.0529,8.12,4545,2424.3,5.718,5.708
3811,train,3.7635,0.1038,13.04,3.3163,11.83,5761,2424.9,10.543,10.531
3812,train,2.9069,0.1766,5.82,2.4570,5.00,4994,2425.5,3.739,3.729
3813,train,3.3460,0.0848,7.32,3.0503,6.65,4161,2426.1,5.274,5.265
3814,train,2.9758,0.1462,5.64,2.5458,3.83,4316,2426.7,3.694,3.669
3815,train,3.5087,0.1331,10.78,3.0536,9.41,3868,2427.2,7.732,7.727
3816,train,3.6712,0.0446,12.47,3.2745,12.32,4418,2427.8,8.376,8.373
3817,train,3.7058,0.0476,15.84,3.2514,14.07,4750,2428.4,12.419,12.404
3818,train,3.9158,0.0688,8.64,3.8526,9.23,4576,2429.0,5.494,5.489
3819,train,2.5637,0.2157,4.31,2.3058,3.00,4228,2429.6,2.704,2.698
3820,train,3.5353,0.1245,10.85,3.1416,8.41,4023,2430.2,8.302,8.294
3821,train,3.6471,0.1516,11.46,3.3839,8.62,4617,2430.7,9.167,9.151
3822,train,2.5278,0.1900,4.84,2.1230,3.00,4710,2431.3,3.177,3.147
3823,train,3.5370,0.1539,7.76,3.1718,8.12,4568,2431.9,5.547,5.530
3824,train,3.2840,0.1636,10.64,2.7971,11.21,4322,2432.5,6.464,6.432
3825,train,3.8296,0.0642,12.48,3.5577,11.07,5128,2433.1,7.917,7.916
3826,train,2.9696,0.1715,6.24,2.3945,4.24,5045,2433.7,4.374,4.371
3827,train,3.3534,0.1310,7.23,2.9788,6.00,4100,2434.2,6.303,6.300
3828,train,3.2177,0.0894,8.04,2.5456,3.83,4575,2434.8,5.653,5.645
3829,train,3.7726,0.0457,9.52,3.2693,7.00,5006,2435.4,7.375,7.371
3830,train,4.7379,0.0095,16.99,4.3772,18.47,5492,2436.0,16.541,16.535
3831,train,3.5272,0.0336,7.76,3.0437,6.65,4406,2436.6,7.091,7.090
3832,train,3.4108,0.1716,8.64,3.0507,6.00,4243,2437.2,7.549,7.543
3833,train,3.4446,0.1162,9.76,3.0461,7.41,4733,2437.7,7.783,7.758
3834,train,2.6877,0.2416,4.92,2.1210,2.41,4371,2438.3,3.664,3.654
3835,train,3.1268,0.0680,5.83,2.4896,4.83,3955,2438.9,4.843,4.840
3836,train,3.3768,0.0334,8.07,3.2533,8.24,4459,2439.5,6.342,6.339
3837,train,3.7644,0.0458,8.79,3.3953,7.95,4651,2440.1,6.562,6.548
3838,train,3.8483,0.1751,6.43,3.1459,4.00,4227,2440.7,4.693,4.691
3839,train,2.8359,0.1137,6.00,2.2500,5.24,5191,2441.2,4.792,4.784
3840,train,3.4543,0.1321,9.91,3.3718,11.07,4618,2441.8,8.538,8.530
3841,train,3.3364,0.0922,10.46,2.9274,11.69,5377,2442.4,9.730,9.716
3842,train,3.7768,0.0560,12.36,3.4334,11.08,3840,2443.0,10.116,10.090
3843,train,3.7266,0.1263,7.27,3.4932,5.65,4466,2443.6,6.392,6.390
3844,train,2.6924,0.2603,5.19,2.3520,2.83,4138,2444.2,3.229,3.190
3845,train,4.1163,0.0357,11.26,3.8134,10.16,5092,2444.7,8.179,8.157
3846,train,3.7376,0.0360,7.57,3.7433,6.65,4642,2445.3,5.782,5.779
3847,train,3.3065,0.1599,7.49,2.9353,5.83,4353,2445.9,3.544,3.526
3848,train,2.9017,0.1838,6.30,2.7264,10.33,4134,2446.5,4.054,4.045
3849,train,4.5760,0.0319,10.92,4.7125,11.73,4351,2447.1,9.781,9.779
3850,train,3.7078,0.0621,9.88,3.2315,10.62,3866,2447.7,6.535,6.517
3851,train,3.7621,0.1844,8.24,3.2610,7.50,4768,2448.2,6.610,6.561
3852,train,4.1346,0.0315,11.03,3.9938,11.24,4351,2448.8,8.914,8.912
3853,train,2.2241,0.2752,3.93,1.5328,1.00,4346,2449.4,2.588,2.577
3854,train,4.1563,0.0395,13.59,3.7513,11.47,4480,2450.0,10.725,10.719
3855,train,3.0349,0.1879,6.18,2.6457,4.41,4429,2450.6,5.016,5.004
3856,train,3.0527,0.2033,7.59,2.2507,4.24,4422,2451.2,5.335,5.311
3857,train,2.6944,0.1579,4.94,2.2133,4.00,4173,2451.7,2.658,2.652
3858,train,4.3647,0.0199,10.24,4.2027,8.95,4121,2452.3,9.951,9.947
3859,train,2.6747,0.2644,4.58,2.1353,2.41,4258,2452.9,2.667,2.632
3860,train,2.7877,0.1925,5.80,2.0860,3.24,4669,2453.5,3.833,3.825
3861,train,4.1131,0.1836,16.69,3.4386,12.00,4945,2454.1,12.032,12.011
3862,train,3.5060,0.1519,10.92,3.2246,11.12,4346,2454.7,8.925,8.923
3863,train,3.4653,0.0300,7.25,3.0734,6.06,4262,2455.2,6.953,6.949
3864,train,3.2367,0.0915,6.69,2.6246,4.41,4140,2455.8,6.028,6.023
3865,train,3.8010,0.1154,12.62,3.8082,18.12,4447,2456.4,11.562,11.533
3866,train,2.8748,0.1301,5.17,2.6273,2.41,4636,2457.0,3.604,3.600
3867,train,3.6147,0.0341,9.66,3.2287,8.37,3990,2457.6,7.694,7.690
3868,train,4.1808,0.1193,12.47,3.5573,9.73,4317,2458.2,9.573,9.554
3869,train,3.2605,0.1001,7.11,2.9389,7.40,4727,2458.7,6.228,6.226
3870,train,2.5502,0.3053,4.59,2.0552,3.00,4232,2459.3,1.791,1.762
3871,train,3.3272,0.1141,7.34,3.2097,7.07,5046,2459.9,6.316,6.313
3872,train,3.0008,0.1186,6.62,2.6161,4.65,3930,2460.5,5.425,5.417
3873,train,2.7965,0.1508,8.12,2.6002,9.50,4038,2461.1,6.682,6.672
3874,train,2.6766,0.1352,5.05,2.2500,4.41,4424,2461.7,3.101,3.096
3875,train,4.8169,0.0241,12.41,5.0084,14.81,4640,2462.2,11.681,11.668
3876,train,4.2057,0.1184,8.77,4.0164,8.65,3920,2462.8,7.396,7.384
3877,train,4.2168,0.0076,17.94,3.8942,18.69,4484,2463.4,15.750,15.748
3878,train,2.2336,0.2939,3.97,1.8018,2.00,4270,2464.0,2.381,2.379
3879,train,3.2083,0.2809,7.16,2.6975,2.83,3881,2464.6,6.011,6.006
3880,train,2.9050,0.1868,6.53,2.3151,3.41,4491,2465.1,4.616,4.607
3881,train,2.8365,0.1396,4.91,2.6473,5.24,3933,2465.7,3.088,3.087
3882,train,3.5420,0.0782,8.30,3.1065,7.16,4438,2466.3,5.805,5.798
3883,train,4.2536,0.0852,12.34,3.9074,11.81,5315,2466.9,10.968,10.957
3884,train,3.7612,0.0593,11.50,3.5752,12.75,4503,2467.5,9.886,9.884
3885,train,2.5728,0.1562,5.15,2.2849,3.41,4512,2468.1,3.097,3.081
3886,train,3.2530,0.1104,6.68,2.5722,6.00,4636,2468.7,4.800,4.794
3887,train,2.3332,0.3839,3.89,1.6861,2.00,4147,2469.2,1.617,1.594
3888,train,2.8270,0.2600,5.27,2.4333,3.24,4515,2469.8,3.085,3.078
3889,train,3.2062,0.1101,7.67,2.7276,4.41,4650,2470.4,4.490,4.464
3890,train,3.3774,0.0756,9.95,3.0558,9.41,4195,2471.0,8.528,8.521
3891,train,3.2632,0.1242,7.49,2.7156,5.24,5427,2471.6,5.136,5.134
3892,train,5.0553,0.0096,22.40,4.9720,20.96,4284,2472.2,18.760,18.757
3893,train,4.5056,0.0233,13.79,4.4372,13.81,4548,2472.7,11.925,11.922
3894,train,2.5688,0.2017,4.63,2.0403,3.00,4165,2473.3,3.221,3.194
3895,train,3.2344,0.0738,6.91,3.0304,7.89,4770,2473.9,5.294,5.282
3896,train,3.4665,0.2001,8.72,3.1391,6.71,4533,2474.5,6.082,6.078
3897,train,3.7560,0.0166,9.24,3.4653,10.08,4573,2475.1,7.483,7.480
3898,train,3.2296,0.1406,6.68,2.8744,6.24,4119,2475.7,5.395,5.393
3899,train,3.9004,0.1179,10.74,3.5134,9.25,4663,2476.2,8.659,8.647
3900,train,3.1380,0.0885,6.85,2.7818,6.58,4202,2476.8,5.352,5.348
3901,train,4.1225,0.0269,13.76,3.8174,9.40,4618,2477.4,9.049,9.027
3902,train,3.1862,0.1361,13.02,2.6176,12.00,4505,2478.0,9.762,9.710
3903,train,3.3438,0.0955,15.99,2.9464,20.75,3750,2478.6,13.057,13.026
3904,train,3.5476,0.1474,8.85,3.1119,8.12,4267,2479.2,8.142,8.142
3905,train,2.6618,0.2164,5.32,2.1944,4.41,3900,2479.7,2.951,2.946
3906,train,2.9014,0.2619,5.47,2.4876,3.24,3925,2480.3,3.322,3.138
3907,train,4.0188,0.0665,12.30,3.7318,13.40,3940,2480.9,11.147,11.145
3908,train,4.2927,0.0397,14.42,3.9243,13.12,4962,2481.5,12.027,11.983
3909,train,2.7948,0.1817,5.67,2.4030,3.41,4826,2482.1,4.487,4.480
3910,train,3.5449,0.1271,10.31,3.0072,6.16,4649,2482.6,8.443,8.424
3911,train,3.4260,0.0737,9.20,3.0730,7.58,4842,2483.2,6.094,6.058
3912,train,2.6670,0.2718,6.28,2.1786,5.00,4430,2483.8,3.946,3.918
3913,train,3.5858,0.0335,9.52,3.2252,9.58,4387,2484.4,7.277,7.272
3914,train,3.4546,0.1396,7.41,3.2352,6.16,4835,2485.0,6.415,6.407
3915,train,3.0271,0.1809,8.57,2.6962,8.08,4228,2485.6,6.480,6.466
3916,train,3.1973,0.1793,6.14,2.9500,5.24,4584,2486.2,4.725,4.707
3917,train,2.9874,0.1764,6.15,2.6431,5.00,4326,2486.7,2.660,2.617
3918,train,2.6610,0.1418,4.84,2.4997,4.83,3943,2487.3,2.522,2.509
3919,train,3.9385,0.0361,10.71,3.8421,9.61,4041,2487.9,9.742,9.734
3920,train,3.5164,0.1602,7.14,3.3507,5.12,4238,2488.5,5.963,5.952
3921,train,3.2215,0.0734,8.82,2.9631,11.41,4059,2489.1,6.489,6.466
3922,train,3.3318,0.0950,7.13,2.4341,4.65,5222,2489.7,4.991,4.986
3923,train,3.1552,0.1488,9.27,2.8204,8.50,4757,2490.3,7.631,7.557
3924,train,4.6565,0.0569,13.97,4.5583,9.05,3901,2490.8,11.877,11.869
3925,train,3.0504,0.1511,6.71,2.5424,6.00,4442,2491.4,2.916,2.874
3926,train,2.7253,0.2623,4.61,2.3193,3.65,3935,2492.0,2.519,2.511
3927,train,3.0447,0.2533,7.95,2.4804,5.00,4458,2492.6,6.287,6.263
3928,train,3.7077,0.0614,11.42,3.5038,11.25,5779,2493.2,9.900,9.896
3929,train,3.3315,0.1035,7.97,2.7688,5.16,4966,2493.8,6.046,6.037
3930,train,3.4111,0.1163,9.29,2.6564,5.65,4979,2494.3,6.641,6.620
3931,train,3.4157,0.1289,7.47,3.1939,5.65,4267,2494.9,4.640,4.593
3932,train,4.2331,0.0128,13.81,3.6330,12.62,4598,2495.5,11.530,11.527
3933,train,3.0733,0.0489,8.72,2.6487,9.24,4107,2496.1,6.809,6.805
3934,train,4.2110,0.1045,10.28,3.9364,10.16,4346,2496.7,8.401,8.375
3935,train,2.7893,0.2090,4.66,2.2217,2.41,4905,2497.3,3.249,3.248
3936,train,4.0287,0.0730,10.55,3.4972,8.40,4588,2497.8,9.189,9.180
3937,train,2.7937,0.2125,4.86,2.4458,4.65,4895,2498.4,3.383,3.378
3938,train,2.5715,0.2860,4.68,2.0265,3.00,4259,2499.0,2.923,2.900
3939,train,2.9499,0.1646,5.97,2.4402,3.83,4495,2499.6,3.909,3.892
3940,train,2.8117,0.1046,5.43,2.5348,4.41,4208,2500.2,3.111,3.090
3941,train,3.0257,0.1521,6.84,2.5855,5.41,4897,2500.8,5.231,5.222
3942,train,3.5270,0.1148,9.94,3.1227,11.46,4261,2501.3,9.813,9.810
3943,train,2.9471,0.1102,5.51,2.7825,4.00,4128,2501.9,3.793,3.780
3944,train,3.7155,0.0668,8.82,3.3059,6.58,4985,2502.5,6.689,6.678
3945,train,4.2953,0.1068,13.62,3.8401,11.90,4168,2503.1,13.809,13.803
3946,train,2.7050,0.1502,5.30,2.2508,4.41,4313,2503.7,3.988,3.978
3947,train,3.1787,0.1278,6.57,2.7857,5.24,4046,2504.3,5.664,5.655
3948,train,3.3879,0.1346,8.53,2.8692,4.24,4682,2504.8,6.504,6.495
3949,train,3.3796,0.1083,8.62,3.1819,7.36,4311,2505.4,6.205,6.204
3950,train,3.9341,0.0767,9.22,3.6352,10.47,4992,2506.0,7.529,7.526
3951,train,3.7453,0.0790,11.33,3.3511,12.86,5087,2506.6,8.738,8.733
3952,train,4.2994,0.0265,10.18,3.8569,10.94,4877,2507.2,8.788,8.787
3953,train,3.3040,0.1992,10.13,2.7890,7.47,5014,2507.8,6.765,6.755
3954,train,5.2529,0.0049,18.31,4.9850,15.38,5360,2508.3,16.144,16.143
3955,train,3.3339,0.1178,7.37,2.6413,5.16,4500,2508.9,5.393,5.370
3956,train,2.9656,0.2490,6.14,2.6917,5.24,4429,2509.5,5.207,5.204
3957,train,3.2220,0.1263,6.17,2.8600,3.24,4584,2510.1,4.925,4.917
3958,train,3.0851,0.1533,5.78,2.9438,5.24,4428,2510.7,3.347,3.344
3959,train,3.3101,0.1158,9.73,3.1821,8.93,4379,2511.3,8.595,8.579
3960,train,2.9713,0.2148,5.65,2.5970,4.24,4813,2511.8,4.578,4.486
3961,train,3.3041,0.0382,6.48,3.0204,5.41,4630,2512.4,5.097,5.096
3962,train,2.9524,0.1405,6.53,2.6264,6.12,4092,2513.0,4.556,4.529
3963,train,2.7565,0.1814,4.80,2.3127,4.83,4334,2513.6,3.380,3.363
3964,train,4.2689,0.1255,14.47,4.2986,15.90,4509,2514.2,14.224,14.223
3965,train,2.3732,0.3268,3.55,1.8863,1.00,4811,2514.8,2.125,2.116
3966,train,4.2195,0.0265,7.90,3.9253,6.65,4000,2515.3,6.840,6.837
3967,train,2.3243,0.3003,3.72,1.9617,1.00,4455,2515.9,1.805,1.775
3968,train,3.2096,0.1551,6.41,2.7016,5.16,4694,2516.5,5.415,5.409
3969,train,4.6198,0.0074,10.98,4.3722,10.42,4708,2517.1,10.995,10.994
3970,train,3.2237,0.1372,11.77,3.0277,14.07,4155,2517.7,10.652,10.636
3971,train,3.1094,0.0787,7.63,2.8086,7.89,4130,2518.3,5.837,5.831
3972,train,3.8834,0.1427,16.07,3.3719,14.34,4463,2518.8,13.263,13.256
3973,train,2.7743,0.1493,6.21,2.2484,4.00,4381,2519.4,5.087,5.082
3974,train,3.0538,0.2191,10.35,2.5579,7.00,4537,2520.0,7.767,7.765
3975,train,3.4135,0.0883,9.57,3.3337,11.83,4464,2520.6,8.745,8.741
3976,train,3.5510,0.0715,7.38,3.2330,5.06,4724,2521.2,3.749,3.733
3977,train,4.3762,0.0497,11.84,4.0852,12.89,5633,2521.8,9.705,9.698
3978,train,2.7473,0.2067,7.59,2.1413,10.52,4538,2522.4,6.042,6.035
3979,train,2.9013,0.1556,9.04,2.6641,9.41,4544,2522.9,6.056,6.047
3980,train,4.6217,0.0083,16.71,4.5807,20.04,4336,2523.5,14.850,14.848
3981,train,3.5525,0.1361,6.60,3.3602,6.24,4451,2524.1,5.743,5.738
3982,train,3.2337,0.1688,7.14,2.7965,5.16,4533,2524.7,5.568,5.542
3983,train,2.3427,0.2891,3.76,1.9527,4.00,4815,2525.3,1.813,1.798
3984,train,2.9940,0.1320,5.53,2.6093,4.00,5411,2525.9,4.089,4.073
3985,train,4.0801,0.0299,8.93,3.7128,9.05,4747,2526.4,6.236,6.177
3986,train,3.7809,0.2357,10.00,3.2103,8.71,4837,2527.0,7.843,7.829
3987,train,3.6650,0.0409,6.96,3.3248,6.47,5481,2527.6,5.745,5.741
3988,train,3.0259,0.2735,5.70,2.5965,4.00,4234,2528.2,4.365,4.344
3989,train,3.7170,0.0470,11.68,3.2952,9.05,4148,2528.8,9.047,9.037
3990,train,2.9443,0.1210,5.40,2.6041,4.00,4605,2529.4,3.694,3.674
3991,train,3.5624,0.0992,8.96,3.2199,7.61,4988,2529.9,6.249,6.211
3992,train,3.5060,0.1494,12.80,3.1101,12.07,4331,2530.5,10.961,10.934
3993,train,3.1397,0.1195,6.55,2.4627,5.24,4609,2531.1,2.311,2.301
3994,train,4.3276,0.0661,12.83,3.9773,12.22,3768,2531.7,12.057,12.039
3995,train,2.3101,0.3620,4.66,1.8139,1.00,3917,2532.3,3.742,3.729
3996,train,2.9542,0.2526,5.97,2.6402,6.02,4026,2532.9,4.775,4.766
3997,train,3.9485,0.0626,8.90,3.9664,8.56,4088,2533.4,6.628,6.622
3998,train,2.5602,0.1531,5.41,2.1504,5.65,4154,2534.0,2.335,2.317
3999,train,3.0911,0.1567,6.58,2.6559,3.41,4997,2534.6,4.495,4.488
4000,train,3.3656,0.3171,7.32,3.0143,4.12,4197,2535.2,6.104,6.062
4000,val,3.4260,0.1219,8.48,3.0785,7.69,222066,2562.9,6.541,6.524
4001,train,4.3504,0.0105,11.49,4.2327,10.60,5042,2564.0,9.269,9.265
4002,train,3.7062,0.0397,8.13,3.4545,6.48,4533,2564.6,5.823,5.816
4003,train,2.8652,0.2878,7.78,2.4063,4.00,4235,2565.2,6.309,6.292
4004,train,2.8838,0.2342,5.93,2.4506,4.41,4393,2565.8,4.274,4.271
4005,train,3.9585,0.1384,11.36,3.8596,10.49,5073,2566.3,9.544,9.541
4006,train,3.8612,0.0222,15.68,3.4999,17.31,4598,2566.9,12.717,12.710
4007,train,4.6899,0.0107,13.28,4.4707,10.24,4305,2567.5,12.917,12.912
4008,train,3.0163,0.1143,6.90,2.5091,6.83,4268,2568.1,4.531,4.523
4009,train,5.8141,0.0442,15.62,5.3856,12.19,4779,2568.7,11.561,11.560
4010,train,3.7232,0.0678,9.12,3.1203,8.00,4954,2569.3,7.716,7.714
4011,train,4.5134,0.0158,18.28,4.1224,18.16,4569,2569.8,17.414,17.412
4012,train,5.0952,0.0083,15.71,4.9530,14.61,5655,2570.4,13.574,13.567
4013,train,3.2108,0.1012,6.01,2.8303,4.00,4585,2571.0,5.275,5.270
4014,train,3.0576,0.2287,7.77,2.7111,5.47,4879,2571.6,4.798,4.782
4015,train,3.5833,0.0799,7.77,3.1376,7.06,5194,2572.2,4.847,4.839
4016,train,2.8275,0.2271,6.37,2.6047,6.95,4086,2572.8,3.204,3.200
4017,train,3.7350,0.0886,9.85,3.5253,7.32,3962,2573.3,9.103,9.099
4018,train,3.7044,0.0359,10.77,3.3732,10.24,5432,2573.9,7.283,7.261
4019,train,3.4266,0.0931,6.87,3.3285,6.47,4008,2574.5,5.307,5.290
4020,train,4.1095,0.0150,12.70,3.8691,10.71,4722,2575.1,10.777,10.774
4021,train,3.5335,0.0723,8.74,3.2038,5.83,4133,2575.7,7.286,7.280
4022,train,3.1927,0.1297,6.20,2.8461,5.00,4543,2576.3,5.389,5.385
4023,train,2.8195,0.1806,5.90,2.5450,3.65,4231,2576.8,3.869,3.856
4024,train,3.2833,0.0722,8.35,3.1147,6.65,4614,2577.4,6.405,6.401
4025,train,3.3523,0.0905,8.13,2.8636,7.66,4764,2578.0,6.633,6.629
4026,train,3.4530,0.1457,6.84,2.9011,4.24,4531,2578.6,5.323,5.321
4027,train,2.4220,0.3725,3.58,2.0188,3.00,4400,2579.2,1.753,1.744
4028,train,3.7839,0.0161,9.59,3.6171,8.06,3925,2579.8,6.737,6.727
4029,train,3.0853,0.1365,7.11,2.8550,6.00,4514,2580.3,6.100,6.086
4030,train,2.7944,0.2755,4.62,2.2858,2.41,5092,2580.9,3.888,3.885
4031,train,3.8609,0.0278,10.17,3.6275,9.62,4072,2581.5,8.650,8.647
4032,train,3.7603,0.0870,13.29,3.5350,13.89,4851,2582.1,11.793,11.776
4033,train,2.8197,0.1712,5.55,2.6545,6.24,4024,2582.7,4.056,4.025
4034,train,3.0812,0.1558,8.63,2.6151,7.00,4513,2583.3,7.198,7.195
4035,train,4.0765,0.0771,9.75,3.6896,8.00,4698,2583.8,8.519,8.517
4036,train,3.0515,0.1697,6.17,2.8105,4.41,4350,2584.4,3.415,3.388
4037,train,3.0223,0.1950,6.40,2.3708,3.00,4513,2585.0,4.314,4.303
4038,train,3.4858,0.1266,9.03,3.2187,8.71,4036,2585.6,5.910,5.901
4039,train,3.8952,0.0773,12.26,3.5746,13.81,4913,2586.2,8.438,8.424
4040,train,3.6765,0.0457,8.42,3.4877,8.58,4767,2586.8,7.313,7.305
4041,train,2.9879,0.1590,6.48,2.5598,5.00,5001,2587.3,5.013,5.009
4042,train,3.3807,0.1279,8.61,3.1240,8.51,4387,2587.9,6.698,6.682
4043,train,4.0096,0.0937,17.49,3.7714,17.63,4587,2588.5,15.566,15.561
4044,train,4.4213,0.0263,12.95,4.0775,10.91,4518,2589.1,9.875,9.873
4045,train,3.3280,0.2490,7.15,2.9761,4.24,4064,2589.7,2.971,2.702
4046,train,4.0642,0.0307,8.88,3.5559,7.24,4142,2590.3,8.380,8.376
4047,train,4.3895,0.0509,14.55,4.1965,14.50,4833,2590.8,12.922,12.919
4048,train,3.5848,0.0883,7.88,3.2186,5.41,4498,2591.4,7.240,7.238
4049,train,4.4298,0.1002,14.52,3.7667,10.54,4579,2592.0,9.931,9.920
4050,train,4.1272,0.0320,9.91,3.9160,9.41,4843,2592.6,8.747,8.743
4051,train,4.3736,0.0792,12.05,3.7752,10.24,4659,2593.2,8.895,8.889
4052,train,3.7483,0.0839,8.33,3.3519,7.54,4268,2593.8,6.503,6.492
4053,train,2.2016,0.3962,3.38,1.6578,1.00,4303,2594.3,1.614,1.596
4054,train,2.5926,0.2206,4.76,2.0254,2.00,4497,2594.9,2.803,2.795
4055,train,3.6241,0.0560,13.70,3.1320,14.60,4232,2595.5,12.421,12.418
4056,train,3.4805,0.0518,8.35,3.1136,7.54,4285,2596.1,7.459,7.429
4057,train,2.6427,0.1921,4.81,2.1443,2.00,4238,2596.7,2.539,2.518
4058,train,3.1985,0.0827,6.58,2.6176,4.41,4073,2597.3,5.959,5.952
4059,train,3.0694,0.0536,6.09,2.7109,6.00,3898,2597.8,4.338,4.336
4060,train,3.5311,0.1050,7.80,3.2289,6.99,4230,2598.4,6.217,6.216
4061,train,2.6070,0.2965,4.52,2.3722,4.00,4192,2599.0,3.565,3.555
4062,train,3.0809,0.1290,6.95,2.6564,6.47,4891,2599.6,5.466,5.465
4063,train,3.0623,0.2261,8.61,2.5670,8.25,4131,2600.2,6.410,6.405
4064,train,3.3619,0.1181,6.64,3.1473,7.06,4286,2600.8,6.168,6.167
4065,train,3.8894,0.1492,8.14,3.5149,6.00,4074,2601.3,8.057,8.051
4066,train,3.9295,0.1934,7.95,3.4143,5.12,4597,2601.9,6.956,6.954
4067,train,4.6504,0.1323,12.55,4.2093,10.95,4126,2602.5,12.118,12.117
4068,train,4.5015,0.0367,19.26,3.7679,18.17,5337,2603.1,16.442,16.430
4069,train,3.0112,0.0830,8.75,2.4769,8.00,4025,2603.7,7.937,7.934
4070,train,3.3461,0.1414,8.16,3.1574,7.51,4525,2604.3,5.919,5.906
4071,train,3.8869,0.0530,13.76,3.8842,14.60,4867,2604.8,12.766,12.758
4072,train,3.1374,0.1378,6.00,2.8327,4.00,4812,2605.4,3.521,3.515
4073,train,2.9096,0.2091,5.65,2.6521,2.83,3969,2606.0,4.638,4.637
4074,train,3.4800,0.0488,7.13,3.1208,5.24,4732,2606.6,5.587,5.586
4075,train,3.6873,0.2079,6.80,3.3384,5.16,4484,2607.2,5.046,5.036
4076,train,5.1656,0.0059,17.40,5.1349,19.72,4062,2607.8,16.026,16.023
4077,train,3.9963,0.0290,8.60,3.5112,7.65,4616,2608.3,7.255,7.251
4078,train,3.0977,0.1360,7.33,3.0836,7.83,3964,2608.9,6.536,6.526
4079,train,4.0250,0.1576,11.27,3.4590,9.68,4377,2609.5,9.316,9.313
4080,train,3.1952,0.1622,6.78,2.6199,6.58,4852,2610.1,3.780,3.774
4081,train,3.1978,0.1647,6.99,2.9068,7.00,4383,2610.7,4.883,4.838
4082,train,2.8474,0.1843,5.93,2.2757,3.00,5187,2611.3,4.981,4.981
4083,train,3.4105,0.0195,7.51,3.2851,7.41,4567,2611.8,6.162,6.160
4084,train,4.0498,0.1481,10.91,3.6476,9.10,4084,2612.4,9.704,9.700
4085,train,3.1506,0.2243,9.00,2.8638,10.25,4263,2613.0,6.035,6.026
4086,train,2.8575,0.2348,6.08,2.3567,4.83,4237,2613.6,3.492,3.479
4087,train,2.7459,0.1815,6.99,2.2312,7.00,3862,2614.2,4.846,4.844
4088,train,3.3588,0.1332,6.51,2.8801,5.06,4827,2614.8,4.291,4.288
4089,train,3.6510,0.0902,7.26,3.5016,5.24,5154,2615.3,4.858,4.856
4090,train,3.0011,0.0615,8.54,2.7130,9.10,4111,2615.9,5.537,5.516
4091,train,2.9789,0.1927,7.07,2.5148,2.00,4831,2616.5,3.179,3.091
4092,train,2.8069,0.2257,5.91,2.2856,3.00,4107,2617.1,5.566,5.564
4093,train,2.9899,0.1315,5.96,2.7042,6.00,4174,2617.7,4.299,4.292
4094,train,3.8000,0.0301,9.14,3.5099,9.19,4052,2618.3,8.291,8.275
4095,train,2.4775,0.3079,5.42,2.1328,6.12,4420,2618.8,3.342,3.338
4096,train,2.3385,0.3406,4.21,1.5720,2.00,4178,2619.4,1.704,1.662
4097,train,2.5517,0.2830,4.66,1.9850,2.41,4678,2620.0,4.115,4.091
4098,train,2.9528,0.1939,6.64,2.3746,7.00,4322,2620.6,3.924,3.912
4099,train,2.6848,0.1925,4.84,2.2863,3.41,4410,2621.2,3.481,3.465
4100,train,3.8393,0.0385,9.18,3.3171,7.58,4861,2621.8,6.893,6.889
4101,train,4.3097,0.0647,15.41,3.8931,14.00,4512,2622.3,12.288,12.271
4102,train,2.9833,0.1159,5.99,2.3903,5.65,4885,2622.9,4.082,4.077
4103,train,3.3763,0.1317,6.92,2.9698,5.24,4494,2623.5,4.830,4.827
4104,train,2.7133,0.2625,5.32,1.9478,3.24,4991,2624.1,3.564,3.552
4105,train,3.7440,0.0669,10.94,3.2217,9.62,5228,2624.7,9.779,9.761
4106,train,3.0402,0.1758,7.87,2.5145,5.61,3964,2625.3,4.190,4.170
4107,train,3.0398,0.0931,6.21,2.5462,5.00,5068,2625.8,4.304,4.304
4108,train,3.3983,0.1383,9.35,2.6509,7.00,5039,2626.4,6.961,6.961
4109,train,2.5750,0.2133,4.89,2.0322,3.00,4003,2627.0,4.340,4.338
4110,train,3.0153,0.1409,7.53,2.7703,6.00,4053,2627.6,6.663,6.649
4111,train,3.6619,0.0212,8.22,3.3065,6.83,4582,2628.2,5.238,5.226
4112,train,3.2516,0.1772,7.66,2.7398,4.41,4757,2628.8,5.748,5.745
4113,train,3.0251,0.1289,6.69,2.8987,6.00,4602,2629.3,5.685,5.676
4114,train,4.4685,0.0709,14.90,4.1840,14.01,4742,2629.9,13.135,13.133
4115,train,3.4300,0.2097,7.83,2.8452,4.00,4782,2630.5,6.309,6.298
4116,train,4.7381,0.1417,16.27,4.6573,17.09,3867,2631.1,15.183,15.177
4117,train,3.5091,0.1727,10.12,2.8651,7.32,4550,2631.7,7.265,7.261
4118,train,4.4935,0.0445,15.87,3.9234,12.89,4475,2632.3,12.814,12.814
4119,train,3.0924,0.1125,6.28,2.8214,5.41,4230,2632.8,2.476,2.459
4120,train,2.9878,0.1857,11.14,2.6190,10.31,4389,2633.4,9.237,9.229
4121,train,3.9770,0.0971,15.34,3.1730,13.08,5251,2634.0,11.948,11.942
4122,train,3.4454,0.1899,13.89,3.0648,13.22,4570,2634.6,10.599,10.579
4123,train,3.3429,0.1049,7.62,3.0263,4.65,4517,2635.2,5.732,5.708
4124,train,2.7474,0.2192,4.81,2.4453,4.41,4795,2635.8,1.792,1.764
4125,train,3.6247,0.0904,7.75,3.6004,6.48,5047,2636.3,6.952,6.889
4126,train,3.7803,0.1646,10.54,3.7337,11.49,3869,2636.9,9.215,9.202
4127,train,3.1775,0.0889,8.73,2.9085,11.12,4702,2637.5,6.656,6.649
4128,train,4.4429,0.0108,22.85,4.1958,25.76,4717,2638.1,19.388,19.386
4129,train,4.2104,0.0342,10.30,3.6932,8.63,4438,2638.7,7.238,7.236
4130,train,3.3425,0.0619,8.40,3.1257,9.41,4089,2639.3,6.085,6.077
4131,train,3.1934,0.1208,6.90,2.5707,5.41,4105,2639.8,4.800,4.790
4132,train,3.7108,0.0295,9.25,3.4258,9.21,4783,2640.4,5.705,5.701
4133,train,3.1166,0.2020,12.22,2.5341,9.62,4961,2641.0,7.495,7.477
4134,train,4.2704,0.0738,11.01,3.8021,10.12,4120,2641.6,8.581,8.580
4135,train,3.3997,0.1046,8.29,3.0253,6.02,4734,2642.2,5.514,5.510
4136,train,3.9846,0.1535,7.49,3.7463,5.41,4188,2642.8,6.184,6.176
4137,train,3.6071,0.0536,7.13,3.2162,4.41,4275,2643.3,4.628,4.597
4138,train,3.9164,0.0793,9.98,3.8753,12.29,4613,2643.9,8.903,8.896
4139,train,3.7823,0.0158,10.04,3.1999,9.83,4680,2644.5,9.187,9.186
4140,train,2.3999,0.2781,4.39,1.6957,2.00,4566,2645.1,3.163,3.123
4141,train,2.9830,0.1787,6.08,2.5268,4.16,4377,2645.7,4.922,4.916
4142,train,3.0240,0.1422,7.25,2.4957,6.12,4543,2646.2,5.020,5.017
4143,train,3.0630,0.1351,6.81,2.6649,6.65,4507,2646.8,4.726,4.713
4144,train,4.2724,0.0160,12.27,4.0992,13.90,4807,2647.4,11.276,11.269
4145,train,3.2598,0.0869,6.53,2.9693,4.24,4406,2648.0,5.809,5.798
4146,train,3.0423,0.2090,5.13,2.6371,5.00,4201,2648.6,3.618,3.589
4147,train,3.2332,0.0784,6.44,3.1556,6.24,4553,2649.2,4.006,4.002
4148,train,4.7318,0.1025,15.64,4.0695,13.17,5383,2649.8,12.022,12.017
4149,train,4.4894,0.0117,20.06,3.9826,20.16,4857,2650.3,17.521,17.518
4150,train,3.4260,0.1664,9.19,3.0444,7.58,3966,2650.9,8.370,8.368
4151,train,3.3095,0.0652,6.99,2.9931,6.00,4830,2651.5,4.849,4.842
4152,train,3.5144,0.0288,9.02,3.1080,9.16,4717,2652.1,6.495,6.488
4153,train,3.9098,0.0720,8.73,3.7192,9.39,4350,2652.7,8.196,8.188
4154,train,2.8340,0.1638,6.26,2.1436,4.16,5276,2653.3,4.057,4.033
4155,train,3.1508,0.0563,9.01,2.6056,8.51,4618,2653.8,7.065,7.059
4156,train,2.8535,0.1751,9.68,2.3440,11.07,4500,2654.4,7.415,7.397
4157,train,2.4132,0.2176,4.68,1.9736,2.41,4113,2655.0,3.256,3.254
4158,train,4.2523,0.0917,10.43,4.0187,10.49,4470,2655.6,8.641,8.638
4159,train,4.5869,0.1404,12.55,3.6105,10.49,4287,2656.2,11.138,11.136
4160,train,3.7015,0.1254,9.24,3.2378,7.74,4562,2656.8,7.691,7.684
4161,train,3.1161,0.1335,11.78,2.3879,9.50,4922,2657.3,9.158,9.155
4162,train,3.1012,0.1940,9.41,2.6969,8.32,4666,2657.9,6.860,6.852
4163,train,4.6590,0.0913,9.82,3.8542,8.18,5060,2658.5,8.421,8.413
4164,train,2.7764,0.1871,5.68,2.4788,4.83,3789,2659.1,2.922,2.911
4165,train,2.7988,0.1651,4.76,2.2469,3.00,4446,2659.7,3.625,3.615
4166,train,3.2013,0.0730,11.34,2.5672,8.00,4820,2660.3,8.427,8.415
4167,train,3.2130,0.0933,6.63,2.9309,5.65,5583,2660.8,3.396,3.391
4168,train,3.0492,0.2959,8.32,2.3974,6.00,3924,2661.4,6.233,6.229
4169,train,2.7597,0.0867,5.25,2.4943,4.00,4036,2662.0,4.170,4.161
4170,train,4.3489,0.0666,11.57,3.9263,10.43,4832,2662.6,10.543,10.542
4171,train,2.7528,0.2298,5.17,2.4357,3.41,4496,2663.2,4.073,4.067
4172,train,3.2107,0.2010,12.92,2.5986,11.00,3865,2663.8,9.795,9.789
4173,train,3.2332,0.1312,6.61,2.7293,3.41,5479,2664.3,5.093,5.084
4174,train,3.8547,0.0142,9.99,3.7050,9.16,4734,2664.9,7.601,7.601
4175,train,3.1902,0.0917,7.30,2.8192,3.41,4788,2665.5,5.508,5.500
4176,train,3.3360,0.1138,10.22,3.0605,10.74,4647,2666.1,7.107,7.091
4177,train,2.5533,0.2029,4.53,2.1228,5.24,4988,2666.7,2.788,2.788
4178,train,2.5730,0.1016,5.27,2.0305,4.41,3928,2667.3,4.517,4.513
4179,train,3.7797,0.1043,9.19,3.5132,8.74,4440,2667.8,6.597,6.594
4180,train,3.7416,0.0919,9.57,3.0521,7.02,4714,2668.4,6.033,6.031
4181,train,3.0992,0.1822,5.98,2.8902,5.24,3743,2669.0,3.944,3.941
4182,train,3.8424,0.1247,7.10,4.0632,7.83,5046,2669.6,6.966,6.961
4183,train,2.7434,0.1867,7.19,2.2297,1.00,4457,2670.2,4.631,4.583
4184,train,3.7737,0.0250,10.97,3.6168,7.40,4442,2670.8,7.902,7.901
4185,train,3.3474,0.1614,7.13,2.8361,6.24,4305,2671.3,6.437,6.431
4186,train,2.7190,0.2131,4.85,2.2657,3.41,5447,2671.9,2.642,2.641
4187,train,2.4839,0.2862,4.06,2.0707,3.41,4525,2672.5,1.903,1.900
4188,train,3.3210,0.1095,8.59,3.2084,9.70,4631,2673.1,6.212,6.209
4189,train,3.4604,0.0535,7.21,3.1119,6.83,4787,2673.7,5.575,5.571
4190,train,2.6466,0.2712,5.49,2.3086,4.00,4712,2674.3,4.378,4.350
4191,train,3.4832,0.0482,10.60,3.3993,9.24,5907,2674.8,7.170,7.166
4192,train,3.9663,0.1110,11.50,3.3758,7.12,4488,2675.4,9.132,9.127
4193,train,2.4387,0.2003,4.29,2.0803,2.41,4493,2676.0,2.890,2.883
4194,train,2.9696,0.1794,5.32,2.5427,4.41,4687,2676.6,3.049,3.034
4195,train,3.0129,0.1471,5.96,2.4875,4.83,4282,2677.2,4.179,4.159
4196,train,3.7624,0.0730,7.69,3.4550,7.41,4819,2677.8,5.564,5.557
4197,train,2.7648,0.1550,5.43,2.2393,5.00,4476,2678.3,3.784,3.779
4198,train,4.3335,0.1365,8.71,4.0004,7.00,4411,2678.9,6.358,6.349
4199,train,4.0428,0.0502,7.22,3.4900,6.06,4404,2679.5,6.498,6.496
4200,train,2.4889,0.2533,5.63,1.7578,3.00,3881,2680.1,3.252,3.249
4201,train,2.9392,0.1559,5.19,2.3268,5.24,4156,2680.7,4.320,4.319
4202,train,3.3754,0.1655,10.31,3.1250,9.08,5330,2681.3,8.410,8.409
4203,train,2.8816,0.2656,5.03,2.3829,4.24,3953,2681.8,4.076,4.074
4204,train,2.8752,0.2287,5.69,2.3822,3.83,4146,2682.4,3.825,3.796
4205,train,3.1132,0.1870,6.70,2.5248,4.00,4540,2683.0,5.547,5.537
4206,train,2.7401,0.1543,4.96,2.1711,4.83,4654,2683.6,3.366,3.362
4207,train,3.0331,0.0604,6.35,2.6373,5.24,3892,2684.2,4.530,4.526
4208,train,2.8197,0.1587,7.28,2.1912,7.41,4208,2684.7,5.311,5.306
4209,train,3.4609,0.1647,8.18,2.7596,4.16,4699,2685.3,4.556,4.545
4210,train,3.0453,0.1311,6.56,2.7755,7.58,4890,2685.9,6.114,6.113
4211,train,2.7038,0.2208,4.96,1.9949,2.00,5132,2686.5,3.150,3.147
4212,train,3.8386,0.0856,11.19,3.3901,8.62,4884,2687.1,7.325,7.323
4213,train,3.4476,0.0831,7.08,3.0451,6.83,4187,2687.7,4.625,4.621
4214,train,3.0036,0.1217,6.13,2.4093,4.41,4479,2688.3,3.989,3.985
4215,train,3.7185,0.0558,8.50,3.1492,8.24,4944,2688.8,7.724,7.720
4216,train,2.7415,0.1989,7.62,2.2865,7.41,4445,2689.4,4.695,4.693
4217,train,2.5102,0.2462,4.79,2.1742,3.41,4313,2690.0,3.078,3.062
4218,train,2.8734,0.1304,7.76,2.4691,4.00,3757,2690.6,5.556,5.546
4219,train,3.3757,0.1162,7.69,3.1011,7.06,4467,2691.2,5.764,5.763
4220,train,3.7754,0.0442,8.46,3.2933,8.77,4589,2691.7,7.745,7.742
4221,train,2.7596,0.1820,9.06,2.3606,9.71,3902,2692.3,6.954,6.951
4222,train,3.6416,0.1814,8.50,3.1291,6.32,4878,2692.9,6.675,6.673
4223,train,2.8703,0.1481,5.30,2.4223,5.06,4646,2693.5,3.347,3.343
4224,train,2.9897,0.1399,8.22,2.4864,6.83,4481,2694.1,6.638,6.627
4225,train,2.8811,0.1774,5.82,2.5336,4.24,4719,2694.7,4.015,4.010
4226,train,3.2182,0.1473,6.05,2.9211,4.41,4839,2695.2,4.950,4.947
4227,train,3.3494,0.1712,7.51,2.7298,4.16,5117,2695.8,3.464,3.435
4228,train,3.5613,0.1256,6.78,3.2928,6.58,4395,2696.4,5.334,5.327
4229,train,2.8567,0.1590,5.61,2.4519,4.00,3566,2697.0,5.067,5.065
4230,train,2.7287,0.1266,5.13,2.1845,3.00,4676,2697.6,3.118,3.113
4231,train,2.6807,0.2230,4.31,2.3066,3.41,4995,2698.2,2.036,2.024
4232,train,4.0221,0.0508,10.78,4.0654,11.68,4172,2698.8,10.074,10.073
4233,train,2.0870,0.3790,3.92,1.5981,3.00,3828,2699.3,2.693,2.691
4234,train,2.5742,0.3003,7.23,2.1719,7.00,4342,2699.9,6.895,6.893
4235,train,3.7913,0.0225,8.78,3.5352,7.65,4275,2700.5,8.084,8.083
4236,train,2.8046,0.1378,5.02,2.2177,4.00,5401,2701.1,3.257,3.245
4237,train,3.1931,0.0651,6.43,3.1568,5.41,4258,2701.7,5.860,5.854
4238,train,3.1157,0.2003,6.82,2.5746,3.83,5462,2702.3,5.999,5.980
4239,train,3.8607,0.0826,11.31,3.2423,12.02,4829,2702.8,10.604,10.591
4240,train,3.5735,0.0608,11.31,3.2235,10.16,5215,2703.4,9.932,9.927
4241,train,2.7889,0.2239,5.23,2.3152,2.00,4404,2704.0,3.301,3.284
4242,train,2.7799,0.2983,5.57,2.3474,4.16,4335,2704.6,3.385,3.346
4243,train,3.0662,0.2677,7.76,2.5642,8.24,4355,2705.2,6.101,6.062
4244,train,4.1261,0.0597,9.86,3.6237,8.83,4257,2705.8,7.570,7.558
4245,train,2.9204,0.1449,5.21,2.4569,4.00,4492,2706.3,3.300,3.283
4246,train,3.1657,0.1386,5.96,2.5419,5.24,4443,2706.9,4.174,4.172
4247,train,2.9126,0.1121,6.34,2.6691,6.00,4408,2707.5,4.645,4.639
4248,train,3.4922,0.0785,6.60,2.9207,4.24,4447,2708.1,4.894,4.891
4249,train,3.2655,0.0606,7.05,3.3578,6.47,4888,2708.7,5.422,5.413
4250,train,3.6430,0.1059,11.13,3.0198,11.51,4449,2709.3,10.431,10.430
4251,train,3.1119,0.1207,6.16,2.7679,4.00,5318,2709.8,4.205,4.199
4252,train,3.8743,0.1310,11.17,3.3043,10.31,5421,2710.4,9.518,9.516
4253,train,2.6222,0.2843,8.77,2.5492,9.41,4991,2711.0,7.463,7.456
4254,train,3.5121,0.1301,10.48,3.2828,10.40,4787,2711.6,8.161,8.145
4255,train,2.7458,0.2853,4.78,2.1202,2.41,4472,2712.2,2.317,2.315
4256,train,3.1746,0.1406,7.20,2.5877,4.41,4587,2712.8,6.277,6.265
4257,train,4.0211,0.1232,12.13,3.5796,12.24,4456,2713.3,10.892,10.887
4258,train,2.9841,0.1527,5.79,2.4187,4.65,4859,2713.9,5.375,5.372
4259,train,3.0187,0.0737,6.50,2.7166,5.65,4667,2714.5,5.254,5.254
4260,train,3.2318,0.1446,6.15,3.0139,4.65,4834,2715.1,4.074,4.013
4261,train,2.8376,0.2966,4.84,2.5773,3.24,4025,2715.7,3.684,3.678
4262,train,2.4363,0.2796,3.94,1.8743,2.00,4971,2716.3,2.923,2.894
4263,train,3.5981,0.0278,12.33,3.2452,10.41,4604,2716.8,8.831,8.829
4264,train,4.6744,0.0100,14.27,4.5179,11.64,4283,2717.4,12.742,12.740
4265,train,2.6182,0.2720,5.76,2.1914,3.16,4548,2718.0,4.584,4.575
4266,train,2.9054,0.1268,6.12,2.3725,4.41,4661,2718.6,3.703,3.687
4267,train,3.7086,0.0520,10.76,3.2063,9.12,4831,2719.2,9.202,9.198
4268,train,2.5322,0.1588,5.34,2.0317,4.24,4099,2719.8,3.130,3.122
4269,train,2.7007,0.2033,5.48,2.0124,4.00,4722,2720.3,3.990,3.981
4270,train,2.9125,0.2442,4.85,2.3246,3.41,4991,2720.9,2.875,2.854
4271,train,3.7415,0.0877,6.23,4.0098,5.83,4627,2721.5,5.293,5.284
4272,train,2.9171,0.1176,5.92,2.7063,4.00,5569,2722.1,3.766,3.757
4273,train,3.5451,0.0751,10.95,3.3713,11.55,4302,2722.7,8.048,8.027
4274,train,3.2001,0.2292,11.16,3.0533,13.38,4293,2723.3,9.755,9.752
4275,train,3.1734,0.0702,6.54,2.5993,5.24,4818,2723.8,5.598,5.596
4276,train,3.2280,0.0523,7.97,2.9365,7.95,4070,2724.4,4.388,4.372
4277,train,2.9185,0.2108,6.77,2.4863,5.16,5389,2725.0,4.202,4.122
4278,train,3.3618,0.1392,8.64,2.8555,9.16,4425,2725.6,6.769,6.765
4279,train,2.4476,0.2534,4.32,2.2850,3.83,3816,2726.2,2.956,2.946
4280,train,3.4880,0.1181,7.67,3.2979,7.00,5082,2726.8,6.703,6.700
4281,train,3.8036,0.1234,8.02,3.1122,5.61,5284,2727.3,5.840,5.834
4282,train,3.4007,0.0701,7.66,2.6594,6.00,4633,2727.9,6.154,6.148
4283,train,3.8053,0.1535,13.96,3.4992,12.73,4006,2728.5,11.698,11.695
4284,train,4.4551,0.1272,11.23,4.4489,11.08,4126,2729.1,11.039,11.038
4285,train,2.5826,0.2399,4.44,2.3517,4.24,5328,2729.7,3.028,2.995
4286,train,3.6195,0.0248,9.51,3.4151,10.00,4148,2730.3,8.960,8.957
4287,train,3.5807,0.0389,8.49,3.2033,8.23,4349,2730.8,7.933,7.926
4288,train,2.6603,0.1964,4.97,2.2441,3.83,3875,2731.4,4.311,4.307
4289,train,3.0602,0.1572,5.55,2.4986,3.00,3907,2732.0,3.163,3.153
4290,train,2.6819,0.2049,4.93,2.1170,3.41,4787,2732.6,3.449,3.445
4291,train,3.0189,0.1468,6.01,2.6704,5.47,4020,2733.2,4.069,4.063
4292,train,3.5474,0.0689,9.62,3.0863,8.02,4148,2733.7,7.623,7.613
4293,train,3.5471,0.0879,8.81,3.1930,7.89,4618,2734.3,6.892,6.885
4294,train,3.3044,0.0692,7.32,2.6314,4.00,5343,2734.9,5.627,5.620
4295,train,4.2213,0.0823,11.96,4.0033,13.61,4870,2735.5,9.577,9.574
4296,train,2.8483,0.2532,4.85,2.1433,2.41,4968,2736.1,3.036,3.033
4297,train,3.1843,0.1160,6.15,3.1568,6.83,4593,2736.7,6.210,6.187
4298,train,3.0576,0.2036,5.97,2.3212,2.41,4366,2737.3,3.571,3.564
4299,train,2.9277,0.0972,6.96,2.5764,6.00,4457,2737.8,5.655,5.653
4300,train,3.3522,0.1370,7.92,2.6670,6.24,4804,2738.4,4.780,4.774
4301,train,2.9556,0.2412,6.57,2.7039,5.06,4162,2739.0,5.629,5.627
4302,train,2.4722,0.2883,4.46,2.0200,2.00,4304,2739.6,3.454,3.448
4303,train,2.8655,0.2029,6.56,2.3841,6.00,4987,2740.2,4.173,4.162
4304,train,3.8164,0.0291,9.52,3.5596,9.89,4599,2740.7,8.258,8.255
4305,train,3.3655,0.1267,9.80,3.0571,9.10,4152,2741.3,7.435,7.434
4306,train,3.8908,0.0559,9.50,3.4017,8.41,4279,2741.9,6.623,6.586
4307,train,2.6297,0.1478,5.23,2.4704,4.41,3998,2742.5,3.699,3.693
4308,train,3.6436,0.1654,7.40,3.3247,4.47,4751,2743.1,6.005,5.994
4309,train,2.6249,0.2113,6.66,2.1241,6.54,4383,2743.7,5.156,5.148
4310,train,3.3710,0.1217,7.83,2.9685,5.24,5109,2744.2,6.716,6.715
4311,train,2.5410,0.1893,4.77,1.9511,3.41,4046,2744.8,3.716,3.705
4312,train,2.4958,0.2666,4.09,2.1963,3.41,4318,2745.4,2.298,2.294
4313,train,3.1940,0.0593,7.67,2.8673,6.00,4907,2746.0,5.928,5.912
4314,train,2.6614,0.2475,4.89,2.1096,2.41,4283,2746.6,2.901,2.879
4315,train,3.2104,0.1190,6.61,2.7914,4.83,4328,2747.2,5.138,5.136
4316,train,3.9268,0.1010,9.58,3.4259,7.77,4615,2747.7,8.754,8.754
4317,train,3.2262,0.0588,5.97,2.8739,6.00,4306,2748.3,3.987,3.971
4318,train,2.7490,0.1338,5.02,2.4328,3.83,4633,2748.9,2.935,2.922
4319,train,4.0085,0.0295,10.42,3.5914,6.24,4409,2749.5,8.132,8.082
4320,train,2.8943,0.2180,5.26,2.5717,4.00,4481,2750.1,2.771,2.757
4321,train,3.1387,0.0957,6.50,2.7098,6.41,5633,2750.7,4.659,4.650
4322,train,2.8925,0.1940,6.76,2.1241,4.61,4449,2751.2,4.678,4.675
4323,train,3.3401,0.1262,7.68,3.2112,8.93,4454,2751.8,6.116,6.111
4324,train,3.4538,0.1242,9.29,3.0129,9.74,5299,2752.4,6.245,6.241
4325,train,3.0418,0.1463,9.66,2.5365,9.24,4285,2753.0,7.281,7.269
4326,train,3.3278,0.1134,8.19,2.8934,4.24,4505,2753.6,8.228,8.218
4327,train,3.6500,0.0564,11.72,3.4379,11.83,4854,2754.2,10.239,10.218
4328,train,2.5775,0.2671,4.69,1.9439,2.00,4215,2754.7,2.268,2.267
4329,train,3.3862,0.1496,6.29,3.0771,4.41,3963,2755.3,4.578,4.569
4330,train,3.2633,0.1115,8.48,2.7989,6.24,4638,2755.9,4.956,4.952
4331,train,4.4359,0.0740,13.83,3.7796,12.23,3850,2756.5,11.834,11.821
4332,train,3.6070,0.0641,9.69,3.4871,10.12,4617,2757.1,6.433,6.419
4333,train,3.0674,0.0928,9.48,2.4056,9.82,4365,2757.7,7.947,7.942
4334,train,4.0528,0.0463,12.87,3.5931,14.00,4015,2758.2,11.436,11.435
4335,train,2.9212,0.1407,5.80,2.4657,4.65,4315,2758.8,4.640,4.638
4336,train,4.0665,0.0423,15.48,3.7565,14.69,5276,2759.4,10.561,10.556
4337,train,3.4439,0.1776,8.88,3.0524,9.00,4706,2760.0,8.632,8.619
4338,train,3.3560,0.0444,9.93,2.8573,10.54,4239,2760.6,8.781,8.780
4339,train,3.8298,0.0390,13.54,3.5919,11.90,4663,2761.2,8.926,8.917
4340,train,2.9280,0.1818,5.18,2.7505,5.41,4660,2761.7,4.600,4.589
4341,train,2.6495,0.1447,4.66,2.3211,3.00,4300,2762.3,2.944,2.938
4342,train,3.3095,0.1557,10.35,2.7088,11.00,4297,2762.9,6.780,6.763
4343,train,3.0954,0.0943,6.89,2.7094,7.12,4622,2763.5,6.053,6.042
4344,train,3.3099,0.1561,7.08,2.8637,2.83,4588,2764.1,4.275,4.241
4345,train,3.5911,0.1423,6.78,2.9293,5.24,4617,2764.7,4.813,4.811
4346,train,3.4190,0.1092,7.77,3.1891,5.41,5036,2765.3,7.640,7.636
4347,train,3.5435,0.0912,9.56,3.2155,9.24,4014,2765.8,6.352,6.328
4348,train,2.8195,0.3338,4.84,2.4660,2.41,4377,2766.4,3.326,3.288
4349,train,2.7429,0.2520,10.28,2.1427,7.00,4250,2767.0,7.466,7.451
4350,train,3.9024,0.0140,9.26,3.7684,6.65,4349,2767.6,8.430,8.417
4351,train,2.7239,0.1964,4.95,2.0770,4.00,4537,2768.2,3.221,3.213
4352,train,3.4661,0.0769,8.03,3.0861,6.00,4030,2768.7,6.325,6.320
4353,train,2.7513,0.3618,6.62,2.0885,1.00,4055,2769.3,6.881,6.873
4354,train,4.1968,0.0048,16.13,4.0961,16.99,4356,2769.9,15.079,15.077
4355,train,4.1060,0.0282,18.36,3.8391,16.56,4510,2770.5,14.250,14.246
4356,train,3.1553,0.1692,6.10,2.5755,3.41,5219,2771.1,3.773,3.767
4357,train,2.8012,0.3101,3.98,2.3618,2.00,4444,2771.7,2.013,1.986
4358,train,3.4761,0.1040,7.46,3.2476,6.24,4815,2772.3,7.737,7.736
4359,train,2.6437,0.2201,4.85,2.2245,4.24,4503,2772.8,3.859,3.854
4360,train,3.0661,0.0987,7.16,2.7300,7.24,4651,2773.4,4.755,4.750
4361,train,2.4990,0.3096,4.44,2.3175,2.41,4471,2774.0,3.130,3.112
4362,train,3.1091,0.1308,6.69,2.5010,5.47,4725,2774.6,4.358,4.353
4363,train,3.6972,0.0970,14.06,3.3593,8.65,4991,2775.2,10.148,10.145
4364,train,2.9031,0.0983,6.37,2.3191,6.65,4181,2775.8,4.060,4.058
4365,train,3.2120,0.1217,6.74,2.6082,5.24,3895,2776.3,5.614,5.608
4366,train,2.6396,0.2060,5.02,2.1465,3.83,4403,2776.9,2.873,2.873
4367,train,3.6653,0.0707,10.26,3.2212,7.00,5066,2777.5,7.612,7.607
4368,train,3.1740,0.1738,8.96,2.7228,6.41,4316,2778.1,7.714,7.709
4369,train,3.6221,0.2143,10.06,3.1815,8.63,4825,2778.7,7.668,7.663
4370,train,4.8081,0.1314,10.77,4.0431,8.21,5009,2779.3,9.487,9.483
4371,train,2.4473,0.1948,4.41,1.9636,4.00,4265,2779.8,3.400,3.396
4372,train,3.8852,0.1294,8.56,3.5685,7.99,3879,2780.4,7.268,7.267
4373,train,3.0515,0.2144,9.42,2.5481,7.50,5635,2781.0,7.090,7.083
4374,train,3.3221,0.1747,5.98,2.7701,4.41,4887,2781.6,4.088,4.078
4375,train,3.0902,0.1456,7.46,2.6689,5.41,4869,2782.2,5.168,5.152
4376,train,3.0747,0.1558,7.67,2.7441,6.06,4557,2782.8,4.856,4.802
4377,train,3.1373,0.1831,10.49,2.7327,9.00,3873,2783.3,8.864,8.848
4378,train,2.8197,0.0994,5.98,2.1279,5.41,4720,2783.9,4.710,4.708
4379,train,3.2324,0.1631,6.82,2.8116,7.41,5020,2784.5,5.677,5.676
4380,train,2.9638,0.1995,5.58,2.2007,3.65,4380,2785.1,4.300,4.292
4381,train,2.9434,0.1363,5.41,2.3868,4.65,4932,2785.7,3.369,3.366
4382,train,5.1160,0.1672,13.35,4.0254,10.31,4821,2786.3,10.821,10.817
4383,train,2.9214,0.1162,5.87,2.4934,4.83,4485,2786.8,3.677,3.673
4384,train,2.7362,0.1448,5.61,1.9738,4.00,4710,2787.4,4.981,4.977
4385,train,3.0340,0.2530,9.19,2.4168,6.83,4791,2788.0,3.888,3.849
4386,train,2.8221,0.1330,5.76,2.4718,4.41,4218,2788.6,3.499,3.493
4387,train,2.6878,0.2479,4.78,2.2941,4.83,5054,2789.2,3.162,3.162
4388,train,3.3236,0.1011,7.83,2.9823,5.83,4590,2789.8,6.865,6.853
4389,train,3.2653,0.0644,9.68,2.7855,6.83,4302,2790.3,7.032,7.025
4390,train,3.1495,0.1343,8.19,2.7289,6.41,4357,2790.9,8.008,8.007
4391,train,2.8476,0.2236,7.97,2.4220,10.81,4364,2791.5,6.532,6.524
4392,train,3.3301,0.1326,7.97,3.0005,4.41,4238,2792.1,5.039,5.030
4393,train,3.7670,0.1088,11.51,3.0281,11.65,5247,2792.7,9.357,9.337
4394,train,4.3889,0.0541,13.74,4.0978,17.51,4750,2793.3,13.125,13.106
4395,train,3.4813,0.0644,6.81,3.2063,4.41,4951,2793.8,4.819,4.767
4396,train,3.5021,0.0346,7.72,3.2669,7.24,4422,2794.4,4.995,4.932
4397,train,3.9605,0.0180,10.58,3.7003,9.24,5118,2795.0,7.397,7.368
4398,train,3.4112,0.0366,9.73,3.2023,10.00,4212,2795.6,5.863,5.857
4399,train,3.1567,0.2936,7.07,2.7529,5.41,4247,2796.2,6.361,6.355
4400,train,3.3635,0.0988,6.48,2.8415,5.24,4604,2796.8,4.424,4.416
4401,train,2.8792,0.2591,6.51,2.3518,9.31,3886,2797.3,3.722,3.706
4402,train,3.0982,0.2378,8.85,2.3318,7.08,4478,2797.9,8.286,8.285
4403,train,3.4876,0.0265,10.16,3.0763,10.65,4382,2798.5,8.049,7.997
4404,train,3.1781,0.1448,6.56,2.7888,4.00,4932,2799.1,4.078,4.017
4405,train,3.5218,0.1014,8.39,3.0042,6.40,4150,2799.7,5.830,5.805
4406,train,3.4301,0.1259,8.18,3.2846,7.40,4028,2800.3,6.419,6.408
4407,train,3.0654,0.1464,9.96,2.6845,10.28,4576,2800.8,7.418,7.415
4408,train,2.7821,0.1835,5.20,2.4361,4.41,5009,2801.4,2.330,2.323
4409,train,4.1999,0.0741,11.24,3.9922,11.26,4114,2802.0,10.851,10.849
4410,train,3.2286,0.0476,8.83,2.8469,9.41,3928,2802.6,6.954,6.943
4411,train,2.9829,0.2065,5.94,2.5566,3.24,4523,2803.2,4.975,4.974
4412,train,4.0376,0.0596,14.75,3.5062,10.60,4869,2803.8,11.668,11.664
4413,train,3.1075,0.1348,8.84,2.5332,9.07,4868,2804.3,5.396,5.388
4414,train,3.1935,0.1960,8.92,2.7206,5.02,4423,2804.9,8.019,8.018
4415,train,2.6556,0.2529,4.61,2.2650,5.00,5030,2805.5,2.530,2.514
4416,train,3.1270,0.1610,7.22,2.7161,6.41,5006,2806.1,5.438,5.429
4417,train,2.5403,0.1847,4.86,2.2062,4.41,4255,2806.7,2.729,2.715
4418,train,3.2013,0.1396,6.39,2.8669,6.00,5586,2807.3,6.696,6.695
4419,train,2.5949,0.2643,5.15,2.2777,5.00,4068,2807.8,3.445,3.438
4420,train,2.8202,0.2048,5.02,2.5399,3.41,4418,2808.4,2.839,2.808
4421,train,3.2453,0.1012,6.73,2.9037,4.65,4832,2809.0,6.187,6.187
4422,train,2.1726,0.3863,3.35,1.6884,1.41,4142,2809.6,1.830,1.815
4423,train,2.4060,0.2453,4.28,1.8472,3.00,4072,2810.2,1.820,1.792
4424,train,4.0541,0.0179,11.70,3.8694,13.24,4635,2810.8,9.604,9.584
4425,train,3.0916,0.0832,6.39,2.7464,5.83,5013,2811.3,4.190,4.187
4426,train,3.5569,0.0816,8.22,3.2873,7.00,4290,2811.9,7.071,7.064
4427,train,3.2080,0.1808,7.59,2.7603,6.06,4575,2812.5,6.096,6.004
4428,train,3.7553,0.0869,12.92,3.0610,10.65,4801,2813.1,10.273,10.267
4429,train,3.8398,0.0332,8.17,3.5671,7.47,4753,2813.7,7.766,7.757
4430,train,2.2225,0.3663,3.85,1.5123,2.00,4756,2814.3,2.465,2.454
4431,train,3.8608,0.0428,9.80,3.4248,6.58,5771,2814.8,8.389,8.380
4432,train,2.8267,0.1896,5.32,2.3357,4.65,4241,2815.4,3.377,3.373
4433,train,3.1475,0.0878,6.86,2.7202,5.24,4828,2816.0,5.095,5.087
4434,train,3.6810,0.1044,11.05,3.2630,9.89,4243,2816.6,8.084,8.080
4435,train,3.4450,0.0494,9.02,3.3104,7.81,4739,2817.2,7.269,7.268
4436,train,3.1861,0.0835,7.74,2.9445,8.24,4082,2817.8,4.256,4.251
4437,train,3.1115,0.1073,7.35,2.8622,7.65,5248,2818.3,6.014,6.013
4438,train,3.0532,0.1694,7.24,2.9532,5.89,5177,2818.9,5.667,5.649
4439,train,2.3279,0.2182,4.12,2.1186,4.83,4368,2819.5,2.493,2.490
4440,train,2.7580,0.1120,4.93,2.3783,4.41,4188,2820.1,2.938,2.927
4441,train,3.8133,0.1116,10.01,3.5637,10.21,4174,2820.7,9.547,9.545
4442,train,3.3617,0.1102,7.23,2.8701,5.00,4065,2821.3,5.753,5.753
4443,train,3.2129,0.0290,6.93,2.6820,5.00,3930,2821.8,5.261,5.256
4444,train,2.4240,0.2016,4.03,2.0997,3.41,3869,2822.4,2.733,2.728
4445,train,3.7309,0.0677,9.90,3.5591,8.16,4636,2823.0,7.212,7.210
4446,train,2.7922,0.2732,4.10,2.6421,4.83,4532,2823.6,2.747,2.723
4447,train,3.4313,0.1406,9.13,2.9937,7.00,4290,2824.2,8.244,8.221
4448,train,3.5686,0.0721,7.49,3.4562,6.65,4881,2824.8,6.094,6.092
4449,train,2.3942,0.3629,4.68,1.8603,4.00,4020,2825.3,3.067,3.066
4450,train,3.0952,0.1333,6.55,2.5129,5.83,3773,2825.9,6.027,6.026
4451,train,2.8998,0.1978,6.35,2.2445,6.40,4054,2826.5,4.837,4.835
4452,train,3.0094,0.1024,6.48,2.4638,6.00,4553,2827.1,6.266,6.263
4453,train,3.0547,0.1980,6.59,2.8958,5.58,4520,2827.7,4.532,4.520
4454,train,2.7625,0.1672,6.16,2.4375,7.16,4989,2828.2,4.618,4.611
4455,train,3.7484,0.1234,10.68,3.3853,9.08,4659,2828.8,9.280,9.260
4456,train,2.8507,0.2136,6.60,2.3660,7.00,4761,2829.4,6.242,6.241
4457,train,3.6303,0.0428,9.91,3.1515,9.66,5143,2830.0,7.277,7.272
4458,train,3.3066,0.1325,6.28,3.0673,4.83,4678,2830.6,4.665,4.665
4459,train,3.0921,0.2005,9.27,2.6702,8.00,4359,2831.2,7.295,7.291
4460,train,4.1421,0.1387,10.40,3.8047,8.61,4349,2831.7,8.622,8.620
4461,train,3.1491,0.0779,6.33,2.4338,4.41,4303,2832.3,5.139,5.136
4462,train,3.0837,0.2344,7.17,2.5468,5.00,4586,2832.9,5.670,5.664
4463,train,2.5354,0.2607,4.30,1.7491,2.41,4672,2833.5,2.829,2.827
4464,train,3.8521,0.0617,9.96,3.4155,7.02,4476,2834.1,8.625,8.620
4465,train,3.4543,0.1714,10.16,3.1233,10.40,4412,2834.7,9.579,9.566
4466,train,2.9151,0.1518,5.74,2.4910,3.00,4157,2835.2,4.549,4.530
4467,train,4.1045,0.0247,9.99,3.8488,8.02,4462,2835.8,7.858,7.853
4468,train,4.7964,0.0013,12.79,3.9059,9.93,4483,2836.4,11.519,11.518
4469,train,2.7074,0.1692,4.87,2.4858,4.00,4226,2837.0,3.760,3.752
4470,train,2.5733,0.1844,4.65,2.3143,3.00,4403,2837.6,3.951,3.946
4471,train,3.3877,0.2020,10.14,3.2798,10.22,4361,2838.2,9.520,9.517
4472,train,3.2550,0.2054,8.82,2.9429,8.32,4026,2838.7,7.802,7.798
4473,train,3.9564,0.1163,13.07,3.5217,11.48,5297,2839.3,10.341,10.340
4474,train,2.5438,0.2104,4.56,1.9339,2.00,4454,2839.9,3.705,3.698
4475,train,3.3601,0.0732,9.23,2.9626,9.24,4699,2840.5,6.646,6.644
4476,train,3.6549,0.0430,7.98,3.3194,5.00,4440,2841.1,4.225,4.216
4477,train,2.8473,0.1130,6.05,2.4330,6.00,4742,2841.7,4.050,4.028
4478,train,3.5695,0.1384,6.10,2.9521,3.41,5006,2842.3,4.935,4.914
4479,train,2.5033,0.2798,4.47,1.8547,2.00,4997,2842.8,3.211,3.203
4480,train,2.7937,0.2424,4.65,1.9958,2.83,4221,2843.4,3.398,3.391
4481,train,3.1023,0.1300,7.91,2.8498,7.24,4561,2844.0,6.402,6.399
4482,train,3.5573,0.1594,9.25,3.1737,7.00,4392,2844.6,8.175,8.170
4483,train,2.7628,0.1461,5.36,2.1961,5.00,4250,2845.2,3.813,3.806
4484,train,3.3252,0.0983,7.59,2.9604,6.00,5699,2845.8,5.826,5.825
4485,train,2.7965,0.0989,5.58,2.3503,5.00,4613,2846.3,2.660,2.654
4486,train,2.7567,0.1279,6.23,2.3519,4.83,3541,2846.9,4.764,4.763
4487,train,3.0719,0.0603,6.60,2.8431,5.83,4197,2847.5,4.297,4.288
4488,train,3.6054,0.1412,8.93,3.1198,11.41,4490,2848.1,7.707,7.704
4489,train,3.2942,0.0905,8.24,2.7476,7.41,4431,2848.7,4.076,4.017
4490,train,2.6777,0.2482,4.92,2.0894,3.00,4420,2849.3,3.006,2.994
4491,train,4.0116,0.0914,15.06,3.3685,10.00,5396,2849.8,12.812,12.781
4492,train,2.8636,0.0993,5.33,2.5275,6.16,4543,2850.4,4.455,4.452
4493,train,4.1005,0.0524,12.93,3.7256,13.46,4164,2851.0,11.840,11.832
4494,train,2.4653,0.2636,4.43,1.8563,1.00,4146,2851.6,2.855,2.853
4495,train,2.9503,0.2128,9.54,2.4382,7.00,5189,2852.2,7.875,7.855
4496,train,2.5233,0.3338,3.95,1.9053,1.00,4646,2852.8,2.147,2.136
4497,train,3.7555,0.0857,11.28,3.2393,10.44,4947,2853.3,9.932,9.927
4498,train,3.5732,0.0359,8.68,3.4117,7.24,4152,2853.9,6.442,6.440
4499,train,2.8763,0.0937,6.46,2.2992,5.83,4587,2854.5,4.555,4.547
4500,train,3.0036,0.1483,7.23,2.3245,6.61,4012,2855.1,5.332,5.325
4500,val,3.3492,0.1380,8.26,2.9638,7.33,222066,2882.8,6.504,6.491
4501,train,2.7790,0.1349,5.87,2.3300,5.24,4070,2883.9,5.028,5.019
4502,train,2.5585,0.2155,5.15,2.1384,5.24,4339,2884.5,4.292,4.291
4503,train,2.9281,0.1732,6.08,2.7320,6.41,4013,2885.0,4.456,4.444
4504,train,3.1690,0.1366,6.15,2.6627,4.83,4751,2885.6,5.128,5.124
4505,train,3.3796,0.0514,7.19,3.0187,5.00,5152,2886.2,5.470,5.465
4506,train,2.8541,0.2340,5.07,2.5141,4.00,4180,2886.8,2.549,2.543
4507,train,3.1379,0.0957,7.72,2.5208,6.65,4366,2887.4,5.669,5.666
4508,train,2.7103,0.1607,5.49,2.2613,4.41,4107,2888.0,3.832,3.829
4509,train,3.3469,0.0796,6.59,2.8369,5.41,4784,2888.5,4.747,4.740
4510,train,3.7887,0.1441,11.02,3.4457,10.00,4996,2889.1,7.999,7.986
4511,train,3.4109,0.1165,9.92,3.1240,8.58,3724,2889.7,8.587,8.584
4512,train,2.3906,0.1783,4.23,2.0339,3.41,4050,2890.3,2.529,2.524
4513,train,3.2357,0.1705,6.57,2.8144,5.00,4739,2890.9,4.774,4.765
4514,train,4.4375,0.0201,11.67,4.1768,11.54,5080,2891.5,10.001,9.999
4515,train,3.4675,0.0373,8.86,3.1352,6.89,4322,2892.1,4.602,4.591
4516,train,3.6337,0.1026,12.18,3.2387,12.00,5595,2892.6,9.239,9.231
4517,train,2.4106,0.3411,3.92,1.9824,1.41,4820,2893.2,2.850,2.845
4518,train,3.3410,0.1077,10.60,3.2521,10.90,4206,2893.8,9.986,9.978
4519,train,3.8489,0.1109,12.16,3.1420,9.16,5021,2894.4,7.478,7.418
4520,train,2.5083,0.1685,4.45,2.2287,3.00,4896,2895.0,2.696,2.690
4521,train,4.4461,0.0537,9.94,3.9508,9.70,4175,2895.6,8.730,8.724
4522,train,3.5419,0.2043,8.12,3.0166,6.41,5060,2896.1,7.527,7.524
4523,train,4.0509,0.0129,12.01,4.0052,11.38,3813,2896.7,9.637,9.610
4524,train,2.9521,0.0895,5.89,2.8053,4.83,4716,2897.3,4.347,4.345
4525,train,3.0040,0.1739,5.90,2.5033,4.00,4122,2897.9,2.910,2.907
4526,train,2.8029,0.1771,5.31,2.2592,4.24,4026,2898.5,3.337,3.328
4527,train,2.5112,0.2043,5.76,2.2928,5.00,4117,2899.1,4.981,4.973
4528,train,3.8841,0.0221,8.13,3.5041,7.06,4520,2899.6,7.090,7.082
4529,train,3.9134,0.0724,8.33,3.9771,8.16,4723,2900.2,6.934,6.923
4530,train,2.6929,0.1449,5.29,2.4449,4.83,4763,2900.8,3.283,3.274
4531,train,2.6309,0.2372,4.45,2.3258,3.41,4603,2901.4,2.582,2.582
4532,train,3.1522,0.2684,10.31,2.6893,10.08,3882,2902.0,8.660,8.657
4533,train,2.8798,0.2368,6.33,2.3886,3.24,4290,2902.6,5.099,5.096
4534,train,3.1249,0.1336,5.54,2.4945,2.83,4475,2903.1,3.841,3.821
4535,train,3.1694,0.0850,6.56,2.8450,4.00,4554,2903.7,4.404,4.400
4536,train,3.1618,0.1649,9.38,2.5494,9.41,4628,2904.3,7.305,7.301
4537,train,3.2708,0.0492,8.21,2.6496,7.16,4778,2904.9,7.044,7.032
4538,train,4.0314,0.0411,10.22,3.6273,7.95,4426,2905.5,7.910,7.907
4539,train,3.2454,0.0526,6.94,2.9164,5.83,4832,2906.1,4.770,4.762
4540,train,3.5753,0.2027,8.54,3.0577,7.10,4568,2906.7,7.122,7.118
4541,train,4.0461,0.1050,11.07,3.6439,10.88,4808,2907.2,8.336,8.330
4542,train,2.8697,0.2617,5.57,2.4597,4.41,4226,2907.8,3.542,3.532
4543,train,3.1220,0.1124,6.44,2.6553,6.99,4324,2908.4,5.350,5.347
4544,train,3.6849,0.1019,7.97,3.3752,7.00,4692,2909.0,5.740,5.732
4545,train,3.0760,0.0640,6.49,2.5616,4.83,4987,2909.6,4.747,4.743
4546,train,2.9161,0.1772,9.88,2.5550,9.15,4036,2910.2,7.226,7.224
4547,train,3.2642,0.2004,8.68,2.9104,5.12,4441,2910.7,7.535,7.533
4548,train,3.0705,0.1383,6.02,2.6129,3.41,4431,2911.3,4.344,4.338
4549,train,4.0194,0.0591,10.01,3.8331,10.34,4061,2911.9,8.451,8.443
4550,train,4.2970,0.0159,10.47,4.0296,8.83,5293,2912.5,9.554,9.553
4551,train,3.1575,0.2258,7.79,2.2761,3.00,5040,2913.1,6.622,6.608
4552,train,3.2017,0.0724,6.46,2.7362,4.83,4642,2913.7,4.908,4.901
4553,train,3.3760,0.1686,7.64,2.7680,4.47,4110,2914.2,5.606,5.585
4554,train,3.6228,0.1344,7.76,3.0743,5.41,4985,2914.8,6.331,6.324
4555,train,2.2811,0.1764,4.32,1.8883,3.41,4070,2915.4,2.453,2.448
4556,train,3.8725,0.1495,10.91,3.3419,10.31,5092,2916.0,9.827,9.824
4557,train,3.9332,0.1553,9.94,3.6204,8.47,4790,2916.6,7.869,7.851
4558,train,2.2732,0.3286,3.85,1.7070,2.00,4833,2917.2,1.749,1.738
4559,train,2.7549,0.1948,6.27,2.0787,5.16,4070,2917.7,5.006,5.003
4560,train,4.7814,0.0169,12.07,4.7950,13.63,3957,2918.3,11.070,11.070
4561,train,3.4566,0.0652,12.39,3.0911,13.30,4340,2918.9,11.485,11.482
4562,train,2.9623,0.1472,5.71,2.2244,3.00,4831,2919.5,4.530,4.517
4563,train,3.8856,0.0248,13.10,3.5301,11.81,5454,2920.1,12.083,12.080
4564,train,2.7227,0.1834,4.97,1.9471,3.00,3925,2920.7,3.365,3.357
4565,train,3.6958,0.0568,14.99,3.0224,15.25,3871,2921.2,11.368,11.356
4566,train,3.0408,0.1435,6.47,2.6860,6.16,4807,2921.8,4.808,4.805
4567,train,2.6272,0.2886,4.70,2.1356,2.41,4567,2922.4,2.425,2.402
4568,train,4.1558,0.0560,11.43,3.8571,10.58,4518,2923.0,10.267,10.261
4569,train,3.0930,0.1455,6.30,2.4254,5.16,4317,2923.6,3.689,3.669
4570,train,2.9536,0.1415,5.56,2.4204,3.41,4622,2924.2,3.499,3.485
4571,train,2.7047,0.1141,5.31,2.3104,5.41,4408,2924.7,3.203,3.196
4572,train,3.5116,0.1815,9.63,3.3277,8.58,4475,2925.3,7.677,7.676
4573,train,2.8248,0.1544,6.16,2.5026,5.16,4373,2925.9,4.968,4.964
4574,train,2.6807,0.1694,4.85,2.2220,3.41,4013,2926.5,3.306,3.302
4575,train,2.8004,0.0889,5.81,2.4567,5.83,4513,2927.1,3.812,3.812
4576,train,4.1129,0.0940,10.23,3.6950,10.07,4245,2927.7,9.716,9.709
4577,train,3.8994,0.0840,11.53,3.3904,13.07,4788,2928.2,9.993,9.989
4578,train,2.8973,0.1586,5.21,2.9170,5.24,4501,2928.8,4.150,4.148
4579,train,3.0921,0.1835,9.49,3.0179,10.56,4092,2929.4,9.129,9.094
4580,train,3.2599,0.1539,9.62,2.6674,8.00,4502,2930.0,7.660,7.658
4581,train,3.9425,0.1137,9.51,3.4912,8.25,4425,2930.6,8.542,8.539
4582,train,2.9386,0.0687,6.78,2.6081,6.00,4496,2931.2,5.300,5.245
4583,train,3.0347,0.2934,8.94,2.6103,8.00,4100,2931.7,8.644,8.640
4584,train,2.5496,0.2381,4.90,2.1387,4.00,3835,2932.3,2.624,2.616
4585,train,3.3250,0.1886,5.91,2.5855,3.24,4825,2932.9,5.220,5.217
4586,train,3.0945,0.2215,5.49,2.6347,4.65,4198,2933.5,3.485,3.470
4587,train,3.1382,0.0732,11.38,2.4592,10.07,5507,2934.1,9.242,9.237
4588,train,4.1667,0.0172,10.83,3.7477,9.41,4427,2934.7,9.436,9.435
4589,train,3.0367,0.2069,7.21,2.4750,5.16,4196,2935.3,6.348,6.317
4590,train,3.4547,0.1325,7.61,2.9000,5.00,4356,2935.8,5.126,5.123
4591,train,2.4125,0.2976,4.35,1.8059,2.41,4456,2936.4,2.748,2.738
4592,train,2.3665,0.3049,4.22,1.6755,2.41,4261,2937.0,2.266,2.255
4593,train,4.2649,0.0666,10.51,3.8344,9.60,4657,2937.6,9.365,9.362
4594,train,4.2886,0.1828,14.13,3.7308,10.00,5119,2938.2,11.408,11.392
4595,train,3.2111,0.0862,6.13,2.8266,5.65,4674,2938.8,4.453,4.449
4596,train,3.2546,0.0895,9.99,2.9243,10.72,3933,2939.3,7.233,7.226
4597,train,2.5409,0.2750,4.07,2.1076,3.00,4819,2939.9,2.845,2.832
4598,train,3.3079,0.0965,9.72,2.6975,3.00,4166,2940.5,8.703,8.701
4599,train,3.3356,0.0632,8.72,2.8485,7.54,4319,2941.1,7.783,7.778
4600,train,4.3676,0.0640,13.04,4.0117,10.84,5081,2941.7,10.344,10.339
4601,train,4.4020,0.0141,12.78,4.0722,10.21,3980,2942.3,8.842,8.829
4602,train,3.1038,0.1200,6.83,2.9050,5.24,4766,2942.8,4.700,4.696
4603,train,3.9421,0.1619,10.30,3.3755,6.41,5360,2943.4,7.430,7.393
4604,train,2.5787,0.1826,7.24,2.1033,7.51,4386,2944.0,4.869,4.854
4605,train,2.7698,0.2457,5.51,2.4446,5.24,4668,2944.6,4.069,4.046
4606,train,2.4226,0.3277,3.98,2.0200,3.00,4495,2945.2,2.858,2.849
4607,train,3.3352,0.0710,12.36,2.8167,10.49,5250,2945.8,9.726,9.719
4608,train,3.1894,0.1181,7.29,3.1969,6.02,4641,2946.3,6.585,6.578
4609,train,3.7760,0.0239,10.78,3.2981,9.25,4814,2946.9,9.097,9.093
4610,train,2.7858,0.1795,5.11,2.6628,5.24,3671,2947.5,3.724,3.718
4611,train,3.5384,0.0208,8.35,3.1545,7.00,4718,2948.1,4.781,4.740
4612,train,2.9688,0.2322,7.59,2.5494,8.25,4956,2948.7,4.841,4.809
4613,train,3.7518,0.0521,9.05,3.3568,7.81,4111,2949.3,6.850,6.847
4614,train,3.5460,0.1223,10.43,3.0784,9.34,4497,2949.8,7.103,7.097
4615,train,2.5553,0.2110,4.99,1.8957,2.00,4706,2950.4,3.138,3.134
4616,train,2.7595,0.1590,5.96,2.1607,5.24,4164,2951.0,4.376,4.376
4617,train,4.8074,0.0496,11.37,4.6266,10.60,5279,2951.6,10.149,10.145
4618,train,3.1851,0.1174,7.39,2.7793,5.00,4984,2952.2,6.704,6.687
4619,train,3.6885,0.0906,8.02,3.2048,7.58,4645,2952.8,7.040,7.036
4620,train,3.0453,0.1863,6.79,2.8344,5.41,4949,2953.4,5.333,5.312
4621,train,3.2039,0.0824,7.38,2.5623,5.00,4369,2953.9,6.414,6.412
4622,train,2.9891,0.2077,6.19,2.7209,4.58,4136,2954.5,5.501,5.488
4623,train,3.1969,0.0522,7.53,2.8315,6.65,4828,2955.1,6.198,6.197
4624,train,3.4001,0.1503,7.97,3.1308,6.36,3985,2955.7,7.811,7.809
4625,train,2.7084,0.1117,5.36,2.2678,4.24,3616,2956.3,3.303,3.301
4626,train,3.3621,0.0849,6.20,2.7777,3.83,4418,2956.9,4.597,4.593
4627,train,3.4452,0.0545,6.85,2.8710,5.41,4426,2957.4,4.583,4.583
4628,train,2.5980,0.1752,5.54,2.3124,3.41,4550,2958.0,3.583,3.543
4629,train,1.8736,0.3201,3.29,1.5171,2.00,4268,2958.6,1.292,1.279
4630,train,3.2720,0.0625,11.09,2.7621,9.83,4898,2959.2,9.447,9.445
4631,train,2.6956,0.1746,5.15,2.0813,3.41,4501,2959.8,3.569,3.565
4632,train,3.0184,0.1897,6.52,2.6522,4.16,4444,2960.4,5.028,5.018
4633,train,2.6434,0.2150,4.37,2.2865,3.00,4112,2960.9,2.973,2.970
4634,train,3.9404,0.1369,12.49,3.4514,10.52,4784,2961.5,10.742,10.734
4635,train,3.5586,0.0987,6.75,2.8450,6.65,4537,2962.1,6.067,6.064
4636,train,2.7729,0.2591,6.17,2.4780,7.24,4859,2962.7,2.659,2.648
4637,train,3.1452,0.0917,6.57,2.5330,5.41,4633,2963.3,4.852,4.804
4638,train,3.3378,0.1526,7.61,3.1080,4.58,4352,2963.9,6.048,6.046
4639,train,4.0717,0.0275,9.76,3.6858,6.24,4688,2964.4,9.153,9.106
4640,train,2.2706,0.3100,4.19,1.4935,1.00,4916,2965.0,3.273,3.262
4641,train,2.5991,0.2054,5.30,2.2834,5.83,5340,2965.6,4.119,4.116
4642,train,3.3334,0.1649,6.80,3.2131,6.99,4597,2966.2,5.383,5.381
4643,train,2.9529,0.1476,6.75,2.6912,6.24,5012,2966.8,5.227,5.221
4644,train,3.7598,0.0222,13.14,3.5276,14.31,5142,2967.4,11.186,11.157
4645,train,3.2505,0.1824,8.93,2.6360,8.34,4841,2968.0,6.788,6.755
4646,train,2.8179,0.2050,5.87,2.5962,5.24,3966,2968.5,3.874,3.838
4647,train,3.5633,0.2085,11.47,3.0855,13.61,3967,2969.1,9.652,9.647
4648,train,4.6730,0.1809,14.73,4.2186,11.00,4307,2969.7,13.473,13.455
4649,train,2.2779,0.3056,4.05,1.8356,2.41,4176,2970.3,2.693,2.689
4650,train,2.2720,0.3181,3.93,1.8181,2.41,4480,2970.9,2.064,2.059
4651,train,3.6342,0.0516,12.46,3.0731,10.41,3873,2971.4,9.262,9.252
4652,train,3.4201,0.0734,13.09,2.8992,13.12,4141,2972.0,10.428,10.408
4653,train,2.7750,0.1045,5.88,2.6283,6.00,4231,2972.6,4.886,4.881
4654,train,3.4893,0.0874,9.35,3.2521,9.34,4327,2973.2,7.876,7.872
4655,train,3.8418,0.0298,10.60,3.5373,11.80,4800,2973.8,9.790,9.784
4656,train,3.9054,0.0706,10.51,3.2544,9.83,4077,2974.4,8.329,8.327
4657,train,3.3908,0.1485,8.21,3.1951,8.34,5198,2974.9,6.898,6.878
4658,train,2.8734,0.1954,5.51,2.3956,3.00,4462,2975.5,2.727,2.723
4659,train,3.3114,0.0938,10.67,2.7732,9.50,5022,2976.1,7.990,7.983
4660,train,3.2926,0.0612,11.71,2.9319,10.07,5067,2976.7,11.223,11.198
4661,train,2.9592,0.1156,5.29,2.7372,5.24,4465,2977.3,3.651,3.644
4662,train,3.3564,0.1693,7.27,2.9793,6.02,4590,2977.9,4.432,4.427
4663,train,2.3613,0.2595,4.40,1.7356,2.41,4733,2978.5,1.741,1.731
4664,train,3.1992,0.1567,7.65,2.5055,5.16,4199,2979.0,4.793,4.791
4665,train,3.8023,0.0941,13.76,3.3006,15.15,4525,2979.6,11.302,11.278
4666,train,3.3781,0.1577,7.71,3.1419,4.00,4243,2980.2,7.438,7.432
4667,train,3.3583,0.1049,7.04,2.9715,5.65,3965,2980.8,5.151,5.140
4668,train,3.6454,0.0374,10.28,3.3378,8.77,4870,2981.4,9.193,9.186
4669,train,2.8857,0.1326,4.97,2.6054,4.00,4397,2982.0,2.948,2.931
4670,train,3.4139,0.0762,8.20,3.0917,8.54,4307,2982.5,7.142,7.133
4671,train,3.3058,0.0668,8.80,2.9149,5.65,4236,2983.1,6.947,6.937
4672,train,3.1062,0.2763,5.84,2.9133,4.16,3977,2983.7,3.842,3.838
4673,train,3.2682,0.1264,9.91,2.6781,5.61,4645,2984.3,6.057,6.054
4674,train,2.7076,0.1864,4.92,2.1257,2.41,4765,2984.9,4.389,4.386
4675,train,3.7462,0.0978,10.65,3.4568,7.51,4364,2985.5,7.494,7.409
4676,train,2.8583,0.1704,5.48,2.4998,3.00,4126,2986.0,1.885,1.864
4677,train,2.2300,0.2484,4.27,1.9856,4.83,3820,2986.6,2.202,2.198
4678,train,2.7234,0.1304,5.51,2.4397,5.24,4517,2987.2,4.576,4.569
4679,train,3.3315,0.1767,7.37,2.7045,5.00,4142,2987.8,5.552,5.538
4680,train,3.9572,0.0621,12.06,3.6491,11.16,4829,2988.4,8.976,8.966
4681,train,2.8595,0.1724,5.80,2.4122,4.65,4600,2989.0,4.697,4.693
4682,train,3.3704,0.1408,7.99,2.9685,6.83,4679,2989.5,4.325,4.307
4683,train,3.4482,0.1010,6.97,3.1519,5.83,5367,2990.1,5.053,5.049
4684,train,3.4136,0.0986,9.53,2.8562,10.07,4553,2990.7,8.795,8.787
4685,train,3.9835,0.0349,16.69,3.5724,16.54,4298,2991.3,13.295,13.293
4686,train,2.8886,0.1753,5.35,2.3610,4.24,4061,2991.9,4.220,4.208
4687,train,2.9669,0.1764,6.86,2.6510,6.54,5255,2992.5,4.965,4.963
4688,train,3.0296,0.0706,6.66,2.5560,5.24,4405,2993.0,5.442,5.439
4689,train,5.4538,0.0149,14.21,4.9649,14.19,4433,2993.6,13.975,13.972
4690,train,2.6941,0.1675,4.72,1.9307,3.00,4252,2994.2,3.409,3.403
4691,train,3.1468,0.1872,8.24,2.6090,5.16,3867,2994.8,7.219,7.213
4692,train,3.0501,0.1573,7.40,2.4770,7.40,4183,2995.4,5.363,5.350
4693,train,3.1659,0.3666,8.26,2.3766,5.83,4040,2996.0,6.686,6.682
4694,train,4.0039,0.1009,9.75,3.5775,7.83,4330,2996.5,7.356,7.209
4695,train,3.4317,0.0576,7.55,3.1641,7.43,4185,2997.1,5.663,5.663
4696,train,4.1412,0.1297,10.32,3.7732,8.12,4733,2997.7,8.799,8.794
4697,train,3.9788,0.0179,9.67,3.6898,8.77,4080,2998.3,8.078,8.075
4698,train,2.7065,0.2124,4.95,2.4639,4.41,4271,2998.9,3.327,3.324
4699,train,3.8417,0.0320,7.89,3.3475,7.83,4658,2999.5,4.804,4.801
4700,train,3.4414,0.1115,9.75,3.1181,7.12,5013,3000.0,6.219,6.217
4701,train,2.8355,0.2281,9.24,2.2098,9.06,4613,3000.6,6.130,6.048
4702,train,3.5842,0.1048,7.83,3.3524,6.40,4522,3001.2,6.799,6.791
4703,train,3.3583,0.1320,9.05,3.1769,9.75,4545,3001.8,7.853,7.852
4704,train,2.6451,0.2480,4.44,2.1202,2.41,4037,3002.4,3.169,3.168
4705,train,3.1800,0.1469,5.99,3.0457,5.47,4465,3003.0,4.550,4.548
4706,train,4.0830,0.0564,11.35,3.4580,9.91,4998,3003.5,8.782,8.772
4707,train,4.7071,0.0559,16.61,4.3506,15.37,4151,3004.1,13.995,13.985
4708,train,4.7057,0.0742,15.13,4.3186,13.44,4961,3004.7,14.034,14.030
4709,train,2.5955,0.2312,6.52,2.0171,3.00,4222,3005.3,5.269,5.239
4710,train,3.1808,0.2032,8.28,2.5011,6.10,4838,3005.9,6.510,6.501
4711,train,3.5850,0.0916,8.55,3.2483,7.99,4977,3006.5,6.276,6.270
4712,train,2.7369,0.2660,5.66,2.1255,4.41,4379,3007.0,3.558,3.541
4713,train,3.4296,0.0610,6.82,3.0368,4.83,5505,3007.6,5.967,5.965
4714,train,3.0453,0.0824,5.89,2.7192,5.24,4332,3008.2,4.006,4.001
4715,train,4.1374,0.0493,9.16,3.6305,7.84,4607,3008.8,7.361,7.358
4716,train,3.0937,0.2017,7.64,2.7325,5.40,3793,3009.4,7.070,7.064
4717,train,4.0175,0.0612,11.47,3.9319,10.82,4528,3010.0,8.797,8.795
4718,train,3.1801,0.1145,8.23,2.6184,7.43,4881,3010.6,5.728,5.711
4719,train,2.5131,0.2569,4.56,2.0098,3.24,4232,3011.1,3.958,3.952
4720,train,3.1283,0.1038,6.79,2.8196,6.54,4712,3011.7,5.753,5.752
4721,train,2.8137,0.1401,5.50,2.4761,3.00,4360,3012.3,3.306,3.304
4722,train,3.6417,0.0705,9.02,3.2087,8.34,5492,3012.9,8.831,8.786
4723,train,3.6960,0.1231,10.95,3.4397,9.69,3867,3013.5,8.561,8.552
4724,train,3.9466,0.0547,9.70,3.6526,10.00,4190,3014.1,8.202,8.192
4725,train,3.2794,0.0423,8.27,2.9839,5.83,4115,3014.6,7.018,7.010
4726,train,3.2363,0.1324,9.01,2.4717,11.06,4880,3015.2,6.662,6.659
4727,train,3.5933,0.1068,6.86,3.4702,5.16,4214,3015.8,4.179,4.172
4728,train,2.4631,0.2407,4.50,2.4141,4.65,4092,3016.4,3.025,3.017
4729,train,3.1212,0.0450,9.18,2.7902,10.54,4513,3017.0,7.318,7.311
4730,train,2.5722,0.3705,4.28,2.1221,2.24,4475,3017.6,2.174,2.171
4731,train,3.4630,0.0704,10.40,3.2044,9.24,5495,3018.1,6.806,6.802
4732,train,2.9966,0.1751,5.16,2.4179,2.83,4233,3018.7,3.540,3.531
4733,train,3.2723,0.0682,8.25,2.9833,9.16,5056,3019.3,6.344,6.342
4734,train,3.4181,0.1409,10.18,2.8355,10.48,4812,3019.9,9.266,9.263
4735,train,3.3262,0.1656,7.41,3.0118,4.65,4492,3020.5,5.714,5.684
4736,train,3.6446,0.2335,9.42,3.0929,10.28,3889,3021.1,8.575,8.572
4737,train,3.2567,0.0654,9.61,2.8488,7.00,5150,3021.7,7.305,7.294
4738,train,2.6619,0.2643,6.13,2.6042,7.02,4022,3022.2,3.365,3.350
4739,train,2.5779,0.2048,5.50,2.2675,4.00,3863,3022.8,4.692,4.681
4740,train,4.9938,0.0139,17.00,4.4741,15.32,4815,3023.4,14.466,14.464
4741,train,3.9148,0.1203,7.74,3.7007,7.48,3956,3024.0,7.095,7.087
4742,train,3.4311,0.0933,7.09,3.0100,5.24,4651,3024.6,5.709,5.640
4743,train,3.5167,0.0684,6.34,3.3505,6.24,4488,3025.2,4.838,4.834
4744,train,3.0192,0.1758,8.38,2.3888,7.41,4608,3025.7,4.723,4.694
4745,train,3.6178,0.1197,8.47,2.8406,7.12,4512,3026.3,5.307,5.305
4746,train,2.9688,0.1040,5.60,2.4768,4.00,4894,3026.9,4.240,4.235
4747,train,3.6617,0.0620,13.27,3.3565,11.41,4611,3027.5,9.166,9.157
4748,train,2.9879,0.1425,6.27,2.5724,4.24,4083,3028.1,4.858,4.850
4749,train,2.7763,0.1734,6.06,2.1280,2.00,4568,3028.7,6.147,6.131
4750,train,4.0128,0.0256,10.05,3.5609,5.83,4452,3029.2,7.431,7.422
4751,train,4.4201,0.1379,12.39,3.8304,10.00,4903,3029.8,8.931,8.927
4752,train,3.0780,0.1974,6.39,2.4994,3.65,4347,3030.4,3.470,3.461
4753,train,3.3525,0.1015,6.16,3.3353,6.48,3832,3031.0,4.619,4.615
4754,train,2.0453,0.3770,3.30,1.6157,2.00,4369,3031.6,1.727,1.724
4755,train,2.3402,0.2837,4.16,1.7707,3.00,4089,3032.2,1.952,1.950
4756,train,3.3689,0.1351,8.60,2.8625,8.36,4435,3032.7,6.025,6.005
4757,train,3.4491,0.0919,8.01,3.2530,8.47,4710,3033.3,5.300,5.282
4758,train,2.4107,0.2492,4.14,1.7717,1.00,3965,3033.9,2.973,2.967
4759,train,3.4272,0.1470,15.43,2.6657,13.22,4299,3034.5,12.368,12.360
4760,train,2.2188,0.3744,3.55,1.7776,1.00,4672,3035.1,1.176,1.170
4761,train,4.0033,0.1001,11.27,3.6849,9.95,4516,3035.7,9.512,9.508
4762,train,2.7192,0.2112,5.26,2.2275,2.83,5185,3036.2,3.868,3.867
4763,train,3.1688,0.1158,6.18,2.8601,5.00,4724,3036.8,3.469,3.461
4764,train,3.2136,0.1689,5.89,2.9999,5.24,4002,3037.4,4.275,4.270
4765,train,4.1539,0.0120,17.24,3.8111,18.41,4937,3038.0,14.557,14.555
4766,train,3.6499,0.1215,8.73,3.0728,10.10,4519,3038.6,6.037,6.027
4767,train,2.6159,0.2368,4.72,2.1263,2.41,4324,3039.2,2.443,2.438
4768,train,3.3040,0.1223,7.08,3.1855,8.41,4645,3039.8,7.372,7.372
4769,train,2.9777,0.2844,5.85,2.6127,4.24,4346,3040.3,3.572,3.528
4770,train,2.1398,0.2924,3.83,1.6352,2.41,4617,3040.9,1.985,1.978
4771,train,2.2154,0.3350,3.78,1.7513,2.00,4358,3041.5,2.548,2.546
4772,train,2.7990,0.1669,6.11,2.4809,4.41,4523,3042.1,4.280,4.274
4773,train,3.2265,0.1523,6.07,3.0493,5.83,4492,3042.7,3.841,3.834
4774,train,3.0511,0.1032,6.38,2.8816,4.83,4825,3043.3,5.203,5.185
4775,train,3.3889,0.0985,7.86,2.8963,6.16,5139,3043.8,3.951,3.939
4776,train,2.7695,0.1510,5.50,2.3640,4.00,4139,3044.4,4.387,4.386
4777,train,2.5485,0.2160,4.74,2.0421,3.00,4931,3045.0,2.964,2.934
4778,train,4.0149,0.1188,10.33,4.0236,8.50,4595,3045.6,9.597,9.559
4779,train,2.4999,0.2507,4.55,2.0489,2.00,4144,3046.2,2.745,2.740
4780,train,3.4156,0.0969,10.35,2.9750,9.56,4117,3046.8,8.643,8.640
4781,train,2.6887,0.1061,5.01,2.1835,4.41,4562,3047.3,3.989,3.984
4782,train,2.4537,0.2576,4.52,2.0088,3.41,4135,3047.9,2.562,2.552
4783,train,3.8772,0.0157,9.18,3.6293,8.58,4774,3048.5,7.129,7.126
4784,train,2.4655,0.1844,4.33,2.4770,4.83,4316,3049.1,2.376,2.371
4785,train,4.0183,0.0755,13.70,3.5244,12.12,5446,3049.7,12.072,12.012
4786,train,2.9866,0.1223,5.78,2.5371,3.83,4373,3050.3,3.862,3.852
4787,train,3.7296,0.0628,7.45,3.4426,7.24,3792,3050.8,6.459,6.455
4788,train,2.6367,0.2569,4.87,2.3414,2.83,4239,3051.4,2.856,2.835
4789,train,2.7315,0.1462,5.10,2.3890,4.83,4337,3052.0,3.783,3.779
4790,train,2.9223,0.2127,6.64,2.5007,5.47,4331,3052.6,5.052,5.040
4791,train,2.2011,0.2843,4.01,1.6385,1.00,3901,3053.2,2.565,2.554
4792,train,3.2878,0.2130,6.89,2.7716,5.24,4671,3053.8,4.787,4.774
4793,train,3.1703,0.1673,7.05,2.5860,3.00,4692,3054.4,5.070,5.068
4794,train,3.3187,0.1127,8.60,2.8860,5.58,4811,3054.9,4.750,4.593
4795,train,4.2947,0.1154,16.69,3.8749,17.06,5128,3055.5,12.850,12.848
4796,train,3.5873,0.2034,10.56,2.9726,9.51,4380,3056.1,8.384,8.373
4797,train,3.4808,0.0638,10.29,2.9990,10.10,4778,3056.7,8.513,8.508
4798,train,3.6374,0.1733,12.24,3.0553,10.06,4248,3057.3,9.345,9.342
4799,train,2.6881,0.2010,4.58,2.3524,4.00,4850,3057.9,2.754,2.661
4800,train,2.9994,0.1054,5.76,2.5470,4.83,4868,3058.4,4.303,4.300
4801,train,4.4795,0.0084,13.68,4.1262,13.94,3938,3059.0,10.132,10.127
4802,train,3.1620,0.1916,6.64,2.8117,5.61,4358,3059.6,4.044,4.027
4803,train,2.8387,0.3219,5.10,2.2242,3.83,4222,3060.2,3.939,3.915
4804,train,4.7286,0.1141,11.65,4.4573,12.23,3776,3060.8,8.833,8.830
4805,train,3.1886,0.1716,11.13,2.8051,10.41,4605,3061.4,8.493,8.484
4806,train,2.5473,0.1878,4.51,2.2309,4.83,4207,3061.9,3.280,3.267
4807,train,3.2740,0.1042,9.42,3.0288,9.08,4587,3062.5,7.240,7.234
4808,train,3.7657,0.0947,9.96,3.8119,9.12,5162,3063.1,8.458,8.457
4809,train,2.6528,0.2545,5.26,2.3400,4.24,4094,3063.7,4.115,4.112
4810,train,2.9100,0.0776,5.89,2.4838,5.24,4255,3064.3,4.478,4.477
4811,train,2.4751,0.2449,4.79,1.9883,5.12,4748,3064.9,3.735,3.723
4812,train,3.3788,0.0665,12.13,2.8411,11.21,4813,3065.4,8.094,8.093
4813,train,2.8452,0.0942,5.65,2.3450,4.41,3896,3066.0,3.620,3.616
4814,train,5.7464,0.0218,11.96,5.2650,10.97,4582,3066.6,9.873,9.868
4815,train,4.3188,0.1527,9.37,3.7084,8.24,4256,3067.2,8.174,8.172
4816,train,3.9406,0.0569,7.89,3.3405,6.99,4872,3067.8,6.282,6.279
4817,train,4.1135,0.0575,11.69,3.7941,11.64,3967,3068.4,8.898,8.895
4818,train,3.2075,0.1728,6.84,2.8670,4.65,5088,3068.9,5.647,5.641
4819,train,2.7166,0.1616,4.96,2.2978,3.41,4022,3069.5,3.031,3.020
4820,train,2.8767,0.2042,8.59,2.2892,7.39,4965,3070.1,5.432,5.386
4821,train,4.9808,0.0021,13.61,4.6001,12.40,4256,3070.7,11.574,11.571
4822,train,3.6491,0.0527,7.79,3.6428,7.24,4685,3071.3,5.978,5.969
4823,train,2.5038,0.3252,4.24,2.0999,1.00,4612,3071.9,2.190,2.172
4824,train,2.8663,0.1776,8.40,2.3598,10.31,4453,3072.5,7.182,7.170
4825,train,3.1792,0.1593,6.38,3.0299,5.00,4540,3073.0,5.475,5.462
4826,train,4.4506,0.0735,17.11,3.8738,14.73,4706,3073.6,11.470,11.469
4827,train,3.0849,0.1471,6.71,2.6437,5.24,4466,3074.2,5.116,5.111
4828,train,3.4908,0.1652,7.23,3.3833,7.41,3729,3074.8,6.010,5.935
4829,train,2.5567,0.1982,4.48,2.2593,4.00,4980,3075.4,2.830,2.814
4830,train,3.4241,0.0664,10.02,3.0189,11.72,4199,3076.0,9.046,9.044
4831,train,3.2625,0.0872,8.81,2.8502,8.91,4448,3076.5,7.034,7.027
4832,train,3.2126,0.1524,6.30,2.8282,4.24,4607,3077.1,5.348,5.342
4833,train,2.1420,0.3575,3.72,1.5453,2.00,4839,3077.7,2.054,2.047
4834,train,4.1193,0.0753,9.18,3.9625,9.89,4369,3078.3,5.651,5.643
4835,train,3.1788,0.1618,6.51,2.7744,4.83,4560,3078.9,5.806,5.799
4836,train,2.7897,0.2914,6.19,2.4167,4.58,4585,3079.5,3.434,3.343
4837,train,3.4609,0.0472,7.39,3.2967,7.30,5318,3080.0,3.867,3.858
4838,train,2.4951,0.3179,4.39,1.9069,1.00,4926,3080.6,3.118,3.097
4839,train,2.9998,0.2166,5.94,2.5935,4.58,4548,3081.2,5.364,5.360
4840,train,3.4072,0.1039,12.24,3.1540,11.07,5426,3081.8,10.454,10.449
4841,train,3.1301,0.1208,5.05,2.5755,3.00,4313,3082.4,3.911,3.908
4842,train,2.7199,0.2390,5.42,2.3215,3.41,3941,3083.0,3.616,3.610
4843,train,3.0203,0.0558,6.56,2.6942,6.65,4445,3083.5,5.149,5.141
4844,train,2.8805,0.1652,7.06,2.5681,5.41,5030,3084.1,5.527,5.525
4845,train,2.8039,0.2767,4.64,1.7656,2.00,5714,3084.7,1.997,1.978
4846,train,3.4291,0.1687,12.44,2.9363,8.10,4458,3085.3,9.326,9.323
4847,train,2.7190,0.1189,5.18,2.4648,4.41,4020,3085.9,4.019,4.014
4848,train,4.3277,0.0318,13.70,4.2616,13.89,4438,3086.5,11.188,11.186
4849,train,2.3408,0.2537,4.06,1.7261,1.00,4557,3087.0,3.040,3.032
4850,train,3.6783,0.2053,8.64,3.4745,7.71,4165,3087.6,6.321,6.313
4851,train,3.0482,0.2268,7.75,2.7527,7.00,5176,3088.2,5.202,5.181
4852,train,2.3997,0.1961,4.68,1.9419,4.00,4253,3088.8,2.594,2.585
4853,train,3.3773,0.1265,7.75,3.2675,5.24,5106,3089.4,6.067,6.029
4854,train,2.3003,0.2158,4.28,1.9237,4.00,4472,3090.0,3.137,3.120
4855,train,2.4801,0.1440,5.68,2.1914,5.00,4485,3090.5,4.814,4.781
4856,train,3.0724,0.1905,9.72,2.6017,7.50,4902,3091.1,9.594,9.568
4857,train,3.6954,0.0763,9.57,3.3612,8.65,4561,3091.7,6.881,6.875
4858,train,3.5022,0.1676,11.82,3.1193,9.41,4540,3092.3,10.398,10.394
4859,train,4.2665,0.1079,13.34,3.8120,13.46,4567,3092.9,12.154,12.130
4860,train,2.2401,0.3003,3.82,1.7836,3.00,4069,3093.5,2.516,2.512
4861,train,2.5270,0.3469,4.29,1.8834,2.00,4212,3094.0,1.976,1.907
4862,train,3.0944,0.1535,9.99,2.6363,9.51,3980,3094.6,6.515,6.513
4863,train,3.8453,0.1597,7.13,3.5608,6.12,4013,3095.2,6.321,6.318
4864,train,4.1015,0.0149,9.78,4.0591,8.65,3955,3095.8,9.813,9.812
4865,train,2.3412,0.3021,3.91,1.7130,2.00,4797,3096.4,2.179,2.172
4866,train,3.3870,0.0954,9.69,3.1793,10.07,4163,3097.0,9.087,9.086
4867,train,3.2367,0.0701,6.27,2.6957,6.24,4866,3097.5,5.261,5.253
4868,train,3.5141,0.1312,10.11,2.9727,10.16,4153,3098.1,10.008,9.991
4869,train,3.8149,0.0469,12.94,3.6536,12.68,5119,3098.7,9.720,9.708
4870,train,2.7231,0.1726,5.08,2.1801,3.83,4472,3099.3,3.262,3.260
4871,train,3.0416,0.1410,5.70,2.8347,4.65,4035,3099.9,3.720,3.719
4872,train,2.6654,0.2417,7.59,2.0826,6.00,3985,3100.5,6.589,6.572
4873,train,2.8944,0.1122,6.02,2.4979,5.83,5073,3101.0,4.324,4.306
4874,train,3.4307,0.1481,8.04,3.2102,7.40,5226,3101.6,6.188,6.181
4875,train,3.9484,0.1009,9.74,3.6124,9.82,4462,3102.2,9.114,9.111
4876,train,3.8199,0.0312,9.12,3.3499,7.06,4651,3102.8,7.092,7.091
4877,train,3.8767,0.0253,9.42,3.6918,9.43,5142,3103.4,7.093,7.088
4878,train,3.3315,0.1518,7.98,3.0869,6.47,4966,3104.0,6.104,6.097
4879,train,2.8166,0.2054,6.11,2.6232,5.00,3987,3104.5,4.069,4.066
4880,train,2.7329,0.1306,6.11,2.2719,7.12,3958,3105.1,3.779,3.777
4881,train,3.1874,0.0941,7.03,2.7118,4.24,3934,3105.7,4.330,4.328
4882,train,3.8660,0.0389,9.19,3.5093,7.02,4677,3106.3,8.046,8.044
4883,train,4.2123,0.1277,10.44,3.6400,9.00,4008,3106.9,8.900,8.896
4884,train,3.1526,0.1976,7.57,2.4891,5.00,4277,3107.5,4.856,4.849
4885,train,3.6019,0.1399,11.47,3.3390,14.17,5219,3108.0,9.407,9.380
4886,train,4.0524,0.0155,12.34,3.6752,13.36,4966,3108.6,10.379,10.377
4887,train,3.2578,0.1830,9.42,2.5937,7.41,4848,3109.2,6.311,6.308
4888,train,3.1681,0.1889,7.84,2.8756,7.47,4845,3109.8,6.205,6.203
4889,train,2.9704,0.0716,10.31,2.3803,9.00,4360,3110.4,8.364,8.348
4890,train,2.9321,0.2519,5.71,2.3444,4.00,4780,3111.0,3.619,3.615
4891,train,4.1696,0.0717,11.34,3.9444,10.16,4967,3111.5,8.726,8.722
4892,train,3.1520,0.2096,9.72,2.6171,7.50,4127,3112.1,7.400,7.386
4893,train,3.2221,0.1874,7.89,2.7088,6.24,4419,3112.7,6.009,6.005
4894,train,2.9008,0.1586,5.87,2.3000,3.00,5637,3113.3,2.985,2.983
4895,train,2.4390,0.3162,6.23,1.6016,5.12,4516,3113.9,4.485,4.484
4896,train,3.1826,0.2543,6.86,2.7668,5.12,4066,3114.5,5.112,5.103
4897,train,2.7731,0.2287,5.66,2.3962,4.24,3703,3115.1,3.963,3.960
4898,train,3.6055,0.0897,8.29,3.4243,9.24,4861,3115.6,6.658,6.647
4899,train,3.2256,0.0884,7.59,2.5467,6.24,4853,3116.2,6.849,6.843
4900,train,3.1603,0.0873,8.84,2.7687,11.63,4110,3116.8,6.787,6.778
4901,train,2.4556,0.1994,4.39,2.0985,4.41,4614,3117.4,2.671,2.651
4902,train,2.5883,0.3103,4.45,2.1987,4.00,4009,3118.0,3.150,3.137
4903,train,3.4357,0.0589,9.77,3.2045,14.71,5310,3118.6,7.081,6.980
4904,train,2.8807,0.1102,6.23,2.5522,5.65,4574,3119.1,4.989,4.982
4905,train,3.6901,0.1334,8.49,3.6426,8.24,4153,3119.7,7.979,7.959
4906,train,2.1350,0.2756,4.25,1.4835,3.24,4612,3120.3,2.885,2.880
4907,train,3.8502,0.0626,10.45,3.3739,8.10,4490,3120.9,10.042,10.042
4908,train,4.0192,0.0646,11.73,3.5987,10.31,4771,3121.5,11.775,11.767
4909,train,2.8395,0.0767,5.86,2.3513,4.83,4861,3122.1,4.840,4.834
4910,train,3.6909,0.2236,6.86,2.8416,3.83,4562,3122.6,5.460,5.449
4911,train,2.4444,0.2781,4.70,2.0805,3.83,5276,3123.2,3.052,3.046
4912,train,3.0654,0.1388,5.89,2.3508,4.83,4055,3123.8,4.234,4.224
4913,train,3.7552,0.1863,9.24,3.7219,10.16,3946,3124.4,8.556,8.554
4914,train,2.7442,0.2061,7.26,2.5564,7.47,3935,3125.0,5.683,5.645
4915,train,3.2763,0.1708,10.00,2.7558,7.41,4665,3125.6,7.904,7.901
4916,train,3.8469,0.0344,10.42,3.6288,9.41,5086,3126.1,9.125,9.120
4917,train,4.1014,0.1522,12.90,3.5767,11.74,4092,3126.7,11.016,10.998
4918,train,2.8821,0.1729,5.56,2.3183,4.00,5165,3127.3,3.403,3.302
4919,train,2.8550,0.2050,6.53,2.5856,6.54,4805,3127.9,3.961,3.930
4920,train,2.8367,0.0698,6.41,2.5297,6.16,5118,3128.5,6.020,6.016
4921,train,3.7863,0.0859,9.18,3.2740,7.40,4775,3129.1,8.006,7.999
4922,train,2.9002,0.1906,6.12,2.6047,5.00,4555,3129.6,5.278,5.260
4923,train,2.5779,0.2213,4.42,2.1881,3.83,4482,3130.2,2.402,2.355
4924,train,2.9291,0.0995,6.44,2.2597,4.00,4562,3130.8,5.010,4.999
4925,train,2.9555,0.1639,6.05,2.2980,3.41,4814,3131.4,5.216,5.206
4926,train,2.9534,0.3349,6.24,2.4820,4.16,5043,3132.0,4.285,4.267
4927,train,2.9912,0.1494,6.44,2.6769,6.83,3963,3132.6,4.682,4.680
4928,train,4.0896,0.0164,10.14,3.6887,8.24,5296,3133.2,7.700,7.697
4929,train,4.3984,0.1408,11.75,4.0290,10.54,4276,3133.7,8.663,8.638
4930,train,4.5909,0.0048,10.19,4.3182,9.06,4578,3134.3,8.717,8.704
4931,train,3.2265,0.0770,7.03,2.9693,5.00,5011,3134.9,6.140,6.083
4932,train,3.4469,0.1617,7.18,3.2304,6.48,4020,3135.5,5.521,5.491
4933,train,2.9731,0.2276,6.62,2.5906,4.58,4267,3136.1,4.534,4.526
4934,train,3.2544,0.0861,7.12,2.8155,5.41,5202,3136.7,3.903,3.899
4935,train,2.7693,0.1967,4.83,2.1200,3.00,4519,3137.2,2.741,2.729
4936,train,3.3930,0.1072,7.41,3.2942,7.58,4478,3137.8,7.508,7.499
4937,train,2.9960,0.2022,5.73,2.3490,2.00,4841,3138.4,5.254,5.251
4938,train,3.3148,0.2408,5.39,2.9320,5.00,4265,3139.0,3.749,3.747
4939,train,3.6249,0.0795,10.77,2.8146,8.51,4577,3139.6,8.135,8.132
4940,train,2.8200,0.2128,4.91,2.0876,4.00,4577,3140.2,2.584,2.565
4941,train,3.5129,0.0789,12.57,3.1707,11.49,5377,3140.7,9.651,9.647
4942,train,3.4282,0.1845,11.86,3.0568,9.96,4309,3141.3,11.016,11.012
4943,train,2.6460,0.1980,4.53,2.0993,3.41,4913,3141.9,3.050,3.047
4944,train,3.0452,0.2236,10.08,2.4158,9.06,4218,3142.5,8.415,8.404
4945,train,2.6670,0.2498,7.17,2.4071,8.10,3947,3143.1,5.604,5.506
4946,train,2.9598,0.1704,6.13,2.4382,3.83,4866,3143.7,3.681,3.676
4947,train,3.9132,0.2041,11.57,2.9720,9.00,4547,3144.2,8.032,8.016
4948,train,2.4285,0.1998,4.45,2.0489,4.41,4400,3144.8,2.753,2.751
4949,train,3.3524,0.0488,7.89,2.7630,6.00,4614,3145.4,6.077,6.071
4950,train,3.2532,0.1318,6.40,3.0534,5.47,4552,3146.0,5.481,5.476
4951,train,2.7429,0.2180,5.38,2.1751,3.41,4857,3146.6,4.300,4.292
4952,train,3.4472,0.0895,7.40,3.0832,7.16,4470,3147.2,5.907,5.877
4953,train,3.4821,0.0408,7.46,3.1709,6.99,4975,3147.7,5.246,5.160
4954,train,3.4467,0.1137,12.28,3.1743,10.56,5108,3148.3,9.238,9.230
4955,train,3.0510,0.0989,5.80,2.7084,5.65,4187,3148.9,4.623,4.619
4956,train,3.5767,0.1181,13.06,3.1285,13.08,4081,3149.5,10.780,10.777
4957,train,2.6683,0.1672,4.68,2.0869,3.00,4833,3150.1,3.151,3.131
4958,train,4.1825,0.0680,11.74,3.6828,8.89,4679,3150.7,10.520,10.516
4959,train,3.9642,0.1297,9.89,3.3651,8.66,5397,3151.3,8.109,8.106
4960,train,2.8632,0.1854,5.06,2.4939,3.41,3775,3151.8,3.149,3.148
4961,train,2.4014,0.2722,3.95,1.9776,1.00,4413,3152.4,1.981,1.915
4962,train,2.4357,0.2477,5.05,1.7013,3.24,3976,3153.0,3.537,3.533
4963,train,3.2076,0.1718,7.22,2.8568,6.83,4743,3153.6,5.217,5.211
4964,train,3.1949,0.0815,7.14,2.7163,7.40,4832,3154.2,5.357,5.352
4965,train,2.9448,0.2154,6.09,2.7446,5.00,3895,3154.8,5.580,5.577
4966,train,3.3833,0.0450,8.22,3.3064,9.66,4248,3155.3,6.075,6.070
4967,train,3.1007,0.1990,7.85,2.6917,8.00,3729,3155.9,6.875,6.874
4968,train,2.9255,0.1896,7.00,2.2505,2.41,4335,3156.5,6.305,6.302
4969,train,3.2722,0.0987,7.22,3.2142,7.00,4821,3157.1,6.521,6.518
4970,train,3.3383,0.0841,7.42,2.9782,6.47,4410,3157.7,5.871,5.867
4971,train,3.5803,0.0716,9.16,3.2474,6.58,4092,3158.3,5.925,5.920
4972,train,2.9153,0.1183,7.44,2.5321,9.51,4403,3158.8,5.492,5.480
4973,train,2.7968,0.1934,5.76,2.3613,3.83,4261,3159.4,3.714,3.712
4974,train,3.1846,0.2459,8.08,2.7946,3.24,4860,3160.0,7.396,7.380
4975,train,2.4966,0.2769,4.96,2.1926,3.65,3987,3160.6,4.156,4.141
4976,train,2.9136,0.1041,5.90,2.6237,5.83,4207,3161.2,4.351,4.339
4977,train,2.6794,0.1973,5.03,2.2973,4.41,4906,3161.8,2.456,2.451
4978,train,2.7393,0.1817,5.43,2.3739,3.83,4408,3162.3,3.043,3.039
4979,train,2.9825,0.1477,6.00,2.7024,5.24,4368,3162.9,3.801,3.798
4980,train,2.7016,0.1952,5.41,2.1019,4.41,4625,3163.5,3.249,3.246
4981,train,3.0869,0.2228,5.35,2.6567,2.00,4282,3164.1,4.318,4.311
4982,train,3.9445,0.2486,10.17,3.2334,7.24,4646,3164.7,8.848,8.839
4983,train,3.9070,0.0316,8.79,3.7848,7.24,4717,3165.3,6.991,6.937
4984,train,4.2551,0.0891,8.84,3.9841,8.36,4700,3165.9,7.694,7.692
4985,train,3.6316,0.1983,9.82,3.1892,8.00,5073,3166.4,8.306,8.290
4986,train,3.4384,0.0455,7.94,2.9859,6.65,4488,3167.0,7.115,7.112
4987,train,3.0890,0.1660,5.51,2.5750,5.24,4536,3167.6,3.798,3.790
4988,train,3.1458,0.1534,6.74,3.0152,7.02,4173,3168.2,5.334,5.330
4989,train,3.5727,0.0692,7.56,3.3159,7.16,4454,3168.8,5.905,5.902
4990,train,4.0074,0.0513,11.58,3.8655,16.16,4306,3169.4,10.002,10.002
4991,train,3.7036,0.1350,9.05,3.1331,5.24,4806,3169.9,5.435,5.365
4992,train,2.6071,0.2878,8.19,2.0621,6.00,4274,3170.5,6.412,6.406
4993,train,3.1585,0.1270,7.52,2.8846,7.24,3960,3171.1,4.413,4.410
4994,train,2.7041,0.3278,6.70,2.0779,4.00,4182,3171.7,5.206,5.206
4995,train,3.5293,0.0879,9.39,3.3606,8.43,4017,3172.3,6.644,6.638
4996,train,3.6128,0.0234,8.26,3.5291,6.58,4318,3172.9,6.551,6.545
4997,train,3.1095,0.1578,9.52,2.7506,7.10,4391,3173.4,8.015,7.997
4998,train,3.7046,0.1192,7.70,3.5343,7.58,4168,3174.0,6.092,6.090
4999,train,4.7720,0.0157,12.61,4.2507,10.41,4210,3174.6,11.627,11.622
5000,train,3.5268,0.1968,8.13,2.9059,7.16,4496,3175.2,4.521,4.519
5000,val,3.2579,0.1662,7.69,2.8511,6.52,222066,3202.9,6.041,6.032
5001,train,3.0153,0.1332,6.23,2.9725,5.83,4580,3204.0,5.461,5.459
5002,train,3.4677,0.0957,11.17,2.9238,9.74,5296,3204.6,8.757,8.756
5003,train,2.5691,0.1713,4.91,2.1349,3.41,5131,3205.2,4.502,4.496
5004,train,3.9668,0.1408,14.86,3.4813,12.71,4610,3205.8,11.247,11.243
5005,train,3.2333,0.1292,11.18,2.7235,11.08,4627,3206.3,9.924,9.903
5006,train,3.2436,0.0639,11.60,2.8285,10.31,4321,3206.9,8.475,8.461
5007,train,4.1550,0.0681,15.81,3.6785,9.49,4610,3207.5,14.562,14.561
5008,train,3.5290,0.0738,7.86,3.1876,5.65,5554,3208.1,6.668,6.663
5009,train,2.8992,0.1857,6.29,2.5067,4.41,4933,3208.7,4.257,4.251
5010,train,3.0337,0.0859,6.17,2.5011,4.83,4364,3209.3,3.849,3.844
5011,train,2.9985,0.1707,10.01,2.5285,11.02,4745,3209.9,6.440,6.406
5012,train,3.1865,0.0723,6.26,2.9179,4.83,3804,3210.4,4.431,4.414
5013,train,2.7924,0.2357,5.10,2.2318,5.16,4426,3211.0,3.492,3.485
5014,train,4.0703,0.0882,11.61,3.7446,6.58,4592,3211.6,8.782,8.766
5015,train,2.9284,0.2026,4.99,2.4168,3.41,4438,3212.2,3.120,3.115
5016,train,3.8888,0.0367,10.30,3.2951,9.34,4797,3212.8,8.359,8.358
5017,train,4.2529,0.0359,10.77,4.1044,10.66,4790,3213.4,8.684,8.675
5018,train,2.0350,0.3988,3.36,1.1558,0.00,4082,3213.9,1.424,1.412
5019,train,4.2622,0.1049,15.37,3.6328,14.07,4271,3214.5,12.702,12.697
5020,train,3.7760,0.0741,10.92,3.4624,10.41,4236,3215.1,9.565,9.530
5021,train,3.9704,0.0023,9.91,3.6418,8.65,4783,3215.7,7.083,7.071
5022,train,3.5473,0.1193,9.24,3.0959,8.16,4542,3216.3,6.914,6.914
5023,train,4.2319,0.0560,13.34,3.7160,11.32,4235,3216.9,10.931,10.927
5024,train,2.7770,0.2077,4.55,2.5999,3.00,3963,3217.4,3.288,3.277
5025,train,2.2688,0.3755,3.60,1.6176,2.00,4354,3218.0,1.539,1.512
5026,train,3.2744,0.1943,7.72,2.9711,6.48,4354,3218.6,6.869,6.867
5027,train,3.8457,0.0317,9.68,3.6471,10.16,4486,3219.2,7.683,7.666
5028,train,2.7182,0.2845,4.86,2.1977,3.00,4344,3219.8,3.888,3.882
5029,train,2.7894,0.3412,7.65,2.1646,4.12,4775,3220.4,5.011,5.002
5030,train,3.5950,0.1706,8.39,3.0483,5.00,4714,3221.0,7.502,7.492
5031,train,3.7418,0.0807,7.85,3.5702,6.83,4498,3221.5,6.268,6.268
5032,train,3.1800,0.1424,6.25,3.0065,6.00,4198,3222.1,3.624,3.605
5033,train,2.4715,0.2343,4.59,1.9866,2.41,4054,3222.7,3.365,3.358
5034,train,2.9483,0.2378,5.78,2.3509,3.83,4403,3223.3,3.625,3.615
5035,train,4.1946,0.0643,12.03,3.8219,12.25,5214,3223.9,9.222,9.218
5036,train,2.6075,0.3203,5.88,2.1946,1.41,4283,3224.5,5.339,5.332
5037,train,2.9509,0.0999,5.81,2.5289,5.41,4363,3225.0,4.750,4.745
5038,train,4.1143,0.0350,12.38,3.8806,11.07,5290,3225.6,10.579,10.573
5039,train,3.5220,0.1180,11.04,2.9439,10.00,4018,3226.2,9.534,9.525
5040,train,3.9499,0.1823,8.80,3.4507,7.93,4662,3226.8,6.482,6.468
5041,train,3.4757,0.0944,8.46,3.2929,8.58,5030,3227.4,6.826,6.823
5042,train,3.3910,0.0687,7.45,3.2002,6.65,4790,3228.0,5.083,5.082
5043,train,3.0114,0.1089,6.83,2.8171,6.47,4701,3228.6,5.833,5.831
5044,train,3.0599,0.1685,6.30,2.4372,2.83,4723,3229.1,4.644,4.638
5045,train,3.2036,0.1899,6.34,2.7020,4.00,3855,3229.7,5.197,5.193
5046,train,3.4676,0.0921,11.57,3.1447,10.24,4409,3230.3,10.325,10.311
5047,train,2.8796,0.2472,9.79,2.3911,9.00,4689,3230.9,7.427,7.423
5048,train,3.3775,0.1301,8.99,3.1768,10.63,4197,3231.5,7.222,7.216
5049,train,3.9242,0.0397,8.36,3.4270,6.48,5767,3232.1,7.779,7.776
5050,train,3.2036,0.0888,7.46,3.1923,6.41,4356,3232.6,6.143,6.135
5051,train,3.0249,0.1964,6.71,2.7347,5.47,4339,3233.2,4.618,4.612
5052,train,3.0208,0.1288,5.48,2.7331,5.24,4773,3233.8,4.106,4.096
5053,train,4.1743,0.0107,9.06,3.8428,8.06,4749,3234.4,7.907,7.902
5054,train,3.3037,0.1129,9.92,2.9659,11.15,4696,3235.0,7.321,7.318
5055,train,2.6898,0.1815,5.27,1.9261,3.00,4545,3235.6,4.064,4.061
5056,train,3.5857,0.0747,8.41,3.1815,7.95,4084,3236.1,5.716,5.712
5057,train,2.9524,0.2495,5.41,2.8278,4.00,4533,3236.7,4.333,4.332
5058,train,2.4926,0.2600,4.08,1.9426,2.41,4785,3237.3,2.572,2.527
5059,train,4.2153,0.0248,9.56,4.5141,10.15,4684,3237.9,8.021,8.014
5060,train,2.6800,0.1052,4.97,2.2784,4.41,4317,3238.5,2.378,2.343
5061,train,2.7410,0.2091,5.95,2.6181,4.00,4528,3239.1,4.470,4.459
5062,train,2.3677,0.3086,6.18,1.7261,5.00,3808,3239.7,4.777,4.769
5063,train,4.0487,0.0831,10.24,3.9185,8.71,4634,3240.2,9.569,9.566
5064,train,3.0313,0.1185,6.85,2.3354,6.00,4803,3240.8,5.030,5.023
5065,train,4.1833,0.0339,8.71,3.7698,7.47,3985,3241.4,7.332,7.328
5066,train,3.3587,0.1958,7.53,2.8982,6.06,5041,3242.0,5.337,5.333
5067,train,2.9849,0.1577,10.27,2.5148,9.07,4902,3242.6,10.022,10.020
5068,train,2.8192,0.2128,5.62,2.3192,4.24,4887,3243.2,3.952,3.942
5069,train,2.3142,0.2677,4.31,2.1418,4.00,4064,3243.7,3.207,3.106
5070,train,2.5559,0.1514,4.90,2.2705,4.41,3911,3244.3,2.889,2.881
5071,train,3.4180,0.1891,9.45,2.9450,7.08,4864,3244.9,9.442,9.441
5072,train,3.4085,0.0443,8.54,2.9737,7.24,4173,3245.5,6.278,6.275
5073,train,2.6381,0.0947,6.04,2.2372,6.24,4605,3246.1,4.202,4.200
5074,train,3.4490,0.0801,8.43,3.4814,6.24,4794,3246.7,7.089,7.086
5075,train,3.1172,0.2192,7.88,2.6062,7.51,4986,3247.3,4.002,3.997
5076,train,3.1764,0.0712,8.22,2.4564,7.41,4760,3247.8,6.555,6.548
5077,train,2.7248,0.0925,5.89,2.0027,4.00,4336,3248.4,4.182,4.108
5078,train,2.4487,0.2206,5.00,1.9831,3.41,4366,3249.0,2.673,2.649
5079,train,3.4806,0.2598,8.45,3.2771,9.00,4219,3249.6,7.821,7.796
5080,train,3.4949,0.0871,8.48,2.8885,6.81,4326,3250.2,6.073,6.059
5081,train,3.0491,0.0910,8.91,2.7828,7.41,4199,3250.8,7.316,7.313
5082,train,2.5244,0.2570,4.52,2.1374,3.00,4448,3251.3,2.946,2.942
5083,train,4.0384,0.0549,7.99,3.7321,6.58,4425,3251.9,6.367,6.327
5084,train,2.8130,0.2141,6.24,2.2735,2.41,4642,3252.5,4.133,4.118
5085,train,4.6889,0.0056,14.69,4.5263,13.91,4141,3253.1,12.824,12.822
5086,train,4.1199,0.0841,11.90,3.8170,10.24,4695,3253.7,10.396,10.391
5087,train,2.7947,0.2568,6.34,2.4050,7.12,4584,3254.3,4.655,4.652
5088,train,3.0141,0.1428,11.10,2.1823,9.28,4404,3254.8,7.846,7.841
5089,train,2.5061,0.1522,4.55,2.1738,4.00,4782,3255.4,3.347,3.345
5090,train,3.4094,0.1930,7.79,3.2312,7.80,4213,3256.0,6.262,6.255
5091,train,4.6947,0.0223,10.66,4.4383,10.83,4348,3256.6,8.515,8.514
5092,train,2.4939,0.2602,8.71,2.2474,10.00,4159,3257.2,8.392,8.391
5093,train,2.5778,0.2507,4.28,2.1789,2.00,5580,3257.8,2.343,2.341
5094,train,2.3273,0.2899,4.02,1.9338,2.00,4081,3258.3,2.719,2.709
5095,train,3.5444,0.0819,12.17,3.0659,12.24,4088,3258.9,9.413,9.410
5096,train,2.3503,0.2702,4.13,1.9612,2.00,4438,3259.5,2.368,2.366
5097,train,2.9743,0.1803,7.84,2.4566,8.08,4698,3260.4,6.978,6.976
5098,train,4.0581,0.0285,14.23,3.7125,12.90,4705,3261.0,9.273,9.267
5099,train,3.5171,0.2017,9.15,2.9554,7.39,4438,3261.6,7.322,7.304
5100,train,3.3688,0.1883,6.99,3.0006,6.02,4477,3262.1,5.782,5.781
5101,train,3.2568,0.1446,6.05,2.8929,4.24,5216,3262.7,4.388,4.384
5102,train,2.6251,0.2942,4.77,2.1313,2.41,4650,3263.3,2.888,2.888
5103,train,3.2041,0.0906,6.15,2.8579,5.65,4393,3263.9,5.434,5.430
5104,train,2.9375,0.1935,6.53,2.8068,6.12,5184,3264.5,4.242,4.232
5105,train,2.5994,0.1199,5.26,1.8111,3.00,4613,3265.1,4.055,4.050
5106,train,2.7078,0.2518,11.37,2.0469,11.26,4876,3265.7,7.862,7.817
5107,train,3.1363,0.0585,6.85,2.5939,5.41,4134,3266.2,4.871,4.861
5108,train,2.1874,0.2564,3.82,1.7653,2.00,3842,3266.8,2.030,2.019
5109,train,2.5187,0.3186,4.31,2.0895,2.00,4378,3267.4,2.839,2.747
5110,train,3.2272,0.2040,6.66,3.0993,7.12,4236,3268.0,5.883,5.861
5111,train,2.6092,0.1081,5.18,2.1855,4.83,4171,3268.6,3.114,3.112
5112,train,3.4291,0.0596,8.98,3.2439,8.26,4645,3269.2,5.844,5.843
5113,train,2.4141,0.3437,3.77,2.0033,2.00,3945,3269.7,1.778,1.758
5114,train,3.3200,0.1348,8.65,3.1267,6.99,4584,3270.3,5.974,5.971
5115,train,3.4023,0.1008,7.05,3.2609,7.16,4059,3270.9,5.639,5.637
5116,train,3.7385,0.1162,10.01,3.5590,7.06,3969,3271.5,10.096,10.090
5117,train,2.8919,0.1988,6.73,2.3764,2.83,5296,3272.1,4.887,4.877
5118,train,3.8298,0.1078,11.31,3.5922,11.57,4109,3272.7,9.146,9.131
5119,train,3.1373,0.0748,6.32,2.5178,5.00,5587,3273.2,3.653,3.646
5120,train,2.7055,0.2353,4.80,2.3090,3.00,4029,3273.8,2.336,2.328
5121,train,2.5885,0.1969,5.13,2.1363,3.41,4521,3274.4,3.380,3.377
5122,train,3.0043,0.2347,6.64,2.2444,4.16,4871,3275.0,4.709,4.703
5123,train,2.0602,0.4116,3.22,1.5556,0.00,4952,3275.6,2.087,2.076
5124,train,4.0245,0.0554,9.81,3.7520,8.63,4061,3276.2,8.261,8.252
5125,train,3.5856,0.1580,8.70,3.2235,4.24,4815,3276.7,8.129,8.115
5126,train,3.0040,0.1801,5.92,2.5788,4.83,4904,3277.3,4.100,4.096
5127,train,2.4888,0.2474,4.24,2.2908,3.41,4773,3277.9,2.353,2.342
5128,train,3.2184,0.0613,8.03,2.7586,6.83,4305,3278.5,5.828,5.816
5129,train,3.3491,0.1043,7.41,2.7419,3.83,5141,3279.1,4.428,4.425
5130,train,3.7028,0.1679,9.75,3.5952,9.40,4055,3279.7,8.087,8.083
5131,train,2.3931,0.2538,4.31,2.1420,3.00,4228,3280.2,2.722,2.712
5132,train,3.1109,0.1611,6.25,2.7442,5.24,4470,3280.8,4.288,4.277
5133,train,2.6770,0.2072,4.82,2.1703,2.83,4349,3281.4,3.378,3.375
5134,train,3.4480,0.0946,8.69,3.5226,9.75,4653,3282.0,6.517,6.516
5135,train,3.2270,0.1471,7.81,2.8628,5.58,4352,3282.6,6.511,6.507
5136,train,3.0996,0.1628,5.38,3.0943,4.24,4041,3283.2,3.807,3.803
5137,train,4.0966,0.1321,14.80,3.8186,15.98,4579,3283.7,15.511,15.506
5138,train,3.0311,0.2453,9.24,2.6173,7.50,4203,3284.3,7.061,7.042
5139,train,4.2749,0.0134,13.92,4.2217,14.36,4621,3284.9,9.045,9.038
5140,train,2.7057,0.1076,5.13,2.0017,4.41,4182,3285.5,3.796,3.789
5141,train,2.8040,0.2067,5.22,2.3605,2.41,4205,3286.1,2.596,2.571
5142,train,2.8932,0.1068,6.25,2.6184,4.00,4146,3286.7,3.961,3.957
5143,train,2.3405,0.3433,3.44,2.0171,1.41,4294,3287.2,1.696,1.688
5144,train,3.4877,0.1507,12.87,2.8433,13.41,4625,3287.8,10.077,10.069
5145,train,3.2906,0.0501,7.25,2.9411,6.47,5311,3288.4,4.075,4.070
5146,train,3.3658,0.1599,7.65,2.8998,4.00,4472,3289.0,4.448,4.438
5147,train,3.0872,0.1884,7.49,3.0039,8.41,4118,3289.6,5.489,5.485
5148,train,2.6149,0.1304,5.01,2.1888,5.00,4787,3290.2,3.310,3.299
5149,train,2.5649,0.1745,5.30,2.2458,4.41,3897,3290.7,3.583,3.581
5150,train,3.1815,0.1247,7.92,2.7119,7.36,4956,3291.3,5.645,5.642
5151,train,2.8391,0.1390,5.40,2.4134,4.00,4878,3291.9,3.486,3.477
5152,train,2.4393,0.2941,4.26,1.9183,4.00,5049,3292.5,2.373,2.363
5153,train,3.7287,0.0163,16.96,3.4126,15.27,4369,3293.1,13.630,13.623
5154,train,3.4823,0.1275,8.06,3.0173,5.65,4440,3293.7,7.199,7.195
5155,train,3.1541,0.2247,5.73,2.6711,3.83,5043,3294.2,3.841,3.836
5156,train,3.9001,0.1397,12.02,3.4033,11.39,5404,3294.8,9.310,9.274
5157,train,3.3495,0.0752,10.55,2.9836,12.24,4749,3295.4,7.185,7.181
5158,train,3.0317,0.1924,5.33,2.2484,4.00,4360,3296.0,3.704,3.702
5159,train,3.0824,0.0522,6.30,2.6111,5.00,4194,3296.6,5.085,5.084
5160,train,3.1114,0.1090,6.83,2.6066,6.41,4230,3297.2,5.532,5.524
5161,train,3.5370,0.0447,8.53,3.2436,7.47,4967,3297.8,6.394,6.389
5162,train,3.0430,0.1915,7.12,2.4237,7.41,4256,3298.3,6.302,6.291
5163,train,3.4602,0.1659,12.25,2.9038,10.00,4094,3298.9,10.455,10.436
5164,train,2.5032,0.2549,4.18,1.8321,4.00,4971,3299.5,2.288,2.287
5165,train,3.0261,0.1461,6.81,2.5304,5.61,4264,3300.1,1.956,1.920
5166,train,2.3180,0.2338,4.33,1.9695,2.41,4410,3300.7,2.320,2.312
5167,train,3.3861,0.1701,7.51,3.2027,5.24,4428,3301.3,5.143,5.134
5168,train,3.1948,0.1777,6.71,2.8256,5.58,4687,3301.8,5.240,5.233
5169,train,2.0689,0.4330,4.10,1.6527,4.00,4400,3302.4,2.668,2.655
5170,train,3.4866,0.0468,8.76,3.4840,8.82,4487,3303.0,7.328,7.326
5171,train,3.1607,0.0365,7.53,2.5847,7.41,4382,3303.6,5.572,5.567
5172,train,3.3582,0.0835,7.05,2.9842,6.41,4373,3304.2,6.060,6.057
5173,train,2.1748,0.3221,3.66,1.9108,3.41,4191,3304.8,2.435,2.432
5174,train,2.8039,0.2244,6.51,2.2035,5.61,4867,3305.3,5.194,5.183
5175,train,4.0668,0.0528,13.57,3.7627,13.51,4979,3305.9,10.600,10.598
5176,train,2.5863,0.1456,5.31,2.0120,4.41,4264,3306.5,3.532,3.522
5177,train,2.9672,0.1539,6.62,2.4407,6.16,4424,3307.1,4.972,4.965
5178,train,2.9812,0.1683,5.64,2.5721,4.00,4606,3307.7,4.600,4.597
5179,train,3.8364,0.0682,11.20,3.4604,9.40,4809,3308.3,9.938,9.928
5180,train,2.9425,0.1368,6.56,2.3690,4.24,4561,3308.8,4.813,4.810
5181,train,2.6147,0.2087,4.66,2.0705,3.41,4733,3309.4,3.030,3.026
5182,train,3.0234,0.3507,6.41,2.5137,5.12,4257,3310.0,4.913,4.912
5183,train,2.9543,0.1903,6.00,2.7303,5.00,3842,3310.6,5.178,5.175
5184,train,2.8484,0.1238,5.52,2.6850,4.24,4411,3311.2,3.546,3.544
5185,train,2.5557,0.2690,4.88,1.8930,2.41,4242,3311.8,3.234,3.223
5186,train,2.5912,0.2359,4.42,2.1430,3.00,4891,3312.3,3.350,3.336
5187,train,3.3866,0.2604,10.34,2.3525,7.74,4550,3312.9,6.717,6.713
5188,train,2.9806,0.1272,5.97,2.5476,4.00,5150,3313.5,4.273,4.268
5189,train,4.3658,0.1837,9.87,4.2718,9.49,4383,3314.1,7.794,7.783
5190,train,3.4316,0.0713,7.51,3.2055,6.58,4798,3314.7,6.660,6.643
5191,train,4.0636,0.1298,10.90,3.5425,10.22,5099,3315.3,8.849,8.841
5192,train,3.1887,0.1254,6.19,2.4902,4.41,4682,3315.8,4.902,4.900
5193,train,3.0813,0.1234,5.32,2.7649,3.83,4959,3316.4,4.203,4.191
5194,train,2.7960,0.2828,5.25,2.4077,3.83,4279,3317.0,3.650,3.645
5195,train,2.9418,0.0707,5.91,2.3367,4.41,4354,3317.6,5.006,5.005
5196,train,3.3909,0.1588,9.43,2.9755,8.41,4583,3318.2,7.666,7.571
5197,train,3.2597,0.0896,7.36,2.5008,6.00,4976,3318.8,5.649,5.643
5198,train,3.3940,0.1022,7.72,3.1576,7.12,4793,3319.3,7.208,7.198
5199,train,3.1875,0.1044,6.92,3.0366,5.41,4426,3319.9,5.491,5.486
5200,train,3.1106,0.2042,8.14,2.7588,7.41,4144,3320.5,6.555,6.551
5201,train,4.5182,0.0548,12.15,3.9974,8.91,4049,3321.1,10.175,10.154
5202,train,3.0582,0.0996,6.82,2.6302,4.83,4667,3321.7,5.033,4.894
5203,train,3.1744,0.1394,11.90,2.8799,11.48,4568,3322.3,8.501,8.495
5204,train,2.9411,0.1715,5.49,2.3882,4.00,4596,3322.8,4.073,4.070
5205,train,3.4445,0.1937,6.06,2.9427,4.65,4977,3323.4,5.104,5.100
5206,train,2.9456,0.1295,5.28,2.7948,5.83,4665,3324.0,3.943,3.939
5207,train,3.5476,0.1070,14.04,3.3018,13.74,4421,3324.6,12.775,12.774
5208,train,3.8965,0.0766,15.87,3.3380,14.31,4128,3325.2,12.882,12.879
5209,train,3.0959,0.1585,5.76,2.4775,3.24,4638,3325.8,4.017,4.005
5210,train,3.0245,0.1103,6.11,2.4740,5.24,4260,3326.3,4.018,4.004
5211,train,2.1604,0.3517,3.67,1.5494,2.00,3992,3326.9,2.199,2.181
5212,train,2.9208,0.1708,5.75,2.5301,4.41,4367,3327.5,4.802,4.797
5213,train,2.8895,0.1561,5.16,2.7924,5.06,4260,3328.1,4.373,4.371
5214,train,2.6878,0.2481,8.23,2.1805,6.51,4136,3328.7,7.399,7.394
5215,train,2.2969,0.2208,4.11,1.7580,2.00,4489,3329.3,2.818,2.812
5216,train,2.9911,0.1927,8.55,2.5788,8.08,3903,3329.8,5.765,5.759
5217,train,3.7524,0.0466,16.58,3.2368,18.10,4610,3330.4,11.588,11.585
5218,train,3.3546,0.1484,9.10,2.7591,7.24,5195,3331.0,6.931,6.928
5219,train,4.1030,0.1641,15.23,3.8208,15.66,4358,3331.6,13.106,13.103
5220,train,3.4008,0.0902,6.97,2.8979,5.65,5241,3332.2,5.395,5.389
5221,train,3.1239,0.1169,6.64,2.5067,6.41,4225,3332.8,4.776,4.768
5222,train,2.9906,0.1504,5.57,2.4329,4.00,4095,3333.3,4.528,4.520
5223,train,2.9175,0.1906,6.24,2.3357,3.24,4312,3333.9,4.626,4.615
5224,train,2.5029,0.2149,4.85,2.1255,3.00,4179,3334.5,3.110,3.109
5225,train,3.5496,0.0915,8.21,3.3133,6.65,4918,3335.1,5.281,5.278
5226,train,4.1067,0.1298,10.24,4.0961,10.40,4992,3335.7,9.307,9.231
5227,train,3.2376,0.1288,9.45,2.4989,7.39,5149,3336.3,6.551,6.543
5228,train,3.0691,0.2144,5.19,2.7084,5.00,5294,3336.9,3.429,3.426
5229,train,3.6765,0.1468,10.48,2.7256,7.41,4612,3337.4,8.070,8.064
5230,train,2.7848,0.1723,5.23,2.4090,4.41,4139,3338.0,3.380,3.376
5231,train,2.7878,0.2536,4.87,2.4549,3.00,4282,3338.6,3.309,3.284
5232,train,3.5239,0.0639,9.16,3.1898,7.95,4727,3339.2,7.965,7.943
5233,train,3.6863,0.0677,13.96,3.1413,13.06,4611,3339.8,11.876,11.872
5234,train,3.0969,0.1558,6.04,3.0024,6.06,4237,3340.4,5.723,5.710
5235,train,3.9446,0.0116,11.29,3.6822,11.73,4646,3340.9,9.418,9.415
5236,train,2.7620,0.1489,5.07,2.3011,4.00,4318,3341.5,3.893,3.887
5237,train,2.6996,0.1776,5.04,1.8934,2.41,4465,3342.1,2.836,2.834
5238,train,2.9965,0.2303,8.26,2.5158,8.41,5467,3342.7,6.966,6.965
5239,train,2.6053,0.2810,5.64,2.1091,4.41,4573,3343.3,3.887,3.823
5240,train,2.5465,0.2179,4.74,1.7492,3.00,4893,3343.9,3.262,3.251
5241,train,2.6006,0.3103,4.12,2.3648,2.41,4892,3344.4,2.321,2.272
5242,train,3.1289,0.2260,6.19,2.4650,3.24,4827,3345.0,5.217,5.215
5243,train,3.0788,0.0941,7.76,2.6086,4.41,5335,3345.6,6.817,6.805
5244,train,2.7050,0.2223,5.29,1.9615,3.00,4453,3346.2,3.202,3.195
5245,train,2.3903,0.3816,3.36,1.8142,1.00,4966,3346.8,1.369,1.343
5246,train,2.9578,0.2414,6.11,2.4367,3.24,4672,3347.4,4.156,4.149
5247,train,2.0865,0.3539,3.87,1.6306,2.24,4222,3347.9,2.991,2.981
5248,train,2.7637,0.1961,5.26,2.2931,4.24,4217,3348.5,3.686,3.683
5249,train,2.6689,0.1200,5.52,2.5277,4.83,4157,3349.1,4.118,4.117
5250,train,3.7274,0.1911,8.41,3.3492,7.61,4840,3349.7,6.201,6.194
5251,train,3.3180,0.2004,5.66,2.7932,4.00,4312,3350.3,4.450,4.444
5252,train,2.3564,0.3401,4.12,1.9469,2.00,4828,3350.9,1.563,1.562
5253,train,2.9427,0.1766,6.26,2.4595,5.41,4308,3351.4,4.935,4.911
5254,train,2.6488,0.2190,4.23,2.4085,4.00,4913,3352.0,2.505,2.502
5255,train,3.9382,0.0221,10.11,3.3319,8.93,4294,3352.6,5.534,5.404
5256,train,4.0256,0.0617,14.11,3.3163,12.47,4784,3353.2,13.215,13.213
5257,train,3.4236,0.0484,13.90,3.1746,10.49,4177,3353.8,12.848,12.830
5258,train,3.0274,0.2061,6.43,2.4535,2.41,4735,3354.4,3.980,3.973
5259,train,3.0666,0.2765,5.21,2.1629,3.00,4572,3354.9,3.360,3.357
5260,train,2.1754,0.2830,3.74,1.7049,3.41,4042,3355.5,2.173,2.170
5261,train,3.4111,0.1134,10.68,3.0118,10.48,4118,3356.1,9.325,9.322
5262,train,2.9492,0.1558,6.18,2.4701,4.24,4461,3356.7,2.617,2.606
5263,train,2.7076,0.2001,5.49,2.3892,5.00,4728,3357.3,3.359,3.342
5264,train,2.7461,0.1859,5.50,2.1744,5.24,5072,3357.9,3.780,3.769
5265,train,3.0391,0.1033,6.40,2.6085,5.65,5151,3358.4,4.494,4.485
5266,train,2.9835,0.1190,6.10,2.4738,5.24,4613,3359.0,3.677,3.676
5267,train,2.3324,0.2249,4.88,1.5790,2.41,4010,3359.6,4.204,4.198
5268,train,2.6182,0.2317,4.92,1.9763,2.41,4269,3360.2,4.255,4.252
5269,train,3.4543,0.0224,7.66,2.7459,5.83,4418,3360.8,6.145,6.142
5270,train,2.2596,0.3166,3.86,1.6400,2.00,4251,3361.4,2.293,2.281
5271,train,2.7257,0.2003,5.19,2.2821,3.41,4903,3361.9,2.484,2.481
5272,train,2.3238,0.3217,4.49,1.7985,3.00,4246,3362.5,3.312,3.301
5273,train,3.3975,0.1608,7.36,2.9567,5.16,4688,3363.1,6.612,6.611
5274,train,3.6185,0.1135,8.35,3.2796,6.40,5076,3363.7,5.891,5.868
5275,train,2.6962,0.2712,4.83,2.1907,3.24,4535,3364.3,3.459,3.453
5276,train,3.1789,0.2073,5.57,2.5266,4.41,5117,3364.9,3.502,3.494
5277,train,3.8984,0.0952,9.10,3.6685,8.83,4160,3365.4,6.365,6.358
5278,train,3.8782,0.1064,12.82,3.6724,9.24,4914,3366.0,10.256,10.206
5279,train,2.9339,0.1015,5.72,2.5453,5.41,3873,3366.6,4.039,4.036
5280,train,2.5652,0.2104,5.14,1.9219,3.00,4239,3367.2,3.166,3.163
5281,train,2.7156,0.2070,5.54,2.2552,5.00,4333,3367.8,3.877,3.866
5282,train,2.8969,0.0960,5.26,2.7136,4.41,4884,3368.4,4.137,4.132
5283,train,2.9004,0.0649,5.26,2.5249,4.41,5099,3369.0,4.928,4.924
5284,train,3.4804,0.1388,7.92,3.0862,6.16,4756,3369.5,5.677,5.661
5285,train,3.8162,0.0660,8.59,3.7990,8.37,4361,3370.1,6.705,6.688
5286,train,3.4977,0.0535,7.76,2.9564,6.16,5364,3370.7,7.177,7.166
5287,train,3.1155,0.2302,8.08,2.7713,7.74,4139,3371.3,5.597,5.584
5288,train,2.7456,0.1474,4.79,2.1586,4.00,4289,3371.9,3.522,3.517
5289,train,3.1333,0.1543,6.01,2.8214,4.83,4395,3372.5,4.995,4.993
5290,train,2.7334,0.1764,7.56,2.1094,6.12,4727,3373.0,4.827,4.825
5291,train,3.2598,0.2056,9.33,2.4276,8.50,4485,3373.6,7.469,7.467
5292,train,2.2960,0.3844,3.74,1.8022,1.00,4329,3374.2,2.518,2.497
5293,train,3.3911,0.0889,9.75,2.9396,9.00,5524,3374.8,7.660,7.655
5294,train,3.0199,0.1712,6.29,2.6060,5.24,4060,3375.4,3.838,3.822
5295,train,2.7498,0.1378,5.82,2.2521,4.41,4571,3376.0,4.031,4.027
5296,train,2.5571,0.2547,4.26,2.0530,3.41,4927,3376.5,2.060,2.050
5297,train,3.3260,0.0711,6.63,2.7673,5.24,4994,3377.1,4.692,4.689
5298,train,2.9236,0.1783,7.35,2.3750,5.61,3781,3377.7,4.819,4.791
5299,train,2.5839,0.2311,5.35,1.8617,4.00,4812,3378.3,3.487,3.471
5300,train,3.2439,0.1624,6.18,2.7446,4.65,4416,3378.9,5.238,5.219
5301,train,2.8015,0.2695,7.93,2.5063,8.63,4575,3379.5,5.266,5.262
5302,train,2.5183,0.2356,4.65,2.3084,4.24,4775,3380.0,2.866,2.857
5303,train,2.6392,0.2177,5.10,2.4767,4.41,4787,3380.6,2.792,2.785
5304,train,4.0369,0.0239,18.50,3.6813,17.66,4560,3381.2,15.253,15.245
5305,train,3.7143,0.0554,9.27,3.3249,8.89,5285,3381.8,6.478,6.475
5306,train,3.6257,0.1613,6.64,3.7101,5.47,4066,3382.4,4.489,4.487
5307,train,3.3972,0.1400,7.93,2.7138,6.02,3943,3383.0,6.654,6.649
5308,train,3.1588,0.1474,8.45,2.5624,5.40,4818,3383.5,5.583,5.581
5309,train,3.6164,0.0702,11.30,3.0433,9.61,4928,3384.1,8.852,8.831
5310,train,2.7676,0.2738,6.27,2.2223,4.41,3893,3384.7,5.194,5.183
5311,train,2.8201,0.1347,5.20,2.6532,4.83,4757,3385.3,2.992,2.987
5312,train,2.7363,0.1883,5.57,2.2262,4.65,4301,3385.9,4.392,4.387
5313,train,3.3945,0.2300,5.42,3.0506,3.24,4305,3386.5,2.902,2.895
5314,train,2.9181,0.1644,6.43,2.1714,6.16,4630,3387.0,4.701,4.694
5315,train,3.1904,0.0369,6.74,2.7871,5.41,4304,3387.6,4.915,4.914
5316,train,2.0474,0.3556,3.40,1.3866,2.00,4283,3388.2,2.537,2.531
5317,train,2.8588,0.1603,5.09,2.4605,3.83,4809,3388.8,3.578,3.568
5318,train,3.1080,0.1649,6.52,2.9766,3.41,4553,3389.4,5.731,5.729
5319,train,2.7733,0.1816,4.93,2.5434,2.83,4845,3390.0,4.013,4.011
5320,train,3.0381,0.2109,5.78,2.6824,3.65,4367,3390.6,4.312,4.303
5321,train,2.3010,0.2204,4.53,1.8221,3.00,4024,3391.1,3.154,3.151
5322,train,3.0381,0.1003,7.41,2.5967,6.00,4744,3391.7,5.709,5.699
5323,train,3.4974,0.1690,9.74,3.1170,7.83,4604,3392.3,8.115,8.107
5324,train,3.0005,0.1914,5.53,2.5513,4.41,5454,3392.9,4.044,4.034
5325,train,2.6804,0.2146,5.40,2.2181,3.24,4027,3393.5,3.475,3.453
5326,train,2.7448,0.2401,4.70,1.6871,2.00,4115,3394.1,3.332,3.331
5327,train,2.5243,0.2168,4.73,1.9898,5.24,4696,3394.6,2.610,2.575
5328,train,2.1448,0.3187,3.78,1.3949,1.41,4311,3395.2,1.874,1.851
5329,train,3.7327,0.2041,11.68,3.0595,9.07,4209,3395.8,8.060,8.057
5330,train,2.6648,0.2554,7.08,2.2982,7.41,4072,3396.4,6.183,6.183
5331,train,2.9285,0.1939,9.26,2.4875,12.43,4626,3397.0,6.767,6.741
5332,train,3.5764,0.1705,11.64,3.3057,10.94,4188,3397.6,10.294,10.290
5333,train,2.1746,0.2941,3.68,1.8035,4.41,4363,3398.1,1.558,1.552
5334,train,2.8967,0.2982,6.91,2.2947,4.12,4212,3398.7,5.790,5.785
5335,train,3.6781,0.0270,8.43,3.4323,7.65,4637,3399.3,6.149,6.140
5336,train,2.7124,0.2153,5.32,2.1493,3.24,4644,3399.9,4.005,3.994
5337,train,2.5395,0.3634,4.42,1.9824,1.41,4563,3400.5,2.834,2.756
5338,train,3.3459,0.1595,9.72,2.5977,6.47,4691,3401.1,7.258,7.245
5339,train,2.7521,0.2001,5.42,2.1915,5.83,4813,3401.6,3.480,3.446
5340,train,2.9607,0.1830,5.31,2.5805,3.00,4700,3402.2,2.640,2.635
5341,train,2.9881,0.1017,5.97,2.3438,5.83,4543,3402.8,4.376,4.372
5342,train,2.8902,0.1610,6.13,2.3115,2.41,5665,3403.4,5.133,5.129
5343,train,2.4532,0.3433,4.24,1.9633,2.41,4133,3404.0,2.978,2.975
5344,train,3.2276,0.0680,6.60,2.6464,5.24,4665,3404.6,3.871,3.866
5345,train,3.2905,0.0659,7.29,2.8337,6.24,4599,3405.1,6.127,6.123
5346,train,2.4597,0.2588,4.57,1.9269,2.41,4590,3405.7,1.881,1.802
5347,train,2.3335,0.2870,4.09,1.5338,2.00,4613,3406.3,2.506,2.498
5348,train,3.1790,0.1637,6.50,2.4316,4.24,4497,3406.9,4.323,4.317
5349,train,2.2264,0.3921,4.44,1.6322,1.41,3861,3407.5,3.548,3.538
5350,train,3.0117,0.1460,6.13,2.4765,4.24,4178,3408.1,4.461,4.458
5351,train,2.5603,0.2806,4.70,2.0367,2.41,4665,3408.6,3.486,3.473
5352,train,3.1455,0.2387,8.12,2.6376,6.54,4827,3409.2,5.139,5.136
5353,train,3.2506,0.1677,5.91,2.6191,3.41,4108,3409.8,5.702,5.696
5354,train,3.5176,0.0454,12.43,3.1145,12.83,4562,3410.4,9.481,9.432
5355,train,2.8520,0.1861,6.12,2.5454,6.00,4826,3411.0,4.999,4.976
5356,train,2.8098,0.2036,5.45,2.2761,5.00,4917,3411.6,4.268,4.260
5357,train,3.2423,0.1036,6.02,2.8127,5.24,3948,3412.2,4.242,4.241
5358,train,3.1259,0.1288,6.95,2.4788,6.58,4991,3412.7,5.191,5.190
5359,train,2.3502,0.2409,4.05,1.8811,2.00,4748,3413.3,2.783,2.773
5360,train,2.2725,0.2539,4.22,1.9195,3.41,3927,3413.9,2.102,2.089
5361,train,3.4778,0.1334,7.33,2.9835,5.06,4519,3414.5,7.018,7.016
5362,train,2.6151,0.2116,7.25,2.1694,9.24,4688,3415.1,5.453,5.438
5363,train,2.1207,0.3788,3.51,1.2995,1.00,3984,3415.7,1.629,1.623
5364,train,3.0633,0.1044,7.07,2.7020,6.24,4252,3416.2,4.436,4.425
5365,train,2.8284,0.2774,5.53,2.2439,3.65,4467,3416.8,4.374,4.369
5366,train,3.2252,0.2231,5.93,3.0080,4.65,3842,3417.4,4.823,4.818
5367,train,3.0676,0.0930,6.35,2.8159,6.41,4957,3418.0,4.321,4.315
5368,train,3.1822,0.0612,7.22,2.9891,7.65,4102,3418.6,5.421,5.421
5369,train,2.7554,0.1379,5.08,2.2975,5.24,4336,3419.2,3.833,3.812
5370,train,4.0174,0.1171,12.85,3.3082,10.22,4183,3419.7,10.566,10.564
5371,train,3.0739,0.1716,8.73,2.4491,7.10,5051,3420.3,6.118,6.107
5372,train,2.5012,0.3530,4.50,1.9900,2.41,4399,3420.9,2.816,2.803
5373,train,2.5360,0.2642,4.77,1.8474,4.00,4368,3421.5,3.014,3.004
5374,train,2.7801,0.1467,5.71,2.4854,5.65,4471,3422.1,4.006,3.988
5375,train,5.1398,0.0037,15.38,4.5767,15.06,4310,3422.7,14.460,14.458
5376,train,2.3547,0.2506,4.26,1.6708,2.00,4030,3423.2,2.879,2.877
5377,train,3.6957,0.0203,11.01,2.9584,10.63,3793,3423.8,10.544,10.537
5378,train,3.4746,0.0747,15.91,2.8393,17.41,4924,3424.4,14.111,14.050
5379,train,3.3723,0.0471,6.21,3.0529,5.00,4477,3425.0,5.354,5.351
5380,train,2.8120,0.2046,4.76,2.3615,5.24,3958,3425.6,3.286,3.275
5381,train,2.4513,0.2681,6.02,1.9414,4.00,3932,3426.2,4.119,4.104
5382,train,4.1550,0.0600,8.65,3.9841,8.48,4751,3426.7,7.142,7.131
5383,train,2.8108,0.1895,7.89,1.9184,6.00,4459,3427.3,6.106,6.103
5384,train,2.7358,0.2365,4.97,2.0148,3.24,4736,3427.9,3.635,3.625
5385,train,2.6827,0.1982,4.70,2.2096,3.00,4284,3428.5,2.726,2.725
5386,train,2.2692,0.2969,4.08,1.5799,2.41,4102,3429.1,2.506,2.478
5387,train,3.9661,0.1083,10.84,3.9091,10.47,4267,3429.7,9.671,9.671
5388,train,2.9872,0.1999,6.61,2.4020,2.41,4598,3430.2,4.725,4.719
5389,train,3.3309,0.0763,9.37,2.9667,6.47,4562,3430.8,4.656,4.612
5390,train,2.2849,0.3165,4.20,1.7751,3.00,5074,3431.4,2.715,2.705
5391,train,2.7176,0.1908,5.03,1.8700,4.41,4162,3432.0,3.453,3.447
5392,train,2.8567,0.0769,7.21,2.3104,6.58,4408,3432.6,5.002,4.996
5393,train,2.8490,0.1954,5.69,2.6530,8.32,4565,3433.2,4.133,4.129
5394,train,2.6400,0.2413,4.53,2.4311,3.83,4580,3433.7,3.130,3.126
5395,train,2.5447,0.2322,4.65,1.8919,3.83,4164,3434.3,2.996,2.976
5396,train,2.8922,0.1359,5.23,2.5733,5.24,4364,3434.9,3.486,3.477
5397,train,2.7058,0.1467,7.04,2.3280,9.66,4383,3435.5,4.505,4.501
5398,train,2.9539,0.1415,6.12,2.1114,5.24,4270,3436.1,3.397,3.373
5399,train,2.7133,0.2816,7.14,2.3435,2.24,5319,3436.7,5.643,5.599
5400,train,2.4097,0.2078,4.76,1.8840,5.00,4355,3437.3,2.721,2.719
5401,train,3.6593,0.0629,14.77,3.3259,14.96,4737,3437.8,10.963,10.957
5402,train,2.8849,0.1272,5.11,2.0824,4.00,4026,3438.4,3.118,3.105
5403,train,3.9846,0.0585,9.46,4.1190,8.77,4015,3439.0,7.846,7.841
5404,train,3.5246,0.1192,12.17,3.0649,12.50,4906,3439.6,8.779,8.777
5405,train,2.4680,0.3162,5.15,1.7408,2.00,4747,3440.2,3.687,3.662
5406,train,2.9327,0.1502,5.89,2.6414,4.83,4301,3440.8,3.090,3.070
5407,train,3.6516,0.0652,9.06,3.6605,11.07,4573,3441.3,7.695,7.694
5408,train,3.2181,0.1159,8.55,2.7713,8.00,5011,3441.9,5.163,5.155
5409,train,3.8995,0.1395,10.92,3.5156,9.73,4336,3442.5,9.452,9.451
5410,train,3.3237,0.0456,7.55,2.7838,8.12,4361,3443.1,6.126,6.120
5411,train,2.9262,0.2046,5.89,2.3755,4.24,4076,3443.7,3.152,3.146
5412,train,3.3826,0.0929,12.50,2.8182,9.00,5283,3444.3,8.391,8.375
5413,train,3.1700,0.1216,7.49,2.9916,5.65,4416,3444.8,7.333,7.326
5414,train,2.9831,0.2105,5.45,2.6079,4.24,4128,3445.4,4.186,4.183
5415,train,3.2066,0.1272,7.35,2.6819,6.02,4645,3446.0,4.646,4.629
5416,train,2.4794,0.3025,4.19,1.9536,1.41,4271,3446.6,2.683,2.635
5417,train,3.8561,0.0583,8.41,3.7805,8.77,4476,3447.2,7.233,7.230
5418,train,3.5353,0.1812,8.98,3.0080,7.29,5316,3447.8,7.345,7.332
5419,train,2.8140,0.1331,5.58,2.2913,3.00,4462,3448.3,4.347,4.344
5420,train,3.7251,0.1073,7.86,3.1650,5.65,5544,3448.9,6.597,6.587
5421,train,3.8225,0.0236,8.88,3.4462,7.89,4406,3449.5,6.023,6.017
5422,train,2.6363,0.2279,5.01,2.1989,3.41,4779,3450.1,3.323,3.319
5423,train,2.6361,0.3047,5.95,2.0951,2.41,4267,3450.7,4.398,4.388
5424,train,3.4329,0.1408,7.27,2.9043,7.16,4091,3451.3,5.601,5.599
5425,train,3.4299,0.0910,6.45,3.0008,4.41,4373,3451.8,5.626,5.625
5426,train,3.9524,0.1331,7.60,3.3409,6.00,4502,3452.4,6.832,6.822
5427,train,2.9699,0.1359,6.31,2.4734,5.65,4443,3453.0,4.160,4.152
5428,train,3.0992,0.1661,5.96,2.5208,3.83,4709,3453.6,5.021,5.013
5429,train,2.7425,0.1401,6.95,2.4317,3.41,4233,3454.2,5.693,5.692
5430,train,3.0421,0.2911,5.69,2.4335,4.16,4074,3454.8,3.849,3.844
5431,train,2.5493,0.2706,5.38,2.0899,4.00,4243,3455.3,3.597,3.587
5432,train,3.3955,0.2199,6.84,3.1537,5.40,4361,3455.9,5.243,5.218
5433,train,2.7187,0.2274,5.07,2.3484,3.41,4331,3456.5,3.339,3.334
5434,train,2.7912,0.2543,4.67,2.3343,4.00,4255,3457.1,3.993,3.988
5435,train,5.3848,0.0455,18.26,5.0673,19.73,4310,3457.7,16.202,16.195
5436,train,3.1735,0.1261,7.81,2.6657,7.02,4457,3458.3,4.562,4.555
5437,train,3.4155,0.0623,7.12,3.0943,5.83,4754,3458.8,5.435,5.427
5438,train,4.1268,0.0363,8.91,3.5354,7.40,4655,3459.4,6.535,6.528
5439,train,3.0384,0.0850,5.92,2.4149,3.41,4189,3460.0,4.172,4.168
5440,train,3.0031,0.2526,5.56,2.5183,3.24,4379,3460.6,4.567,4.561
5441,train,2.8264,0.2890,9.54,2.1199,9.90,5086,3461.2,7.719,7.708
5442,train,3.0044,0.1525,6.48,2.5866,5.41,5280,3461.8,4.738,4.734
5443,train,2.5627,0.2550,4.54,2.1355,4.41,4542,3462.4,2.379,2.376
5444,train,3.2124,0.1618,7.30,2.8985,8.12,4612,3462.9,4.936,4.930
5445,train,3.2112,0.1773,10.81,2.6081,9.32,4519,3463.5,8.884,8.878
5446,train,4.4485,0.0853,13.80,3.8079,11.06,4982,3464.1,11.122,11.111
5447,train,2.9451,0.1411,5.49,2.3891,4.00,4995,3464.7,2.847,2.791
5448,train,3.3629,0.0492,9.26,2.7131,9.50,4492,3465.3,7.038,7.021
5449,train,2.9710,0.1358,6.51,2.5585,6.16,4515,3465.9,5.053,5.040
5450,train,2.9808,0.0914,5.78,2.5523,6.06,4324,3466.4,3.977,3.977
5451,train,3.3879,0.2354,7.14,2.8416,4.58,4588,3467.0,4.805,4.779
5452,train,3.4274,0.0279,6.90,2.7142,6.06,3910,3467.6,5.122,5.119
5453,train,2.4607,0.3444,3.85,1.9004,1.00,4747,3468.2,2.999,2.991
5454,train,3.7071,0.1769,11.39,3.2745,6.00,4172,3468.8,8.894,8.887
5455,train,2.8925,0.2131,14.53,1.9650,14.07,4228,3469.4,11.977,11.965
5456,train,3.2938,0.1081,10.96,2.8185,10.28,4763,3469.9,9.659,9.652
5457,train,2.7768,0.2342,6.44,2.1872,2.00,3967,3470.5,5.483,5.480
5458,train,2.4434,0.2857,4.08,1.8874,2.41,4812,3471.1,1.959,1.952
5459,train,3.7920,0.0941,11.96,3.4711,13.36,4410,3471.7,9.552,9.534
5460,train,4.0406,0.0238,15.42,3.6238,17.33,4541,3472.3,14.029,14.027
5461,train,2.6775,0.2466,6.90,2.0043,3.00,4955,3472.9,5.219,5.203
5462,train,3.7601,0.0801,8.08,3.2721,7.41,4468,3473.4,5.978,5.977
5463,train,4.3151,0.0823,14.81,3.5652,13.44,4726,3474.0,10.165,10.128
5464,train,2.5321,0.1721,4.55,2.1613,4.41,4746,3474.6,3.650,3.644
5465,train,2.7888,0.1324,5.92,2.4417,5.00,4145,3475.2,4.760,4.760
5466,train,2.9659,0.1238,5.18,2.5289,3.41,4870,3475.8,3.179,3.169
5467,train,3.3682,0.1802,5.45,3.1941,5.24,4861,3476.4,3.224,3.223
5468,train,2.8298,0.1284,6.01,2.3812,5.41,4572,3476.9,3.561,3.556
5469,train,3.5573,0.1049,11.69,3.1061,8.36,4593,3477.5,9.811,9.806
5470,train,3.0831,0.1315,10.81,2.6032,11.49,4312,3478.1,6.901,6.894
5471,train,2.2744,0.3446,3.74,1.6011,2.41,4222,3478.7,2.101,2.085
5472,train,3.5832,0.1017,9.87,3.0529,7.51,4886,3479.3,7.084,7.079
5473,train,2.0219,0.3370,3.25,1.5878,3.00,4044,3479.9,1.316,1.315
5474,train,2.5578,0.1842,4.75,2.1171,3.41,4746,3480.4,3.649,3.641
5475,train,3.0287,0.1323,5.10,2.8496,4.41,4958,3481.0,3.374,3.357
5476,train,2.8997,0.1141,6.62,2.6745,5.61,4997,3481.6,5.313,5.293
5477,train,2.4596,0.1925,4.89,2.0937,5.65,4072,3482.2,3.078,3.052
5478,train,3.4766,0.0567,8.30,3.1671,6.00,4641,3482.8,6.299,6.289
5479,train,2.8344,0.2536,11.21,2.2688,10.06,4842,3483.4,9.147,9.143
5480,train,3.3852,0.0446,7.06,3.2575,6.41,4915,3483.9,3.953,3.927
5481,train,3.0057,0.1482,9.06,2.5161,8.00,5377,3484.5,7.421,7.415
5482,train,2.7000,0.1735,5.40,2.3466,6.00,4445,3485.1,4.300,4.293
5483,train,3.4212,0.1419,10.82,3.0342,11.08,4841,3485.7,7.022,7.014
5484,train,3.4078,0.1060,8.71,3.1362,9.00,4707,3486.3,7.770,7.765
5485,train,2.2870,0.2772,4.27,1.6694,2.41,4383,3486.9,2.218,2.210
5486,train,3.7841,0.0434,11.23,3.4940,9.83,4083,3487.4,9.400,9.398
5487,train,3.0456,0.2260,5.94,2.6523,4.58,4221,3488.0,5.155,5.151
5488,train,3.3234,0.1232,7.18,2.6306,4.65,4652,3488.6,4.717,4.714
5489,train,2.6437,0.2364,4.79,1.9611,3.00,4665,3489.2,3.593,3.589
5490,train,3.0662,0.1583,6.82,2.6857,5.00,4144,3489.8,5.245,5.237
5491,train,4.7780,0.0937,12.30,4.4301,14.97,4504,3490.4,11.355,11.347
5492,train,1.7668,0.4640,2.92,1.0568,0.00,3976,3490.9,1.749,1.747
5493,train,3.0780,0.1404,5.71,2.6566,5.00,4966,3491.5,3.487,3.479
5494,train,2.8752,0.1980,5.88,2.5208,5.65,4026,3492.1,5.104,5.080
5495,train,3.0341,0.1736,5.22,2.3129,3.41,3981,3492.7,3.454,3.448
5496,train,2.2114,0.3511,3.74,1.5208,2.41,4836,3493.3,1.664,1.649
5497,train,4.2579,0.0833,12.69,3.8552,10.95,4744,3493.9,7.838,7.833
5498,train,2.8239,0.2528,5.39,2.4197,5.65,3940,3494.4,2.907,2.899
5499,train,3.2982,0.0629,10.81,3.0499,10.32,4404,3495.0,8.795,8.785
5500,train,4.1958,0.1039,8.64,4.2515,8.08,4381,3495.6,7.654,7.650
5500,val,3.2559,0.1284,7.96,2.8468,7.26,222066,3523.3,6.057,6.050
5501,train,2.8643,0.1775,5.27,2.4726,3.41,4839,3523.9,3.998,3.974
5502,train,3.1284,0.0948,6.56,2.7254,6.24,4608,3524.5,4.399,4.380
5503,train,2.7301,0.2462,5.40,2.4445,4.65,4387,3525.0,3.546,3.515
5504,train,2.7694,0.1610,5.50,2.2772,4.24,4676,3525.6,3.596,3.587
5505,train,3.1701,0.1054,6.69,2.7533,6.65,4337,3526.2,4.894,4.891
5506,train,2.9468,0.1121,5.36,2.6424,4.41,4141,3526.8,3.814,3.796
5507,train,3.7782,0.0378,8.56,3.4595,9.24,4815,3527.4,6.336,6.328
5508,train,2.0406,0.4135,3.34,1.5830,1.41,4327,3528.0,1.546,1.522
5509,train,3.5409,0.0220,8.57,3.0410,7.47,4363,3528.5,6.559,6.552
5510,train,2.7754,0.0374,5.73,2.5921,5.00,4543,3529.1,4.664,4.658
5511,train,3.5066,0.0661,7.76,3.4463,6.66,3965,3529.7,6.907,6.901
5512,train,3.1877,0.1415,11.69,2.9380,13.24,3668,3530.3,10.334,10.330
5513,train,2.7001,0.1584,5.39,2.3002,4.41,4767,3530.9,2.893,2.874
5514,train,3.5299,0.0764,11.01,3.1900,11.41,5013,3531.4,8.720,8.713
5515,train,2.5608,0.2009,4.46,1.9758,3.41,4485,3532.0,2.526,2.526
5516,train,3.3092,0.0570,9.05,3.1069,9.51,4300,3532.6,7.183,7.178
5517,train,3.4659,0.1507,7.30,3.2954,5.41,5058,3533.2,4.647,4.613
5518,train,2.8006,0.1111,5.38,1.9410,4.00,4574,3533.8,4.310,4.305
5519,train,2.3111,0.2883,3.94,1.7849,2.00,4756,3534.4,2.112,2.092
5520,train,3.3127,0.1707,8.35,2.7618,4.41,4147,3534.9,6.195,6.186
5521,train,2.5615,0.2501,4.53,2.0993,2.83,4063,3535.5,3.309,3.299
5522,train,2.5014,0.2731,4.65,1.9435,2.41,5009,3536.1,2.589,2.577
5523,train,2.3437,0.3306,3.93,1.6002,2.00,4084,3536.7,2.044,2.036
5524,train,3.2420,0.1314,6.80,2.8741,5.16,4337,3537.3,5.081,5.080
5525,train,3.6650,0.1142,14.50,3.3440,15.30,5453,3537.9,12.731,12.728
5526,train,2.4209,0.2911,4.43,1.8841,3.24,3982,3538.4,2.557,2.496
5527,train,3.1081,0.2733,7.27,2.9002,7.25,4556,3539.0,6.291,6.276
5528,train,2.6038,0.2390,4.88,2.1606,3.41,4339,3539.6,2.770,2.764
5529,train,2.6799,0.1654,6.58,2.2489,7.41,4438,3540.2,3.157,3.020
5530,train,3.4756,0.1377,12.45,3.1035,11.24,4408,3540.8,9.774,9.694
5531,train,2.5219,0.2535,4.67,2.2377,3.00,4307,3541.4,2.318,2.308
5532,train,2.4565,0.2428,4.32,2.0994,3.00,4682,3541.9,2.682,2.672
5533,train,4.1180,0.0913,14.91,3.2811,15.00,3813,3542.5,14.399,14.390
5534,train,2.6430,0.3190,4.14,2.5591,3.24,4332,3543.1,3.078,3.065
5535,train,2.3550,0.2191,4.16,1.7457,3.00,4267,3543.7,2.774,2.771
5536,train,2.8205,0.0861,5.38,2.2519,4.41,4926,3544.3,4.012,4.006
5537,train,3.0319,0.1531,6.29,2.5897,2.41,4513,3544.9,3.650,3.645
5538,train,3.4088,0.0557,7.58,2.7310,6.58,4521,3545.4,5.272,5.269
5539,train,4.3162,0.0780,9.78,3.7511,10.06,4387,3546.0,9.166,9.166
5540,train,2.6354,0.2520,5.19,2.0346,2.83,4313,3546.6,3.396,3.374
5541,train,2.4270,0.2919,3.96,1.9532,2.41,5371,3547.2,2.633,2.622
5542,train,2.6356,0.2084,4.94,2.1636,3.00,4548,3547.8,3.562,3.555
5543,train,2.9926,0.1427,5.54,2.6184,3.83,5107,3548.4,4.120,4.104
5544,train,3.6596,0.1402,8.19,3.0505,6.47,4851,3548.9,6.132,6.130
5545,train,2.6192,0.2355,4.43,1.9423,3.41,4816,3549.5,2.372,2.369
5546,train,3.5260,0.0747,9.73,3.1655,10.00,4822,3550.1,9.721,9.719
5547,train,3.0199,0.1517,5.61,2.1670,3.83,4725,3550.7,4.167,4.164
5548,train,3.9302,0.0739,15.11,3.3186,13.87,5438,3551.3,12.023,12.020
5549,train,2.2791,0.3425,3.86,1.7170,2.00,4532,3551.9,1.737,1.733
5550,train,3.2691,0.1389,6.13,2.9606,6.41,3973,3552.5,4.396,4.391
5551,train,2.9053,0.1736,5.70,2.2225,4.24,4942,3553.0,4.657,4.652
5552,train,2.6188,0.1928,4.77,1.9753,4.41,3905,3553.6,3.301,3.298
5553,train,3.3256,0.1517,6.63,3.0120,6.16,4949,3554.2,4.487,4.473
5554,train,2.8501,0.1688,4.51,2.6118,4.00,4041,3554.8,3.595,3.594
5555,train,4.7267,0.0761,14.04,4.4774,14.48,4575,3555.4,13.252,13.247
5556,train,3.4646,0.0567,10.09,3.0850,12.34,4819,3555.9,7.356,7.349
5557,train,4.8976,0.0038,14.25,4.6444,14.24,4777,3556.5,13.113,13.110
5558,train,3.2729,0.0626,7.58,2.7381,3.83,4409,3557.1,6.204,6.202
5559,train,2.4659,0.2588,5.63,2.0683,4.00,3996,3557.7,4.118,4.116
5560,train,3.2655,0.2202,5.57,2.7338,3.24,5464,3558.3,3.189,3.178
5561,train,2.3930,0.2385,4.69,1.8945,4.00,4792,3558.9,2.778,2.756
5562,train,3.7615,0.0503,16.04,3.3346,15.30,4948,3559.5,13.666,13.665
5563,train,3.0880,0.1775,6.87,2.5900,5.41,5374,3560.0,5.517,5.506
5564,train,3.3642,0.1121,14.53,2.5527,13.31,4379,3560.6,9.510,9.503
5565,train,3.4693,0.0886,12.50,3.0811,11.58,4276,3561.2,9.358,9.345
5566,train,2.4641,0.1790,4.68,2.0886,4.00,4391,3561.8,2.648,2.645
5567,train,3.1012,0.1488,6.60,2.5173,3.41,3890,3562.4,6.076,6.060
5568,train,3.1536,0.0951,9.92,2.8625,11.25,4721,3563.0,6.562,6.557
5569,train,2.9680,0.1136,6.00,2.1956,5.24,3865,3563.5,4.166,4.165
5570,train,3.4004,0.1436,7.47,2.5562,5.41,5342,3564.1,3.956,3.953
5571,train,3.2389,0.1192,8.38,2.9086,6.00,4923,3564.7,3.975,3.968
5572,train,3.6519,0.0157,10.84,3.4268,9.24,4516,3565.3,10.342,10.334
5573,train,3.9908,0.0909,11.03,3.7319,13.05,4411,3565.9,10.677,10.675
5574,train,2.3444,0.2093,4.57,1.8920,3.41,4796,3566.5,2.932,2.921
5575,train,2.4085,0.2195,4.35,1.5645,3.00,4816,3567.0,2.035,2.027
5576,train,3.0471,0.2577,8.88,2.6851,7.34,5141,3567.6,6.567,6.532
5577,train,3.8965,0.1212,11.12,3.5891,9.00,4300,3568.2,10.729,10.724
5578,train,3.3437,0.1263,7.09,2.8914,5.41,4356,3568.8,5.479,5.473
5579,train,3.5722,0.1010,7.66,3.4784,7.00,5087,3569.4,6.409,6.405
5580,train,4.0600,0.1339,6.86,3.4548,5.41,4676,3570.0,5.205,5.188
5581,train,3.4548,0.1959,12.92,3.0941,13.87,4151,3570.5,13.163,13.162
5582,train,3.0587,0.1234,7.25,2.3455,5.00,4126,3571.1,5.391,5.363
5583,train,2.4888,0.2619,4.64,1.9645,3.41,4212,3571.7,1.158,1.122
5584,train,2.9221,0.1168,5.90,2.3269,5.24,4733,3572.3,4.239,4.229
5585,train,2.7618,0.1855,4.95,2.3934,3.00,4853,3572.9,2.771,2.770
5586,train,3.4872,0.1656,9.32,3.0386,8.00,4075,3573.5,7.903,7.898
5587,train,3.0214,0.0823,6.10,2.5323,5.41,5064,3574.0,4.258,4.253
5588,train,2.6584,0.1910,4.27,2.2440,4.00,4226,3574.6,2.905,2.903
5589,train,3.0484,0.1365,6.43,2.4583,5.06,4153,3575.2,4.439,4.427
5590,train,2.5845,0.2443,4.80,1.9281,3.24,4212,3575.8,3.329,3.316
5591,train,3.5300,0.1571,9.37,3.1587,8.32,4182,3576.4,8.500,8.494
5592,train,2.7484,0.2418,7.30,2.3869,6.00,4322,3576.9,5.652,5.609
5593,train,3.4030,0.0851,7.28,3.4644,7.40,4338,3577.5,5.338,5.324
5594,train,2.2497,0.3965,3.59,1.8722,2.41,4330,3578.1,2.747,2.737
5595,train,3.1269,0.1869,5.58,2.7889,3.65,3965,3578.7,3.344,3.327
5596,train,3.6635,0.1389,9.80,3.4558,10.94,5270,3579.3,8.794,8.787
5597,train,3.0600,0.0971,8.05,2.6335,9.51,4448,3579.9,5.354,5.343
5598,train,2.7075,0.2080,4.85,2.5514,4.00,3860,3580.5,4.643,4.605
5599,train,2.9025,0.2443,7.34,2.7005,6.00,3783,3581.0,6.261,6.257
5600,train,2.3912,0.2307,4.39,1.9315,3.83,4543,3581.6,2.775,2.772
5601,train,2.3530,0.2440,4.06,1.8028,2.41,4270,3582.2,1.719,1.705
5602,train,3.4811,0.1106,9.77,3.2986,9.24,5007,3582.8,8.206,8.203
5603,train,3.1125,0.1286,9.76,2.5740,8.41,4379,3583.4,7.829,7.814
5604,train,2.3981,0.3157,5.32,1.6712,2.00,4549,3584.0,3.596,3.585
5605,train,2.8675,0.1893,6.11,2.6691,5.00,4743,3584.5,5.022,5.016
5606,train,2.6524,0.2283,4.92,2.0488,2.41,4958,3585.1,2.760,2.758
5607,train,2.9298,0.0629,5.45,2.5941,4.83,4625,3585.7,4.190,4.178
5608,train,2.1467,0.2599,4.08,1.5173,3.00,3967,3586.3,1.926,1.915
5609,train,2.5605,0.2543,4.84,1.9226,2.83,4113,3586.9,3.723,3.719
5610,train,3.3551,0.1963,6.24,3.0532,3.41,4574,3587.5,4.536,4.534
5611,train,3.6250,0.1723,8.44,3.1942,6.54,4764,3588.0,6.895,6.870
5612,train,2.3803,0.3048,4.14,2.1383,2.83,3625,3588.6,2.987,2.973
5613,train,4.4299,0.0354,10.44,4.2471,9.54,4493,3589.2,9.087,9.086
5614,train,3.4480,0.1229,8.86,3.1435,6.24,4979,3589.8,7.111,7.105
5615,train,3.6294,0.0236,8.89,3.0964,6.00,4780,3590.4,6.970,6.963
5616,train,3.0057,0.0917,6.70,2.5048,6.24,4810,3591.0,4.258,4.252
5617,train,3.0944,0.1089,9.97,2.6164,10.00,4132,3591.5,8.451,8.445
5618,train,2.4752,0.3225,4.68,1.8987,3.65,4236,3592.1,2.913,2.897
5619,train,2.4337,0.3246,5.27,2.0048,3.83,4581,3592.7,3.831,3.821
5620,train,3.0645,0.1789,6.98,2.6697,5.16,4762,3593.3,3.493,3.484
5621,train,3.3944,0.1474,7.24,2.7095,3.83,4729,3593.9,6.290,6.290
5622,train,2.6964,0.2072,5.11,1.8542,2.00,4474,3594.5,3.057,3.053
5623,train,2.4718,0.2367,4.68,1.7104,2.00,3840,3595.1,4.058,4.040
5624,train,3.8528,0.1316,10.26,3.3032,8.16,4294,3595.6,7.870,7.869
5625,train,3.4251,0.1537,9.11,3.0168,5.54,4907,3596.2,7.205,7.202
5626,train,2.6763,0.1738,9.79,2.3648,10.06,4482,3596.8,8.517,8.507
5627,train,2.8542,0.3044,5.96,2.3416,5.16,4705,3597.4,3.065,3.057
5628,train,3.3208,0.2088,7.33,3.1214,5.83,4454,3598.0,6.078,6.023
5629,train,2.9043,0.1792,4.91,2.5117,4.83,4052,3598.6,3.107,3.100
5630,train,3.4409,0.0459,6.42,3.2185,6.24,4071,3599.1,5.368,5.367
5631,train,2.8481,0.1165,6.08,2.3193,5.24,4729,3599.7,4.390,4.385
5632,train,2.9739,0.1157,5.26,2.3696,4.83,4020,3600.3,3.406,3.404
5633,train,3.1956,0.2263,7.39,2.5826,4.83,5074,3600.9,4.521,4.496
5634,train,2.1829,0.4070,3.46,1.6443,1.00,4295,3601.5,0.964,0.939
5635,train,3.3920,0.0435,7.12,3.0324,6.41,4692,3602.1,5.112,5.106
5636,train,2.8340,0.3135,6.59,2.6739,7.00,4482,3602.7,5.872,5.853
5637,train,2.8643,0.3019,6.08,2.5160,6.00,4114,3603.2,2.053,2.030
5638,train,2.9815,0.1437,5.87,2.5803,5.41,4392,3603.8,4.960,4.955
5639,train,2.8986,0.1314,5.63,2.5196,4.41,4444,3604.4,3.382,3.378
5640,train,2.9671,0.1502,6.78,2.4247,6.58,4428,3605.0,5.530,5.525
5641,train,3.2929,0.1565,7.89,3.0818,5.47,4696,3605.6,6.078,6.050
5642,train,3.6633,0.1574,10.02,3.2195,9.94,4142,3606.2,7.368,7.364
5643,train,3.2496,0.0789,8.43,2.8463,8.65,3879,3606.7,5.700,5.699
5644,train,2.7281,0.2555,8.83,2.2549,7.10,4806,3607.3,6.862,6.849
5645,train,2.8409,0.0850,5.66,2.4483,5.65,4527,3607.9,3.955,3.953
5646,train,2.7317,0.2612,6.23,2.3885,5.16,3859,3608.5,3.460,3.456
5647,train,2.5943,0.2966,4.53,2.2923,3.65,4892,3609.1,3.029,3.020
5648,train,2.9839,0.1489,5.38,2.6915,5.24,5359,3609.7,3.457,3.448
5649,train,2.8419,0.1734,5.09,2.6717,4.65,4694,3610.2,2.889,2.882
5650,train,2.9195,0.1362,5.97,2.5484,4.47,4171,3610.8,3.441,3.440
5651,train,3.0184,0.2660,10.21,2.3575,8.00,4809,3611.4,8.099,8.094
5652,train,2.5364,0.1489,4.72,2.2021,3.41,4157,3612.0,2.500,2.499
5653,train,4.2258,0.1184,13.09,3.9408,10.83,3910,3612.6,12.254,12.253
5654,train,2.5459,0.2787,8.12,2.2797,8.00,4180,3613.2,6.587,6.584
5655,train,3.3192,0.0881,6.75,2.8052,5.65,5072,3613.7,4.938,4.933
5656,train,2.4142,0.2517,4.33,1.9931,3.41,3985,3614.3,2.968,2.959
5657,train,3.5531,0.0412,7.41,3.3931,6.41,4299,3614.9,5.749,5.748
5658,train,3.1472,0.0574,7.75,2.9594,6.06,4461,3615.5,7.222,7.218
5659,train,3.7789,0.0587,7.61,3.4173,6.99,5571,3616.1,6.455,6.452
5660,train,2.8979,0.1623,6.63,2.4723,4.83,4770,3616.7,3.900,3.888
5661,train,3.4025,0.0723,7.55,3.0261,6.41,4884,3617.3,6.165,6.164
5662,train,2.8424,0.1001,6.66,2.4708,5.65,3906,3617.8,4.245,4.240
5663,train,2.7272,0.2777,9.34,2.3686,9.00,4289,3618.4,8.315,8.292
5664,train,2.9858,0.2791,5.03,2.3584,3.65,4991,3619.0,3.235,3.180
5665,train,2.8893,0.1456,5.17,2.2468,3.00,4479,3619.6,3.249,3.244
5666,train,3.2030,0.1192,6.90,2.8301,6.41,4404,3620.2,4.711,4.664
5667,train,2.8056,0.0863,5.09,2.4971,4.83,4568,3620.8,3.392,3.391
5668,train,4.6068,0.2040,10.28,4.0460,8.24,3867,3621.3,8.049,8.046
5669,train,3.5340,0.1194,8.57,3.3286,9.47,4189,3621.9,7.205,7.201
5670,train,3.9136,0.2132,8.54,3.7670,7.89,4428,3622.5,6.986,6.976
5671,train,3.1930,0.2331,6.56,2.2656,4.00,4848,3623.1,4.497,4.461
5672,train,3.0404,0.1165,6.46,2.7026,4.83,4762,3623.7,4.211,4.208
5673,train,2.7927,0.0823,5.91,2.1953,4.00,4434,3624.3,4.572,4.568
5674,train,3.3383,0.1601,8.23,2.8432,6.00,4535,3624.8,6.080,6.044
5675,train,2.6405,0.1050,4.95,2.2720,4.00,5028,3625.4,3.958,3.949
5676,train,2.5389,0.1946,4.37,2.3471,4.41,4773,3626.0,2.865,2.859
5677,train,2.9763,0.1761,6.16,2.6670,5.58,5196,3626.6,5.196,5.183
5678,train,3.3101,0.1445,9.03,2.8236,7.00,4409,3627.2,6.995,6.984
5679,train,2.7945,0.1483,4.88,2.3935,3.41,4571,3627.8,3.142,3.139
5680,train,2.5764,0.2344,4.79,1.8630,2.41,5401,3628.4,3.130,3.128
5681,train,3.0912,0.1495,7.09,2.5812,7.41,4508,3628.9,5.621,5.617
5682,train,2.4479,0.3125,4.13,2.0607,2.00,4563,3629.5,2.416,2.411
5683,train,3.2239,0.1585,9.70,2.6304,7.83,4825,3630.1,4.826,4.809
5684,train,2.5158,0.2420,5.04,2.2311,5.00,4500,3630.7,4.436,4.433
5685,train,2.5037,0.1884,4.76,2.1842,5.41,4793,3631.3,3.737,3.734
5686,train,2.1683,0.2375,3.90,1.7892,4.41,3853,3631.9,2.550,2.547
5687,train,2.9114,0.1990,5.37,2.3159,3.00,4592,3632.4,3.512,3.499
5688,train,3.3426,0.0857,5.89,2.7241,4.00,4903,3633.0,4.540,4.536
5689,train,2.8147,0.2604,5.60,2.2481,3.24,4965,3633.6,4.318,4.300
5690,train,3.7240,0.0319,11.25,3.4410,7.06,5020,3634.2,10.130,10.126
5691,train,3.6664,0.0129,8.28,3.3703,7.24,4645,3634.8,7.685,7.684
5692,train,2.9195,0.0734,5.51,2.4716,5.65,4321,3635.4,3.496,3.494
5693,train,3.1131,0.1356,7.06,2.5478,5.00,5037,3636.0,4.586,4.553
5694,train,2.5212,0.2090,4.47,2.3063,3.00,4690,3636.5,2.798,2.795
5695,train,2.8488,0.1934,5.80,2.1343,4.24,4400,3637.1,4.136,4.136
5696,train,3.0587,0.2066,5.51,2.5996,1.00,4443,3637.7,3.125,3.108
5697,train,3.3787,0.0582,15.79,3.0424,16.49,4657,3638.3,13.145,13.143
5698,train,2.2416,0.2759,4.41,1.8818,5.00,4241,3638.9,1.733,1.730
5699,train,3.2718,0.1674,7.42,2.6974,5.00,4588,3639.5,4.642,4.632
5700,train,3.9212,0.1407,9.24,3.4903,7.36,5429,3640.0,7.809,7.785
5701,train,2.2946,0.3264,4.32,1.5223,2.24,4353,3640.6,3.095,3.095
5702,train,3.7381,0.1428,6.92,3.9826,6.48,4728,3641.2,5.721,5.692
5703,train,2.8214,0.1442,7.73,2.4579,4.24,4070,3641.8,5.275,5.260
5704,train,2.6261,0.2327,4.62,2.0276,3.41,4354,3642.4,2.911,2.900
5705,train,3.1016,0.2321,6.78,2.8697,3.65,4472,3643.0,6.051,6.048
5706,train,3.7195,0.0483,7.72,3.1884,7.58,4661,3643.5,6.381,6.376
5707,train,3.2198,0.0605,5.91,2.9129,5.24,4413,3644.1,4.063,4.058
5708,train,3.7312,0.1809,13.41,3.1865,10.81,4864,3644.7,9.196,9.181
5709,train,3.4928,0.0733,7.74,3.3859,7.61,4761,3645.3,5.632,5.628
5710,train,2.5854,0.1654,5.46,2.1125,6.06,4747,3645.9,2.543,2.521
5711,train,2.8836,0.2965,8.22,2.4232,7.41,5858,3646.5,5.793,5.791
5712,train,2.8640,0.2499,7.72,2.6846,8.12,3826,3647.0,5.737,5.735
5713,train,1.8842,0.4328,3.05,1.3387,1.41,4402,3647.6,2.361,2.359
5714,train,3.5674,0.0674,6.77,3.0455,5.65,4258,3648.2,5.677,5.676
5715,train,2.3056,0.3446,4.04,1.8271,3.00,4225,3648.8,2.207,2.196
5716,train,2.6828,0.1041,5.31,2.0476,4.41,4803,3649.4,3.828,3.820
5717,train,3.4012,0.1473,13.32,2.7929,10.49,4297,3650.0,10.110,10.099
5718,train,2.2935,0.2632,4.21,1.6429,3.00,4156,3650.5,2.718,2.716
5719,train,2.8078,0.1803,4.91,2.5092,4.00,4425,3651.1,3.400,3.399
5720,train,2.6590,0.1103,5.14,2.1815,4.41,4643,3651.7,3.681,3.677
5721,train,2.8525,0.1783,5.17,2.4630,2.00,4213,3652.3,2.981,2.977
5722,train,2.3640,0.2731,4.37,1.8876,2.00,4332,3652.9,2.436,2.385
5723,train,2.9406,0.0661,6.56,2.6108,5.65,4267,3653.5,4.145,4.138
5724,train,2.6137,0.3151,4.95,2.1739,3.24,4341,3654.0,2.834,2.834
5725,train,2.3697,0.3303,3.75,2.0978,2.41,4314,3654.6,2.268,2.260
5726,train,2.9106,0.2053,9.14,2.1668,9.21,4496,3655.2,8.496,8.482
5727,train,2.1479,0.3490,3.59,1.4031,2.00,4241,3655.8,2.032,2.027
5728,train,3.1975,0.1358,5.82,2.9962,4.41,4831,3656.4,4.330,4.327
5729,train,3.7858,0.0662,12.76,3.3598,13.05,3822,3657.0,9.800,9.796
5730,train,2.7132,0.1058,5.72,2.0253,4.00,4242,3657.5,4.395,4.391
5731,train,2.4220,0.1915,4.74,1.9708,4.83,4653,3658.1,2.757,2.753
5732,train,2.6949,0.2615,5.31,2.2202,5.00,3951,3658.7,4.202,4.192
5733,train,3.7490,0.1187,14.98,3.2566,13.32,4482,3659.3,11.975,11.968
5734,train,2.5588,0.1884,4.72,2.2073,5.00,4707,3659.9,3.358,3.354
5735,train,2.9683,0.1679,7.93,2.5050,6.41,4766,3660.5,6.619,6.610
5736,train,3.2842,0.2567,10.71,2.6635,9.62,5033,3661.1,7.245,7.238
5737,train,3.4372,0.1650,11.34,2.7723,14.06,5370,3661.6,9.000,8.974
5738,train,3.5499,0.1617,9.02,3.8401,9.91,4570,3662.2,8.345,8.279
5739,train,4.0844,0.1298,12.60,3.1475,10.85,4385,3662.8,10.136,10.133
5740,train,2.1838,0.2583,4.02,1.8802,4.00,3969,3663.4,2.595,2.579
5741,train,3.8096,0.0991,8.05,3.5326,7.41,4452,3664.0,6.357,6.350
5742,train,2.8534,0.1473,9.38,2.2742,9.00,4576,3664.6,6.870,6.861
5743,train,2.0618,0.2619,4.16,1.6537,3.41,4062,3665.1,2.116,2.099
5744,train,2.9154,0.2084,6.60,2.3432,4.83,5129,3665.7,2.178,2.161
5745,train,3.3243,0.0794,7.05,2.8272,7.02,4497,3666.3,5.866,5.865
5746,train,2.7423,0.0563,5.49,2.2542,4.41,4886,3666.9,3.690,3.689
5747,train,2.5234,0.2202,4.90,1.9831,3.00,4187,3667.5,3.215,3.213
5748,train,2.7928,0.1861,5.14,2.4514,4.41,4519,3668.1,3.626,3.622
5749,train,3.5091,0.0660,9.94,3.3086,11.08,4998,3668.6,8.386,8.384
5750,train,3.2809,0.1719,8.27,2.7584,8.07,4461,3669.2,6.959,6.948
5751,train,3.1422,0.0939,6.83,3.0103,7.12,5518,3669.8,6.063,6.057
5752,train,3.5276,0.0685,8.39,3.3038,7.00,4746,3670.4,5.695,5.693
5753,train,2.6786,0.3161,4.40,1.8422,2.41,5106,3671.0,2.667,2.653
5754,train,2.3929,0.1830,4.67,1.8902,4.83,4114,3671.6,3.107,3.100
5755,train,2.5971,0.1725,4.58,2.1823,3.41,4934,3672.1,2.608,2.605
5756,train,3.4269,0.0699,8.48,3.0232,6.65,4604,3672.7,5.147,5.135
5757,train,3.7717,0.0921,9.30,3.2457,7.41,4354,3673.3,8.124,8.119
5758,train,4.3249,0.0788,15.55,3.9598,14.90,3997,3673.9,13.228,13.227
5759,train,3.6821,0.1103,7.42,3.6065,6.47,4471,3674.5,5.706,5.686
5760,train,3.8536,0.0180,8.37,3.6303,7.24,4667,3675.1,5.978,5.962
5761,train,3.1407,0.1205,8.01,2.6010,6.54,4615,3675.7,6.746,6.745
5762,train,3.9603,0.0231,12.27,3.6092,10.66,5155,3676.2,11.312,11.309
5763,train,3.5569,0.2655,11.14,3.0081,8.07,4704,3676.8,10.511,10.504
5764,train,2.9866,0.1189,7.88,2.4360,8.00,4248,3677.4,5.830,5.820
5765,train,3.5834,0.0750,6.42,3.1695,4.83,4627,3678.0,5.314,5.306
5766,train,3.3778,0.1071,9.98,3.1415,8.83,5007,3678.6,7.820,7.810
5767,train,3.3013,0.1856,7.98,3.1610,8.83,4349,3679.2,6.273,6.261
5768,train,4.1522,0.1140,7.54,3.5985,4.24,4107,3679.7,6.809,6.792
5769,train,2.5440,0.2054,5.46,2.1359,5.00,3963,3680.3,3.469,3.448
5770,train,2.4806,0.3878,5.17,2.0894,3.16,3793,3680.9,3.696,3.690
5771,train,4.0105,0.1374,8.27,3.4691,6.83,5445,3681.5,7.269,7.266
5772,train,2.6795,0.2075,5.03,2.0294,2.83,4611,3682.1,3.128,3.107
5773,train,3.7190,0.0721,11.83,3.3404,12.41,4145,3682.7,10.925,10.925
5774,train,3.5038,0.0281,8.84,3.5164,9.99,5260,3683.2,7.185,7.179
5775,train,4.5114,0.0575,12.91,4.1734,11.58,4763,3683.8,10.096,10.083
5776,train,3.4310,0.1387,11.59,3.1231,10.12,4427,3684.4,9.765,9.764
5777,train,2.4651,0.3294,7.32,2.1253,9.94,4736,3685.0,4.842,4.784
5778,train,2.7960,0.1073,5.79,2.5536,5.24,4027,3685.6,4.175,4.168
5779,train,3.2359,0.1303,10.20,2.8870,9.12,4964,3686.2,6.466,6.443
5780,train,2.6132,0.2404,5.07,2.1334,4.41,4763,3686.8,3.124,3.111
5781,train,3.6616,0.0741,6.27,3.1482,5.65,3740,3687.3,4.290,4.286
5782,train,3.3792,0.3026,6.79,3.4484,6.10,4203,3687.9,6.338,6.297
5783,train,3.0934,0.0873,6.40,2.7349,5.65,4458,3688.5,5.419,5.416
5784,train,2.9793,0.2394,7.84,2.5094,6.00,4402,3689.1,5.672,5.670
5785,train,3.4183,0.1353,7.55,3.0680,5.65,4561,3689.7,5.043,5.036
5786,train,2.6047,0.3671,5.33,1.9969,1.00,4347,3690.3,3.963,3.868
5787,train,2.2778,0.2403,4.65,1.8665,4.00,4298,3690.8,2.915,2.912
5788,train,3.2140,0.1781,6.07,2.8372,3.41,4897,3691.4,4.499,4.481
5789,train,3.9723,0.1259,10.33,3.4420,8.80,4758,3692.0,7.712,7.706
5790,train,2.6134,0.2948,6.31,2.3683,3.41,3969,3692.6,5.693,5.673
5791,train,3.3525,0.1716,8.77,2.9725,8.18,4738,3693.2,7.149,7.148
5792,train,3.5005,0.0867,9.66,3.1452,9.51,4441,3693.8,8.060,8.046
5793,train,4.0891,0.0138,9.89,3.8824,10.29,4336,3694.3,9.393,9.392
5794,train,3.6515,0.0470,7.75,3.3426,8.24,4656,3694.9,6.364,6.363
5795,train,2.2755,0.3546,3.72,1.6213,1.00,4391,3695.5,2.421,2.411
5796,train,2.9117,0.1395,6.09,2.5518,5.41,4967,3696.1,3.754,3.751
5797,train,3.2682,0.1799,6.88,2.7263,3.00,4487,3696.7,6.762,6.760
5798,train,2.7698,0.2207,6.40,2.3046,7.00,4435,3697.3,3.510,3.496
5799,train,2.7703,0.2981,5.94,2.2475,2.24,3915,3697.9,3.668,3.656
5800,train,2.9481,0.1758,8.36,2.5576,7.80,4180,3698.4,7.871,7.864
5801,train,2.6554,0.2809,5.54,2.4144,6.16,4671,3699.0,4.219,4.213
5802,train,3.5231,0.0852,9.15,3.2651,7.02,4681,3699.6,8.072,8.065
5803,train,3.2319,0.2135,9.73,2.6819,10.41,4716,3700.2,6.917,6.899
5804,train,2.5334,0.2420,4.40,2.1949,4.41,4495,3700.8,2.238,2.228
5805,train,2.7419,0.1951,5.58,2.2817,2.41,4085,3701.4,4.497,4.455
5806,train,2.5163,0.3060,4.57,1.7652,2.00,4461,3701.9,3.326,3.293
5807,train,3.1301,0.1536,7.88,2.4002,5.00,4719,3702.5,4.834,4.824
5808,train,3.7279,0.1092,11.51,3.3641,10.49,4542,3703.1,9.188,9.184
5809,train,2.7790,0.2824,5.40,2.4474,4.00,4416,3703.7,3.878,3.864
5810,train,2.8944,0.1899,5.03,2.5939,3.41,4012,3704.3,4.275,4.273
5811,train,3.0407,0.1344,7.04,2.6079,2.83,4360,3704.9,5.725,5.717
5812,train,3.1051,0.1381,6.91,2.6072,5.41,4352,3705.4,4.931,4.926
5813,train,2.3781,0.2398,4.55,2.1761,4.65,4467,3706.0,3.003,2.997
5814,train,2.3872,0.1740,4.38,1.9929,5.24,4712,3706.6,2.325,2.323
5815,train,4.4054,0.0075,15.56,3.8445,17.03,4515,3707.2,13.799,13.784
5816,train,2.8999,0.1872,9.67,2.3057,8.07,4536,3707.8,5.254,5.244
5817,train,3.2293,0.2115,8.23,2.8800,7.34,4790,3708.4,6.156,6.154
5818,train,4.8140,0.0310,11.47,4.6300,11.06,4677,3709.0,10.125,10.118
5819,train,3.3531,0.1849,8.01,2.9603,8.24,4873,3709.5,5.805,5.798
5820,train,2.1788,0.3298,3.79,1.6488,2.00,4630,3710.1,1.766,1.758
5821,train,2.9531,0.1711,8.66,2.5408,8.08,5177,3710.7,5.568,5.556
5822,train,4.0545,0.0402,11.70,3.9327,13.30,5004,3711.3,9.980,9.902
5823,train,3.3856,0.0257,7.16,2.9881,5.24,4703,3711.9,6.198,6.193
5824,train,2.7896,0.2177,5.62,2.4163,5.24,4355,3712.5,4.364,4.362
5825,train,3.0088,0.0926,5.51,2.7343,5.83,4588,3713.0,4.202,4.200
5826,train,2.6081,0.1706,4.54,2.2965,4.83,4497,3713.6,2.431,2.421
5827,train,3.7386,0.0757,10.99,3.7920,12.40,4966,3714.2,9.143,9.135
5828,train,2.6687,0.1176,5.22,2.4389,4.83,4457,3714.8,3.432,3.429
5829,train,2.3203,0.2298,4.08,1.9948,3.00,4718,3715.4,2.043,2.033
5830,train,2.9760,0.1853,8.32,2.9478,10.69,4608,3716.0,7.624,7.616
5831,train,2.3887,0.2721,4.02,2.1086,4.41,4903,3716.6,2.252,2.244
5832,train,3.8991,0.1306,10.24,3.6364,10.00,4755,3717.1,10.472,10.467
5833,train,2.6472,0.3199,6.06,2.2343,5.00,4042,3717.7,5.057,5.055
5834,train,2.8146,0.1510,5.01,2.3819,4.41,6025,3718.3,2.929,2.917
5835,train,2.9397,0.1247,5.63,2.7902,4.65,5070,3718.9,2.956,2.950
5836,train,3.4014,0.0372,10.17,2.9695,6.06,4438,3719.5,8.021,8.018
5837,train,2.1449,0.3491,3.64,1.4568,1.00,4678,3720.1,2.938,2.928
5838,train,3.4347,0.1021,6.96,3.0247,3.00,5424,3720.6,3.751,3.743
5839,train,2.2180,0.2030,4.19,2.0214,3.00,4532,3721.2,2.476,2.467
5840,train,2.8474,0.0859,5.54,2.6681,5.24,5121,3721.8,2.814,2.788
5841,train,2.4908,0.2629,4.89,1.7333,3.00,4431,3722.4,3.688,3.685
5842,train,4.0466,0.0303,12.77,3.6582,13.00,4065,3723.0,12.202,12.201
5843,train,2.9890,0.1107,9.02,2.7450,9.50,4155,3723.6,6.949,6.898
5844,train,3.5566,0.0869,6.64,3.2465,6.16,4190,3724.2,3.993,3.986
5845,train,3.5561,0.0686,8.52,3.6193,8.24,4141,3724.7,7.202,7.201
5846,train,2.3609,0.1998,4.46,1.8977,4.00,4379,3725.3,2.384,2.384
5847,train,3.0685,0.0841,5.62,3.0114,5.41,4521,3725.9,4.423,4.417
5848,train,3.2807,0.0893,7.08,2.8285,4.41,5186,3726.5,5.675,5.663
5849,train,4.2275,0.0568,13.76,3.7625,13.61,4908,3727.1,10.742,10.716
5850,train,3.3597,0.2037,7.14,2.8078,4.24,4604,3727.7,6.016,6.007
5851,train,2.7004,0.1693,5.35,2.3428,5.65,3862,3728.2,3.736,3.736
5852,train,3.0154,0.2719,6.67,2.4546,4.16,4042,3728.8,4.917,4.908
5853,train,2.1979,0.3309,3.86,1.5289,2.41,4455,3729.4,2.174,2.164
5854,train,3.1179,0.1445,7.22,2.7985,6.16,4208,3730.0,4.790,4.775
5855,train,3.1158,0.0595,6.23,2.7307,5.65,4654,3730.6,5.346,5.342
5856,train,3.2660,0.0549,6.94,3.1221,6.24,4683,3731.2,5.070,5.068
5857,train,3.3321,0.1353,6.34,3.5305,6.48,3933,3731.7,4.406,4.389
5858,train,2.7762,0.3194,4.53,2.3352,3.00,4368,3732.3,3.220,3.214
5859,train,2.5463,0.1344,4.85,2.0402,4.41,3966,3732.9,2.977,2.971
5860,train,3.6526,0.0886,8.87,3.3130,8.63,4694,3733.5,7.013,7.011
5861,train,2.8401,0.1843,6.62,2.3661,3.41,3978,3734.1,6.167,6.163
5862,train,2.6619,0.2139,5.21,2.2258,3.00,4572,3734.7,2.712,2.690
5863,train,2.7849,0.1474,5.53,2.2505,4.41,5331,3735.2,3.887,3.886
5864,train,2.8467,0.1489,7.97,2.3726,6.00,4191,3735.8,6.283,6.278
5865,train,3.7950,0.0837,14.08,3.3817,13.28,5186,3736.4,9.496,9.486
5866,train,3.1141,0.1590,7.53,2.6296,5.83,4687,3737.0,3.826,3.825
5867,train,3.2785,0.1621,7.05,2.9694,5.58,4861,3737.6,5.557,5.530
5868,train,2.9646,0.1688,6.04,2.1902,4.00,4656,3738.2,4.327,4.325
5869,train,2.6215,0.1890,4.73,2.2567,4.83,4714,3738.7,3.552,3.548
5870,train,2.6223,0.1486,5.49,2.0997,3.00,4173,3739.3,4.167,4.165
5871,train,2.2905,0.3129,4.60,1.9105,1.00,4104,3739.9,2.775,2.754
5872,train,3.0792,0.2344,6.15,2.8614,4.58,4147,3740.5,4.603,4.593
5873,train,3.3007,0.1749,7.46,2.8530,8.00,5042,3741.1,5.762,5.757
5874,train,3.1885,0.1372,9.19,2.6984,9.25,4891,3741.7,7.396,7.391
5875,train,2.8267,0.1243,5.85,2.4972,5.00,4457,3742.3,4.068,4.063
5876,train,2.4895,0.2619,4.80,1.8030,3.83,3994,3742.8,3.111,3.095
5877,train,3.0746,0.2337,6.88,2.6274,5.41,4742,3743.4,5.224,5.169
5878,train,4.4865,0.0356,12.85,4.3440,12.55,4829,3744.0,11.308,11.303
5879,train,3.6854,0.1914,7.07,3.3098,6.54,4222,3744.6,6.332,6.330
5880,train,3.8921,0.0630,9.10,3.6621,10.25,4760,3745.2,8.198,8.193
5881,train,2.3739,0.2448,4.17,1.9969,3.41,4004,3745.8,2.412,2.402
5882,train,2.4255,0.1926,4.39,1.9026,3.00,4148,3746.3,2.979,2.968
5883,train,2.4649,0.2477,4.31,1.6706,1.00,4494,3746.9,3.312,3.308
5884,train,2.7339,0.1769,6.27,2.3255,5.24,4053,3747.5,3.232,3.227
5885,train,3.2046,0.1313,6.98,2.8664,7.58,4891,3748.1,5.195,5.188
5886,train,3.0681,0.1348,6.54,2.6386,5.41,4080,3748.7,4.781,4.772
5887,train,3.6646,0.0904,11.46,3.1744,11.85,4139,3749.3,10.713,10.711
5888,train,2.8866,0.2248,5.90,2.5036,5.24,4297,3749.8,4.685,4.680
5889,train,3.0141,0.0737,6.30,2.5813,6.00,4424,3750.4,5.658,5.656
5890,train,2.8565,0.3500,5.09,2.4382,3.24,4406,3751.0,2.721,2.716
5891,train,2.7834,0.1939,5.33,2.2687,3.41,4224,3751.6,3.659,3.611
5892,train,3.4297,0.1300,10.29,3.0763,10.07,4232,3752.2,9.833,9.823
5893,train,3.6757,0.1715,10.07,3.0957,7.47,4374,3752.8,6.740,6.736
5894,train,3.2032,0.0932,10.19,2.6257,9.00,4622,3753.3,9.091,9.088
5895,train,2.9575,0.1471,8.59,2.5540,9.00,4370,3753.9,6.752,6.747
5896,train,2.9330,0.1014,6.01,2.6507,3.83,4951,3754.5,4.498,4.494
5897,train,2.7581,0.2365,5.74,2.4335,5.00,4948,3755.1,3.798,3.792
5898,train,3.1284,0.1757,9.70,2.4701,9.07,5328,3755.7,8.454,8.452
5899,train,2.8853,0.1083,6.51,2.5609,6.58,4415,3756.3,4.730,4.727
5900,train,2.4677,0.2228,4.27,1.9383,3.00,4291,3756.8,2.398,2.394
5901,train,2.9642,0.0773,5.83,2.7233,4.41,4569,3757.4,4.739,4.736
5902,train,2.8863,0.2318,6.62,2.1986,4.16,4461,3758.0,4.258,4.252
5903,train,2.8924,0.1621,10.76,2.4354,11.41,3941,3758.6,7.786,7.779
5904,train,4.2385,0.0250,17.71,4.0285,15.09,4197,3759.2,14.842,14.841
5905,train,2.8707,0.1969,7.20,2.2483,7.51,4459,3759.8,3.929,3.922
5906,train,2.8191,0.3461,4.22,2.2866,3.00,4860,3760.3,2.800,2.733
5907,train,2.5899,0.2176,6.71,1.8594,5.00,4733,3760.9,4.905,4.903
5908,train,2.7850,0.1343,5.36,2.3322,4.00,5608,3761.5,3.707,3.701
5909,train,3.4039,0.0861,10.12,3.1915,11.55,4783,3762.1,8.962,8.957
5910,train,2.8904,0.1568,5.52,2.5293,4.41,5059,3762.7,2.962,2.937
5911,train,2.2436,0.3010,3.98,1.6087,1.00,3877,3763.3,2.416,2.410
5912,train,3.5864,0.1365,15.22,3.1853,14.31,3889,3763.9,13.761,13.754
5913,train,3.0010,0.1278,8.37,2.4768,4.00,4607,3764.4,7.919,7.914
5914,train,2.8046,0.1774,6.10,2.3997,4.47,4295,3765.0,4.207,4.204
5915,train,2.5755,0.2532,5.09,1.8530,1.00,4835,3765.6,2.783,2.765
5916,train,2.9477,0.1787,7.57,2.4359,9.41,3716,3766.2,5.409,5.398
5917,train,2.4881,0.2752,4.29,2.0170,2.00,4814,3766.8,1.675,1.666
5918,train,3.0879,0.1883,5.20,3.3509,3.83,4653,3767.4,3.944,3.942
5919,train,3.3125,0.1747,9.12,2.7597,7.00,4950,3767.9,8.510,8.507
5920,train,3.3729,0.0607,7.62,3.1388,7.06,4743,3768.5,5.489,5.481
5921,train,2.8510,0.1725,5.64,2.5697,3.83,3669,3769.1,3.846,3.843
5922,train,3.3462,0.1007,8.91,3.8104,9.82,4666,3769.7,8.778,8.777
5923,train,3.2158,0.1470,7.67,2.6213,6.47,4545,3770.3,5.527,5.523
5924,train,3.0609,0.2407,6.15,2.5410,3.83,4579,3770.9,4.425,4.422
5925,train,2.4754,0.2792,5.77,1.7709,2.41,4112,3771.4,4.708,4.704
5926,train,2.3013,0.3427,3.81,1.4942,2.41,4146,3772.0,2.701,2.697
5927,train,3.2749,0.2470,11.55,2.6681,9.00,4846,3772.6,8.359,8.352
5928,train,2.9649,0.1594,5.12,2.5957,3.83,5352,3773.2,4.228,4.216
5929,train,3.8684,0.0322,9.93,3.5372,10.24,5060,3773.8,6.918,6.912
5930,train,3.0208,0.0857,6.05,3.0086,4.41,3911,3774.4,5.347,5.344
5931,train,3.4126,0.0794,6.56,3.2320,4.41,4156,3774.9,5.649,5.644
5932,train,2.3849,0.2832,4.11,1.9428,2.00,4209,3775.5,2.718,2.700
5933,train,2.3479,0.2577,4.31,1.7883,2.41,4176,3776.1,2.410,2.406
5934,train,2.1090,0.3656,3.50,1.4783,2.00,3991,3776.7,2.162,2.154
5935,train,3.0564,0.1005,6.92,2.6233,5.24,4615,3777.3,5.718,5.700
5936,train,2.7965,0.2149,5.62,2.1769,3.83,4225,3777.9,4.855,4.826
5937,train,2.9075,0.1143,8.12,2.5724,7.12,4172,3778.4,7.138,7.125
5938,train,4.2026,0.2144,9.87,3.6065,6.83,4870,3779.0,7.583,7.573
5939,train,2.9712,0.1228,5.05,2.4336,3.83,3762,3779.6,3.879,3.875
5940,train,2.1647,0.3984,3.76,1.5244,1.41,5236,3780.2,3.189,3.181
5941,train,4.0379,0.1858,13.53,3.2423,15.75,4871,3780.8,11.160,11.153
5942,train,2.6403,0.2331,5.72,2.0657,4.00,4204,3781.4,2.600,2.408
5943,train,5.1870,0.1902,14.35,4.4142,16.76,4322,3782.0,11.632,11.613
5944,train,3.6390,0.1262,14.10,3.3331,14.46,4748,3782.5,12.702,12.687
5945,train,3.8108,0.0984,9.80,3.5064,10.24,4116,3783.1,6.128,6.114
5946,train,3.1594,0.1084,5.79,2.8609,4.00,4297,3783.7,3.638,3.633
5947,train,2.5422,0.1812,5.03,1.9425,3.83,3908,3784.3,3.154,3.151
5948,train,3.1858,0.2179,11.01,2.3845,6.32,4654,3784.9,8.541,8.535
5949,train,3.2847,0.2336,9.44,2.6445,7.10,3831,3785.5,6.905,6.896
5950,train,2.3487,0.2049,4.28,2.0363,3.00,4818,3786.0,2.832,2.830
5951,train,2.7025,0.1877,9.55,2.4128,10.90,4800,3786.6,6.459,6.391
5952,train,2.5929,0.1625,5.48,2.0030,3.00,4854,3787.2,3.828,3.825
5953,train,3.1627,0.1108,6.90,2.8702,6.89,4315,3787.8,4.623,4.621
5954,train,3.5634,0.1188,11.90,3.1027,13.39,4831,3788.4,9.517,9.513
5955,train,2.5522,0.2729,4.72,1.8872,2.00,4156,3789.0,2.999,2.996
5956,train,3.7919,0.1259,13.72,3.1629,10.90,4662,3789.5,10.944,10.943
5957,train,3.0943,0.1887,7.66,2.9372,8.12,4468,3790.1,5.180,5.149
5958,train,3.1889,0.1412,8.94,2.7194,8.47,4087,3790.7,7.733,7.731
5959,train,3.1087,0.2243,6.00,3.2230,6.16,4624,3791.3,5.544,5.542
5960,train,2.6769,0.2413,4.30,2.3512,3.41,4935,3791.9,3.812,3.805
5961,train,3.1300,0.1508,9.62,2.6588,9.50,4641,3792.5,7.609,7.601
5962,train,2.4125,0.2579,4.33,2.0604,3.41,4266,3793.1,2.830,2.814
5963,train,3.0089,0.1329,5.74,2.8882,4.65,4319,3793.6,3.155,3.149
5964,train,2.7810,0.1947,5.67,2.5446,5.24,4113,3794.2,4.042,4.041
5965,train,3.4773,0.1473,8.88,2.9678,8.12,4346,3794.8,5.688,5.684
5966,train,3.1303,0.0941,10.84,2.7054,11.08,4761,3795.4,8.858,8.854
5967,train,2.9642,0.0645,6.29,2.3874,5.83,4525,3796.0,4.954,4.951
5968,train,2.9496,0.1040,6.76,2.7436,7.95,4623,3796.6,5.486,5.482
5969,train,3.7434,0.0545,9.80,3.3416,12.07,4590,3797.1,7.909,7.890
5970,train,2.6720,0.2842,4.71,2.4723,3.24,4437,3797.7,3.386,3.379
5971,train,2.5239,0.2008,4.89,2.0179,3.41,4134,3798.3,3.146,3.141
5972,train,3.0290,0.3061,5.12,2.5680,2.24,4547,3798.9,3.572,3.570
5973,train,3.3751,0.1134,6.87,2.8145,6.41,4816,3799.5,5.514,5.512
5974,train,3.5656,0.1285,8.42,3.1946,6.00,4031,3800.1,6.704,6.690
5975,train,3.2184,0.0774,7.61,2.7869,6.41,3927,3800.6,5.538,5.536
5976,train,2.7325,0.1625,4.84,2.4543,3.41,4512,3801.2,3.112,3.111
5977,train,3.0502,0.1783,7.58,2.6993,4.65,4706,3801.8,6.964,6.895
5978,train,2.8297,0.1370,5.67,2.6160,4.65,4583,3802.4,3.419,3.381
5979,train,2.6498,0.2650,5.60,1.9849,5.00,4363,3803.0,4.391,4.386
5980,train,3.1066,0.1159,7.55,2.9071,6.41,4435,3803.6,5.768,5.764
5981,train,3.9632,0.0383,13.61,3.8082,13.06,4626,3804.1,10.654,10.653
5982,train,2.3386,0.2633,4.20,1.9581,3.41,3984,3804.7,2.375,2.374
5983,train,3.0278,0.0978,6.13,2.5791,4.41,4508,3805.3,5.563,5.552
5984,train,3.1541,0.2178,10.92,2.5974,9.31,4872,3805.9,8.521,8.511
5985,train,2.8966,0.1945,7.57,2.5624,5.16,4931,3806.5,5.393,5.368
5986,train,2.5258,0.2818,4.55,2.0344,3.00,4379,3807.1,2.946,2.878
5987,train,2.8148,0.0590,5.82,2.3472,4.41,3914,3807.7,3.993,3.990
5988,train,3.3568,0.1497,6.45,2.9626,6.06,4415,3808.2,4.939,4.936
5989,train,3.0187,0.1867,11.69,2.5219,8.24,5003,3808.8,7.796,7.776
5990,train,2.8051,0.1979,6.43,2.5374,4.65,4259,3809.4,4.427,4.426
5991,train,3.2820,0.0803,6.14,2.8168,5.41,5417,3810.0,3.795,3.723
5992,train,3.6123,0.0514,8.33,3.0076,8.41,4866,3810.6,6.743,6.739
5993,train,3.0001,0.1897,5.32,2.6694,3.41,4138,3811.2,3.445,3.444
5994,train,4.0282,0.0768,11.95,3.6637,8.24,5040,3811.7,11.016,11.015
5995,train,3.0330,0.1603,6.37,2.5562,4.00,4834,3812.3,5.682,5.665
5996,train,2.7913,0.2625,5.93,2.2494,3.83,4662,3812.9,3.540,3.457
5997,train,3.0651,0.1744,6.75,2.7878,6.41,5022,3813.5,5.799,5.799
5998,train,1.9729,0.3735,3.19,1.5810,3.00,4220,3814.1,1.524,1.514
5999,train,4.0567,0.0907,10.53,3.6723,10.63,4408,3814.7,8.432,8.430
6000,train,2.8726,0.1643,5.54,2.2116,3.41,4213,3815.3,4.251,4.240
6000,val,3.1568,0.1562,7.45,2.7509,6.32,222066,3842.9,5.758,5.749
6001,train,2.5671,0.3051,4.37,2.2007,2.00,3894,3844.1,3.018,3.000
6002,train,2.9710,0.2133,5.75,2.4029,2.41,4163,3844.7,4.263,4.258
6003,train,3.1016,0.0836,6.61,2.8904,8.00,3889,3845.3,6.189,6.184
6004,train,2.7754,0.1227,6.55,2.5385,6.89,3848,3845.9,3.418,3.413
6005,train,3.3605,0.0538,8.18,3.1711,8.00,4866,3846.5,6.515,6.510
6006,train,3.2226,0.1408,7.47,2.9606,6.16,4083,3847.1,5.810,5.777
6007,train,2.9376,0.2368,5.85,2.4857,3.00,5575,3847.6,3.991,3.974
6008,train,2.8504,0.1777,5.97,2.3860,4.24,4091,3848.2,3.821,3.793
6009,train,3.2059,0.1746,7.21,2.6667,3.41,4503,3848.8,5.609,5.600
6010,train,3.3633,0.1649,7.14,2.8954,5.24,5028,3849.4,5.545,5.531
6011,train,2.6677,0.1670,4.72,2.1389,3.00,4324,3850.0,3.186,3.184
6012,train,3.1611,0.1328,7.62,2.9198,7.41,4404,3850.6,5.612,5.602
6013,train,3.5741,0.0927,9.47,3.1863,8.24,4841,3851.1,8.308,8.307
6014,train,2.8094,0.1251,6.67,2.6234,7.58,4443,3851.7,3.775,3.771
6015,train,3.3555,0.0898,12.41,3.1227,15.14,4345,3852.3,12.385,12.382
6016,train,2.1493,0.3119,3.61,1.8527,3.00,4149,3852.9,1.521,1.506
6017,train,3.1254,0.0860,6.12,2.8288,4.24,4840,3853.5,4.474,4.470
6018,train,3.3878,0.1097,7.93,2.8025,6.00,4941,3854.1,5.796,5.791
6019,train,2.6694,0.2628,5.02,2.3234,3.24,4388,3854.7,2.477,2.373
6020,train,3.3307,0.0812,6.34,3.0302,5.00,4580,3855.2,4.568,4.557
6021,train,4.3637,0.0261,9.92,3.9473,9.61,4024,3855.8,8.511,8.500
6022,train,2.9819,0.1143,5.31,2.5918,3.41,4163,3856.4,3.388,3.370
6023,train,3.2794,0.1215,8.01,2.6937,8.00,4306,3857.0,5.727,5.721
6024,train,3.5336,0.1924,10.40,3.4482,11.00,4199,3857.6,10.735,10.734
6025,train,3.7317,0.0928,7.27,3.1758,5.83,4431,3858.2,5.844,5.843
6026,train,3.8947,0.0058,26.60,3.5954,26.49,4673,3858.7,21.199,21.198
6027,train,2.5175,0.3062,4.31,1.9488,2.41,4673,3859.3,2.061,2.057
6028,train,2.6702,0.2361,5.74,2.1257,3.00,4646,3859.9,4.232,4.230
6029,train,2.8944,0.1807,6.04,2.4635,3.83,3934,3860.5,4.271,4.266
6030,train,2.7919,0.1575,6.03,2.3262,5.00,4953,3861.1,4.896,4.891
6031,train,3.3721,0.1513,8.31,3.0344,7.77,4654,3861.7,7.510,7.505
6032,train,2.2900,0.3016,3.92,1.7893,3.00,4533,3862.2,2.585,2.571
6033,train,2.8167,0.3059,7.94,2.2371,5.83,4319,3862.8,5.233,5.179
6034,train,2.7842,0.1291,5.46,2.3375,3.83,4135,3863.4,3.976,3.974
6035,train,4.4181,0.0622,15.48,4.2149,15.51,4869,3864.0,13.622,13.619
6036,train,3.1594,0.1829,8.07,2.4210,7.00,5097,3864.6,6.396,6.393
6037,train,3.4226,0.1688,8.72,2.8599,6.00,4733,3865.2,6.832,6.827
6038,train,3.6227,0.2038,9.31,3.0385,7.24,4421,3865.7,7.136,7.131
6039,train,2.4244,0.2441,4.60,2.0168,2.00,4191,3866.3,2.563,2.558
6040,train,2.5794,0.1888,5.26,2.4111,5.41,4226,3866.9,3.012,2.997
6041,train,2.9434,0.2108,5.74,2.2893,3.41,4682,3867.5,3.628,3.622
6042,train,2.7321,0.1700,5.30,1.9684,3.41,4295,3868.1,3.373,3.372
6043,train,2.9113,0.2019,6.15,2.6627,5.41,5181,3868.7,5.303,5.300
6044,train,3.8376,0.0270,12.88,3.3472,11.00,5151,3869.3,10.217,10.214
6045,train,2.4207,0.2989,4.11,2.1756,2.41,4466,3869.8,1.912,1.906
6046,train,3.1257,0.1333,10.05,2.6621,9.41,4974,3870.4,7.881,7.878
6047,train,3.2203,0.1249,7.41,3.1234,8.00,4010,3871.0,6.064,6.060
6048,train,2.2500,0.3426,3.78,1.8237,4.41,4667,3871.6,1.951,1.948
6049,train,4.6042,0.0486,16.52,4.0935,14.12,5305,3872.2,13.320,13.317
6050,train,3.0059,0.2916,6.71,2.5923,4.24,5179,3872.8,4.897,4.877
6051,train,3.1508,0.1282,8.43,2.6417,5.58,4025,3873.3,6.540,6.533
6052,train,3.0979,0.2011,6.60,2.4380,5.83,4416,3873.9,4.890,4.886
6053,train,3.9796,0.0237,16.99,3.5341,14.30,4820,3874.5,10.867,10.861
6054,train,2.7002,0.2492,5.02,2.2088,3.24,4475,3875.1,3.025,3.000
6055,train,3.2496,0.1677,8.82,2.9328,9.08,4626,3875.7,6.836,6.822
6056,train,3.0107,0.1020,6.13,2.6632,5.41,4274,3876.3,4.367,4.352
6057,train,3.5494,0.0681,8.96,3.1992,11.11,4700,3876.8,8.427,8.427
6058,train,2.8595,0.0967,6.50,2.3607,5.00,4208,3877.4,4.748,4.747
6059,train,2.2502,0.2893,4.52,1.7378,3.00,3920,3878.0,3.138,3.129
6060,train,3.2253,0.1003,6.44,2.9369,5.65,4886,3878.6,4.739,4.728
6061,train,3.1143,0.3355,6.60,2.5745,5.10,4248,3879.2,5.897,5.896
6062,train,2.9538,0.2116,5.30,2.4270,4.00,5566,3879.8,3.169,3.167
6063,train,3.4460,0.0287,6.78,3.0654,5.65,4040,3880.3,4.945,4.924
6064,train,4.2747,0.0337,9.52,4.0261,9.51,4209,3880.9,6.972,6.971
6065,train,2.2938,0.2491,7.71,1.7799,8.07,4123,3881.5,5.503,5.499
6066,train,2.7418,0.1393,5.35,2.1801,4.83,4574,3882.1,2.838,2.833
6067,train,2.8916,0.1718,6.16,2.5725,4.83,3958,3882.7,4.423,4.421
6068,train,3.0174,0.1166,6.74,2.5507,6.24,4716,3883.3,4.839,4.837
6069,train,3.3786,0.0936,11.74,3.1039,9.68,3951,3883.8,11.353,11.346
6070,train,3.0264,0.1948,5.06,2.4709,3.41,4498,3884.4,3.836,3.826
6071,train,2.7656,0.3223,5.12,2.2244,2.41,4061,3885.0,4.185,4.177
6072,train,3.3954,0.1018,14.05,2.7546,7.02,4147,3885.6,10.492,10.489
6073,train,3.2184,0.1785,7.01,2.7175,4.65,4296,3886.2,4.935,4.933
6074,train,3.2098,0.0591,6.39,2.7988,5.41,4194,3886.8,5.310,5.306
6075,train,2.1456,0.3430,3.85,1.6203,2.00,4070,3887.3,2.066,2.023
6076,train,3.2303,0.2019,7.19,2.7232,6.16,3631,3887.9,6.359,6.352
6077,train,3.2213,0.0863,6.00,3.1574,5.65,4356,3888.5,3.898,3.891
6078,train,2.7100,0.3863,6.75,2.1174,5.00,4716,3889.1,4.772,4.732
6079,train,2.5677,0.1823,6.05,2.3006,8.00,4125,3889.7,4.407,4.395
6080,train,2.8148,0.2625,5.17,2.6331,4.65,4229,3890.3,4.034,4.031
6081,train,2.7191,0.1610,5.77,2.2214,4.00,4005,3890.9,4.992,4.987
6082,train,3.0288,0.1215,6.71,2.6938,7.06,3991,3891.4,2.868,2.824
6083,train,2.8770,0.1290,5.84,2.6363,3.00,4389,3892.0,5.104,5.090
6084,train,3.3155,0.1173,7.44,2.8682,4.41,5013,3892.6,5.709,5.700
6085,train,3.0441,0.1095,6.61,2.5859,4.00,4793,3893.2,6.152,6.148
6086,train,2.8068,0.0969,5.72,2.3076,4.41,4150,3893.8,4.405,4.403
6087,train,2.5061,0.2929,6.02,2.0864,3.41,4059,3894.4,4.353,4.335
6088,train,3.2724,0.2616,10.33,2.7057,7.08,4664,3894.9,6.774,6.760
6089,train,3.4881,0.2758,7.93,3.0510,6.00,4412,3895.5,6.848,6.847
6090,train,2.3837,0.2849,4.00,2.3250,3.00,4321,3896.1,2.213,2.211
6091,train,3.0642,0.1207,6.12,2.7181,5.65,4599,3896.7,3.294,3.257
6092,train,3.0616,0.0479,6.39,2.9315,7.24,4318,3897.3,4.865,4.865
6093,train,2.8658,0.1026,6.63,2.4127,5.00,4414,3897.9,4.093,4.086
6094,train,3.4977,0.2580,5.77,3.4375,4.58,4539,3898.4,3.963,3.962
6095,train,3.6429,0.2546,7.86,3.3182,7.36,4827,3899.0,7.215,7.214
6096,train,2.3075,0.3369,4.21,1.6504,2.00,4351,3899.6,2.869,2.863
6097,train,2.5726,0.2179,4.87,1.9761,3.00,4731,3900.2,2.555,2.554
6098,train,2.5978,0.1988,7.44,1.9690,9.00,4332,3900.8,6.445,6.442
6099,train,2.6147,0.2023,5.12,2.2603,3.83,4745,3901.4,4.145,4.141
6100,train,2.6280,0.2255,4.44,2.1363,3.41,4700,3901.9,3.575,3.574
6101,train,3.6111,0.1031,8.62,3.3966,7.24,4065,3902.5,7.243,7.239
6102,train,2.5329,0.2461,4.54,1.8835,4.41,4210,3903.1,3.239,3.232
6103,train,2.8518,0.2009,5.96,2.3067,5.00,4928,3903.7,4.571,4.562
6104,train,3.1637,0.1285,9.05,2.6383,7.51,4710,3904.3,6.204,6.200
6105,train,2.4197,0.3264,5.13,2.1180,5.12,4470,3904.9,3.724,3.668
6106,train,3.1020,0.1530,5.45,2.6468,5.06,4491,3905.4,4.657,4.650
6107,train,2.8728,0.2271,5.36,2.4568,3.00,5382,3906.0,3.789,3.787
6108,train,2.7082,0.1851,5.00,2.2341,3.41,4123,3906.6,3.009,2.999
6109,train,2.3669,0.3454,3.56,2.1485,3.00,4403,3907.2,1.681,1.666
6110,train,3.2550,0.1654,7.40,3.1623,5.24,4275,3907.8,6.742,6.734
6111,train,3.5817,0.1096,6.64,2.7517,4.00,4363,3908.4,4.742,4.734
6112,train,2.7316,0.3624,8.11,2.5333,8.07,4594,3909.0,8.305,8.298
6113,train,3.7911,0.1039,9.87,3.2816,8.29,4564,3909.5,8.230,8.228
6114,train,2.4152,0.3179,3.97,1.7219,2.00,4926,3910.1,2.628,2.624
6115,train,2.3753,0.1668,4.51,2.0131,3.83,5047,3910.7,2.636,2.621
6116,train,3.0222,0.2144,7.18,2.5468,5.47,3680,3911.3,4.300,4.297
6117,train,2.9925,0.0614,6.20,2.5838,4.83,4460,3911.9,4.860,4.859
6118,train,3.5035,0.0665,10.22,2.9903,8.10,4825,3912.5,7.787,7.784
6119,train,2.1210,0.3611,3.30,1.6245,1.00,4522,3913.0,0.855,0.835
6120,train,3.0420,0.1096,9.93,2.2912,7.39,4646,3913.6,7.820,7.814
6121,train,2.8691,0.1591,5.72,2.4336,3.41,4929,3914.2,3.822,3.814
6122,train,3.8927,0.0827,15.13,3.9839,14.80,4535,3914.8,12.025,12.014
6123,train,4.9346,0.0340,14.27,4.6389,15.66,4733,3915.4,13.712,13.711
6124,train,3.1542,0.0723,6.47,2.4733,6.24,4899,3916.0,5.518,5.516
6125,train,2.4258,0.2662,4.30,1.7033,2.00,5015,3916.5,2.367,2.366
6126,train,3.3130,0.1190,7.93,3.3789,8.00,4262,3917.1,7.004,7.001
6127,train,2.8740,0.2097,6.88,2.6648,7.54,4258,3917.7,5.447,5.421
6128,train,3.2257,0.1721,6.46,2.8999,6.24,3980,3918.3,5.047,5.045
6129,train,2.7234,0.1791,9.74,2.2001,11.24,4060,3918.9,8.185,8.181
6130,train,3.3021,0.0623,12.83,3.0439,17.15,4990,3919.5,12.033,12.005
6131,train,4.4187,0.1208,14.99,3.6383,11.24,4263,3920.0,10.641,10.640
6132,train,2.9283,0.1057,6.96,2.4842,7.02,4135,3920.6,4.743,4.730
6133,train,3.1787,0.0824,10.57,2.7621,11.85,4699,3921.2,7.953,7.948
6134,train,2.5764,0.2330,4.87,2.0961,3.00,4703,3921.8,3.274,3.266
6135,train,2.6964,0.1795,6.79,2.3716,6.58,3845,3922.4,3.289,3.278
6136,train,2.7439,0.2130,5.43,1.9534,2.00,4413,3923.0,3.486,3.477
6137,train,2.8326,0.1889,5.57,2.6446,2.00,4615,3923.5,3.606,3.599
6138,train,2.6344,0.1722,4.66,2.1196,3.41,4268,3924.1,3.770,3.769
6139,train,3.3780,0.2303,5.74,2.7678,4.00,4442,3924.7,3.070,2.976
6140,train,3.4055,0.0996,8.04,3.2738,5.41,4460,3925.3,6.694,6.689
6141,train,3.4450,0.0220,8.35,3.1867,6.83,4268,3925.9,4.919,4.900
6142,train,2.7174,0.1649,5.20,2.3022,3.41,3924,3926.5,3.035,2.986
6143,train,3.0628,0.1305,6.96,2.6376,6.24,4637,3927.0,4.547,4.543
6144,train,3.3044,0.1736,8.93,2.9173,7.00,4638,3927.6,7.331,7.330
6145,train,4.1843,0.0085,16.87,3.9134,18.79,4459,3928.2,13.296,13.293
6146,train,3.9444,0.0668,9.70,3.6867,7.58,4910,3928.8,8.048,8.046
6147,train,3.0154,0.0985,5.87,2.7107,5.66,4051,3929.4,3.387,3.378
6148,train,2.9716,0.1345,5.93,2.6862,4.83,4602,3930.0,4.597,4.587
6149,train,2.9759,0.1268,9.99,2.6400,12.71,4544,3930.6,7.393,7.388
6150,train,2.7125,0.1896,4.69,2.2873,3.00,4246,3931.1,3.041,3.036
6151,train,2.4051,0.2969,4.55,2.0381,3.24,3833,3931.7,3.061,3.051
6152,train,2.8844,0.1715,5.44,2.9967,5.58,3948,3932.3,4.104,4.102
6153,train,3.8010,0.0258,11.55,3.6110,11.83,4268,3932.9,8.801,8.799
6154,train,3.6759,0.1832,16.99,3.5225,17.28,4208,3933.5,15.414,15.370
6155,train,2.8842,0.1239,5.22,2.6155,4.00,4607,3934.0,4.465,4.463
6156,train,2.0837,0.3598,3.37,1.6346,3.00,4731,3934.6,1.411,1.410
6157,train,4.2998,0.1486,9.93,3.5089,6.16,4388,3935.2,8.896,8.881
6158,train,3.0655,0.1312,5.41,2.8357,3.83,5517,3935.8,3.294,3.287
6159,train,4.3102,0.1082,13.23,3.9391,9.49,4325,3936.4,9.695,9.694
6160,train,2.6673,0.1227,5.34,2.2895,4.83,4082,3937.0,3.873,3.869
6161,train,4.0886,0.0135,10.68,3.8489,12.80,5121,3937.6,8.764,8.761
6162,train,3.0826,0.1604,6.64,2.7854,5.24,4900,3938.1,3.596,3.591
6163,train,3.9051,0.0906,13.39,3.6390,13.32,4326,3938.7,11.184,11.173
6164,train,3.2219,0.1244,6.77,2.6796,5.41,5555,3939.3,2.951,2.925
6165,train,2.9728,0.0949,8.01,2.5857,10.41,4277,3939.9,6.000,5.986
6166,train,3.7670,0.2495,11.55,3.3063,11.28,5155,3940.5,9.794,9.772
6167,train,2.9677,0.0701,7.52,2.8140,4.41,4120,3941.1,5.726,5.719
6168,train,4.7885,0.1614,9.27,4.5609,6.71,5110,3941.6,6.015,5.983
6169,train,2.4688,0.2855,3.88,1.9758,2.41,4964,3942.2,2.433,2.425
6170,train,2.8334,0.2077,5.35,2.4839,4.00,4391,3942.8,4.566,4.559
6171,train,2.6673,0.2519,5.82,2.1000,3.41,4394,3943.4,3.241,3.237
6172,train,2.9670,0.1523,5.62,2.6020,4.24,4090,3944.0,4.161,4.155
6173,train,2.2852,0.2961,4.06,1.8108,2.83,4434,3944.6,2.275,2.274
6174,train,3.6335,0.0740,7.67,3.5384,8.26,3932,3945.1,6.265,6.262
6175,train,3.5803,0.1877,7.36,2.9153,5.41,4246,3945.7,5.630,5.626
6176,train,3.0735,0.0995,6.16,2.7929,5.00,3978,3946.3,4.321,4.306
6177,train,2.7869,0.2186,5.71,2.3442,4.00,3930,3946.9,4.068,4.065
6178,train,2.9859,0.1841,5.17,2.6569,3.83,5041,3947.5,3.728,3.724
6179,train,3.6346,0.0683,11.62,3.4888,14.06,4463,3948.1,10.007,10.001
6180,train,3.3119,0.1949,8.78,3.1085,8.00,4812,3948.7,7.512,7.510
6181,train,3.4380,0.0463,6.58,3.0683,4.83,4814,3949.2,4.208,4.204
6182,train,3.9959,0.0647,9.90,4.0757,10.16,4495,3949.8,8.609,8.606
6183,train,3.1087,0.2306,5.07,2.9406,6.06,4688,3950.4,3.498,3.495
6184,train,3.1251,0.1847,11.93,3.0929,12.48,4175,3951.0,11.239,11.236
6185,train,2.5539,0.3314,4.94,2.1348,3.41,4300,3951.6,4.696,4.694
6186,train,2.8240,0.1394,5.95,2.2049,4.00,3996,3952.2,4.699,4.698
6187,train,2.8451,0.1851,5.72,2.2169,5.65,5246,3952.7,3.419,3.368
6188,train,2.8219,0.2487,5.74,2.4147,4.16,4708,3953.3,4.041,4.026
6189,train,2.4354,0.2283,7.67,2.1422,8.50,3968,3953.9,5.940,5.930
6190,train,3.4557,0.0541,8.06,3.4525,8.32,4603,3954.5,5.980,5.962
6191,train,3.4871,0.1068,6.51,3.0163,6.47,4653,3955.1,4.909,4.901
6192,train,3.5322,0.1513,9.76,2.9599,7.41,5606,3955.7,9.257,9.254
6193,train,4.3191,0.1128,8.39,3.8278,7.24,5011,3956.2,7.154,7.148
6194,train,3.7432,0.1162,6.50,3.6342,6.24,4173,3956.8,5.318,5.314
6195,train,2.9536,0.1669,4.94,2.3313,3.00,4386,3957.4,3.769,3.766
6196,train,3.2028,0.1310,7.50,2.8327,6.16,4565,3958.0,5.189,5.168
6197,train,2.9009,0.2396,6.63,2.4675,4.00,4240,3958.6,4.288,4.287
6198,train,3.4448,0.0221,8.44,3.0879,6.16,4572,3959.2,8.595,8.593
6199,train,2.6962,0.1330,5.03,2.3395,5.41,4367,3959.7,3.785,3.780
6200,train,2.4082,0.2326,4.33,1.7823,2.00,4634,3960.3,2.617,2.613
6201,train,3.5502,0.0814,7.75,3.0576,6.16,4499,3960.9,6.530,6.525
6202,train,3.8547,0.1333,9.44,3.5808,8.32,3819,3961.5,9.300,9.295
6203,train,3.5079,0.1831,6.31,3.2134,5.58,4496,3962.1,4.260,4.255
6204,train,2.8424,0.1214,5.55,2.1169,4.00,4192,3962.7,4.141,4.139
6205,train,2.5400,0.1900,4.77,2.0136,3.00,4326,3963.3,3.342,3.320
6206,train,3.9947,0.0665,13.82,4.0754,12.71,4800,3963.8,11.836,11.830
6207,train,3.9691,0.0106,10.43,3.7071,9.16,5204,3964.4,8.479,8.476
6208,train,2.7275,0.1070,5.65,2.5027,6.65,4083,3965.0,4.104,4.103
6209,train,2.1444,0.3173,4.75,1.7867,4.00,3864,3965.6,3.688,3.687
6210,train,2.9420,0.2860,5.36,2.7059,4.58,4325,3966.2,4.431,4.418
6211,train,2.9654,0.1613,5.94,2.3387,5.24,4543,3966.8,4.321,4.294
6212,train,2.6579,0.2453,5.62,2.0555,5.41,4590,3967.3,4.052,4.042
6213,train,2.7695,0.1441,5.46,2.3478,4.83,4393,3967.9,3.212,3.197
6214,train,3.6772,0.1125,9.03,3.2948,4.41,4783,3968.5,7.261,7.245
6215,train,2.6930,0.1572,5.19,2.2574,4.00,4695,3969.1,4.600,4.594
6216,train,2.6810,0.1987,5.42,2.0676,2.00,4369,3969.7,4.924,4.903
6217,train,3.0172,0.0640,6.49,2.8962,6.89,4128,3970.3,4.436,4.431
6218,train,4.4433,0.1014,12.54,4.0388,13.00,4646,3970.8,11.891,11.872
6219,train,2.6430,0.1628,5.48,2.1345,4.41,4392,3971.4,4.869,4.860
6220,train,3.3711,0.1102,6.12,2.9055,5.06,4294,3972.0,3.975,3.964
6221,train,2.8204,0.3242,4.61,2.2891,2.00,4519,3972.6,1.935,1.924
6222,train,3.5272,0.0639,7.64,3.1146,6.16,4398,3973.2,3.994,3.889
6223,train,3.5962,0.1118,9.35,3.0383,6.41,5660,3973.8,6.006,5.998
6224,train,3.4961,0.0247,7.49,2.8977,5.41,4162,3974.3,7.154,7.150
6225,train,2.6499,0.2025,4.74,2.0523,3.00,4312,3974.9,3.502,3.493
6226,train,3.4853,0.1158,7.13,2.7695,4.65,4000,3975.5,6.379,6.377
6227,train,3.2690,0.1410,7.34,3.2128,7.65,4122,3976.1,6.652,6.648
6228,train,3.5705,0.0509,8.56,3.3392,7.65,3968,3976.7,5.154,5.149
6229,train,2.8654,0.1569,5.71,2.4459,4.65,4531,3977.3,4.535,4.534
6230,train,2.9580,0.1939,9.19,2.6123,10.21,4790,3977.8,7.198,7.183
6231,train,2.5820,0.2677,7.21,2.2320,7.41,4131,3978.4,5.825,5.823
6232,train,3.8624,0.0488,7.93,3.4039,6.99,4361,3979.0,5.761,5.760
6233,train,4.0031,0.0593,11.52,3.6379,11.75,3793,3979.6,8.644,8.599
6234,train,4.1454,0.1170,7.27,3.8431,6.58,4289,3980.2,5.902,5.898
6235,train,2.7199,0.1465,5.07,2.5140,4.41,4886,3980.8,3.245,3.222
6236,train,2.6931,0.2109,6.34,2.2548,8.08,4296,3981.3,4.628,4.619
6237,train,2.4919,0.3789,5.06,1.7768,3.00,5167,3981.9,3.398,3.378
6238,train,2.8648,0.1587,6.00,2.5247,5.00,4549,3982.5,4.217,4.212
6239,train,2.3162,0.2252,4.05,2.2390,4.41,3957,3983.1,2.766,2.765
6240,train,3.2526,0.1524,11.67,2.8836,9.41,4331,3983.7,5.939,5.935
6241,train,1.8748,0.3977,3.34,1.2773,1.41,4199,3984.3,2.626,2.621
6242,train,3.2371,0.0886,6.42,2.9672,5.65,4076,3984.8,5.518,5.515
6243,train,3.6622,0.0560,8.74,3.0858,6.41,4449,3985.4,6.185,6.173
6244,train,3.3557,0.1303,8.87,2.9683,6.89,4444,3986.0,6.762,6.760
6245,train,2.8243,0.2033,5.51,2.5905,4.65,4432,3986.6,4.432,4.427
6246,train,2.6303,0.1476,5.08,2.2590,4.41,4091,3987.2,2.722,2.671
6247,train,2.4367,0.2714,4.33,1.9497,2.00,4738,3987.8,2.486,2.484
6248,train,4.1864,0.1805,13.46,4.2143,14.32,4841,3988.4,12.402,12.360
6249,train,3.2789,0.0446,7.70,2.9686,7.00,4391,3988.9,5.067,5.061
6250,train,2.8261,0.1265,5.18,2.6325,4.41,4743,3989.5,2.782,2.769
6251,train,3.2599,0.1722,6.33,2.9269,5.24,4176,3990.1,5.210,5.205
6252,train,3.2154,0.1652,7.84,2.8659,6.41,4188,3990.7,6.809,6.808
6253,train,2.7017,0.1625,4.77,2.4270,3.41,4869,3991.3,2.953,2.947
6254,train,2.3145,0.2033,4.71,1.6550,3.00,4191,3991.9,2.978,2.974
6255,train,2.4887,0.3324,4.77,1.9674,3.00,4136,3992.4,2.986,2.983
6256,train,3.3120,0.1214,14.40,2.9950,13.41,5117,3993.0,11.323,11.292
6257,train,3.9269,0.0391,10.20,3.5184,9.75,4551,3993.6,8.523,8.518
6258,train,2.9761,0.1763,10.56,2.4558,8.08,4919,3994.2,9.169,9.163
6259,train,3.0734,0.1903,5.62,2.6169,3.41,4199,3994.8,3.066,3.059
6260,train,3.3001,0.1977,8.36,2.8546,8.34,3976,3995.4,6.980,6.968
6261,train,2.9934,0.2061,5.80,2.5597,5.00,4056,3995.9,4.219,4.207
6262,train,2.9390,0.2085,7.07,2.7517,5.54,5435,3996.5,5.874,5.859
6263,train,3.0320,0.2122,5.42,2.4946,3.65,4892,3997.1,3.210,3.209
6264,train,3.6314,0.0234,7.69,3.5098,8.06,4478,3997.7,7.479,7.479
6265,train,2.3546,0.2306,4.03,2.1302,3.41,4080,3998.3,2.473,2.467
6266,train,2.6264,0.2438,5.39,2.3847,3.41,3679,3998.9,4.865,4.850
6267,train,2.7967,0.2022,5.79,2.4426,5.24,5070,3999.4,4.219,4.209
6268,train,2.5909,0.2655,4.11,2.2266,2.83,4907,4000.0,2.061,1.971
6269,train,2.9833,0.1590,8.57,2.7696,8.00,4787,4000.6,9.511,9.499
6270,train,2.3259,0.2738,3.84,1.9093,3.41,4449,4001.2,2.219,2.203
6271,train,4.7083,0.0395,10.75,3.9634,8.36,5138,4001.8,8.613,8.608
6272,train,2.2880,0.3672,3.62,1.9459,2.41,4434,4002.4,2.454,2.449
6273,train,2.8131,0.1931,4.73,2.2362,4.00,3977,4003.0,4.233,4.230
6274,train,2.9807,0.3113,8.77,2.6860,8.00,4134,4003.5,8.013,7.994
6275,train,4.1854,0.1880,8.19,4.2175,8.12,4154,4004.1,6.283,6.276
6276,train,2.1466,0.3489,3.31,2.0417,2.41,4021,4004.7,2.246,2.240
6277,train,2.5904,0.1603,4.49,2.2866,3.41,4972,4005.3,3.041,3.034
6278,train,2.3827,0.1839,4.44,1.9291,3.41,4785,4005.9,3.054,3.049
6279,train,3.0914,0.1091,5.77,2.5911,4.24,5132,4006.5,4.565,4.558
6280,train,3.6629,0.0697,6.74,3.4160,6.89,5221,4007.0,6.112,6.103
6281,train,3.6202,0.1115,8.25,3.3980,8.51,4780,4007.6,6.924,6.898
6282,train,2.7119,0.1997,4.59,2.3655,4.00,4207,4008.2,3.378,3.374
6283,train,3.1321,0.1959,10.79,2.8893,12.90,4569,4008.8,10.009,10.006
6284,train,3.1625,0.0676,6.25,2.6746,6.24,4199,4009.4,5.682,5.672
6285,train,3.2891,0.0934,7.63,3.1420,6.00,5459,4010.0,5.317,5.308
6286,train,3.0757,0.2223,7.02,2.6349,6.41,4373,4010.5,6.016,6.011
6287,train,3.5363,0.1171,8.93,3.1108,5.16,5057,4011.1,5.670,5.665
6288,train,2.9458,0.1409,5.91,2.5196,3.83,5137,4011.7,5.267,5.264
6289,train,3.0704,0.0983,7.59,2.6767,4.00,4709,4012.3,5.457,5.455
6290,train,3.0102,0.2705,8.28,2.1744,6.51,4284,4012.9,6.910,6.909
6291,train,2.9518,0.3253,5.91,2.5621,4.16,4135,4013.5,3.861,3.852
6292,train,3.5623,0.1219,10.23,3.0221,8.50,3972,4014.1,9.982,9.974
6293,train,4.0112,0.0747,11.25,3.3390,10.96,5317,4014.6,7.967,7.959
6294,train,4.1467,0.0109,9.08,3.9806,7.89,4228,4015.2,9.222,9.205
6295,train,2.5174,0.1899,4.66,1.8291,3.41,4930,4015.8,3.004,2.999
6296,train,2.9250,0.2165,6.14,2.5047,5.65,4013,4016.4,2.657,2.605
6297,train,2.8273,0.2319,4.77,2.2095,3.83,3863,4017.0,3.908,3.897
6298,train,3.2214,0.1766,9.09,2.9867,6.24,4897,4017.6,7.200,7.189
6299,train,3.3609,0.1459,7.84,2.7189,7.06,4701,4018.1,5.691,5.688
6300,train,2.6912,0.2712,5.18,2.7391,4.24,4591,4018.7,3.889,3.887
6301,train,2.3526,0.3444,3.89,1.6540,1.00,4260,4019.3,1.980,1.962
6302,train,3.4067,0.1996,6.25,3.5486,5.16,4098,4019.9,5.741,5.739
6303,train,2.8815,0.1108,7.36,2.3485,6.41,4450,4020.5,4.661,4.658
6304,train,3.3846,0.2234,15.66,2.7874,13.70,4669,4021.1,13.010,12.996
6305,train,3.4500,0.0699,8.62,3.0791,9.54,4504,4021.6,7.031,7.024
6306,train,3.1652,0.1431,5.83,2.4765,3.00,4995,4022.2,3.884,3.871
6307,train,3.7923,0.0253,11.43,3.3961,10.33,4300,4022.8,9.654,9.650
6308,train,2.9911,0.1561,5.63,2.4912,4.24,4382,4023.4,4.659,4.657
6309,train,2.3629,0.3755,3.81,1.9049,1.41,4088,4024.0,2.890,2.886
6310,train,3.7152,0.2208,9.24,2.8437,6.47,4420,4024.6,5.667,5.653
6311,train,2.9946,0.0957,6.27,2.4261,4.83,4599,4025.1,5.156,5.134
6312,train,3.2314,0.2077,7.10,2.9078,5.83,4883,4025.7,5.032,5.025
6313,train,3.6122,0.0915,8.91,3.4850,9.66,4679,4026.3,8.377,8.374
6314,train,2.4004,0.3272,4.74,1.9753,3.00,4059,4026.9,2.791,2.774
6315,train,2.8565,0.1380,5.61,2.6867,5.65,4312,4027.5,4.759,4.758
6316,train,4.0345,0.0237,14.81,4.2696,16.07,4607,4028.1,14.110,14.108
6317,train,3.2074,0.2339,8.62,2.6397,4.16,4429,4028.6,7.362,7.348
6318,train,2.5196,0.1812,4.92,2.0794,4.83,4923,4029.2,1.599,1.540
6319,train,2.3419,0.2148,4.09,1.9579,3.00,4242,4029.8,2.223,2.216
6320,train,2.2944,0.2711,3.76,1.8164,2.00,4449,4030.4,2.359,2.350
6321,train,3.9068,0.1571,7.96,3.5911,5.47,4194,4031.0,6.391,6.372
6322,train,3.1835,0.1077,10.33,3.0511,10.32,3901,4031.6,7.630,7.617
6323,train,3.5822,0.0497,10.36,2.9225,10.00,4745,4032.1,9.160,9.159
6324,train,2.6974,0.1555,5.04,1.9976,3.00,4520,4032.7,2.939,2.934
6325,train,3.2867,0.1512,7.54,3.3263,8.41,4305,4033.3,4.866,4.805
6326,train,2.7772,0.1527,5.08,2.4148,3.41,3831,4033.9,4.031,4.009
6327,train,2.7735,0.3105,3.97,2.6046,3.00,3932,4034.5,2.280,2.274
6328,train,2.7818,0.2120,6.22,2.2591,4.00,4221,4035.1,4.623,4.480
6329,train,3.5499,0.0932,6.61,3.8417,6.47,4904,4035.6,4.713,4.711
6330,train,3.6125,0.1024,9.17,3.2666,4.41,4666,4036.2,8.737,8.737
6331,train,4.0336,0.0123,12.84,3.6072,14.57,4375,4036.8,8.124,8.092
6332,train,3.9932,0.0154,13.58,3.6243,13.32,4213,4037.4,12.881,12.872
6333,train,2.5739,0.3189,4.26,1.9038,1.00,4641,4038.0,2.400,2.331
6334,train,3.6113,0.0383,8.07,3.1469,7.02,4518,4038.6,6.313,6.311
6335,train,3.3640,0.0823,8.57,3.2458,6.83,4883,4039.1,5.988,5.970
6336,train,2.7328,0.1410,5.08,2.3651,4.00,4929,4039.7,3.516,3.515
6337,train,2.5899,0.1843,5.18,2.2832,4.65,4351,4040.3,3.151,3.136
6338,train,3.0032,0.2390,7.21,2.4960,5.16,3903,4040.9,5.766,5.764
6339,train,4.5820,0.0083,14.99,4.3807,15.19,3978,4041.5,12.156,12.153
6340,train,2.9787,0.1754,6.17,2.4521,4.65,4498,4042.1,3.984,3.975
6341,train,3.6769,0.0598,8.88,3.3361,6.65,5069,4042.7,5.417,5.413
6342,train,2.8605,0.1672,5.53,2.3002,3.41,4695,4043.2,3.833,3.812
6343,train,3.3804,0.1109,13.73,3.2762,15.57,3921,4043.8,12.619,12.617
6344,train,2.9483,0.2350,7.43,2.4432,6.00,4965,4044.4,5.050,5.045
6345,train,3.0817,0.1044,6.90,2.6632,6.47,4129,4045.0,4.874,4.873
6346,train,2.5861,0.2103,5.19,1.9553,4.65,4956,4045.6,3.461,3.456
6347,train,2.3626,0.2786,4.62,1.8396,4.00,4303,4046.2,2.843,2.840
6348,train,2.9444,0.2579,7.24,2.1185,4.16,4758,4046.7,4.067,4.055
6349,train,2.8133,0.1164,5.51,2.3200,5.24,3892,4047.3,3.542,3.538
6350,train,3.4679,0.0473,6.86,3.1311,6.41,4459,4047.9,4.178,4.162
6351,train,2.8620,0.1897,5.66,2.2993,5.00,4138,4048.5,3.996,3.992
6352,train,2.4423,0.2963,4.12,2.1201,3.00,4478,4049.1,1.803,1.799
6353,train,2.6771,0.2324,5.28,1.9508,3.24,4871,4049.7,3.049,3.023
6354,train,3.1180,0.1434,6.61,2.7601,5.00,4332,4050.2,3.893,3.879
6355,train,3.6640,0.0525,8.25,3.1071,6.00,4823,4050.8,6.209,6.208
6356,train,3.0906,0.2000,8.61,2.6538,4.65,4561,4051.4,6.559,6.550
6357,train,3.3463,0.1295,9.86,2.7862,4.24,4493,4052.0,5.901,5.872
6358,train,3.8980,0.1181,8.79,3.6469,5.58,4210,4052.6,7.548,7.525
6359,train,2.6059,0.2526,4.78,2.1053,3.41,4224,4053.2,2.604,2.589
6360,train,3.3875,0.0885,10.95,2.9953,10.94,4454,4053.7,9.792,9.790
6361,train,2.4992,0.1927,4.74,2.1182,4.41,4712,4054.3,3.399,3.394
6362,train,2.1590,0.2867,3.88,1.6791,3.00,3617,4054.9,2.582,2.582
6363,train,2.9280,0.1331,7.67,2.8121,7.24,4424,4055.5,6.762,6.745
6364,train,4.1938,0.1398,7.68,4.2355,7.12,4019,4056.1,6.987,6.971
6365,train,3.0927,0.1603,8.19,2.4543,4.65,4423,4056.7,6.263,6.257
6366,train,3.1175,0.1560,6.43,2.5476,3.83,4788,4057.2,3.848,3.837
6367,train,2.5165,0.2421,4.56,1.9055,3.00,4968,4057.8,3.044,3.041
6368,train,2.6492,0.2398,4.83,2.0821,2.41,5026,4058.4,2.223,2.221
6369,train,2.1325,0.3580,3.42,1.4876,2.00,4651,4059.0,1.217,1.140
6370,train,2.6483,0.2904,4.21,2.2062,2.00,4349,4059.6,2.221,2.170
6371,train,3.3634,0.0778,7.42,3.1001,6.41,4255,4060.2,6.693,6.681
6372,train,2.9513,0.1175,5.60,2.1650,5.24,4162,4060.7,4.420,4.418
6373,train,2.9240,0.2348,8.46,2.7355,8.00,4459,4061.3,7.690,7.680
6374,train,3.3904,0.1661,6.34,2.9781,5.41,4202,4061.9,4.585,4.577
6375,train,2.3505,0.2651,4.27,1.6617,2.00,4425,4062.5,2.717,2.710
6376,train,3.4158,0.1487,8.15,2.6803,5.61,4674,4063.1,6.455,6.444
6377,train,2.6429,0.2730,4.74,1.8929,2.41,4267,4063.7,2.411,2.404
6378,train,2.4596,0.2642,6.41,2.1779,6.10,4201,4064.2,4.790,4.783
6379,train,2.8464,0.1052,6.32,2.5190,5.16,4289,4064.8,5.171,5.161
6380,train,2.9110,0.0890,6.28,2.7446,7.58,4685,4065.4,4.572,4.571
6381,train,3.9281,0.0617,11.54,3.4548,10.32,4781,4066.0,7.563,7.557
6382,train,2.9908,0.1956,6.42,2.3178,4.47,4182,4066.6,5.312,5.305
6383,train,4.0164,0.0122,8.30,4.0537,8.65,4831,4067.2,7.093,7.092
6384,train,3.0266,0.1289,9.02,2.2393,10.00,4586,4067.7,7.016,7.006
6385,train,3.9089,0.0237,9.74,3.2625,7.16,5235,4068.3,8.405,8.402
6386,train,2.5456,0.2508,4.40,2.0897,3.41,4158,4068.9,2.208,2.203
6387,train,3.2946,0.1607,8.30,2.8589,7.07,5365,4069.5,5.490,5.489
6388,train,2.3659,0.2461,4.58,1.9576,3.41,4125,4070.1,4.148,4.142
6389,train,3.3998,0.1181,11.10,3.0390,11.63,3946,4070.7,7.489,7.436
6390,train,3.0648,0.2336,10.48,2.3938,8.69,4571,4071.2,6.818,6.817
6391,train,2.9249,0.1150,7.86,2.3031,5.24,4775,4071.8,6.235,6.217
6392,train,2.4160,0.2104,4.41,2.0049,4.41,4282,4072.4,2.756,2.754
6393,train,3.4026,0.1476,8.07,3.2122,7.12,4093,4073.0,6.304,6.302
6394,train,3.0218,0.1153,6.18,2.5537,3.41,4286,4073.6,5.382,5.317
6395,train,2.3993,0.3356,8.26,1.9014,8.00,4934,4074.2,6.256,6.255
6396,train,2.5398,0.2921,5.05,1.9997,3.65,4533,4074.8,3.343,3.314
6397,train,2.4730,0.3113,4.13,1.9908,2.00,3868,4075.3,2.199,2.186
6398,train,3.5976,0.2602,10.56,3.0313,8.07,3863,4075.9,8.669,8.639
6399,train,3.7236,0.3087,7.10,3.3161,3.16,4548,4076.5,5.960,5.940
6400,train,3.3804,0.1228,7.98,3.0768,9.23,4545,4077.1,8.319,8.314
6401,train,3.0284,0.1179,7.59,2.3394,6.00,4590,4077.7,4.984,4.970
6402,train,3.0843,0.0934,7.79,2.7326,7.41,4496,4078.3,6.540,6.535
6403,train,2.8354,0.1222,5.22,2.5124,4.83,4739,4078.8,3.727,3.722
6404,train,2.9127,0.0674,6.28,2.4596,5.41,5486,4079.4,5.138,5.136
6405,train,2.8057,0.2426,5.55,2.5545,4.83,4580,4080.0,4.171,4.156
6406,train,3.5688,0.0380,9.08,3.0658,9.75,5782,4080.6,6.915,6.912
6407,train,2.7044,0.2516,4.47,2.2538,2.00,4753,4081.2,3.049,3.046
6408,train,2.9585,0.1019,6.06,2.5131,4.65,4260,4081.8,4.077,4.067
6409,train,4.0629,0.0172,10.25,3.9963,12.80,4239,4082.3,8.982,8.978
6410,train,2.2839,0.2084,4.33,1.9611,3.41,4737,4082.9,2.319,2.302
6411,train,2.9672,0.2683,9.35,2.1415,6.10,4495,4083.5,6.352,6.351
6412,train,2.8225,0.1601,8.58,2.4011,7.41,4203,4084.1,5.962,5.961
6413,train,3.0048,0.0789,8.09,2.4165,4.83,4270,4084.7,6.312,6.307
6414,train,3.6475,0.1254,9.46,3.2172,9.86,3805,4085.3,7.661,7.651
6415,train,2.7646,0.1821,5.79,2.3169,4.41,4806,4085.8,4.050,4.042
6416,train,3.5225,0.0532,10.52,3.2131,10.12,4228,4086.4,9.467,9.457
6417,train,3.1513,0.0689,6.34,2.4876,4.41,4526,4087.0,4.135,4.131
6418,train,2.7580,0.1460,6.03,2.0643,4.41,4419,4087.6,3.528,3.511
6419,train,2.6009,0.1944,4.75,2.0439,3.83,4697,4088.2,3.186,3.172
6420,train,3.2976,0.0755,8.43,2.8449,8.24,4806,4088.8,5.561,5.541
6421,train,2.8847,0.1675,7.41,2.1242,4.16,4735,4089.3,4.390,4.386
6422,train,2.9468,0.1552,7.88,2.7940,8.66,4189,4089.9,4.393,4.387
6423,train,3.3009,0.2141,9.84,2.9158,8.25,4779,4090.5,9.346,9.341
6424,train,3.4951,0.1661,6.70,3.1885,5.58,4360,4091.1,5.439,5.429
6425,train,4.2840,0.0784,11.42,3.7526,10.58,5189,4091.7,9.194,9.193
6426,train,3.1112,0.1398,8.07,2.5146,7.41,5815,4092.3,5.989,5.987
6427,train,2.8963,0.2147,7.79,2.5203,4.65,4266,4092.9,5.378,5.363
6428,train,3.1230,0.0964,6.43,2.8850,5.58,5237,4093.4,4.982,4.976
6429,train,2.9143,0.2247,9.00,2.4431,7.08,4027,4094.0,5.050,5.045
6430,train,3.9156,0.0362,10.73,3.7493,7.58,4528,4094.6,8.735,8.731
6431,train,2.6601,0.1717,5.09,2.2618,3.41,4042,4095.2,3.103,3.098
6432,train,2.9084,0.1092,6.50,2.5489,4.41,4837,4095.8,3.990,3.983
6433,train,3.1741,0.1365,10.24,2.8113,5.89,4996,4096.4,8.811,8.799
6434,train,3.0259,0.1906,6.35,2.6532,6.00,3615,4096.9,3.961,3.956
6435,train,3.9993,0.0973,9.88,3.6055,7.61,5044,4097.5,8.151,8.150
6436,train,3.0341,0.2237,11.81,2.3146,8.07,4395,4098.1,8.947,8.944
6437,train,3.0932,0.1460,6.71,2.8659,4.65,4437,4098.7,5.608,5.603
6438,train,2.5341,0.2032,4.71,2.0747,2.41,4562,4099.3,3.097,3.095
6439,train,2.3658,0.2483,4.25,1.6435,2.00,4930,4099.9,2.018,2.014
6440,train,2.2512,0.3054,4.05,1.6806,2.41,3910,4100.4,1.796,1.792
6441,train,2.5503,0.2601,4.44,1.7350,2.41,4298,4101.0,2.893,2.885
6442,train,3.7002,0.0530,10.92,3.2280,9.32,4513,4101.6,9.516,9.505
6443,train,3.0938,0.2544,8.75,2.6037,7.08,3966,4102.2,7.560,7.558
6444,train,2.6287,0.2405,7.74,1.7589,8.08,4445,4102.8,5.107,5.099
6445,train,3.2051,0.1669,7.23,2.9221,6.65,4973,4103.4,5.821,5.796
6446,train,3.6710,0.1452,7.94,3.1154,6.16,4298,4103.9,5.880,5.871
6447,train,3.6302,0.0207,15.83,3.1593,16.90,5128,4104.5,13.727,13.725
6448,train,2.1755,0.3382,3.55,1.6194,2.00,4083,4105.1,2.295,2.288
6449,train,2.7451,0.2377,5.42,2.5498,4.16,5091,4105.7,4.017,3.998
6450,train,2.8826,0.2353,6.39,2.3494,4.00,5630,4106.3,5.198,5.161
6451,train,3.3927,0.1053,7.40,3.0260,7.54,3988,4106.9,6.284,6.282
6452,train,4.0913,0.1222,11.21,3.4142,9.16,4633,4107.4,9.515,9.482
6453,train,2.8172,0.1769,5.31,2.0590,4.41,4590,4108.0,3.316,3.313
6454,train,2.3310,0.2744,3.99,1.8788,3.00,4414,4108.6,2.346,2.345
6455,train,4.2809,0.0120,15.17,4.0023,14.24,5020,4109.2,14.460,14.458
6456,train,3.0636,0.2539,5.78,2.7456,3.83,4463,4109.8,3.965,3.957
6457,train,3.5514,0.0633,8.96,3.2034,7.16,4326,4110.4,6.923,6.921
6458,train,4.8974,0.1831,9.97,4.1745,8.34,4533,4110.9,7.642,7.630
6459,train,3.6391,0.0390,7.31,3.4212,6.41,4851,4111.5,5.295,5.288
6460,train,2.8216,0.2239,5.77,2.4634,5.47,4297,4112.1,4.484,4.481
6461,train,3.8716,0.0299,7.84,3.5750,5.41,5090,4112.7,4.345,4.318
6462,train,2.5718,0.2094,7.55,2.2913,8.32,4461,4113.3,6.333,6.329
6463,train,3.4016,0.0423,7.46,3.1337,6.65,5077,4113.9,6.072,6.068
6464,train,2.8846,0.1405,5.59,2.4149,4.41,4249,4114.4,4.596,4.591
6465,train,4.2931,0.0388,8.46,4.0687,7.81,4945,4115.0,6.756,6.729
6466,train,2.3540,0.2976,4.12,1.7894,2.41,4130,4115.6,2.388,2.374
6467,train,2.9429,0.1269,6.78,2.5603,6.00,4342,4116.2,4.864,4.854
6468,train,3.6661,0.0738,10.12,3.4207,10.32,3957,4116.8,9.050,9.034
6469,train,3.4869,0.1823,11.72,2.9495,9.08,4356,4117.4,9.982,9.978
6470,train,2.4403,0.1817,4.56,1.9561,4.00,4371,4117.9,2.071,2.063
6471,train,3.4417,0.0504,6.93,3.1644,6.65,4067,4118.5,5.836,5.834
6472,train,3.0060,0.1079,8.12,2.8763,10.50,3921,4119.3,6.266,6.262
6473,train,2.5723,0.1031,4.95,2.3036,5.65,3975,4119.9,3.620,3.611
6474,train,3.3899,0.0721,10.72,3.1291,10.32,4635,4120.5,9.262,9.252
6475,train,2.6198,0.2268,4.93,2.2991,4.00,3959,4121.1,3.667,3.661
6476,train,2.0296,0.3116,3.71,1.5720,2.00,3697,4121.7,2.376,2.372
6477,train,2.7248,0.1388,5.05,2.3903,4.00,4164,4122.2,3.815,3.803
6478,train,2.5312,0.2320,4.89,2.0106,3.00,4426,4122.8,2.916,2.910
6479,train,4.8821,0.0074,17.29,4.3807,13.89,5277,4123.4,13.955,13.954
6480,train,3.1077,0.1681,10.28,2.7558,9.07,4098,4124.0,8.546,8.542
6481,train,3.0071,0.0978,5.84,2.3662,3.83,4969,4124.6,4.563,4.555
6482,train,3.3277,0.1096,6.56,2.9753,5.65,4161,4125.2,4.746,4.744
6483,train,2.7540,0.2964,6.61,2.1902,2.24,4521,4125.7,5.322,5.300
6484,train,3.2343,0.2309,6.98,2.5598,4.83,5037,4126.3,4.540,4.537
6485,train,3.2917,0.1152,9.50,2.9815,6.00,5869,4126.9,6.970,6.958
6486,train,3.2071,0.0845,9.41,3.0116,8.51,4604,4127.5,8.163,8.163
6487,train,3.2922,0.0947,9.02,3.0967,8.83,4393,4128.1,7.061,7.053
6488,train,3.3448,0.0706,7.05,2.8328,6.24,5087,4128.7,5.179,5.169
6489,train,3.6977,0.0114,9.04,3.6528,8.12,4636,4129.3,7.057,7.048
6490,train,3.0251,0.1783,5.57,2.5562,2.41,4516,4129.8,3.552,3.528
6491,train,2.5845,0.2065,4.53,2.4685,3.41,4892,4130.4,3.480,3.478
6492,train,2.9243,0.2010,7.06,2.3325,7.41,4876,4131.0,3.365,3.333
6493,train,2.7274,0.2943,5.10,2.0218,3.41,4659,4131.6,4.084,4.076
6494,train,3.4683,0.2322,10.91,2.8580,8.07,4711,4132.2,8.952,8.946
6495,train,3.2663,0.1699,7.15,3.0367,6.40,4280,4132.8,5.895,5.891
6496,train,3.9696,0.0889,7.61,3.4503,7.40,4464,4133.3,6.353,6.349
6497,train,3.1228,0.0986,11.18,2.6021,10.74,4442,4133.9,8.549,8.543
6498,train,2.9730,0.1309,6.58,2.6103,4.65,4500,4134.5,4.839,4.830
6499,train,3.9418,0.0187,12.83,3.4371,12.00,4661,4135.1,10.067,10.055
6500,train,2.4820,0.1946,5.05,2.0517,3.00,4676,4135.7,2.575,2.546
6500,val,3.2232,0.1412,7.99,2.8419,7.02,222066,4163.3,6.090,6.080
6501,train,3.0187,0.1785,6.19,2.6143,4.24,4089,4163.9,4.397,4.388
6502,train,2.4663,0.2918,4.35,2.0450,3.65,4185,4164.5,2.942,2.932
6503,train,2.7359,0.1961,4.88,2.2964,4.41,4340,4165.1,3.743,3.743
6504,train,2.8128,0.1668,6.69,2.3120,5.41,4771,4165.7,4.286,4.283
6505,train,2.8514,0.2240,5.85,2.3277,5.47,5001,4166.2,4.441,4.345
6506,train,3.7026,0.2472,7.16,3.0241,5.00,5017,4166.8,4.834,4.832
6507,train,2.3040,0.2138,4.35,1.9278,4.41,5205,4167.4,2.139,2.124
6508,train,3.5927,0.0565,7.59,3.3039,7.41,4829,4168.0,6.033,6.019
6509,train,2.6738,0.1706,5.15,2.0621,4.24,4174,4168.6,3.913,3.907
6510,train,2.5935,0.1527,5.58,2.1357,6.00,4787,4169.2,3.741,3.738
6511,train,3.4792,0.0349,7.88,3.2237,7.24,4123,4169.7,5.001,4.997
6512,train,3.0397,0.1339,8.00,2.7887,6.81,5154,4170.3,5.201,5.195
6513,train,3.0542,0.0783,6.61,2.7286,6.41,4749,4170.9,5.545,5.544
6514,train,2.8652,0.2211,8.18,2.1364,7.00,4840,4171.5,5.437,5.428
6515,train,2.5630,0.2664,5.48,2.1622,3.83,4609,4172.1,3.076,3.071
6516,train,3.2078,0.1073,5.97,2.4017,4.24,4455,4172.7,5.117,5.111
6517,train,2.5342,0.2587,4.07,1.7913,2.00,5261,4173.3,3.389,3.385
6518,train,3.0611,0.1279,9.94,2.3839,10.25,4166,4173.8,7.506,7.498
6519,train,4.0123,0.1050,11.58,3.5438,10.65,4792,4174.4,9.173,9.164
6520,train,3.5078,0.0433,9.90,3.0847,7.40,4574,4175.0,7.880,7.873
6521,train,3.6667,0.0902,8.59,3.2894,8.41,4657,4175.6,7.783,7.778
6522,train,2.5961,0.2671,7.56,2.0520,5.83,5683,4176.2,6.056,6.046
6523,train,2.7880,0.1899,6.74,2.3374,4.24,4887,4176.8,5.141,5.114
6524,train,2.3584,0.2566,4.00,2.0594,3.41,4595,4177.4,2.135,2.121
6525,train,2.4379,0.3900,4.02,1.7432,1.00,4739,4177.9,3.113,3.098
6526,train,2.7189,0.2316,6.16,2.3191,5.16,4219,4178.5,4.419,4.412
6527,train,3.3968,0.1486,7.58,3.3025,7.16,4609,4179.1,6.346,6.328
6528,train,3.2798,0.1616,6.96,2.7929,5.65,4993,4179.7,4.324,4.314
6529,train,2.5030,0.2246,4.72,2.1345,2.41,3709,4180.3,3.579,3.570
6530,train,3.4168,0.1263,8.85,3.2724,8.16,4275,4180.9,7.767,7.762
6531,train,2.7544,0.1734,5.35,2.1795,2.41,5311,4181.4,3.578,3.550
6532,train,2.7621,0.2155,4.75,2.3064,4.00,4585,4182.0,3.032,3.018
6533,train,3.0393,0.2804,5.14,2.8665,3.83,3887,4182.6,4.007,4.000
6534,train,2.5675,0.1885,5.46,2.0387,5.16,4404,4183.2,3.532,3.528
6535,train,3.2110,0.0777,10.05,2.6877,9.08,4365,4183.8,7.428,7.426
6536,train,3.0545,0.1752,6.78,2.3904,6.58,4212,4184.4,5.040,4.979
6537,train,3.2045,0.0847,8.84,3.0151,8.10,5148,4185.0,7.110,7.109
6538,train,2.8523,0.1046,5.89,2.5380,5.24,4234,4185.5,4.406,4.399
6539,train,3.3468,0.0756,10.67,2.6936,10.81,4710,4186.1,8.528,8.523
6540,train,2.4364,0.1832,4.74,2.0593,4.41,4704,4186.7,3.355,3.354
6541,train,3.0575,0.1107,5.66,2.8257,5.00,4407,4187.3,4.108,4.104
6542,train,2.6422,0.2109,4.92,2.2256,3.24,4779,4187.9,3.162,3.161
6543,train,3.8750,0.0346,8.48,3.4651,6.83,4362,4188.5,6.509,6.507
6544,train,2.6970,0.2045,5.57,2.3843,5.83,4752,4189.0,4.240,4.236
6545,train,4.1140,0.0938,13.80,4.2956,12.90,4925,4189.6,10.632,10.630
6546,train,3.3517,0.2643,8.46,3.1167,7.00,3542,4190.2,6.154,6.147
6547,train,2.9339,0.1071,6.21,2.7058,4.41,4704,4190.8,4.785,4.774
6548,train,4.6605,0.0940,10.43,4.5194,10.66,5703,4191.4,11.679,11.678
6549,train,2.6101,0.1304,5.28,2.3583,6.41,4133,4192.0,4.325,4.322
6550,train,3.5573,0.0799,8.01,3.2762,7.43,3918,4192.6,4.148,4.145
6551,train,3.7135,0.1243,7.98,3.2586,5.24,4415,4193.1,6.494,6.486
6552,train,2.8700,0.2234,5.91,2.3471,3.65,5000,4193.7,3.936,3.935
6553,train,2.9733,0.1842,7.73,2.5394,3.41,4740,4194.3,5.263,5.259
6554,train,3.0593,0.1235,8.78,2.3810,8.12,4558,4194.9,6.390,6.387
6555,train,3.5195,0.2076,8.55,3.1169,6.65,4582,4195.5,5.644,5.630
6556,train,3.3978,0.0581,10.22,3.1494,10.51,4716,4196.1,7.732,7.716
6557,train,2.8657,0.1197,5.41,2.1853,4.83,5136,4196.6,3.752,3.745
6558,train,3.3225,0.1684,7.51,2.8483,6.24,4092,4197.2,3.546,3.543
6559,train,2.0764,0.3862,3.45,1.4842,0.00,4464,4197.8,1.433,1.404
6560,train,3.0916,0.2423,9.65,2.4092,8.12,4672,4198.4,6.942,6.907
6561,train,2.5848,0.2851,4.94,2.2028,5.41,4641,4199.0,3.615,3.609
6562,train,2.4992,0.3002,4.36,2.0615,2.41,4024,4199.6,2.855,2.838
6563,train,2.6477,0.1927,5.27,2.3558,4.65,4519,4200.2,3.779,3.766
6564,train,3.5808,0.0615,13.72,3.0515,17.38,4588,4200.7,11.863,11.794
6565,train,3.0600,0.2475,7.64,2.6119,7.00,4182,4201.3,7.394,7.393
6566,train,2.3219,0.2369,4.10,1.8156,3.00,4504,4201.9,2.142,2.141
6567,train,3.2205,0.0518,7.21,2.6243,5.41,4115,4202.5,4.427,4.417
6568,train,2.6962,0.1753,4.70,2.2984,3.83,4467,4203.1,3.306,3.295
6569,train,2.9057,0.1630,6.54,2.4480,5.41,4902,4203.7,4.747,4.744
6570,train,2.4782,0.2036,5.49,2.0001,4.00,4161,4204.2,3.411,3.399
6571,train,2.6898,0.1434,6.60,2.3677,5.41,4845,4204.8,3.230,3.226
6572,train,3.2807,0.0826,7.68,2.6847,6.24,4841,4205.4,3.940,3.932
6573,train,3.4504,0.2193,5.81,2.9340,4.24,4250,4206.0,2.900,2.851
6574,train,3.9092,0.1568,7.00,3.6614,5.41,4880,4206.6,4.747,4.733
6575,train,2.8248,0.1858,5.45,2.3916,3.24,4333,4207.2,2.428,2.413
6576,train,2.8804,0.2076,6.56,2.3921,4.00,4735,4207.7,5.153,5.144
6577,train,2.1656,0.4133,3.65,1.7317,2.24,4229,4208.3,2.902,2.898
6578,train,3.2747,0.1728,6.23,2.9268,4.65,4758,4208.9,4.343,4.338
6579,train,2.9667,0.1622,7.32,2.2665,3.00,4896,4209.5,5.389,5.370
6580,train,2.8825,0.1537,6.87,2.3264,6.12,4763,4210.1,3.828,3.812
6581,train,3.2790,0.1128,7.24,2.8839,7.41,4227,4210.7,5.148,5.140
6582,train,3.4098,0.0705,12.77,2.9629,12.50,3973,4211.3,8.914,8.899
6583,train,3.1891,0.1603,6.15,2.8382,5.41,4922,4211.8,4.630,4.625
6584,train,2.7701,0.2782,4.91,2.3806,3.24,3968,4212.4,3.349,3.341
6585,train,2.7281,0.2741,8.86,2.0292,7.08,4564,4213.0,5.010,4.967
6586,train,3.6472,0.1411,8.41,3.3779,8.40,4322,4213.6,6.596,6.589
6587,train,2.1724,0.3440,3.70,1.5893,1.00,4646,4214.2,1.866,1.849
6588,train,2.3248,0.2464,4.14,1.8522,4.00,4082,4214.8,2.036,2.034
6589,train,3.2990,0.0531,8.90,2.9674,9.24,4728,4215.3,6.535,6.526
6590,train,2.8459,0.1581,5.23,2.3627,3.00,4990,4215.9,3.301,3.286
6591,train,3.1552,0.1032,6.50,2.6283,4.41,4469,4216.5,5.396,5.392
6592,train,3.1566,0.2034,6.10,3.2239,6.16,4174,4217.1,5.034,5.025
6593,train,2.7637,0.1484,5.95,2.5491,5.24,4467,4217.7,4.414,4.412
6594,train,2.5749,0.2420,7.54,2.1242,8.00,4446,4218.3,5.561,5.543
6595,train,3.2286,0.0869,6.94,2.8117,5.24,4812,4218.9,6.084,6.079
6596,train,3.8383,0.0332,13.16,3.5455,13.89,5640,4219.4,9.962,9.958
6597,train,4.1528,0.1252,11.05,3.6350,9.24,3914,4220.0,8.669,8.586
6598,train,2.2045,0.3554,3.61,1.9406,2.00,4398,4220.6,2.181,2.174
6599,train,2.7124,0.2582,5.03,2.1322,3.24,4245,4221.2,2.683,2.672
6600,train,2.4777,0.2530,4.72,1.9166,3.83,4229,4221.8,2.716,2.706
6601,train,2.5458,0.2717,5.50,2.0527,4.00,5428,4222.4,3.869,3.866
6602,train,3.1393,0.0376,6.23,2.7550,5.83,4844,4222.9,5.178,5.175
6603,train,2.9689,0.2053,5.76,3.0156,4.65,4188,4223.5,4.744,4.738
6604,train,2.8827,0.1391,6.90,2.3809,4.24,4501,4224.1,4.897,4.892
6605,train,4.1035,0.1088,9.22,4.0180,9.58,4696,4224.7,8.889,8.884
6606,train,3.2842,0.0599,7.30,2.9757,7.65,3922,4225.3,5.869,5.867
6607,train,2.6772,0.2415,5.45,2.1941,5.00,4546,4225.9,4.080,4.077
6608,train,2.3743,0.2903,4.23,1.5260,2.41,4612,4226.4,2.497,2.494
6609,train,3.2518,0.0799,5.88,2.9378,5.83,4003,4227.0,4.289,4.286
6610,train,2.9129,0.3031,5.22,2.3569,4.00,4968,4227.6,4.057,4.055
6611,train,2.5718,0.2366,4.79,1.9721,3.41,5301,4228.2,3.085,3.060
6612,train,2.8677,0.1955,6.02,2.4654,6.00,5024,4228.8,5.103,5.099
6613,train,4.3587,0.0835,12.08,3.8667,10.08,4876,4229.4,11.942,11.938
6614,train,3.5622,0.1315,6.22,2.8224,3.83,4389,4230.0,5.065,5.061
6615,train,3.7918,0.1140,10.15,3.2526,8.16,4911,4230.5,9.153,9.152
6616,train,2.9685,0.2762,7.97,2.6425,7.74,4302,4231.1,6.910,6.906
6617,train,2.2023,0.3101,4.07,1.6474,1.00,3899,4231.7,2.875,2.870
6618,train,3.0567,0.1657,5.50,2.5067,4.24,4894,4232.3,4.804,4.773
6619,train,3.4063,0.2202,9.95,3.2503,9.07,4377,4232.9,6.878,6.872
6620,train,2.4893,0.2276,4.56,2.1735,2.41,4275,4233.5,2.964,2.931
6621,train,3.1747,0.1333,7.66,2.7763,7.54,3991,4234.0,5.122,5.119
6622,train,2.8299,0.2229,6.34,2.5582,5.00,4217,4234.6,4.456,4.454
6623,train,2.7323,0.1651,5.20,2.8356,5.24,4354,4235.2,3.787,3.784
6624,train,3.3216,0.0517,8.58,3.0323,9.71,4258,4235.8,7.065,7.064
6625,train,2.4759,0.1908,4.92,2.2080,3.00,3721,4236.4,3.443,3.438
6626,train,3.1651,0.0815,7.04,2.7807,6.00,3583,4237.0,4.233,4.181
6627,train,3.9645,0.2010,10.31,3.4499,9.00,4164,4237.6,6.782,6.779
6628,train,3.5045,0.0893,8.51,3.1839,6.65,4947,4238.1,5.795,5.791
6629,train,2.4750,0.1678,4.27,2.3838,3.41,4064,4238.7,2.641,2.636
6630,train,2.7594,0.2005,5.17,2.4531,3.65,4749,4239.3,3.478,3.477
6631,train,2.5294,0.2464,4.44,2.2577,4.24,5166,4239.9,3.373,3.369
6632,train,3.4708,0.0888,7.12,2.9893,4.41,4236,4240.5,3.930,3.921
6633,train,3.2239,0.1214,6.57,2.5557,6.06,4606,4241.1,4.437,4.434
6634,train,2.6300,0.1519,5.35,1.9093,3.41,4167,4241.6,4.236,4.235
6635,train,2.7274,0.2290,5.92,2.1678,3.41,4568,4242.2,1.935,1.929
6636,train,2.9505,0.2737,7.68,2.4390,7.40,4395,4242.8,5.693,5.669
6637,train,2.6167,0.2192,5.25,1.6730,3.00,4672,4243.4,3.575,3.571
6638,train,2.8485,0.2674,5.00,2.3745,3.24,4801,4244.0,3.603,3.599
6639,train,3.4203,0.1176,12.12,2.8111,11.00,4685,4244.6,12.122,12.116
6640,train,3.1931,0.1737,7.36,2.5756,5.16,5056,4245.2,5.089,5.085
6641,train,2.2064,0.3315,3.54,1.6852,2.00,4660,4245.7,1.986,1.984
6642,train,2.5017,0.2262,5.57,1.9766,2.41,4037,4246.3,4.870,4.868
6643,train,3.0976,0.2128,6.67,2.5741,6.00,4784,4246.9,4.581,4.576
6644,train,4.4384,0.1222,13.79,4.0036,8.91,4451,4247.5,8.311,8.301
6645,train,2.5197,0.1814,4.36,2.1407,3.41,4129,4248.1,2.600,2.594
6646,train,2.7064,0.2499,4.83,2.2661,3.41,4982,4248.7,2.489,2.469
6647,train,3.6642,0.0683,7.84,3.6782,7.81,4175,4249.2,6.923,6.923
6648,train,2.8542,0.1804,7.30,2.6808,9.12,4274,4249.8,7.583,7.581
6649,train,2.9172,0.2349,6.29,2.2479,5.16,4556,4250.4,4.005,4.002
6650,train,2.7941,0.2202,5.59,2.4175,3.00,4079,4251.0,4.119,4.116
6651,train,2.8284,0.2561,6.79,2.7041,6.41,4725,4251.6,5.849,5.848
6652,train,2.6323,0.2683,4.66,2.0190,2.41,4584,4252.2,2.594,2.577
6653,train,2.8687,0.1368,5.55,2.3725,5.24,4423,4252.7,3.751,3.741
6654,train,2.7186,0.1650,4.82,2.4229,3.00,4195,4253.3,3.323,3.320
6655,train,2.4332,0.1794,4.77,2.0844,5.00,4098,4253.9,3.047,3.042
6656,train,4.1823,0.1257,9.30,3.6914,7.00,4878,4254.5,8.576,8.569
6657,train,3.0505,0.0534,9.45,2.6422,8.93,4344,4255.1,8.035,8.032
6658,train,2.5323,0.2077,8.21,1.5745,9.00,4223,4255.7,6.715,6.708
6659,train,1.8807,0.4828,3.17,1.1925,0.00,3981,4256.3,1.316,1.314
6660,train,3.0866,0.1936,5.63,2.8801,4.24,4075,4256.8,4.107,4.093
6661,train,2.4723,0.2446,4.65,2.2499,3.41,4363,4257.4,2.801,2.787
6662,train,2.9866,0.2494,6.89,2.3052,4.47,4623,4258.0,4.712,4.681
6663,train,4.6008,0.1000,13.76,4.2740,10.57,4712,4258.6,10.153,10.152
6664,train,2.4287,0.2535,4.66,1.8545,2.00,4272,4259.2,2.775,2.765
6665,train,3.9257,0.0430,11.42,3.3610,9.54,4679,4259.8,8.181,8.177
6666,train,3.7431,0.0984,9.59,3.0954,9.00,4350,4260.3,8.479,8.475
6667,train,2.6701,0.1906,6.16,2.1596,4.00,4429,4260.9,5.737,5.731
6668,train,4.2912,0.0604,9.57,3.7479,7.95,5117,4261.5,8.163,8.163
6669,train,2.4327,0.2279,5.79,1.7766,4.00,4713,4262.1,3.815,3.809
6670,train,2.1605,0.2880,3.86,1.6906,3.00,4754,4262.7,2.157,2.154
6671,train,3.1442,0.1986,6.78,2.8505,7.36,4622,4263.3,4.682,4.681
6672,train,2.5402,0.2454,5.09,2.1057,3.00,4471,4263.9,3.844,3.840
6673,train,4.8709,0.0775,15.79,4.4942,15.08,3987,4264.4,16.004,16.003
6674,train,3.9142,0.0840,18.34,3.3412,15.63,4511,4265.0,13.062,13.049
6675,train,2.6555,0.2528,4.16,2.3301,3.83,4538,4265.6,2.688,2.680
6676,train,2.8886,0.1489,6.70,2.5222,7.47,4910,4266.2,4.874,4.858
6677,train,2.9506,0.1771,5.53,2.2338,3.00,4980,4266.8,3.841,3.835
6678,train,3.3301,0.1412,8.18,2.8813,3.41,5064,4267.4,6.903,6.900
6679,train,3.1386,0.1527,7.68,2.8543,6.65,4440,4267.9,6.465,6.461
6680,train,3.5559,0.1227,6.79,3.6430,7.16,4807,4268.5,5.352,5.326
6681,train,2.9099,0.1056,5.55,2.6514,4.41,4288,4269.1,4.349,4.347
6682,train,3.0849,0.0490,11.31,2.9357,12.61,3815,4269.7,8.699,8.696
6683,train,3.1324,0.0995,7.16,2.5518,5.65,3949,4270.3,5.254,5.251
6684,train,3.0845,0.1329,5.91,2.6943,4.24,4712,4270.9,4.069,4.061
6685,train,3.7018,0.0962,8.29,3.5003,8.89,5001,4271.4,6.665,6.663
6686,train,2.6781,0.2381,5.28,2.3113,4.24,4573,4272.0,2.429,2.415
6687,train,2.4957,0.2932,4.38,1.9340,3.00,4181,4272.6,2.605,2.585
6688,train,3.2496,0.0263,6.89,3.0018,6.65,4675,4273.2,4.957,4.953
6689,train,4.4338,0.0238,11.37,4.3852,10.68,4488,4273.8,9.048,9.044
6690,train,3.1460,0.1722,9.63,2.5228,7.00,4885,4274.4,6.313,6.306
6691,train,2.8510,0.1786,6.25,2.3545,5.65,4430,4275.0,4.784,4.781
6692,train,2.3893,0.3226,4.30,2.0811,4.00,4364,4275.5,2.570,2.564
6693,train,3.6781,0.0824,9.99,3.0786,9.16,5099,4276.1,3.779,3.756
6694,train,3.0557,0.1472,6.79,2.4516,4.65,4761,4276.7,4.205,4.192
6695,train,2.6071,0.1199,5.03,2.3732,4.24,5269,4277.3,4.117,4.116
6696,train,3.4621,0.1369,11.95,3.0508,9.25,4748,4277.9,7.517,7.514
6697,train,2.8924,0.0885,6.15,2.6214,5.24,3933,4278.5,4.873,4.870
6698,train,3.5641,0.2005,7.78,3.2213,7.29,4848,4279.0,5.596,5.559
6699,train,3.6461,0.0655,7.18,3.1599,6.66,4705,4279.6,4.985,4.983
6700,train,4.5129,0.0439,12.46,4.2176,12.07,3824,4280.2,11.277,11.275
6701,train,3.8596,0.1391,8.51,3.4621,7.32,4736,4280.8,6.300,6.296
6702,train,2.3735,0.2087,4.59,2.2403,4.24,4115,4281.4,2.157,2.143
6703,train,2.7542,0.1706,5.64,2.4133,5.58,4858,4282.0,3.905,3.888
6704,train,2.3103,0.3215,3.86,1.9261,1.00,4526,4282.6,2.212,2.208
6705,train,2.1898,0.4060,5.76,1.8806,2.00,4291,4283.1,4.292,4.266
6706,train,2.9784,0.1982,5.39,2.4740,4.24,4814,4283.7,3.308,3.306
6707,train,2.5168,0.2149,4.57,2.3787,2.00,4006,4284.3,2.075,2.055
6708,train,3.0831,0.1041,7.11,2.7877,4.00,4440,4284.9,4.463,4.448
6709,train,2.6735,0.2660,8.05,2.2393,8.49,4113,4285.5,6.767,6.732
6710,train,2.9005,0.1016,6.56,2.4596,6.24,4282,4286.1,5.398,5.376
6711,train,2.2748,0.3083,3.88,2.0565,2.41,4428,4286.6,2.295,2.283
6712,train,2.7830,0.1820,6.09,2.3996,7.51,4939,4287.2,4.230,4.226
6713,train,2.9873,0.1893,8.11,2.3371,6.00,4880,4287.8,5.705,5.699
6714,train,2.8555,0.0967,5.61,2.3521,5.41,4561,4288.4,3.924,3.918
6715,train,3.7299,0.0591,9.73,3.4491,10.77,5615,4289.0,7.103,7.084
6716,train,2.8460,0.2098,5.07,2.4818,4.65,4261,4289.6,3.478,3.476
6717,train,3.4933,0.0944,10.58,3.0575,10.83,4546,4290.2,7.539,7.535
6718,train,3.1259,0.1784,7.88,2.5792,2.41,4535,4290.7,7.078,7.076
6719,train,3.2825,0.1884,10.90,2.7858,10.25,3800,4291.3,9.420,9.416
6720,train,3.1812,0.1443,7.59,2.9589,7.36,4594,4291.9,4.870,4.857
6721,train,2.8938,0.1792,7.13,2.5306,5.40,4346,4292.5,5.514,5.508
6722,train,3.9638,0.0236,16.13,3.6667,15.29,3895,4293.1,15.466,15.462
6723,train,3.3609,0.0204,8.84,2.9019,7.24,5301,4293.7,7.285,7.281
6724,train,3.8656,0.0210,10.06,3.4892,9.16,5583,4294.2,7.738,7.737
6725,train,2.9411,0.2962,4.50,2.8446,3.83,4548,4294.8,2.902,2.900
6726,train,2.6053,0.2611,6.24,2.2021,7.50,4653,4295.4,4.522,4.498
6727,train,2.0117,0.3268,4.00,1.6722,3.00,4284,4296.0,2.201,2.196
6728,train,3.6795,0.0670,9.41,3.2841,8.51,4301,4296.6,8.024,8.021
6729,train,2.9265,0.1904,8.24,2.5994,5.00,3735,4297.2,7.092,7.086
6730,train,3.4574,0.0915,8.73,3.1411,8.36,4633,4297.7,6.950,6.947
6731,train,3.4696,0.2032,8.20,3.0390,6.10,4080,4298.3,5.961,5.944
6732,train,3.6978,0.0303,10.30,3.1019,10.63,4255,4298.9,8.316,8.314
6733,train,2.5162,0.2407,4.70,2.3305,3.24,4367,4299.5,3.691,3.689
6734,train,3.1870,0.1411,9.92,2.5761,10.83,4239,4300.1,8.229,8.222
6735,train,2.5483,0.2944,4.79,2.2188,2.83,4966,4300.7,2.108,2.078
6736,train,3.4963,0.0520,13.53,2.8754,11.62,4864,4301.3,10.347,10.344
6737,train,3.1030,0.1778,7.16,2.3900,6.41,4674,4301.8,6.602,6.599
6738,train,2.5393,0.2695,4.83,1.9572,3.00,4790,4302.4,3.078,3.066
6739,train,3.3113,0.1939,11.41,2.8187,9.83,4255,4303.0,8.321,8.319
6740,train,4.0954,0.0361,12.47,3.5260,11.32,4239,4303.6,9.410,9.409
6741,train,2.7930,0.1835,4.69,2.7281,4.00,4670,4304.2,3.242,3.231
6742,train,2.7806,0.2694,7.09,2.1222,5.54,4168,4304.8,5.309,5.306
6743,train,2.8564,0.3382,5.60,2.3655,3.00,5000,4305.3,4.434,4.433
6744,train,3.5374,0.1106,8.08,3.4735,8.65,3896,4305.9,7.577,7.574
6745,train,2.4352,0.2020,4.41,1.8449,3.00,4347,4306.5,2.715,2.710
6746,train,2.6359,0.2148,4.52,2.3702,3.00,4186,4307.1,2.723,2.723
6747,train,4.3690,0.0853,12.45,3.7925,11.00,4946,4307.7,9.781,9.773
6748,train,2.6717,0.1806,4.63,2.3977,3.41,4940,4308.3,2.630,2.618
6749,train,4.2270,0.0244,11.90,3.6993,9.66,4928,4308.9,9.961,9.953
6750,train,2.9444,0.1323,6.29,2.3552,6.41,4905,4309.4,4.990,4.980
6751,train,2.7124,0.1878,4.56,2.5985,4.41,3834,4310.0,3.534,3.533
6752,train,2.8111,0.2081,6.31,2.2691,6.00,4643,4310.6,4.262,4.260
6753,train,2.8501,0.2321,5.46,2.4957,4.65,4753,4311.2,3.974,3.970
6754,train,2.8776,0.1788,5.13,2.6119,3.00,4346,4311.8,3.747,3.735
6755,train,3.7133,0.0449,7.43,3.3597,6.65,5387,4312.4,5.205,5.202
6756,train,2.2107,0.3085,4.22,1.6761,2.00,4055,4312.9,3.069,3.055
6757,train,2.9044,0.1971,5.32,2.5362,5.83,4429,4313.5,3.259,3.242
6758,train,2.6273,0.1960,5.92,2.0857,4.00,4433,4314.1,2.893,2.872
6759,train,2.4771,0.2135,4.41,2.0880,3.41,5072,4314.7,2.917,2.905
6760,train,2.9845,0.1656,9.12,2.4421,10.00,4475,4315.3,8.234,8.232
6761,train,4.0743,0.0150,14.37,3.9211,12.77,4461,4315.9,13.016,13.015
6762,train,2.8758,0.2278,5.95,2.7009,4.41,4610,4316.5,4.842,4.833
6763,train,2.9675,0.2526,8.15,2.6007,7.41,4580,4317.0,5.349,5.347
6764,train,3.8886,0.1100,10.80,3.6713,12.06,5045,4317.6,10.151,10.134
6765,train,3.0770,0.1641,7.10,2.6851,5.24,4534,4318.2,4.392,4.378
6766,train,2.9479,0.1324,5.23,2.4654,3.83,5084,4318.8,3.944,3.942
6767,train,2.9117,0.2109,6.18,2.6549,6.00,3892,4319.4,4.369,4.354
6768,train,2.9979,0.3192,4.59,2.2390,2.83,4020,4320.0,3.522,3.518
6769,train,2.7839,0.0882,5.40,2.4645,5.00,4136,4320.5,3.899,3.895
6770,train,3.2785,0.0647,7.27,2.8574,7.12,4604,4321.1,5.777,5.772
6771,train,3.1303,0.1844,6.85,2.5942,5.83,4610,4321.7,3.713,3.706
6772,train,2.8142,0.2594,5.83,2.1236,3.00,4826,4322.3,4.913,4.891
6773,train,3.2333,0.1452,7.01,2.7904,6.40,4572,4322.9,4.644,4.641
6774,train,3.0355,0.1458,7.90,2.5566,6.54,5631,4323.5,4.589,4.582
6775,train,3.4804,0.1671,9.91,2.9837,6.48,5553,4324.1,6.988,6.956
6776,train,2.6289,0.2723,5.20,1.8582,1.00,4510,4324.6,3.121,3.120
6777,train,2.6678,0.2223,5.04,2.1620,4.24,4354,4325.2,2.821,2.807
6778,train,2.3061,0.2615,3.95,1.9339,2.00,4050,4325.8,2.889,2.884
6779,train,2.7552,0.2092,5.52,2.4706,5.24,4910,4326.4,4.095,4.071
6780,train,4.9797,0.0454,16.50,4.6620,18.02,4777,4327.0,14.428,14.428
6781,train,2.8874,0.1897,8.20,2.2188,2.24,5149,4327.6,7.152,7.150
6782,train,2.4773,0.3499,4.41,2.0128,3.65,4379,4328.1,2.794,2.792
6783,train,2.4537,0.2341,5.00,1.9409,3.41,4071,4328.7,2.862,2.852
6784,train,2.0499,0.3965,3.41,1.6333,2.00,4906,4329.3,1.764,1.748
6785,train,2.1971,0.3361,3.82,1.6808,2.00,4588,4329.9,2.253,2.240
6786,train,2.8266,0.2092,7.03,2.5321,6.16,4719,4330.5,5.187,5.186
6787,train,3.3671,0.0757,7.37,3.1785,6.58,4189,4331.1,6.122,6.118
6788,train,2.7896,0.2968,4.95,2.0769,1.41,4154,4331.7,2.957,2.941
6789,train,2.6496,0.2760,4.76,1.7858,2.00,4550,4332.2,2.280,2.251
6790,train,3.4570,0.1102,7.95,3.0657,6.06,4937,4332.8,6.103,6.101
6791,train,3.1484,0.3022,9.66,2.5954,7.00,4884,4333.4,6.536,6.527
6792,train,3.0682,0.1449,6.50,2.4602,4.24,4514,4334.0,3.095,3.077
6793,train,3.4762,0.0557,7.00,3.2791,6.47,4775,4334.6,6.386,6.383
6794,train,3.6165,0.1451,6.16,3.1562,4.65,4515,4335.2,5.877,5.874
6795,train,2.9855,0.1578,5.19,2.6423,3.83,5043,4335.8,3.444,3.438
6796,train,2.7944,0.2116,5.55,2.2093,3.41,4187,4336.3,4.439,4.423
6797,train,4.0707,0.1100,11.00,3.6452,10.63,4589,4336.9,8.956,8.950
6798,train,2.8635,0.2327,9.34,2.1038,8.07,4431,4337.5,7.457,7.454
6799,train,2.8144,0.1944,5.87,2.5533,5.16,3837,4338.1,4.853,4.845
6800,train,3.1342,0.3050,5.32,2.5031,4.00,5108,4338.7,3.547,3.545
6801,train,3.1456,0.1976,5.59,2.8923,3.83,4550,4339.3,4.601,4.593
6802,train,3.2071,0.1894,9.18,2.9285,8.00,3907,4339.8,7.792,7.790
6803,train,2.7411,0.1458,5.14,2.2712,4.00,4534,4340.4,3.547,3.542
6804,train,2.8105,0.1539,5.09,2.0754,4.41,4197,4341.0,3.775,3.774
6805,train,2.5662,0.1984,5.05,2.1547,3.41,4722,4341.6,3.106,3.101
6806,train,3.2548,0.1646,7.05,3.0651,6.47,4442,4342.2,5.277,5.262
6807,train,3.6382,0.1120,12.04,3.4489,11.48,5090,4342.8,10.231,10.229
6808,train,3.3188,0.2355,10.54,2.7177,6.08,4744,4343.3,7.210,7.194
6809,train,3.2935,0.0853,10.81,2.8283,9.83,4794,4343.9,9.217,9.215
6810,train,2.7820,0.1979,5.51,2.3668,2.00,5443,4344.5,3.871,3.862
6811,train,3.2440,0.1003,10.01,3.0445,10.08,4405,4345.1,7.903,7.902
6812,train,2.8708,0.1886,5.69,2.4305,3.83,4109,4345.7,4.238,4.214
6813,train,2.7483,0.2359,5.50,2.4391,4.41,4595,4346.3,3.646,3.633
6814,train,2.9138,0.1219,5.72,2.4403,4.65,5610,4346.9,3.998,3.988
6815,train,2.2194,0.3747,3.50,1.5802,2.00,4692,4347.4,2.011,2.001
6816,train,3.3066,0.0912,7.83,3.3531,7.06,4332,4348.0,6.317,6.283
6817,train,3.1210,0.1236,6.45,2.8420,4.65,4538,4348.6,4.259,4.249
6818,train,3.0234,0.1375,6.05,2.4128,4.65,4253,4349.2,5.242,5.239
6819,train,2.4322,0.2686,4.16,2.2888,4.00,4169,4349.8,2.334,2.330
6820,train,4.2219,0.1593,10.13,3.3985,6.41,4740,4350.4,7.856,7.855
6821,train,2.7090,0.1765,5.48,2.2617,3.41,4351,4350.9,3.229,3.226
6822,train,2.5692,0.1527,4.84,2.1216,4.00,4507,4351.5,3.241,3.224
6823,train,3.8577,0.0912,9.38,3.3068,7.06,4443,4352.1,6.340,6.337
6824,train,2.7612,0.1943,4.94,2.2736,2.00,5189,4352.7,3.323,3.318
6825,train,2.1034,0.3621,3.93,1.3894,2.00,4524,4353.3,2.368,2.356
6826,train,3.4533,0.1299,8.11,2.9540,5.00,4965,4353.9,5.939,5.927
6827,train,4.0017,0.0457,8.64,3.6076,8.26,5115,4354.5,8.266,8.261
6828,train,3.5558,0.1404,9.85,2.9892,8.12,4372,4355.0,8.277,8.276
6829,train,3.1958,0.1319,6.37,2.8344,5.58,4944,4355.6,4.341,4.338
6830,train,2.2445,0.2254,4.29,1.5614,2.00,3961,4356.2,2.454,2.451
6831,train,2.8683,0.0844,5.68,2.4454,4.83,4505,4356.8,4.491,4.489
6832,train,3.1319,0.1935,5.76,2.9266,5.41,4228,4357.4,5.003,5.001
6833,train,3.7940,0.0445,18.81,3.2767,17.61,4427,4358.0,15.834,15.832
6834,train,1.8893,0.4428,3.14,1.0213,1.00,4779,4358.6,1.964,1.956
6835,train,3.1117,0.2689,10.32,2.2783,7.32,5087,4359.1,7.541,7.537
6836,train,3.4204,0.1271,6.66,2.9569,6.16,4925,4359.7,3.828,3.717
6837,train,3.1255,0.1567,7.22,2.8081,3.00,4065,4360.3,4.523,4.514
6838,train,2.5546,0.2432,4.84,2.1966,4.24,4256,4360.9,2.999,2.987
6839,train,2.3228,0.3612,4.83,1.8958,4.00,4778,4361.5,3.025,3.021
6840,train,3.2232,0.0950,7.31,2.9162,7.00,5190,4362.1,6.583,6.577
6841,train,2.7530,0.1272,6.92,2.2317,5.83,4190,4362.6,5.161,5.148
6842,train,3.7572,0.1185,9.18,3.2806,7.47,4488,4363.2,5.879,5.872
6843,train,3.0840,0.2665,13.73,2.5907,10.21,4334,4363.8,10.404,10.396
6844,train,2.2776,0.3280,3.81,1.6967,2.41,3722,4364.4,2.269,2.266
6845,train,1.9391,0.4326,3.20,1.2145,0.00,4295,4365.0,1.732,1.713
6846,train,3.5503,0.1990,11.63,2.9786,11.24,4246,4365.6,9.953,9.932
6847,train,2.5341,0.2865,8.46,1.8985,5.10,4153,4366.1,5.548,5.527
6848,train,3.3766,0.1843,9.81,2.9794,6.16,3819,4366.7,7.539,7.537
6849,train,4.3986,0.0759,15.90,4.1120,16.24,4688,4367.3,13.681,13.679
6850,train,2.7769,0.1893,8.04,2.2195,10.41,4649,4367.9,7.578,7.573
6851,train,3.8589,0.0206,10.74,3.5659,9.54,5252,4368.5,7.913,7.908
6852,train,2.9078,0.1491,5.54,2.4540,3.83,4581,4369.1,2.083,2.049
6853,train,2.8387,0.1496,6.76,2.2968,6.40,4900,4369.7,4.652,4.643
6854,train,3.2431,0.1749,5.95,3.2294,5.24,4545,4370.2,4.847,4.833
6855,train,2.7096,0.1965,7.24,2.2331,5.00,5322,4370.8,4.860,4.648
6856,train,2.6722,0.3006,6.21,2.1345,5.00,4597,4371.4,3.162,3.155
6857,train,3.2589,0.1328,11.03,2.6651,8.08,4346,4372.0,9.031,9.029
6858,train,2.7604,0.2367,6.00,2.4193,5.16,4597,4372.6,4.113,4.074
6859,train,2.3442,0.2133,4.23,1.9409,2.41,4763,4373.2,2.276,2.254
6860,train,4.1153,0.0555,10.42,3.8567,9.30,3999,4373.7,8.884,8.881
6861,train,3.4926,0.0459,14.79,3.0824,16.48,4335,4374.3,11.921,11.908
6862,train,4.0385,0.1273,10.13,3.5541,8.25,4833,4374.9,8.003,7.990
6863,train,4.1561,0.0127,13.77,3.8792,14.36,5181,4375.5,11.786,11.784
6864,train,2.9285,0.2762,6.16,2.5313,4.24,4775,4376.1,5.824,5.803
6865,train,3.7000,0.1148,7.23,3.2626,5.24,3825,4376.7,5.420,5.411
6866,train,4.2546,0.0598,15.55,3.7962,17.02,4128,4377.3,12.584,12.582
6867,train,3.1106,0.1435,8.97,2.7670,9.83,4940,4377.8,7.510,7.505
6868,train,2.5029,0.2330,4.64,1.9717,3.41,5158,4378.4,3.462,3.454
6869,train,2.9467,0.2006,5.69,2.5196,4.41,4411,4379.0,4.813,4.807
6870,train,2.3070,0.2959,4.14,1.7662,3.41,4795,4379.6,2.344,2.341
6871,train,2.8073,0.1786,5.21,2.4308,4.41,4990,4380.2,3.633,3.630
6872,train,2.6981,0.1455,4.84,2.3341,4.41,4700,4380.8,3.558,3.521
6873,train,4.0514,0.1066,12.27,3.8040,10.25,5254,4381.4,9.171,9.157
6874,train,3.6150,0.0478,8.98,3.4471,9.24,5083,4381.9,6.917,6.903
6875,train,3.1960,0.1400,6.83,2.7989,4.41,4828,4382.5,5.242,5.224
6876,train,3.0829,0.1444,9.51,2.7281,9.69,5693,4383.1,7.580,7.569
6877,train,3.7095,0.0743,15.07,3.4193,13.00,4686,4383.7,10.698,10.695
6878,train,3.0087,0.1137,10.05,2.6179,8.50,5128,4384.3,7.338,7.315
6879,train,3.0284,0.1272,5.23,2.5977,4.00,4558,4384.9,3.458,3.456
6880,train,3.3124,0.0433,7.60,3.0858,6.66,4271,4385.4,5.860,5.856
6881,train,2.6952,0.2528,4.09,2.4651,3.41,4331,4386.0,2.676,2.664
6882,train,3.6006,0.0275,8.12,3.3449,7.83,4683,4386.6,6.019,6.017
6883,train,3.9601,0.0422,10.06,3.4809,11.00,4079,4387.2,8.871,8.869
6884,train,2.7086,0.2391,7.64,2.2754,4.41,4233,4387.8,5.462,5.450
6885,train,2.5734,0.2324,4.52,2.4459,4.65,4462,4388.4,2.562,2.555
6886,train,2.3866,0.2376,4.51,1.9506,3.41,4041,4389.0,2.248,2.232
6887,train,4.4574,0.0088,11.36,4.1947,10.56,4893,4389.5,9.928,9.915
6888,train,3.5089,0.0696,8.25,3.3316,10.96,4355,4390.1,6.034,6.031
6889,train,4.2019,0.1924,9.51,3.6057,7.10,4881,4390.7,8.364,8.357
6890,train,2.4340,0.2764,4.52,2.1138,3.00,4077,4391.3,2.819,2.798
6891,train,3.4470,0.0986,12.13,2.9017,10.06,5201,4391.9,9.004,8.999
6892,train,2.7035,0.1588,6.13,1.8914,3.00,4263,4392.5,2.964,2.926
6893,train,2.4363,0.2599,4.17,2.0083,2.00,5218,4393.0,2.790,2.762
6894,train,3.0174,0.1601,7.51,2.8352,7.77,4084,4393.6,5.053,5.049
6895,train,3.0045,0.2258,9.81,2.8543,7.00,4450,4394.2,7.642,7.599
6896,train,3.0693,0.1828,8.57,2.5164,8.24,4935,4394.8,6.409,6.402
6897,train,3.4117,0.0944,7.88,3.0477,7.40,4553,4395.4,5.948,5.941
6898,train,3.3483,0.1466,7.93,2.9384,6.84,4653,4396.0,6.338,6.335
6899,train,2.6790,0.1345,5.98,2.3146,5.24,4260,4396.6,4.157,4.154
6900,train,3.3867,0.0858,7.58,2.9701,6.24,4614,4397.1,3.269,3.230
6901,train,2.2820,0.2593,4.75,1.6037,3.00,4212,4397.7,3.460,3.443
6902,train,3.3781,0.0459,6.80,3.3948,5.83,4923,4398.3,4.764,4.758
6903,train,2.3562,0.3075,4.22,1.7198,2.00,4650,4398.9,2.404,2.387
6904,train,3.4767,0.0791,7.18,3.1976,7.16,4667,4399.5,5.180,5.163
6905,train,3.7140,0.0810,8.65,3.4804,8.40,4384,4400.1,5.387,5.382
6906,train,2.6395,0.1167,4.93,2.2558,4.00,4072,4400.6,3.276,3.263
6907,train,2.5150,0.2318,4.49,1.8578,2.41,4586,4401.2,3.036,3.030
6908,train,2.3697,0.2264,4.16,1.8583,3.00,3653,4401.8,3.156,3.152
6909,train,2.8736,0.1128,7.11,2.5532,7.83,4716,4402.4,5.270,5.264
6910,train,2.8952,0.1735,6.25,2.4146,5.00,4921,4403.0,5.404,5.395
6911,train,2.8755,0.1887,5.75,2.2973,5.24,4250,4403.6,4.141,4.137
6912,train,2.9915,0.1568,8.75,2.7978,9.24,4623,4404.2,7.838,7.814
6913,train,2.5513,0.1876,4.78,2.0655,4.41,5112,4404.7,3.008,2.993
6914,train,2.9261,0.3381,5.13,2.1268,3.24,4363,4405.3,3.583,3.578
6915,train,3.0692,0.0648,7.01,2.6339,5.65,4842,4405.9,5.686,5.678
6916,train,2.3455,0.2013,4.63,2.0313,3.41,4312,4406.5,3.010,3.001
6917,train,2.8184,0.2384,5.27,2.3750,3.41,4879,4407.1,3.152,3.145
6918,train,3.1984,0.1034,6.54,2.9920,3.83,3790,4407.7,5.518,5.507
6919,train,3.3969,0.0479,10.91,3.0766,10.73,4818,4408.2,8.516,8.516
6920,train,3.4687,0.0851,7.91,3.0551,6.24,4253,4408.8,6.183,6.169
6921,train,2.8569,0.3150,7.96,2.4130,5.83,4956,4409.4,7.432,7.425
6922,train,2.4268,0.2235,4.36,1.8252,3.00,4335,4410.0,2.511,2.493
6923,train,3.3055,0.1048,7.72,2.8678,4.61,4905,4410.6,6.523,6.518
6924,train,4.5448,0.0620,10.48,4.3595,8.71,4503,4411.2,6.617,6.570
6925,train,3.7629,0.0535,11.07,3.3321,8.80,4355,4411.8,9.381,9.373
6926,train,2.4953,0.2004,4.86,1.7856,3.41,4216,4412.3,3.276,3.271
6927,train,3.0371,0.1429,6.21,2.9010,5.65,4550,4412.9,4.426,4.424
6928,train,2.5482,0.2050,4.69,2.0470,3.41,4615,4413.5,3.529,3.513
6929,train,3.4631,0.1287,7.11,2.7485,5.41,4429,4414.1,5.758,5.754
6930,train,2.7906,0.1994,4.52,2.4268,3.00,4708,4414.7,3.015,3.012
6931,train,4.3029,0.0202,12.83,4.0341,13.38,4153,4415.3,11.524,11.522
6932,train,3.1449,0.0586,6.27,2.6592,5.00,4553,4415.8,4.042,4.031
6933,train,3.5587,0.1304,9.14,3.5551,9.34,4002,4416.4,8.060,8.054
6934,train,3.0651,0.2589,7.55,2.5616,6.39,4859,4417.0,4.293,4.257
6935,train,2.9964,0.1276,6.54,2.7497,6.58,4468,4417.6,4.855,4.855
6936,train,3.5797,0.0507,11.99,3.4504,13.25,4042,4418.2,12.112,12.111
6937,train,3.4288,0.1461,7.36,3.2901,7.83,4436,4418.8,5.832,5.830
6938,train,2.7464,0.1112,5.40,2.4487,4.41,4795,4419.3,3.520,3.513
6939,train,2.3453,0.3075,3.96,2.0901,2.41,4650,4419.9,2.622,2.615
6940,train,3.2152,0.0540,7.18,2.9463,6.00,4745,4420.5,4.948,4.946
6941,train,3.2406,0.2608,5.83,2.7032,2.00,4575,4421.1,4.891,4.885
6942,train,2.6887,0.1792,4.68,2.2487,4.41,4097,4421.7,3.008,3.002
6943,train,2.2613,0.1804,4.37,1.8533,4.83,5045,4422.3,2.591,2.580
6944,train,3.0634,0.2625,11.34,2.6721,9.00,4723,4422.9,7.966,7.953
6945,train,2.9325,0.1471,5.97,2.3819,4.83,4270,4423.4,3.645,3.642
6946,train,3.2019,0.1087,7.59,2.7823,4.00,4988,4424.0,7.007,6.998
6947,train,3.1753,0.2530,5.34,2.6323,3.00,4901,4424.6,3.578,3.572
6948,train,2.3847,0.2604,4.04,2.1672,3.41,4271,4425.2,2.237,2.232
6949,train,2.3580,0.3015,4.00,1.9897,3.00,4875,4425.8,2.167,2.157
6950,train,1.9897,0.4089,4.02,1.4360,2.41,3908,4426.4,3.194,3.176
6951,train,2.5225,0.2752,4.19,2.0383,2.41,4673,4426.9,2.924,2.907
6952,train,4.3299,0.0193,13.85,3.8895,12.49,4817,4427.5,8.868,8.867
6953,train,2.4786,0.2018,4.82,2.2605,4.24,4723,4428.1,3.565,3.562
6954,train,2.4180,0.2855,4.19,2.0186,2.00,4098,4428.7,2.544,2.544
6955,train,2.5413,0.3037,5.22,2.2432,3.00,4804,4429.3,3.411,3.401
6956,train,3.6934,0.1168,12.01,3.1237,8.24,4522,4429.9,8.888,8.851
6957,train,3.3528,0.1431,6.17,2.8609,4.41,4409,4430.4,4.628,4.624
6958,train,2.8833,0.2043,7.50,2.4586,7.00,4470,4431.0,5.141,5.139
6959,train,2.6171,0.1729,5.65,2.1049,5.00,4759,4431.6,3.979,3.977
6960,train,3.0508,0.1028,5.63,2.7581,5.65,5497,4432.2,3.973,3.966
6961,train,3.2703,0.1702,8.45,2.9350,7.80,4430,4432.8,6.588,6.579
6962,train,2.8041,0.2031,5.57,2.2467,4.00,4451,4433.4,4.765,4.756
6963,train,4.4707,0.0446,12.49,4.1659,11.54,4486,4434.0,10.721,10.719
6964,train,2.8766,0.1666,9.61,2.4094,9.41,4951,4434.5,8.233,8.211
6965,train,2.7273,0.2360,4.88,2.3302,3.41,4331,4435.1,3.130,3.122
6966,train,3.7919,0.1139,10.04,3.2152,6.89,5020,4435.7,7.510,7.507
6967,train,3.7084,0.0604,13.93,3.5025,18.48,4450,4436.3,12.136,12.132
6968,train,3.0676,0.1835,8.47,3.2323,8.08,4664,4436.9,7.001,6.985
6969,train,4.3181,0.1202,8.04,4.2377,6.48,4733,4437.5,7.686,7.683
6970,train,2.5538,0.1764,4.92,2.0661,3.41,4734,4438.0,2.769,2.764
6971,train,2.7293,0.2247,8.53,2.5628,9.99,4299,4438.6,8.493,8.486
6972,train,3.6078,0.1297,13.27,3.0998,10.60,4457,4439.2,10.284,10.279
6973,train,2.5903,0.1941,4.74,2.3113,3.83,5112,4439.8,2.499,2.460
6974,train,2.1436,0.2185,4.28,1.5832,3.41,4509,4440.4,2.186,2.182
6975,train,3.6604,0.2716,7.58,3.2174,7.00,3796,4441.0,6.139,6.134
6976,train,2.5443,0.2244,4.50,2.5088,3.41,4897,4441.5,2.125,2.119
6977,train,2.4603,0.2753,4.24,1.4777,2.41,3912,4442.1,2.944,2.942
6978,train,3.3994,0.1463,7.84,3.0030,7.24,4231,4442.7,6.680,6.680
6979,train,2.3543,0.1791,5.04,2.3048,4.41,4244,4443.3,3.997,3.980
6980,train,3.3515,0.1803,12.18,2.7251,10.40,4704,4443.9,8.675,8.667
6981,train,2.9094,0.0778,6.15,2.5327,5.65,4549,4444.5,4.166,4.140
6982,train,3.9844,0.1476,12.11,3.3051,10.81,4308,4445.1,10.304,10.297
6983,train,2.7934,0.1259,6.50,2.2894,6.16,4440,4445.6,4.861,4.837
6984,train,3.2324,0.0610,8.24,2.8088,6.41,4705,4446.2,4.811,4.780
6985,train,3.1220,0.1854,6.36,2.5600,4.65,4449,4446.8,3.500,3.194
6986,train,2.8774,0.1062,6.26,2.4939,5.24,4258,4447.4,4.687,4.686
6987,train,2.7081,0.1020,5.52,2.2514,5.41,4136,4448.0,4.251,4.243
6988,train,2.4602,0.1983,4.87,1.7682,3.00,4593,4448.6,2.966,2.957
6989,train,3.0340,0.1527,8.52,2.6365,7.41,4407,4449.1,6.946,6.940
6990,train,2.9988,0.0905,7.24,2.3256,6.83,4718,4449.7,4.718,4.635
6991,train,3.3823,0.0840,7.13,2.8890,6.16,4739,4450.3,5.485,5.480
6992,train,3.9585,0.0926,17.34,3.4093,16.24,4613,4450.9,14.510,14.498
6993,train,3.5592,0.0857,12.93,3.0543,11.16,5250,4451.5,10.218,10.215
6994,train,2.7303,0.2134,6.51,2.3291,5.12,3973,4452.1,5.409,5.402
6995,train,3.5220,0.0975,6.91,3.3864,4.41,3998,4452.6,5.600,5.599
6996,train,1.9029,0.3957,3.50,1.4849,2.00,4051,4453.2,1.745,1.743
6997,train,2.4617,0.1947,4.80,1.9364,3.00,4936,4453.8,3.365,3.364
6998,train,2.9455,0.2057,6.14,2.4924,2.41,4031,4454.4,4.900,4.890
6999,train,3.7209,0.1384,7.35,3.5147,6.24,5484,4455.0,5.755,5.738
7000,train,2.8217,0.1230,5.26,2.4242,5.24,4699,4455.6,3.096,3.093
7000,val,3.2383,0.1484,7.80,2.8495,6.78,222066,4483.3,6.095,6.087
7001,train,3.5266,0.0987,7.44,3.1320,5.83,4750,4483.8,5.504,5.498
7002,train,3.8234,0.0590,7.95,3.5142,6.65,4492,4484.4,6.597,6.591
7003,train,2.5872,0.2895,5.01,2.1794,3.24,3934,4485.0,3.577,3.565
7004,train,2.6922,0.1166,5.36,2.2650,4.41,4991,4485.6,3.861,3.856
7005,train,4.5584,0.1032,12.71,4.5662,13.72,4604,4486.2,11.541,11.537
7006,train,3.0081,0.1274,5.14,2.9578,4.24,4036,4486.8,2.996,2.834
7007,train,3.4602,0.1404,10.06,3.0395,8.41,4396,4487.3,7.164,7.162
7008,train,2.5203,0.1999,5.11,2.1942,4.65,4272,4487.9,2.933,2.923
7009,train,2.4896,0.2625,4.39,2.1008,3.41,4675,4488.5,2.131,2.109
7010,train,3.1752,0.1024,5.45,3.0833,4.83,4305,4489.1,2.878,2.875
7011,train,3.1493,0.1205,6.77,2.5349,5.00,4463,4489.7,5.493,5.492
7012,train,3.2415,0.0849,5.97,2.2381,3.41,4711,4490.3,4.429,4.418
7013,train,3.3134,0.1293,9.42,3.1209,8.41,5003,4490.8,8.291,8.286
7014,train,3.3635,0.0918,7.09,3.1040,5.06,4893,4491.4,5.057,5.041
7015,train,3.6769,0.2062,9.33,3.3928,9.61,3919,4492.0,7.237,7.228
7016,train,3.9222,0.0234,7.27,3.6624,5.41,4576,4492.6,5.546,5.544
7017,train,3.2324,0.1007,7.64,2.9686,7.12,4848,4493.2,6.090,6.076
7018,train,2.9112,0.2352,7.80,2.3034,6.66,5371,4493.8,5.321,5.312
7019,train,2.6275,0.2145,4.59,2.1600,4.00,4705,4494.4,3.353,3.350
7020,train,3.3486,0.1309,8.20,2.6992,7.41,4355,4494.9,6.169,6.164
7021,train,2.6872,0.2051,5.10,2.3208,3.00,4257,4495.5,4.698,4.688
7022,train,3.1174,0.0535,7.13,2.8221,6.83,5143,4496.1,5.616,5.614
7023,train,2.3219,0.4111,4.17,1.8482,2.83,4741,4496.7,3.586,3.583
7024,train,2.5313,0.1813,4.75,2.1389,3.41,5156,4497.3,2.256,2.247
7025,train,2.5105,0.3243,4.06,1.7894,1.00,4845,4497.9,2.460,2.455
7026,train,2.7284,0.2313,5.16,2.2053,3.24,4121,4498.4,3.586,3.580
7027,train,2.5856,0.2185,4.56,2.0969,2.00,4453,4499.0,3.194,3.191
7028,train,2.5023,0.3666,6.09,1.9653,1.00,5197,4499.6,5.213,5.188
7029,train,2.6199,0.1939,6.51,1.9329,5.00,4240,4500.2,2.564,2.347
7030,train,2.4858,0.2932,3.93,1.7947,2.41,4897,4500.8,2.701,2.699
7031,train,3.2547,0.0210,5.78,2.7234,4.41,3950,4501.4,5.446,5.436
7032,train,2.5972,0.3090,4.12,2.2625,3.00,4667,4501.9,3.030,3.012
7033,train,2.6529,0.1836,4.87,2.2474,3.83,4074,4502.5,3.858,3.853
7034,train,3.7346,0.1005,8.01,3.3058,7.00,4469,4503.1,5.236,5.230
7035,train,3.2240,0.1122,7.09,3.0058,5.83,4001,4503.7,5.319,5.312
7036,train,3.1861,0.1687,6.00,2.8917,4.41,4546,4504.3,4.699,4.695
7037,train,2.8261,0.1617,5.27,2.2270,4.41,5035,4504.9,4.306,4.302
7038,train,2.3154,0.2448,4.65,1.7101,3.41,5066,4505.4,2.512,2.501
7039,train,3.2518,0.1389,7.71,2.8440,7.00,4556,4506.0,6.137,6.130
7040,train,2.8088,0.2589,6.15,2.3741,4.00,3867,4506.6,2.857,2.850
7041,train,2.5919,0.2036,4.24,2.2843,3.41,4613,4507.2,3.471,3.468
7042,train,2.8191,0.2276,6.86,2.5354,6.00,4021,4507.8,6.908,6.896
7043,train,3.5124,0.0742,7.82,2.8060,4.00,4449,4508.4,6.273,6.269
7044,train,3.5181,0.1267,8.43,3.0505,8.34,4316,4508.9,6.446,6.442
7045,train,3.6963,0.0541,7.84,3.6235,7.43,3789,4509.5,6.878,6.876
7046,train,5.6191,0.0061,21.32,5.4021,22.31,4784,4510.1,17.473,17.469
7047,train,2.9175,0.0780,6.37,2.5957,7.41,4089,4510.7,4.689,4.681
7048,train,2.5764,0.2495,5.04,1.9239,2.41,4409,4511.3,3.991,3.985
7049,train,2.9788,0.1595,6.45,2.5923,5.83,4363,4511.9,4.367,4.355
7050,train,3.2427,0.0790,7.21,2.9696,6.61,4154,4512.4,5.527,5.524
7051,train,3.1474,0.1963,7.99,2.4141,4.65,4377,4513.0,5.339,5.324
7052,train,2.9342,0.1275,5.22,2.5736,4.41,4589,4513.6,3.308,3.307
7053,train,3.4577,0.1550,7.39,3.0732,7.12,4362,4514.2,6.296,6.291
7054,train,2.9704,0.2603,6.14,3.0199,6.58,4533,4514.8,4.767,4.757
7055,train,2.2731,0.2886,3.87,1.5709,2.00,5311,4515.4,1.841,1.828
7056,train,2.4053,0.2763,4.35,1.9334,3.83,4498,4516.0,2.560,2.554
7057,train,2.8631,0.1212,5.98,2.6697,4.65,4264,4516.5,2.245,2.234
7058,train,3.0751,0.1945,6.98,2.5790,7.10,4299,4517.1,6.540,6.536
7059,train,2.6818,0.2286,4.66,2.0892,3.41,4099,4517.7,3.192,3.188
7060,train,2.7716,0.3232,5.27,2.1743,2.00,5136,4518.3,2.957,2.926
7061,train,3.5919,0.1537,9.25,2.9726,7.10,4659,4518.9,8.324,8.322
7062,train,2.4215,0.3296,5.29,1.8946,2.00,3844,4519.5,4.723,4.707
7063,train,3.4278,0.1296,6.42,3.1713,5.24,4761,4520.0,5.431,5.427
7064,train,3.7677,0.1099,11.20,3.4883,11.94,4369,4520.6,10.504,10.500
7065,train,2.6955,0.1253,5.67,2.3641,4.41,4958,4521.2,4.344,4.331
7066,train,3.1996,0.1442,5.05,3.0942,3.41,4293,4521.8,3.035,3.033
7067,train,3.6953,0.0991,7.23,3.1718,5.24,4378,4522.4,6.306,6.304
7068,train,2.3749,0.2483,4.65,1.6765,3.83,3943,4523.0,3.127,3.125
7069,train,2.5106,0.2602,4.46,2.0036,2.41,5131,4523.5,2.499,2.493
7070,train,2.6435,0.1891,5.32,2.2381,4.41,4309,4524.1,2.446,2.397
7071,train,2.1933,0.3245,3.60,1.5983,1.00,4696,4524.7,1.889,1.884
7072,train,2.7512,0.1664,5.10,2.3517,3.41,4368,4525.3,3.576,3.567
7073,train,2.4003,0.2457,4.22,2.2986,4.41,4534,4525.9,2.925,2.900
7074,train,5.8958,0.1596,9.88,5.1126,8.74,4335,4526.5,8.929,8.928
7075,train,2.5051,0.1977,5.52,2.1606,4.41,4194,4527.0,4.073,4.071
7076,train,3.0114,0.1276,7.48,2.5601,6.02,4827,4527.6,4.590,4.589
7077,train,2.9453,0.1801,5.68,2.4982,5.00,4271,4528.2,4.227,4.220
7078,train,2.2173,0.2816,3.85,1.9467,3.41,4077,4528.8,1.540,1.522
7079,train,3.8719,0.0079,8.99,3.3075,6.41,4071,4529.4,5.962,5.861
7080,train,2.9044,0.1377,6.22,2.3749,4.00,4219,4530.0,5.258,5.256
7081,train,3.0243,0.2067,6.10,2.4848,3.83,4224,4530.5,4.384,4.376
7082,train,2.4571,0.3200,3.97,1.9616,3.00,4134,4531.1,2.717,2.712
7083,train,2.7459,0.1661,5.13,2.3747,4.41,4177,4531.7,4.061,4.034
7084,train,2.6160,0.2111,5.26,2.2698,4.00,4415,4532.3,2.940,2.938
7085,train,2.5081,0.1995,4.26,2.1079,3.00,4320,4532.9,2.961,2.958
7086,train,3.1272,0.1689,8.72,2.6998,9.24,4062,4533.5,7.638,7.634
7087,train,2.8625,0.1376,6.97,2.3381,5.58,5080,4534.0,4.994,4.986
7088,train,2.2899,0.2205,4.45,1.7816,2.41,4186,4534.6,2.911,2.907
7089,train,3.5393,0.1470,14.21,2.7650,13.06,5223,4535.2,11.852,11.849
7090,train,2.8033,0.2272,6.61,2.6039,3.41,3974,4535.8,5.760,5.758
7091,train,3.3084,0.2045,7.13,3.1377,7.12,4680,4536.4,5.740,5.740
7092,train,2.5277,0.2039,4.98,2.1492,3.41,4640,4537.0,3.038,3.027
7093,train,2.8717,0.1456,4.88,2.4571,3.00,3977,4537.6,3.422,3.419
7094,train,3.1714,0.2306,15.33,2.5286,13.31,4532,4538.1,12.277,12.266
7095,train,2.9780,0.2627,6.95,2.4590,5.54,4720,4538.7,6.138,6.137
7096,train,3.9883,0.0119,8.38,3.5781,5.83,4964,4539.3,8.045,8.043
7097,train,3.4345,0.2194,7.28,3.1966,6.00,4390,4539.9,5.972,5.966
7098,train,4.5462,0.0593,13.37,4.4938,14.38,4841,4540.5,12.143,12.139
7099,train,3.3227,0.1663,11.67,3.0572,11.48,5465,4541.1,8.030,8.027
7100,train,3.9198,0.0812,11.96,3.3120,11.82,5173,4541.6,9.457,9.452
7101,train,3.2070,0.0312,8.70,2.7037,7.83,5039,4542.2,8.217,8.208
7102,train,2.4909,0.2808,3.97,2.1247,3.41,4829,4542.8,2.443,2.442
7103,train,3.8867,0.1845,11.16,3.6242,9.00,4861,4543.4,9.528,9.526
7104,train,2.4923,0.1838,4.63,2.1967,4.41,4592,4544.0,2.441,2.437
7105,train,3.5755,0.1477,8.59,3.0406,7.77,4786,4544.6,6.348,6.345
7106,train,3.3954,0.0644,6.14,2.7661,4.41,4565,4545.1,4.836,4.823
7107,train,3.3541,0.0833,7.56,3.2003,8.36,3602,4545.7,5.892,5.884
7108,train,3.2498,0.0912,6.00,3.0802,5.41,4133,4546.3,4.430,4.422
7109,train,3.0090,0.1231,5.80,2.8868,6.65,4394,4546.9,3.819,3.816
7110,train,2.4555,0.2770,4.59,2.0855,3.65,3794,4547.5,2.967,2.947
7111,train,3.0136,0.2455,5.98,2.5065,4.16,4199,4548.1,5.022,5.021
7112,train,3.4367,0.1328,7.71,3.0566,5.65,4150,4548.6,5.982,5.980
7113,train,2.4571,0.2756,4.79,1.8270,2.00,4789,4549.2,3.521,3.514
7114,train,3.2914,0.1541,10.40,2.9456,11.71,5502,4549.8,7.744,7.687
7115,train,4.2155,0.0189,12.85,4.1703,13.25,4338,4550.4,11.123,11.117
7116,train,3.1670,0.1338,8.31,2.6785,7.41,4722,4551.0,5.969,5.966
7117,train,2.9005,0.1682,6.63,2.6044,5.24,4323,4551.6,5.463,5.460
7118,train,3.0063,0.0956,6.86,2.6391,5.00,4341,4552.1,4.749,4.743
7119,train,3.0276,0.1797,6.13,2.8649,4.83,4062,4552.7,4.543,4.540
7120,train,2.5050,0.1368,5.28,2.2460,5.00,3912,4553.3,3.788,3.786
7121,train,2.3177,0.2188,4.25,1.8940,2.41,4237,4553.9,2.573,2.573
7122,train,2.4543,0.2822,5.71,2.0770,5.61,3849,4554.5,3.903,3.870
7123,train,2.7666,0.1627,6.19,2.6511,5.00,4217,4555.1,4.617,4.615
7124,train,2.8439,0.1897,5.70,2.1842,3.00,4849,4555.6,3.440,3.428
7125,train,3.0178,0.0877,5.64,2.5309,4.24,3947,4556.2,5.273,5.272
7126,train,2.4862,0.2006,4.47,2.0475,3.00,4516,4556.8,2.862,2.837
7127,train,2.8397,0.2899,5.08,2.4422,4.00,4953,4557.4,3.406,3.392
7128,train,3.2138,0.0894,10.96,2.7014,10.83,4608,4558.0,8.221,8.219
7129,train,2.2496,0.3118,3.41,1.8736,3.00,4673,4558.6,2.006,2.003
7130,train,2.8659,0.1757,6.53,2.6046,6.84,4645,4559.1,4.168,4.147
7131,train,3.1140,0.0896,11.23,2.8582,12.83,4543,4559.7,9.478,9.472
7132,train,3.2799,0.0873,5.41,2.8494,4.41,4238,4560.3,3.656,3.655
7133,train,2.6972,0.2481,7.08,2.1563,6.00,4922,4560.9,4.119,4.117
7134,train,2.3091,0.3453,4.48,1.5925,1.00,3924,4561.5,3.057,3.036
7135,train,2.3360,0.2930,4.05,1.6744,2.00,4959,4562.1,2.705,2.699
7136,train,2.6243,0.1379,5.13,2.1522,4.41,4635,4562.7,4.197,4.196
7137,train,2.7857,0.1736,5.08,2.3085,4.00,4833,4563.2,3.068,3.052
7138,train,2.8523,0.2585,9.54,2.2535,8.69,4581,4563.8,6.149,6.146
7139,train,3.0093,0.0973,6.24,2.3654,5.65,4380,4564.4,4.966,4.965
7140,train,2.9691,0.1413,5.66,2.6361,4.41,4832,4565.0,4.607,4.598
7141,train,3.9977,0.0151,8.35,3.8285,6.66,5017,4565.6,6.898,6.895
7142,train,2.9095,0.1111,5.17,2.2363,3.41,4420,4566.2,4.148,4.147
7143,train,3.5216,0.1460,6.58,2.9686,5.58,4376,4566.7,5.238,5.234
7144,train,3.9564,0.0111,9.55,3.5812,8.47,4861,4567.3,8.082,8.080
7145,train,2.1333,0.3499,3.58,1.7938,2.41,3995,4567.9,1.876,1.859
7146,train,2.8012,0.1809,7.17,2.5185,5.41,4576,4568.5,5.986,5.984
7147,train,4.2545,0.0634,9.41,3.5261,8.00,4196,4569.1,8.614,8.607
7148,train,2.3777,0.3244,4.49,2.0734,3.24,5234,4569.7,3.845,3.844
7149,train,3.1689,0.0944,6.92,2.7458,5.24,4821,4570.2,4.429,4.423
7150,train,3.4879,0.0479,9.37,3.1839,11.52,4472,4570.8,8.163,8.158
7151,train,3.1378,0.0466,6.00,2.8222,4.83,4638,4571.4,4.237,4.233
7152,train,3.5515,0.1304,10.67,3.1616,9.83,4640,4572.0,6.644,6.639
7153,train,3.0582,0.0781,6.63,2.8361,6.58,4966,4572.6,5.231,5.226
7154,train,2.4894,0.1777,4.62,2.0315,4.00,4148,4573.2,2.573,2.567
7155,train,2.8569,0.2029,6.55,2.1742,4.00,4210,4573.7,4.525,4.517
7156,train,2.4563,0.1857,4.67,1.9155,5.41,5133,4574.3,3.787,3.781
7157,train,4.1353,0.1314,13.96,4.0765,14.10,4421,4574.9,14.873,14.872
7158,train,3.4279,0.1173,11.29,2.9467,11.08,4031,4575.5,8.862,8.857
7159,train,2.5831,0.1700,5.15,2.0951,4.00,4277,4576.1,3.501,3.495
7160,train,4.3985,0.1192,10.14,4.1474,7.36,4411,4576.7,9.922,9.908
7161,train,2.3438,0.3243,4.15,1.9122,3.41,4040,4577.2,2.838,2.835
7162,train,3.1891,0.1594,5.60,2.8354,5.00,5277,4577.8,4.550,4.543
7163,train,3.0652,0.0962,5.77,2.7768,5.24,4572,4578.4,4.509,4.495
7164,train,3.5648,0.1321,9.54,3.3582,9.10,4761,4579.0,9.062,9.056
7165,train,3.0276,0.2083,5.83,2.3909,5.41,4474,4579.6,4.083,4.067
7166,train,2.5178,0.2387,4.87,1.9448,3.00,4919,4580.2,3.774,3.763
7167,train,2.6724,0.3154,5.53,2.1101,2.00,3858,4580.7,3.379,3.360
7168,train,4.8133,0.1532,9.57,4.8612,10.65,4478,4581.3,7.731,7.727
7169,train,2.9543,0.1121,5.41,3.0037,5.65,4944,4581.9,4.019,4.015
7170,train,2.8102,0.1703,7.27,2.5566,7.24,5143,4582.5,6.507,6.500
7171,train,3.3896,0.1239,11.36,2.8945,11.22,5753,4583.1,10.043,10.042
7172,train,4.4548,0.0492,9.28,3.8802,7.54,4678,4583.7,7.714,7.708
7173,train,2.7689,0.1492,8.48,2.5002,9.00,4557,4584.3,6.474,6.456
7174,train,2.5996,0.1548,4.92,2.1127,3.41,4639,4584.8,3.543,3.540
7175,train,2.9375,0.0988,7.07,2.7082,6.00,4486,4585.4,5.272,5.265
7176,train,3.7480,0.0514,9.42,3.4979,10.80,5345,4586.0,8.212,8.201
7177,train,2.7054,0.2192,4.76,2.2613,2.41,4320,4586.6,2.662,2.655
7178,train,2.3600,0.2202,4.19,1.8231,4.00,4899,4587.2,2.806,2.803
7179,train,4.1596,0.0978,8.02,3.9392,7.81,4551,4587.8,6.592,6.590
7180,train,4.6207,0.0138,13.70,4.5269,13.46,5061,4588.3,10.250,10.245
7181,train,4.1332,0.0642,16.79,3.6808,15.36,4390,4588.9,14.717,14.715
7182,train,2.8655,0.1971,6.40,2.2962,4.24,4409,4589.5,3.992,3.990
7183,train,3.5809,0.0769,11.87,3.4226,12.90,3809,4590.1,9.845,9.832
7184,train,2.4027,0.2003,4.46,1.9276,3.41,4373,4590.7,2.926,2.917
7185,train,4.1993,0.1234,14.38,3.9207,15.16,4628,4591.3,12.273,12.267
7186,train,2.6468,0.3108,5.34,2.2244,2.41,4742,4591.8,5.074,5.069
7187,train,3.1005,0.1402,6.12,2.6410,5.06,3965,4592.4,5.032,5.030
7188,train,2.0721,0.5056,3.09,1.5347,0.00,4699,4593.0,1.516,1.509
7189,train,2.7010,0.1842,4.60,2.5448,3.41,3860,4593.6,3.036,3.030
7190,train,2.4325,0.1989,4.94,2.0749,4.65,4253,4594.2,2.770,2.763
7191,train,4.0342,0.0134,10.53,3.8351,10.08,4937,4594.8,9.372,9.370
7192,train,3.0182,0.1973,6.01,2.8959,3.65,4870,4595.4,5.158,5.130
7193,train,2.9617,0.2574,5.57,2.4142,2.83,4918,4595.9,4.510,4.504
7194,train,2.6498,0.1815,5.14,2.0801,3.41,4705,4596.5,3.877,3.821
7195,train,3.0254,0.0567,6.28,2.7769,5.24,4406,4597.1,4.794,4.786
7196,train,2.6723,0.2009,7.90,2.0819,9.07,4839,4597.7,6.006,6.003
7197,train,3.8014,0.0554,9.15,3.5289,10.14,4276,4598.3,8.054,8.049
7198,train,2.6134,0.1682,6.14,2.5248,5.65,4214,4598.9,5.266,5.262
7199,train,3.9994,0.1391,13.98,3.4922,13.19,4104,4599.4,11.316,11.305
7200,train,2.9794,0.2677,7.11,2.4686,4.41,4210,4600.0,5.246,5.235
7201,train,3.5825,0.0572,7.17,3.3973,5.65,4333,4600.6,5.575,5.572
7202,train,1.9744,0.3524,3.85,1.5360,2.00,4361,4601.2,2.409,2.404
7203,train,3.2205,0.0610,6.93,2.8475,5.41,4888,4601.8,4.802,4.799
7204,train,2.8697,0.1640,6.37,2.4043,5.16,4671,4602.4,2.515,2.461
7205,train,2.6296,0.1812,5.05,2.1521,3.41,4117,4602.9,2.571,2.555
7206,train,2.5429,0.2840,7.72,2.2388,8.08,4422,4603.5,5.686,5.682
7207,train,2.8541,0.1022,6.62,2.4307,6.99,5087,4604.1,4.122,4.093
7208,train,2.6114,0.2201,9.28,2.2528,10.60,4467,4604.7,8.210,8.206
7209,train,3.5602,0.0488,12.04,3.5703,11.83,4958,4605.3,8.898,8.880
7210,train,2.2025,0.3543,3.61,1.8148,2.41,4406,4605.9,1.854,1.837
7211,train,2.9859,0.2330,5.14,2.6067,4.65,4867,4606.5,4.441,4.438
7212,train,2.8884,0.2099,5.11,2.5038,4.00,4274,4607.0,3.339,3.335
7213,train,2.4300,0.3481,3.98,1.9141,2.00,4562,4607.6,2.384,2.374
7214,train,3.2818,0.1034,7.17,2.9419,4.00,5078,4608.2,5.926,5.914
7215,train,3.3057,0.0587,6.17,2.9339,4.83,4362,4608.8,4.514,4.508
7216,train,2.3228,0.2369,4.16,2.1777,3.00,4001,4609.4,2.386,2.383
7217,train,2.5534,0.2236,4.96,2.0791,4.41,4753,4610.0,3.009,3.003
7218,train,2.5291,0.2519,4.10,2.1184,2.00,4561,4610.5,2.701,2.695
7219,train,2.8777,0.1787,6.15,2.4472,5.00,4980,4611.1,3.615,3.608
7220,train,2.6106,0.2976,5.45,2.4193,5.00,3958,4611.7,3.028,3.025
7221,train,2.9410,0.1315,6.95,2.7118,6.83,4441,4612.3,5.438,5.436
7222,train,2.5751,0.1999,6.57,1.9555,3.41,4883,4612.9,4.781,4.773
7223,train,2.9583,0.1925,7.26,2.6326,7.00,4561,4613.5,6.009,6.008
7224,train,3.7129,0.1607,10.43,3.3754,9.49,4349,4614.0,9.864,9.862
7225,train,2.9472,0.1313,5.60,2.5847,4.00,4980,4614.6,5.196,5.195
7226,train,2.5327,0.2079,4.59,2.0689,3.41,4242,4615.2,3.297,3.290
7227,train,2.3516,0.2710,4.26,1.7609,2.00,4800,4615.8,2.739,2.735
7228,train,2.0448,0.3382,3.53,1.5723,2.41,4234,4616.4,2.284,2.282
7229,train,3.1643,0.1296,7.16,2.3319,4.24,4584,4617.0,4.205,4.203
7230,train,2.3621,0.2771,3.96,1.9967,2.41,4468,4617.6,2.937,2.937
7231,train,2.5976,0.2630,6.12,2.2263,4.41,5064,4618.1,4.409,4.408
7232,train,2.8639,0.1224,6.05,2.4110,5.41,4354,4618.7,3.021,3.014
7233,train,3.1827,0.1183,7.52,2.5777,5.16,5012,4619.3,5.155,5.133
7234,train,3.5157,0.1686,8.11,2.9109,4.41,4331,4619.9,5.285,5.282
7235,train,3.5427,0.1630,6.75,2.9421,5.24,4417,4620.5,4.441,4.440
7236,train,2.9537,0.2612,8.14,2.6859,7.32,4223,4621.1,7.057,7.053
7237,train,3.7655,0.0631,7.65,3.0030,6.24,4884,4621.6,5.986,5.982
7238,train,2.4613,0.2500,6.03,1.7239,3.00,4648,4622.2,2.719,2.635
7239,train,2.3518,0.2610,3.87,1.9521,3.41,4058,4622.8,2.341,2.318
7240,train,2.8730,0.1214,6.46,2.2252,6.00,4718,4623.4,4.086,4.042
7241,train,4.4675,0.0775,15.11,4.1480,13.76,4219,4624.0,12.110,12.108
7242,train,2.9221,0.2600,9.52,2.4315,7.32,4403,4624.6,7.893,7.889
7243,train,3.8847,0.0211,13.96,3.4448,12.62,4320,4625.1,8.845,8.829
7244,train,2.7034,0.1932,5.98,2.1820,3.00,3876,4625.7,5.062,5.035
7245,train,2.9846,0.1567,8.27,2.4373,7.00,4666,4626.3,5.110,5.081
7246,train,2.3229,0.2709,4.65,1.6562,4.00,4637,4626.9,3.284,3.282
7247,train,3.7085,0.0539,8.15,3.2841,6.41,4345,4627.5,5.999,5.990
7248,train,2.7251,0.2248,4.98,2.1916,3.41,4622,4628.1,3.821,3.812
7249,train,3.5603,0.1411,8.39,3.6794,9.24,5075,4628.6,7.455,7.455
7250,train,3.4251,0.1282,8.16,3.0054,8.50,5287,4629.2,6.706,6.703
7251,train,3.9315,0.0368,10.19,3.5266,10.97,5004,4629.8,6.682,6.664
7252,train,3.0569,0.1227,6.87,2.4860,5.65,5386,4630.4,5.399,5.397
7253,train,3.3987,0.0586,6.26,2.8462,5.24,4336,4631.0,4.162,4.159
7254,train,4.2612,0.0414,7.06,4.1056,6.00,4199,4631.6,5.406,5.403
7255,train,3.9452,0.0405,17.39,3.7030,16.77,4982,4632.2,13.543,13.540
7256,train,3.6506,0.1496,8.15,3.4020,7.32,4698,4632.7,6.941,6.937
7257,train,2.6047,0.1772,5.02,2.0729,3.41,4768,4633.3,3.040,3.035
7258,train,2.6458,0.1575,4.95,2.0876,4.41,4470,4633.9,3.486,3.479
7259,train,2.5623,0.1382,4.88,2.2900,4.41,4132,4634.5,3.894,3.893
7260,train,3.8629,0.1224,9.16,3.1498,7.00,4682,4635.1,8.676,8.661
7261,train,3.5049,0.1630,9.19,2.8548,7.16,4742,4635.7,7.993,7.991
7262,train,2.7977,0.1758,5.89,2.4828,4.41,3913,4636.2,5.182,5.182
7263,train,2.6620,0.3186,5.47,2.2648,3.65,4087,4636.8,3.828,3.828
7264,train,2.3211,0.2721,3.98,1.9572,3.00,4432,4637.4,1.548,1.508
7265,train,4.1799,0.0781,15.31,3.8296,14.43,4548,4638.0,10.201,10.198
7266,train,2.8523,0.1817,5.37,2.7655,3.83,4485,4638.6,3.403,3.387
7267,train,2.9533,0.1597,8.12,2.3950,4.83,4616,4639.2,5.341,5.339
7268,train,2.5480,0.2763,4.93,1.9652,2.41,4734,4639.7,3.789,3.787
7269,train,2.4967,0.1767,5.03,2.1674,4.41,4833,4640.3,3.912,3.909
7270,train,4.6368,0.0073,14.12,4.2501,13.27,4494,4640.9,13.135,13.133
7271,train,2.8627,0.1208,5.29,2.2582,4.00,4932,4641.5,4.035,4.035
7272,train,2.8267,0.1525,5.57,2.4208,3.83,4137,4642.1,3.883,3.875
7273,train,3.9912,0.0159,11.10,3.8342,12.25,4723,4642.7,10.073,10.072
7274,train,2.6781,0.2003,5.26,2.2692,4.41,4513,4643.2,4.096,4.090
7275,train,2.7324,0.2385,5.28,2.2390,2.41,4922,4643.8,4.173,4.159
7276,train,2.7571,0.2091,6.79,2.3595,6.00,3878,4644.4,6.356,6.344
7277,train,2.5889,0.1721,4.84,2.0441,3.83,3776,4645.0,4.000,3.997
7278,train,2.6106,0.1848,4.78,2.0428,4.41,4974,4645.6,3.375,3.372
7279,train,2.5447,0.2224,4.59,1.8712,3.00,4878,4646.2,3.160,3.145
7280,train,3.0597,0.1481,5.57,3.0179,5.00,4564,4646.7,4.618,4.611
7281,train,2.3743,0.2722,4.11,1.7606,2.41,4225,4647.3,2.407,2.399
7282,train,2.4113,0.2837,3.94,2.0014,3.00,4575,4647.9,3.442,3.425
7283,train,2.3027,0.3526,4.58,1.8741,3.00,4234,4648.5,3.340,3.332
7284,train,2.5585,0.1995,5.12,2.2927,4.83,4697,4649.1,2.108,2.088
7285,train,2.4686,0.3029,6.59,1.9261,5.12,4549,4649.7,4.924,4.885
7286,train,2.9623,0.1241,9.10,2.7495,9.00,3915,4650.2,7.378,7.374
7287,train,2.4795,0.2644,4.60,1.8736,3.41,4360,4650.8,3.521,3.517
7288,train,2.7403,0.1882,5.48,2.2119,4.24,4112,4651.4,2.330,2.301
7289,train,2.9538,0.2189,5.55,2.3373,4.00,4536,4652.0,3.724,3.723
7290,train,3.1910,0.0553,7.62,2.7952,7.95,3873,4652.6,5.646,5.640
7291,train,3.2657,0.2117,6.90,3.0662,6.40,4091,4653.2,5.855,5.854
7292,train,4.1575,0.0384,7.22,3.4816,5.41,4483,4653.7,5.609,5.606
7293,train,2.6139,0.2019,4.99,2.3631,4.00,4166,4654.3,3.810,3.809
7294,train,2.6892,0.1151,5.30,2.1051,4.41,4701,4654.9,3.490,3.490
7295,train,3.5127,0.1551,8.85,3.5176,9.07,4269,4655.5,8.297,8.293
7296,train,2.8836,0.1146,6.16,2.6027,4.83,4117,4656.1,4.679,4.672
7297,train,2.5098,0.1997,4.45,1.8889,2.00,5364,4656.7,3.351,3.340
7298,train,3.2340,0.1082,7.34,2.8440,7.54,4318,4657.3,4.774,4.768
7299,train,2.4920,0.2485,4.58,2.1751,3.00,4104,4657.8,3.210,3.205
7300,train,2.7260,0.2055,5.14,2.1600,4.41,5474,4658.4,3.730,3.718
7301,train,2.6468,0.1240,4.83,2.1308,4.41,4571,4659.0,4.227,4.221
7302,train,3.0989,0.2492,10.27,2.7734,10.63,4326,4659.6,10.213,10.208
7303,train,3.2743,0.1262,6.26,2.7219,4.65,4589,4660.2,4.812,4.811
7304,train,2.8175,0.2026,5.52,2.1817,3.00,4136,4660.8,3.588,3.583
7305,train,1.9975,0.2906,3.57,1.6512,4.41,4745,4661.3,2.049,2.040
7306,train,2.8834,0.0992,6.82,2.4118,6.24,4335,4661.9,6.354,6.350
7307,train,2.7151,0.0887,4.98,2.2515,4.83,4681,4662.5,2.927,2.861
7308,train,3.7061,0.1183,10.84,3.4080,10.60,4624,4663.1,9.646,9.644
7309,train,5.6678,0.0858,12.66,5.1931,12.54,4928,4663.7,12.206,12.198
7310,train,2.9113,0.2175,7.25,2.5456,8.41,4649,4664.3,5.841,5.837
7311,train,2.8537,0.2366,5.19,2.5697,4.24,4159,4664.8,3.817,3.788
7312,train,3.4784,0.0966,10.53,3.1328,12.00,4587,4665.4,9.674,9.672
7313,train,2.8327,0.2059,5.48,2.2101,2.41,5022,4666.0,3.696,3.690
7314,train,2.6343,0.1577,5.11,2.1811,4.41,4401,4666.6,3.733,3.727
7315,train,2.0378,0.3904,3.57,1.5913,1.41,4542,4667.2,1.874,1.865
7316,train,3.6328,0.1013,11.67,3.3332,7.16,4879,4667.8,9.435,9.425
7317,train,2.8610,0.1744,6.43,2.3421,5.24,5466,4668.3,3.694,3.692
7318,train,3.1265,0.2138,7.51,2.6044,6.02,4527,4668.9,5.393,5.385
7319,train,3.0903,0.0840,6.94,2.5798,4.00,4344,4669.5,4.606,4.603
7320,train,2.9734,0.1553,6.72,2.5140,4.83,4141,4670.1,4.538,4.534
7321,train,4.3482,0.1092,12.52,3.9166,6.95,5511,4670.7,8.567,8.561
7322,train,2.9365,0.0624,6.16,2.5866,5.65,4551,4671.3,3.811,3.803
7323,train,3.5139,0.1712,7.45,3.1468,6.83,4742,4671.8,6.506,6.503
7324,train,3.2976,0.1768,8.28,2.7735,4.41,5186,4672.4,4.931,4.926
7325,train,3.0592,0.0712,6.22,2.8768,6.06,4368,4673.0,2.839,2.836
7326,train,1.7420,0.5319,2.54,1.2282,1.00,4591,4673.6,0.986,0.982
7327,train,3.1436,0.1393,10.38,2.4121,8.00,4445,4674.2,7.208,7.207
7328,train,4.0169,0.0741,12.20,3.4151,11.07,5032,4674.8,11.101,11.094
7329,train,3.1190,0.1436,7.83,2.7259,5.24,4692,4675.4,4.020,3.964
7330,train,2.8316,0.1498,6.60,2.5055,5.00,5267,4675.9,5.350,5.349
7331,train,3.2793,0.1823,8.11,2.7830,9.24,4492,4676.5,5.120,5.084
7332,train,2.7501,0.2861,6.68,2.2784,5.00,4117,4677.1,4.958,4.934
7333,train,2.9362,0.1560,7.88,2.4422,8.08,4578,4677.7,5.795,5.774
7334,train,2.3818,0.2335,4.80,1.9221,5.16,3949,4678.3,4.692,4.686
7335,train,2.8725,0.2599,6.12,2.2227,5.58,4340,4678.9,4.494,4.483
7336,train,2.3606,0.3594,3.92,2.0570,3.24,4004,4679.4,2.436,2.393
7337,train,2.6563,0.0967,5.04,2.1850,4.00,4820,4680.0,3.436,3.434
7338,train,3.1350,0.0519,9.54,2.8123,6.41,4274,4680.6,8.256,8.193
7339,train,2.7403,0.1090,4.75,2.3907,4.41,4212,4681.2,3.257,3.256
7340,train,3.0888,0.1773,6.65,2.8652,5.41,4788,4681.8,5.120,5.115
7341,train,3.1632,0.0546,7.00,3.0278,5.41,4378,4682.4,5.007,5.001
7342,train,3.5188,0.0419,6.52,2.8784,4.41,3792,4682.9,5.175,5.165
7343,train,3.7432,0.1104,13.23,3.3252,13.19,4376,4683.5,11.732,11.729
7344,train,3.3813,0.0933,7.56,3.0833,5.00,4524,4684.1,6.249,6.242
7345,train,2.8277,0.1099,5.88,2.3772,4.00,3921,4684.7,4.957,4.955
7346,train,3.6346,0.0487,8.09,3.2449,6.89,4867,4685.3,6.038,6.026
7347,train,3.2289,0.1492,7.25,3.3256,7.99,4222,4685.9,6.545,6.545
7348,train,4.4692,0.0244,15.03,4.4925,15.30,4101,4686.4,13.739,13.736
7349,train,2.3649,0.2527,4.29,1.9961,3.41,4831,4687.0,2.018,2.008
7350,train,3.3790,0.2323,8.29,3.0739,7.83,4594,4687.6,4.841,4.830
7351,train,2.1292,0.3363,3.77,1.4105,2.41,5022,4688.2,2.097,2.090
7352,train,3.4003,0.0823,9.42,3.1546,8.41,4401,4688.8,7.333,7.330
7353,train,3.4720,0.0247,12.76,2.9382,11.41,4696,4689.4,9.717,9.716
7354,train,3.2188,0.1022,7.22,2.8774,4.41,4362,4689.9,5.405,5.398
7355,train,2.5012,0.2785,4.34,1.9999,1.00,4276,4690.5,3.226,3.225
7356,train,3.3665,0.0428,7.32,2.8498,5.41,4322,4691.1,5.449,5.429
7357,train,2.7465,0.2864,5.77,2.1563,3.24,4229,4691.7,5.374,5.372
7358,train,2.6362,0.2076,4.69,2.2279,2.41,4683,4692.3,1.832,1.822
7359,train,2.7653,0.1328,5.88,2.4368,5.24,4331,4692.9,3.776,3.771
7360,train,2.5298,0.1772,4.87,2.2570,3.00,4115,4693.4,3.391,3.388
7361,train,2.5407,0.2217,4.49,1.9383,2.00,4376,4694.0,3.015,3.000
7362,train,2.3584,0.2836,4.67,1.9339,3.00,4574,4694.6,3.356,3.348
7363,train,2.8693,0.2056,4.97,2.2611,4.00,4960,4695.2,4.043,4.031
7364,train,4.0377,0.0229,12.12,3.8730,10.14,4672,4695.8,9.375,9.368
7365,train,3.1472,0.2005,10.02,2.6298,9.07,5522,4696.4,8.586,8.581
7366,train,3.6044,0.1136,8.33,3.1275,6.16,3954,4696.9,6.371,6.363
7367,train,3.3145,0.1610,10.33,3.0208,8.00,4957,4697.5,9.045,9.027
7368,train,3.9098,0.0385,8.55,3.3710,7.00,4185,4698.1,7.219,7.210
7369,train,3.1998,0.1015,8.45,2.7529,7.41,4235,4698.7,6.345,6.344
7370,train,3.5527,0.1113,8.55,2.7260,4.24,4652,4699.3,6.883,6.880
7371,train,3.2279,0.1183,8.43,2.7496,6.41,4768,4699.9,6.951,6.949
7372,train,3.3385,0.1006,8.85,2.7715,5.06,4264,4700.4,4.888,4.864
7373,train,3.3032,0.1261,7.07,2.8397,3.41,5320,4701.0,3.371,3.342
7374,train,3.6918,0.0970,10.48,3.0459,10.54,5526,4701.6,5.871,5.869
7375,train,2.8337,0.1379,5.02,2.1329,3.41,4503,4702.2,3.754,3.749
7376,train,3.8123,0.0714,7.23,3.4893,6.24,4522,4702.8,4.237,4.178
7377,train,3.9937,0.0951,8.95,3.5511,7.48,4164,4703.4,6.992,6.988
7378,train,2.9495,0.3516,7.91,2.4958,6.10,3973,4703.9,6.444,6.435
7379,train,2.7867,0.1160,5.21,2.4730,5.41,4361,4704.5,2.890,2.885
7380,train,3.1582,0.1263,8.58,2.7815,7.54,4347,4705.1,5.630,5.622
7381,train,3.0653,0.1338,8.82,2.7134,8.65,4276,4705.7,6.084,6.081
7382,train,2.9083,0.2831,6.07,2.5526,3.83,4200,4706.3,3.418,3.383
7383,train,4.4635,0.0106,11.07,4.0819,11.40,4414,4706.9,8.704,8.701
7384,train,2.2831,0.3496,3.77,1.9715,4.00,5461,4707.5,2.086,2.055
7385,train,2.4022,0.2767,4.32,2.2640,3.00,4376,4708.0,2.667,2.657
7386,train,2.2237,0.3034,4.32,1.5100,2.00,4426,4708.6,3.144,3.136
7387,train,2.5310,0.1852,4.59,2.3698,4.00,4017,4709.2,2.875,2.796
7388,train,2.2795,0.2972,4.24,1.7984,4.41,5080,4709.8,2.348,2.295
7389,train,4.6520,0.0340,9.65,4.4337,9.89,4144,4710.4,7.934,7.928
7390,train,2.8096,0.1555,5.17,2.3586,4.83,4462,4711.0,2.851,2.837
7391,train,2.5684,0.3112,4.22,2.3630,3.24,5041,4711.5,2.627,2.607
7392,train,3.4434,0.0999,8.69,3.0289,6.41,4763,4712.1,6.341,6.335
7393,train,3.3933,0.1151,6.73,3.0178,4.24,4822,4712.7,4.765,4.757
7394,train,3.1730,0.1433,8.66,2.7980,11.41,5388,4713.3,6.420,6.392
7395,train,3.0002,0.1469,7.47,2.7329,7.12,4542,4713.9,7.160,7.151
7396,train,2.4178,0.2416,4.31,2.1670,4.00,3812,4714.5,2.400,2.316
7397,train,3.0000,0.1770,7.33,2.6732,7.10,4491,4715.0,5.286,5.279
7398,train,2.2695,0.2528,4.01,1.6732,2.00,4585,4715.6,2.746,2.743
7399,train,3.2369,0.1635,8.82,2.7381,7.51,4678,4716.2,6.208,6.179
7400,train,3.2871,0.0652,5.89,2.8268,5.24,4630,4716.8,4.430,4.429
7401,train,2.4588,0.2387,4.23,2.0900,3.00,4676,4717.4,2.490,2.480
7402,train,3.1432,0.1574,6.72,2.7472,4.65,4980,4718.0,4.993,4.988
7403,train,3.0191,0.1992,5.45,2.4977,5.65,4559,4718.5,3.387,3.376
7404,train,3.3198,0.1156,14.43,3.1005,12.00,4689,4719.1,10.541,10.536
7405,train,3.2222,0.0848,9.47,2.9982,11.49,3997,4719.7,7.044,7.043
7406,train,2.4042,0.2954,4.94,2.1284,3.00,4086,4720.3,4.034,3.993
7407,train,2.7289,0.1544,5.22,2.0273,4.00,5144,4720.9,2.907,2.900
7408,train,2.1222,0.3399,3.80,1.6627,2.00,3810,4721.5,2.383,2.382
7409,train,2.4864,0.2389,4.84,2.0127,4.00,3884,4722.1,3.345,3.338
7410,train,3.1422,0.2009,6.32,2.7854,5.24,4016,4722.6,5.242,5.235
7411,train,2.8567,0.0868,5.56,2.7252,4.83,3941,4723.2,4.123,4.118
7412,train,3.0084,0.1959,5.39,2.4554,4.00,4355,4723.8,3.942,3.938
7413,train,2.2397,0.2925,3.91,1.6932,3.41,4612,4724.4,2.556,2.552
7414,train,3.2732,0.1262,6.72,2.8740,6.41,4651,4725.0,4.362,4.352
7415,train,3.0691,0.1854,6.65,2.6300,5.83,4476,4725.6,5.340,5.331
7416,train,4.6571,0.1658,10.15,4.1772,8.34,4397,4726.1,9.270,9.267
7417,train,2.8601,0.1088,9.42,1.9983,9.00,5035,4726.7,7.000,6.995
7418,train,2.8878,0.1400,5.97,2.5690,3.83,4108,4727.3,4.435,4.433
7419,train,3.3794,0.0813,10.13,2.9838,9.71,4601,4727.9,8.310,8.304
7420,train,3.4252,0.0724,8.44,3.2734,7.48,4574,4728.5,7.562,7.559
7421,train,2.6117,0.1600,4.80,2.1187,4.41,4118,4729.1,2.863,2.856
7422,train,2.6413,0.1814,5.07,2.1114,3.41,4878,4729.6,2.549,2.517
7423,train,4.3585,0.0714,10.46,3.5799,8.41,4397,4730.2,7.724,7.718
7424,train,3.0032,0.0950,7.97,2.6731,8.48,4787,4730.8,6.919,6.911
7425,train,3.1715,0.1984,6.80,2.7599,5.00,4381,4731.4,4.474,4.474
7426,train,3.6325,0.0250,10.10,3.2816,10.24,3998,4732.0,9.563,9.559
7427,train,3.6535,0.0504,11.20,3.7185,12.77,4520,4732.6,11.792,11.790
7428,train,2.3063,0.2573,4.33,2.0149,4.00,4360,4733.1,2.545,2.538
7429,train,2.9075,0.1036,5.80,2.6858,3.83,4383,4733.7,4.572,4.567
7430,train,2.9506,0.3258,5.11,2.3933,2.00,4659,4734.3,4.664,4.657
7431,train,2.1731,0.3173,3.97,1.4797,2.41,3977,4734.9,2.765,2.757
7432,train,3.4860,0.0861,8.38,3.2362,8.77,4330,4735.5,4.815,4.807
7433,train,3.6758,0.0783,11.60,3.5102,12.61,4354,4736.1,8.488,8.480
7434,train,4.1935,0.0381,13.87,3.7462,14.64,5007,4736.6,11.741,11.738
7435,train,2.6930,0.2400,9.99,2.3089,12.09,3842,4737.2,7.101,7.079
7436,train,3.4085,0.2314,9.20,3.0929,9.25,4586,4737.8,9.966,9.949
7437,train,2.4676,0.3009,4.70,2.2388,3.00,3962,4738.4,3.141,3.135
7438,train,3.6045,0.0694,9.85,3.1736,9.41,4642,4739.0,7.036,7.020
7439,train,3.5548,0.0667,7.15,3.0196,5.24,4486,4739.6,5.858,5.855
7440,train,3.1072,0.1719,5.30,2.8144,5.24,4345,4740.1,3.616,3.608
7441,train,4.1924,0.0447,17.73,3.9239,15.90,4918,4740.7,13.995,13.993
7442,train,3.2006,0.2307,9.12,2.5182,6.47,4586,4741.3,6.102,6.101
7443,train,4.3449,0.0606,11.23,4.2590,10.54,4240,4741.9,9.452,9.448
7444,train,3.5366,0.0715,8.82,3.0941,5.58,4264,4742.5,5.975,5.968
7445,train,3.0377,0.2056,9.42,2.7824,9.16,4688,4743.1,9.102,9.093
7446,train,2.7939,0.2592,4.60,2.4949,3.41,4491,4743.7,3.399,3.392
7447,train,3.8228,0.0728,7.74,3.6172,7.41,4219,4744.2,6.511,6.509
7448,train,2.5647,0.3111,6.75,2.0510,5.10,5249,4744.8,4.374,4.371
7449,train,2.4542,0.2620,4.19,2.0975,3.00,4565,4745.4,2.553,2.551
7450,train,2.5874,0.1899,4.53,2.2574,3.00,4066,4746.0,2.540,2.534
7451,train,3.1420,0.0421,6.71,2.8443,5.41,4207,4746.6,5.467,5.462
7452,train,2.7611,0.1643,5.40,2.3405,5.00,4820,4747.2,3.989,3.984
7453,train,2.4734,0.1973,4.54,2.5294,3.83,4191,4747.7,3.806,3.805
7454,train,2.9349,0.2313,8.02,2.3535,6.40,4925,4748.3,5.152,5.137
7455,train,2.9669,0.0776,6.00,2.6547,5.41,4872,4748.9,5.103,5.100
7456,train,3.6367,0.0693,7.51,3.1994,6.41,5224,4749.5,6.360,6.357
7457,train,4.2978,0.1506,11.39,4.3339,10.72,3924,4750.1,10.669,10.666
7458,train,3.1349,0.0318,9.77,2.6819,10.41,4082,4750.7,6.944,6.943
7459,train,2.3844,0.2895,3.98,2.1164,3.41,4024,4751.2,2.599,2.595
7460,train,3.1852,0.0876,8.04,2.6718,5.58,4863,4751.8,5.746,5.702
7461,train,2.3113,0.2398,4.17,1.8697,3.41,4074,4752.4,2.045,2.042
7462,train,3.0014,0.2619,6.15,2.4873,5.02,4719,4753.0,4.393,4.388
7463,train,3.9944,0.0465,12.37,3.6791,9.83,4729,4753.6,9.144,9.141
7464,train,3.3131,0.2501,8.26,2.8901,5.47,4599,4754.2,6.567,6.553
7465,train,2.7429,0.2015,4.99,2.4284,3.83,4467,4754.7,3.661,3.657
7466,train,4.3620,0.2430,10.53,4.0528,9.10,4951,4755.3,10.509,10.508
7467,train,2.5010,0.1676,4.79,2.0790,3.83,3926,4755.9,2.734,2.716
7468,train,3.5540,0.1572,8.02,3.1035,6.06,4619,4756.5,4.871,4.870
7469,train,2.4805,0.3005,4.50,1.7351,2.00,4376,4757.1,3.615,3.609
7470,train,2.7622,0.0846,9.14,2.4400,10.00,4717,4757.7,8.184,8.180
7471,train,2.5083,0.1924,4.84,2.1806,4.41,4781,4758.2,3.037,3.021
7472,train,4.7674,0.0243,12.78,4.5259,11.25,4615,4758.8,11.651,11.623
7473,train,2.4055,0.2249,4.38,1.8746,4.00,4216,4759.4,2.364,2.363
7474,train,3.3801,0.1400,11.11,2.7762,8.08,5215,4760.0,8.561,8.530
7475,train,3.0739,0.1596,7.58,2.7362,6.54,4542,4760.6,5.927,5.918
7476,train,2.8783,0.2408,5.44,2.3684,3.00,4427,4761.2,4.218,4.218
7477,train,3.1453,0.1812,9.41,2.6294,7.00,4979,4761.8,6.352,6.351
7478,train,3.6609,0.0849,9.75,3.4669,8.40,4416,4762.3,8.146,8.144
7479,train,2.8709,0.1859,6.98,2.2582,4.65,4901,4762.9,5.459,5.455
7480,train,2.0604,0.3358,3.54,1.6030,2.00,4017,4763.5,2.613,2.610
7481,train,3.8452,0.1031,9.14,3.2582,7.24,4511,4764.1,7.161,7.157
7482,train,3.7372,0.0258,9.49,3.5635,11.56,4063,4764.7,5.901,5.900
7483,train,2.5616,0.1138,4.89,2.2155,4.00,4770,4765.3,4.017,4.015
7484,train,3.1602,0.1071,5.52,2.8229,4.65,4220,4765.8,4.688,4.687
7485,train,3.3997,0.0606,7.03,2.9953,6.58,4750,4766.4,3.131,3.123
7486,train,4.8876,0.0042,13.89,4.5142,13.60,5052,4767.0,12.222,12.221
7487,train,3.2195,0.2501,7.61,2.8460,7.47,4619,4767.6,5.733,5.685
7488,train,3.5155,0.1813,10.08,3.0976,7.63,4170,4768.2,6.311,6.308
7489,train,2.8445,0.1076,5.37,2.3828,4.41,4322,4768.8,3.996,3.994
7490,train,2.7791,0.0998,6.94,2.5473,5.83,4758,4769.3,6.171,6.167
7491,train,2.5074,0.2779,4.50,1.8505,2.41,4451,4769.9,2.947,2.941
7492,train,2.0257,0.3786,3.38,1.6169,2.00,4400,4770.5,1.252,1.245
7493,train,4.9312,0.0679,11.98,4.4421,9.41,4209,4771.1,11.044,11.034
7494,train,3.1339,0.1132,8.27,2.6203,6.83,4072,4771.7,7.075,7.070
7495,train,1.9237,0.3261,3.53,1.5462,3.41,3947,4772.3,2.401,2.398
7496,train,2.7511,0.2028,5.47,2.1371,4.24,4646,4772.8,3.606,3.592
7497,train,2.9909,0.1245,9.21,2.5726,8.08,4424,4773.4,8.238,8.236
7498,train,3.1100,0.1933,5.70,2.5889,4.41,5312,4774.0,4.260,4.253
7499,train,2.0446,0.4041,3.81,1.6678,2.00,4731,4774.6,1.556,1.545
7500,train,2.3986,0.3502,4.28,2.0941,3.24,4109,4775.2,2.580,2.573
7500,val,3.0907,0.1653,7.48,2.6995,6.42,222066,4802.9,5.605,5.595
7501,train,2.9785,0.1565,6.04,2.4557,3.41,5061,4803.9,4.285,4.274
7502,train,2.9949,0.0836,7.13,2.6179,5.41,4640,4804.5,5.489,5.482
7503,train,2.9849,0.0825,6.08,2.6828,6.00,4458,4805.1,2.971,2.967
7504,train,2.5193,0.2757,4.71,2.0284,3.00,5146,4805.7,2.125,2.093
7505,train,2.8130,0.0895,8.27,2.4463,8.00,4211,4806.3,5.857,5.854
7506,train,3.1664,0.0512,8.20,3.1331,7.24,4162,4806.9,5.779,5.773
7507,train,3.1078,0.1637,6.31,2.9192,5.58,4171,4807.5,4.916,4.914
7508,train,2.3717,0.2863,4.61,1.6559,3.00,4156,4808.0,2.924,2.915
7509,train,2.3627,0.2640,4.18,1.9692,3.00,4243,4808.6,2.147,2.113
7510,train,2.7222,0.2140,5.74,2.2707,3.41,3883,4809.2,3.089,3.075
7511,train,3.5668,0.0726,9.15,3.4883,4.41,5286,4809.8,7.185,7.179
7512,train,2.1183,0.3199,3.55,1.6352,2.41,4971,4810.4,1.883,1.880
7513,train,3.5277,0.0997,6.13,2.9200,5.41,4603,4811.0,4.204,4.201
7514,train,2.2786,0.2471,4.14,1.8083,3.00,4278,4811.5,2.282,2.277
7515,train,3.3540,0.1348,7.06,2.8016,5.24,3880,4812.1,5.701,5.631
7516,train,2.5948,0.2625,5.08,2.3904,5.00,4590,4812.7,3.232,3.226
7517,train,2.9050,0.0963,9.50,2.2788,10.08,4612,4813.3,8.220,8.189
7518,train,3.1465,0.1009,9.35,2.4196,8.00,4234,4813.9,9.024,9.019
7519,train,2.9651,0.2693,9.21,2.1988,6.39,3966,4814.5,6.808,6.715
7520,train,4.0905,0.1499,9.58,3.6241,8.65,4517,4815.0,7.431,7.422
7521,train,2.6669,0.2820,5.01,2.3392,3.83,4829,4815.6,3.818,3.813
7522,train,2.7979,0.1215,5.03,2.6061,5.24,4256,4816.2,3.944,3.938
7523,train,4.7382,0.1143,12.30,4.2691,10.62,5046,4816.8,9.450,9.445
7524,train,3.9396,0.1794,8.74,3.5718,8.10,4521,4817.4,5.954,5.951
7525,train,3.4104,0.0372,6.22,3.2264,5.24,4543,4818.0,5.879,5.875
7526,train,3.3290,0.0772,6.94,2.8250,5.00,4731,4818.6,5.889,5.884
7527,train,2.4357,0.2041,4.51,2.0141,2.41,4287,4819.1,2.693,2.658
7528,train,3.1016,0.1070,7.50,2.5025,7.00,4460,4819.7,5.582,5.581
7529,train,2.9638,0.1997,5.36,2.7948,2.41,5149,4820.3,3.432,3.424
7530,train,3.0891,0.2695,5.92,2.5977,3.41,4505,4820.9,4.569,4.559
7531,train,3.3701,0.0545,12.13,2.9694,10.41,4242,4821.5,7.854,7.851
7532,train,2.4697,0.2492,4.78,1.8961,2.00,4650,4822.1,4.288,4.282
7533,train,3.6844,0.1832,11.56,3.2364,10.48,3963,4822.7,10.079,10.073
7534,train,4.0139,0.0134,9.00,3.7776,8.94,4772,4823.2,7.884,7.879
7535,train,3.0909,0.1710,6.91,2.7472,6.41,4597,4823.8,4.434,4.432
7536,train,3.2386,0.1505,7.07,2.8385,6.71,4272,4824.4,4.158,4.118
7537,train,3.3879,0.1096,6.64,3.0767,5.24,4333,4825.0,4.623,4.616
7538,train,2.4303,0.1812,4.67,1.9164,3.41,4359,4825.6,2.803,2.795
7539,train,3.1034,0.1035,7.61,2.6639,7.00,4813,4826.2,5.994,5.975
7540,train,3.0433,0.1604,6.88,2.5373,6.00,4158,4826.7,5.479,5.476
7541,train,3.9354,0.1230,7.47,4.0826,7.51,4895,4827.3,6.459,6.452
7542,train,4.1386,0.0770,12.16,3.6365,12.28,4102,4827.9,10.613,10.610
7543,train,3.5527,0.0533,7.47,3.5857,7.30,4240,4828.5,6.739,6.738
7544,train,3.6106,0.1325,11.07,3.2809,12.00,5579,4829.1,8.650,8.639
7545,train,3.5196,0.1442,10.32,3.0131,7.80,4203,4829.7,7.711,7.700
7546,train,3.8843,0.0984,17.66,3.2810,16.07,4077,4830.3,16.008,16.007
7547,train,3.3733,0.0762,7.71,3.0737,5.83,4435,4830.8,5.319,5.311
7548,train,4.1156,0.0178,16.07,3.7191,18.76,5107,4831.4,12.683,12.682
7549,train,3.5061,0.0966,7.85,3.2093,4.41,4584,4832.0,5.750,5.747
7550,train,2.5780,0.2979,6.99,1.8499,1.00,4888,4832.6,4.845,4.836
7551,train,2.1530,0.3134,5.28,1.8278,7.00,4490,4833.2,4.356,4.342
7552,train,2.9211,0.0779,5.36,2.6198,5.00,4713,4833.8,3.201,3.200
7553,train,2.0187,0.4020,3.63,1.4758,1.41,4239,4834.3,1.830,1.815
7554,train,3.2541,0.2162,8.80,2.8229,7.34,4663,4834.9,5.687,5.682
7555,train,2.6626,0.1264,4.82,2.1439,4.00,4139,4835.5,3.925,3.922
7556,train,3.6799,0.1739,7.02,2.9575,5.24,4605,4836.1,5.139,5.137
7557,train,4.1336,0.0303,12.99,3.9067,11.10,4357,4836.7,11.451,11.448
7558,train,5.2867,0.0107,19.20,5.0501,19.92,4009,4837.3,17.834,17.831
7559,train,2.6889,0.3004,5.00,2.0232,4.65,4773,4837.8,3.423,3.422
7560,train,3.4258,0.0603,11.39,3.3519,11.65,3800,4838.4,9.897,9.897
7561,train,2.9259,0.0959,5.48,2.7852,4.83,5086,4839.0,4.186,4.182
7562,train,4.1244,0.0389,12.26,3.6558,12.58,4733,4839.6,8.260,8.255
7563,train,3.1310,0.1213,8.03,2.6369,8.89,4642,4840.2,4.294,4.217
7564,train,4.2848,0.1109,9.23,3.8720,8.00,4582,4840.8,7.778,7.775
7565,train,4.8061,0.0135,17.31,4.5411,16.06,4824,4841.4,15.826,15.824
7566,train,2.8312,0.1726,6.37,2.3459,6.00,5411,4841.9,4.749,4.746
7567,train,2.6458,0.3011,4.09,2.0918,2.41,4706,4842.5,2.566,2.565
7568,train,5.5259,0.0414,18.23,4.9139,17.78,4785,4843.1,16.992,16.988
7569,train,2.6839,0.1844,6.34,2.1815,4.00,4240,4843.7,4.817,4.815
7570,train,2.7036,0.3079,4.82,2.4615,4.00,4186,4844.3,3.591,3.588
7571,train,2.1125,0.3433,3.51,1.8136,2.41,4419,4844.9,2.059,2.050
7572,train,2.6531,0.2526,7.59,2.2635,9.41,4411,4845.4,5.815,5.813
7573,train,2.5737,0.2214,5.22,2.1767,4.41,3894,4846.0,4.529,4.516
7574,train,3.3582,0.0608,12.17,3.2488,11.49,4938,4846.6,10.037,9.965
7575,train,2.5417,0.2207,4.93,1.6967,3.00,4645,4847.2,3.892,3.885
7576,train,3.5917,0.1983,13.48,3.3256,14.47,4321,4847.8,9.478,9.473
7577,train,2.9391,0.0975,6.99,2.7793,8.41,4533,4848.4,4.991,4.988
7578,train,1.9414,0.3640,3.24,1.5224,3.00,4187,4848.9,1.586,1.583
7579,train,3.5596,0.1254,12.48,3.1578,9.07,4122,4849.5,9.977,9.950
7580,train,2.8656,0.1898,6.22,2.6452,5.24,4652,4850.1,5.988,5.946
7581,train,2.6743,0.1052,5.02,2.4920,4.41,4827,4850.7,3.321,3.314
7582,train,3.9017,0.1562,9.09,3.4998,8.00,4263,4851.3,8.100,8.096
7583,train,2.9421,0.1629,5.90,2.2487,5.00,4678,4851.9,4.720,4.719
7584,train,2.5620,0.2743,4.07,2.2439,3.41,4947,4852.5,2.424,2.407
7585,train,2.7565,0.2958,6.76,2.2105,6.00,4990,4853.0,4.864,4.843
7586,train,2.9317,0.1763,6.81,2.5134,5.16,4901,4853.6,4.653,4.647
7587,train,3.1054,0.1255,9.54,2.5382,9.00,4326,4854.2,7.284,7.271
7588,train,3.6449,0.0877,7.91,3.3737,7.24,5722,4854.8,7.435,7.432
7589,train,2.8384,0.2770,5.40,2.1260,3.24,4419,4855.4,3.235,3.212
7590,train,2.1754,0.3139,3.89,1.6001,3.41,4122,4856.0,2.148,2.100
7591,train,2.8051,0.2702,4.80,2.4264,3.00,4997,4856.5,2.937,2.928
7592,train,2.5600,0.1996,4.61,2.0520,3.00,4113,4857.1,3.333,3.329
7593,train,2.8154,0.1717,5.94,2.6378,4.41,4542,4857.7,5.396,5.395
7594,train,2.5096,0.1909,4.66,2.2922,4.83,4155,4858.3,2.536,2.521
7595,train,3.1879,0.0841,5.80,2.7380,5.00,4185,4858.9,5.010,5.006
7596,train,3.4995,0.1098,8.76,3.2382,7.36,4955,4859.5,6.470,6.460
7597,train,2.9095,0.3165,8.65,2.6687,7.71,4009,4860.1,8.017,8.014
7598,train,3.5312,0.0417,10.30,3.0104,10.24,4603,4860.6,7.606,7.605
7599,train,2.8567,0.2175,7.92,2.3656,6.51,4620,4861.2,6.147,6.139
7600,train,3.6238,0.0603,6.91,3.3220,5.65,4680,4861.8,3.641,3.640
7601,train,2.5907,0.1843,4.91,2.1148,3.41,4509,4862.4,2.305,2.297
7602,train,3.5528,0.1792,8.55,3.1810,7.61,4123,4863.0,5.268,5.267
7603,train,2.7554,0.2236,7.46,2.2248,7.24,4396,4863.6,6.610,6.571
7604,train,2.4487,0.2279,4.48,2.1795,3.41,4428,4864.1,2.866,2.860
7605,train,2.0537,0.4031,3.19,1.6219,2.00,3617,4864.7,2.101,2.094
7606,train,2.3322,0.2438,4.42,1.6354,3.41,4533,4865.3,2.323,2.319
7607,train,2.6065,0.2522,4.99,2.1904,3.00,4287,4865.9,2.639,2.617
7608,train,2.3923,0.1850,4.52,1.8952,4.41,4001,4866.5,3.269,3.267
7609,train,2.6416,0.1845,7.86,2.1576,7.39,4152,4867.1,6.862,6.839
7610,train,2.2847,0.2621,4.54,1.9409,3.83,4082,4867.6,2.228,2.167
7611,train,4.3955,0.1841,11.19,3.9180,11.58,4389,4868.2,9.630,9.601
7612,train,1.9488,0.3930,3.26,1.3775,2.00,4221,4868.8,1.340,1.336
7613,train,3.2968,0.1628,7.91,2.6890,7.10,4534,4869.4,6.165,6.140
7614,train,2.4415,0.1933,4.80,1.8557,3.41,4093,4870.0,3.425,3.421
7615,train,2.5372,0.2255,4.98,2.0281,3.00,4487,4870.6,2.854,2.852
7616,train,3.7742,0.0562,9.89,3.5004,6.89,4326,4871.2,7.525,7.523
7617,train,2.4509,0.2591,6.48,1.9453,6.83,4183,4871.7,3.481,3.474
7618,train,2.9141,0.0800,5.52,2.5449,5.00,4828,4872.3,3.264,3.257
7619,train,3.0804,0.0967,6.29,2.6084,5.65,4511,4872.9,5.165,5.155
7620,train,2.7527,0.2674,6.28,2.4765,5.65,3792,4873.5,3.076,3.051
7621,train,2.2369,0.2591,4.39,2.0056,2.83,4269,4874.1,2.499,2.491
7622,train,2.6251,0.2185,4.87,2.0834,2.00,4421,4874.7,2.782,2.776
7623,train,2.9557,0.0634,9.50,2.5693,9.41,4272,4875.2,7.661,7.658
7624,train,2.5028,0.2415,5.06,1.9562,2.00,3929,4875.8,2.807,2.801
7625,train,3.0484,0.0668,5.80,2.4979,4.41,4641,4876.4,3.744,3.739
7626,train,3.8449,0.0482,9.53,3.4965,9.36,4209,4877.0,8.475,8.472
7627,train,3.3198,0.0698,6.69,3.1472,5.24,5326,4877.6,5.332,5.330
7628,train,3.0306,0.0776,6.39,2.7842,5.24,4473,4878.2,4.992,4.985
7629,train,3.2181,0.2097,6.83,3.1372,7.36,4345,4878.8,5.169,5.166
7630,train,2.6077,0.2630,4.82,2.1743,4.00,3958,4879.3,3.232,3.225
7631,train,2.6003,0.1438,5.20,2.3511,4.41,4243,4879.9,4.023,4.016
7632,train,2.8684,0.1630,6.90,2.6210,6.00,4197,4880.5,4.317,4.298
7633,train,2.6027,0.3386,6.01,1.9071,4.16,4693,4881.1,4.936,4.928
7634,train,3.0289,0.1553,9.78,2.4197,11.00,4779,4881.7,7.627,7.625
7635,train,3.8014,0.0736,10.66,3.3230,10.45,4361,4882.3,8.249,8.239
7636,train,2.3317,0.2171,4.37,1.8789,3.00,4722,4882.8,3.419,3.409
7637,train,2.9015,0.1438,6.73,2.8288,8.93,4860,4883.4,5.365,5.359
7638,train,3.0420,0.2294,5.78,2.6912,4.41,4294,4884.0,3.853,3.841
7639,train,2.6086,0.1828,5.21,2.1637,3.00,4360,4884.6,2.747,2.742
7640,train,2.6645,0.1877,8.48,2.2418,4.24,3819,4885.2,4.913,4.910
7641,train,2.1516,0.3810,3.22,1.7133,3.00,4160,4885.8,1.764,1.742
7642,train,4.0313,0.1083,13.95,3.7301,14.41,3859,4886.3,11.658,11.656
7643,train,2.8833,0.2387,6.40,2.2361,4.41,5064,4886.9,4.932,4.920
7644,train,3.6724,0.1835,8.39,3.3927,6.66,3727,4887.5,6.774,6.753
7645,train,2.4541,0.2241,4.70,1.9379,3.00,4806,4888.4,3.493,3.491
7646,train,3.3439,0.0999,9.01,3.0401,7.12,4183,4889.0,6.599,6.596
7647,train,2.6946,0.2131,5.65,2.2711,3.41,4443,4889.6,5.095,5.081
7648,train,2.3460,0.1766,4.56,1.9735,5.24,4376,4890.1,2.434,2.417
7649,train,2.2527,0.2785,4.11,1.4651,1.41,4847,4890.7,2.198,2.192
7650,train,3.1291,0.1260,6.73,2.5677,5.58,5001,4891.3,4.167,4.164
7651,train,3.4139,0.1256,9.10,2.8130,8.80,4261,4891.9,7.661,7.655
7652,train,2.8246,0.1260,5.20,2.6780,5.00,4460,4892.5,3.252,3.244
7653,train,2.1983,0.3019,3.78,1.5880,2.41,5015,4893.1,2.312,2.308
7654,train,2.9208,0.2216,5.47,2.3159,3.00,4801,4893.6,5.346,5.345
7655,train,2.2801,0.2599,4.79,1.9682,4.24,4552,4894.2,3.140,3.128
7656,train,3.3245,0.0836,7.17,3.1519,6.99,4663,4894.8,4.872,4.856
7657,train,2.9749,0.2049,7.37,2.2057,3.00,4621,4895.4,5.571,5.568
7658,train,3.0537,0.2515,7.20,2.4198,5.12,4938,4896.0,5.033,5.027
7659,train,2.3241,0.3753,4.46,1.8405,2.00,4649,4896.6,2.779,2.767
7660,train,1.9330,0.3921,3.54,1.2502,3.00,3810,4897.1,2.360,2.351
7661,train,2.9028,0.2259,6.72,2.5548,5.16,4197,4897.7,5.045,5.041
7662,train,2.4116,0.3743,4.07,1.6424,2.00,4416,4898.3,2.549,2.541
7663,train,2.7795,0.1828,5.32,2.3723,4.00,5056,4898.9,4.213,4.210
7664,train,3.0862,0.1990,7.11,2.5903,5.41,4302,4899.5,4.970,4.966
7665,train,2.3896,0.2699,3.95,1.9895,4.41,3898,4900.1,2.241,2.191
7666,train,2.7822,0.1334,6.65,2.0584,6.16,4476,4900.6,4.168,4.148
7667,train,2.6336,0.1820,5.20,2.0904,3.41,4411,4901.2,4.106,4.096
7668,train,2.2873,0.1809,4.64,1.7320,3.00,4267,4901.8,2.953,2.941
7669,train,3.4231,0.2420,8.84,2.8793,5.02,4352,4902.4,7.658,7.578
7670,train,2.3356,0.2135,4.24,1.7427,3.00,3723,4903.0,2.599,2.593
7671,train,3.0719,0.1665,5.64,2.8683,5.24,4390,4903.6,3.943,3.937
7672,train,2.5133,0.2808,4.09,1.9603,2.00,4242,4904.1,2.898,2.895
7673,train,2.3840,0.2474,4.59,2.0551,4.41,4188,4904.7,3.280,3.276
7674,train,3.0660,0.2482,6.20,2.4085,4.16,4472,4905.3,3.772,3.762
7675,train,3.1437,0.1386,6.67,2.5782,4.65,4777,4905.9,3.767,3.754
7676,train,3.1853,0.1749,9.03,2.5613,9.28,3980,4906.5,6.590,6.577
7677,train,2.2709,0.3118,4.25,1.4520,2.41,4372,4907.1,2.492,2.486
7678,train,2.9709,0.1546,9.97,2.5643,11.00,4774,4907.6,7.066,7.042
7679,train,3.1828,0.1413,6.08,2.7323,5.00,4035,4908.2,5.353,5.347
7680,train,2.8972,0.1522,6.67,2.8638,3.83,5133,4908.8,5.556,5.551
7681,train,4.0206,0.0805,9.25,3.8644,9.24,4484,4909.4,8.392,8.391
7682,train,3.9561,0.0459,8.98,3.4036,7.02,5125,4910.0,5.810,5.794
7683,train,2.6703,0.2558,4.77,2.2789,3.41,4097,4910.6,2.820,2.797
7684,train,2.6309,0.1960,8.48,1.9508,8.83,4087,4911.1,6.502,6.501
7685,train,2.1376,0.3730,3.60,1.5868,1.00,4703,4911.7,2.180,2.178
7686,train,2.9946,0.1824,6.39,2.5948,6.54,4933,4912.3,5.657,5.656
7687,train,2.6909,0.1540,5.01,2.1083,3.41,4390,4912.9,3.305,3.302
7688,train,2.6448,0.0746,5.10,2.1814,4.41,4936,4913.5,3.663,3.661
7689,train,2.8163,0.1632,4.85,2.3472,3.83,4382,4914.1,3.821,3.817
7690,train,3.1151,0.0916,6.90,2.7938,6.24,4223,4914.7,5.670,5.663
7691,train,2.9243,0.1751,6.14,2.4607,3.65,4467,4915.2,4.528,4.523
7692,train,2.2945,0.2566,4.23,1.8823,4.00,4525,4915.8,2.153,2.144
7693,train,4.2079,0.1303,13.23,3.9724,13.00,3807,4916.4,12.859,12.856
7694,train,2.3133,0.2386,4.25,1.8234,3.41,4379,4917.0,2.778,2.773
7695,train,2.5283,0.2302,4.39,1.7825,2.00,3997,4917.6,2.705,2.700
7696,train,2.9208,0.2239,6.67,2.2622,6.61,4894,4918.2,3.209,3.201
7697,train,2.6615,0.1375,5.33,2.2221,4.41,4123,4918.7,3.292,3.285
7698,train,2.5186,0.2607,5.35,1.8814,4.00,4430,4919.3,3.639,3.629
7699,train,3.4430,0.1337,9.30,3.0314,7.16,4539,4919.9,7.361,7.353
7700,train,2.6715,0.2926,5.46,2.1288,3.24,4101,4920.5,3.626,3.557
7701,train,2.9166,0.1053,6.16,2.3312,3.41,5035,4921.1,3.507,3.477
7702,train,2.3853,0.2805,4.26,1.7784,3.41,4481,4921.7,2.885,2.875
7703,train,2.7351,0.2573,8.01,2.3327,7.41,4753,4922.2,8.052,8.047
7704,train,3.3777,0.1652,8.08,3.1196,7.00,4346,4922.8,7.266,7.264
7705,train,2.4312,0.3126,4.02,1.9736,3.00,4834,4923.4,3.022,3.016
7706,train,2.3599,0.2187,4.27,1.8832,3.00,4770,4924.0,2.803,2.801
7707,train,2.7239,0.1338,4.98,2.3930,4.41,4864,4924.6,3.798,3.789
7708,train,2.5873,0.1533,4.99,2.0420,4.00,4377,4925.2,3.117,3.111
7709,train,3.5649,0.2717,8.72,2.7628,6.10,4675,4925.7,6.610,6.583
7710,train,3.1774,0.3036,5.45,3.1065,4.61,4928,4926.3,4.639,4.615
7711,train,2.7924,0.1343,6.50,2.3997,7.41,4155,4926.9,5.286,5.275
7712,train,2.9740,0.2830,6.19,2.3789,2.41,3951,4927.5,4.837,4.810
7713,train,3.0133,0.0891,5.86,2.2624,5.41,4973,4928.1,4.124,4.121
7714,train,3.2080,0.0727,6.89,3.1180,6.47,4815,4928.7,5.037,5.028
7715,train,3.5910,0.0939,6.73,3.2553,5.83,4932,4929.3,4.806,4.803
7716,train,3.0018,0.1554,7.18,2.4322,4.00,4383,4929.8,4.374,4.369
7717,train,2.1325,0.4343,4.05,1.4099,2.00,4308,4930.4,2.447,2.439
7718,train,2.4759,0.1459,4.82,1.8096,3.00,4874,4931.0,4.001,3.998
7719,train,2.7929,0.1882,6.24,2.4168,6.41,4712,4931.6,4.222,4.175
7720,train,4.3299,0.0972,9.86,4.1368,9.65,3950,4932.2,9.831,9.823
7721,train,2.8806,0.0966,5.93,2.2927,4.83,4505,4932.8,3.721,3.719
7722,train,2.5227,0.2114,4.72,2.0309,3.00,4243,4933.3,3.370,3.340
7723,train,2.4528,0.2296,4.58,1.8362,3.00,4060,4933.9,2.152,2.140
7724,train,3.3167,0.1524,8.98,2.7932,7.12,4627,4934.5,7.420,7.414
7725,train,2.8674,0.2262,6.96,2.4337,5.61,5005,4935.1,4.635,4.628
7726,train,2.5701,0.1682,4.94,1.7404,5.00,4298,4935.7,3.781,3.776
7727,train,2.8063,0.0855,5.16,2.2041,4.41,4105,4936.3,3.421,3.418
7728,train,3.1372,0.0594,7.62,2.6115,7.41,4262,4936.8,6.849,6.847
7729,train,3.6864,0.2264,10.92,2.7522,7.00,4718,4937.4,8.212,8.208
7730,train,3.4676,0.1143,7.34,2.9825,5.24,4936,4938.0,5.290,5.282
7731,train,2.3520,0.2606,4.30,1.7027,2.41,4739,4938.6,2.441,2.435
7732,train,2.4968,0.2368,4.36,1.9270,2.41,5047,4939.2,3.075,3.073
7733,train,2.6408,0.2534,5.06,1.9140,2.41,4246,4939.8,2.795,2.781
7734,train,3.0541,0.1018,6.70,2.6435,4.41,3968,4940.4,6.117,6.113
7735,train,2.6390,0.2122,4.81,2.1003,3.41,4284,4940.9,2.264,2.254
7736,train,2.3005,0.3065,3.78,1.9898,4.41,4150,4941.5,1.709,1.705
7737,train,2.9650,0.2293,5.58,2.4334,4.83,4788,4942.1,3.749,3.746
7738,train,2.3463,0.3091,3.94,1.7848,2.00,4060,4942.7,3.142,3.138
7739,train,3.2638,0.1428,7.92,3.2557,7.51,4567,4943.3,6.457,6.456
7740,train,3.6173,0.0666,9.29,3.4922,9.54,4713,4943.9,6.108,6.095
7741,train,3.5740,0.0648,10.76,3.2733,10.50,4720,4944.4,9.911,9.909
7742,train,3.0680,0.1826,12.50,2.5576,11.00,4952,4945.0,7.796,7.787
7743,train,2.2817,0.2890,4.33,1.8564,3.24,4492,4945.6,2.966,2.962
7744,train,2.1582,0.3986,3.96,1.5380,1.41,4523,4946.2,2.495,2.494
7745,train,2.2925,0.2309,4.09,1.9888,2.41,3963,4946.8,2.927,2.923
7746,train,4.0053,0.0635,8.61,3.8863,8.02,4314,4947.4,7.177,7.174
7747,train,2.7683,0.2129,5.42,2.3542,3.83,4119,4947.9,3.510,3.503
7748,train,2.6358,0.2369,5.50,1.9418,3.00,4555,4948.5,3.276,3.273
7749,train,2.3251,0.2958,4.89,1.8329,2.41,4125,4949.1,3.656,3.653
7750,train,3.0358,0.0980,6.15,2.5342,4.83,4400,4949.7,4.259,4.257
7751,train,3.6215,0.0615,8.79,3.3156,8.83,4863,4950.3,5.854,5.852
7752,train,2.3787,0.2389,4.71,1.8931,5.24,4282,4950.9,2.289,2.281
7753,train,4.0765,0.0212,12.80,3.7345,13.10,4192,4951.4,11.289,11.287
7754,train,2.8798,0.1295,5.29,2.6913,5.24,4758,4952.0,3.134,3.120
7755,train,2.8812,0.2333,5.38,2.3331,3.24,4703,4952.6,3.586,3.586
7756,train,2.4858,0.1367,5.02,1.9389,4.41,3944,4953.2,3.133,3.129
7757,train,2.1461,0.3279,3.79,1.7178,2.00,3946,4953.8,2.388,2.384
7758,train,2.9096,0.2541,5.37,2.5075,3.00,5210,4954.4,3.374,3.355
7759,train,2.1100,0.2678,3.77,1.7511,2.00,4616,4954.9,2.280,2.279
7760,train,3.0464,0.1053,8.16,2.5892,9.00,4700,4955.5,8.502,8.499
7761,train,2.8784,0.1646,6.23,2.2999,5.00,4185,4956.1,3.763,3.761
7762,train,2.6160,0.2001,5.76,2.1809,4.00,4733,4956.7,4.773,4.759
7763,train,2.7320,0.2504,4.77,2.2259,4.00,4210,4957.3,2.794,2.791
7764,train,2.1433,0.2463,3.77,1.6686,2.00,4782,4957.9,2.042,2.039
7765,train,2.6332,0.1538,4.85,2.2028,4.83,4869,4958.5,2.553,2.542
7766,train,3.0423,0.1853,8.93,2.2988,5.24,4463,4959.0,5.642,5.639
7767,train,2.1831,0.3852,3.70,1.4219,1.00,4488,4959.6,1.624,1.596
7768,train,2.9012,0.1505,8.72,2.4680,8.50,4373,4960.2,6.946,6.913
7769,train,2.8016,0.2252,4.98,2.1524,2.41,4680,4960.8,2.981,2.975
7770,train,2.6490,0.2537,4.62,2.3324,3.24,4324,4961.4,3.454,3.442
7771,train,2.2991,0.2487,4.11,1.9663,3.41,4456,4962.0,2.656,2.653
7772,train,2.2117,0.2735,3.94,1.6802,3.41,4142,4962.5,2.586,2.581
7773,train,2.2044,0.3342,3.66,1.5615,2.41,4210,4963.1,2.055,2.041
7774,train,3.7555,0.0447,7.12,3.3893,5.41,4051,4963.7,5.409,5.408
7775,train,3.9168,0.0882,7.79,3.6822,8.16,4887,4964.3,5.820,5.806
7776,train,3.9724,0.0263,11.29,3.6617,8.80,4668,4964.9,10.211,10.203
7777,train,2.4385,0.1527,4.79,1.9319,3.41,4191,4965.5,3.193,3.189
7778,train,3.1707,0.0755,5.79,2.7340,4.00,4332,4966.0,3.731,3.721
7779,train,2.4500,0.2144,4.52,1.7448,2.00,5117,4966.6,2.741,2.737
7780,train,2.6978,0.1545,5.18,1.8655,3.00,4247,4967.2,4.041,4.032
7781,train,4.0177,0.0812,7.39,3.4948,6.00,4567,4967.8,5.826,5.822
7782,train,4.1023,0.1864,11.45,3.4120,9.81,4576,4968.4,7.917,7.915
7783,train,2.6899,0.1617,4.76,1.9240,3.00,4280,4969.0,2.730,2.723
7784,train,4.9632,0.2833,9.03,4.1662,7.50,4518,4969.5,7.473,7.459
7785,train,3.0449,0.1545,6.05,2.3317,3.83,4486,4970.1,4.281,4.273
7786,train,2.4204,0.2534,4.44,1.9241,3.00,4404,4970.7,2.525,2.514
7787,train,3.7891,0.0345,8.74,3.4923,9.12,4412,4971.3,6.966,6.964
7788,train,2.7088,0.1537,7.34,2.0637,5.00,4894,4971.9,4.913,4.906
7789,train,3.1557,0.0968,7.01,2.8645,4.24,5033,4972.5,3.068,3.060
7790,train,2.8748,0.2764,7.37,2.4051,5.12,4085,4973.1,5.207,5.205
7791,train,3.8946,0.0892,10.61,3.3145,10.41,4944,4973.6,8.339,8.326
7792,train,3.7041,0.1048,10.77,3.3601,8.00,4343,4974.2,9.988,9.986
7793,train,3.2949,0.1227,7.43,2.7552,5.83,4133,4974.8,6.183,6.179
7794,train,3.5043,0.0974,7.95,3.2735,5.47,4722,4975.4,6.929,6.899
7795,train,3.5063,0.1197,8.88,3.1604,7.99,3959,4976.0,8.138,8.135
7796,train,3.5080,0.0828,8.57,3.1144,8.41,4673,4976.6,6.799,6.798
7797,train,2.2079,0.3485,4.84,1.8219,2.00,4571,4977.1,2.945,2.935
7798,train,2.9836,0.1547,6.74,2.2771,4.24,4880,4977.7,5.003,4.995
7799,train,3.5331,0.0934,12.77,3.0447,13.41,4613,4978.3,12.046,12.035
7800,train,4.0424,0.0662,9.88,3.8264,9.16,5573,4978.9,8.195,8.183
7801,train,3.3684,0.1273,7.50,3.1012,6.24,5004,4979.5,4.668,4.667
7802,train,2.4784,0.2164,4.72,2.1437,3.83,4099,4980.1,2.820,2.817
7803,train,2.4409,0.2823,5.45,2.3577,8.83,4481,4980.6,3.403,3.389
7804,train,2.4902,0.2353,4.55,2.1904,4.00,4496,4981.2,3.100,3.090
7805,train,2.9100,0.2575,6.08,2.4090,5.24,4811,4981.8,4.943,4.941
7806,train,2.6881,0.1979,9.32,2.2753,9.07,5614,4982.4,6.608,6.602
7807,train,2.8671,0.2360,8.55,2.6438,8.41,4644,4983.0,5.342,5.333
7808,train,2.8526,0.1245,5.78,2.5163,4.41,4185,4983.6,4.126,4.119
7809,train,2.6130,0.2459,4.70,2.1940,3.41,4209,4984.2,3.632,3.619
7810,train,2.9208,0.1649,6.27,2.7758,7.84,4463,4984.7,3.992,3.978
7811,train,2.8882,0.1638,8.01,2.5137,4.00,5171,4985.3,5.962,5.960
7812,train,2.8462,0.1619,7.78,2.3867,8.00,5232,4985.9,5.623,5.621
7813,train,3.2678,0.1381,6.15,2.9630,4.65,4460,4986.5,5.107,5.103
7814,train,2.7810,0.2364,5.21,2.5752,4.24,4620,4987.1,3.857,3.847
7815,train,2.2896,0.2896,3.84,1.8734,2.00,4327,4987.7,2.129,2.126
7816,train,2.4117,0.2595,4.07,1.9292,2.00,5014,4988.2,2.117,2.111
7817,train,2.4041,0.3530,3.94,2.0835,1.41,4031,4988.8,2.058,2.032
7818,train,2.3519,0.2069,4.35,1.9609,4.00,4781,4989.4,3.279,3.268
7819,train,2.4688,0.3034,4.29,1.9262,3.41,5637,4990.0,2.669,2.666
7820,train,2.0234,0.2925,3.80,1.5035,2.41,4109,4990.6,2.481,2.480
7821,train,2.7709,0.2060,5.81,2.3149,4.00,4340,4991.2,4.392,4.388
7822,train,2.2157,0.2509,4.33,1.6919,4.00,4074,4991.7,2.364,2.353
7823,train,3.1909,0.1887,6.17,2.9533,5.16,4531,4992.3,4.299,4.291
7824,train,3.4477,0.1915,9.52,2.9149,8.10,4208,4992.9,7.224,7.223
7825,train,3.1093,0.2765,6.75,2.4297,5.54,3950,4993.5,5.727,5.726
7826,train,2.6842,0.2991,6.29,2.2402,7.24,4410,4994.1,4.825,4.823
7827,train,3.0025,0.1288,6.35,2.6362,6.16,4690,4994.7,4.297,4.296
7828,train,2.7405,0.1141,5.37,2.6660,5.41,4252,4995.2,3.907,3.900
7829,train,2.4739,0.3636,3.98,2.1271,2.00,5297,4995.8,2.619,2.610
7830,train,2.9934,0.1988,7.05,2.5091,5.00,4976,4996.4,5.470,5.460
7831,train,3.4128,0.0782,6.78,3.6171,5.83,4798,4997.0,4.921,4.905
7832,train,5.0442,0.0432,12.67,4.7570,10.97,4281,4997.6,9.570,9.568
7833,train,2.6075,0.2391,5.57,2.1465,6.00,4960,4998.2,3.221,3.218
7834,train,3.1326,0.2205,6.24,2.8037,4.61,5824,4998.7,4.258,4.253
7835,train,2.6821,0.1524,5.01,2.4332,3.00,4507,4999.3,3.345,3.338
7836,train,2.2397,0.3301,4.56,1.6138,2.41,4380,4999.9,2.964,2.956
7837,train,2.8087,0.2218,6.08,2.3486,5.00,4495,5000.5,2.774,2.770
7838,train,3.1423,0.1447,6.35,2.9114,4.65,4796,5001.1,3.361,3.347
7839,train,2.0137,0.3427,3.83,1.5876,3.41,4039,5001.7,1.839,1.834
7840,train,2.7275,0.2462,6.05,2.0758,4.00,5110,5002.3,4.408,4.402
7841,train,3.0674,0.1890,6.65,2.6175,5.41,5322,5002.8,4.446,4.444
7842,train,3.5936,0.1872,9.28,3.1452,7.80,4829,5003.4,7.978,7.910
7843,train,3.2206,0.1455,6.58,3.0211,5.06,4310,5004.0,5.250,5.246
7844,train,2.7272,0.2101,6.05,2.4102,5.58,5402,5004.6,3.762,3.757
7845,train,2.3570,0.3305,5.21,1.5980,2.24,5005,5005.2,3.758,3.755
7846,train,2.8466,0.1519,6.14,2.3523,5.00,4278,5005.8,4.777,4.771
7847,train,2.5872,0.2062,5.10,2.1494,4.83,4194,5006.3,2.960,2.943
7848,train,4.8228,0.0359,10.19,4.5396,9.89,4562,5006.9,8.607,8.606
7849,train,2.7504,0.1447,5.28,2.2846,4.00,4408,5007.5,3.521,3.517
7850,train,2.2475,0.3002,4.34,1.5097,2.83,4164,5008.1,2.343,2.325
7851,train,3.5096,0.0862,12.36,2.7348,9.07,4850,5008.7,9.239,9.237
7852,train,2.9653,0.1739,5.29,2.4251,4.24,5359,5009.3,3.238,3.226
7853,train,2.3936,0.2327,5.34,2.0750,4.00,4211,5009.8,3.946,3.943
7854,train,2.9108,0.2213,6.67,2.3615,3.83,4501,5010.4,3.498,3.463
7855,train,2.4839,0.2868,5.69,1.7043,2.00,4484,5011.0,4.307,4.306
7856,train,3.5563,0.1592,7.36,3.3404,7.30,4793,5011.6,4.699,4.525
7857,train,2.5809,0.1853,5.10,2.0695,3.00,4640,5012.2,3.522,3.517
7858,train,2.1384,0.3565,3.79,1.6134,2.00,4611,5012.8,2.874,2.851
7859,train,3.5185,0.1756,8.08,3.2424,8.41,5005,5013.3,6.244,6.242
7860,train,2.2564,0.3463,4.17,1.8262,2.00,4048,5013.9,2.828,2.826
7861,train,3.9321,0.1197,12.96,3.7191,13.24,4194,5014.5,11.957,11.956
7862,train,3.8800,0.0669,11.78,3.3113,10.48,4949,5015.1,9.139,9.135
7863,train,2.3302,0.2940,5.88,1.8775,3.00,4377,5015.7,3.378,3.359
7864,train,2.4302,0.3404,5.27,1.9210,4.00,4421,5016.3,3.432,3.426
7865,train,3.3758,0.0964,11.51,2.8616,12.06,4814,5016.8,11.412,11.399
7866,train,2.7066,0.1768,5.61,2.1599,4.65,5137,5017.4,4.666,4.662
7867,train,3.5608,0.0400,8.59,3.2709,7.81,4222,5018.0,6.102,6.098
7868,train,3.0428,0.1553,6.44,2.5198,5.00,4513,5018.6,4.882,4.873
7869,train,2.4752,0.2070,6.20,2.2043,8.77,4869,5019.2,4.903,4.902
7870,train,2.5075,0.1696,5.34,2.0844,4.83,4099,5019.8,4.253,4.246
7871,train,4.0201,0.0490,12.83,3.6269,14.19,4390,5020.3,11.388,11.378
7872,train,2.4702,0.2361,5.36,1.9717,2.41,3914,5020.9,3.861,3.858
7873,train,2.9386,0.2251,4.81,2.6717,3.65,4242,5021.5,3.200,3.192
7874,train,2.8870,0.1555,5.21,2.4620,4.24,4657,5022.1,3.501,3.485
7875,train,2.2877,0.2352,4.23,1.9255,3.41,4660,5022.7,1.809,1.779
7876,train,2.8410,0.1295,5.82,2.4236,5.65,4595,5023.3,4.763,4.753
7877,train,2.4995,0.2634,4.54,2.2014,3.00,4678,5023.9,1.859,1.850
7878,train,2.0315,0.3422,3.68,1.3870,2.00,4076,5024.4,2.572,2.561
7879,train,2.5295,0.2870,4.28,1.7079,2.00,4533,5025.0,2.336,2.328
7880,train,2.8976,0.1909,5.89,2.4254,5.00,4070,5025.6,4.083,4.079
7881,train,2.7779,0.0932,4.99,2.3244,4.83,4852,5026.2,3.607,3.606
7882,train,2.5245,0.2908,4.62,1.9577,2.00,4876,5026.8,2.626,2.619
7883,train,2.2089,0.2229,4.20,1.7381,4.83,4688,5027.4,1.888,1.880
7884,train,2.7362,0.1823,5.59,2.0530,2.41,4750,5027.9,2.415,2.411
7885,train,2.6532,0.2130,5.00,1.8211,3.41,5155,5028.5,4.000,3.993
7886,train,2.0476,0.4050,3.21,1.5439,2.00,4217,5029.1,1.827,1.823
7887,train,2.0558,0.3937,3.32,1.4440,2.00,4237,5029.7,2.055,2.051
7888,train,2.7507,0.1113,5.58,1.9585,3.41,3909,5030.3,4.560,4.558
7889,train,2.6810,0.2557,5.78,2.2171,4.16,5128,5030.9,3.342,3.321
7890,train,2.0552,0.3039,4.00,1.3642,3.00,4741,5031.4,1.539,1.533
7891,train,2.4276,0.2734,4.52,1.6752,3.00,4652,5032.0,2.316,2.311
7892,train,3.5118,0.1143,6.87,3.1105,6.83,4497,5032.6,5.443,5.439
7893,train,3.1188,0.0783,10.61,2.8175,13.21,4342,5033.2,10.005,10.004
7894,train,2.5026,0.2135,4.58,2.0498,3.41,4646,5033.8,3.884,3.877
7895,train,2.9056,0.2115,7.70,2.5864,7.83,5115,5034.4,4.431,4.429
7896,train,2.4738,0.2735,3.76,2.1016,3.00,4453,5034.9,2.520,2.516
7897,train,1.8301,0.3407,3.37,1.6202,3.41,4229,5035.5,1.780,1.778
7898,train,2.2143,0.2567,3.89,1.7764,3.41,4515,5036.1,2.446,2.438
7899,train,3.0484,0.0961,6.49,2.6637,6.41,5338,5036.7,4.736,4.735
7900,train,2.7654,0.2117,6.11,2.3568,5.83,4351,5037.3,4.949,4.943
7901,train,2.5902,0.2106,4.81,1.8406,2.00,5066,5037.9,4.267,4.261
7902,train,2.3909,0.2812,4.19,1.4774,2.00,4303,5038.4,2.802,2.799
7903,train,2.7153,0.1443,5.16,2.3073,5.41,4297,5039.0,3.830,3.828
7904,train,2.6962,0.2587,5.22,1.9681,3.00,4773,5039.6,4.256,4.247
7905,train,2.4112,0.1890,4.49,1.8605,4.41,5070,5040.2,2.374,2.371
7906,train,2.8909,0.1268,8.20,2.6966,7.12,4620,5040.8,7.512,7.495
7907,train,2.1471,0.3339,3.97,1.8606,3.41,4052,5041.4,2.982,2.977
7908,train,2.6666,0.2038,4.59,2.0078,3.83,4641,5042.0,3.031,3.024
7909,train,3.1722,0.1633,8.93,2.9602,8.32,4164,5042.5,8.117,8.102
7910,train,2.6421,0.1320,5.40,2.1057,4.65,4729,5043.1,3.705,3.694
7911,train,3.4572,0.1330,6.65,3.1164,5.06,4331,5043.7,4.603,4.599
7912,train,2.8606,0.2351,4.72,2.1383,3.24,4339,5044.3,4.052,4.049
7913,train,3.0607,0.1750,6.33,2.7073,5.00,5308,5044.9,3.958,3.955
7914,train,2.8243,0.1663,5.89,2.3621,3.83,4505,5045.5,3.181,3.174
7915,train,3.4900,0.1035,8.01,2.9706,5.00,5141,5046.0,6.648,6.644
7916,train,2.7274,0.1973,5.04,1.8004,2.41,4334,5046.6,3.525,3.516
7917,train,2.5585,0.0956,5.01,2.1156,4.00,4322,5047.2,3.853,3.850
7918,train,4.3069,0.1663,11.06,3.7485,10.36,4529,5047.8,9.566,9.564
7919,train,4.1534,0.0110,15.77,3.9709,13.58,4076,5048.4,12.059,12.042
7920,train,2.9947,0.0254,6.30,2.4458,5.24,4407,5049.0,4.236,4.230
7921,train,3.6653,0.0393,8.75,3.2587,8.66,4830,5049.5,4.714,4.713
7922,train,2.3961,0.2917,4.03,1.7341,1.00,4601,5050.1,2.474,2.472
7923,train,1.9949,0.3411,3.34,1.7280,3.00,5075,5050.7,1.663,1.659
7924,train,3.2404,0.0935,9.15,2.8990,8.71,4845,5051.3,7.583,7.582
7925,train,2.5629,0.2618,4.85,2.0666,2.41,4285,5051.9,3.657,3.651
7926,train,2.6232,0.3221,5.57,1.9746,1.00,5030,5052.5,3.776,3.766
7927,train,2.7439,0.2342,4.65,2.5151,4.41,4718,5053.1,3.027,3.009
7928,train,3.1500,0.1781,7.55,2.5381,7.54,4914,5053.6,6.546,6.544
7929,train,3.2569,0.1282,5.33,2.9463,3.83,4346,5054.2,4.061,4.059
7930,train,2.0053,0.2851,3.66,1.6573,3.00,4261,5054.8,2.352,2.344
7931,train,2.7710,0.1205,5.66,2.3717,6.06,4879,5055.4,3.274,3.268
7932,train,1.8372,0.4069,3.42,1.3736,3.00,4274,5056.0,1.650,1.643
7933,train,2.0465,0.3099,3.73,1.5815,4.00,4482,5056.6,1.814,1.807
7934,train,2.2627,0.2818,3.97,1.4996,2.00,4514,5057.1,2.656,2.651
7935,train,3.5684,0.1452,8.89,3.2602,7.74,4416,5057.7,6.042,6.035
7936,train,2.3315,0.2864,4.00,2.0113,3.83,5223,5058.3,1.933,1.925
7937,train,3.7376,0.1117,7.64,3.4755,7.02,4368,5058.9,5.682,5.676
7938,train,2.9020,0.2023,6.80,2.3177,5.58,4434,5059.5,3.730,3.719
7939,train,3.3038,0.0566,7.87,2.9219,5.24,4329,5060.1,4.603,4.597
7940,train,2.0056,0.3979,3.38,1.4530,2.00,4594,5060.6,2.019,2.012
7941,train,2.9027,0.1514,5.95,2.4250,3.83,4247,5061.2,3.573,3.567
7942,train,2.9760,0.1665,6.78,2.4927,4.24,5188,5061.8,3.798,3.766
7943,train,2.3772,0.3627,5.43,2.0536,4.16,4635,5062.4,5.181,5.173
7944,train,3.3583,0.1608,7.63,2.6951,6.24,4814,5063.0,4.109,4.102
7945,train,2.2761,0.3005,4.33,1.8747,3.83,4595,5063.6,3.298,3.281
7946,train,2.5770,0.1346,9.04,2.0873,9.49,4694,5064.2,7.878,7.872
7947,train,3.5604,0.1516,9.89,3.3172,10.98,4161,5064.7,9.049,9.043
7948,train,3.0925,0.1442,6.83,2.9086,6.02,4527,5065.3,5.344,5.336
7949,train,2.7354,0.2198,6.20,2.3293,6.41,4341,5065.9,4.367,4.360
7950,train,3.3582,0.2080,7.92,2.8189,7.07,4649,5066.5,5.915,5.906
7951,train,2.6781,0.1575,5.41,2.1323,5.00,4350,5067.1,3.282,3.278
7952,train,3.6146,0.1569,10.05,3.1618,8.34,4437,5067.7,7.743,7.736
7953,train,2.5584,0.2977,4.33,1.8843,1.00,4488,5068.2,2.338,2.332
7954,train,3.2339,0.1081,6.74,2.5509,4.24,4884,5068.8,5.688,5.685
7955,train,2.7702,0.1940,4.94,1.8984,3.00,4340,5069.4,3.544,3.527
7956,train,3.4175,0.1764,6.72,3.1735,3.83,4586,5070.0,5.853,5.852
7957,train,2.7773,0.2524,5.46,2.3827,4.00,5301,5070.6,5.051,5.049
7958,train,3.3266,0.1848,7.43,2.6541,6.00,4804,5071.2,5.411,5.409
7959,train,2.8671,0.1501,8.36,2.4337,4.00,4950,5071.7,7.173,7.162
7960,train,2.7683,0.1142,4.99,2.3714,4.00,4149,5072.3,3.117,3.112
7961,train,2.8265,0.1129,7.16,2.3707,7.54,4598,5072.9,5.012,5.008
7962,train,2.7744,0.1135,5.91,2.4547,5.41,4080,5073.5,3.405,3.398
7963,train,2.2223,0.2432,4.48,1.7362,4.24,4815,5074.1,2.734,2.732
7964,train,3.0066,0.2278,7.29,2.3772,3.41,4166,5074.7,4.094,4.044
7965,train,2.3239,0.2768,3.98,1.9178,2.00,3995,5075.2,2.387,2.384
7966,train,4.2686,0.2601,10.03,3.9115,8.00,4779,5075.8,9.446,9.381
7967,train,2.5514,0.1963,4.95,2.1253,5.00,4489,5076.4,3.594,3.583
7968,train,2.7087,0.1992,5.25,2.3127,4.24,4337,5077.0,4.332,4.327
7969,train,2.7425,0.2093,8.19,2.4028,4.00,4247,5077.6,7.179,7.177
7970,train,2.5118,0.2202,4.90,2.1068,3.83,4618,5078.2,2.721,2.715
7971,train,2.3499,0.1939,4.20,1.9546,3.00,4245,5078.8,2.590,2.589
7972,train,2.8377,0.3006,4.33,2.6752,2.83,4235,5079.3,2.703,2.698
7973,train,3.6448,0.2920,13.05,3.3524,12.17,3966,5079.9,10.713,10.708
7974,train,2.6428,0.2089,4.82,2.5955,4.65,4486,5080.5,3.673,3.671
7975,train,1.9947,0.4041,3.24,1.4068,2.00,4264,5081.1,1.477,1.445
7976,train,3.2920,0.1014,8.07,2.7447,5.65,4025,5081.7,5.135,5.134
7977,train,3.0315,0.1713,6.43,2.4783,4.00,4290,5082.2,3.705,3.700
7978,train,2.4079,0.2589,4.56,1.8929,3.00,4642,5082.8,2.982,2.970
7979,train,4.0723,0.1017,9.78,4.0471,11.12,4581,5083.4,7.914,7.911
7980,train,3.1903,0.0875,12.91,2.7927,11.48,5108,5084.0,9.207,9.206
7981,train,2.5122,0.3704,4.62,1.9449,1.00,4984,5084.6,2.325,2.315
7982,train,3.3806,0.0788,7.54,3.0325,5.41,3754,5085.2,6.372,6.370
7983,train,3.0576,0.1734,5.55,2.7887,3.41,4204,5085.8,4.113,4.108
7984,train,2.7905,0.1799,5.85,2.4078,5.00,4286,5086.3,3.726,3.707
7985,train,3.5898,0.0599,9.39,3.1747,9.10,4308,5086.9,8.929,8.926
7986,train,2.9791,0.1271,8.70,2.4884,8.93,4911,5087.5,7.158,7.154
7987,train,2.1764,0.3025,3.89,1.7951,3.41,5024,5088.1,1.994,1.964
7988,train,3.3157,0.1401,11.23,2.8745,11.24,4895,5088.7,9.048,9.039
7989,train,2.6786,0.2209,5.25,2.0803,3.83,5125,5089.3,2.575,2.571
7990,train,3.0969,0.0763,10.73,2.7728,12.06,4652,5089.8,8.606,8.596
7991,train,3.5288,0.2228,6.05,3.5302,4.24,3950,5090.4,4.813,4.792
7992,train,2.6941,0.1528,5.40,2.2348,3.00,4556,5091.0,3.349,3.337
7993,train,2.9821,0.1390,6.60,2.4769,4.83,5323,5091.6,4.246,4.236
7994,train,2.6449,0.1645,5.01,1.8881,3.00,4517,5092.2,2.928,2.916
7995,train,2.4382,0.2509,4.71,1.7664,2.41,4954,5092.8,2.191,2.185
7996,train,2.5998,0.2034,5.02,2.0271,3.41,4311,5093.3,2.731,2.711
7997,train,2.8356,0.1840,5.73,2.1812,2.41,5249,5093.9,2.864,2.858
7998,train,2.7234,0.1211,5.07,2.3321,4.83,4177,5094.5,3.111,3.109
7999,train,3.3687,0.1620,8.84,2.9198,7.83,4396,5095.1,6.810,6.804
8000,train,3.1678,0.0710,6.10,2.4635,4.41,4957,5095.7,4.448,4.445
8000,val,3.1897,0.1607,7.65,2.7117,6.46,222066,5123.3,5.796,5.789
8001,train,2.9583,0.1068,6.53,2.2020,5.00,4717,5123.9,5.293,5.292
8002,train,3.1182,0.1517,7.39,2.8546,7.24,4061,5124.5,7.493,7.488
8003,train,3.3359,0.1757,6.15,3.1322,6.00,4507,5125.1,4.711,4.707
8004,train,4.2684,0.0321,13.49,4.1829,13.65,4332,5125.7,12.816,12.815
8005,train,2.4085,0.2702,4.07,1.8175,3.00,4104,5126.2,2.093,2.091
8006,train,2.5887,0.2282,5.68,1.8361,4.24,4452,5126.8,2.969,2.963
8007,train,2.0427,0.4274,3.17,1.4032,1.00,4200,5127.4,1.554,1.552
8008,train,2.4292,0.2932,4.77,1.8702,3.00,4328,5128.0,3.591,3.590
8009,train,2.3672,0.2425,4.91,2.0301,3.41,4194,5128.6,3.789,3.780
8010,train,2.7993,0.3891,6.11,2.3176,3.00,4670,5129.2,4.871,4.831
8011,train,3.1877,0.1671,7.38,2.5290,5.58,4788,5129.7,5.175,5.174
8012,train,3.2819,0.1192,8.82,3.0501,8.89,4388,5130.3,7.224,7.219
8013,train,2.8414,0.1308,6.08,2.5074,5.41,4632,5130.9,2.000,1.848
8014,train,2.2951,0.3236,3.87,1.6483,1.00,3968,5131.5,2.133,2.131
8015,train,2.0820,0.2570,4.10,1.6763,3.00,4342,5132.1,3.029,3.015
8016,train,1.8345,0.4250,3.12,1.2903,2.00,4428,5132.7,1.338,1.334
8017,train,2.6074,0.1709,4.87,2.0688,3.41,5045,5133.3,3.062,3.038
8018,train,3.5870,0.1246,7.72,3.1258,7.16,4623,5133.8,6.625,6.588
8019,train,3.1000,0.1485,7.32,2.4274,6.00,4679,5134.4,5.617,5.613
8020,train,2.7353,0.1703,5.14,2.2707,2.41,4363,5135.0,2.996,2.976
8021,train,2.6191,0.2783,5.54,2.1244,4.24,4434,5135.6,3.988,3.984
8022,train,3.1357,0.1393,9.83,3.0423,11.60,4823,5136.2,8.943,8.940
8023,train,3.5709,0.1766,9.44,3.1323,9.00,4083,5136.8,8.336,8.330
8024,train,2.6344,0.2394,4.13,2.4645,3.41,4561,5137.3,2.779,2.713
8025,train,3.8186,0.0299,10.05,3.4967,10.48,4785,5137.9,6.886,6.874
8026,train,4.0724,0.1000,9.12,3.6612,6.40,4628,5138.5,7.505,7.505
8027,train,3.5882,0.0525,7.21,3.0316,7.24,4934,5139.1,4.646,4.629
8028,train,3.0138,0.2077,5.17,1.9922,4.00,4165,5139.7,3.818,3.815
8029,train,2.4218,0.2413,4.32,1.7648,3.00,3875,5140.3,2.936,2.927
8030,train,3.7941,0.1095,7.82,3.7212,7.77,4711,5140.8,7.203,7.194
8031,train,3.3093,0.1433,7.49,2.9000,6.16,4690,5141.4,4.387,4.385
8032,train,3.1735,0.0919,10.28,2.9028,11.74,5137,5142.0,6.774,6.768
8033,train,2.3346,0.2016,4.14,2.0311,4.00,3715,5142.6,1.908,1.903
8034,train,2.3083,0.2393,4.32,1.8012,3.41,4188,5143.2,3.141,3.135
8035,train,2.2338,0.3877,3.50,1.6702,2.00,4746,5143.8,2.061,2.059
8036,train,2.5894,0.2079,4.58,2.1623,3.00,4623,5144.3,3.918,3.915
8037,train,2.3764,0.2850,3.96,1.8977,3.41,5077,5144.9,1.932,1.921
8038,train,2.8038,0.0787,5.66,2.3898,5.00,4106,5145.5,4.805,4.802
8039,train,2.8124,0.2716,4.80,2.6457,3.00,4031,5146.1,3.225,3.214
8040,train,2.9870,0.2474,13.13,2.4772,12.30,4353,5146.7,11.175,11.171
8041,train,2.5623,0.3400,4.59,2.0149,3.00,5203,5147.3,3.121,3.117
8042,train,2.6890,0.1823,5.48,2.0767,3.00,5152,5147.9,3.881,3.866
8043,train,2.1506,0.2273,4.11,1.4143,3.00,4149,5148.4,2.785,2.783
8044,train,3.2489,0.0712,8.22,2.7502,6.99,4901,5149.0,3.525,3.505
8045,train,4.3535,0.0419,11.75,4.2594,11.28,5559,5149.6,9.151,9.150
8046,train,2.7224,0.1983,5.54,2.4261,5.24,4242,5150.2,3.835,3.831
8047,train,4.2973,0.0614,15.71,3.9690,14.53,4981,5150.8,15.537,15.536
8048,train,3.5461,0.0522,9.34,3.4353,8.16,5023,5151.4,7.084,7.068
8049,train,2.2478,0.3578,4.07,1.8284,2.00,4617,5151.9,3.380,3.380
8050,train,2.6094,0.2834,5.16,2.0488,2.00,4115,5152.5,3.824,3.820
8051,train,2.4326,0.2388,5.29,1.8414,2.83,5038,5153.1,5.008,5.004
8052,train,2.6799,0.1468,4.94,2.5369,4.83,4579,5153.7,2.465,2.459
8053,train,2.0410,0.4319,3.13,1.5211,1.00,3989,5154.3,1.704,1.696
8054,train,2.8326,0.1589,6.18,2.4160,5.47,4765,5154.9,2.582,2.579
8055,train,3.3305,0.1801,7.94,3.0386,4.24,3765,5155.5,7.663,7.662
8056,train,2.6551,0.1828,4.85,2.3577,3.83,4617,5156.0,2.208,2.166
8057,train,2.8347,0.2270,5.24,2.4348,3.24,4573,5156.6,2.777,2.766
8058,train,3.6692,0.0795,9.91,3.3645,10.11,4565,5157.2,10.088,10.082
8059,train,2.2762,0.2118,4.14,2.2752,3.83,4154,5157.8,2.844,2.842
8060,train,2.7117,0.1796,5.55,2.3274,3.83,4921,5158.4,4.182,4.180
8061,train,2.6821,0.2779,6.76,2.4229,4.16,4880,5159.0,4.174,4.152
8062,train,2.3532,0.2839,4.09,2.0152,2.41,4530,5159.5,2.133,2.133
8063,train,3.9307,0.0267,8.03,3.5500,7.89,4675,5160.1,6.624,6.619
8064,train,3.5070,0.1268,9.91,3.0421,7.24,4582,5160.7,6.966,6.957
8065,train,2.5453,0.1635,6.91,2.2577,5.00,4631,5161.3,4.082,4.063
8066,train,3.0176,0.0958,6.39,2.6341,6.47,4665,5161.9,4.568,4.567
8067,train,2.7521,0.2020,5.57,2.2249,3.00,4149,5162.5,3.027,3.001
8068,train,2.8743,0.1264,5.36,2.4314,4.41,5031,5163.1,3.113,3.082
8069,train,2.7061,0.1652,7.64,2.1275,10.00,4915,5163.6,5.182,5.176
8070,train,3.5872,0.1172,6.92,3.2604,6.00,4471,5164.2,6.368,6.366
8071,train,2.8630,0.1231,9.90,2.6659,10.90,4507,5164.8,8.932,8.931
8072,train,2.4262,0.3473,4.01,1.8069,1.00,4550,5165.4,3.573,3.569
8073,train,3.6173,0.0466,9.70,3.2713,10.77,5750,5166.0,7.519,7.516
8074,train,3.0203,0.2499,6.67,2.4763,4.83,3862,5166.6,5.395,5.392
8075,train,3.2193,0.1449,7.97,2.8185,6.12,3796,5167.1,6.402,6.400
8076,train,3.1601,0.1784,5.82,2.5732,3.41,4361,5167.7,3.937,3.907
8077,train,2.2807,0.2918,4.05,1.8151,2.41,4332,5168.3,1.598,1.594
8078,train,3.2610,0.0505,6.20,2.8609,6.06,3963,5168.9,4.972,4.971
8079,train,1.8813,0.3984,3.35,1.3410,2.00,4300,5169.5,1.477,1.476
8080,train,3.0948,0.1213,5.80,2.7945,4.00,3942,5170.1,3.570,3.561
8081,train,3.7505,0.1507,12.24,2.8202,8.32,4779,5170.6,9.296,9.294
8082,train,3.3920,0.0946,7.68,2.9644,4.41,4960,5171.2,5.590,5.587
8083,train,2.8713,0.0895,5.20,2.4307,4.00,4670,5171.8,3.953,3.951
8084,train,2.6243,0.0849,5.63,2.1606,5.41,4556,5172.4,4.868,4.863
8085,train,4.0246,0.1076,13.29,3.3338,13.00,4490,5173.0,12.603,12.595
8086,train,2.5290,0.2249,5.64,2.2199,4.41,4883,5173.6,4.855,4.849
8087,train,2.8732,0.1736,5.05,2.7182,3.83,5203,5174.2,3.310,3.308
8088,train,2.7961,0.1983,5.72,2.1384,3.24,4236,5174.7,4.332,4.324
8089,train,2.4739,0.2457,5.17,2.1210,3.65,4920,5175.3,2.247,2.193
8090,train,3.8565,0.1183,15.49,3.4028,16.06,4093,5175.9,13.782,13.780
8091,train,2.0392,0.4862,2.97,1.3456,0.00,3984,5176.5,1.542,1.529
8092,train,3.2433,0.2199,5.85,2.7335,4.16,4307,5177.1,4.278,4.262
8093,train,2.7436,0.2295,5.32,2.3898,5.24,4514,5177.7,3.520,3.508
8094,train,2.7172,0.2277,5.07,2.3801,3.83,4853,5178.2,3.217,3.211
8095,train,3.7216,0.0729,8.18,3.3980,7.65,4935,5178.8,5.366,5.361
8096,train,3.2842,0.0658,13.75,2.8641,16.16,4562,5179.4,11.217,11.206
8097,train,2.6341,0.1799,5.33,1.9648,4.00,4146,5180.0,4.137,4.136
8098,train,3.0672,0.1097,7.87,2.6999,8.00,4541,5180.6,5.467,5.445
8099,train,2.9891,0.2266,6.85,2.5048,4.00,3994,5181.2,5.002,4.987
8100,train,3.1998,0.0894,9.60,3.2497,10.90,3980,5181.8,8.406,8.402
8101,train,3.7992,0.1174,15.56,3.2693,16.00,4720,5182.3,12.785,12.780
8102,train,2.8147,0.2804,5.73,2.3994,4.58,4376,5182.9,4.453,4.449
8103,train,2.4117,0.2596,4.42,1.5862,2.00,4572,5183.5,3.012,3.008
8104,train,1.8420,0.4153,2.87,1.5110,3.00,4014,5184.1,1.248,1.243
8105,train,2.8804,0.1914,5.49,2.4412,5.00,4514,5184.7,4.452,4.448
8106,train,2.6408,0.2786,5.41,2.1961,5.61,4444,5185.3,2.988,2.986
8107,train,2.2383,0.2968,3.79,1.8132,3.41,4347,5185.8,2.631,2.630
8108,train,2.5991,0.2231,5.13,2.0810,3.00,4491,5186.4,3.742,3.725
8109,train,3.7059,0.1239,8.50,3.1298,6.47,4077,5187.0,7.646,7.636
8110,train,2.0809,0.3747,3.41,1.5372,1.41,5140,5187.6,2.349,2.332
8111,train,2.7840,0.1162,5.34,2.3881,5.65,4983,5188.2,4.025,3.990
8112,train,3.0378,0.1138,6.51,2.6958,6.00,4419,5188.8,5.345,5.342
8113,train,3.0053,0.1898,6.36,2.4095,4.00,4711,5189.4,4.518,4.516
8114,train,3.0996,0.2173,6.15,2.8923,5.61,4353,5189.9,4.952,4.950
8115,train,2.0854,0.3610,3.64,1.6574,2.00,4102,5190.5,2.958,2.940
8116,train,3.7432,0.1039,8.64,3.2117,5.24,4891,5191.1,6.490,6.486
8117,train,3.3475,0.1786,9.20,3.0061,8.62,4161,5191.7,7.809,7.796
8118,train,2.8319,0.1563,6.03,2.4101,4.83,4868,5192.3,4.393,4.387
8119,train,2.3298,0.2132,4.27,1.9368,3.41,4738,5192.9,3.219,3.213
8120,train,3.2251,0.2065,9.88,2.8874,10.00,5075,5193.4,8.909,8.904
8121,train,2.4265,0.1982,5.78,2.1144,3.41,4042,5194.0,2.928,2.926
8122,train,2.3850,0.3315,11.21,1.5038,8.54,4456,5194.6,8.331,8.324
8123,train,2.9182,0.1904,5.89,2.5137,5.06,4580,5195.2,4.025,4.020
8124,train,2.8366,0.2103,4.75,2.7018,3.41,4545,5195.8,3.537,3.533
8125,train,2.5217,0.2952,4.52,2.1178,3.41,4804,5196.4,2.243,2.240
8126,train,3.6475,0.0642,8.93,3.0791,7.10,4422,5197.0,7.135,7.133
8127,train,3.8046,0.1309,7.98,3.5299,6.40,4188,5197.5,6.292,6.282
8128,train,3.0515,0.1052,6.08,2.6227,6.00,4115,5198.1,4.133,4.111
8129,train,2.7957,0.1289,5.48,2.2410,4.24,5553,5198.7,4.386,4.379
8130,train,3.1396,0.1622,6.57,2.7650,5.47,4851,5199.3,3.430,3.415
8131,train,1.7442,0.4163,3.01,1.2253,1.00,4225,5199.9,1.414,1.408
8132,train,2.5475,0.0948,5.45,2.2399,4.83,4566,5200.5,3.590,3.589
8133,train,3.2804,0.0971,7.75,2.8148,6.16,4914,5201.0,6.744,6.733
8134,train,2.6016,0.2675,7.73,2.0216,7.29,4437,5201.6,6.217,6.213
8135,train,2.1051,0.2862,4.19,1.6538,2.41,4011,5202.2,2.474,2.463
8136,train,3.6218,0.0756,10.09,3.4689,7.65,4561,5202.8,7.445,7.443
8137,train,2.7379,0.1114,7.30,2.4485,4.41,4794,5203.4,4.351,4.342
8138,train,2.0857,0.3851,3.20,1.7552,1.41,4017,5204.0,1.548,1.533
8139,train,3.1720,0.1813,7.14,2.7129,6.16,4213,5204.5,5.532,5.530
8140,train,2.1490,0.2857,4.16,1.6030,3.00,4008,5205.1,1.654,1.630
8141,train,2.6840,0.2997,6.74,2.2557,4.16,5425,5205.7,4.328,4.305
8142,train,2.6902,0.2178,5.63,2.4743,5.41,4720,5206.3,4.302,4.297
8143,train,2.4375,0.3413,4.76,1.9598,4.00,3950,5206.9,3.048,3.040
8144,train,2.4663,0.2983,6.17,1.9548,6.08,4580,5207.5,5.006,4.996
8145,train,3.5174,0.1558,12.52,3.1174,14.06,5212,5208.1,10.564,10.554
8146,train,2.6876,0.1861,5.65,2.3835,2.41,4407,5208.6,4.983,4.951
8147,train,3.0730,0.1585,6.40,2.8086,5.83,4405,5209.2,4.557,4.555
8148,train,2.4528,0.2421,4.86,1.7964,4.24,4733,5209.8,2.966,2.958
8149,train,3.1533,0.1856,5.50,2.9378,5.58,4692,5210.4,4.394,4.386
8150,train,3.1870,0.1780,8.30,3.2302,9.24,4107,5211.0,7.210,7.205
8151,train,5.0411,0.0066,10.97,5.0210,11.54,4077,5211.6,9.129,9.122
8152,train,3.0529,0.1859,11.05,2.7818,11.22,4555,5212.1,9.060,9.057
8153,train,2.5496,0.2334,4.93,2.1993,3.41,4558,5212.7,4.306,4.305
8154,train,2.8462,0.1142,6.25,2.5237,6.24,4739,5213.3,4.426,4.419
8155,train,3.2982,0.0758,9.41,2.7374,8.89,4076,5213.9,6.904,6.903
8156,train,2.6981,0.1918,5.75,2.3331,5.24,4834,5214.5,4.300,4.294
8157,train,3.3938,0.1016,7.32,2.9490,7.81,4646,5215.1,5.706,5.696
8158,train,2.7562,0.2212,5.27,2.7308,4.65,4317,5215.6,3.817,3.798
8159,train,2.8742,0.2443,7.08,2.0621,3.16,5334,5216.2,5.056,5.053
8160,train,2.5233,0.2843,4.88,1.9731,3.65,4313,5216.8,3.334,3.330
8161,train,2.7072,0.1795,5.14,2.2239,5.00,5086,5217.4,4.100,4.093
8162,train,3.3474,0.1292,8.58,2.8955,5.06,4799,5218.0,5.734,5.728
8163,train,2.3370,0.3206,5.56,1.9201,2.41,4969,5218.6,4.280,4.269
8164,train,3.1628,0.2745,8.55,2.6376,7.00,5198,5219.2,7.698,7.680
8165,train,2.3407,0.3418,4.98,1.6554,1.41,4710,5219.7,3.530,3.529
8166,train,2.6239,0.2516,5.13,2.1585,4.24,4261,5220.3,3.351,3.346
8167,train,2.3014,0.2940,4.04,1.8620,2.00,4585,5220.9,2.031,2.026
8168,train,2.2365,0.2602,3.82,1.8197,3.41,3959,5221.5,2.546,2.540
8169,train,3.0880,0.1800,6.63,2.6228,3.00,4150,5222.1,3.621,3.536
8170,train,3.3025,0.1463,7.29,2.9927,6.41,5278,5222.7,3.906,3.901
8171,train,2.7506,0.0762,5.24,2.4610,4.41,4159,5223.3,4.016,4.015
8172,train,3.1887,0.1514,11.78,2.6441,9.28,4605,5223.8,7.449,7.441
8173,train,2.7042,0.1116,5.42,2.3309,4.41,4561,5224.4,3.896,3.894
8174,train,2.1637,0.2892,3.59,1.8532,3.41,4350,5225.0,2.090,2.084
8175,train,3.5764,0.0745,8.80,3.2996,9.00,4781,5225.6,7.466,7.462
8176,train,2.2025,0.3103,3.83,1.7123,2.00,4589,5226.2,1.836,1.817
8177,train,2.8279,0.1471,6.76,2.4678,4.41,4662,5226.8,5.254,5.246
8178,train,2.8504,0.1629,5.74,2.5456,5.24,4678,5227.3,3.308,3.302
8179,train,3.2332,0.0858,8.17,2.9836,9.41,4873,5227.9,5.974,5.971
8180,train,2.9978,0.1784,7.04,2.4742,4.16,4698,5228.5,5.475,5.469
8181,train,2.2600,0.3062,4.02,1.7322,2.41,3922,5229.1,2.391,2.381
8182,train,2.9378,0.1383,5.79,2.6548,4.65,4781,5229.7,2.754,2.737
8183,train,2.7067,0.2204,5.54,2.6463,5.65,4981,5230.3,3.114,3.113
8184,train,2.6505,0.1688,5.38,2.0543,4.00,4283,5230.9,3.415,3.405
8185,train,2.5643,0.1976,4.78,2.1522,4.24,5178,5231.4,3.083,3.081
8186,train,2.6604,0.2140,4.72,2.2697,3.83,4734,5232.0,4.215,4.213
8187,train,3.9174,0.0761,11.12,3.4221,10.00,4391,5232.6,6.886,6.877
8188,train,2.2602,0.3147,5.21,1.8556,3.00,4808,5233.2,3.607,3.599
8189,train,2.3265,0.3203,3.67,1.9280,2.00,4851,5233.8,2.829,2.822
8190,train,2.8723,0.2073,6.30,2.6048,6.00,4423,5234.4,5.335,5.326
8191,train,3.2328,0.0999,9.43,2.7208,9.41,4054,5234.9,7.750,7.737
8192,train,3.3851,0.1243,7.44,2.9622,7.00,4666,5235.5,6.183,6.180
8193,train,2.2497,0.2905,3.94,1.4910,1.41,4010,5236.1,2.771,2.768
8194,train,2.4537,0.2633,4.57,2.0514,3.41,4106,5236.7,2.780,2.780
8195,train,2.4038,0.3227,5.13,1.7767,3.24,4004,5237.3,3.460,3.459
8196,train,2.6968,0.1283,6.49,2.3791,5.00,3943,5237.9,4.785,4.781
8197,train,2.9393,0.1519,6.02,2.4360,4.83,4166,5238.4,4.738,4.735
8198,train,2.1928,0.3035,4.47,1.8054,3.41,4185,5239.0,3.421,3.385
8199,train,2.1988,0.3388,7.03,1.8612,8.07,4490,5239.6,4.921,4.906
8200,train,3.1458,0.1035,7.80,2.6616,6.12,4000,5240.2,6.543,6.532
8201,train,3.3196,0.0477,6.04,3.3192,6.24,4592,5240.8,4.869,4.868
8202,train,2.9676,0.2445,7.63,2.5244,5.47,4863,5241.4,6.166,6.146
8203,train,3.2757,0.0719,7.01,2.7221,7.24,4299,5242.0,4.846,4.842
8204,train,3.2548,0.2175,6.96,2.7006,5.00,4635,5242.5,6.083,6.081
8205,train,2.3078,0.2434,4.31,2.0633,3.00,4064,5243.1,2.590,2.582
8206,train,2.6640,0.1982,5.66,2.0450,4.41,4274,5243.7,3.942,3.937
8207,train,3.2370,0.1686,9.36,2.6635,10.10,4370,5244.3,6.917,6.906
8208,train,2.8969,0.1673,6.38,2.5777,4.83,4000,5244.9,5.497,5.491
8209,train,1.9662,0.3125,3.63,1.3086,2.00,4135,5245.5,1.930,1.927
8210,train,3.5290,0.2226,7.18,3.3217,6.00,4866,5246.0,7.494,7.482
8211,train,2.9025,0.1297,5.21,2.5944,4.24,4541,5246.6,4.248,4.242
8212,train,2.2790,0.2401,4.37,1.7992,2.00,3877,5247.2,3.355,3.351
8213,train,2.4671,0.2310,5.00,1.8532,4.00,4983,5247.8,3.085,3.080
8214,train,2.3782,0.2825,5.28,1.8372,4.00,3979,5248.4,4.320,4.296
8215,train,2.6892,0.2477,4.98,2.2905,3.00,4388,5249.0,3.861,3.856
8216,train,2.5744,0.2190,5.18,2.0985,5.65,4118,5249.5,3.624,3.618
8217,train,2.5252,0.3193,6.89,2.0070,3.24,4272,5250.1,4.178,4.166
8218,train,2.8599,0.1916,6.18,2.3758,5.16,3889,5250.7,3.725,3.721
8219,train,2.6258,0.1392,5.40,2.2814,4.41,4676,5251.3,3.299,3.271
8220,train,3.5467,0.1261,9.00,3.1528,6.36,4900,5251.9,7.089,7.089
8221,train,2.4279,0.2170,5.16,2.0517,5.41,4507,5252.5,3.352,3.342
8222,train,2.4229,0.2035,4.57,1.7932,5.65,4628,5253.1,3.961,3.957
8223,train,2.9437,0.1481,5.46,2.1724,4.24,4112,5253.6,4.637,4.637
8224,train,2.5824,0.1786,4.49,2.4167,4.83,4105,5254.2,2.964,2.955
8225,train,3.3457,0.0704,9.03,2.8053,8.12,4775,5254.8,2.714,2.694
8226,train,2.3996,0.2818,4.14,1.8337,2.00,4663,5255.4,2.194,2.143
8227,train,3.4109,0.1109,6.21,2.8746,5.83,5165,5256.0,4.292,4.281
8228,train,3.0824,0.0729,5.96,2.8594,4.41,4459,5256.6,4.456,4.455
8229,train,2.2866,0.2779,4.70,1.9317,2.41,4164,5257.1,3.107,3.093
8230,train,2.9894,0.0636,6.56,2.5787,5.41,4783,5257.7,4.414,4.412
8231,train,2.8359,0.2286,6.08,2.6286,3.41,4546,5258.3,4.425,4.420
8232,train,3.5760,0.1355,10.63,3.0196,8.32,5330,5258.9,8.410,8.408
8233,train,3.1247,0.2304,10.34,2.7196,10.16,3923,5259.5,9.259,9.257
8234,train,2.9534,0.2032,6.20,2.9807,6.00,4577,5260.1,4.763,4.760
8235,train,3.3258,0.1951,7.02,3.0582,6.89,4660,5260.7,5.806,5.803
8236,train,2.7439,0.1679,5.69,1.9976,2.00,5116,5261.2,4.342,4.312
8237,train,3.0258,0.1776,6.09,2.5654,5.47,4661,5261.8,3.508,3.495
8238,train,3.1796,0.1970,9.45,2.5946,8.16,4056,5262.4,8.031,8.028
8239,train,2.5447,0.2676,5.12,1.9833,3.41,4369,5263.0,3.870,3.859
8240,train,3.9890,0.0257,8.79,3.6179,6.66,5369,5263.6,7.735,7.734
8241,train,3.0376,0.1508,6.06,2.5605,4.24,4597,5264.2,4.141,4.131
8242,train,2.9201,0.2113,6.70,2.3696,4.00,4249,5264.7,5.864,5.862
8243,train,3.1354,0.0673,6.49,2.9234,5.83,4589,5265.3,3.388,3.379
8244,train,3.2321,0.2018,6.69,2.5445,4.24,4613,5265.9,5.159,5.139
8245,train,4.0628,0.0509,10.67,3.7074,9.65,3987,5266.5,8.526,8.525
8246,train,2.6463,0.2663,5.90,2.0250,2.41,4108,5267.1,3.568,3.564
8247,train,2.7500,0.1808,9.46,2.4454,9.07,5237,5267.7,8.233,8.233
8248,train,2.6484,0.1460,4.72,2.2053,5.24,4411,5268.2,3.284,3.267
8249,train,2.7763,0.2163,4.56,2.3142,4.00,4249,5268.8,2.946,2.931
8250,train,2.0454,0.4069,3.48,1.6209,1.41,4158,5269.4,1.470,1.427
8251,train,4.2896,0.0203,7.73,3.8814,7.89,4523,5270.0,7.019,7.019
8252,train,2.4161,0.3193,4.10,1.8119,3.00,5008,5270.6,2.347,2.336
8253,train,2.8628,0.2796,7.49,2.1316,6.00,5339,5271.2,5.269,5.247
8254,train,3.2072,0.0505,6.16,2.9080,5.83,4673,5271.8,5.000,4.999
8255,train,2.3608,0.3068,4.32,1.8264,3.00,4560,5272.3,2.640,2.630
8256,train,2.4461,0.3454,4.68,2.0746,3.83,4233,5272.9,3.610,3.603
8257,train,2.6361,0.1909,4.56,2.2575,3.41,4134,5273.5,2.805,2.797
8258,train,2.4879,0.2748,4.45,1.9874,3.41,4348,5274.1,2.019,2.017
8259,train,2.3959,0.2627,4.20,2.0421,3.00,3608,5274.7,3.164,3.159
8260,train,3.0969,0.1921,6.90,2.9687,5.16,5491,5275.3,4.490,4.489
8261,train,2.7212,0.1742,4.30,2.5164,4.00,3818,5275.8,2.628,2.625
8262,train,2.7008,0.1387,4.99,2.0103,4.24,4197,5276.4,4.177,4.176
8263,train,2.7060,0.1700,4.98,2.0317,3.83,4671,5277.0,3.454,3.445
8264,train,4.7924,0.0238,12.77,4.5395,11.39,4333,5277.6,11.804,11.802
8265,train,2.0136,0.4966,2.86,1.4451,0.00,4104,5278.2,1.744,1.736
8266,train,2.3350,0.3189,3.97,1.5274,2.00,4422,5278.8,2.859,2.855
8267,train,5.0167,0.0206,14.66,4.4308,12.40,4765,5279.3,12.414,12.411
8268,train,2.6732,0.1938,5.22,2.2484,3.65,4876,5279.9,3.128,3.114
8269,train,3.2368,0.1747,7.83,3.0458,5.47,4241,5280.5,5.784,5.756
8270,train,2.7278,0.1806,8.06,2.4488,11.03,4186,5281.1,6.956,6.956
8271,train,2.4325,0.3019,4.13,1.6881,1.41,4999,5281.7,2.524,2.497
8272,train,2.5832,0.2571,6.56,1.9495,1.00,4512,5282.3,4.603,4.586
8273,train,2.2616,0.3428,3.81,1.2115,2.41,4802,5282.9,2.505,2.442
8274,train,4.3386,0.0353,11.68,4.0284,12.08,5076,5283.4,9.528,9.525
8275,train,2.6824,0.1849,5.10,2.4051,4.24,5148,5284.0,3.491,3.488
8276,train,2.1964,0.2703,3.88,2.1371,3.41,4913,5284.6,1.950,1.944
8277,train,2.6735,0.2958,4.96,2.4895,3.24,4064,5285.2,3.921,3.898
8278,train,2.6263,0.1979,5.03,2.3340,4.24,5250,5285.8,3.857,3.855
8279,train,2.7906,0.2291,6.56,2.1795,4.00,5037,5286.4,5.439,5.431
8280,train,3.2469,0.1070,7.89,2.8726,7.81,4588,5286.9,6.202,6.200
8281,train,2.6159,0.2342,4.88,2.2398,2.00,5500,5287.5,3.304,3.289
8282,train,2.7549,0.1873,5.74,2.3311,4.00,4207,5288.1,4.669,4.666
8283,train,2.7993,0.2832,5.21,2.4515,3.41,4738,5288.7,3.878,3.869
8284,train,2.8269,0.1917,5.29,2.0903,3.41,3949,5289.3,3.783,3.730
8285,train,3.2685,0.0991,7.77,2.8221,5.24,4902,5289.9,5.464,5.455
8286,train,2.7606,0.1470,5.28,2.3380,4.00,4170,5290.5,3.643,3.632
8287,train,2.5554,0.1791,4.63,2.3624,4.00,3779,5291.0,3.206,3.199
8288,train,2.7151,0.1929,4.90,2.4262,4.41,5396,5291.6,3.106,3.092
8289,train,2.5710,0.2121,5.31,1.8922,3.41,5011,5292.2,3.160,3.142
8290,train,2.9112,0.1393,6.38,2.5829,5.65,4471,5292.8,3.725,3.724
8291,train,3.4865,0.1965,11.16,2.8051,9.00,4784,5293.4,8.527,8.525
8292,train,1.9884,0.3253,3.42,1.7648,4.00,4716,5294.0,1.844,1.838
8293,train,2.7508,0.3230,4.97,2.0993,2.24,4449,5294.5,4.367,4.364
8294,train,3.1842,0.0929,10.13,3.0048,9.71,5363,5295.1,6.325,6.301
8295,train,2.3653,0.2564,4.30,1.8124,2.41,4536,5295.7,2.571,2.552
8296,train,2.6266,0.2802,4.86,2.3311,3.24,4933,5296.3,4.078,4.074
8297,train,2.1554,0.2812,3.82,1.7477,3.00,4730,5296.9,1.625,1.622
8298,train,2.1510,0.3798,3.37,1.6594,1.00,4492,5297.5,2.017,2.015
8299,train,2.5396,0.1810,4.88,2.0321,3.41,4172,5298.1,3.868,3.862
8300,train,3.2043,0.2066,14.40,2.9302,14.89,5004,5298.6,11.723,11.720
8301,train,2.5163,0.3149,4.79,1.9679,3.41,4043,5299.2,3.441,3.428
8302,train,2.4755,0.2472,4.65,2.1720,3.83,4344,5299.8,3.139,3.125
8303,train,2.2230,0.3149,3.99,1.7147,2.00,4655,5300.4,3.502,3.490
8304,train,2.1350,0.3909,3.74,1.5777,2.00,3970,5301.0,2.642,2.641
8305,train,3.0910,0.0673,5.97,2.6634,5.83,3921,5301.6,4.532,4.531
8306,train,3.0130,0.1283,6.25,2.3506,5.00,4873,5302.2,4.629,4.622
8307,train,3.8117,0.0640,9.66,3.4509,8.83,5473,5302.7,6.568,6.564
8308,train,2.4999,0.1466,4.81,2.0728,4.00,4789,5303.3,3.064,3.060
8309,train,2.2446,0.2929,3.78,2.1707,4.41,3936,5303.9,2.002,2.002
8310,train,2.8968,0.1726,4.94,2.6460,3.41,4252,5304.5,3.596,3.588
8311,train,3.4791,0.0902,8.80,2.8611,4.41,4467,5305.1,5.433,5.428
8312,train,2.4428,0.2961,4.12,1.7196,3.00,4249,5305.7,2.199,2.192
8313,train,2.0045,0.3187,3.45,1.7832,3.00,3907,5306.2,1.377,1.368
8314,train,2.5331,0.2325,5.13,1.8362,2.00,4150,5306.8,3.662,3.659
8315,train,2.8146,0.1762,5.19,2.3663,3.41,4908,5307.4,3.287,3.283
8316,train,2.9063,0.2234,5.55,2.3569,4.41,4607,5308.0,4.289,4.286
8317,train,2.9548,0.1462,8.35,2.4862,5.83,4604,5308.6,5.802,5.794
8318,train,2.5676,0.2914,5.71,1.9279,4.16,4382,5309.2,3.918,3.916
8319,train,2.4476,0.2835,4.31,1.8380,2.00,4681,5309.7,2.647,2.640
8320,train,2.7075,0.2533,5.82,2.3870,5.02,5583,5310.3,4.534,4.516
8321,train,2.3579,0.3385,4.53,1.9538,2.83,4821,5310.9,3.458,3.440
8322,train,2.4599,0.3086,5.19,1.5739,2.41,4099,5311.5,2.129,2.121
8323,train,3.3682,0.0923,8.93,2.9151,5.00,4548,5312.1,5.558,5.555
8324,train,3.6321,0.1088,9.71,3.4649,10.08,4073,5312.7,9.767,9.765
8325,train,2.9035,0.1635,6.83,2.3991,6.00,4812,5313.3,4.390,4.385
8326,train,2.0414,0.3926,3.51,1.5255,1.41,4274,5313.8,2.062,2.049
8327,train,4.0151,0.0900,12.93,3.5699,14.50,3902,5314.4,11.728,11.726
8328,train,4.8401,0.0776,11.58,4.7325,10.54,4769,5315.0,8.516,8.489
8329,train,2.5786,0.2003,5.35,2.0509,4.24,4369,5315.6,3.100,3.082
8330,train,2.7680,0.2595,5.61,2.4680,4.16,3930,5316.2,4.441,4.428
8331,train,3.1994,0.1133,8.53,2.8138,6.41,4598,5316.8,6.590,6.583
8332,train,2.5137,0.2889,4.80,1.8417,3.41,4534,5317.3,2.979,2.968
8333,train,3.5420,0.1364,8.13,3.2207,5.41,4493,5317.9,7.470,7.459
8334,train,2.8194,0.2112,6.20,2.2998,6.00,4801,5318.5,3.518,3.483
8335,train,4.1247,0.0464,15.99,3.4281,14.22,4995,5319.1,14.271,14.266
8336,train,1.9854,0.2963,3.61,1.5680,3.00,4175,5319.7,2.117,2.113
8337,train,2.8543,0.2275,5.20,2.4647,4.00,4109,5320.3,3.503,3.500
8338,train,3.0111,0.1733,5.50,2.1758,2.41,4461,5320.8,3.198,3.191
8339,train,3.3671,0.1468,8.65,3.4394,7.54,3984,5321.4,7.769,7.768
8340,train,3.5482,0.1235,8.37,3.0298,7.40,4649,5322.0,5.966,5.949
8341,train,3.6423,0.1093,7.73,3.0997,6.65,4959,5322.6,5.805,5.802
8342,train,2.8497,0.1599,9.48,2.5788,9.08,4859,5323.2,6.922,6.913
8343,train,2.8046,0.1692,5.32,2.6514,3.41,4433,5323.8,3.045,3.034
8344,train,2.5879,0.1858,4.66,2.0661,3.41,4312,5324.4,3.454,3.451
8345,train,4.1246,0.1424,13.21,3.4140,9.32,4627,5324.9,10.167,10.158
8346,train,2.9455,0.1067,6.73,2.5651,7.00,5398,5325.5,4.968,4.959
8347,train,3.4455,0.1670,9.30,2.9122,9.83,4688,5326.1,7.585,7.574
8348,train,3.2002,0.0537,6.95,2.5769,6.06,4096,5326.7,3.967,3.961
8349,train,2.9885,0.0906,6.48,2.6924,5.83,4328,5327.3,4.717,4.715
8350,train,2.6656,0.1442,5.28,2.1751,4.00,4377,5327.9,3.827,3.822
8351,train,2.7920,0.1738,5.40,2.1024,4.00,4702,5328.4,4.214,4.210
8352,train,2.7709,0.1769,5.08,2.4282,2.41,4924,5329.0,3.205,3.168
8353,train,2.2992,0.3911,3.66,1.5073,2.00,4607,5329.6,2.208,2.198
8354,train,2.4550,0.2537,4.09,1.7102,3.00,4017,5330.2,2.375,2.370
8355,train,2.7463,0.1229,5.99,2.5812,6.58,4426,5330.8,4.600,4.597
8356,train,2.7440,0.2303,4.82,2.1507,3.41,4469,5331.4,3.069,3.062
8357,train,3.2903,0.0605,6.85,2.9800,6.24,4809,5332.0,5.785,5.781
8358,train,2.5424,0.1879,5.08,2.1247,4.00,4056,5332.5,3.657,3.655
8359,train,4.0560,0.0746,10.73,3.4357,10.32,4196,5333.1,9.386,9.382
8360,train,3.0250,0.1675,8.58,2.4126,8.10,4800,5333.7,5.715,5.711
8361,train,4.1084,0.0348,19.45,3.6424,20.77,4831,5334.3,15.504,15.502
8362,train,3.1718,0.1565,6.85,2.9710,7.12,4863,5334.9,4.978,4.977
8363,train,3.9252,0.0172,9.16,3.5021,6.83,4312,5335.5,7.642,7.640
8364,train,2.0632,0.2723,3.81,1.7053,3.41,3804,5336.0,2.479,2.478
8365,train,3.0141,0.2355,6.10,2.3261,4.16,5146,5336.6,3.569,3.533
8366,train,2.8392,0.2273,5.19,1.9796,3.41,4527,5337.2,3.531,3.529
8367,train,2.7793,0.2072,4.74,2.4953,3.41,4305,5337.8,3.584,3.580
8368,train,2.4378,0.1971,4.54,2.1468,4.83,4210,5338.4,2.885,2.877
8369,train,3.5571,0.1388,7.88,3.0622,7.51,4833,5339.0,6.913,6.899
8370,train,2.6144,0.1527,4.88,2.2145,4.41,4538,5339.5,3.049,3.047
8371,train,2.9316,0.0678,5.99,2.5819,5.24,4736,5340.1,4.547,4.522
8372,train,2.3104,0.2489,4.09,1.8138,3.41,4191,5340.7,3.043,3.036
8373,train,2.8543,0.1003,5.42,2.5669,4.83,3979,5341.3,3.169,3.168
8374,train,4.4206,0.0121,14.91,4.3136,16.43,3873,5341.9,12.576,12.575
8375,train,2.3453,0.1938,4.25,1.8995,2.00,4277,5342.5,2.887,2.882
8376,train,4.0719,0.0127,9.25,3.6963,6.83,4977,5343.1,8.092,8.089
8377,train,3.1397,0.1863,9.43,2.6456,7.41,4739,5343.6,7.488,7.481
8378,train,2.6003,0.3328,4.90,2.0015,3.41,4429,5344.2,3.613,3.597
8379,train,2.2239,0.4648,4.22,1.7229,2.00,4174,5344.8,3.038,3.033
8380,train,3.1328,0.1188,13.32,2.7244,12.30,4873,5345.4,11.238,11.232
8381,train,2.9198,0.2207,6.00,2.4279,5.16,4454,5346.0,4.970,4.966
8382,train,3.0066,0.1465,6.31,2.6402,6.89,5202,5346.6,4.865,4.846
8383,train,2.3999,0.2502,4.21,2.1000,2.00,4149,5347.1,2.572,2.569
8384,train,2.9049,0.1823,10.33,2.3872,10.48,4340,5347.7,7.748,7.731
8385,train,2.5482,0.1869,5.91,2.0630,3.00,4622,5348.3,4.790,4.787
8386,train,3.4613,0.0594,9.19,3.0427,8.80,5032,5348.9,8.520,8.516
8387,train,2.3314,0.1610,4.38,1.8558,3.00,4417,5349.5,3.486,3.480
8388,train,6.5404,0.1056,17.67,5.8597,15.71,4206,5350.1,15.781,15.780
8389,train,2.8047,0.3114,5.74,2.4677,4.16,4262,5350.7,4.128,4.112
8390,train,2.5911,0.2000,6.47,2.3821,7.40,4469,5351.2,5.007,4.999
8391,train,3.1871,0.0516,6.62,2.9567,4.83,4728,5351.8,3.807,3.785
8392,train,3.5610,0.0637,6.66,3.3859,7.24,4428,5352.4,5.883,5.883
8393,train,2.4843,0.2067,4.52,2.0870,4.24,4707,5353.0,2.512,2.504
8394,train,3.7743,0.1469,12.41,3.2655,12.40,4745,5353.6,11.162,11.159
8395,train,3.0417,0.2302,5.89,2.6665,5.16,4305,5354.2,3.722,3.715
8396,train,2.7949,0.1971,6.80,2.4324,6.16,4054,5354.7,4.633,4.621
8397,train,2.5073,0.2108,5.58,1.9728,5.00,4530,5355.3,3.994,3.990
8398,train,2.8192,0.1265,5.40,2.6504,5.24,4418,5355.9,4.314,4.312
8399,train,3.8113,0.0487,9.11,3.1102,9.26,4888,5356.5,7.603,7.600
8400,train,2.6590,0.1476,5.28,2.2141,4.83,4859,5357.1,3.859,3.857
8401,train,3.1434,0.1327,6.33,2.7127,5.00,4415,5357.7,4.400,4.396
8402,train,3.2691,0.0503,6.25,2.7198,5.41,5271,5358.3,4.856,4.851
8403,train,2.9993,0.1987,8.79,2.9273,9.39,4795,5358.8,6.491,6.487
8404,train,2.6825,0.2005,5.30,2.1814,3.41,4440,5359.4,4.145,4.143
8405,train,2.1674,0.3201,3.71,1.6601,2.41,4220,5360.0,2.373,2.361
8406,train,2.1065,0.3419,3.61,1.7602,2.41,4612,5360.6,2.311,2.305
8407,train,2.8085,0.2102,5.56,2.4543,4.65,4238,5361.2,3.845,3.844
8408,train,2.6007,0.2804,4.98,2.3915,4.65,4305,5361.8,3.156,3.139
8409,train,2.2265,0.2735,4.18,1.6068,3.00,5078,5362.3,2.842,2.833
8410,train,2.5761,0.2742,5.27,2.0611,3.00,4800,5362.9,1.781,1.760
8411,train,3.9800,0.1172,11.56,3.5657,9.56,5206,5363.5,9.249,9.244
8412,train,2.3566,0.1846,4.44,1.7675,3.41,4156,5364.1,3.109,3.108
8413,train,2.8125,0.1681,6.14,2.3345,4.24,4575,5364.7,4.395,4.387
8414,train,2.7974,0.1719,5.45,2.3348,4.24,4591,5365.3,4.107,4.105
8415,train,3.3735,0.1973,10.98,2.6817,9.25,4141,5365.9,8.892,8.769
8416,train,2.7439,0.1101,6.06,2.2163,5.24,4650,5366.4,4.051,4.041
8417,train,2.9224,0.1612,7.15,2.5764,5.83,5092,5367.0,5.111,5.109
8418,train,2.5802,0.2172,4.93,2.1586,4.41,3950,5367.6,3.450,3.446
8419,train,3.4070,0.1488,7.17,3.4081,5.06,4383,5368.2,4.967,4.966
8420,train,3.6309,0.1653,12.27,3.2032,9.74,4677,5368.8,9.415,9.414
8421,train,2.6402,0.1665,5.28,2.2143,4.00,4035,5369.4,4.185,4.178
8422,train,3.3904,0.0230,7.35,2.6386,5.00,4339,5369.9,6.193,6.188
8423,train,3.4506,0.0883,8.29,3.1395,9.10,4404,5370.5,6.629,6.623
8424,train,3.7172,0.1370,7.91,3.2035,6.16,4276,5371.1,5.984,5.959
8425,train,3.3195,0.2509,10.44,2.9358,12.54,4475,5371.7,8.623,8.611
8426,train,3.0212,0.1737,6.28,2.9437,7.66,4369,5372.3,2.062,2.024
8427,train,2.4378,0.2305,4.11,2.1985,3.41,4238,5372.9,3.447,3.441
8428,train,4.0341,0.1848,7.54,3.7261,6.47,5060,5373.5,6.068,6.066
8429,train,2.6765,0.1468,5.72,2.5360,5.41,4190,5374.0,5.465,5.462
8430,train,3.2952,0.2209,7.75,2.5494,6.12,5147,5374.6,6.028,6.001
8431,train,2.6715,0.0864,5.46,2.4057,5.65,4662,5375.2,4.359,4.354
8432,train,2.8061,0.2322,5.50,2.2398,4.65,4647,5375.8,3.985,3.977
8433,train,3.4383,0.0303,7.07,2.9814,5.83,4820,5376.4,6.769,6.763
8434,train,3.5039,0.0313,8.04,3.1586,5.83,5114,5377.0,7.226,7.224
8435,train,2.1437,0.3320,3.72,1.6822,2.41,4826,5377.5,1.598,1.593
8436,train,3.4103,0.1587,7.85,3.2594,7.24,5193,5378.1,6.105,6.102
8437,train,3.5376,0.0183,7.48,3.3388,7.06,4425,5378.7,6.248,6.240
8438,train,3.3495,0.1688,8.19,2.9892,6.47,3684,5379.3,5.350,5.346
8439,train,2.0075,0.3923,3.38,1.4221,1.41,4677,5379.9,1.435,1.434
8440,train,3.3646,0.0699,6.60,2.8394,5.65,4504,5380.5,5.876,5.872
8441,train,2.7185,0.1255,5.30,2.3075,5.00,4526,5381.1,4.864,4.846
8442,train,2.6471,0.1648,4.97,2.1225,3.00,4175,5381.6,2.728,2.714
8443,train,2.9885,0.0824,6.03,2.6149,5.65,4403,5382.2,4.030,4.019
8444,train,2.7673,0.1530,5.23,2.2905,4.41,4497,5382.8,3.792,3.784
8445,train,3.2159,0.1897,6.48,2.3771,5.00,4735,5383.4,4.936,4.924
8446,train,3.8721,0.0419,10.16,3.4340,7.41,4301,5384.0,8.176,8.170
8447,train,2.3164,0.3573,3.61,2.1408,2.41,4386,5384.6,1.915,1.904
8448,train,2.7122,0.3121,5.05,2.0179,3.24,4406,5385.1,3.003,2.981
8449,train,2.8730,0.2049,7.23,2.4632,7.80,4652,5385.7,6.122,6.119
8450,train,2.9054,0.1967,5.68,2.7101,5.65,4108,5386.3,3.816,3.795
8451,train,3.2558,0.1792,6.26,2.9865,4.83,5966,5386.9,5.623,5.613
8452,train,3.1092,0.1328,8.64,2.7682,8.83,4090,5387.5,6.897,6.894
8453,train,3.7617,0.0707,8.55,3.6913,7.41,4439,5388.1,7.461,7.458
8454,train,2.9878,0.1653,6.13,2.6465,5.24,5021,5388.6,4.419,4.414
8455,train,2.1863,0.3748,3.28,1.8627,2.00,3623,5389.2,2.317,2.312
8456,train,2.3857,0.1821,4.44,1.8175,3.00,4053,5389.8,3.735,3.733
8457,train,2.7548,0.2593,4.73,2.3519,3.00,4573,5390.4,3.652,3.648
8458,train,3.0968,0.2313,7.77,2.4969,6.00,4742,5391.0,7.025,7.024
8459,train,3.0877,0.1597,7.21,2.6842,4.83,4571,5391.6,5.783,5.776
8460,train,2.8776,0.2330,6.93,2.4552,6.12,4836,5392.1,5.507,5.484
8461,train,3.7760,0.2206,11.84,2.8970,9.06,4951,5392.7,9.109,9.094
8462,train,2.6941,0.1514,5.70,2.1657,3.00,3956,5393.3,2.652,2.647
8463,train,2.9684,0.1096,6.06,2.6814,4.41,5148,5393.9,3.663,3.661
8464,train,2.5329,0.1862,6.12,2.0614,5.00,4512,5394.5,3.842,3.840
8465,train,3.1565,0.1555,7.20,2.6457,6.16,4522,5395.1,4.294,4.291
8466,train,2.7643,0.2434,5.62,2.0547,4.24,4421,5395.7,3.752,3.741
8467,train,2.7882,0.1869,5.50,2.4639,4.65,4788,5396.2,4.479,4.473
8468,train,4.2307,0.0388,11.24,3.6694,8.85,5180,5396.8,8.278,8.276
8469,train,2.9753,0.1305,7.36,2.6998,8.00,4536,5397.4,6.812,6.805
8470,train,3.2235,0.0760,6.28,3.0625,5.41,4581,5398.0,4.875,4.869
8471,train,2.4903,0.2416,4.39,1.8293,3.00,5542,5398.6,3.151,3.147
8472,train,2.3064,0.3417,4.87,1.8217,2.00,4738,5399.2,1.909,1.899
8473,train,2.1213,0.3223,3.65,1.4492,1.00,4828,5399.7,2.319,2.290
8474,train,4.7417,0.0233,13.87,4.2046,13.91,4543,5400.3,11.880,11.876
8475,train,3.0290,0.1082,7.30,2.7659,7.95,4982,5400.9,4.356,4.351
8476,train,2.3333,0.3227,4.05,1.5214,2.41,4946,5401.5,2.101,2.089
8477,train,3.3983,0.2515,10.00,2.7603,8.41,4132,5402.1,9.095,9.077
8478,train,2.6333,0.2081,5.39,2.2452,3.65,4190,5402.7,3.193,3.181
8479,train,3.4337,0.0613,9.55,3.1365,8.12,4994,5403.2,7.215,7.209
8480,train,3.3804,0.1093,13.93,2.8596,14.07,5188,5403.8,10.388,10.375
8481,train,2.6219,0.1830,4.97,2.0726,3.00,4322,5404.4,3.420,3.420
8482,train,2.2354,0.2707,4.81,1.9937,5.16,3960,5405.0,2.360,2.353
8483,train,2.7929,0.2505,5.81,2.3920,4.16,4335,5405.6,3.129,3.105
8484,train,2.5036,0.1919,4.56,2.1597,4.00,4618,5406.2,3.095,3.071
8485,train,3.3372,0.2195,9.61,2.9897,9.21,4246,5406.7,8.983,8.983
8486,train,3.1429,0.1215,10.44,2.4381,11.41,5234,5407.3,7.653,7.643
8487,train,2.4312,0.2216,4.67,2.1015,4.00,4387,5407.9,2.394,2.382
8488,train,2.1948,0.3563,3.57,1.7916,2.00,4142,5408.5,1.802,1.795
8489,train,2.7792,0.1338,5.52,2.1782,3.83,4424,5409.1,3.631,3.614
8490,train,3.8533,0.0625,12.41,3.5668,12.41,5300,5409.7,8.493,8.485
8491,train,3.5296,0.1744,10.50,3.0911,8.08,4902,5410.3,8.478,8.463
8492,train,3.2152,0.1047,7.45,2.6446,6.58,4841,5410.8,5.258,5.254
8493,train,3.4761,0.1719,6.97,3.0884,6.65,4800,5411.4,5.590,5.586
8494,train,1.8975,0.3949,3.34,1.4817,2.00,4822,5412.0,2.628,2.615
8495,train,3.2373,0.1402,7.53,2.7438,6.40,4488,5412.6,6.721,6.719
8496,train,2.6378,0.1523,5.59,2.2768,4.83,4209,5413.2,4.055,4.041
8497,train,3.5992,0.1199,10.51,3.3202,12.36,5256,5413.8,7.508,7.504
8498,train,2.3972,0.3539,4.29,1.6080,2.00,4326,5414.3,2.221,2.209
8499,train,3.0770,0.1563,6.03,2.7259,4.24,4934,5414.9,4.225,4.221
8500,train,3.9234,0.0644,10.85,3.7169,13.07,3978,5415.5,10.149,10.125
8500,val,3.1384,0.1577,7.40,2.7503,6.58,222066,5443.2,5.594,5.582
8501,train,3.1570,0.2464,9.50,2.8210,10.03,4574,5444.3,9.384,9.378
8502,train,3.1132,0.1571,10.15,2.6469,11.23,4978,5444.9,9.803,9.794
8503,train,2.5968,0.1927,6.59,2.2274,5.00,4831,5445.5,4.352,4.338
8504,train,2.0421,0.3413,3.34,1.6141,2.00,4401,5446.1,2.125,2.124
8505,train,2.6309,0.2445,5.16,2.2965,4.16,4377,5446.7,4.046,4.041
8506,train,3.6239,0.1473,14.37,3.1238,13.22,4502,5447.2,10.797,10.792
8507,train,2.7752,0.1767,6.77,2.3282,5.89,4470,5447.8,5.476,5.468
8508,train,3.4926,0.1605,8.55,2.9732,6.66,4896,5448.4,7.162,7.156
8509,train,2.4164,0.3161,5.56,1.8993,4.00,4012,5449.0,4.595,4.585
8510,train,3.3836,0.1061,7.98,3.2414,7.41,5023,5449.6,5.935,5.928
8511,train,2.8005,0.2163,6.88,2.6623,8.10,4300,5450.2,6.913,6.907
8512,train,2.8824,0.1778,5.72,2.5055,6.47,4696,5450.8,4.111,4.098
8513,train,3.3619,0.2791,8.22,3.1395,6.10,3701,5451.3,6.554,6.539
8514,train,2.1619,0.2884,4.32,1.6182,5.06,4452,5451.9,2.135,2.129
8515,train,2.8950,0.0806,9.34,2.5943,9.08,4244,5452.5,7.906,7.899
8516,train,3.2335,0.1455,8.68,3.1367,8.83,4290,5453.1,7.836,7.821
8517,train,2.6106,0.1994,4.62,2.1812,3.41,4388,5453.7,2.916,2.900
8518,train,2.2390,0.2769,4.36,1.4838,1.41,4030,5454.3,2.756,2.755
8519,train,2.4739,0.2243,4.23,2.1058,3.41,4168,5454.8,2.738,2.731
8520,train,2.2569,0.4106,5.22,1.5817,2.00,3887,5455.4,3.650,3.649
8521,train,2.5250,0.2826,4.92,1.8068,3.00,4519,5456.0,4.359,4.359
8522,train,2.8660,0.0814,5.67,2.6996,5.83,4089,5456.6,4.096,4.090
8523,train,4.1449,0.1422,12.49,3.6030,10.08,4685,5457.2,9.100,9.080
8524,train,2.3325,0.2169,4.66,1.6961,4.00,4823,5457.8,3.590,3.566
8525,train,2.5023,0.1530,4.60,1.9697,4.41,4622,5458.3,2.715,2.709
8526,train,2.2492,0.3748,3.78,1.6155,1.00,4637,5458.9,2.677,2.662
8527,train,3.0212,0.1275,5.82,2.7277,4.41,4299,5459.5,3.105,3.085
8528,train,3.1191,0.2106,5.68,2.7791,3.65,5413,5460.1,3.696,3.685
8529,train,2.8530,0.3755,6.57,2.2136,4.00,4661,5460.7,4.792,4.788
8530,train,2.4678,0.2912,4.17,2.0639,2.00,3946,5461.3,2.838,2.831
8531,train,3.1317,0.1412,8.36,2.8114,8.41,4257,5461.9,7.596,7.592
8532,train,3.4833,0.1741,10.60,2.9714,9.50,5083,5462.4,8.656,8.651
8533,train,2.1442,0.3467,3.32,1.8570,2.00,4150,5463.0,1.959,1.958
8534,train,3.0367,0.0962,7.20,2.8472,5.83,4804,5463.6,3.975,3.962
8535,train,3.5235,0.1797,13.08,2.8070,10.48,4418,5464.2,10.164,10.162
8536,train,3.3989,0.1585,8.77,2.9406,7.10,4871,5464.8,7.441,7.438
8537,train,2.5211,0.1699,5.19,2.1090,4.41,4356,5465.4,3.236,3.232
8538,train,3.6724,0.0739,15.91,3.4593,17.94,3586,5466.0,15.089,15.079
8539,train,2.2823,0.4727,3.93,1.8275,1.00,4303,5466.5,2.204,2.185
8540,train,2.3736,0.2357,4.78,1.6628,2.41,4145,5467.1,2.265,2.253
8541,train,2.0312,0.3934,3.45,1.6105,1.00,3991,5467.7,1.881,1.875
8542,train,2.8548,0.1749,4.99,2.4084,3.00,5060,5468.3,4.248,4.237
8543,train,3.0447,0.1587,9.47,2.8195,9.00,4500,5468.9,6.820,6.819
8544,train,3.2613,0.1743,7.32,2.5031,3.41,4131,5469.5,5.845,5.836
8545,train,3.0423,0.2286,8.52,2.8425,7.00,4248,5470.0,5.959,5.957
8546,train,2.8133,0.1433,5.61,2.2542,4.00,5358,5470.6,4.422,4.420
8547,train,2.9877,0.1656,6.00,2.9072,4.24,4063,5471.2,5.487,5.483
8548,train,2.9474,0.3124,9.13,2.5091,8.41,4184,5471.8,8.789,8.774
8549,train,2.2083,0.3388,4.57,1.7340,2.00,3875,5472.4,3.178,3.175
8550,train,4.1091,0.0913,7.58,3.7300,6.89,4897,5473.0,6.042,6.026
8551,train,3.2001,0.1486,7.63,2.7934,4.41,4570,5473.5,4.571,4.570
8552,train,3.0172,0.0553,5.94,2.6019,4.83,4427,5474.1,4.431,4.426
8553,train,3.4276,0.1858,10.68,2.8972,10.07,4635,5474.7,7.926,7.919
8554,train,2.0529,0.3958,3.47,1.3277,1.00,4174,5475.3,2.637,2.610
8555,train,2.4066,0.2743,4.85,2.0649,1.00,3952,5475.9,2.382,2.370
8556,train,3.4987,0.0481,8.87,3.2740,7.54,4155,5476.5,6.859,6.730
8557,train,3.0340,0.1948,11.79,2.6861,11.00,4086,5477.1,9.759,9.744
8558,train,3.1525,0.2778,6.83,2.5387,3.24,4679,5477.6,5.294,5.291
8559,train,3.1368,0.1395,8.11,2.5245,7.77,4453,5478.2,5.536,5.523
8560,train,2.3004,0.3637,3.77,1.9161,1.41,4342,5478.8,2.225,2.223
8561,train,2.0117,0.3718,3.59,1.4429,2.00,4118,5479.4,1.762,1.756
8562,train,3.5225,0.1785,8.51,3.0337,7.10,4079,5480.0,6.738,6.730
8563,train,3.2157,0.0891,6.59,2.8678,5.65,4322,5480.6,4.875,4.869
8564,train,3.3107,0.1764,7.22,3.1226,7.41,4990,5481.1,6.439,6.431
8565,train,2.9531,0.1462,7.37,2.6119,5.41,5075,5481.7,5.765,5.711
8566,train,2.6244,0.3763,4.84,2.1154,2.24,4130,5482.3,3.560,3.551
8567,train,3.0950,0.1911,13.21,2.5826,14.00,4689,5482.9,9.616,9.609
8568,train,3.3313,0.1328,6.11,3.2375,4.83,4624,5483.5,5.374,5.368
8569,train,4.0294,0.0568,11.99,3.5504,11.00,4558,5484.1,10.244,10.233
8570,train,2.4676,0.1780,4.75,1.7446,3.00,4355,5484.6,2.639,2.622
8571,train,3.5575,0.2004,13.04,3.2671,10.48,5370,5485.2,10.883,10.880
8572,train,2.8667,0.1559,6.21,2.3170,4.24,4374,5485.8,4.861,4.837
8573,train,2.9208,0.1017,5.25,2.5664,3.41,5063,5486.4,4.435,4.431
8574,train,3.2802,0.1265,7.20,2.7395,6.24,4341,5487.0,5.958,5.953
8575,train,3.1594,0.0423,5.91,3.1979,5.24,4395,5487.6,4.300,4.293
8576,train,2.5214,0.1992,4.66,1.9028,3.00,5177,5488.2,2.660,2.654
8577,train,3.0208,0.1097,8.79,2.7261,4.41,4750,5488.7,4.791,4.767
8578,train,2.6000,0.1988,4.36,2.1109,3.41,3933,5489.3,2.991,2.972
8579,train,2.5886,0.2947,4.61,2.0097,2.41,5182,5489.9,3.286,3.281
8580,train,2.0031,0.4585,3.19,1.4174,1.00,4061,5490.5,1.707,1.700
8581,train,3.8783,0.1262,12.48,3.5490,11.71,4967,5491.1,10.571,10.556
8582,train,2.6033,0.2240,5.12,1.9985,3.00,4563,5491.7,2.914,2.907
8583,train,2.4336,0.2541,4.69,1.7238,2.41,5234,5492.2,3.756,3.754
8584,train,2.9694,0.1872,8.34,2.5266,6.12,4743,5492.8,5.745,5.736
8585,train,2.3890,0.1733,4.47,1.9870,4.00,4576,5493.4,3.264,3.258
8586,train,2.4950,0.3038,4.25,1.8154,2.41,4440,5494.0,2.192,2.168
8587,train,2.7127,0.2008,5.44,2.1234,3.41,5193,5494.6,3.280,3.268
8588,train,3.8910,0.0667,7.41,3.7610,7.65,4666,5495.2,4.986,4.984
8589,train,1.7559,0.4429,2.97,1.2934,1.00,4276,5495.8,1.004,1.001
8590,train,2.5998,0.1939,4.98,2.0127,4.00,4198,5496.3,3.705,3.694
8591,train,3.2049,0.0345,8.09,3.0786,6.47,4294,5496.9,6.108,6.103
8592,train,2.1313,0.2455,4.02,1.6206,2.00,4277,5497.5,2.461,2.454
8593,train,3.1447,0.1842,8.58,2.6118,7.39,4760,5498.1,6.329,6.318
8594,train,3.1807,0.2654,7.16,2.9171,5.89,4070,5498.7,5.135,5.130
8595,train,2.5287,0.1320,5.56,2.0296,4.00,4318,5499.3,3.446,3.429
8596,train,1.8429,0.3966,2.99,1.2373,1.00,4675,5499.8,2.139,2.135
8597,train,3.1680,0.1501,5.92,3.1523,6.81,4044,5500.4,4.805,4.799
8598,train,3.2822,0.1563,9.20,2.9187,10.69,4235,5501.0,6.759,6.754
8599,train,2.8145,0.3251,5.67,2.6260,3.24,4113,5501.6,5.500,5.495
8600,train,3.1656,0.0648,6.67,2.5590,5.24,5003,5502.2,5.977,5.973
8601,train,2.7388,0.2122,5.10,2.4548,5.06,4826,5502.8,3.359,3.357
8602,train,2.2737,0.2776,3.86,1.6869,3.00,4471,5503.3,2.475,2.473
8603,train,3.0463,0.2297,5.79,2.4539,3.41,4358,5503.9,4.228,4.227
8604,train,2.2317,0.2376,4.13,1.7043,3.00,3834,5504.5,2.370,2.353
8605,train,2.1410,0.3432,3.74,1.6327,3.00,4432,5505.1,2.235,2.221
8606,train,3.3910,0.0812,6.80,2.8224,5.06,5482,5505.7,5.602,5.600
8607,train,3.4976,0.1900,8.46,3.2561,7.51,4341,5506.3,7.844,7.831
8608,train,1.9971,0.4075,3.48,1.4570,1.00,4081,5506.9,1.831,1.825
8609,train,2.4487,0.2455,4.61,2.0947,3.83,3784,5507.4,2.770,2.768
8610,train,2.7755,0.2614,5.71,2.2451,4.00,4112,5508.0,4.978,4.962
8611,train,3.2208,0.1206,6.89,2.8242,7.47,4612,5508.6,5.723,5.708
8612,train,2.6172,0.3289,7.37,2.1434,8.07,4399,5509.2,4.981,4.977
8613,train,2.8040,0.2217,5.23,2.3327,2.83,4727,5509.8,4.090,4.084
8614,train,2.9667,0.1662,5.78,2.3299,3.41,4235,5510.4,4.570,4.565
8615,train,2.9519,0.1561,6.39,2.8088,6.00,4343,5510.9,3.692,3.672
8616,train,2.9500,0.1426,12.00,2.7172,12.00,4195,5511.5,9.327,9.326
8617,train,2.4330,0.2323,4.46,1.7421,3.00,4507,5512.1,2.879,2.875
8618,train,3.5309,0.0990,9.26,3.1879,10.73,4395,5512.7,7.294,7.287
8619,train,3.7479,0.0242,12.27,3.5111,14.06,4212,5513.3,9.665,9.651
8620,train,2.5886,0.1804,5.23,2.0976,4.00,4369,5513.9,2.595,2.585
8621,train,2.6880,0.2209,5.08,2.1371,3.24,3939,5514.4,3.394,3.385
8622,train,2.8312,0.2494,5.25,2.2971,2.00,4543,5515.0,3.280,3.278
8623,train,2.9783,0.1017,5.57,2.1891,4.00,4889,5515.6,4.562,4.559
8624,train,2.8181,0.1705,7.99,2.3778,6.47,4961,5516.2,6.354,6.278
8625,train,2.2472,0.2845,3.98,1.8454,3.00,4035,5516.8,2.203,2.189
8626,train,2.6910,0.1747,6.18,2.2954,5.41,4557,5517.4,4.376,4.376
8627,train,2.6489,0.1897,4.85,2.3804,3.83,4307,5518.0,3.875,3.866
8628,train,2.7908,0.2097,6.15,2.4106,5.58,4679,5518.5,5.288,5.281
8629,train,2.7467,0.0929,5.22,2.4489,5.00,4295,5519.1,3.405,3.397
8630,train,3.1196,0.1453,7.38,2.5809,6.83,4940,5519.7,4.525,4.515
8631,train,1.9934,0.3933,3.38,1.6513,2.83,3921,5520.3,1.989,1.980
8632,train,2.5104,0.3124,4.08,1.9331,3.00,4306,5520.9,2.375,2.367
8633,train,2.1625,0.3216,3.61,1.6323,1.00,5019,5521.5,2.204,2.197
8634,train,2.5643,0.1545,7.15,2.1452,9.10,4789,5522.0,5.048,5.044
8635,train,3.3532,0.2449,8.87,2.7567,7.00,4303,5522.6,4.920,4.916
8636,train,2.6151,0.2556,9.42,1.9260,9.06,4785,5523.2,5.300,5.288
8637,train,1.9166,0.4386,3.16,1.1382,2.00,4131,5523.8,1.599,1.592
8638,train,3.4486,0.1229,6.03,3.1264,4.41,4532,5524.4,3.830,3.830
8639,train,2.8015,0.1593,5.13,2.4722,4.24,3981,5525.0,3.485,3.484
8640,train,3.4007,0.1011,7.42,3.0529,7.48,4164,5525.6,5.473,5.468
8641,train,2.8728,0.2367,6.97,2.2983,5.41,4855,5526.1,5.483,5.474
8642,train,2.6353,0.2375,4.87,2.0933,4.24,4425,5526.7,3.008,3.003
8643,train,3.7290,0.0318,12.52,3.4434,11.49,4943,5527.3,10.857,10.842
8644,train,3.5942,0.2185,7.24,3.0441,5.41,4472,5527.9,5.447,5.444
8645,train,3.8151,0.1454,7.95,3.4968,8.24,4559,5528.5,5.116,5.113
8646,train,2.0503,0.3279,3.46,1.3918,2.00,4169,5529.1,2.155,2.150
8647,train,4.1248,0.1171,10.03,3.5411,8.10,4227,5529.6,9.302,9.301
8648,train,2.8150,0.2346,5.96,2.2185,4.16,3845,5530.2,4.534,4.532
8649,train,3.2178,0.2011,11.23,2.4694,9.62,4544,5530.8,6.505,6.501
8650,train,2.9062,0.1710,5.42,2.8116,4.65,4241,5531.4,3.849,3.847
8651,train,3.6672,0.0497,7.86,3.2858,6.89,4666,5532.0,4.285,4.280
8652,train,2.8754,0.2897,6.19,2.4360,4.00,4253,5532.6,5.514,5.512
8653,train,2.8043,0.1671,5.35,2.2589,3.41,4560,5533.2,4.556,4.554
8654,train,2.8746,0.1415,5.19,2.6089,3.41,4468,5533.7,3.285,3.283
8655,train,4.0698,0.1453,8.52,3.2941,6.95,5002,5534.3,5.966,5.965
8656,train,3.8057,0.1376,13.58,3.0971,12.64,4397,5534.9,11.282,11.275
8657,train,2.4782,0.3571,4.44,1.8871,2.24,4918,5535.5,1.986,1.976
8658,train,2.2611,0.3415,3.73,1.9661,2.41,4369,5536.1,2.619,2.604
8659,train,3.1902,0.2473,10.16,2.6256,9.21,4368,5536.7,6.889,6.880
8660,train,2.3472,0.2319,4.31,1.9392,4.83,4908,5537.2,1.958,1.952
8661,train,2.3063,0.3309,3.56,1.9659,2.41,3950,5537.8,2.029,2.028
8662,train,2.1790,0.3341,4.03,1.5861,1.41,4158,5538.4,1.913,1.898
8663,train,2.7081,0.1566,5.43,2.3275,2.00,4637,5539.0,3.601,3.570
8664,train,3.9397,0.0250,14.02,3.5263,13.31,4649,5539.6,12.599,12.596
8665,train,2.6938,0.1810,4.80,2.2573,3.41,3999,5540.2,3.482,3.477
8666,train,2.5469,0.1068,4.92,2.0447,4.41,4371,5540.8,3.283,3.279
8667,train,2.9815,0.1930,8.08,2.5055,6.41,4621,5541.3,5.935,5.933
8668,train,2.7855,0.2329,5.08,2.7777,3.41,4130,5541.9,3.931,3.920
8669,train,2.5356,0.3348,3.88,2.1929,2.00,4211,5542.5,2.569,2.566
8670,train,2.2340,0.4113,3.50,1.9663,3.41,4464,5543.1,2.074,2.068
8671,train,2.6441,0.3099,7.17,2.5156,6.39,3840,5543.7,6.699,6.689
8672,train,2.7705,0.1241,5.57,2.0634,4.24,4062,5544.3,4.500,4.496
8673,train,2.4383,0.1964,4.67,2.1333,4.24,3920,5544.8,3.490,3.486
8674,train,3.0709,0.1228,6.64,2.5607,6.00,3917,5545.4,4.287,4.286
8675,train,3.0724,0.1406,5.80,2.6831,5.65,5433,5546.0,4.432,4.423
8676,train,3.1485,0.1512,6.50,2.9061,5.00,4253,5546.6,5.954,5.947
8677,train,2.8529,0.2614,5.96,2.0933,3.00,4775,5547.2,2.214,2.113
8678,train,2.4873,0.1386,5.18,2.0813,3.41,4465,5547.8,2.539,2.519
8679,train,2.3094,0.2409,5.41,1.8222,1.41,4628,5548.3,3.462,3.452
8680,train,3.0670,0.1743,6.15,2.6133,5.65,4246,5548.9,4.942,4.939
8681,train,3.2377,0.1698,5.99,2.7414,4.83,4716,5549.5,4.169,4.157
8682,train,3.6159,0.0964,8.41,3.0142,7.12,5042,5550.1,6.940,6.938
8683,train,2.7615,0.1780,5.26,2.1203,3.41,4173,5550.7,4.205,4.203
8684,train,2.6158,0.1950,4.37,2.5480,4.41,3738,5551.3,2.125,2.113
8685,train,1.9987,0.3933,3.10,1.4227,1.00,5144,5551.9,2.180,2.177
8686,train,2.5292,0.2322,5.06,1.9725,2.00,4113,5552.4,3.380,3.371
8687,train,2.4499,0.1628,4.73,1.7908,3.00,4723,5553.0,2.511,2.504
8688,train,2.7929,0.2245,5.34,2.2725,2.41,3799,5553.6,2.979,2.963
8689,train,4.0973,0.1059,14.65,3.8530,15.28,4947,5554.2,14.734,14.721
8690,train,3.0051,0.1212,4.97,2.6458,4.83,4266,5554.8,3.537,3.533
8691,train,3.0212,0.1683,7.95,2.5957,6.95,5056,5555.4,3.872,3.869
8692,train,3.1954,0.1266,6.49,2.8778,4.41,5625,5555.9,5.335,5.329
8693,train,2.9303,0.1650,6.94,2.5522,5.58,4765,5556.5,4.783,4.781
8694,train,2.5412,0.2110,5.10,2.1613,3.83,4057,5557.1,2.576,2.567
8695,train,2.3680,0.2781,4.52,1.9845,3.41,4452,5557.7,3.475,3.475
8696,train,3.0263,0.1655,8.62,2.4959,7.83,4271,5558.3,7.420,7.419
8697,train,1.9004,0.4674,2.99,1.2954,2.00,4253,5558.9,1.114,1.109
8698,train,2.5467,0.2172,8.04,2.0858,7.51,4231,5559.5,5.534,5.517
8699,train,2.5978,0.1209,5.49,2.1196,4.41,4970,5560.0,3.563,3.561
8700,train,2.6608,0.1337,5.12,2.3150,3.41,4427,5560.6,2.804,2.799
8701,train,2.9372,0.1853,5.87,2.2840,4.41,4577,5561.2,3.586,3.582
8702,train,2.7119,0.2246,7.00,2.2959,7.41,4474,5561.8,5.227,5.222
8703,train,2.6402,0.2147,4.86,2.0768,3.00,4509,5562.4,2.590,2.582
8704,train,2.1705,0.3872,3.45,1.6890,1.00,4114,5563.0,1.778,1.776
8705,train,3.9492,0.0963,7.48,3.7010,6.24,4964,5563.5,5.881,5.880
8706,train,2.4514,0.2447,4.41,2.0016,3.00,4373,5564.1,1.991,1.988
8707,train,2.6537,0.1822,5.13,1.7734,3.24,4522,5564.7,4.209,4.203
8708,train,2.5462,0.2839,5.82,2.1844,3.24,4575,5565.3,2.149,2.145
8709,train,3.8422,0.0738,15.86,3.3380,12.00,4527,5565.9,13.484,13.475
8710,train,3.2407,0.1803,9.24,2.3777,4.41,4548,5566.5,5.849,5.837
8711,train,4.1858,0.1079,15.97,3.8813,14.36,4902,5567.0,10.575,10.571
8712,train,2.5840,0.1742,4.59,1.9716,3.00,4959,5567.6,2.457,2.446
8713,train,3.3758,0.0915,6.15,3.2811,6.24,3889,5568.2,4.061,4.054
8714,train,3.9124,0.0948,8.13,3.9359,8.24,4798,5568.8,6.378,6.373
8715,train,2.6003,0.3244,7.91,1.9273,6.00,4612,5569.4,6.408,6.400
8716,train,2.3559,0.1728,4.56,1.9240,5.24,4212,5570.0,3.018,3.012
8717,train,2.4574,0.1999,5.44,2.1798,6.41,4087,5570.5,2.527,2.496
8718,train,3.5523,0.0408,7.20,3.0352,4.41,4631,5571.1,5.633,5.608
8719,train,3.5514,0.2277,12.57,2.7405,9.07,4809,5571.7,9.395,9.391
8720,train,3.7915,0.2466,16.87,3.3850,15.32,5068,5572.3,13.104,13.094
8721,train,3.0461,0.1648,12.55,2.6604,11.43,4101,5572.9,9.406,9.400
8722,train,2.7339,0.1881,5.52,2.4401,4.65,4152,5573.5,3.645,3.643
8723,train,3.2446,0.1297,9.82,3.3856,6.48,4889,5574.1,7.799,7.794
8724,train,2.9258,0.1394,5.73,2.5910,4.41,4771,5574.6,4.532,4.527
8725,train,4.8131,0.1963,11.45,4.5041,10.57,4543,5575.2,8.254,8.208
8726,train,3.1630,0.1993,10.17,2.7381,7.83,4420,5575.8,9.025,9.012
8727,train,3.2812,0.1298,6.94,3.1822,5.65,5017,5576.4,6.683,6.682
8728,train,3.3070,0.1673,5.24,3.4260,5.65,4938,5577.0,3.217,3.214
8729,train,2.4324,0.2927,6.29,2.0687,3.00,4449,5577.6,6.171,6.158
8730,train,2.7627,0.1352,5.08,2.1255,4.41,4858,5578.1,3.156,3.144
8731,train,2.3750,0.2548,4.57,1.8783,3.41,4333,5578.7,2.466,2.463
8732,train,2.6942,0.1211,5.24,2.3239,3.41,4882,5579.3,3.298,3.290
8733,train,3.1251,0.1315,6.40,2.8048,6.41,4260,5579.9,4.458,4.450
8734,train,2.8166,0.0958,5.30,2.2766,5.24,4206,5580.5,4.128,4.119
8735,train,2.7302,0.2305,7.32,2.7125,6.06,4543,5581.1,4.808,4.795
8736,train,2.7445,0.2071,5.18,2.2718,3.83,4119,5581.7,3.373,3.369
8737,train,2.2937,0.2020,4.39,1.7772,4.41,4702,5582.2,3.151,3.147
8738,train,3.3500,0.1457,11.82,2.9257,8.50,4633,5582.8,10.160,10.153
8739,train,3.9482,0.0412,10.18,3.5279,9.02,4835,5583.4,7.731,7.719
8740,train,3.5280,0.0322,6.62,3.0903,5.41,4632,5584.0,5.223,5.220
8741,train,2.8109,0.2809,5.09,2.1452,4.24,4678,5584.6,3.436,3.400
8742,train,3.2583,0.1273,9.68,2.8346,10.08,4674,5585.2,9.152,9.150
8743,train,1.9196,0.3848,3.29,1.5016,2.00,4330,5585.7,1.621,1.619
8744,train,3.4219,0.0452,7.74,2.8911,8.00,5403,5586.3,7.379,7.376
8745,train,2.0363,0.3313,3.88,1.3532,2.41,4310,5586.9,3.279,3.269
8746,train,2.2053,0.3091,4.03,1.4902,2.00,4626,5587.5,2.795,2.793
8747,train,4.6403,0.0640,11.39,4.2464,11.32,4544,5588.1,9.369,9.368
8748,train,3.0382,0.1892,8.64,2.3626,8.24,4863,5588.7,6.015,6.000
8749,train,3.4845,0.0347,7.35,3.2171,6.41,4202,5589.3,6.387,6.380
8750,train,2.9611,0.1808,6.33,2.7306,5.00,4231,5589.8,3.576,3.568
8751,train,3.0503,0.1150,9.32,2.6268,10.41,5295,5590.4,7.683,7.680
8752,train,4.0379,0.0118,17.62,3.6312,16.36,4669,5591.0,14.420,14.412
8753,train,3.2663,0.0600,7.08,3.0912,5.24,4249,5591.6,4.983,4.980
8754,train,3.0117,0.1090,7.12,2.6001,6.41,4221,5592.2,5.593,5.575
8755,train,1.6980,0.4309,2.82,1.1766,2.00,4755,5592.8,2.006,2.001
8756,train,2.3290,0.3051,4.08,1.8980,3.00,4373,5593.4,3.507,3.500
8757,train,2.5423,0.1685,4.59,2.1171,3.83,4321,5593.9,3.000,3.000
8758,train,2.4271,0.2710,4.37,1.7937,2.41,4265,5594.5,2.374,2.365
8759,train,2.4814,0.3150,4.10,2.1859,2.24,4339,5595.1,2.482,2.476
8760,train,2.2071,0.3202,3.96,1.7260,3.83,4173,5595.7,1.987,1.977
8761,train,3.6695,0.1580,12.65,3.3980,12.19,4645,5596.3,13.067,13.066
8762,train,3.1584,0.0643,6.57,2.8737,6.06,4385,5596.9,4.608,4.592
8763,train,2.8986,0.1385,5.48,2.2918,4.41,4859,5597.4,4.313,4.311
8764,train,2.2646,0.2596,4.33,2.0696,3.24,4392,5598.0,3.880,3.876
8765,train,3.2831,0.0994,10.10,2.9083,4.65,4969,5598.6,8.105,8.102
8766,train,2.8325,0.1166,4.93,3.0657,6.06,4753,5599.2,3.149,3.145
8767,train,2.7758,0.2764,5.60,2.2931,4.58,4298,5599.8,3.869,3.860
8768,train,2.7519,0.1504,4.81,2.2092,3.83,4879,5600.4,3.080,3.068
8769,train,2.7420,0.0990,5.42,2.2836,4.41,4655,5601.0,3.767,3.763
8770,train,3.3735,0.0534,12.67,3.1616,10.50,4325,5601.5,11.194,11.190
8771,train,3.2065,0.1328,6.64,2.8520,4.41,4429,5602.1,5.042,5.004
8772,train,2.5274,0.2757,9.02,1.9357,7.32,4519,5602.7,6.214,6.213
8773,train,2.3846,0.2503,4.83,1.9657,3.00,4590,5603.3,2.718,2.713
8774,train,2.9617,0.0719,12.46,2.7563,10.00,4285,5603.9,8.858,8.850
8775,train,2.2374,0.3459,3.62,1.8203,2.41,4426,5604.5,2.021,2.020
8776,train,3.9787,0.0844,12.38,3.4804,12.10,4232,5605.0,10.849,10.848
8777,train,3.7767,0.0243,7.40,3.6934,6.65,4857,5605.6,5.663,5.662
8778,train,2.6520,0.2662,4.72,2.1407,1.00,4414,5606.2,3.102,3.099
8779,train,2.6915,0.1855,5.21,2.1109,5.06,4372,5606.8,3.912,3.909
8780,train,2.7775,0.0837,5.71,2.4478,6.00,3858,5607.4,4.411,4.408
8781,train,2.4256,0.2873,4.00,1.9147,2.00,4651,5608.0,2.806,2.806
8782,train,3.9089,0.1435,12.82,3.6279,12.17,4488,5608.6,11.154,11.141
8783,train,3.0525,0.1583,6.78,2.6349,4.24,3878,5609.1,4.625,4.604
8784,train,2.9929,0.1636,5.59,2.3944,4.00,4298,5609.7,3.895,3.890
8785,train,3.4443,0.1322,8.60,2.8983,5.24,5258,5610.3,8.005,8.004
8786,train,2.7509,0.2418,5.75,2.4273,3.24,4048,5610.9,1.802,1.796
8787,train,2.9860,0.2679,7.86,2.5731,7.00,4005,5611.5,6.970,6.970
8788,train,2.8019,0.1088,6.86,2.4140,4.83,5149,5612.1,5.139,5.120
8789,train,2.5882,0.1210,5.17,2.2900,3.41,4081,5612.6,4.181,4.180
8790,train,2.9084,0.2173,5.29,2.6181,4.00,5135,5613.2,3.720,3.718
8791,train,3.7440,0.0274,7.74,3.2141,5.83,4373,5613.8,5.944,5.943
8792,train,2.4141,0.3274,4.23,1.7609,3.00,4542,5614.4,2.398,2.394
8793,train,3.1677,0.1574,6.76,2.4795,4.83,4486,5615.0,5.606,5.602
8794,train,3.2811,0.2382,6.51,2.6612,5.00,4769,5615.6,5.767,5.762
8795,train,3.1337,0.1296,11.21,2.5837,10.00,4614,5616.1,9.529,9.528
8796,train,2.1516,0.3632,3.57,1.1085,1.00,4738,5616.7,2.205,2.201
8797,train,2.7229,0.1084,5.55,2.1226,4.83,4393,5617.3,3.182,3.176
8798,train,3.0385,0.1691,5.70,2.5237,2.83,4944,5617.9,3.921,3.897
8799,train,2.9669,0.1014,5.84,2.7439,5.00,4841,5618.5,3.127,3.125
8800,train,2.6695,0.3111,5.06,2.3964,3.24,4262,5619.1,2.284,2.276
8801,train,3.3735,0.1465,8.01,3.2126,8.80,4381,5619.7,6.387,6.384
8802,train,2.3979,0.3830,4.32,1.8478,1.00,4164,5620.2,1.744,1.734
8803,train,2.8022,0.2454,6.52,2.4967,5.41,4487,5620.8,5.541,5.536
8804,train,2.9832,0.2449,7.97,2.5099,6.00,4242,5621.4,6.895,6.891
8805,train,2.8831,0.2220,5.54,2.6892,4.65,4365,5622.0,5.120,5.116
8806,train,2.6203,0.1282,6.53,2.2229,6.41,4321,5622.6,5.171,5.161
8807,train,2.4982,0.2112,5.03,1.7596,3.00,4522,5623.2,3.333,3.319
8808,train,3.5445,0.0638,8.64,3.3059,8.40,4466,5623.7,5.204,5.201
8809,train,3.2102,0.1573,9.08,2.9337,6.80,4431,5624.3,6.782,6.739
8810,train,3.0733,0.0954,7.97,2.6398,4.83,4162,5624.9,6.555,6.540
8811,train,2.9433,0.1380,6.84,2.4725,6.02,4645,5625.5,4.717,4.699
8812,train,3.1634,0.0697,8.42,2.8468,9.12,4532,5626.1,6.351,6.347
8813,train,2.8023,0.2497,10.16,2.2526,10.07,4029,5626.7,7.766,7.762
8814,train,2.6974,0.1144,6.23,2.2778,6.58,5166,5627.3,4.876,4.871
8815,train,3.4396,0.0359,7.74,3.2160,6.41,4567,5627.8,5.760,5.759
8816,train,3.6727,0.1691,9.03,3.0447,6.47,4766,5628.4,6.730,6.711
8817,train,3.1773,0.1329,6.19,2.6823,5.47,4117,5629.0,5.735,5.720
8818,train,3.0548,0.1609,6.25,2.7164,4.41,4853,5629.6,4.725,4.720
8819,train,3.9986,0.0281,15.61,3.8752,16.75,4919,5630.2,11.743,11.741
8820,train,2.1747,0.2966,3.70,1.8022,2.00,4612,5630.8,2.429,2.425
8821,train,2.7093,0.1394,5.31,2.3081,3.41,4138,5631.3,3.965,3.930
8822,train,3.5665,0.0390,7.85,3.3277,5.41,3747,5631.9,6.883,6.878
8823,train,2.6552,0.2217,5.74,2.1913,5.41,4632,5632.5,4.796,4.791
8824,train,2.3442,0.2811,4.07,1.8776,2.00,4707,5633.1,2.378,2.365
8825,train,3.6013,0.0872,7.47,3.2167,5.65,4348,5633.7,5.202,5.200
8826,train,2.7172,0.1549,6.03,2.3315,4.24,4436,5634.3,4.909,4.903
8827,train,2.4217,0.3099,4.43,1.8757,2.00,4091,5634.8,1.733,1.728
8828,train,3.8408,0.1274,11.39,3.6853,10.24,4552,5635.4,10.151,10.147
8829,train,2.5850,0.1509,6.03,2.1609,4.00,4865,5636.0,4.120,4.114
8830,train,3.3224,0.0943,7.44,2.9381,4.24,4538,5636.6,6.327,6.322
8831,train,3.5324,0.1069,6.46,2.8739,5.65,4330,5637.2,5.627,5.621
8832,train,2.5557,0.3028,4.70,1.8396,2.41,4868,5637.8,2.761,2.760
8833,train,2.5410,0.1819,5.15,1.9046,3.00,4568,5638.4,4.744,4.732
8834,train,1.8735,0.3188,3.33,1.6091,4.00,4827,5638.9,1.443,1.439
8835,train,2.7868,0.2638,5.91,2.5986,4.83,3984,5639.5,4.237,4.168
8836,train,3.4501,0.1197,9.36,3.1806,10.70,4019,5640.1,7.067,7.061
8837,train,2.9588,0.1646,6.72,2.4197,6.58,4636,5640.7,5.037,5.036
8838,train,2.7856,0.1752,5.96,2.3056,6.00,4299,5641.3,3.566,3.563
8839,train,2.7580,0.1240,5.56,2.5272,3.83,4670,5641.9,4.859,4.859
8840,train,2.3072,0.2356,4.52,1.6631,2.00,4453,5642.4,2.081,2.055
8841,train,3.9671,0.0898,10.36,3.5194,7.07,5222,5643.0,6.922,6.916
8842,train,2.7958,0.2369,5.16,2.3779,2.41,4689,5643.6,3.498,3.496
8843,train,2.1161,0.3516,3.50,1.2815,1.00,4098,5644.2,2.226,2.218
8844,train,3.0402,0.1899,6.50,2.3213,4.00,5108,5644.8,3.579,3.569
8845,train,2.0971,0.4589,3.27,1.4061,0.00,4825,5645.4,1.824,1.802
8846,train,2.1780,0.3582,4.56,1.8886,4.00,4017,5646.0,2.920,2.909
8847,train,3.3782,0.0430,8.81,3.3376,9.65,4864,5646.5,7.882,7.881
8848,train,3.3161,0.0628,6.97,2.8534,7.30,4315,5647.1,5.116,5.115
8849,train,3.7162,0.1156,8.81,3.3720,9.63,4361,5647.7,6.540,6.508
8850,train,2.7180,0.2454,5.48,2.3404,5.16,3895,5648.3,4.108,4.104
8851,train,3.5098,0.0511,8.68,3.0724,8.58,4698,5648.9,6.459,6.454
8852,train,4.6612,0.0511,13.64,4.3047,13.13,4522,5649.5,12.298,12.295
8853,train,2.4312,0.3299,4.19,1.7714,3.00,4413,5650.1,2.401,2.396
8854,train,3.0593,0.2556,7.00,2.7722,8.40,3623,5650.6,4.625,4.594
8855,train,2.5240,0.2330,5.15,1.9835,4.00,4373,5651.2,3.744,3.741
8856,train,2.8827,0.1719,7.89,2.3109,8.10,4498,5651.8,6.894,6.892
8857,train,4.0060,0.1016,8.70,3.5572,8.41,3967,5652.4,7.212,7.211
8858,train,2.9818,0.1786,6.75,2.4549,6.24,4530,5653.0,5.406,5.395
8859,train,3.0424,0.3244,5.85,2.4710,3.24,4285,5653.6,4.578,4.576
8860,train,3.3616,0.1979,12.93,2.9876,10.41,5335,5654.1,10.303,10.280
8861,train,2.2898,0.3246,3.98,1.8428,2.00,4507,5654.7,2.546,2.512
8862,train,2.7743,0.2610,6.57,2.1564,2.00,4425,5655.3,3.484,3.463
8863,train,2.2980,0.3361,3.79,1.5586,1.00,4644,5655.9,2.529,2.525
8864,train,3.7918,0.0421,12.17,3.1013,11.07,3947,5656.5,9.341,9.335
8865,train,3.3317,0.1670,8.80,3.0274,9.47,4330,5657.1,5.879,5.870
8866,train,2.1659,0.2578,3.82,1.7551,4.00,4345,5657.6,1.469,1.338
8867,train,2.9246,0.1281,8.96,2.2850,8.08,4888,5658.2,5.012,4.999
8868,train,2.6346,0.1973,5.76,2.2782,4.65,5174,5658.8,2.950,2.940
8869,train,3.3137,0.2041,11.09,2.7095,10.23,4464,5659.4,9.873,9.869
8870,train,2.9274,0.2225,5.75,2.6682,2.41,5052,5660.0,3.469,3.450
8871,train,3.1629,0.0669,7.57,2.8712,8.23,4961,5660.6,5.285,5.284
8872,train,2.1583,0.3743,4.81,1.4756,2.00,4371,5661.2,2.780,2.775
8873,train,2.7944,0.2252,5.05,2.3748,3.83,4262,5661.7,3.075,3.067
8874,train,3.7352,0.0645,12.03,3.4790,13.41,4312,5662.3,8.142,8.139
8875,train,3.0028,0.2327,6.19,2.4151,4.83,4898,5662.9,4.691,4.690
8876,train,3.0233,0.2566,6.08,2.4004,4.41,4829,5663.5,4.258,4.246
8877,train,3.9236,0.0537,9.65,3.5182,9.18,4249,5664.1,8.162,8.158
8878,train,2.8536,0.2162,5.29,2.3747,3.65,4857,5664.7,3.373,3.369
8879,train,2.9241,0.0623,5.56,2.7330,4.83,4784,5665.2,3.891,3.889
8880,train,3.6830,0.0668,8.87,3.2783,7.41,4985,5665.8,6.276,6.262
8881,train,2.3542,0.3157,3.88,2.2360,3.00,4514,5666.4,1.763,1.762
8882,train,3.1922,0.1529,9.16,2.9390,8.08,5349,5667.0,8.259,8.256
8883,train,2.2347,0.3048,4.25,1.7977,3.24,4540,5667.6,2.988,2.987
8884,train,2.5620,0.2130,4.38,1.9206,3.00,4511,5668.2,2.487,2.479
8885,train,5.4236,0.0105,11.50,4.5379,9.24,4688,5668.8,10.181,10.179
8886,train,3.5002,0.0578,10.19,3.0329,9.41,4877,5669.3,7.575,7.573
8887,train,2.8119,0.0937,5.48,2.3448,5.83,4975,5669.9,3.776,3.768
8888,train,1.9942,0.4180,3.34,1.3156,2.00,4117,5670.5,1.466,1.463
8889,train,3.5255,0.1211,9.92,3.3237,10.12,4318,5671.1,7.448,7.444
8890,train,3.3795,0.1428,9.73,3.0017,5.65,4894,5671.7,6.833,6.809
8891,train,2.5598,0.1941,4.73,2.4238,4.24,4095,5672.3,2.840,2.837
8892,train,2.3139,0.3874,5.26,1.7033,2.00,4184,5672.8,3.608,3.568
8893,train,3.7606,0.2495,9.45,3.0909,8.24,4729,5673.4,7.719,7.718
8894,train,3.3449,0.1557,9.81,3.0657,10.24,5485,5674.0,8.793,8.792
8895,train,2.6606,0.1566,5.08,2.3068,5.65,4648,5674.6,3.783,3.774
8896,train,3.2601,0.0587,8.61,2.6647,8.83,4226,5675.2,6.630,6.622
8897,train,3.4307,0.2369,6.83,2.9310,5.58,4652,5675.8,5.397,5.371
8898,train,3.0112,0.1354,8.56,2.7497,8.41,4868,5676.4,8.445,8.439
8899,train,2.5624,0.1940,5.10,2.0464,4.24,5202,5676.9,3.197,3.193
8900,train,2.9881,0.1449,7.24,2.7753,8.41,4701,5677.5,4.383,4.378
8901,train,2.1800,0.4059,3.58,1.8162,2.00,5117,5678.1,2.149,2.144
8902,train,2.3475,0.3149,5.06,1.9748,4.58,4589,5678.7,2.787,2.782
8903,train,2.3214,0.2728,4.52,1.6695,2.83,4116,5679.3,3.179,3.178
8904,train,2.7399,0.1739,5.19,2.3719,3.41,4083,5679.9,3.337,3.336
8905,train,2.0792,0.3880,3.88,1.6670,3.24,4067,5680.4,2.556,2.553
8906,train,3.3152,0.0593,7.24,2.9168,6.41,5011,5681.0,5.704,5.689
8907,train,2.5108,0.1054,5.07,1.9888,4.83,4508,5681.6,3.378,3.370
8908,train,2.4221,0.2966,3.86,1.8957,2.00,4906,5682.2,1.615,1.614
8909,train,1.9680,0.4954,2.92,1.3383,0.00,4364,5682.8,1.119,1.105
8910,train,2.2204,0.3787,3.68,1.3815,1.00,4661,5683.4,1.625,1.621
8911,train,2.5848,0.2750,5.11,2.2055,4.24,4055,5684.0,3.172,3.168
8912,train,2.7756,0.2024,5.69,2.3071,3.41,4639,5684.5,2.291,2.280
8913,train,3.6325,0.0995,10.26,3.4642,11.31,4403,5685.1,11.279,11.271
8914,train,2.8612,0.2613,6.68,2.4473,5.61,4543,5685.7,5.232,5.225
8915,train,2.2078,0.3761,3.29,1.6553,1.00,4695,5686.3,1.575,1.559
8916,train,2.5262,0.2719,4.74,1.8369,4.00,4163,5686.9,2.749,2.739
8917,train,3.6258,0.0844,15.02,3.2188,16.07,4832,5687.5,12.623,12.617
8918,train,2.3159,0.3360,4.63,1.8982,4.00,4188,5688.0,2.996,2.980
8919,train,2.2407,0.4245,3.50,1.5196,2.00,4433,5688.6,1.939,1.936
8920,train,3.0667,0.1719,7.27,2.7715,6.41,3961,5689.2,5.316,5.310
8921,train,3.8558,0.0265,9.22,3.4856,6.00,5429,5689.8,7.890,7.889
8922,train,4.0385,0.0533,11.43,3.5349,9.89,4710,5690.4,10.180,10.177
8923,train,2.1714,0.3576,3.93,1.4074,1.00,5072,5691.0,1.486,1.483
8924,train,3.4894,0.0800,10.88,3.1302,9.50,4661,5691.6,8.839,8.837
8925,train,3.3800,0.1020,6.91,3.0196,5.65,4763,5692.1,5.626,5.626
8926,train,2.2145,0.3628,3.62,1.7189,1.41,4173,5692.7,1.879,1.870
8927,train,2.7925,0.0927,6.28,2.6656,6.47,4303,5693.3,5.130,5.122
8928,train,2.6774,0.1269,5.04,2.1535,4.41,4509,5693.9,3.706,3.703
8929,train,2.6029,0.1443,5.32,2.3368,5.41,4380,5694.5,2.648,2.642
8930,train,3.1218,0.1861,6.40,2.4886,4.00,5206,5695.1,5.075,5.058
8931,train,3.3795,0.0663,6.90,3.1488,7.16,3954,5695.7,5.367,5.366
8932,train,2.5594,0.2945,5.89,1.9693,4.00,4282,5696.2,3.620,3.618
8933,train,3.2532,0.1699,6.37,2.8940,5.16,4015,5696.8,4.396,4.393
8934,train,2.0770,0.4836,2.92,1.7183,2.00,4698,5697.4,1.114,1.089
8935,train,3.0437,0.0858,7.39,2.8666,5.24,3939,5698.0,4.024,4.006
8936,train,2.4442,0.4159,3.78,2.1408,1.00,4191,5698.6,2.843,2.842
8937,train,1.9062,0.4383,2.95,1.5755,2.41,4203,5699.2,1.757,1.727
8938,train,2.0221,0.3044,3.50,1.5381,3.00,4389,5699.7,2.305,2.288
8939,train,2.8376,0.1256,5.81,2.3619,5.00,4005,5700.3,3.695,3.693
8940,train,3.9681,0.0079,9.24,3.7696,9.47,5207,5700.9,7.544,7.538
8941,train,1.8663,0.4071,3.23,1.2362,2.00,4161,5701.5,1.577,1.575
8942,train,2.9070,0.1221,7.94,2.5618,6.41,4546,5702.1,5.802,5.800
8943,train,2.7009,0.1390,5.44,1.9585,4.00,4282,5702.7,3.884,3.882
8944,train,2.2410,0.2259,3.88,1.6532,3.00,4289,5703.3,3.017,3.015
8945,train,2.5628,0.1466,5.54,2.0660,5.65,4153,5703.8,3.938,3.936
8946,train,2.9987,0.1086,5.67,2.5474,5.00,4163,5704.4,3.659,3.643
8947,train,3.3916,0.0578,11.13,2.8558,10.65,4016,5705.0,9.027,9.027
8948,train,2.4242,0.1757,4.76,1.9334,4.41,4917,5705.6,3.043,3.039
8949,train,2.4471,0.3042,4.39,1.7351,1.00,4980,5706.2,2.860,2.854
8950,train,2.0240,0.3402,3.72,1.5659,2.00,4057,5706.8,1.168,1.138
8951,train,3.2453,0.1108,8.21,2.8832,6.00,4776,5707.3,6.138,6.123
8952,train,3.0059,0.0990,7.75,2.5397,7.00,4453,5707.9,6.166,6.159
8953,train,3.0401,0.2874,7.27,2.5232,5.89,4061,5708.5,6.052,6.049
8954,train,2.6358,0.2462,5.90,2.1929,2.41,4830,5709.1,4.888,4.883
8955,train,2.4452,0.1998,5.33,2.0817,5.24,4165,5709.7,3.723,3.708
8956,train,3.3257,0.1185,6.05,3.2219,6.99,4437,5710.3,4.754,4.748
8957,train,2.8964,0.1985,6.67,2.3606,5.41,4459,5710.8,4.222,4.220
8958,train,2.3202,0.3046,4.10,1.7995,3.41,4107,5711.4,1.622,1.596
8959,train,2.9677,0.0894,9.45,2.4724,11.22,4306,5712.0,8.371,8.370
8960,train,2.9295,0.1731,7.00,2.2962,5.00,5095,5712.6,6.510,6.508
8961,train,2.5866,0.1895,5.67,1.8777,4.41,4675,5713.2,2.613,2.577
8962,train,2.3231,0.3027,4.09,1.6936,2.41,3803,5713.8,3.004,3.003
8963,train,2.9349,0.0881,5.47,2.5687,4.83,4664,5714.4,4.465,4.459
8964,train,2.0449,0.3317,3.53,1.4324,3.00,4407,5714.9,1.445,1.439
8965,train,2.2090,0.3823,4.79,1.3214,2.00,4831,5715.5,2.184,2.154
8966,train,2.4133,0.3028,4.17,1.9330,3.00,4320,5716.1,2.619,2.610
8967,train,2.3193,0.2138,4.38,1.8482,4.00,3947,5716.7,2.988,2.985
8968,train,3.4453,0.3106,12.11,3.2366,12.10,3632,5717.3,12.294,12.293
8969,train,2.5623,0.1255,4.69,2.0547,4.41,4749,5717.9,3.514,3.506
8970,train,3.6162,0.0500,8.85,3.2696,7.89,5019,5718.4,7.129,7.122
8971,train,2.9484,0.1471,9.73,2.2714,9.08,4873,5719.0,8.410,8.407
8972,train,2.4783,0.1814,5.16,2.1818,5.24,3876,5719.6,3.851,3.823
8973,train,2.9025,0.2450,6.40,2.6652,7.24,4710,5720.2,5.129,5.101
8974,train,3.3935,0.1448,7.87,3.1921,9.24,5242,5720.8,6.069,6.056
8975,train,2.6353,0.2409,5.64,2.4338,5.00,4596,5721.4,3.738,3.736
8976,train,3.1249,0.2311,6.39,2.8612,3.65,4267,5721.9,5.099,5.088
8977,train,3.9646,0.1658,9.95,3.7133,9.93,4814,5722.5,7.929,7.926
8978,train,2.4864,0.2950,4.17,1.8306,3.00,4143,5723.1,3.004,2.989
8979,train,2.5129,0.2145,4.77,1.8642,4.41,4545,5723.7,2.944,2.941
8980,train,2.6526,0.2985,4.97,1.9385,3.83,5103,5724.3,2.922,2.919
8981,train,2.0091,0.3954,3.24,1.5378,2.00,4304,5724.9,1.909,1.894
8982,train,2.5587,0.2131,5.27,1.8883,4.00,4618,5725.5,3.797,3.788
8983,train,2.1845,0.2973,3.88,1.5243,2.00,5146,5726.0,2.141,2.139
8984,train,3.1190,0.0392,5.73,2.8428,5.00,4107,5726.6,5.038,5.030
8985,train,3.1170,0.2647,10.59,2.3716,7.71,4723,5727.2,5.307,5.300
8986,train,2.7578,0.2768,7.83,2.2795,6.10,4220,5727.8,5.995,5.988
8987,train,3.2628,0.1517,5.73,2.6730,4.24,4548,5728.4,4.858,4.858
8988,train,3.2509,0.1069,6.43,2.8726,5.00,4714,5729.0,3.641,3.632
8989,train,2.7383,0.2253,6.53,1.9960,4.00,5256,5729.5,4.217,4.215
8990,train,5.2713,0.0509,12.94,4.9800,14.41,4481,5730.1,11.799,11.798
8991,train,3.4844,0.1083,5.25,3.4675,4.41,4700,5730.7,3.628,3.626
8992,train,2.9055,0.2121,5.80,2.2834,3.00,5687,5731.3,3.636,3.604
8993,train,2.7977,0.1411,5.87,2.3456,5.41,4825,5731.9,4.972,4.970
8994,train,3.1478,0.1234,6.22,2.7502,5.65,4919,5732.5,4.469,4.468
8995,train,2.4605,0.2730,4.33,2.2716,3.41,4099,5733.1,2.464,2.462
8996,train,2.2225,0.3679,4.06,1.8499,1.00,4414,5733.6,2.443,2.418
8997,train,2.6975,0.1512,5.48,2.3212,3.41,3908,5734.2,3.736,3.725
8998,train,2.6058,0.1648,4.78,2.1736,3.41,4799,5734.8,3.679,3.663
8999,train,2.6427,0.2580,5.48,2.2758,4.24,4100,5735.4,4.753,4.749
9000,train,2.5182,0.2602,4.56,2.0657,3.41,4858,5736.0,2.637,2.628
9000,val,2.9939,0.1820,7.17,2.5809,5.95,222066,5763.7,5.536,5.531
9001,train,3.3026,0.0710,11.67,3.0571,11.16,5069,5764.8,9.416,9.412
9002,train,2.4087,0.1427,4.86,2.1441,3.83,4218,5765.4,3.702,3.700
9003,train,2.3912,0.2479,4.97,1.9286,3.00,4724,5766.0,3.269,3.231
9004,train,2.8468,0.1980,5.40,2.4750,5.16,4010,5766.5,4.296,4.290
9005,train,3.0890,0.1280,5.51,2.4869,4.41,4225,5767.1,4.090,4.086
9006,train,3.6136,0.0688,8.00,2.8693,6.00,5236,5767.7,4.656,4.650
9007,train,3.7352,0.0596,8.02,3.4957,7.48,5130,5768.3,6.077,6.076
9008,train,1.8362,0.4070,3.07,1.3151,1.00,4774,5768.9,1.292,1.282
9009,train,2.3964,0.3089,5.66,1.8627,3.24,3962,5769.5,4.454,4.447
9010,train,4.1778,0.1464,13.57,3.2421,10.06,4638,5770.0,10.029,10.028
9011,train,2.8834,0.1904,7.27,2.6359,3.83,4859,5770.6,4.342,4.334
9012,train,2.7048,0.2753,5.75,2.0369,3.83,5246,5771.2,3.543,3.537
9013,train,2.2250,0.3630,3.91,1.5070,1.00,4069,5771.8,1.765,1.760
9014,train,2.4530,0.1861,4.51,2.2468,3.83,4719,5772.4,3.070,3.066
9015,train,3.1370,0.0809,6.76,2.6293,6.24,5043,5773.0,4.500,4.499
9016,train,2.3719,0.2688,4.40,2.0277,2.41,5071,5773.6,2.930,2.920
9017,train,2.7611,0.2049,4.81,2.6212,4.41,4328,5774.1,3.169,3.167
9018,train,3.2188,0.0737,7.42,3.0350,7.00,4665,5774.7,7.077,7.073
9019,train,2.8770,0.0958,7.35,2.5745,7.95,3923,5775.3,5.334,5.331
9020,train,2.2151,0.2878,3.89,1.7341,3.00,4913,5775.9,3.377,3.373
9021,train,1.8473,0.4308,3.10,1.2308,1.00,4364,5776.5,1.587,1.577
9022,train,3.3985,0.1468,11.12,3.1872,11.83,4088,5777.1,9.960,9.921
9023,train,2.7640,0.1511,8.63,2.5071,8.12,4356,5777.6,6.532,6.531
9024,train,2.5308,0.2988,4.68,2.0960,4.00,4876,5778.2,3.054,3.048
9025,train,3.3008,0.1304,7.77,3.1029,7.54,4693,5778.8,5.255,5.252
9026,train,3.2241,0.0742,6.80,2.8843,5.00,4876,5779.4,5.243,5.242
9027,train,2.7909,0.3056,5.61,2.4796,4.41,4712,5780.0,4.716,4.693
9028,train,2.4154,0.2275,4.41,1.8527,4.83,4575,5780.6,2.731,2.726
9029,train,3.7325,0.1599,8.77,3.3467,7.77,4214,5781.1,7.467,7.464
9030,train,2.8112,0.0945,5.20,2.7518,4.41,4296,5781.7,3.241,3.238
9031,train,2.4447,0.2329,4.59,2.0795,3.41,4187,5782.3,3.120,3.108
9032,train,2.5412,0.1647,4.82,2.4037,3.83,4639,5782.9,3.299,3.297
9033,train,3.4831,0.1439,10.01,3.1474,8.07,3691,5783.5,8.332,8.330
9034,train,2.5865,0.2866,6.72,2.1223,6.00,4442,5784.1,4.064,4.064
9035,train,2.8845,0.1135,5.99,2.4071,5.41,4731,5784.6,4.350,4.347
9036,train,2.6791,0.1945,6.27,1.8651,3.00,4724,5785.2,4.071,4.062
9037,train,3.7009,0.0274,10.58,3.7290,10.11,4452,5785.8,8.982,8.981
9038,train,3.4393,0.0506,6.43,3.3983,5.66,4087,5786.4,5.039,5.038
9039,train,2.5027,0.2420,4.32,1.8991,2.41,5046,5787.0,3.683,3.673
9040,train,2.7645,0.1538,6.57,2.3559,4.41,4617,5787.6,5.432,5.429
9041,train,2.6280,0.2405,4.75,2.2977,4.65,4158,5788.2,3.347,3.340
9042,train,2.8667,0.2258,6.49,2.2311,1.41,4787,5788.7,3.860,3.855
9043,train,2.6204,0.1609,5.09,2.1680,3.41,5508,5789.3,3.177,3.172
9044,train,2.6862,0.1216,5.37,2.3541,6.16,4145,5789.9,4.324,4.322
9045,train,2.1422,0.3271,3.71,1.7465,2.00,5313,5790.5,1.842,1.807
9046,train,1.9120,0.3853,3.20,1.5125,1.41,3675,5791.1,1.950,1.940
9047,train,2.3635,0.2077,4.29,1.9801,3.00,4180,5791.7,2.950,2.937
9048,train,3.7589,0.0221,10.82,3.3905,8.26,4161,5792.2,8.446,8.445
9049,train,2.0587,0.4062,3.29,1.7283,1.00,4040,5792.8,1.520,1.517
9050,train,2.4770,0.2083,4.47,2.1060,3.41,3985,5793.4,2.415,2.405
9051,train,3.3948,0.1453,12.59,3.0620,10.89,4679,5794.0,10.236,10.223
9052,train,2.1391,0.3638,3.71,1.5604,2.00,4513,5794.6,2.829,2.824
9053,train,3.4044,0.0364,9.79,2.9023,11.41,4149,5795.2,6.483,6.469
9054,train,3.1097,0.1311,5.08,2.8478,3.41,4677,5795.7,2.946,2.941
9055,train,1.9213,0.4080,3.21,1.4041,2.00,4074,5796.3,1.368,1.366
9056,train,4.1557,0.0477,8.00,3.8311,7.06,3984,5796.9,6.442,6.432
9057,train,3.5627,0.1939,8.31,3.6579,9.34,4063,5797.5,7.448,7.440
9058,train,2.6009,0.3386,5.76,2.1274,5.10,4980,5798.1,4.015,3.980
9059,train,3.1565,0.1593,7.43,2.5405,6.00,4207,5798.7,5.738,5.726
9060,train,3.0843,0.0834,7.51,3.0247,7.99,4943,5799.3,6.021,6.010
9061,train,2.1784,0.2298,4.08,1.8352,4.41,3925,5799.8,2.435,2.427
9062,train,2.7690,0.2878,4.88,2.3521,2.24,4976,5800.4,3.700,3.697
9063,train,2.6717,0.2637,5.98,2.3502,5.41,4225,5801.0,4.529,4.528
9064,train,2.9958,0.2212,7.61,2.3063,5.12,4023,5801.6,5.505,5.494
9065,train,3.7079,0.1752,7.79,3.1300,6.12,4807,5802.2,6.516,6.510
9066,train,2.0765,0.3149,3.67,1.5488,2.00,4656,5802.8,1.473,1.452
9067,train,2.9718,0.1574,6.53,2.6003,5.00,5071,5803.3,5.597,5.586
9068,train,2.4037,0.2231,4.47,2.0407,4.83,4576,5803.9,2.759,2.747
9069,train,2.4837,0.1856,4.58,2.1030,3.41,3739,5804.5,3.616,3.613
9070,train,3.0577,0.2072,5.14,2.8756,3.41,4338,5805.1,3.780,3.778
9071,train,3.6070,0.2000,9.82,2.7677,7.10,4486,5805.7,6.975,6.973
9072,train,3.7139,0.1033,9.26,3.2216,9.54,4405,5806.3,6.902,6.896
9073,train,2.0177,0.4075,3.36,1.2824,0.00,4668,5806.8,2.425,2.421
9074,train,2.8518,0.1748,5.21,2.4538,4.00,5035,5807.4,3.851,3.849
9075,train,3.0423,0.1192,9.25,2.5699,10.16,4362,5808.0,6.279,6.275
9076,train,2.7000,0.2285,5.62,2.1542,4.16,4281,5808.6,4.687,4.684
9077,train,2.4081,0.2371,4.55,2.2181,3.41,4665,5809.2,1.731,1.711
9078,train,2.0838,0.3701,3.60,1.4541,1.41,4685,5809.8,1.913,1.907
9079,train,3.0604,0.1326,9.29,2.6929,8.16,4609,5810.4,7.460,7.456
9080,train,2.7614,0.1989,6.47,2.3546,4.65,4596,5810.9,3.496,3.469
9081,train,2.8397,0.1398,8.27,2.3879,7.41,4106,5811.5,6.264,6.260
9082,train,2.5548,0.1636,4.84,1.9965,4.41,4230,5812.1,3.166,3.164
9083,train,2.7332,0.1712,5.34,2.2300,4.00,4375,5812.7,3.550,3.542
9084,train,3.4449,0.1061,12.35,3.0828,11.71,5025,5813.3,11.156,11.154
9085,train,2.8882,0.1330,4.87,2.5349,4.83,4467,5813.9,3.267,3.266
9086,train,2.9954,0.2348,6.46,2.3377,3.83,4386,5814.4,4.261,4.249
9087,train,2.8549,0.2036,7.43,2.5490,9.12,4366,5815.0,6.321,6.307
9088,train,2.3556,0.3131,4.15,1.8797,3.41,4260,5815.6,2.821,2.818
9089,train,2.8453,0.2237,5.04,2.5010,3.24,4909,5816.2,4.588,4.584
9090,train,2.8249,0.1960,5.52,2.2805,3.83,4353,5816.8,3.481,3.476
9091,train,2.8510,0.1000,5.58,2.6481,5.24,4239,5817.4,2.297,2.296
9092,train,3.8760,0.0074,16.08,3.8083,14.24,3669,5817.9,13.570,13.567
9093,train,2.5933,0.2300,5.59,2.1541,4.24,4152,5818.5,3.404,3.393
9094,train,2.6442,0.1305,6.23,2.4587,5.24,4213,5819.1,6.084,6.080
9095,train,4.2053,0.1295,10.19,3.8126,8.25,5075,5819.7,8.923,8.918
9096,train,3.7784,0.1612,13.26,3.3956,12.10,4672,5820.3,11.214,11.212
9097,train,2.7590,0.1074,6.22,2.4874,4.83,4515,5820.9,4.546,4.545
9098,train,2.5100,0.2359,4.85,2.2444,3.41,4795,5821.4,3.501,3.494
9099,train,2.7774,0.1864,4.94,2.5247,4.24,4254,5822.0,2.902,2.882
9100,train,2.9212,0.1926,8.16,2.4993,6.24,4274,5822.6,6.332,6.327
9101,train,3.4849,0.0789,5.77,3.1066,4.41,4814,5823.2,4.723,4.721
9102,train,3.4305,0.0359,8.04,3.1496,6.66,4069,5823.8,6.054,6.051
9103,train,2.9962,0.1583,7.43,2.7763,7.41,4120,5824.4,4.885,4.863
9104,train,3.3429,0.1790,9.49,3.1833,5.12,4083,5824.9,7.510,7.493
9105,train,1.9881,0.3477,3.91,1.5925,4.41,4532,5825.5,1.520,1.503
9106,train,2.6976,0.1242,5.30,2.4656,4.00,4703,5826.1,3.541,3.505
9107,train,2.3413,0.2261,4.20,1.9014,3.00,3626,5826.7,2.129,2.123
9108,train,2.3494,0.2479,4.55,1.7833,3.83,4232,5827.3,2.999,2.995
9109,train,3.7297,0.0384,8.36,3.6132,8.24,4789,5827.9,7.325,7.321
9110,train,2.5827,0.2662,5.79,2.0483,3.41,4625,5828.5,3.684,3.492
9111,train,2.3293,0.2332,4.03,2.1169,3.00,4318,5829.0,2.322,2.321
9112,train,3.1799,0.1001,10.34,2.6710,9.12,4244,5829.6,8.283,8.269
9113,train,2.5623,0.2590,4.56,2.1916,3.00,4143,5830.2,2.321,2.318
9114,train,3.0321,0.0836,10.03,2.6556,10.32,4510,5830.8,8.622,8.619
9115,train,2.3756,0.3531,5.20,2.0074,4.00,4038,5831.4,4.263,4.254
9116,train,2.5788,0.3461,5.06,2.0363,3.16,4473,5832.0,3.733,3.730
9117,train,2.4972,0.1655,5.69,1.9193,4.00,4533,5832.5,4.186,4.175
9118,train,3.2299,0.1682,7.59,3.0684,6.41,4476,5833.1,5.953,5.951
9119,train,3.1666,0.0746,8.85,2.8764,9.83,4408,5833.7,7.175,7.174
9120,train,3.1076,0.0923,6.40,2.6190,4.83,3956,5834.3,5.216,5.215
9121,train,3.0646,0.0880,5.80,2.8162,4.41,4399,5834.9,4.822,4.818
9122,train,3.3701,0.1309,5.94,2.4921,5.06,4279,5835.5,4.496,4.477
9123,train,2.6136,0.2226,4.66,2.0223,3.41,4718,5836.0,2.817,2.808
9124,train,2.5791,0.2146,4.92,2.0210,2.83,4931,5836.6,2.720,2.710
9125,train,2.4044,0.2925,4.09,1.8703,4.00,4558,5837.2,2.847,2.846
9126,train,2.2268,0.3159,4.19,1.9542,3.83,4026,5837.8,2.892,2.890
9127,train,2.5401,0.3655,4.84,1.8043,2.00,4233,5838.4,3.358,3.350
9128,train,2.5659,0.2974,5.40,1.9061,1.41,4234,5839.0,3.728,3.722
9129,train,2.7365,0.1787,5.21,2.5011,5.00,4420,5839.5,3.551,3.545
9130,train,2.6089,0.1991,4.93,2.4285,3.41,5149,5840.1,4.319,4.310
9131,train,2.7295,0.2437,5.02,2.1251,4.00,4870,5840.7,3.441,3.433
9132,train,3.2032,0.1426,6.81,2.7102,5.00,4046,5841.3,6.046,6.036
9133,train,4.1850,0.0536,10.71,3.8667,9.70,5300,5841.9,8.557,8.555
9134,train,3.2622,0.1589,7.14,2.6728,6.00,4146,5842.5,6.216,6.213
9135,train,2.6331,0.2469,8.34,2.1951,6.51,4471,5843.0,5.612,5.610
9136,train,2.7385,0.2570,7.19,2.4189,7.51,4653,5843.6,5.304,5.289
9137,train,3.5110,0.1460,9.14,2.9490,7.51,4753,5844.2,6.934,6.390
9138,train,2.8529,0.1437,6.05,2.6231,5.00,3729,5844.8,4.234,4.226
9139,train,2.6199,0.0970,5.42,2.1328,5.41,4124,5845.4,4.115,4.114
9140,train,4.2427,0.0526,9.89,3.8846,9.58,3878,5846.0,6.560,6.557
9141,train,3.4265,0.1476,6.78,3.2052,7.24,3849,5846.5,5.488,5.486
9142,train,2.7620,0.0763,5.75,2.4410,4.41,3893,5847.1,4.861,4.856
9143,train,2.8058,0.1639,5.59,2.2014,3.00,4782,5847.7,3.461,3.458
9144,train,2.8453,0.1900,9.09,2.6768,9.69,3706,5848.3,7.983,7.977
9145,train,3.2198,0.0801,7.42,2.8050,6.24,4771,5848.9,6.463,6.459
9146,train,2.2587,0.3009,4.42,1.6985,3.00,3992,5849.5,2.584,2.581
9147,train,3.3602,0.1462,7.68,2.8261,6.58,5028,5850.0,4.954,4.943
9148,train,3.4444,0.1567,10.40,2.9559,13.40,5080,5850.6,7.816,7.804
9149,train,2.9345,0.1532,6.59,2.8108,6.99,4616,5851.2,5.296,5.293
9150,train,2.9305,0.1744,7.50,2.5990,6.00,4994,5851.8,5.308,5.301
9151,train,2.4814,0.2138,5.34,2.0200,4.00,3947,5852.4,2.896,2.872
9152,train,2.4850,0.2177,6.80,1.8952,4.00,4496,5853.0,3.892,3.883
9153,train,3.3332,0.1535,12.28,2.8326,11.80,4971,5853.6,9.100,9.095
9154,train,2.8821,0.0986,9.22,2.2953,9.00,4623,5854.1,6.830,6.828
9155,train,3.5834,0.0798,8.29,3.9748,11.31,4525,5854.7,7.677,7.667
9156,train,3.6325,0.1229,8.92,3.0445,5.61,4353,5855.3,6.673,6.672
9157,train,2.9802,0.2296,8.03,2.6605,6.83,4086,5855.9,6.708,6.698
9158,train,2.7802,0.2348,4.79,2.0159,3.00,4587,5856.5,3.252,3.251
9159,train,3.1749,0.1484,7.45,2.8565,6.89,4690,5857.1,7.445,7.440
9160,train,2.5047,0.2357,4.93,1.9488,3.00,4311,5857.6,3.667,3.665
9161,train,3.0396,0.1774,6.21,2.6937,4.41,4865,5858.2,5.096,5.090
9162,train,2.9187,0.2099,7.90,2.3805,9.00,4569,5858.8,6.820,6.810
9163,train,2.2081,0.2867,3.83,1.9083,3.41,4883,5859.4,2.177,2.156
9164,train,3.4411,0.0431,8.39,3.0896,7.16,4665,5860.0,5.526,5.514
9165,train,2.1400,0.3613,4.31,1.5807,3.24,3930,5860.6,2.534,2.507
9166,train,2.8291,0.1930,7.25,2.3437,5.00,4819,5861.1,6.335,6.328
9167,train,3.0134,0.0819,9.15,2.5910,9.10,4446,5861.7,8.865,8.848
9168,train,2.8251,0.2231,6.37,2.4989,5.58,4631,5862.3,4.119,4.100
9169,train,3.2084,0.1440,9.25,2.7719,8.10,3888,5862.9,7.742,7.735
9170,train,3.1274,0.1522,8.55,2.7858,8.51,4106,5863.5,5.795,5.792
9171,train,2.2523,0.2096,4.32,2.0486,5.00,4112,5864.1,2.843,2.840
9172,train,2.9792,0.2289,4.26,2.4490,3.41,4330,5864.6,2.657,2.652
9173,train,2.5755,0.2789,4.50,2.3494,4.41,4016,5865.2,2.825,2.812
9174,train,2.1955,0.3150,3.67,1.7112,2.00,4010,5865.8,1.972,1.899
9175,train,2.1051,0.4641,2.95,1.4920,1.00,4133,5866.4,2.434,2.430
9176,train,2.4382,0.3290,7.40,2.0141,6.00,4276,5867.0,4.894,4.889
9177,train,3.1617,0.1243,7.33,2.9110,6.58,5115,5867.6,5.473,5.470
9178,train,2.2211,0.3267,4.14,1.8999,2.00,4380,5868.1,2.353,2.344
9179,train,3.8362,0.0371,15.25,3.5298,14.07,4905,5868.7,11.617,11.603
9180,train,2.3689,0.1672,5.08,2.0306,5.00,4676,5869.3,3.584,3.583
9181,train,3.5564,0.1515,9.13,3.2444,8.41,4905,5869.9,9.475,9.474
9182,train,2.4582,0.3710,4.28,1.3750,2.00,4623,5870.5,3.187,3.178
9183,train,3.5442,0.0883,6.82,3.3636,5.24,4462,5871.1,4.385,4.382
9184,train,2.3915,0.2305,4.27,2.0824,2.41,5293,5871.7,2.522,2.501
9185,train,3.0081,0.0855,6.77,2.7041,6.16,4198,5872.2,5.036,5.033
9186,train,2.4380,0.1601,5.28,2.2515,5.41,4117,5872.8,3.948,3.939
9187,train,4.5247,0.0301,15.29,4.0399,14.22,4020,5873.4,13.137,13.136
9188,train,2.8791,0.2188,4.90,2.4843,2.00,4140,5874.0,4.464,4.457
9189,train,2.4028,0.2694,8.41,1.8715,8.41,3738,5874.6,7.166,7.102
9190,train,3.7228,0.1033,10.34,3.2213,9.39,4842,5875.2,7.991,7.987
9191,train,3.0064,0.1152,6.38,2.8182,8.51,4366,5875.7,3.892,3.881
9192,train,2.7921,0.3225,7.05,2.6358,7.80,4326,5876.3,6.249,6.242
9193,train,2.8129,0.1762,6.04,2.5241,4.65,4671,5876.9,4.987,4.973
9194,train,3.0616,0.0668,6.58,2.7865,5.41,5330,5877.5,4.854,4.848
9195,train,2.2713,0.1983,4.69,1.7800,4.83,3857,5878.1,4.070,4.063
9196,train,2.6339,0.1617,5.55,2.5149,5.41,4583,5878.7,4.465,4.456
9197,train,4.3265,0.2471,8.42,4.1992,9.32,4893,5879.2,6.791,6.788
9198,train,3.0839,0.1692,6.51,2.7724,4.24,4368,5879.8,5.089,5.070
9199,train,3.0907,0.1091,5.91,2.9950,5.24,4426,5880.4,4.954,4.951
9200,train,2.6235,0.1524,5.26,2.2375,4.00,4529,5881.0,2.680,2.652
9201,train,3.3198,0.2587,11.35,2.8171,11.06,4333,5881.6,9.487,9.469
9202,train,4.1735,0.0952,11.61,3.9736,12.00,4119,5882.2,10.347,10.345
9203,train,2.8231,0.2130,6.54,2.4007,3.00,4695,5882.7,3.616,3.611
9204,train,2.7199,0.3121,5.30,2.5586,2.24,4207,5883.3,3.973,3.965
9205,train,3.1612,0.0961,6.24,3.0578,5.00,4161,5883.9,3.707,3.705
9206,train,3.0484,0.1042,6.88,2.7768,6.24,5132,5884.5,5.422,5.421
9207,train,3.1987,0.0930,5.81,2.7677,3.41,5486,5885.1,3.684,3.682
9208,train,3.7343,0.0916,13.67,3.4115,15.12,5973,5885.7,11.734,11.730
9209,train,3.9543,0.1596,8.99,3.4955,8.34,4337,5886.2,7.901,7.896
9210,train,3.2453,0.1586,9.82,2.6088,8.24,4490,5886.8,6.183,6.159
9211,train,3.4303,0.1318,8.56,3.0350,8.16,4893,5887.4,5.487,5.467
9212,train,3.0300,0.2103,7.73,2.4836,7.10,4147,5888.0,6.255,6.249
9213,train,3.7102,0.0685,8.37,3.4556,5.65,3827,5888.6,6.742,6.742
9214,train,2.9706,0.1928,6.08,2.5804,5.16,5144,5889.2,3.936,3.935
9215,train,3.0760,0.1895,5.45,2.4122,3.41,5166,5889.7,3.557,3.474
9216,train,2.5801,0.2157,5.00,2.1563,3.00,5377,5890.3,2.741,2.696
9217,train,2.9763,0.2205,7.48,2.5211,4.16,5062,5890.9,4.462,4.441
9218,train,2.1051,0.2792,3.78,1.7684,3.41,3875,5891.5,2.482,2.478
9219,train,2.3046,0.3550,4.02,1.9119,2.41,4172,5892.1,2.753,2.747
9220,train,2.4264,0.2099,4.19,2.2410,4.00,4554,5892.7,2.831,2.823
9221,train,2.2073,0.2522,4.57,1.7859,4.41,4406,5893.3,3.228,3.225
9222,train,2.5782,0.3793,3.93,2.2911,2.41,4820,5893.8,2.978,2.970
9223,train,2.8267,0.1619,5.54,2.3202,4.00,4113,5894.4,3.839,3.836
9224,train,2.7048,0.1980,5.15,2.4776,4.00,4970,5895.0,3.885,3.884
9225,train,2.4610,0.2933,3.93,2.0781,3.41,4800,5895.6,2.307,2.258
9226,train,2.6932,0.2665,4.55,2.3129,2.83,3797,5896.2,2.597,2.592
9227,train,2.5828,0.1651,4.57,2.0938,4.00,4373,5896.8,3.002,2.999
9228,train,3.0852,0.0997,6.61,2.6834,4.24,4512,5897.3,4.161,4.149
9229,train,3.8773,0.0780,10.03,3.5153,7.30,4320,5897.9,9.779,9.778
9230,train,2.2627,0.2554,3.93,1.8337,3.00,4534,5898.5,2.220,2.215
9231,train,2.6956,0.2855,4.47,2.3935,3.00,4729,5899.1,2.780,2.763
9232,train,2.6436,0.2086,7.11,2.4177,6.89,4856,5899.7,6.495,6.478
9233,train,2.3760,0.2455,4.02,1.7914,2.41,4525,5900.3,2.217,2.216
9234,train,3.2123,0.0872,6.43,3.2812,5.83,4427,5900.9,4.917,4.914
9235,train,2.8558,0.1438,5.69,2.3299,4.83,5036,5901.4,3.470,3.469
9236,train,2.4510,0.2350,4.79,2.1092,3.41,3740,5902.0,3.830,3.824
9237,train,3.8909,0.1015,10.25,3.5218,9.25,4474,5902.6,9.632,9.622
9238,train,2.5818,0.1740,6.65,2.0083,7.10,4586,5903.2,5.068,5.063
9239,train,3.0469,0.3117,8.00,2.5035,5.10,4229,5903.8,5.953,5.948
9240,train,2.6933,0.2114,6.19,2.3987,4.00,5265,5904.4,4.668,4.655
9241,train,3.5459,0.1790,8.42,3.2021,8.34,4988,5904.9,8.154,8.152
9242,train,2.9345,0.1955,6.57,2.6724,5.83,4967,5905.5,4.667,4.649
9243,train,3.1337,0.0716,5.31,2.7521,4.00,5129,5906.1,3.881,3.872
9244,train,3.0810,0.2435,5.98,3.0783,6.12,4431,5906.7,5.019,4.958
9245,train,2.9744,0.1872,7.01,2.5249,6.00,5122,5907.3,4.466,4.460
9246,train,3.1385,0.1560,6.24,2.9061,5.47,4467,5907.9,4.315,4.308
9247,train,2.6827,0.2601,7.47,2.2161,8.10,4099,5908.5,6.311,6.298
9248,train,2.2020,0.2874,3.84,1.9864,2.41,3984,5909.0,2.678,2.677
9249,train,3.0540,0.2499,6.45,2.3268,5.24,4557,5909.6,4.061,4.032
9250,train,3.3975,0.0903,6.42,2.7482,4.65,4362,5910.2,4.774,4.771
9251,train,2.5089,0.1389,4.76,2.0088,4.00,4514,5910.8,2.813,2.803
9252,train,2.7216,0.3392,7.91,2.0029,7.00,4345,5911.4,6.961,6.958
9253,train,3.0569,0.1853,5.20,2.8710,5.41,4430,5912.0,3.808,3.792
9254,train,2.7616,0.1793,5.36,2.8235,5.41,4026,5912.5,3.630,3.627
9255,train,3.8208,0.0371,13.21,3.6679,15.98,4739,5913.1,9.899,9.894
9256,train,3.3288,0.0611,6.92,3.1645,6.65,4927,5913.7,4.189,4.187
9257,train,2.6122,0.1784,7.67,2.4207,9.41,4007,5914.3,6.285,6.278
9258,train,1.8363,0.3833,3.08,1.3257,2.00,4466,5914.9,1.815,1.810
9259,train,2.6875,0.2184,7.91,2.3617,6.39,4377,5915.5,5.294,5.275
9260,train,3.5091,0.0967,9.11,3.1234,8.10,5700,5916.0,7.676,7.673
9261,train,3.1555,0.1758,5.52,2.5803,4.41,4899,5916.6,4.476,4.464
9262,train,2.8100,0.1462,4.83,2.5191,4.83,4514,5917.2,3.162,3.153
9263,train,2.8018,0.2002,5.75,2.0520,4.24,4874,5917.8,4.056,4.055
9264,train,2.8320,0.1373,5.81,2.2126,4.41,4755,5918.4,3.972,3.968
9265,train,2.8978,0.2109,9.76,2.4873,10.07,4148,5919.0,8.424,8.419
9266,train,2.2028,0.1663,4.60,1.8367,4.41,3565,5919.6,3.594,3.590
9267,train,2.0426,0.4145,3.37,1.3499,0.00,4084,5920.1,2.206,2.205
9268,train,2.6358,0.2216,6.91,2.2568,4.41,4333,5920.7,5.654,5.650
9269,train,2.1044,0.2897,3.86,1.7381,3.41,4297,5921.3,2.303,2.300
9270,train,2.2394,0.2146,4.14,1.9271,4.00,4687,5921.9,2.360,2.357
9271,train,2.9529,0.1393,6.64,2.5157,6.41,5148,5922.5,4.221,4.215
9272,train,3.1829,0.1321,12.38,3.0484,10.31,5072,5923.1,8.878,8.875
9273,train,2.7361,0.2587,4.91,2.2807,3.41,4356,5923.6,2.594,2.593
9274,train,2.5049,0.1667,4.73,2.0623,3.00,4180,5924.2,2.161,2.154
9275,train,2.7701,0.2360,7.28,1.9821,6.12,4929,5924.8,5.262,5.257
9276,train,2.1299,0.3247,3.64,1.8373,2.83,4235,5925.4,2.408,2.406
9277,train,3.5821,0.0998,8.20,3.0385,6.65,5012,5926.0,6.099,6.091
9278,train,2.5686,0.2140,4.38,2.3585,3.41,4490,5926.6,2.915,2.914
9279,train,2.7545,0.2784,5.82,2.3149,4.83,4414,5927.2,3.650,3.639
9280,train,3.6725,0.1533,9.54,3.4922,8.71,5068,5927.7,8.759,8.757
9281,train,3.3397,0.0486,6.23,3.0966,5.41,4626,5928.3,4.721,4.716
9282,train,2.1972,0.4083,3.53,1.5636,2.41,4879,5928.9,1.578,1.571
9283,train,2.8937,0.2173,5.07,2.2321,4.41,5992,5929.5,4.180,4.170
9284,train,2.6370,0.1660,6.27,2.3040,6.41,4615,5930.1,4.496,4.495
9285,train,2.4255,0.2957,4.55,1.6595,2.41,4501,5930.7,2.895,2.886
9286,train,3.4325,0.1364,9.36,3.2063,9.91,4436,5931.3,8.511,8.511
9287,train,3.0997,0.1299,6.71,2.7576,6.06,4503,5931.8,5.517,5.513
9288,train,2.8212,0.1332,6.39,2.5124,5.41,4701,5932.4,5.101,5.096
9289,train,3.0897,0.1836,13.16,2.4082,12.07,4537,5933.0,8.028,8.026
9290,train,1.9841,0.3663,3.36,1.6103,3.00,4215,5933.6,2.070,2.014
9291,train,2.7109,0.2266,4.25,2.4279,2.00,4532,5934.2,2.654,2.647
9292,train,2.2878,0.3761,4.24,2.0346,4.24,3885,5934.8,2.722,2.719
9293,train,3.0681,0.1355,5.87,2.7941,3.83,4119,5935.3,3.922,3.914
9294,train,3.3470,0.0838,6.95,2.5514,4.24,4632,5935.9,6.456,6.455
9295,train,2.7164,0.1869,4.95,2.3524,4.00,4351,5936.5,3.692,3.679
9296,train,2.9856,0.1424,6.16,2.2460,4.41,5682,5937.1,3.906,3.877
9297,train,1.6921,0.4973,2.79,1.0999,0.00,3736,5937.7,1.685,1.682
9298,train,2.0355,0.4249,3.23,1.3296,2.00,4418,5938.3,2.188,2.186
9299,train,2.2630,0.4429,3.59,1.8295,1.00,4816,5938.8,1.952,1.932
9300,train,2.4435,0.3558,6.14,1.9044,6.00,4455,5939.4,4.167,4.162
9301,train,2.6111,0.2196,4.98,2.0656,2.83,5633,5940.0,3.763,3.758
9302,train,2.4980,0.2921,7.82,1.9678,7.08,4410,5940.6,7.005,7.002
9303,train,2.7773,0.2098,6.96,2.4572,8.07,4332,5941.2,5.228,5.226
9304,train,3.1679,0.1792,8.39,2.7961,8.83,4515,5941.8,7.100,7.091
9305,train,2.3027,0.2752,4.23,1.8655,3.00,4194,5942.3,3.028,3.021
9306,train,2.2526,0.3503,3.75,1.8017,2.00,4942,5942.9,2.389,2.384
9307,train,2.5427,0.1330,4.84,1.8826,4.41,5430,5943.5,3.450,3.448
9308,train,3.2466,0.2464,7.26,2.5545,4.41,5163,5944.1,5.304,5.301
9309,train,2.8742,0.1985,5.33,2.3768,4.24,4061,5944.7,3.810,3.808
9310,train,3.4368,0.1494,8.59,3.0435,6.06,5262,5945.3,6.951,6.949
9311,train,2.7619,0.1423,5.68,2.1070,3.41,4406,5945.9,5.180,5.176
9312,train,2.2656,0.2503,4.01,1.8379,4.00,4475,5946.4,2.172,2.161
9313,train,2.6972,0.2281,4.83,2.4572,3.41,4471,5947.0,2.612,2.604
9314,train,2.0724,0.2439,3.80,1.4296,3.00,4658,5947.6,2.696,2.694
9315,train,2.5265,0.2346,5.18,1.8874,4.24,5174,5948.2,4.204,4.197
9316,train,2.4769,0.2440,4.23,2.1040,3.00,4103,5948.8,2.368,2.357
9317,train,2.3301,0.2825,4.29,1.7588,4.00,5176,5949.4,2.743,2.722
9318,train,2.0694,0.3305,3.49,1.4958,2.00,4502,5949.9,2.600,2.597
9319,train,3.3772,0.1619,6.09,2.9168,5.41,4602,5950.5,4.731,4.725
9320,train,2.7582,0.1239,6.14,2.4181,5.00,4132,5951.1,3.973,3.968
9321,train,2.8168,0.2791,6.06,2.2360,4.41,4983,5951.7,3.853,3.850
9322,train,2.6857,0.1874,9.44,2.3303,10.12,4717,5952.3,8.389,8.385
9323,train,2.8709,0.2054,4.93,2.4367,4.00,4084,5952.9,3.515,3.513
9324,train,2.6674,0.2012,4.41,2.0196,3.00,4081,5953.4,3.621,3.620
9325,train,2.5321,0.1635,4.55,2.3895,4.00,5063,5954.0,3.101,3.084
9326,train,2.2286,0.3530,3.76,1.6812,2.41,4702,5954.6,1.893,1.888
9327,train,2.0089,0.4053,3.88,1.5426,2.00,3972,5955.2,2.766,2.764
9328,train,2.6061,0.1809,4.72,2.2324,3.83,4610,5955.8,2.640,2.624
9329,train,2.4880,0.2234,4.76,1.8366,2.00,4302,5956.4,2.459,2.453
9330,train,2.6023,0.2342,8.54,2.3522,9.41,4440,5956.9,6.571,6.566
9331,train,2.8444,0.2110,5.33,2.1763,4.41,4261,5957.5,3.099,3.089
9332,train,4.5871,0.0753,14.70,4.2651,14.69,5089,5958.1,12.830,12.815
9333,train,4.0780,0.0304,12.88,3.7228,12.94,4110,5958.7,12.634,12.631
9334,train,2.3775,0.2775,4.05,2.0565,2.41,4620,5959.3,1.336,1.297
9335,train,3.0204,0.1391,4.64,2.4554,3.41,4135,5959.9,2.952,2.951
9336,train,2.8476,0.2817,7.59,2.5145,7.08,4618,5960.4,7.115,7.107
9337,train,3.3965,0.1778,8.59,2.7852,8.00,4787,5961.0,6.335,6.332
9338,train,2.1476,0.3518,3.87,1.7258,2.41,4230,5961.6,2.182,2.166
9339,train,2.4467,0.2317,4.44,1.7491,3.00,4885,5962.2,3.162,3.160
9340,train,2.5914,0.2085,5.61,2.1813,5.41,4019,5962.8,3.586,3.576
9341,train,2.2130,0.2702,3.76,1.9497,3.41,4997,5963.4,2.636,2.632
9342,train,3.5860,0.0755,9.91,3.2901,7.99,4241,5964.0,8.112,8.100
9343,train,1.9880,0.3798,3.36,1.3785,2.00,5111,5964.5,2.312,2.311
9344,train,3.3312,0.0391,7.76,2.8484,8.12,4908,5965.1,6.027,6.023
9345,train,2.3208,0.2588,6.12,1.8995,2.00,5267,5965.7,5.058,5.054
9346,train,2.8207,0.2722,6.82,2.5068,3.24,4776,5966.3,4.514,4.509
9347,train,3.5133,0.0347,7.83,3.3599,7.43,5309,5966.9,6.600,6.594
9348,train,2.0944,0.3077,3.88,1.3789,2.00,4481,5967.5,3.026,3.024
9349,train,4.0896,0.0072,10.62,3.7658,8.06,4006,5968.0,5.835,5.827
9350,train,2.8751,0.2111,5.90,2.3893,5.00,3879,5968.6,5.032,5.025
9351,train,3.1965,0.1226,6.61,2.8530,5.41,4926,5969.2,4.278,4.275
9352,train,2.7620,0.2587,5.45,2.4676,4.00,4515,5969.8,3.507,3.504
9353,train,3.0323,0.1926,5.34,2.6151,4.65,4933,5970.4,3.944,3.939
9354,train,3.0517,0.1849,10.85,2.4721,8.41,4591,5971.0,7.437,7.433
9355,train,3.5499,0.0771,8.28,3.1822,7.16,4527,5971.6,5.392,5.372
9356,train,2.5290,0.2248,4.98,2.2572,4.00,4332,5972.1,5.018,5.015
9357,train,2.4124,0.2364,4.60,1.8989,3.41,4218,5972.7,2.825,2.819
9358,train,3.4114,0.0560,5.86,3.1798,4.00,4284,5973.3,4.965,4.958
9359,train,2.1816,0.2540,4.13,1.8955,3.41,3909,5973.9,1.871,1.860
9360,train,2.5083,0.2965,4.39,1.9926,1.41,4061,5974.5,2.423,2.416
9361,train,2.7803,0.0931,5.46,2.3899,4.41,4349,5975.1,4.865,4.862
9362,train,2.1851,0.2406,4.15,1.5896,3.00,4315,5975.6,1.888,1.837
9363,train,3.4183,0.0535,9.26,2.8430,5.16,5345,5976.2,8.149,8.145
9364,train,2.4805,0.1220,5.14,1.9834,5.00,4048,5976.8,3.437,3.436
9365,train,2.0369,0.3466,3.40,1.6950,2.00,4435,5977.4,1.740,1.736
9366,train,4.3662,0.0225,12.67,4.1500,11.64,4454,5978.0,9.566,9.563
9367,train,2.6124,0.2376,4.42,1.7948,2.00,3826,5978.6,3.692,3.691
9368,train,2.5713,0.1426,6.14,1.9253,5.00,4987,5979.1,4.462,4.460
9369,train,2.6837,0.2614,6.58,2.2741,6.00,4878,5979.7,4.382,4.363
9370,train,3.2258,0.0679,9.76,2.5616,8.00,4667,5980.3,7.140,7.132
9371,train,2.6478,0.2228,4.39,2.2507,3.00,4807,5980.9,2.556,2.553
9372,train,2.6339,0.2375,7.79,1.9907,6.10,5314,5981.5,5.540,5.537
9373,train,2.6929,0.2678,4.88,2.3022,2.41,3828,5982.1,2.974,2.972
9374,train,3.4858,0.0693,7.81,3.1814,7.06,4802,5982.7,4.609,4.608
9375,train,2.5732,0.1903,4.50,2.1312,3.41,4152,5983.2,3.184,3.183
9376,train,3.7773,0.0315,11.23,3.5859,8.93,4926,5983.8,9.066,9.065
9377,train,3.0364,0.2132,5.85,2.6432,4.41,4775,5984.4,4.414,4.411
9378,train,2.9267,0.1289,6.22,2.5177,5.41,4321,5985.0,3.406,3.390
9379,train,2.3431,0.4065,3.56,1.7968,1.41,3860,5985.6,1.902,1.894
9380,train,3.4152,0.1153,7.09,3.2871,5.47,5308,5986.2,5.701,5.699
9381,train,2.4930,0.2832,4.09,1.8612,2.41,4570,5986.8,2.594,2.591
9382,train,3.9895,0.0448,11.88,3.4972,10.50,4531,5987.3,9.084,9.080
9383,train,2.5522,0.1646,4.59,1.7594,2.41,4362,5987.9,3.250,3.246
9384,train,2.7813,0.1673,5.91,2.3619,4.83,4669,5988.5,3.969,3.967
9385,train,3.1670,0.0982,8.01,2.8109,8.12,4297,5989.1,6.456,6.452
9386,train,2.8482,0.0809,5.19,2.6592,5.00,4758,5989.7,4.018,4.017
9387,train,4.0577,0.0329,9.36,3.9428,9.41,4412,5990.3,8.692,8.688
9388,train,2.5243,0.2400,4.33,2.0872,3.00,5050,5990.9,2.801,2.787
9389,train,3.4884,0.0816,9.66,3.1017,7.54,4596,5991.4,7.730,7.722
9390,train,2.7951,0.2316,5.38,2.0972,2.00,4810,5992.0,3.447,3.423
9391,train,2.8907,0.2127,6.57,2.2610,6.00,4392,5992.6,5.590,5.587
9392,train,2.3905,0.2675,4.07,2.0383,3.00,4389,5993.2,2.358,2.357
9393,train,3.2155,0.1203,7.64,3.0237,6.41,4812,5993.8,6.286,6.283
9394,train,3.3948,0.1008,7.46,2.6859,5.65,5051,5994.4,5.886,5.882
9395,train,2.7289,0.1709,5.45,2.6318,5.24,4347,5994.9,3.717,3.713
9396,train,4.1124,0.1071,12.16,3.4359,11.15,4574,5995.5,10.137,10.135
9397,train,2.5279,0.1885,4.38,1.4657,3.00,4314,5996.1,3.287,3.283
9398,train,3.3350,0.2783,6.95,3.1102,5.54,4384,5996.7,5.550,5.545
9399,train,2.9614,0.2352,6.27,2.5138,4.61,4010,5997.3,5.354,5.348
9400,train,2.8870,0.1574,5.53,2.7948,6.06,4110,5997.9,4.177,4.171
9401,train,3.0910,0.1170,9.04,2.6253,11.06,4283,5998.4,6.715,6.710
9402,train,2.6584,0.1460,9.32,2.0601,8.10,4308,5999.0,7.248,7.245
9403,train,3.1589,0.1595,7.34,2.7084,6.47,4559,5999.6,5.164,5.158
9404,train,2.1926,0.1971,4.36,1.6229,4.41,4430,6000.2,2.481,2.479
9405,train,2.1992,0.2634,3.87,1.7127,3.00,4521,6000.8,2.160,2.158
9406,train,2.3095,0.3360,3.82,1.8643,2.41,3955,6001.4,2.556,2.552
9407,train,2.3376,0.2833,6.54,1.8262,2.00,4454,6001.9,4.158,4.143
9408,train,3.4645,0.1046,9.15,2.9677,9.29,4915,6002.5,6.974,6.971
9409,train,3.5387,0.0457,10.31,3.0825,10.49,4547,6003.1,8.254,8.248
9410,train,4.1159,0.0543,12.76,3.6777,11.71,4622,6003.7,11.274,11.270
9411,train,2.3685,0.2025,4.56,1.9113,2.41,5250,6004.3,2.657,2.643
9412,train,2.2630,0.3350,4.23,1.7167,2.41,4570,6004.9,1.669,1.587
9413,train,3.8388,0.1275,15.78,3.2565,15.63,4767,6005.5,12.083,12.074
9414,train,2.8217,0.3271,4.86,2.5712,3.24,4421,6006.0,2.971,2.961
9415,train,3.2025,0.1833,6.11,3.0357,4.41,4527,6006.6,4.954,4.949
9416,train,2.8416,0.2645,5.42,2.1849,2.83,4699,6007.2,2.943,2.939
9417,train,4.2682,0.0104,8.71,4.0793,8.41,4148,6007.8,7.597,7.595
9418,train,2.9462,0.1005,5.87,2.2560,4.41,4309,6008.4,4.183,4.174
9419,train,3.1407,0.2676,7.41,2.3612,4.41,4477,6009.0,5.800,5.791
9420,train,2.5106,0.1898,4.63,1.9293,2.00,4421,6009.5,2.607,2.603
9421,train,2.9218,0.3014,5.06,2.8097,5.58,4184,6010.1,3.790,3.778
9422,train,2.4142,0.2177,5.13,2.0942,3.00,4497,6010.7,3.232,3.208
9423,train,2.7140,0.2996,15.87,2.2106,16.06,4032,6011.3,15.708,15.702
9424,train,3.0226,0.1207,5.32,3.0330,5.41,4920,6011.9,4.110,4.110
9425,train,3.6423,0.0919,11.16,3.4404,10.24,5138,6012.5,9.711,9.708
9426,train,3.2246,0.0718,7.55,2.6945,7.02,4081,6013.0,5.150,5.137
9427,train,3.8781,0.0167,7.97,3.2832,6.00,4622,6013.6,6.467,6.456
9428,train,3.0215,0.0710,7.70,2.6310,7.00,4323,6014.2,4.367,4.360
9429,train,2.9117,0.1795,8.81,2.6132,8.41,4434,6014.8,7.190,7.190
9430,train,2.4275,0.2888,3.93,1.9430,2.00,4928,6015.4,2.732,2.721
9431,train,2.5025,0.3249,3.72,2.0594,1.00,4500,6016.0,1.590,1.588
9432,train,2.9565,0.1264,11.16,2.5145,11.07,5017,6016.5,8.725,8.718
9433,train,2.2271,0.3570,3.86,1.5147,2.83,4446,6017.1,2.354,2.348
9434,train,3.2142,0.0607,7.01,3.0598,7.02,5024,6017.7,6.288,6.282
9435,train,3.2670,0.0707,7.04,2.6954,6.24,4541,6018.3,6.259,6.258
9436,train,2.7154,0.2747,6.05,2.2000,3.00,4238,6018.9,5.529,5.523
9437,train,2.8738,0.2123,5.47,2.4803,4.41,4418,6019.5,3.989,3.984
9438,train,3.3031,0.0467,6.99,3.1761,7.40,5034,6020.0,5.150,5.149
9439,train,3.0993,0.0962,9.21,2.8445,10.62,4823,6020.6,7.253,7.250
9440,train,3.0574,0.1350,9.44,2.7626,6.00,4534,6021.2,6.916,6.911
9441,train,2.2413,0.2419,4.31,1.7450,3.83,5109,6021.8,3.126,3.103
9442,train,3.0578,0.2012,6.07,2.7563,2.41,4250,6022.4,2.850,2.840
9443,train,3.2879,0.0688,8.10,2.9164,7.41,4826,6023.0,4.621,4.618
9444,train,2.9316,0.1645,6.14,2.2564,5.00,4840,6023.5,3.547,3.545
9445,train,3.6141,0.0441,10.58,3.3494,11.89,4674,6024.1,7.232,7.228
9446,train,2.8032,0.3133,6.28,2.4590,5.89,3919,6024.7,4.641,4.641
9447,train,2.4386,0.2555,4.31,2.1382,2.00,4274,6025.3,2.403,2.394
9448,train,2.5329,0.2623,6.42,2.1153,7.80,4179,6025.9,3.419,3.410
9449,train,3.3752,0.1999,8.09,3.0186,6.24,4622,6026.5,5.977,5.965
9450,train,2.3992,0.2449,4.82,2.0499,5.00,4083,6027.0,3.254,3.251
9451,train,2.9240,0.2307,8.78,2.4238,10.45,4629,6027.6,6.706,6.705
9452,train,3.1492,0.0817,6.54,2.8833,6.65,4712,6028.2,4.890,4.884
9453,train,2.8901,0.2311,5.21,2.7254,5.16,4237,6028.8,3.311,3.287
9454,train,3.3165,0.1312,7.60,3.3757,7.00,5007,6029.4,6.732,6.728
9455,train,2.4123,0.1572,4.80,2.1810,4.83,4205,6030.0,2.699,2.697
9456,train,2.1817,0.3183,3.87,1.5197,2.00,4553,6030.6,2.090,2.083
9457,train,2.5960,0.2380,4.93,1.7825,2.00,4202,6031.1,3.250,3.241
9458,train,2.3716,0.1779,4.37,2.1097,4.41,4660,6031.7,2.290,2.289
9459,train,2.8110,0.1216,6.19,2.3089,4.83,4434,6032.3,3.835,3.830
9460,train,3.1985,0.0776,7.36,2.6887,5.65,4368,6032.9,5.974,5.973
9461,train,2.2422,0.1906,4.63,1.7386,4.83,4051,6033.5,3.453,3.449
9462,train,2.3519,0.2090,4.26,1.9315,3.00,4245,6034.1,2.252,2.250
9463,train,2.5426,0.1515,4.91,2.2560,5.00,4455,6034.6,3.976,3.970
9464,train,2.8753,0.2202,5.51,2.2603,4.00,3955,6035.2,3.170,3.106
9465,train,4.1163,0.0626,6.92,3.7148,7.06,4172,6035.8,5.485,5.482
9466,train,2.8624,0.0917,5.72,2.4019,4.41,3916,6036.4,4.278,4.272
9467,train,2.4455,0.2472,4.71,1.9277,2.41,4542,6037.0,3.001,2.998
9468,train,3.4860,0.1360,11.07,2.7271,9.50,4691,6037.6,8.332,8.297
9469,train,2.6049,0.2753,4.21,2.2320,2.41,3938,6038.1,3.040,3.039
9470,train,2.4789,0.1837,6.01,2.0010,7.12,5053,6038.7,5.018,5.016
9471,train,4.3739,0.1343,10.34,4.2832,11.18,5241,6039.3,9.637,9.635
9472,train,2.7104,0.2470,4.90,2.3088,4.41,4360,6039.9,3.763,3.756
9473,train,3.3324,0.0966,9.14,2.7258,11.07,4918,6040.5,9.041,9.028
9474,train,2.4087,0.3148,4.74,2.0731,4.00,4794,6041.1,2.480,2.470
9475,train,4.2542,0.1751,8.86,4.5173,8.24,4973,6041.6,7.931,7.925
9476,train,2.0460,0.4087,3.14,1.7268,1.00,4350,6042.2,1.669,1.656
9477,train,2.6282,0.2319,4.77,2.0802,2.83,4235,6042.8,3.788,3.787
9478,train,4.5305,0.0792,11.47,4.0567,8.32,5331,6043.4,9.516,9.508
9479,train,2.7676,0.1397,8.11,2.2820,9.32,4431,6044.0,7.340,7.339
9480,train,2.3742,0.1696,4.34,1.9754,3.00,4140,6044.6,2.527,2.523
9481,train,2.4649,0.3116,4.59,1.9332,3.24,4333,6045.1,3.508,3.498
9482,train,2.2011,0.3662,4.44,1.6015,1.00,4762,6045.7,2.874,2.853
9483,train,3.0797,0.1304,6.78,2.5735,5.24,4738,6046.3,4.872,4.869
9484,train,3.9882,0.0196,9.79,3.6850,7.47,4751,6046.9,8.042,8.041
9485,train,2.6854,0.2229,4.79,2.2319,4.83,4656,6047.5,2.543,2.537
9486,train,2.6299,0.2332,4.95,2.1008,2.41,5133,6048.1,3.083,3.079
9487,train,2.4625,0.1643,4.72,2.1790,3.83,4279,6048.7,3.461,3.456
9488,train,2.4613,0.2108,4.66,1.8452,2.41,4402,6049.2,3.143,3.142
9489,train,3.1455,0.0802,6.98,2.7568,6.47,4864,6049.8,5.424,5.420
9490,train,2.1908,0.1772,4.19,1.9572,3.41,4001,6050.4,2.620,2.619
9491,train,2.3744,0.2948,5.72,1.9080,5.24,3958,6051.0,3.937,3.926
9492,train,3.2722,0.1125,6.96,2.9962,5.99,4215,6051.6,5.181,5.178
9493,train,2.6669,0.1507,9.55,2.1780,10.41,4964,6052.2,8.709,8.709
9494,train,2.7396,0.1930,6.98,2.1871,8.00,4228,6052.7,6.085,6.078
9495,train,3.0369,0.0571,6.14,2.7660,5.41,4591,6053.3,4.505,4.499
9496,train,2.8727,0.2742,8.98,2.3277,7.40,4756,6053.9,6.040,6.036
9497,train,2.2953,0.2938,4.03,1.7565,2.00,3993,6054.5,3.184,3.179
9498,train,3.2279,0.1161,8.73,2.5774,3.83,4899,6055.1,6.288,6.281
9499,train,2.4285,0.2152,4.69,1.9449,2.83,4605,6055.7,3.195,3.191
9500,train,2.4706,0.2757,4.20,2.1754,4.24,5492,6056.2,2.401,2.394
9500,val,2.9759,0.1850,7.01,2.5858,5.96,222066,6083.9,5.278,5.265
9501,train,3.6109,0.1604,7.03,3.4686,6.81,4303,6085.2,5.010,4.993
9502,train,3.2998,0.0722,6.67,3.0507,6.41,4444,6085.8,5.445,5.436
9503,train,3.0773,0.0972,6.67,2.6497,6.00,4948,6086.3,4.597,4.595
9504,train,2.8934,0.1623,5.34,2.3976,5.00,4536,6086.9,2.642,2.637
9505,train,3.3349,0.1049,8.06,3.0434,7.24,4375,6087.5,6.419,6.411
9506,train,2.7280,0.2150,6.41,2.1739,5.41,4474,6088.1,4.434,4.433
9507,train,2.3506,0.3385,3.85,2.0508,3.41,3938,6088.7,1.688,1.682
9508,train,1.9607,0.4813,2.96,1.5827,0.00,4349,6089.3,0.875,0.859
9509,train,2.8667,0.1595,5.41,2.4053,3.41,4470,6089.8,4.731,4.725
9510,train,2.9944,0.1009,7.37,2.7118,4.00,4331,6090.4,4.142,4.130
9511,train,3.0295,0.1834,6.10,2.6848,5.83,4258,6091.0,4.303,4.299
9512,train,3.5993,0.0254,12.95,3.3400,11.90,5428,6091.6,9.340,9.336
9513,train,3.0340,0.1581,7.29,2.7774,5.12,5288,6092.2,5.361,5.354
9514,train,2.6973,0.3607,5.51,2.2712,3.24,4181,6092.8,4.039,3.977
9515,train,2.2970,0.2583,3.90,1.9022,2.00,4212,6093.3,2.620,2.614
9516,train,2.5279,0.2769,5.13,2.0879,3.65,4388,6093.9,3.537,3.526
9517,train,2.3974,0.4263,3.89,1.6503,1.00,4272,6094.5,2.639,2.616
9518,train,2.9351,0.2390,6.16,2.2112,4.16,4343,6095.1,5.922,5.913
9519,train,3.4048,0.0633,7.65,3.0010,4.83,4280,6095.7,4.582,4.543
9520,train,2.6334,0.2084,5.30,2.2386,3.00,4996,6096.3,4.140,4.136
9521,train,2.2694,0.3143,3.57,1.8861,3.00,3923,6096.8,2.066,2.046
9522,train,3.2807,0.2253,7.02,2.5833,5.99,4248,6097.4,5.554,5.550
9523,train,3.1859,0.0470,10.38,2.8282,10.00,4062,6098.0,7.848,7.843
9524,train,2.6270,0.3015,5.98,1.8958,4.16,4010,6098.6,5.244,5.243
9525,train,3.2835,0.0997,8.17,2.8306,4.41,4024,6099.2,7.318,7.316
9526,train,3.8515,0.1252,11.05,3.5289,7.77,4306,6099.8,10.002,9.972
9527,train,3.5152,0.1779,8.23,3.1563,5.24,4824,6100.3,7.184,7.166
9528,train,4.3735,0.1141,9.09,4.3631,9.41,4454,6100.9,8.086,8.085
9529,train,2.2701,0.2480,4.33,1.7717,3.41,4544,6101.5,3.193,3.188
9530,train,2.2452,0.2953,3.99,1.5556,2.41,4927,6102.1,2.510,2.507
9531,train,2.6012,0.1485,5.49,2.4626,4.83,4148,6102.7,4.230,4.212
9532,train,3.0813,0.2791,8.87,2.3257,5.54,4511,6103.3,6.560,6.554
9533,train,2.4725,0.2901,4.73,1.9213,4.24,4209,6103.9,2.873,2.862
9534,train,2.1009,0.2474,3.86,1.4026,2.00,4393,6104.4,2.864,2.860
9535,train,2.7309,0.1035,7.08,2.1955,8.10,4687,6105.0,6.553,6.552
9536,train,3.3538,0.0393,7.07,3.0541,6.89,5397,6105.6,5.075,5.074
9537,train,2.5128,0.2181,5.31,2.1620,4.24,4534,6106.2,3.682,3.675
9538,train,3.1118,0.1831,6.29,2.5033,4.00,4686,6106.8,5.230,5.224
9539,train,3.2883,0.1632,6.64,2.9554,6.24,4284,6107.4,5.199,5.166
9540,train,2.6597,0.2454,9.19,2.1656,8.41,4679,6107.9,7.587,7.573
9541,train,3.4706,0.1059,8.10,3.1875,6.58,4370,6108.5,6.665,6.661
9542,train,3.6053,0.0788,8.53,2.9929,5.65,4634,6109.1,6.255,6.244
9543,train,2.9350,0.1758,6.97,2.4658,5.00,3589,6109.7,4.146,4.139
9544,train,2.9626,0.2218,7.32,2.1315,3.24,4508,6110.3,5.358,5.343
9545,train,2.5482,0.2422,5.44,2.0408,2.00,4459,6110.9,5.752,5.740
9546,train,2.6016,0.2165,4.87,2.1971,2.83,4388,6111.4,2.735,2.731
9547,train,2.7535,0.1242,5.27,2.3277,5.00,5163,6112.0,3.321,3.311
9548,train,3.3364,0.1917,10.29,2.6802,7.08,4685,6112.6,7.103,7.071
9549,train,3.9473,0.1002,14.51,3.1100,10.63,4760,6113.2,10.657,10.655
9550,train,4.0450,0.0965,10.02,3.5799,5.83,4852,6113.8,8.299,8.290
9551,train,2.3552,0.2623,9.90,1.7751,10.06,4293,6114.4,7.185,7.179
9552,train,3.3066,0.0935,9.27,3.0160,9.34,4363,6114.9,7.635,7.633
9553,train,2.1403,0.3263,3.55,1.8579,3.41,4051,6115.5,1.967,1.961
9554,train,3.8037,0.1117,7.65,3.2902,5.06,4673,6116.1,5.082,5.038
9555,train,2.6703,0.3423,4.93,1.9736,2.24,4087,6116.7,3.756,3.750
9556,train,3.3780,0.0505,7.54,2.7702,6.83,5127,6117.3,4.722,4.720
9557,train,2.7309,0.1407,6.05,2.3961,4.24,4328,6117.9,4.708,4.693
9558,train,2.3332,0.2643,4.10,1.7652,2.00,4707,6118.5,2.811,2.806
9559,train,2.3389,0.2553,4.00,1.7690,3.00,4544,6119.0,2.174,2.162
9560,train,3.4083,0.0666,10.08,2.7499,7.16,4896,6119.6,7.908,7.906
9561,train,2.8367,0.2438,7.43,2.5884,7.83,4553,6120.2,6.176,6.175
9562,train,3.2452,0.1810,10.71,2.6296,11.02,4453,6120.8,8.067,8.036
9563,train,2.7247,0.2485,5.14,2.1135,2.41,4587,6121.4,3.885,3.883
9564,train,3.1461,0.1593,9.47,2.8589,9.24,4225,6122.0,7.928,7.923
9565,train,3.3730,0.1884,14.13,3.1180,14.55,4161,6122.5,12.828,12.827
9566,train,2.5973,0.1903,8.32,2.2433,9.41,5272,6123.1,7.181,7.177
9567,train,2.4442,0.3265,8.32,1.9029,8.07,5154,6123.7,6.215,6.199
9568,train,2.5834,0.1610,5.25,2.2055,5.00,3926,6124.3,3.451,3.445
9569,train,2.9267,0.2242,5.40,2.6170,3.41,4416,6124.9,4.247,4.234
9570,train,2.7998,0.2397,6.92,2.5072,10.00,4109,6125.5,5.981,5.975
9571,train,2.5954,0.1320,5.06,2.2222,4.83,4448,6126.0,2.797,2.795
9572,train,2.4990,0.2385,4.75,2.0117,4.00,4012,6126.6,3.147,3.145
9573,train,4.4763,0.0538,10.85,4.8662,13.04,4310,6127.2,10.777,10.776
9574,train,2.4100,0.2118,4.71,2.0819,4.41,3815,6127.8,3.731,3.722
9575,train,2.7410,0.2140,7.09,2.1994,4.61,4318,6128.4,5.890,5.883
9576,train,2.6494,0.1609,8.15,2.1913,9.41,4277,6129.0,6.505,6.497
9577,train,3.1106,0.1447,7.10,2.3795,3.83,5073,6129.5,4.483,4.483
9578,train,2.9654,0.0915,10.09,2.5561,10.00,4645,6130.1,7.662,7.660
9579,train,2.1930,0.2696,4.15,1.8318,3.83,4165,6130.7,2.593,2.591
9580,train,2.2675,0.1958,4.32,1.9038,3.41,4121,6131.3,2.551,2.545
9581,train,3.6623,0.0412,11.46,2.9479,8.50,3787,6131.9,8.240,8.236
9582,train,2.7234,0.2186,6.19,2.5574,6.06,4474,6132.5,5.025,5.017
9583,train,2.3195,0.2990,4.05,1.8449,2.41,4501,6133.0,2.238,2.225
9584,train,4.9874,0.0190,15.43,4.8968,14.80,5008,6133.6,14.459,14.457
9585,train,2.4064,0.2602,4.66,1.7463,3.24,4942,6134.2,2.957,2.947
9586,train,3.0117,0.1384,6.83,2.9286,7.54,3997,6134.8,5.095,5.091
9587,train,3.2723,0.1094,11.62,2.9553,9.74,4672,6135.4,8.210,8.209
9588,train,2.6686,0.2568,5.45,1.9682,2.41,4296,6136.0,4.418,4.412
9589,train,3.5075,0.1700,10.13,3.1336,10.36,4718,6136.5,6.869,6.867
9590,train,2.0690,0.2900,3.80,1.6859,3.00,4551,6137.1,1.675,1.668
9591,train,3.2327,0.1235,6.40,2.7658,4.41,5148,6137.7,4.296,4.290
9592,train,3.4069,0.0951,8.56,3.0440,8.32,4511,6138.3,7.618,7.606
9593,train,2.3702,0.2495,4.89,1.5723,4.24,4396,6138.9,3.172,3.171
9594,train,2.6421,0.2386,4.68,2.1217,3.00,4823,6139.5,2.811,2.808
9595,train,2.1122,0.2423,4.26,1.6154,2.00,4338,6140.0,1.572,1.538
9596,train,3.5226,0.0941,6.99,3.2470,7.40,3870,6140.6,5.871,5.870
9597,train,2.0337,0.3822,3.39,1.4149,1.00,4492,6141.2,2.393,2.361
9598,train,3.6405,0.0682,10.06,3.6731,10.25,4444,6141.8,9.540,9.532
9599,train,3.2208,0.2843,9.29,2.7720,7.25,4699,6142.4,7.636,7.616
9600,train,2.9053,0.1760,6.08,2.5298,4.41,4120,6143.0,4.329,4.328
9601,train,2.7202,0.2187,7.92,2.1876,8.32,4110,6143.5,5.782,5.780
9602,train,3.0475,0.1956,7.05,2.4506,8.25,4740,6144.1,4.651,4.651
9603,train,3.0328,0.1330,7.04,2.5290,6.24,4926,6144.7,6.546,6.542
9604,train,2.8083,0.1365,5.45,2.5152,4.41,4345,6145.3,3.634,3.631
9605,train,4.7514,0.0235,16.69,4.3244,17.06,4901,6145.9,13.220,13.217
9606,train,3.5223,0.0973,10.59,3.2738,10.12,5016,6146.5,9.003,8.990
9607,train,3.1702,0.1412,5.48,2.8923,5.41,4334,6147.1,3.389,3.385
9608,train,3.0604,0.0728,5.65,2.9888,5.66,4383,6147.6,3.987,3.969
9609,train,2.3173,0.2501,4.56,1.8216,3.41,3931,6148.2,3.153,3.143
9610,train,4.4921,0.1031,11.72,3.8619,10.10,4163,6148.8,9.371,9.370
9611,train,2.7107,0.1874,5.68,2.2646,4.24,4632,6149.4,4.314,4.307
9612,train,2.7805,0.1982,5.20,2.4196,4.24,4582,6150.0,3.882,3.879
9613,train,1.9625,0.3435,3.47,1.3401,1.00,4739,6150.6,2.200,2.194
9614,train,3.1097,0.2288,5.11,2.4893,3.65,4479,6151.1,4.261,4.256
9615,train,2.9913,0.2779,5.57,2.8101,5.24,4530,6151.7,4.803,4.796
9616,train,2.3368,0.2587,4.09,1.6103,3.41,4735,6152.3,2.381,2.374
9617,train,2.2729,0.2611,4.09,1.6078,2.41,4792,6152.9,2.174,2.172
9618,train,2.6103,0.1228,5.32,2.1296,5.41,3997,6153.5,4.298,4.296
9619,train,2.2675,0.2768,4.90,1.8133,4.41,4213,6154.1,3.988,3.964
9620,train,3.8295,0.1789,10.52,3.1821,7.66,4411,6154.6,7.066,7.060
9621,train,2.2229,0.3432,3.47,1.6531,2.00,4493,6155.2,2.288,2.280
9622,train,3.1015,0.0627,9.20,2.5555,9.61,4912,6155.8,7.584,7.576
9623,train,2.7581,0.1589,6.10,2.4194,6.24,4217,6156.4,3.996,3.985
9624,train,2.3625,0.4456,6.05,1.7122,0.00,4953,6157.0,4.244,4.238
9625,train,2.3587,0.3681,4.63,1.7626,2.41,4746,6157.6,2.937,2.928
9626,train,3.2221,0.0667,6.54,2.9921,5.24,4465,6158.1,4.847,4.826
9627,train,2.2849,0.3188,3.97,1.7061,2.41,4483,6158.7,2.331,2.329
9628,train,3.6801,0.0562,9.52,3.1429,9.75,4569,6159.3,8.036,8.032
9629,train,2.9675,0.1182,7.09,2.6144,6.16,4314,6159.9,5.426,5.350
9630,train,2.8960,0.1885,9.12,2.2254,1.00,5039,6160.5,6.727,6.721
9631,train,2.3554,0.2458,4.23,1.8737,3.00,5780,6161.1,3.059,3.054
9632,train,2.1015,0.3917,3.22,1.6187,1.41,4631,6161.7,1.653,1.648
9633,train,2.9648,0.2372,11.28,2.3156,8.41,4507,6162.2,6.411,6.400
9634,train,2.9485,0.2024,8.08,2.5811,8.50,4131,6162.8,5.332,5.285
9635,train,2.1299,0.3973,5.10,1.6500,2.00,4221,6163.4,3.907,3.904
9636,train,2.6244,0.1208,5.26,2.4254,6.24,4695,6164.0,3.121,3.115
9637,train,3.0329,0.1515,5.55,2.6506,4.41,4410,6164.6,4.055,4.042
9638,train,3.4319,0.0832,8.30,2.8572,6.83,5543,6165.2,4.556,4.547
9639,train,3.7571,0.0808,8.10,3.5653,7.58,4939,6165.7,6.140,6.129
9640,train,2.6433,0.2504,6.88,2.2931,7.10,4465,6166.3,5.421,5.412
9641,train,3.7196,0.1390,10.32,3.1951,7.83,5581,6166.9,7.537,7.536
9642,train,2.6239,0.3077,5.42,2.0095,4.16,4388,6167.5,4.410,4.405
9643,train,3.3213,0.0398,6.71,3.1117,4.41,3965,6168.1,4.466,4.455
9644,train,3.3655,0.1622,7.18,2.9446,5.83,5296,6168.7,5.945,5.927
9645,train,4.3640,0.0388,15.07,3.9459,15.50,4510,6169.2,13.475,13.471
9646,train,2.8122,0.1790,4.81,2.3994,3.41,4536,6169.8,3.714,3.713
9647,train,2.7461,0.2864,10.76,2.3648,9.90,4899,6170.4,8.697,8.689
9648,train,2.5305,0.1545,4.70,2.0163,4.00,4331,6171.0,3.716,3.708
9649,train,3.2282,0.2025,6.18,2.8258,4.24,3808,6171.6,5.108,5.093
9650,train,3.6934,0.0144,10.93,3.1858,7.24,4361,6172.2,8.351,8.341
9651,train,1.9365,0.4087,3.18,1.1751,0.00,4390,6172.7,1.413,1.399
9652,train,4.3078,0.1383,10.82,4.4698,8.77,4072,6173.3,8.313,8.297
9653,train,3.4596,0.2310,8.32,3.0541,7.16,4722,6173.9,6.054,6.038
9654,train,2.7096,0.1296,6.21,2.1978,5.00,3957,6174.5,5.138,5.136
9655,train,2.6308,0.2619,4.11,2.5619,2.41,4636,6175.1,2.046,2.044
9656,train,3.1930,0.1832,5.79,2.8166,4.24,4394,6175.7,4.971,4.961
9657,train,3.9101,0.1422,8.58,3.2433,7.66,4902,6176.2,5.341,5.328
9658,train,2.9008,0.0963,6.82,2.5928,7.43,4733,6176.8,5.416,5.408
9659,train,2.6728,0.2342,4.83,2.3026,2.41,3761,6177.4,3.023,3.017
9660,train,2.2819,0.2486,4.05,1.9173,3.00,4739,6178.0,1.961,1.953
9661,train,3.0337,0.1845,7.21,2.9060,8.00,5268,6178.6,4.766,4.760
9662,train,2.4331,0.2369,4.54,2.0457,3.41,4302,6179.2,3.105,3.102
9663,train,3.1149,0.1804,6.78,2.9521,6.47,3892,6179.7,4.824,4.819
9664,train,4.4161,0.0153,16.57,4.0036,12.07,3793,6180.3,16.104,16.103
9665,train,4.0822,0.0387,10.59,3.4700,10.00,4446,6180.9,9.166,9.165
9666,train,4.5285,0.1855,13.42,3.8854,10.94,4948,6181.5,10.980,10.973
9667,train,2.2065,0.3137,3.89,1.7560,2.41,4501,6182.1,2.009,2.003
9668,train,2.7104,0.1176,5.03,2.5799,5.24,4378,6182.7,3.785,3.781
9669,train,2.6255,0.1524,4.90,2.3019,3.00,3990,6183.2,3.411,3.406
9670,train,3.9348,0.2104,9.52,3.3047,8.08,4316,6183.8,7.651,7.637
9671,train,2.7761,0.2085,4.45,2.5716,3.41,4303,6184.4,3.400,3.397
9672,train,2.2005,0.2542,3.75,1.8674,2.00,4147,6185.0,2.145,2.143
9673,train,2.1549,0.3074,4.11,1.5169,3.00,4372,6185.6,2.490,2.487
9674,train,2.9829,0.1735,6.90,2.5624,5.00,4588,6186.2,5.078,5.073
9675,train,2.1142,0.3238,3.61,1.6379,2.00,4210,6186.8,1.791,1.784
9676,train,3.0868,0.1795,5.93,2.4732,3.83,4562,6187.3,4.172,4.168
9677,train,2.4819,0.2645,4.64,1.9473,3.00,4541,6187.9,3.043,3.043
9678,train,2.1311,0.3595,3.85,1.8001,3.24,4181,6188.5,2.422,2.400
9679,train,2.6800,0.2609,5.50,2.0525,4.00,4788,6189.1,2.930,2.885
9680,train,2.6160,0.3437,5.59,2.2183,5.12,4419,6189.7,4.363,4.355
9681,train,2.5899,0.3434,4.22,1.8914,1.00,5056,6190.3,2.577,2.570
9682,train,2.4671,0.2345,4.74,1.7148,3.00,4303,6190.8,2.672,2.671
9683,train,3.2751,0.0637,6.38,3.1677,5.83,4382,6191.4,5.355,5.354
9684,train,2.8588,0.1358,5.90,2.3735,4.41,4764,6192.0,4.516,4.513
9685,train,3.1317,0.2083,10.94,2.9138,11.60,5176,6192.6,9.909,9.896
9686,train,3.8328,0.0742,8.56,3.5326,7.95,5230,6193.2,7.650,7.647
9687,train,2.3207,0.3172,4.81,1.6983,2.41,4918,6193.8,3.344,3.341
9688,train,2.8569,0.1663,7.67,2.4176,3.41,4589,6194.3,6.205,6.195
9689,train,3.7560,0.0474,9.31,3.5130,9.36,4603,6194.9,4.850,4.847
9690,train,2.5271,0.2001,4.59,2.4127,4.83,4268,6195.5,2.053,2.035
9691,train,1.7513,0.4809,2.81,1.1461,0.00,4024,6196.1,1.761,1.759
9692,train,2.6982,0.2221,5.19,1.7741,2.41,4526,6196.7,4.942,4.939
9693,train,2.2902,0.3077,3.96,1.6102,2.00,4351,6197.3,2.847,2.843
9694,train,3.4554,0.0675,8.66,2.9774,8.75,4964,6197.8,6.336,6.328
9695,train,2.6714,0.2172,5.79,2.2603,3.41,4447,6198.4,4.340,4.336
9696,train,4.5041,0.0183,12.74,4.1305,12.07,5035,6199.0,10.991,10.975
9697,train,3.1971,0.1392,7.27,3.0327,6.41,5310,6199.6,5.355,5.350
9698,train,2.8693,0.1682,4.90,2.3943,3.41,4596,6200.2,3.073,3.066
9699,train,2.8359,0.1893,5.64,2.4771,4.00,4601,6200.8,4.020,4.019
9700,train,4.4942,0.0087,13.61,4.1077,11.51,4736,6201.3,11.672,11.671
9701,train,2.5196,0.1999,4.65,2.1265,3.00,5297,6201.9,3.240,3.231
9702,train,2.4500,0.2691,3.94,2.1452,3.41,4236,6202.5,2.203,2.200
9703,train,3.3418,0.1455,7.31,2.9203,4.83,4672,6203.1,6.355,6.354
9704,train,3.0091,0.1281,6.44,2.6875,5.16,4052,6203.7,5.670,5.670
9705,train,3.0912,0.1266,7.73,2.6488,9.16,4447,6204.3,6.219,6.207
9706,train,3.4175,0.1075,6.30,3.2657,6.65,4055,6204.8,4.525,4.523
9707,train,2.4198,0.1938,4.86,1.9120,3.41,3890,6205.4,3.977,3.975
9708,train,2.0893,0.3446,3.42,1.8082,3.41,4602,6206.0,1.749,1.736
9709,train,2.7075,0.1299,6.35,2.1750,5.16,4502,6206.6,4.045,4.033
9710,train,2.7485,0.1244,5.63,2.5025,4.00,4639,6207.2,3.525,3.521
9711,train,2.5435,0.2830,5.40,2.4507,5.58,4106,6207.8,3.777,3.776
9712,train,3.3781,0.1743,11.25,2.7651,10.78,4957,6208.3,7.041,7.037
9713,train,3.0150,0.1628,10.59,2.4616,9.90,4741,6208.9,7.964,7.963
9714,train,2.8931,0.2778,4.60,2.6917,5.00,4144,6209.5,3.300,3.215
9715,train,2.5544,0.2000,5.10,2.1111,4.00,4744,6210.1,2.764,2.761
9716,train,2.5279,0.2267,4.52,2.1510,4.00,4547,6210.7,2.159,2.152
9717,train,3.7538,0.1692,9.04,2.8931,5.54,4676,6211.3,7.148,7.148
9718,train,3.9527,0.0695,15.45,4.0083,15.40,4862,6211.8,12.789,12.779
9719,train,2.6437,0.2398,4.92,2.2998,4.41,4774,6212.4,3.743,3.737
9720,train,2.7641,0.1905,5.05,2.1785,4.83,4330,6213.0,4.247,4.241
9721,train,2.5197,0.1966,4.60,2.3879,5.00,4192,6213.6,2.986,2.980
9722,train,2.3758,0.3243,4.34,2.0316,3.00,4746,6214.2,2.067,2.040
9723,train,3.0950,0.1596,5.57,2.5961,3.41,5118,6214.8,4.340,4.336
9724,train,3.0269,0.2069,6.84,2.8404,7.36,4554,6215.4,5.977,5.969
9725,train,2.3050,0.2840,3.88,2.0910,3.00,4535,6215.9,2.436,2.416
9726,train,2.4684,0.3222,7.40,2.0683,7.00,4841,6216.5,5.569,5.560
9727,train,3.2801,0.1727,9.35,2.8141,8.94,4498,6217.1,4.981,4.980
9728,train,3.2137,0.1807,9.90,2.7612,7.83,4472,6217.7,7.718,7.678
9729,train,3.9213,0.0461,15.25,3.6735,13.33,4429,6218.3,11.275,11.269
9730,train,3.0246,0.0793,6.58,2.7741,4.83,4628,6218.9,3.389,3.384
9731,train,2.2627,0.3968,4.59,1.7685,3.24,3511,6219.4,3.060,3.039
9732,train,2.9693,0.1553,5.76,2.6042,5.83,5196,6220.0,4.292,4.291
9733,train,3.1776,0.2443,8.27,2.6115,8.00,4883,6220.6,7.294,7.275
9734,train,3.5305,0.2819,6.46,2.8912,5.61,4579,6221.2,5.733,5.721
9735,train,2.4548,0.3022,4.43,2.2170,4.00,4428,6221.8,3.301,3.296
9736,train,3.0487,0.1194,10.37,3.0832,9.65,4616,6222.4,6.913,6.897
9737,train,2.9234,0.1112,5.43,2.4896,4.83,4561,6222.9,3.898,3.893
9738,train,2.6182,0.2238,5.06,2.2501,4.65,4307,6223.5,3.449,3.430
9739,train,2.5988,0.1726,5.40,2.1369,5.24,4369,6224.1,3.407,3.395
9740,train,2.2438,0.2900,3.95,2.0142,3.83,4120,6224.7,2.634,2.631
9741,train,2.5062,0.3766,4.41,1.9751,3.00,4092,6225.3,3.197,3.196
9742,train,2.4283,0.3998,4.35,1.9259,2.00,4482,6225.9,3.372,3.366
9743,train,2.6637,0.1938,4.83,2.1708,3.41,4614,6226.4,2.553,2.543
9744,train,2.5383,0.2522,4.90,2.0350,2.41,4295,6227.0,4.112,4.109
9745,train,3.5023,0.1070,9.74,3.0599,6.48,4862,6227.6,5.269,5.263
9746,train,2.7331,0.2058,5.26,2.2115,4.24,4037,6228.2,3.858,3.850
9747,train,2.0802,0.2761,3.61,1.7175,3.00,4347,6228.8,2.333,2.329
9748,train,4.1050,0.0429,9.88,3.9569,9.29,3873,6229.4,8.018,8.010
9749,train,3.1102,0.1657,6.37,2.7065,4.65,3712,6229.9,5.448,5.443
9750,train,2.5120,0.2815,4.69,1.9755,4.00,4846,6230.5,2.815,2.811
9751,train,3.3318,0.1616,6.56,3.0533,4.83,4714,6231.1,4.475,4.473
9752,train,2.7926,0.1250,8.09,2.3969,8.93,3791,6231.7,5.887,5.873
9753,train,3.6221,0.1485,11.54,3.1094,9.32,4330,6232.3,9.208,9.198
9754,train,1.9648,0.3380,3.46,1.4756,2.00,4154,6232.9,1.871,1.870
9755,train,2.9643,0.0953,6.43,2.2775,6.00,4302,6233.4,4.397,4.389
9756,train,4.3402,0.1267,12.13,4.0543,11.36,5115,6234.0,10.137,10.113
9757,train,2.4617,0.2170,4.94,1.8321,2.41,4604,6234.6,3.411,3.408
9758,train,2.9906,0.1574,8.10,2.8586,7.47,4326,6235.2,5.909,5.907
9759,train,2.9752,0.0987,7.10,2.5824,4.41,3870,6235.8,4.600,4.587
9760,train,2.9345,0.1440,7.31,2.6923,8.41,4036,6236.4,5.886,5.880
9761,train,2.9384,0.1258,5.54,2.4491,5.24,4302,6236.9,4.168,4.163
9762,train,2.9654,0.1204,5.93,2.5168,4.24,4668,6237.5,3.831,3.828
9763,train,2.1780,0.3212,3.97,1.5152,2.41,4113,6238.1,2.472,2.448
9764,train,2.2483,0.3023,4.05,1.8180,2.83,4112,6238.7,1.433,1.425
9765,train,2.8620,0.1223,5.17,2.5947,5.41,4701,6239.3,3.632,3.631
9766,train,3.7013,0.2427,10.36,3.0843,9.41,4750,6239.9,7.427,7.385
9767,train,2.9157,0.1964,9.72,2.1397,8.32,4724,6240.4,6.754,6.742
9768,train,2.6067,0.2710,4.32,2.0563,3.65,4284,6241.0,3.146,3.140
9769,train,2.9694,0.1398,7.31,2.4841,5.16,4214,6241.6,4.679,4.673
9770,train,2.9060,0.2276,6.80,2.5410,3.24,4100,6242.2,5.217,5.198
9771,train,3.2758,0.1485,7.52,2.7475,7.54,4606,6242.8,6.063,6.059
9772,train,2.9794,0.2368,5.55,2.7026,4.24,4236,6243.4,3.995,3.984
9773,train,4.0016,0.1968,9.30,3.7120,8.40,3983,6243.9,8.523,8.506
9774,train,3.3635,0.0982,9.63,2.8441,9.50,4022,6244.5,7.596,7.592
9775,train,3.1190,0.1782,7.72,2.9200,7.51,4007,6245.1,6.798,6.791
9776,train,2.6180,0.2027,4.76,2.3383,3.41,4411,6245.7,3.483,3.472
9777,train,3.0506,0.0962,5.34,2.7565,4.83,4364,6246.3,3.907,3.904
9778,train,2.5290,0.2970,4.00,1.6080,1.00,4502,6246.9,2.611,2.602
9779,train,3.4757,0.1412,9.05,2.9657,7.36,4633,6247.4,6.435,6.429
9780,train,4.6102,0.0358,12.19,4.1753,10.60,4923,6248.0,9.146,9.144
9781,train,3.2015,0.1789,8.19,2.9395,5.00,4365,6248.6,7.925,7.909
9782,train,2.7909,0.2128,5.48,2.2974,4.41,4548,6249.2,3.450,3.448
9783,train,3.1990,0.1045,9.01,2.9553,6.06,4899,6249.8,6.931,6.926
9784,train,3.5801,0.0497,13.62,3.3583,13.41,4726,6250.4,13.554,13.550
9785,train,2.3058,0.2660,4.06,1.7441,2.41,4606,6250.9,2.868,2.865
9786,train,2.0253,0.3318,3.64,1.2606,2.00,4246,6251.5,2.101,2.089
9787,train,2.3985,0.2840,4.20,2.2473,3.24,3796,6252.1,2.672,2.671
9788,train,3.8441,0.0176,10.97,3.4723,10.26,4949,6252.7,8.683,8.681
9789,train,2.7261,0.1861,5.83,2.3061,5.65,4303,6253.3,4.101,4.088
9790,train,3.2119,0.1334,10.24,3.0593,8.65,4655,6253.9,9.134,9.133
9791,train,3.1721,0.1855,6.80,3.1737,6.89,3999,6254.4,5.114,5.111
9792,train,2.7993,0.2185,7.62,2.7713,10.49,4668,6255.0,5.762,5.755
9793,train,2.6108,0.1370,5.30,2.1448,3.41,4838,6255.6,3.913,3.910
9794,train,3.3473,0.0771,6.39,3.1038,4.41,4641,6256.2,5.290,5.281
9795,train,2.3938,0.2664,5.06,2.0738,5.58,4482,6256.8,3.904,3.895
9796,train,2.1533,0.4542,3.83,1.3935,1.00,4672,6257.4,1.257,1.254
9797,train,2.2483,0.3181,5.33,1.7672,2.00,4395,6257.9,2.293,2.283
9798,train,4.6319,0.0017,14.37,4.4490,15.16,5157,6258.5,12.353,12.330
9799,train,2.2546,0.2827,4.44,1.9669,4.00,4238,6259.1,3.484,3.484
9800,train,3.1909,0.1165,6.77,3.0691,6.81,4267,6259.7,5.269,5.266
9801,train,2.7223,0.2391,10.49,2.2155,7.08,4119,6260.3,8.855,8.845
9802,train,2.4837,0.3167,5.99,1.8360,5.00,4241,6260.9,4.725,4.725
9803,train,2.9788,0.2219,7.25,2.6073,3.16,4029,6261.4,4.837,4.832
9804,train,2.5575,0.2198,6.05,2.0919,4.61,4405,6262.0,3.320,3.316
9805,train,2.8463,0.1799,5.27,2.2689,3.41,4596,6262.6,2.948,2.942
9806,train,3.4441,0.1675,9.44,3.4413,10.00,5080,6263.2,4.891,4.702
9807,train,2.3915,0.3659,4.94,1.7152,3.00,4094,6263.8,4.088,4.083
9808,train,2.3066,0.2817,5.71,1.9400,5.47,4217,6264.4,3.794,3.793
9809,train,3.1387,0.1811,6.05,2.7737,3.41,3938,6264.9,5.469,5.466
9810,train,2.5974,0.1839,10.78,2.1578,10.00,3779,6265.5,9.452,9.439
9811,train,2.1715,0.3391,3.53,1.8672,3.00,4937,6266.1,1.432,1.426
9812,train,2.0489,0.3851,3.45,1.4608,1.00,4279,6266.7,2.504,2.499
9813,train,2.6648,0.2215,5.06,2.2995,4.24,4614,6267.3,3.721,3.716
9814,train,2.7187,0.2188,4.87,2.3209,3.00,4670,6267.9,4.140,4.136
9815,train,2.2862,0.3531,4.29,1.7355,1.00,5165,6268.4,3.833,3.825
9816,train,2.0064,0.3279,3.77,1.4007,2.00,4367,6269.0,2.820,2.811
9817,train,2.1707,0.3417,4.19,1.6975,3.00,4288,6269.6,2.752,2.745
9818,train,2.1111,0.3120,3.93,1.5701,3.83,4103,6270.2,2.399,2.397
9819,train,3.2345,0.0975,7.70,3.0747,7.99,4349,6270.8,6.959,6.955
9820,train,2.4419,0.1894,4.67,2.0685,3.00,4251,6271.4,2.601,2.551
9821,train,3.1431,0.1497,6.46,2.2535,2.00,4918,6271.9,3.812,3.811
9822,train,3.0189,0.1572,7.22,2.4286,6.12,4789,6272.5,4.842,4.835
9823,train,2.7776,0.1816,4.84,1.9383,3.41,4306,6273.1,3.911,3.902
9824,train,2.5913,0.2522,7.40,2.1046,4.24,4290,6273.7,6.164,6.076
9825,train,2.5447,0.1958,5.14,1.9972,5.00,4311,6274.3,3.698,3.691
9826,train,2.8856,0.1633,5.29,2.2724,4.00,4420,6274.9,3.701,3.699
9827,train,2.7713,0.2038,5.33,2.4364,4.41,4255,6275.4,4.759,4.758
9828,train,3.7479,0.1116,7.05,3.5083,4.83,3978,6276.0,6.035,6.035
9829,train,3.7394,0.0953,9.81,3.6421,11.16,4940,6276.6,8.592,8.583
9830,train,3.0211,0.1898,5.58,2.4228,4.65,4367,6277.2,3.936,3.931
9831,train,2.6231,0.1920,4.73,2.6446,3.83,4864,6277.8,3.040,3.039
9832,train,2.4007,0.2036,5.12,1.8101,4.00,4474,6278.4,1.369,1.366
9833,train,2.5943,0.1967,5.16,1.9934,4.41,4602,6278.9,3.616,3.611
9834,train,4.9006,0.0490,13.21,3.9928,10.80,4466,6279.5,9.910,9.880
9835,train,2.8280,0.1263,6.32,2.2687,5.24,4513,6280.1,5.462,5.455
9836,train,2.8397,0.1186,6.39,2.2363,6.16,3930,6280.7,5.294,5.288
9837,train,3.4974,0.0454,8.39,3.1969,9.21,4564,6281.3,6.074,6.066
9838,train,3.9385,0.0607,16.13,3.5859,17.12,5241,6281.9,14.766,14.765
9839,train,2.6967,0.1986,5.50,2.2781,3.24,4511,6282.5,2.865,2.837
9840,train,2.4147,0.2016,4.62,1.9058,4.00,4340,6283.0,2.367,2.360
9841,train,3.7083,0.0848,11.04,3.1785,9.41,4255,6283.6,10.150,10.148
9842,train,2.5069,0.2972,5.14,1.7666,2.00,3944,6284.2,3.541,3.536
9843,train,3.1992,0.0624,8.87,2.8330,8.39,4506,6284.8,9.077,9.076
9844,train,3.1339,0.1497,8.98,2.6309,6.41,4556,6285.4,7.192,7.180
9845,train,2.4905,0.2694,5.17,2.0252,4.16,4525,6286.0,3.766,3.757
9846,train,1.9125,0.4008,3.22,1.2479,1.00,4638,6286.5,1.577,1.563
9847,train,3.8111,0.1183,8.88,3.1992,8.24,4573,6287.1,6.637,6.628
9848,train,4.4957,0.1837,10.14,3.9472,8.41,4681,6287.7,7.639,7.629
9849,train,2.9457,0.0812,5.10,2.2915,4.41,4788,6288.3,4.052,4.047
9850,train,2.4063,0.2794,4.07,1.7563,2.00,4993,6288.9,2.298,2.288
9851,train,3.5106,0.0781,7.60,3.2862,8.02,4288,6289.5,5.551,5.526
9852,train,2.5822,0.2288,4.80,2.2228,3.41,4934,6290.0,3.551,3.548
9853,train,1.9972,0.4387,3.32,1.3222,1.41,4089,6290.6,2.087,2.079
9854,train,3.3566,0.1635,5.56,3.2293,5.65,4752,6291.2,5.557,5.555
9855,train,2.5785,0.1733,4.52,2.2964,4.41,4692,6291.8,2.785,2.772
9856,train,2.9476,0.1199,6.34,2.6925,4.83,4512,6292.4,5.562,5.546
9857,train,2.0954,0.3584,3.50,1.8439,2.00,3549,6293.0,0.962,0.916
9858,train,3.0642,0.2128,11.49,2.6235,9.07,4672,6293.6,9.953,9.946
9859,train,3.2937,0.1148,7.21,2.6853,6.89,4209,6294.1,4.439,4.425
9860,train,2.8570,0.1921,4.93,2.2482,3.83,4785,6294.7,3.653,3.649
9861,train,2.6916,0.1539,6.65,2.2198,6.41,4106,6295.3,5.282,5.274
9862,train,2.4810,0.2820,3.88,1.7659,2.00,4128,6295.9,2.346,2.344
9863,train,2.6341,0.2424,5.45,2.0299,3.00,4811,6296.5,4.687,4.680
9864,train,2.6725,0.2133,5.11,2.1263,2.41,4088,6297.1,3.513,3.510
9865,train,2.2339,0.3008,4.17,1.6420,2.00,5293,6297.6,3.078,3.066
9866,train,2.3031,0.2930,4.47,1.8656,3.65,4126,6298.2,2.908,2.876
9867,train,2.9373,0.1855,6.59,2.4493,5.00,4923,6298.8,3.194,3.141
9868,train,3.0735,0.1328,5.28,2.7612,3.83,4797,6299.4,3.577,3.572
9869,train,2.5111,0.1756,4.52,1.9015,3.41,4590,6300.0,3.626,3.624
9870,train,3.0093,0.1875,7.38,2.6323,4.65,4001,6300.6,4.698,4.645
9871,train,2.6628,0.1813,4.49,2.4226,3.41,4368,6301.2,3.139,3.135
9872,train,2.3497,0.2676,4.60,1.6157,2.00,4253,6301.7,3.731,3.728
9873,train,2.5734,0.1998,4.49,2.3362,4.00,4129,6302.3,3.270,3.269
9874,train,3.1761,0.0637,5.71,2.9227,5.24,4191,6302.9,4.162,4.158
9875,train,2.1945,0.4383,3.68,1.4195,0.00,4219,6303.5,1.711,1.695
9876,train,3.3101,0.1376,6.56,2.7542,5.24,4505,6304.1,4.103,4.093
9877,train,3.9724,0.0561,12.64,3.4389,14.00,5150,6304.7,12.065,12.065
9878,train,2.8797,0.1915,6.56,2.2777,5.41,4626,6305.2,5.887,5.875
9879,train,2.4034,0.1683,4.77,1.8078,3.00,4289,6305.8,2.452,2.450
9880,train,4.4476,0.0399,17.21,4.0235,15.02,5119,6306.4,15.105,15.098
9881,train,2.3970,0.3324,4.81,2.2308,2.41,5216,6307.0,3.109,3.105
9882,train,3.1176,0.1418,7.66,2.8087,8.08,4663,6307.6,5.172,5.167
9883,train,2.0602,0.3595,3.71,1.3075,0.00,4642,6308.2,2.522,2.519
9884,train,1.8709,0.3812,3.27,1.3871,1.41,4977,6308.8,1.373,1.362
9885,train,2.0113,0.3963,3.81,1.3625,1.00,4174,6309.3,2.428,2.425
9886,train,2.4332,0.2497,4.68,1.8298,4.00,3905,6309.9,3.563,3.562
9887,train,3.3079,0.1852,9.55,2.9136,7.77,4157,6310.5,8.502,8.500
9888,train,2.6202,0.2041,6.23,1.9583,3.41,4342,6311.1,5.390,5.384
9889,train,2.4152,0.2820,4.50,1.7154,1.41,4532,6311.7,2.019,2.017
9890,train,2.3112,0.3375,4.79,1.9662,2.41,3864,6312.3,3.743,3.722
9891,train,2.5581,0.2038,4.56,2.1210,3.41,4185,6312.9,2.507,2.500
9892,train,3.3387,0.0919,5.99,3.0903,5.24,3962,6313.4,4.642,4.630
9893,train,3.0334,0.1213,6.19,2.7248,6.66,5118,6314.0,4.857,4.855
9894,train,2.8219,0.3533,8.73,1.9074,7.07,4169,6314.6,7.465,7.449
9895,train,2.8687,0.1793,5.44,2.1424,3.83,5141,6315.2,4.256,4.244
9896,train,3.6953,0.0640,7.14,3.5355,7.58,4388,6315.8,5.843,5.842
9897,train,2.1862,0.2571,4.37,2.0509,5.41,4546,6316.4,2.287,2.273
9898,train,2.9080,0.2461,6.58,2.4290,5.84,4681,6316.9,5.165,5.159
9899,train,3.4484,0.1014,8.22,3.0354,7.00,5219,6317.5,7.759,7.756
9900,train,2.6475,0.1570,4.74,2.3924,4.41,4485,6318.1,3.545,3.536
9901,train,2.0723,0.4561,3.26,1.4573,1.00,3699,6318.7,1.564,1.560
9902,train,3.1352,0.1708,9.94,2.4915,8.08,4937,6319.3,8.037,8.034
9903,train,3.4539,0.1121,7.37,3.1242,6.24,3916,6319.9,6.850,6.847
9904,train,1.8235,0.4274,3.02,1.1515,0.00,3861,6320.4,1.737,1.736
9905,train,2.2801,0.3076,3.86,1.6384,1.41,4340,6321.0,1.919,1.907
9906,train,3.2034,0.0741,8.41,2.8181,10.00,4723,6321.6,6.488,6.486
9907,train,2.3154,0.2778,4.16,1.9149,3.41,4373,6322.2,3.404,3.398
9908,train,2.8286,0.1796,5.04,2.1512,3.00,4104,6322.8,3.460,3.456
9909,train,3.4767,0.0417,11.04,2.8283,11.15,4535,6323.4,7.348,7.339
9910,train,2.6990,0.2136,5.39,2.2443,5.24,5102,6324.0,3.612,3.606
9911,train,3.3066,0.2104,12.05,2.5373,11.24,5176,6324.5,9.215,9.203
9912,train,4.1682,0.0759,8.45,3.5953,7.02,4956,6325.1,6.064,6.053
9913,train,2.6186,0.1852,9.77,2.1696,9.28,4243,6325.7,7.623,7.620
9914,train,2.5285,0.1870,5.15,2.2424,4.24,4235,6326.3,3.822,3.821
9915,train,4.0314,0.0732,9.44,3.6513,9.77,4371,6326.9,8.386,8.376
9916,train,2.9563,0.1832,5.77,2.7026,5.65,4175,6327.5,3.842,3.839
9917,train,2.6955,0.2941,4.79,2.0960,3.41,5345,6328.0,3.733,3.724
9918,train,3.4666,0.1633,6.36,3.0174,5.65,3760,6328.6,5.731,5.727
9919,train,2.6589,0.1644,4.66,2.1041,3.00,4325,6329.2,3.524,3.517
9920,train,3.3848,0.1668,8.18,2.9779,7.12,4623,6329.8,6.653,6.647
9921,train,2.1828,0.4365,3.46,1.5691,2.00,4777,6330.4,2.589,2.576
9922,train,3.0258,0.1074,6.95,2.6553,7.06,4843,6331.0,4.861,4.853
9923,train,2.2058,0.2523,5.51,1.8030,6.00,4848,6331.5,4.199,4.196
9924,train,3.0049,0.2123,8.24,2.4135,8.08,4559,6332.1,6.110,6.088
9925,train,4.4212,0.1655,8.82,4.1700,8.12,4394,6332.7,7.467,7.460
9926,train,2.6318,0.2059,8.50,2.1534,7.41,4909,6333.3,5.718,5.715
9927,train,3.4913,0.1314,5.84,3.1117,5.65,4438,6333.9,3.933,3.930
9928,train,3.7914,0.1924,7.99,3.7006,6.39,4595,6334.5,7.309,7.293
9929,train,3.9041,0.0534,8.87,3.7826,8.40,4717,6335.1,6.593,6.568
9930,train,2.7080,0.3125,4.45,2.2366,2.00,4585,6335.6,3.109,3.069
9931,train,2.4117,0.2812,4.13,1.8277,3.00,5024,6336.2,2.552,2.538
9932,train,2.8269,0.0941,5.18,2.5873,5.65,4253,6336.8,3.770,3.768
9933,train,2.4625,0.3226,5.07,2.1185,2.41,3896,6337.4,1.336,1.230
9934,train,2.3993,0.1376,4.76,2.1511,4.83,4724,6338.0,2.664,2.658
9935,train,2.3071,0.2688,4.71,1.6645,2.00,4944,6338.6,3.824,3.817
9936,train,3.6169,0.0760,13.03,3.1134,11.54,4410,6339.1,10.918,10.916
9937,train,2.8549,0.1696,5.66,2.4951,4.41,4097,6339.7,3.284,3.271
9938,train,2.3114,0.3136,4.08,1.7579,2.00,4120,6340.3,3.433,3.428
9939,train,3.5110,0.2313,5.55,3.0883,3.65,4121,6340.9,4.128,4.127
9940,train,2.6715,0.0934,6.20,2.1183,6.00,4583,6341.5,4.455,4.451
9941,train,2.8227,0.0856,7.01,2.3524,6.00,4323,6342.1,4.587,4.585
9942,train,3.0618,0.1338,5.65,2.2622,4.41,4731,6342.7,4.635,4.632
9943,train,2.9546,0.2200,5.20,2.6334,4.00,4850,6343.2,4.263,4.261
9944,train,3.0384,0.1860,10.68,2.7768,10.54,4075,6343.8,8.795,8.790
9945,train,2.4299,0.2586,5.37,2.1190,5.16,3771,6344.4,3.744,3.736
9946,train,3.4268,0.0880,8.44,2.7519,7.16,5378,6345.0,7.202,7.201
9947,train,2.4285,0.1412,4.51,1.9425,3.00,4611,6345.6,2.605,2.601
9948,train,2.8554,0.0933,5.20,2.7821,4.83,4415,6346.2,3.040,3.035
9949,train,2.7493,0.1138,5.07,2.3325,4.41,5202,6346.7,3.244,3.243
9950,train,3.1062,0.3411,10.23,2.5348,8.49,4567,6347.3,7.738,7.734
9951,train,2.6526,0.1502,8.12,2.0149,9.41,4182,6347.9,5.346,5.293
9952,train,2.0753,0.2737,3.79,1.8048,4.83,4457,6348.5,1.716,1.715
9953,train,4.4569,0.0718,15.48,3.9133,16.26,4735,6349.1,13.056,13.052
9954,train,2.8897,0.1773,5.19,2.6432,5.24,3842,6349.7,3.030,2.980
9955,train,2.7152,0.1979,5.47,2.1776,3.24,4189,6350.3,4.728,4.725
9956,train,3.1094,0.2224,8.20,2.7170,6.43,5157,6350.8,5.923,5.919
9957,train,2.6656,0.1688,5.44,2.2577,3.83,3840,6351.4,2.802,2.794
9958,train,3.4575,0.0434,9.10,3.1865,8.77,4350,6352.0,7.750,7.740
9959,train,2.9933,0.1456,6.07,2.5205,4.00,4547,6352.6,4.517,4.512
9960,train,3.4316,0.0464,8.55,2.9601,6.89,4548,6353.2,5.278,5.272
9961,train,3.3345,0.0587,6.80,2.8956,7.47,4310,6353.8,6.298,6.296
9962,train,3.5878,0.0514,8.15,3.3932,7.99,4843,6354.3,5.950,5.945
9963,train,3.0699,0.1847,6.96,2.4987,4.24,3984,6354.9,5.335,5.327
9964,train,2.6576,0.3269,4.93,2.2158,2.83,3946,6355.5,3.584,3.576
9965,train,2.0306,0.2733,3.52,1.6955,3.00,4618,6356.1,2.089,2.088
9966,train,2.7945,0.2085,5.68,2.2909,3.00,4354,6356.7,3.625,3.588
9967,train,2.1829,0.3207,4.26,1.7530,2.00,4122,6357.3,2.987,2.980
9968,train,3.0125,0.0675,6.26,2.5534,6.65,4269,6357.9,4.455,4.450
9969,train,3.9806,0.0299,18.65,3.5476,16.24,4621,6358.4,15.545,15.544
9970,train,4.2312,0.0308,11.92,3.8590,12.10,4642,6359.0,10.116,10.113
9971,train,2.4356,0.2456,4.40,1.9036,3.00,4671,6359.6,2.857,2.853
9972,train,2.8323,0.2216,5.46,2.1373,3.83,5189,6360.2,3.232,3.221
9973,train,3.2083,0.2458,10.07,2.7563,8.49,4732,6360.8,6.312,6.308
9974,train,2.5012,0.2874,5.30,1.9888,2.41,4597,6361.4,2.048,2.043
9975,train,2.6557,0.1236,5.68,2.4272,4.41,4903,6362.0,4.701,4.697
9976,train,3.2454,0.0423,7.08,2.9075,7.24,4115,6362.5,5.675,5.674
9977,train,2.7088,0.1497,5.17,2.0980,3.41,4142,6363.1,4.567,4.565
9978,train,2.7432,0.2803,6.84,2.0710,5.12,4809,6363.7,4.570,4.568
9979,train,3.8153,0.0632,13.95,3.4778,13.30,4668,6364.3,13.311,13.309
9980,train,2.4476,0.1921,4.59,2.0732,4.41,4691,6364.9,2.855,2.853
9981,train,3.8391,0.0941,11.13,3.5723,11.24,4898,6365.5,10.111,10.108
9982,train,3.2559,0.0564,8.95,2.7074,9.00,4749,6366.0,8.052,8.044
9983,train,2.6338,0.1633,5.40,1.9955,5.24,4397,6366.6,2.724,2.712
9984,train,2.7570,0.2042,5.28,2.2410,4.00,5009,6367.2,4.058,4.055
9985,train,2.3304,0.2672,4.33,1.6765,2.41,4899,6367.8,2.988,2.987
9986,train,2.8584,0.2597,5.81,2.3799,3.65,4274,6368.4,5.046,5.041
9987,train,2.8719,0.1524,5.54,2.4189,3.00,4509,6369.0,4.817,4.814
9988,train,2.5253,0.3035,5.84,2.2505,5.16,4932,6369.6,4.147,4.138
9989,train,2.9403,0.1318,9.30,2.5825,9.50,4674,6370.1,6.565,6.560
9990,train,2.6630,0.2343,4.90,2.2367,3.00,4712,6370.7,3.629,3.623
9991,train,2.7142,0.1982,5.15,2.3125,4.41,4354,6371.3,3.618,3.608
9992,train,3.4063,0.0864,10.75,3.0041,10.28,4676,6371.9,8.888,8.886
9993,train,3.3504,0.1044,6.60,2.7255,5.83,5192,6372.5,5.468,5.467
9994,train,3.5376,0.1946,8.83,2.9364,8.47,5107,6373.1,5.473,5.458
9995,train,3.1158,0.1980,8.45,2.7234,7.10,4737,6373.7,6.564,6.558
9996,train,2.5493,0.2246,5.94,1.9712,5.16,4947,6374.2,4.504,4.499
9997,train,2.5593,0.1478,4.66,2.0539,4.41,4471,6374.8,3.196,3.194
9998,train,2.5312,0.2168,4.79,1.8582,4.00,4428,6375.4,3.466,3.462
9999,train,2.2180,0.3679,3.70,1.7142,2.41,4536,6376.0,1.962,1.935
10000,train,3.5028,0.1137,7.66,3.2498,7.84,4549,6376.6,5.184,5.180
10000,val,3.0567,0.1561,7.38,2.6477,6.40,222066,6404.3,5.502,5.497
