step,split,ce,top1,cell_err_m,pose_nll,pose_err_m,n,sec,vce_m,vce_pose_m
1,train,7.0782,0.0003,30.45,0.0000,nan,3856,4.8,18.796,18.352
2,train,6.3364,0.0073,23.83,0.0000,nan,4246,5.4,16.084,16.055
3,train,6.9922,0.0068,31.47,0.0000,nan,4273,5.9,18.034,17.840
4,train,7.4340,0.0002,53.44,0.0000,nan,4728,6.5,13.307,13.044
5,train,7.5477,0.0045,57.50,0.0000,nan,4845,7.1,22.578,22.459
6,train,7.1358,0.0011,36.42,0.0000,nan,4571,7.7,12.476,12.302
7,train,6.8093,0.0033,36.27,0.0000,nan,4247,8.3,11.306,11.165
8,train,6.7735,0.0115,24.96,0.0000,nan,4279,8.8,11.053,10.977
9,train,6.8961,0.0094,39.96,0.0000,nan,5216,9.4,12.751,12.643
10,train,6.7449,0.0215,39.03,0.0000,nan,4322,10.0,13.322,13.169
11,train,6.7931,0.0005,52.83,0.0000,nan,4127,10.6,15.104,14.966
12,train,6.7252,0.0035,26.26,0.0000,nan,4014,11.1,16.437,16.388
13,train,6.5588,0.0050,24.22,0.0000,nan,4412,11.7,14.071,13.992
14,train,6.1936,0.0125,16.93,0.0000,nan,3850,12.3,8.206,7.954
15,train,6.3616,0.0115,26.65,0.0000,nan,4607,12.9,18.408,18.341
16,train,6.0789,0.0155,19.38,0.0000,nan,4716,13.5,15.090,15.006
17,train,5.7563,0.0323,15.69,0.0000,nan,4371,14.0,10.776,10.613
18,train,5.7641,0.0045,18.64,0.0000,nan,4453,14.6,13.268,13.194
19,train,5.6092,0.0071,15.80,0.0000,nan,4528,15.2,11.333,11.192
20,train,5.7274,0.0260,16.53,0.0000,nan,5465,15.8,13.432,13.351
21,train,5.5449,0.0099,15.58,0.0000,nan,4861,16.3,13.703,13.640
22,train,5.8795,0.0006,21.58,0.0000,nan,4663,16.9,18.491,18.372
23,train,5.5155,0.0081,17.67,0.0000,nan,4434,17.5,13.492,13.424
24,train,5.5875,0.0128,19.19,0.0000,nan,4219,18.1,16.510,16.438
25,train,5.5843,0.0143,18.25,0.0000,nan,4343,18.7,14.079,14.005
26,train,5.4356,0.0151,14.05,0.0000,nan,4450,19.2,10.244,10.145
27,train,5.1649,0.0271,13.30,0.0000,nan,4614,19.8,10.449,10.365
28,train,5.1401,0.0338,15.87,0.0000,nan,4502,20.4,13.254,13.192
29,train,5.1961,0.0159,13.96,0.0000,nan,4283,21.0,11.921,11.808
30,train,5.2818,0.0024,16.14,0.0000,nan,4584,21.5,14.077,13.944
31,train,5.2378,0.0488,16.75,0.0000,nan,3938,22.1,13.950,13.887
32,train,5.2649,0.0048,16.88,0.0000,nan,5587,22.7,14.442,14.378
33,train,5.3819,0.0180,14.44,0.0000,nan,5288,23.3,12.265,12.159
34,train,5.7259,0.0079,20.13,0.0000,nan,4555,23.9,18.531,18.430
35,train,5.1744,0.0042,15.07,0.0000,nan,4242,24.4,12.942,12.903
36,train,5.4070,0.0046,17.54,0.0000,nan,4763,25.0,16.727,16.663
37,train,5.4636,0.0018,19.55,0.0000,nan,4497,25.6,16.912,16.861
38,train,5.3775,0.0085,17.74,0.0000,nan,4004,26.2,15.301,15.211
39,train,5.1349,0.0074,15.00,0.0000,nan,4882,26.7,13.540,13.475
40,train,4.8157,0.0061,12.14,0.0000,nan,4613,27.3,6.910,6.608
41,train,4.9115,0.0347,12.24,0.0000,nan,4317,27.9,10.328,10.194
42,train,5.3832,0.0350,17.02,0.0000,nan,4083,28.5,14.441,14.346
43,train,5.2336,0.0101,17.17,0.0000,nan,4842,29.1,14.780,14.678
44,train,5.2061,0.0116,14.93,0.0000,nan,4847,29.6,14.510,14.344
45,train,5.3301,0.0053,16.91,0.0000,nan,4374,30.2,14.945,14.855
46,train,5.3528,0.0373,15.45,0.0000,nan,4770,30.8,12.784,12.763
47,train,4.9195,0.0146,13.69,0.0000,nan,4536,31.4,10.735,10.618
48,train,5.5816,0.0007,18.84,0.0000,nan,4299,32.0,15.773,15.678
49,train,5.5276,0.0086,20.02,0.0000,nan,4533,32.5,16.771,16.719
50,train,5.1375,0.0158,17.46,0.0000,nan,4102,33.1,14.088,14.020
51,train,5.5028,0.0024,19.48,0.0000,nan,4139,33.7,16.941,16.914
52,train,5.0873,0.0115,14.77,0.0000,nan,4528,34.3,11.963,11.795
53,train,4.7978,0.0158,13.75,0.0000,nan,4482,34.8,11.319,11.254
54,train,5.1749,0.0082,17.90,0.0000,nan,4272,35.4,13.840,13.782
55,train,4.5632,0.0460,10.83,0.0000,nan,4822,36.0,8.900,8.688
56,train,4.8686,0.0325,14.05,0.0000,nan,5138,36.6,11.609,11.465
57,train,4.7045,0.0154,13.08,0.0000,nan,5328,37.2,10.290,10.131
58,train,5.1710,0.0068,17.14,0.0000,nan,4088,37.7,14.078,13.859
59,train,4.6287,0.0360,13.01,0.0000,nan,3863,38.3,10.918,10.777
60,train,5.1827,0.0017,16.81,0.0000,nan,5438,38.9,15.070,14.919
61,train,4.8252,0.0100,15.73,0.0000,nan,4896,39.5,11.534,11.380
62,train,5.4549,0.0011,17.97,0.0000,nan,4712,40.1,16.014,15.939
63,train,5.1494,0.0027,16.14,0.0000,nan,5222,40.6,12.854,12.770
64,train,4.9668,0.0066,14.55,0.0000,nan,4698,41.2,12.131,12.033
65,train,4.9841,0.0088,15.80,0.0000,nan,4227,41.8,14.032,13.928
66,train,4.5379,0.0470,11.65,0.0000,nan,4854,42.4,8.606,8.541
67,train,4.8585,0.0314,15.31,0.0000,nan,5215,42.9,13.976,13.926
68,train,4.9853,0.0230,15.79,0.0000,nan,4559,43.5,13.519,13.478
69,train,5.0108,0.0132,14.25,0.0000,nan,4409,44.1,12.783,12.595
70,train,5.5592,0.0020,20.54,0.0000,nan,4486,44.7,20.019,19.993
71,train,5.3129,0.0007,18.54,0.0000,nan,4159,45.3,15.826,15.762
72,train,4.7120,0.0086,15.09,0.0000,nan,4185,45.8,12.452,12.412
73,train,4.7749,0.0595,12.86,0.0000,nan,4316,46.4,11.869,11.837
74,train,4.3244,0.0891,9.30,0.0000,nan,4738,47.0,8.091,8.063
75,train,5.2263,0.0183,19.26,0.0000,nan,4489,47.6,16.478,16.451
76,train,4.8484,0.0232,14.37,0.0000,nan,4345,48.1,11.531,11.520
77,train,4.6887,0.0083,13.65,0.0000,nan,4113,48.7,9.805,9.788
78,train,4.7339,0.0256,11.95,0.0000,nan,4491,49.3,9.585,9.550
79,train,4.9564,0.0058,15.06,0.0000,nan,4154,49.9,10.247,10.173
80,train,4.6115,0.0121,13.17,0.0000,nan,5122,50.5,10.596,10.546
81,train,5.0393,0.0155,14.72,0.0000,nan,4440,51.0,11.370,11.309
82,train,5.1722,0.0077,16.02,0.0000,nan,4930,51.6,14.071,14.035
83,train,5.1356,0.0040,16.40,0.0000,nan,4703,52.2,15.368,15.272
84,train,5.3398,0.0084,17.23,0.0000,nan,3578,52.8,13.738,13.724
85,train,4.8655,0.0108,15.80,0.0000,nan,5112,53.4,14.466,14.441
86,train,5.4016,0.0032,17.54,0.0000,nan,4402,53.9,15.940,15.816
87,train,4.7064,0.0198,12.89,0.0000,nan,4284,54.5,10.710,10.656
88,train,4.6268,0.0139,12.52,0.0000,nan,4024,55.1,10.851,10.804
89,train,4.9378,0.0113,15.02,0.0000,nan,4888,55.7,12.751,12.623
90,train,4.4536,0.0354,14.61,0.0000,nan,4123,56.2,10.697,10.651
91,train,4.6420,0.0098,12.65,0.0000,nan,4278,56.8,10.580,10.504
92,train,5.2947,0.0197,18.37,0.0000,nan,4019,57.4,15.831,15.792
93,train,5.1392,0.0013,16.62,0.0000,nan,4681,58.0,14.312,14.245
94,train,5.1259,0.0100,16.14,0.0000,nan,5085,58.6,13.823,13.763
95,train,5.5462,0.0016,17.57,0.0000,nan,4487,59.1,15.259,15.194
96,train,4.7531,0.0234,13.09,0.0000,nan,5006,59.7,12.377,12.315
97,train,5.1508,0.0118,17.61,0.0000,nan,4667,60.3,15.208,15.178
98,train,5.4119,0.0079,18.36,0.0000,nan,4830,60.9,14.711,14.683
99,train,4.6270,0.0037,14.33,0.0000,nan,4047,61.5,12.072,12.031
100,train,4.7862,0.0311,12.13,0.0000,nan,4375,62.0,9.271,8.951
101,train,4.8508,0.0040,15.01,0.0000,nan,4994,62.6,13.143,13.124
102,train,5.0391,0.0170,14.64,0.0000,nan,4482,63.2,13.975,13.933
103,train,4.8621,0.0210,13.89,0.0000,nan,4149,63.8,13.015,12.992
104,train,4.0892,0.0650,8.00,0.0000,nan,4692,64.4,5.673,5.568
105,train,5.1669,0.0010,15.87,0.0000,nan,4117,64.9,15.476,15.433
106,train,4.7011,0.0105,13.04,0.0000,nan,4483,65.5,11.772,11.615
107,train,5.1287,0.0045,18.30,0.0000,nan,4266,66.1,15.119,15.111
108,train,4.4537,0.0752,9.77,0.0000,nan,4015,66.7,7.334,7.302
109,train,5.6574,0.0023,19.89,0.0000,nan,5225,67.2,17.866,17.826
110,train,4.8567,0.0062,12.92,0.0000,nan,5127,67.8,11.938,11.901
111,train,4.8943,0.0193,15.18,0.0000,nan,4202,68.4,13.227,13.202
112,train,4.7876,0.0089,14.38,0.0000,nan,4500,69.0,11.992,11.968
113,train,4.6654,0.0233,12.49,0.0000,nan,5445,69.6,10.957,10.923
114,train,4.6838,0.0202,13.56,0.0000,nan,4265,70.1,10.943,10.913
115,train,4.9869,0.0046,16.62,0.0000,nan,4162,70.7,15.454,15.400
116,train,5.5449,0.0296,18.07,0.0000,nan,3986,71.3,15.274,15.268
117,train,4.7572,0.0083,13.40,0.0000,nan,4314,71.9,10.698,10.581
118,train,4.8963,0.0414,15.11,0.0000,nan,4542,72.4,13.588,13.579
119,train,4.7349,0.0472,13.07,0.0000,nan,4597,73.0,12.148,12.140
120,train,4.8687,0.0067,14.20,0.0000,nan,4507,73.6,12.255,12.200
121,train,5.0096,0.0166,21.07,0.0000,nan,4809,74.2,17.228,17.223
122,train,5.0141,0.0110,15.38,0.0000,nan,4291,74.8,12.074,12.042
123,train,5.2687,0.0015,19.59,0.0000,nan,4012,75.3,17.501,17.459
124,train,4.9241,0.0075,15.47,0.0000,nan,4813,75.9,14.921,14.885
125,train,5.1777,0.0142,20.17,0.0000,nan,4787,76.5,15.007,15.002
126,train,5.0031,0.0103,15.25,0.0000,nan,4566,77.1,14.029,14.026
127,train,5.0027,0.0384,15.36,0.0000,nan,4870,77.7,12.552,12.539
128,train,4.9791,0.0009,17.46,0.0000,nan,4297,78.2,14.402,14.377
129,train,5.0290,0.0051,17.77,0.0000,nan,4940,78.8,15.127,15.119
130,train,4.6078,0.0527,12.89,0.0000,nan,4704,79.4,8.718,8.703
131,train,4.9819,0.0121,15.45,0.0000,nan,4396,80.0,12.409,12.399
132,train,5.1218,0.0028,17.10,0.0000,nan,5335,80.6,11.626,11.596
133,train,5.1053,0.0042,18.95,0.0000,nan,4805,81.1,16.903,16.891
134,train,5.3172,0.0113,18.22,0.0000,nan,5289,81.7,13.824,13.744
135,train,4.9154,0.0116,14.42,0.0000,nan,4903,82.3,10.956,10.799
136,train,5.1813,0.0029,17.36,0.0000,nan,4428,82.9,15.230,15.205
137,train,4.8911,0.0374,12.39,0.0000,nan,4684,83.5,10.642,10.586
138,train,5.0688,0.0136,15.34,0.0000,nan,4645,84.0,14.107,14.049
139,train,4.8436,0.0536,13.63,0.0000,nan,4046,84.6,11.611,11.595
140,train,4.8146,0.0081,15.28,0.0000,nan,4569,85.2,12.509,12.495
141,train,4.6541,0.0574,12.89,0.0000,nan,4232,85.8,11.711,11.702
142,train,4.7767,0.0535,15.10,0.0000,nan,4261,86.3,14.307,14.289
143,train,5.0170,0.0047,17.57,0.0000,nan,4453,86.9,15.541,15.513
144,train,4.6953,0.0216,12.65,0.0000,nan,4497,87.5,8.943,8.918
145,train,5.5775,0.0032,19.73,0.0000,nan,4419,88.1,17.815,17.799
146,train,5.5175,0.0004,18.70,0.0000,nan,4739,88.7,17.092,17.043
147,train,5.1118,0.0216,17.95,0.0000,nan,4626,89.2,15.401,15.390
148,train,4.3938,0.0435,12.16,0.0000,nan,4346,89.8,7.867,7.816
149,train,4.4776,0.0263,11.49,0.0000,nan,4224,90.4,9.447,9.415
150,train,5.4345,0.0014,20.78,0.0000,nan,4955,91.0,18.512,18.492
151,train,4.4110,0.0430,11.62,0.0000,nan,4950,91.6,7.228,7.199
152,train,4.8798,0.0052,14.44,0.0000,nan,4629,92.1,10.366,10.327
153,train,4.5154,0.0374,12.31,0.0000,nan,4655,92.7,10.460,10.432
154,train,5.0494,0.0033,18.62,0.0000,nan,5152,93.3,15.201,15.196
155,train,4.8229,0.0091,13.43,0.0000,nan,4512,93.9,11.850,11.831
156,train,4.9318,0.0054,16.48,0.0000,nan,4076,94.5,13.729,13.695
157,train,5.2915,0.0006,16.63,0.0000,nan,4761,95.0,16.132,16.121
158,train,4.4647,0.0433,10.10,0.0000,nan,4318,95.6,9.222,9.195
159,train,4.5929,0.0187,13.57,0.0000,nan,4215,96.2,8.788,8.700
160,train,5.2994,0.0056,16.66,0.0000,nan,3958,96.8,14.690,14.675
161,train,5.2148,0.0123,15.76,0.0000,nan,5043,97.3,11.872,11.863
162,train,5.0198,0.0334,18.38,0.0000,nan,4107,97.9,16.917,16.912
163,train,5.0290,0.0359,16.20,0.0000,nan,5071,98.5,14.150,14.132
164,train,5.2961,0.0105,18.17,0.0000,nan,5219,99.1,17.070,17.036
165,train,4.6045,0.0173,13.19,0.0000,nan,4332,99.7,10.307,10.287
166,train,5.3594,0.0030,17.80,0.0000,nan,4641,100.2,17.120,17.061
167,train,5.0478,0.0293,16.07,0.0000,nan,4372,100.8,14.221,14.194
168,train,4.4502,0.0440,13.30,0.0000,nan,4526,101.4,9.624,9.598
169,train,4.8424,0.0101,13.77,0.0000,nan,4171,102.0,12.447,12.378
170,train,4.7360,0.0062,14.49,0.0000,nan,4855,102.6,12.334,12.325
171,train,4.7959,0.0163,14.00,0.0000,nan,4222,103.1,12.151,12.139
172,train,4.8388,0.0426,12.69,0.0000,nan,5393,103.7,10.793,10.777
173,train,4.8094,0.0056,14.92,0.0000,nan,4309,104.3,13.983,13.973
174,train,4.7054,0.0126,13.07,0.0000,nan,4918,104.9,12.240,12.219
175,train,4.9414,0.0138,13.63,0.0000,nan,4708,105.5,13.071,13.064
176,train,4.3232,0.0182,10.44,0.0000,nan,4290,106.0,9.116,9.108
177,train,5.0863,0.0013,15.94,0.0000,nan,4471,106.6,15.163,15.150
178,train,4.3641,0.0310,12.01,0.0000,nan,4161,107.2,10.080,10.076
179,train,4.8554,0.0064,15.34,0.0000,nan,3889,107.8,13.095,13.073
180,train,5.3807,0.0099,18.09,0.0000,nan,4136,108.3,16.062,16.057
181,train,4.5345,0.0418,12.84,0.0000,nan,4330,108.9,12.193,12.181
182,train,4.8228,0.0022,14.06,0.0000,nan,4959,109.5,13.045,13.027
183,train,4.6575,0.0268,15.60,0.0000,nan,3925,110.1,13.716,13.713
184,train,4.7354,0.0221,13.54,0.0000,nan,3979,110.7,11.062,11.052
185,train,4.6554,0.0049,11.99,0.0000,nan,4536,111.2,11.144,11.134
186,train,5.1623,0.0016,20.21,0.0000,nan,4408,111.8,18.232,18.229
187,train,5.2554,0.0016,19.62,0.0000,nan,4383,112.4,16.682,16.678
188,train,4.7571,0.0082,14.69,0.0000,nan,3886,113.0,12.822,12.799
189,train,5.0576,0.0340,13.99,0.0000,nan,3856,113.5,12.326,12.284
190,train,4.8435,0.0035,16.36,0.0000,nan,4552,114.1,14.037,14.034
191,train,4.5190,0.0198,12.48,0.0000,nan,5058,114.7,9.976,9.969
192,train,4.7932,0.0577,14.68,0.0000,nan,4557,115.3,10.525,10.481
193,train,4.7243,0.0167,12.11,0.0000,nan,4323,115.9,10.502,10.464
194,train,4.9211,0.0033,18.67,0.0000,nan,4219,116.4,15.245,15.236
195,train,4.9081,0.0034,15.98,0.0000,nan,4106,117.0,14.018,14.015
196,train,4.5247,0.0544,11.50,0.0000,nan,4595,117.6,9.699,9.673
197,train,4.5957,0.0344,13.66,0.0000,nan,4268,118.2,11.126,11.090
198,train,4.2764,0.0307,11.24,0.0000,nan,4658,118.8,10.917,10.867
199,train,4.7217,0.0482,13.90,0.0000,nan,3755,119.3,13.493,13.426
200,train,4.4669,0.0097,12.60,0.0000,nan,4207,119.9,9.651,9.604
201,train,4.3620,0.0293,15.10,0.0000,nan,4091,120.5,11.258,11.225
202,train,4.4914,0.0640,16.25,0.0000,nan,4048,121.1,13.659,13.537
203,train,4.2802,0.0614,11.41,0.0000,nan,4411,121.6,8.274,8.186
204,train,5.5496,0.0000,23.52,0.0000,nan,4946,122.2,18.137,18.128
205,train,4.6435,0.0271,14.15,0.0000,nan,4245,122.8,9.022,8.917
206,train,5.6888,0.0004,22.74,0.0000,nan,5215,123.4,20.794,20.785
207,train,4.4836,0.0550,11.54,0.0000,nan,3980,123.9,9.756,9.675
208,train,4.7513,0.0055,16.82,0.0000,nan,4215,124.5,14.023,13.975
209,train,5.0870,0.0008,17.44,0.0000,nan,4718,125.1,14.449,14.384
210,train,5.0768,0.0088,20.62,0.0000,nan,4548,125.7,15.705,15.701
211,train,4.6008,0.0320,14.52,0.0000,nan,3937,126.3,12.551,12.528
212,train,4.5758,0.0181,11.10,0.0000,nan,4648,126.8,8.828,8.809
213,train,4.7120,0.0180,15.63,0.0000,nan,4494,127.4,12.023,11.991
214,train,4.3423,0.0421,13.01,0.0000,nan,4157,128.0,10.074,10.051
215,train,4.7390,0.0382,15.36,0.0000,nan,4293,128.6,11.143,11.127
216,train,4.9956,0.0037,20.32,0.0000,nan,4101,129.1,13.500,13.473
217,train,4.7199,0.0360,17.07,0.0000,nan,4277,129.7,13.615,13.606
218,train,4.5632,0.0151,13.02,0.0000,nan,4097,130.3,10.043,10.028
219,train,4.7687,0.0084,19.11,0.0000,nan,4385,130.9,15.061,14.908
220,train,4.9690,0.0189,15.42,0.0000,nan,4666,131.5,10.971,10.969
221,train,4.4194,0.0456,10.95,0.0000,nan,4733,132.0,7.579,7.566
222,train,4.4924,0.0201,13.66,0.0000,nan,5117,132.6,9.266,9.190
223,train,4.6869,0.0118,17.23,0.0000,nan,4850,133.2,13.278,13.270
224,train,5.0141,0.0084,15.19,0.0000,nan,4155,133.8,12.571,12.564
225,train,4.6328,0.0056,14.62,0.0000,nan,4604,134.4,10.683,10.642
226,train,4.6386,0.0223,14.02,0.0000,nan,4484,134.9,12.170,12.157
227,train,4.9650,0.0097,16.50,0.0000,nan,4420,135.5,13.219,13.185
228,train,4.9647,0.0074,15.13,0.0000,nan,4876,136.1,13.077,13.070
229,train,4.6015,0.0181,14.77,0.0000,nan,4481,136.7,11.053,11.031
230,train,5.1732,0.0023,17.74,0.0000,nan,4425,137.2,15.651,15.640
231,train,4.9085,0.0128,14.34,0.0000,nan,4750,137.8,13.128,13.098
232,train,5.0386,0.0041,17.24,0.0000,nan,5112,138.4,14.922,14.918
233,train,4.5755,0.0322,12.26,0.0000,nan,4376,139.0,10.040,10.027
234,train,4.9891,0.0285,16.11,0.0000,nan,4630,139.6,12.414,12.384
235,train,5.4442,0.0141,18.89,0.0000,nan,4749,140.1,18.135,18.129
236,train,4.9011,0.0199,14.37,0.0000,nan,4534,140.7,11.345,11.340
237,train,4.8767,0.0279,15.76,0.0000,nan,4266,141.3,12.568,12.517
238,train,4.5813,0.0251,12.68,0.0000,nan,4692,141.9,7.255,7.243
239,train,4.4769,0.0223,12.52,0.0000,nan,4443,142.5,9.967,9.947
240,train,4.9828,0.0102,18.97,0.0000,nan,4099,143.0,14.901,14.896
241,train,5.0262,0.0144,14.95,0.0000,nan,5076,143.6,12.174,12.157
242,train,4.7684,0.0236,13.59,0.0000,nan,4655,144.2,11.544,11.537
243,train,4.7642,0.0037,12.56,0.0000,nan,4059,144.8,10.815,10.790
244,train,4.9145,0.0312,13.43,0.0000,nan,4935,145.3,9.884,9.778
245,train,5.1697,0.0142,19.29,0.0000,nan,5209,145.9,17.179,17.145
246,train,4.5162,0.0317,14.44,0.0000,nan,4387,146.5,10.296,10.255
247,train,4.8325,0.0012,13.50,0.0000,nan,4202,147.1,11.209,11.140
248,train,5.1847,0.0041,18.78,0.0000,nan,4427,147.7,16.069,16.064
249,train,4.9014,0.0533,14.68,0.0000,nan,4187,148.2,12.300,12.276
250,train,5.0384,0.0132,16.57,0.0000,nan,5522,148.8,16.093,16.082
251,train,4.8879,0.0174,15.65,0.0000,nan,4989,149.4,13.097,13.086
252,train,5.3598,0.0163,18.11,0.0000,nan,4359,150.0,16.374,16.363
253,train,4.5293,0.0139,11.29,0.0000,nan,4326,150.6,9.440,9.427
254,train,4.6576,0.0499,14.05,0.0000,nan,4990,151.1,12.086,12.068
255,train,5.2290,0.0166,17.31,0.0000,nan,4407,151.7,14.759,14.748
256,train,4.7143,0.0404,16.29,0.0000,nan,4676,152.3,12.567,12.555
257,train,4.7244,0.0646,14.98,0.0000,nan,4613,152.9,14.430,14.417
258,train,4.7945,0.0028,12.64,0.0000,nan,4618,153.4,11.737,11.711
259,train,4.4376,0.0458,12.89,0.0000,nan,4633,154.0,10.638,10.635
260,train,4.6747,0.0179,13.27,0.0000,nan,4290,154.6,11.625,11.601
261,train,5.0618,0.0083,16.91,0.0000,nan,4681,155.2,13.553,13.528
262,train,4.7710,0.0253,15.83,0.0000,nan,4542,155.8,14.274,14.264
263,train,4.7269,0.0190,17.62,0.0000,nan,3940,156.3,15.561,15.556
264,train,4.5376,0.0413,13.20,0.0000,nan,4647,156.9,8.315,8.272
265,train,4.4293,0.0217,14.22,0.0000,nan,4746,157.5,11.481,11.444
266,train,5.7174,0.0026,19.71,0.0000,nan,5476,158.1,16.495,16.490
267,train,4.6997,0.0308,15.32,0.0000,nan,4932,158.7,12.813,12.800
268,train,4.4940,0.0082,13.49,0.0000,nan,4044,159.2,7.733,7.701
269,train,5.1284,0.0071,15.67,0.0000,nan,4378,159.8,12.519,12.498
270,train,4.6329,0.0259,18.04,0.0000,nan,4524,160.4,12.073,12.064
271,train,4.3599,0.0562,13.49,0.0000,nan,4164,161.0,10.037,10.012
272,train,5.2271,0.0061,23.06,0.0000,nan,4597,161.5,18.221,18.207
273,train,5.1194,0.0106,18.71,0.0000,nan,4728,162.1,18.561,18.548
274,train,4.5879,0.0100,16.84,0.0000,nan,4682,162.7,12.936,12.917
275,train,4.9564,0.0061,18.08,0.0000,nan,4910,163.3,13.497,13.467
276,train,5.0048,0.0174,16.01,0.0000,nan,3800,163.9,16.414,16.344
277,train,4.4581,0.0389,11.68,0.0000,nan,3885,164.4,10.693,10.686
278,train,5.0672,0.0015,15.76,0.0000,nan,5261,165.0,15.224,15.219
279,train,4.8981,0.0022,16.03,0.0000,nan,4478,165.6,13.076,13.067
280,train,4.6781,0.0270,14.37,0.0000,nan,4712,166.2,12.722,12.695
281,train,4.8992,0.0051,18.91,0.0000,nan,4088,166.7,15.628,15.616
282,train,4.0642,0.0205,11.14,0.0000,nan,3955,167.3,7.207,7.193
283,train,4.9978,0.0051,17.09,0.0000,nan,4511,167.9,16.233,16.212
284,train,4.6299,0.0080,13.60,0.0000,nan,4127,168.5,10.583,10.525
285,train,4.6460,0.0084,14.46,0.0000,nan,5502,169.1,10.687,10.676
286,train,4.3399,0.0334,12.73,0.0000,nan,3858,169.6,8.754,8.712
287,train,5.1607,0.0039,15.78,0.0000,nan,4561,170.2,15.409,15.399
288,train,5.3102,0.0052,21.78,0.0000,nan,4077,170.8,18.259,18.240
289,train,4.4833,0.0401,13.20,0.0000,nan,4619,171.4,9.790,9.744
290,train,5.1524,0.0006,19.50,0.0000,nan,5237,172.0,18.202,18.190
291,train,5.0981,0.0025,17.80,0.0000,nan,4045,172.5,15.604,15.581
292,train,4.6075,0.0147,14.17,0.0000,nan,4625,173.1,10.701,10.605
293,train,4.7113,0.0097,14.04,0.0000,nan,4136,173.7,11.467,11.440
294,train,4.6478,0.0396,14.36,0.0000,nan,4138,174.3,13.166,13.140
295,train,4.7199,0.0056,11.60,0.0000,nan,4075,174.8,10.568,10.543
296,train,5.4763,0.0083,18.32,0.0000,nan,4572,175.4,15.531,15.518
297,train,4.5345,0.0216,11.71,0.0000,nan,5332,176.0,9.001,8.937
298,train,4.5736,0.0451,12.39,0.0000,nan,4549,176.6,9.359,9.248
299,train,4.8131,0.0152,14.14,0.0000,nan,4087,177.2,12.246,12.228
300,train,4.8260,0.0091,14.04,0.0000,nan,4856,177.7,11.479,11.466
301,train,5.2444,0.0015,17.92,0.0000,nan,4552,178.3,14.464,14.389
302,train,5.2941,0.0039,16.27,0.0000,nan,4336,178.9,14.850,14.803
303,train,4.3678,0.0316,13.87,0.0000,nan,4330,179.5,11.219,11.196
304,train,4.6466,0.0486,14.85,0.0000,nan,4173,180.0,12.137,12.133
305,train,5.3543,0.0006,17.90,0.0000,nan,4742,180.6,15.510,15.497
306,train,4.4407,0.0160,12.64,0.0000,nan,4443,181.2,10.244,10.219
307,train,5.0489,0.0051,16.82,0.0000,nan,4723,181.8,13.705,13.690
308,train,4.3055,0.0471,12.00,0.0000,nan,3928,182.4,9.223,9.205
309,train,4.4074,0.0476,12.01,0.0000,nan,4835,182.9,11.112,11.041
310,train,4.8865,0.0069,14.98,0.0000,nan,4912,183.5,11.858,11.835
311,train,4.7926,0.0219,15.62,0.0000,nan,4847,184.1,10.775,10.756
312,train,4.8935,0.0408,12.42,0.0000,nan,4710,184.7,9.324,9.285
313,train,4.4467,0.0550,11.38,0.0000,nan,4291,185.3,8.503,8.459
314,train,4.8229,0.0256,16.61,0.0000,nan,3899,185.8,14.689,14.678
315,train,4.5130,0.0100,12.26,0.0000,nan,3694,186.4,10.686,10.649
316,train,4.7148,0.0114,13.14,0.0000,nan,4989,187.0,8.916,8.899
317,train,4.3397,0.0292,12.43,0.0000,nan,4146,187.6,7.417,7.367
318,train,4.9602,0.0081,17.06,0.0000,nan,4566,188.1,12.714,12.692
319,train,4.3416,0.0601,11.95,0.0000,nan,4129,188.7,9.081,9.063
320,train,4.9706,0.0067,16.14,0.0000,nan,4929,189.3,12.953,12.939
321,train,4.3706,0.1356,12.87,0.0000,nan,4763,189.9,11.181,11.010
322,train,4.6643,0.0172,13.76,0.0000,nan,4059,190.4,11.977,11.969
323,train,4.3369,0.0297,11.20,0.0000,nan,4138,191.0,9.457,9.423
324,train,4.4616,0.0391,9.67,0.0000,nan,4583,191.6,7.178,6.614
325,train,4.7649,0.0032,16.32,0.0000,nan,4350,192.2,11.347,10.835
326,train,4.0055,0.0416,8.61,0.0000,nan,4230,192.8,4.864,4.498
327,train,4.6138,0.0228,14.11,0.0000,nan,4430,193.3,11.744,11.709
328,train,4.0411,0.0597,10.80,0.0000,nan,4490,193.9,5.890,5.483
329,train,4.6215,0.0298,17.11,0.0000,nan,4098,194.5,13.448,13.442
330,train,4.9765,0.0386,15.28,0.0000,nan,4193,195.1,12.653,12.590
331,train,5.0925,0.0297,17.67,0.0000,nan,5092,195.7,14.462,14.435
332,train,5.0931,0.0042,15.69,0.0000,nan,4795,196.2,10.899,10.858
333,train,4.6258,0.0296,18.29,0.0000,nan,4726,196.8,14.082,14.053
334,train,5.0293,0.0009,20.90,0.0000,nan,4232,197.4,16.615,16.607
335,train,4.6454,0.0511,16.97,0.0000,nan,3720,198.0,11.890,11.868
336,train,4.4017,0.0202,11.31,0.0000,nan,4003,198.5,7.262,7.245
337,train,5.2389,0.0052,19.44,0.0000,nan,4253,199.1,14.707,14.700
338,train,4.5633,0.0197,14.50,0.0000,nan,4014,199.7,11.125,11.120
339,train,4.5601,0.0042,13.27,0.0000,nan,4945,200.3,8.474,8.424
340,train,5.2878,0.0037,22.35,0.0000,nan,4284,200.9,19.503,19.488
341,train,4.8730,0.0025,15.41,0.0000,nan,4828,201.4,11.955,11.932
342,train,5.2760,0.0008,22.15,0.0000,nan,5175,202.0,18.535,18.530
343,train,4.3665,0.0448,13.43,0.0000,nan,4419,202.6,11.552,11.541
344,train,4.7908,0.0182,14.60,0.0000,nan,5385,203.2,13.949,13.943
345,train,5.0394,0.0011,20.24,0.0000,nan,5290,203.8,15.762,15.753
346,train,4.3983,0.0121,11.10,0.0000,nan,3715,204.3,7.950,7.942
347,train,4.6299,0.0067,16.73,0.0000,nan,4323,204.9,10.651,10.610
348,train,4.7863,0.0040,16.78,0.0000,nan,4474,205.5,12.494,12.486
349,train,5.0376,0.0023,19.81,0.0000,nan,4369,206.1,16.980,16.979
350,train,4.5494,0.0156,13.94,0.0000,nan,4863,206.6,7.298,7.292
351,train,4.6371,0.0113,13.51,0.0000,nan,4515,207.2,9.383,9.374
352,train,4.7745,0.0085,14.51,0.0000,nan,4096,207.8,10.829,10.828
353,train,4.7797,0.0103,13.04,0.0000,nan,4191,208.4,12.601,12.593
354,train,4.4732,0.0208,13.61,0.0000,nan,4335,208.9,11.461,11.456
355,train,5.2696,0.0074,24.42,0.0000,nan,4212,209.5,20.119,20.118
356,train,4.1609,0.0340,10.00,0.0000,nan,4294,210.1,6.330,6.308
357,train,4.9386,0.0051,16.90,0.0000,nan,4924,210.7,13.235,13.216
358,train,4.7405,0.0073,16.38,0.0000,nan,5190,211.2,11.370,11.360
359,train,4.6352,0.0219,14.52,0.0000,nan,3752,211.8,12.169,12.155
360,train,4.5037,0.0201,15.59,0.0000,nan,4036,212.4,12.011,11.995
361,train,4.9889,0.0069,16.41,0.0000,nan,4752,213.0,13.842,13.838
362,train,5.0279,0.0158,18.17,0.0000,nan,5505,213.6,15.959,15.907
363,train,4.8471,0.0283,18.54,0.0000,nan,4245,214.1,15.813,15.808
364,train,3.9569,0.0873,8.38,0.0000,nan,4137,214.7,5.784,5.743
365,train,4.8323,0.0068,12.56,0.0000,nan,3998,215.3,10.228,10.187
366,train,4.7778,0.0026,16.43,0.0000,nan,4607,215.9,12.530,12.525
367,train,4.4494,0.0078,14.15,0.0000,nan,4215,216.4,10.177,10.160
368,train,4.6185,0.0049,11.36,0.0000,nan,4084,217.0,10.742,10.733
369,train,4.9914,0.0062,17.86,0.0000,nan,5346,217.6,13.488,13.443
370,train,4.7031,0.0039,12.75,0.0000,nan,4663,218.2,10.819,10.801
371,train,4.5096,0.0716,13.68,0.0000,nan,4481,218.8,10.127,10.123
372,train,4.8890,0.0112,15.94,0.0000,nan,4361,219.3,12.999,12.928
373,train,4.9257,0.0093,19.61,0.0000,nan,4405,219.9,16.748,16.746
374,train,4.6293,0.0351,15.53,0.0000,nan,4387,220.5,10.737,10.729
375,train,4.9395,0.0033,16.43,0.0000,nan,4276,221.1,13.066,13.053
376,train,4.8725,0.0219,14.22,0.0000,nan,4571,221.6,10.944,10.930
377,train,4.3721,0.0782,11.05,0.0000,nan,4514,222.2,8.510,8.508
378,train,4.3826,0.0285,13.45,0.0000,nan,4414,222.8,9.930,9.902
379,train,4.7794,0.0054,15.43,0.0000,nan,5171,223.4,10.772,10.753
380,train,4.7392,0.0138,12.27,0.0000,nan,4482,223.9,10.552,10.544
381,train,4.5887,0.0696,13.70,0.0000,nan,3565,224.5,12.054,12.013
382,train,4.6893,0.0144,14.28,0.0000,nan,4311,225.1,11.392,11.387
383,train,4.4289,0.0903,13.10,0.0000,nan,4587,225.7,12.724,12.704
384,train,4.5389,0.0162,14.08,0.0000,nan,4431,226.3,9.522,9.453
385,train,5.2358,0.0287,19.06,0.0000,nan,3940,226.8,15.887,15.880
386,train,4.5806,0.0236,14.43,0.0000,nan,4610,227.4,11.817,11.804
387,train,4.6258,0.0041,13.48,0.0000,nan,5115,228.0,9.713,9.705
388,train,4.6292,0.0220,12.88,0.0000,nan,5538,228.6,10.956,10.949
389,train,4.0326,0.0422,10.24,0.0000,nan,4220,229.1,5.537,5.511
390,train,4.1500,0.0406,9.58,0.0000,nan,3719,229.7,8.108,8.099
391,train,4.6627,0.0398,12.23,0.0000,nan,3944,230.3,10.559,10.538
392,train,4.4570,0.0278,13.73,0.0000,nan,3782,230.9,11.136,11.127
393,train,4.7319,0.0080,18.82,0.0000,nan,4265,231.4,13.333,13.325
394,train,5.4635,0.0016,21.04,0.0000,nan,4867,232.0,17.315,17.310
395,train,4.8443,0.0168,16.79,0.0000,nan,4517,232.6,12.668,12.666
396,train,4.0860,0.0557,9.83,0.0000,nan,4456,233.2,6.925,6.911
397,train,5.0661,0.0278,18.38,0.0000,nan,3816,233.8,15.510,15.487
398,train,4.7174,0.0109,15.77,0.0000,nan,4967,234.3,13.329,13.319
399,train,4.7792,0.0029,16.88,0.0000,nan,4175,234.9,13.782,13.780
400,train,4.5560,0.0145,12.93,0.0000,nan,4889,235.5,10.036,10.030
401,train,4.6428,0.0179,12.39,0.0000,nan,4461,236.1,10.947,10.942
402,train,4.5284,0.0095,12.54,0.0000,nan,4931,236.6,7.273,7.265
403,train,4.7401,0.0051,16.22,0.0000,nan,4471,237.2,14.226,14.216
404,train,4.3878,0.0335,10.75,0.0000,nan,4504,237.8,7.805,7.803
405,train,4.6340,0.0109,13.76,0.0000,nan,4326,238.4,12.484,12.475
406,train,4.7327,0.0529,14.55,0.0000,nan,5086,239.0,12.864,12.859
407,train,4.4004,0.0236,13.50,0.0000,nan,3990,239.5,11.319,11.290
408,train,4.6861,0.0036,12.62,0.0000,nan,4458,240.1,10.351,10.331
409,train,4.2298,0.0118,10.77,0.0000,nan,4656,240.7,8.787,8.781
410,train,4.5805,0.0234,14.51,0.0000,nan,4152,241.3,12.551,12.515
411,train,4.9103,0.0070,15.78,0.0000,nan,4552,241.8,14.849,14.837
412,train,4.7526,0.0187,14.10,0.0000,nan,4450,242.4,12.497,12.493
413,train,4.5773,0.0489,12.58,0.0000,nan,4639,243.0,11.776,11.747
414,train,3.7131,0.0980,9.44,0.0000,nan,4091,243.6,5.111,5.052
415,train,4.7092,0.0120,14.34,0.0000,nan,4404,244.1,12.373,12.369
416,train,5.0313,0.0046,17.83,0.0000,nan,5201,244.7,15.459,15.447
417,train,5.4625,0.0124,19.75,0.0000,nan,4660,245.3,16.565,16.553
418,train,4.5121,0.0283,13.41,0.0000,nan,4838,245.9,10.670,10.666
419,train,4.9932,0.0015,18.63,0.0000,nan,4615,246.5,16.582,16.557
420,train,4.5192,0.0186,12.93,0.0000,nan,4141,247.0,9.414,9.398
421,train,4.6159,0.0099,14.71,0.0000,nan,4866,247.6,8.978,8.959
422,train,4.7263,0.0537,12.50,0.0000,nan,5533,248.2,10.967,10.953
423,train,4.8344,0.0073,14.29,0.0000,nan,4402,248.8,10.789,10.768
424,train,4.2116,0.0431,10.36,0.0000,nan,5203,249.3,8.066,8.032
425,train,5.0231,0.0011,17.50,0.0000,nan,4714,249.9,16.150,16.139
426,train,4.7555,0.0126,15.94,0.0000,nan,4845,250.5,15.009,15.005
427,train,5.8240,0.0008,23.60,0.0000,nan,5047,251.1,20.747,20.742
428,train,4.4439,0.0165,10.69,0.0000,nan,4490,251.7,10.611,10.600
429,train,4.5796,0.0210,14.25,0.0000,nan,5345,252.2,11.962,11.951
430,train,4.2934,0.0889,11.77,0.0000,nan,4556,252.8,10.503,10.458
431,train,5.1025,0.0012,19.65,0.0000,nan,4837,253.4,17.275,17.273
432,train,4.2485,0.0696,8.65,0.0000,nan,4925,254.0,8.657,8.644
433,train,4.5396,0.0200,14.41,0.0000,nan,3804,254.5,13.631,13.628
434,train,4.2982,0.0099,11.15,0.0000,nan,4771,255.1,9.160,9.157
435,train,4.7722,0.0169,14.29,0.0000,nan,4563,255.7,13.035,13.018
436,train,4.8761,0.0572,15.94,0.0000,nan,4559,256.3,14.615,14.601
437,train,4.3928,0.0245,11.46,0.0000,nan,4077,256.9,8.380,8.353
438,train,4.3733,0.0167,11.18,0.0000,nan,4375,257.4,9.005,8.990
439,train,4.3989,0.0209,14.26,0.0000,nan,4300,258.0,11.487,11.477
440,train,5.1575,0.0363,20.50,0.0000,nan,4851,258.6,17.970,17.965
441,train,4.2754,0.0303,11.29,0.0000,nan,4756,259.2,8.948,8.935
442,train,4.6667,0.0110,12.93,0.0000,nan,4190,259.7,11.375,11.369
443,train,4.3629,0.0738,14.34,0.0000,nan,5593,260.3,11.654,11.611
444,train,4.6168,0.0071,16.87,0.0000,nan,4650,260.9,11.047,11.011
445,train,4.5315,0.0317,13.85,0.0000,nan,4189,261.5,10.562,10.491
446,train,4.6026,0.0389,14.40,0.0000,nan,4086,262.1,12.658,12.652
447,train,4.7587,0.0283,14.41,0.0000,nan,4062,262.6,12.821,12.784
448,train,4.5215,0.0309,12.21,0.0000,nan,4790,263.2,8.982,8.976
449,train,4.5301,0.0195,13.30,0.0000,nan,4352,263.8,10.749,10.731
450,train,4.5118,0.0051,15.24,0.0000,nan,4746,264.4,12.716,12.628
451,train,5.0612,0.0160,15.36,0.0000,nan,4058,264.9,12.707,12.597
452,train,4.3118,0.0394,11.07,0.0000,nan,3853,265.5,9.511,9.499
453,train,4.5420,0.0224,14.24,0.0000,nan,4458,266.1,12.699,12.683
454,train,4.3795,0.0217,11.85,0.0000,nan,3778,266.7,10.742,10.739
455,train,4.8390,0.0061,18.82,0.0000,nan,5243,267.2,15.002,14.996
456,train,4.1566,0.0658,12.73,0.0000,nan,4284,267.8,8.446,8.439
457,train,5.0368,0.0017,18.70,0.0000,nan,4649,268.4,15.063,15.058
458,train,4.5827,0.0411,15.79,0.0000,nan,4380,269.0,13.236,13.209
459,train,4.0877,0.0580,12.69,0.0000,nan,3933,269.6,8.554,8.534
460,train,4.6179,0.0437,12.94,0.0000,nan,5104,270.1,12.082,12.076
461,train,4.1485,0.0865,10.58,0.0000,nan,4740,270.7,9.150,9.125
462,train,4.6047,0.0126,15.95,0.0000,nan,4278,271.3,14.618,14.613
463,train,4.9175,0.0062,17.94,0.0000,nan,5496,271.9,15.564,15.541
464,train,4.2653,0.0408,10.51,0.0000,nan,4145,272.4,8.090,8.074
465,train,5.0114,0.0092,17.53,0.0000,nan,4344,273.0,15.134,15.110
466,train,5.1086,0.0083,12.83,0.0000,nan,4575,273.6,10.793,10.787
467,train,4.8862,0.0151,18.20,0.0000,nan,4434,274.2,15.345,15.267
468,train,4.7961,0.0053,16.92,0.0000,nan,4328,274.8,14.052,13.966
469,train,4.2686,0.0687,10.82,0.0000,nan,4632,275.3,7.739,7.722
470,train,4.6996,0.0062,16.42,0.0000,nan,4496,275.9,14.213,14.209
471,train,4.8113,0.0372,14.22,0.0000,nan,4678,276.5,12.290,12.252
472,train,4.4336,0.0712,11.64,0.0000,nan,3833,277.1,9.861,9.847
473,train,5.0007,0.0141,17.94,0.0000,nan,4902,277.6,17.212,17.193
474,train,4.3965,0.0296,10.73,0.0000,nan,4827,278.2,8.431,8.423
475,train,4.0327,0.0585,8.20,0.0000,nan,5149,278.8,5.866,5.850
476,train,4.9084,0.0072,15.95,0.0000,nan,4698,279.4,14.652,14.649
477,train,4.7930,0.0089,15.47,0.0000,nan,4734,279.9,13.986,13.982
478,train,4.2605,0.0781,12.98,0.0000,nan,4303,280.5,11.921,11.846
479,train,4.4632,0.0060,12.43,0.0000,nan,4015,281.1,12.004,11.982
480,train,4.4495,0.0303,13.71,0.0000,nan,5516,281.7,11.930,11.827
481,train,4.2747,0.0215,11.46,0.0000,nan,4505,282.3,8.055,8.009
482,train,3.8115,0.0503,7.55,0.0000,nan,4372,282.8,2.880,2.560
483,train,4.5041,0.0364,13.52,0.0000,nan,4666,283.4,10.380,10.305
484,train,5.3194,0.0091,23.01,0.0000,nan,5271,284.0,20.650,20.641
485,train,4.7237,0.0055,15.77,0.0000,nan,4561,284.6,14.997,14.989
486,train,4.3475,0.0551,11.92,0.0000,nan,4717,285.1,9.872,9.859
487,train,5.5677,0.0077,21.23,0.0000,nan,4052,285.7,19.488,19.447
488,train,4.4592,0.0577,15.88,0.0000,nan,5373,286.3,12.884,12.834
489,train,4.7743,0.0306,14.10,0.0000,nan,4384,286.9,10.383,10.344
490,train,4.6451,0.0163,15.25,0.0000,nan,4607,287.5,13.785,13.761
491,train,4.5078,0.0455,14.37,0.0000,nan,4899,288.0,13.230,13.194
492,train,4.9501,0.0167,14.06,0.0000,nan,4069,288.6,12.030,11.987
493,train,4.2651,0.0763,13.68,0.0000,nan,4152,289.2,11.023,10.992
494,train,5.1228,0.0076,21.65,0.0000,nan,3955,289.8,19.131,18.892
495,train,4.3159,0.0931,10.85,0.0000,nan,4492,290.3,6.073,6.039
496,train,5.0789,0.0018,20.89,0.0000,nan,3823,290.9,17.127,17.079
497,train,4.6750,0.0293,14.48,0.0000,nan,4366,291.5,10.470,10.458
498,train,4.9691,0.0095,17.12,0.0000,nan,4210,292.1,14.517,14.489
499,train,4.4055,0.0402,12.62,0.0000,nan,3983,292.6,8.695,8.665
500,train,4.6019,0.0136,15.32,0.0000,nan,4338,293.2,10.488,10.463
500,val,4.5611,0.0242,14.89,0.0000,0.00,222066,320.7,11.510,11.483
501,train,4.1656,0.0498,9.69,0.0000,nan,4216,321.8,10.081,10.075
502,train,4.5577,0.0232,14.28,0.0000,nan,4519,322.4,9.309,9.160
503,train,4.4035,0.0438,14.18,0.0000,nan,4045,322.9,9.400,9.338
504,train,4.7777,0.0080,16.76,0.0000,nan,3984,323.5,13.410,13.402
505,train,4.6794,0.0076,19.10,0.0000,nan,4370,324.1,15.280,15.266
506,train,4.5361,0.0075,15.79,0.0000,nan,4671,324.7,9.671,9.657
507,train,4.5003,0.0732,13.65,0.0000,nan,4497,325.3,13.860,13.846
508,train,4.4143,0.0400,13.52,0.0000,nan,4775,325.8,10.470,10.463
509,train,4.3676,0.0469,12.34,0.0000,nan,4437,326.4,8.177,8.168
510,train,4.7028,0.0364,15.88,0.0000,nan,4228,327.0,13.542,13.531
511,train,4.1980,0.0327,11.17,0.0000,nan,4950,327.6,6.226,6.197
512,train,4.7539,0.0031,14.78,0.0000,nan,3842,328.1,9.308,9.297
513,train,4.7152,0.0448,12.95,0.0000,nan,5062,328.7,10.024,9.972
514,train,4.6601,0.0463,14.06,0.0000,nan,4535,329.3,9.330,9.301
515,train,4.8224,0.0168,17.62,0.0000,nan,4228,329.9,14.267,14.204
516,train,4.2642,0.0692,14.06,0.0000,nan,4800,330.5,7.815,7.792
517,train,4.1506,0.0668,10.47,0.0000,nan,5224,331.0,8.235,8.222
518,train,4.6017,0.0364,13.20,0.0000,nan,3981,331.6,8.474,8.338
519,train,4.9191,0.0142,15.53,0.0000,nan,4226,332.2,13.597,13.572
520,train,4.7195,0.0455,16.96,0.0000,nan,4174,332.8,15.428,15.415
521,train,4.9877,0.0071,17.44,0.0000,nan,4077,333.3,15.821,15.815
522,train,4.8904,0.0073,15.99,0.0000,nan,3994,333.9,12.818,12.736
523,train,4.3320,0.0451,12.46,0.0000,nan,4368,334.5,9.164,9.134
524,train,5.0991,0.0035,18.26,0.0000,nan,4562,335.1,14.335,14.296
525,train,4.4534,0.0083,13.04,0.0000,nan,4435,335.7,10.335,10.262
526,train,4.1973,0.0488,9.66,0.0000,nan,5059,336.2,4.761,4.660
527,train,5.3476,0.0033,20.80,0.0000,nan,4265,336.8,19.517,19.511
528,train,4.2350,0.0295,12.86,0.0000,nan,4514,337.4,9.076,9.059
529,train,5.2210,0.0033,17.63,0.0000,nan,4288,338.0,14.011,14.008
530,train,4.4426,0.0589,18.03,0.0000,nan,4496,338.5,15.782,15.669
531,train,4.7268,0.0244,15.34,0.0000,nan,4596,339.1,12.513,12.461
532,train,4.9711,0.0068,17.05,0.0000,nan,4567,339.7,14.411,14.380
533,train,4.5237,0.0414,14.72,0.0000,nan,5071,340.3,13.535,13.528
534,train,4.2719,0.0316,13.81,0.0000,nan,4935,340.9,10.105,10.100
535,train,4.2238,0.0387,10.92,0.0000,nan,4261,341.4,9.954,9.924
536,train,4.2531,0.0522,13.77,0.0000,nan,5149,342.0,12.164,12.146
537,train,4.2676,0.0617,13.55,0.0000,nan,3908,342.6,11.240,11.230
538,train,4.3342,0.1027,12.56,0.0000,nan,4430,343.2,11.076,11.067
539,train,4.3922,0.0895,11.56,0.0000,nan,5039,343.7,8.859,8.857
540,train,4.3847,0.0097,13.01,0.0000,nan,4428,344.3,10.235,10.213
541,train,4.7198,0.0646,17.61,0.0000,nan,4088,344.9,16.220,16.211
542,train,4.5163,0.0303,12.68,0.0000,nan,3665,345.5,13.066,13.056
543,train,5.3071,0.0160,19.55,0.0000,nan,3745,346.1,17.618,17.608
544,train,4.4055,0.0293,13.09,0.0000,nan,4055,346.6,11.893,11.891
545,train,5.0610,0.0035,17.93,0.0000,nan,3959,347.2,15.245,15.161
546,train,4.2536,0.0145,12.58,0.0000,nan,4910,347.8,8.220,8.215
547,train,4.3692,0.0230,12.17,0.0000,nan,4781,348.4,8.256,8.240
548,train,4.4927,0.0178,14.11,0.0000,nan,4090,348.9,8.485,8.392
549,train,5.2025,0.0095,17.32,0.0000,nan,4402,349.5,15.095,15.066
550,train,4.6754,0.0399,15.30,0.0000,nan,5333,350.1,11.275,11.207
551,train,4.7282,0.0155,14.99,0.0000,nan,5235,350.7,12.229,12.224
552,train,4.4927,0.0185,13.90,0.0000,nan,4873,351.3,9.317,9.307
553,train,4.0675,0.0419,10.92,0.0000,nan,4603,351.8,7.671,7.661
554,train,4.8439,0.0166,17.03,0.0000,nan,4348,352.4,13.698,13.688
555,train,4.2788,0.0296,11.15,0.0000,nan,4968,353.0,8.661,8.649
556,train,4.1998,0.0718,12.00,0.0000,nan,3704,353.6,9.277,9.252
557,train,4.6372,0.0109,13.65,0.0000,nan,4877,354.1,10.209,10.186
558,train,4.3839,0.0351,12.52,0.0000,nan,5218,354.7,9.437,9.399
559,train,4.2680,0.0819,11.48,0.0000,nan,3969,355.3,9.652,9.646
560,train,4.6156,0.0144,16.90,0.0000,nan,5218,355.9,16.958,16.956
561,train,5.1592,0.0156,20.58,0.0000,nan,5383,356.5,18.219,18.211
562,train,4.0311,0.0555,9.41,0.0000,nan,4286,357.0,7.327,7.309
563,train,4.3006,0.0273,14.67,0.0000,nan,5054,357.6,10.513,10.432
564,train,4.7004,0.0060,17.13,0.0000,nan,5210,358.2,14.118,14.115
565,train,4.7662,0.0145,15.62,0.0000,nan,5120,358.8,14.838,14.811
566,train,5.5890,0.0050,20.08,0.0000,nan,4240,359.4,17.551,17.537
567,train,4.6515,0.0097,12.32,0.0000,nan,4758,359.9,10.380,10.363
568,train,4.7334,0.0110,15.31,0.0000,nan,4463,360.5,13.799,13.772
569,train,4.1546,0.0285,9.86,0.0000,nan,4484,361.1,8.901,8.884
570,train,4.9935,0.0104,18.39,0.0000,nan,4418,361.7,16.220,16.205
571,train,4.8499,0.0056,16.99,0.0000,nan,4495,362.2,15.351,15.341
572,train,4.3013,0.0299,10.73,0.0000,nan,4288,362.8,9.666,9.664
573,train,5.1315,0.0017,17.79,0.0000,nan,4061,363.4,14.392,14.361
574,train,4.5761,0.0414,12.05,0.0000,nan,4401,364.0,9.899,9.886
575,train,4.7711,0.0069,14.78,0.0000,nan,4466,364.6,12.790,12.785
576,train,4.6962,0.0138,12.51,0.0000,nan,4138,365.1,11.524,11.501
577,train,4.1927,0.0474,12.78,0.0000,nan,4646,365.7,8.783,8.731
578,train,4.4648,0.0163,15.89,0.0000,nan,4474,366.3,12.205,12.158
579,train,4.5900,0.0455,13.86,0.0000,nan,4548,366.9,10.174,10.169
580,train,4.2826,0.0266,11.01,0.0000,nan,4402,367.4,8.670,8.611
581,train,4.5318,0.0454,15.01,0.0000,nan,5026,368.0,13.308,13.270
582,train,4.6324,0.0135,15.33,0.0000,nan,4148,368.6,13.404,13.378
583,train,4.8752,0.0309,15.18,0.0000,nan,4267,369.2,12.667,12.647
584,train,4.0217,0.0571,9.99,0.0000,nan,3995,369.8,8.726,8.683
585,train,4.2369,0.0353,11.50,0.0000,nan,3996,370.3,6.794,6.597
586,train,4.2442,0.0343,10.66,0.0000,nan,4085,370.9,9.260,9.218
587,train,4.3407,0.0576,11.10,0.0000,nan,4913,371.5,8.204,8.158
588,train,4.9679,0.0553,21.68,0.0000,nan,4144,372.1,16.205,16.176
589,train,4.6786,0.0255,12.76,0.0000,nan,4821,372.6,8.671,8.606
590,train,5.2225,0.0000,22.22,0.0000,nan,4372,373.2,18.532,18.519
591,train,3.7062,0.0708,8.13,0.0000,nan,4183,373.8,4.435,4.405
592,train,4.7836,0.0051,18.47,0.0000,nan,4924,374.4,14.808,14.796
593,train,4.8373,0.0082,14.02,0.0000,nan,4391,375.0,12.528,12.525
594,train,4.9263,0.0058,15.16,0.0000,nan,4687,375.5,12.796,12.784
595,train,4.7503,0.0284,15.20,0.0000,nan,4793,376.1,12.493,12.460
596,train,4.3624,0.0201,11.61,0.0000,nan,4982,376.7,8.655,8.625
597,train,4.6173,0.0516,16.13,0.0000,nan,4473,377.3,13.072,12.983
598,train,4.8280,0.0087,18.86,0.0000,nan,4582,377.9,16.004,15.990
599,train,4.2411,0.0480,11.94,0.0000,nan,4642,378.4,11.506,11.486
600,train,5.1349,0.0089,19.81,0.0000,nan,4586,379.0,15.096,15.082
601,train,4.9826,0.0039,19.72,0.0000,nan,4052,379.6,15.377,15.358
602,train,4.2682,0.0299,15.20,0.0000,nan,4048,380.2,11.616,11.593
603,train,4.4273,0.0195,15.39,0.0000,nan,4876,380.7,10.670,10.664
604,train,4.2688,0.1230,12.30,0.0000,nan,4129,381.3,11.642,11.639
605,train,4.2488,0.0582,11.33,0.0000,nan,4866,381.9,9.201,9.177
606,train,4.1938,0.0283,10.20,0.0000,nan,4735,382.5,3.856,3.851
607,train,4.3881,0.0153,13.93,0.0000,nan,4842,383.1,8.722,8.681
608,train,4.3428,0.0318,12.41,0.0000,nan,4502,383.6,9.009,8.991
609,train,4.2008,0.0457,10.54,0.0000,nan,4840,384.2,8.059,8.057
610,train,4.2698,0.0458,11.31,0.0000,nan,3907,384.8,8.191,8.169
611,train,4.0742,0.0522,8.27,0.0000,nan,4791,385.4,7.190,7.149
612,train,4.1559,0.0761,8.89,0.0000,nan,4071,385.9,3.652,3.498
613,train,4.5383,0.0717,12.77,0.0000,nan,4117,386.5,9.897,9.868
614,train,3.9484,0.0585,11.23,0.0000,nan,4293,387.1,6.194,5.693
615,train,4.5183,0.0192,13.70,0.0000,nan,4787,387.7,8.247,8.229
616,train,4.2661,0.0472,12.49,0.0000,nan,5274,388.3,9.179,9.124
617,train,4.7011,0.0264,12.93,0.0000,nan,4126,388.8,10.591,10.563
618,train,4.6341,0.0087,15.02,0.0000,nan,4392,389.4,11.096,11.026
619,train,3.9955,0.0942,8.72,0.0000,nan,4969,390.0,6.748,6.725
620,train,4.1842,0.0135,10.82,0.0000,nan,4306,390.6,5.614,5.588
621,train,4.9360,0.0060,14.07,0.0000,nan,4534,391.2,11.110,11.084
622,train,4.4757,0.0125,11.41,0.0000,nan,4332,391.7,9.115,8.942
623,train,3.8263,0.0780,8.37,0.0000,nan,4369,392.3,3.737,3.699
624,train,4.0467,0.1222,10.68,0.0000,nan,5032,392.9,8.764,8.655
625,train,4.0764,0.0550,12.46,0.0000,nan,4930,393.5,9.336,9.305
626,train,4.0363,0.0512,10.71,0.0000,nan,4515,394.0,5.679,5.569
627,train,4.8514,0.0083,16.52,0.0000,nan,4595,394.6,13.905,13.888
628,train,4.1706,0.0580,9.85,0.0000,nan,4535,395.2,7.516,7.500
629,train,4.4624,0.0081,11.53,0.0000,nan,4182,395.8,6.731,6.671
630,train,4.6721,0.0080,13.87,0.0000,nan,4397,396.4,11.442,11.431
631,train,4.3190,0.0249,12.35,0.0000,nan,4786,396.9,8.597,8.589
632,train,3.8640,0.1254,9.37,0.0000,nan,4499,397.5,5.864,5.843
633,train,4.9256,0.0500,17.12,0.0000,nan,4178,398.1,14.162,14.159
634,train,3.7540,0.0781,10.74,0.0000,nan,4073,398.7,8.588,8.579
635,train,4.8427,0.0262,15.86,0.0000,nan,4762,399.2,10.793,10.761
636,train,4.4200,0.0234,17.24,0.0000,nan,4402,399.8,12.730,12.715
637,train,4.5682,0.0329,15.35,0.0000,nan,5254,400.4,10.631,10.616
638,train,4.3791,0.0100,15.47,0.0000,nan,4722,401.0,11.106,11.100
639,train,4.6685,0.0208,15.78,0.0000,nan,5144,401.6,12.783,12.772
640,train,4.4215,0.1077,12.08,0.0000,nan,4539,402.1,9.552,9.516
641,train,4.2673,0.0296,11.96,0.0000,nan,4092,402.7,8.612,8.601
642,train,5.0409,0.0255,14.90,0.0000,nan,4311,403.3,13.445,13.441
643,train,4.9883,0.0057,15.56,0.0000,nan,4939,403.9,11.464,11.221
644,train,4.8767,0.0066,13.82,0.0000,nan,3785,404.5,12.710,12.659
645,train,4.7855,0.0302,14.73,0.0000,nan,4828,405.0,12.542,12.528
646,train,4.9566,0.0051,15.99,0.0000,nan,4298,405.6,17.297,17.287
647,train,4.8620,0.0257,11.86,0.0000,nan,4131,406.2,10.189,10.178
648,train,4.8785,0.0147,17.68,0.0000,nan,4348,406.8,14.250,14.248
649,train,3.9428,0.0679,12.40,0.0000,nan,4432,407.3,9.875,9.836
650,train,4.7216,0.0215,12.77,0.0000,nan,4229,407.9,10.308,10.266
651,train,4.6205,0.0314,11.84,0.0000,nan,4424,408.5,9.229,9.228
652,train,4.7420,0.0313,14.84,0.0000,nan,4027,409.1,10.016,10.007
653,train,4.0199,0.0479,9.27,0.0000,nan,4367,409.7,8.498,8.483
654,train,4.1717,0.0223,13.18,0.0000,nan,4488,410.2,11.692,11.677
655,train,4.0516,0.0368,13.02,0.0000,nan,4562,410.8,8.699,8.694
656,train,4.4059,0.0601,12.20,0.0000,nan,4394,411.4,8.655,8.634
657,train,4.1531,0.0317,13.75,0.0000,nan,4739,412.0,10.498,10.475
658,train,4.1821,0.0372,11.31,0.0000,nan,5215,412.5,6.640,6.619
659,train,3.9530,0.0511,10.93,0.0000,nan,4343,413.1,7.187,7.178
660,train,4.6306,0.0278,13.73,0.0000,nan,3813,413.7,11.695,11.689
661,train,4.5785,0.0092,15.05,0.0000,nan,4562,414.3,12.812,12.800
662,train,4.4335,0.0213,15.05,0.0000,nan,4081,414.9,11.067,11.060
663,train,4.6204,0.0378,14.01,0.0000,nan,4659,415.4,10.463,10.460
664,train,4.9259,0.0210,16.60,0.0000,nan,4098,416.0,13.179,13.151
665,train,4.2715,0.0090,12.58,0.0000,nan,4356,416.6,9.418,9.378
666,train,4.4030,0.0063,14.39,0.0000,nan,3992,417.2,11.412,11.383
667,train,4.5703,0.0102,15.87,0.0000,nan,3823,417.7,11.266,11.256
668,train,4.7543,0.0055,17.56,0.0000,nan,4929,418.3,14.832,14.819
669,train,4.2877,0.1316,10.70,0.0000,nan,4824,418.9,9.255,9.251
670,train,4.4566,0.0515,12.92,0.0000,nan,4854,419.5,10.111,10.104
671,train,4.2904,0.0388,11.45,0.0000,nan,4927,420.1,9.175,9.160
672,train,3.7771,0.0616,9.72,0.0000,nan,4044,420.6,6.441,6.379
673,train,4.4525,0.0334,13.63,0.0000,nan,4133,421.2,11.934,11.924
674,train,4.8672,0.0078,14.79,0.0000,nan,3701,421.8,14.099,14.066
675,train,4.3873,0.0503,15.71,0.0000,nan,4256,422.4,13.350,13.337
676,train,4.3967,0.0238,11.96,0.0000,nan,5005,423.0,8.917,8.914
677,train,3.9891,0.0496,8.59,0.0000,nan,4338,423.5,7.427,7.374
678,train,4.3666,0.0098,10.89,0.0000,nan,4471,424.1,10.083,10.075
679,train,3.8930,0.0863,7.62,0.0000,nan,3939,424.7,3.248,3.246
680,train,4.0172,0.0885,9.47,0.0000,nan,4293,425.3,6.786,6.681
681,train,4.8718,0.0118,15.51,0.0000,nan,4239,425.8,13.253,13.245
682,train,3.6679,0.0464,7.76,0.0000,nan,4566,426.4,4.654,4.628
683,train,4.5698,0.0177,14.38,0.0000,nan,4344,427.0,11.437,11.425
684,train,3.8865,0.0826,8.69,0.0000,nan,4300,427.6,5.719,5.642
685,train,4.7005,0.0487,15.73,0.0000,nan,4965,428.2,14.215,14.198
686,train,4.4673,0.0057,14.03,0.0000,nan,4381,428.7,12.743,12.739
687,train,4.7488,0.0294,16.15,0.0000,nan,4892,429.3,12.618,12.608
688,train,4.0124,0.1098,13.26,0.0000,nan,4582,429.9,11.408,11.262
689,train,4.4132,0.0198,12.35,0.0000,nan,3993,430.5,9.480,9.463
690,train,4.3750,0.1043,13.51,0.0000,nan,4209,431.1,10.466,10.461
691,train,4.2125,0.1147,11.74,0.0000,nan,4256,431.6,10.526,10.516
692,train,4.3874,0.0499,16.06,0.0000,nan,4588,432.2,13.673,13.665
693,train,4.2586,0.0343,10.45,0.0000,nan,4082,432.8,7.173,7.170
694,train,4.0130,0.0270,11.03,0.0000,nan,4216,433.4,8.436,8.411
695,train,4.2115,0.0286,11.23,0.0000,nan,4405,433.9,7.950,7.923
696,train,3.8275,0.0588,7.64,0.0000,nan,4561,434.5,5.486,5.473
697,train,4.2963,0.0429,11.18,0.0000,nan,4891,435.1,10.069,10.055
698,train,4.5525,0.0517,13.33,0.0000,nan,4413,435.7,11.319,11.310
699,train,5.0882,0.0192,16.01,0.0000,nan,4540,436.2,12.748,12.735
700,train,4.4104,0.0347,13.01,0.0000,nan,4547,436.8,11.083,11.072
701,train,4.7555,0.0483,14.74,0.0000,nan,5295,437.4,10.706,10.668
702,train,4.5569,0.0093,14.41,0.0000,nan,4421,438.0,12.288,12.283
703,train,3.6395,0.0808,7.90,0.0000,nan,4342,438.6,5.269,5.145
704,train,4.4965,0.0096,15.63,0.0000,nan,4778,439.1,11.084,11.009
705,train,4.3272,0.0084,14.34,0.0000,nan,4427,439.7,11.761,11.756
706,train,4.2012,0.0189,13.30,0.0000,nan,4873,440.3,10.605,10.597
707,train,4.0606,0.0392,11.01,0.0000,nan,4061,440.9,9.148,9.048
708,train,4.2887,0.0144,10.21,0.0000,nan,4572,441.5,9.263,9.256
709,train,4.4639,0.0040,14.79,0.0000,nan,4810,442.0,12.208,12.206
710,train,4.4568,0.0313,13.17,0.0000,nan,4214,442.6,11.460,11.442
711,train,4.2397,0.0123,14.27,0.0000,nan,4396,443.2,11.583,11.580
712,train,4.5463,0.0158,13.45,0.0000,nan,4873,443.8,11.484,11.468
713,train,4.7427,0.0295,13.51,0.0000,nan,3894,444.3,11.871,11.859
714,train,4.2369,0.0292,15.94,0.0000,nan,4146,444.9,12.692,12.673
715,train,4.7832,0.0054,16.77,0.0000,nan,4810,445.5,12.865,12.833
716,train,4.6613,0.0177,14.09,0.0000,nan,4622,446.1,11.495,11.458
717,train,4.7851,0.0027,20.13,0.0000,nan,4125,446.7,16.867,16.863
718,train,4.4096,0.0313,11.68,0.0000,nan,4125,447.2,10.091,10.086
719,train,4.0977,0.0689,11.39,0.0000,nan,4110,447.8,9.093,9.087
720,train,4.3300,0.0099,16.41,0.0000,nan,4525,448.4,11.458,11.442
721,train,4.5934,0.0543,16.97,0.0000,nan,4035,449.0,15.511,15.501
722,train,3.9756,0.0184,9.30,0.0000,nan,4355,449.5,6.465,6.461
723,train,5.0369,0.0081,16.81,0.0000,nan,4214,450.1,14.882,14.875
724,train,5.0219,0.0103,15.41,0.0000,nan,4750,450.7,14.151,14.146
725,train,4.5179,0.0144,14.66,0.0000,nan,4583,451.3,11.557,11.540
726,train,4.5343,0.0361,14.02,0.0000,nan,4103,451.9,11.780,11.767
727,train,4.1726,0.0239,10.99,0.0000,nan,4391,452.4,8.185,8.176
728,train,3.9547,0.0775,8.88,0.0000,nan,3856,453.0,7.497,7.491
729,train,4.7374,0.0054,15.40,0.0000,nan,4605,453.6,13.648,13.627
730,train,4.6794,0.0034,16.37,0.0000,nan,4123,454.2,12.584,12.566
731,train,3.8812,0.1769,9.56,0.0000,nan,4608,454.7,7.777,7.776
732,train,4.7061,0.0095,14.97,0.0000,nan,5135,455.3,12.306,12.295
733,train,4.2241,0.0916,11.80,0.0000,nan,4638,455.9,8.535,8.505
734,train,4.3853,0.0442,14.95,0.0000,nan,4936,456.5,11.994,11.980
735,train,4.2083,0.0417,12.26,0.0000,nan,5012,457.1,9.098,9.075
736,train,4.2720,0.0357,12.65,0.0000,nan,4960,457.6,9.358,9.281
737,train,4.6778,0.0214,13.76,0.0000,nan,4212,458.2,10.328,10.307
738,train,5.0837,0.0021,17.23,0.0000,nan,4247,458.8,14.235,14.230
739,train,3.7339,0.0915,8.35,0.0000,nan,3923,459.4,5.354,5.340
740,train,3.8988,0.0823,9.21,0.0000,nan,3866,459.9,5.358,5.129
741,train,5.0425,0.0697,19.29,0.0000,nan,4373,460.5,15.904,15.893
742,train,4.5976,0.0527,15.84,0.0000,nan,4634,461.1,13.028,12.905
743,train,3.8026,0.0616,11.29,0.0000,nan,4305,461.7,9.370,9.332
744,train,4.7458,0.0665,13.65,0.0000,nan,4555,462.3,11.948,11.893
745,train,4.3430,0.0129,17.56,0.0000,nan,4569,462.8,12.077,12.053
746,train,4.2378,0.0603,14.84,0.0000,nan,4314,463.4,10.288,10.272
747,train,4.4438,0.0433,14.94,0.0000,nan,4644,464.0,13.104,13.100
748,train,3.7726,0.0414,7.84,0.0000,nan,4033,464.6,4.981,4.953
749,train,4.1939,0.0357,11.32,0.0000,nan,4565,465.1,6.943,6.909
750,train,3.9938,0.0182,9.48,0.0000,nan,3843,465.7,5.816,5.768
751,train,4.4300,0.0048,12.05,0.0000,nan,4380,466.3,9.843,9.838
752,train,4.0611,0.0861,8.98,0.0000,nan,4760,466.9,4.453,4.220
753,train,4.4915,0.0631,13.81,0.0000,nan,4724,467.5,11.903,11.878
754,train,4.2664,0.0582,10.23,0.0000,nan,4487,468.0,5.585,5.576
755,train,4.1329,0.0705,10.89,0.0000,nan,4438,468.6,9.589,9.565
756,train,4.5885,0.0527,13.73,0.0000,nan,4554,469.2,11.332,11.318
757,train,4.4385,0.0463,13.41,0.0000,nan,4235,469.8,12.459,12.431
758,train,4.7908,0.0307,15.92,0.0000,nan,4531,470.3,13.583,13.549
759,train,4.9768,0.0121,15.63,0.0000,nan,4711,470.9,14.004,13.898
760,train,4.3728,0.0234,9.70,0.0000,nan,4793,471.5,7.452,7.438
761,train,4.5577,0.0205,13.37,0.0000,nan,4236,472.1,11.787,11.767
762,train,4.3989,0.0525,12.60,0.0000,nan,4689,472.7,11.161,11.160
763,train,4.4021,0.0824,10.34,0.0000,nan,4124,473.2,7.917,7.883
764,train,4.4782,0.0371,12.62,0.0000,nan,4422,473.8,9.554,9.538
765,train,4.2362,0.0226,11.96,0.0000,nan,4950,474.4,10.038,10.020
766,train,4.5052,0.0594,13.40,0.0000,nan,4697,475.0,11.786,11.769
767,train,4.3407,0.0644,14.66,0.0000,nan,4174,475.6,11.178,11.172
768,train,4.1697,0.0354,13.22,0.0000,nan,4374,476.1,9.256,9.236
769,train,4.5501,0.0217,15.13,0.0000,nan,4092,476.7,11.994,11.986
770,train,4.2577,0.0164,10.49,0.0000,nan,4335,477.3,7.082,7.057
771,train,4.5215,0.0671,13.47,0.0000,nan,4532,477.9,9.570,9.552
772,train,4.2610,0.0438,12.01,0.0000,nan,5074,478.4,6.905,6.866
773,train,3.7943,0.0849,10.11,0.0000,nan,4086,479.0,8.333,8.316
774,train,4.4226,0.0243,15.56,0.0000,nan,4941,479.6,12.549,12.545
775,train,4.3433,0.0268,10.91,0.0000,nan,4252,480.2,7.289,7.268
776,train,4.6365,0.0280,16.51,0.0000,nan,5001,480.8,14.238,14.236
777,train,4.0387,0.0312,11.24,0.0000,nan,4492,481.3,8.111,8.091
778,train,4.6670,0.0205,15.34,0.0000,nan,5500,481.9,13.107,13.100
779,train,4.4154,0.0333,16.73,0.0000,nan,4410,482.5,15.249,15.231
780,train,5.7665,0.0009,24.60,0.0000,nan,4409,483.1,22.289,22.203
781,train,4.3254,0.1138,14.44,0.0000,nan,3956,483.6,10.391,10.383
782,train,4.4051,0.0920,13.26,0.0000,nan,5173,484.2,12.324,12.308
783,train,4.1901,0.0439,12.50,0.0000,nan,3917,484.8,10.808,10.530
784,train,3.9839,0.0888,13.08,0.0000,nan,4641,485.4,11.723,11.717
785,train,4.3486,0.0186,14.11,0.0000,nan,4674,486.0,11.511,11.455
786,train,4.4053,0.0185,13.99,0.0000,nan,4871,486.5,12.059,12.041
787,train,4.7373,0.0359,18.66,0.0000,nan,5158,487.1,14.214,14.204
788,train,4.1529,0.0392,10.69,0.0000,nan,4516,487.7,9.506,9.477
789,train,3.7655,0.0372,8.66,0.0000,nan,4403,488.3,5.630,5.592
790,train,3.4949,0.0802,6.80,0.0000,nan,4316,488.9,3.307,3.298
791,train,4.5022,0.0119,14.45,0.0000,nan,4866,489.4,12.510,12.507
792,train,4.0687,0.0754,13.19,0.0000,nan,4512,490.0,8.356,8.292
793,train,3.9584,0.0438,10.75,0.0000,nan,4814,490.6,9.207,9.194
794,train,4.4964,0.0708,12.80,0.0000,nan,4096,491.2,10.030,10.025
795,train,4.1530,0.0307,10.01,0.0000,nan,4437,491.8,7.390,7.383
796,train,4.3660,0.0195,10.82,0.0000,nan,4619,492.3,9.736,9.728
797,train,4.2526,0.0561,10.45,0.0000,nan,4172,492.9,8.347,8.343
798,train,3.9028,0.0590,10.42,0.0000,nan,4409,493.5,8.795,8.739
799,train,5.2426,0.0308,15.68,0.0000,nan,4547,494.1,13.203,13.178
800,train,4.2695,0.0497,9.90,0.0000,nan,4608,494.6,9.097,9.085
801,train,5.5359,0.0025,18.55,0.0000,nan,4757,495.2,16.417,16.404
802,train,3.6941,0.0841,7.99,0.0000,nan,4913,495.8,5.332,5.329
803,train,3.7901,0.0607,8.23,0.0000,nan,4978,496.4,5.444,5.391
804,train,4.3132,0.0203,11.79,0.0000,nan,4782,497.0,8.701,8.686
805,train,4.3568,0.0597,10.71,0.0000,nan,4956,497.5,8.498,8.488
806,train,5.2970,0.0043,25.79,0.0000,nan,4141,498.1,22.611,22.512
807,train,4.5314,0.0499,12.99,0.0000,nan,5095,498.7,11.568,11.553
808,train,4.5654,0.0292,14.89,0.0000,nan,4422,499.3,12.140,12.140
809,train,4.4542,0.0382,15.05,0.0000,nan,3975,499.9,12.403,12.389
810,train,4.6792,0.0294,14.41,0.0000,nan,4361,500.4,10.744,10.704
811,train,4.1823,0.0651,11.25,0.0000,nan,4684,501.0,10.230,10.225
812,train,5.0707,0.0096,20.81,0.0000,nan,4780,501.6,16.973,16.879
813,train,4.7994,0.0159,14.51,0.0000,nan,4097,502.2,11.748,11.737
814,train,3.5662,0.0689,8.25,0.0000,nan,4134,502.7,4.753,4.603
815,train,4.4708,0.0217,15.50,0.0000,nan,4506,503.3,10.614,10.565
816,train,5.2572,0.0143,20.58,0.0000,nan,4414,503.9,18.459,18.380
817,train,4.2661,0.0367,12.58,0.0000,nan,4036,504.5,9.433,9.420
818,train,4.4148,0.0256,16.92,0.0000,nan,4213,505.1,15.566,15.559
819,train,4.2802,0.0189,12.43,0.0000,nan,4820,505.6,11.022,11.002
820,train,4.3452,0.0407,12.54,0.0000,nan,4772,506.2,10.228,10.199
821,train,4.6302,0.0106,15.82,0.0000,nan,4714,506.8,14.341,14.316
822,train,4.7827,0.0372,16.65,0.0000,nan,4891,507.4,15.394,15.375
823,train,4.2210,0.0382,11.12,0.0000,nan,4552,508.0,9.918,9.884
824,train,4.3619,0.0295,16.30,0.0000,nan,4138,508.5,15.412,15.405
825,train,4.4621,0.0677,16.50,0.0000,nan,4698,509.1,13.976,13.931
826,train,5.7125,0.0007,18.93,0.0000,nan,4584,509.7,17.595,17.594
827,train,4.6558,0.0105,15.65,0.0000,nan,5036,510.3,11.123,11.101
828,train,4.2944,0.0212,11.84,0.0000,nan,3828,510.8,10.410,10.404
829,train,3.9529,0.0856,10.72,0.0000,nan,4207,511.4,8.158,8.117
830,train,4.7492,0.0250,15.83,0.0000,nan,5443,512.0,13.566,13.561
831,train,4.5307,0.0115,11.91,0.0000,nan,4948,512.6,8.945,8.830
832,train,4.1661,0.0703,12.59,0.0000,nan,4439,513.2,8.715,8.689
833,train,4.4207,0.0330,13.14,0.0000,nan,4973,513.7,11.628,11.625
834,train,4.7964,0.0064,16.80,0.0000,nan,4655,514.3,14.082,14.073
835,train,4.7764,0.0087,15.39,0.0000,nan,4580,514.9,10.275,10.272
836,train,4.3828,0.0305,12.96,0.0000,nan,4389,515.5,10.154,10.150
837,train,4.0220,0.0577,9.74,0.0000,nan,4090,516.0,7.797,7.749
838,train,4.2982,0.0222,11.90,0.0000,nan,5100,516.6,9.107,9.095
839,train,4.4967,0.0239,10.36,0.0000,nan,4567,517.2,8.585,8.552
840,train,4.0838,0.0500,11.55,0.0000,nan,4240,517.8,8.031,8.002
841,train,5.2289,0.0053,23.66,0.0000,nan,4553,518.4,20.547,20.522
842,train,5.4246,0.0009,21.15,0.0000,nan,4620,518.9,19.037,19.035
843,train,4.4288,0.0295,13.24,0.0000,nan,5460,519.5,12.547,12.527
844,train,4.7116,0.0339,14.57,0.0000,nan,4538,520.1,12.385,12.381
845,train,3.6106,0.0986,7.24,0.0000,nan,4149,520.7,5.065,5.056
846,train,3.8485,0.0769,8.27,0.0000,nan,5330,521.3,4.088,4.065
847,train,3.7814,0.0844,11.06,0.0000,nan,4358,521.8,7.062,6.950
848,train,4.0111,0.0488,10.17,0.0000,nan,4340,522.4,7.042,7.033
849,train,4.2991,0.0397,11.90,0.0000,nan,4514,523.0,9.059,9.056
850,train,4.2587,0.0418,9.90,0.0000,nan,4140,523.6,7.303,7.293
851,train,4.5695,0.0367,10.34,0.0000,nan,4279,524.1,8.742,8.728
852,train,3.7134,0.0445,8.25,0.0000,nan,4540,524.7,4.933,4.929
853,train,3.9668,0.0291,9.48,0.0000,nan,3981,525.3,6.668,6.660
854,train,4.5007,0.0514,13.12,0.0000,nan,4186,525.9,10.526,10.505
855,train,5.0163,0.0102,14.95,0.0000,nan,4615,526.5,13.608,13.601
856,train,4.1860,0.0324,10.67,0.0000,nan,3860,527.0,9.339,9.307
857,train,5.1185,0.0072,14.49,0.0000,nan,4605,527.6,14.052,14.013
858,train,3.7413,0.0875,10.12,0.0000,nan,4161,528.2,7.437,7.431
859,train,4.4366,0.0188,12.24,0.0000,nan,4798,528.8,9.732,9.724
860,train,3.9497,0.0814,9.10,0.0000,nan,4325,529.3,6.813,6.765
861,train,4.5357,0.0088,14.13,0.0000,nan,4332,529.9,11.848,11.811
862,train,4.0731,0.0761,12.10,0.0000,nan,4298,530.5,8.753,8.703
863,train,3.5778,0.0754,7.93,0.0000,nan,4020,531.1,3.877,3.845
864,train,4.6273,0.0192,13.68,0.0000,nan,4364,531.7,11.409,11.308
865,train,4.1998,0.0562,11.26,0.0000,nan,4823,532.2,10.225,10.190
866,train,4.1172,0.0399,11.40,0.0000,nan,4563,532.8,9.209,9.205
867,train,3.7047,0.0546,8.33,0.0000,nan,4563,533.4,5.164,5.091
868,train,4.3936,0.0896,13.57,0.0000,nan,4999,534.0,10.628,10.600
869,train,4.4740,0.0125,11.96,0.0000,nan,4630,534.5,9.400,9.393
870,train,4.8213,0.0237,16.73,0.0000,nan,4426,535.1,14.595,14.588
871,train,3.7816,0.0519,8.56,0.0000,nan,4390,535.7,4.883,4.878
872,train,4.2895,0.0250,10.96,0.0000,nan,4518,536.3,10.197,10.177
873,train,4.3289,0.0239,13.58,0.0000,nan,4681,536.9,10.996,10.987
874,train,4.4115,0.0109,11.88,0.0000,nan,4398,537.4,9.194,9.190
875,train,4.5083,0.0093,11.95,0.0000,nan,4855,538.0,10.391,10.385
876,train,4.8388,0.0057,12.79,0.0000,nan,4058,538.6,12.012,12.002
877,train,3.7268,0.0977,8.43,0.0000,nan,4330,539.2,6.533,6.516
878,train,5.0699,0.0081,17.08,0.0000,nan,4462,539.7,15.603,15.594
879,train,4.8599,0.0056,14.06,0.0000,nan,4804,540.3,11.920,11.906
880,train,3.8716,0.0497,9.43,0.0000,nan,4224,540.9,7.880,7.860
881,train,4.2572,0.0230,11.21,0.0000,nan,4044,541.5,9.567,9.540
882,train,4.6390,0.0096,12.41,0.0000,nan,4806,542.1,10.156,10.138
883,train,4.9157,0.0283,16.17,0.0000,nan,4704,542.6,12.904,12.804
884,train,3.8637,0.0599,9.77,0.0000,nan,4405,543.2,7.961,7.930
885,train,4.2942,0.0405,12.37,0.0000,nan,3997,543.8,9.337,9.244
886,train,3.7638,0.0951,9.43,0.0000,nan,4259,544.4,8.098,8.080
887,train,4.6256,0.0707,12.66,0.0000,nan,4993,545.0,10.872,10.813
888,train,4.5631,0.0079,14.54,0.0000,nan,4170,545.5,12.129,12.086
889,train,4.8341,0.0170,14.53,0.0000,nan,5298,546.1,10.927,10.916
890,train,3.7682,0.0810,11.41,0.0000,nan,4990,546.7,8.264,7.800
891,train,4.5428,0.0126,12.94,0.0000,nan,5009,547.3,9.763,9.409
892,train,3.9411,0.0621,10.65,0.0000,nan,3979,547.8,9.620,9.614
893,train,3.9412,0.0654,9.21,0.0000,nan,5610,548.4,7.213,7.205
894,train,4.3660,0.0433,15.64,0.0000,nan,4456,549.0,13.111,13.102
895,train,4.7555,0.0088,15.72,0.0000,nan,3968,549.6,15.168,15.152
896,train,4.7117,0.0432,15.46,0.0000,nan,4972,550.2,11.323,11.306
897,train,4.0998,0.0128,11.71,0.0000,nan,4615,550.7,9.188,8.831
898,train,4.8574,0.0383,16.72,0.0000,nan,4311,551.3,14.943,14.935
899,train,3.2405,0.1981,6.93,0.0000,nan,4103,551.9,4.685,4.626
900,train,5.0486,0.0105,15.99,0.0000,nan,4553,552.5,14.231,14.227
901,train,4.5814,0.0404,14.52,0.0000,nan,3957,553.1,12.331,12.319
902,train,4.6184,0.0055,17.91,0.0000,nan,4768,553.6,14.325,14.244
903,train,4.7041,0.0498,16.61,0.0000,nan,4238,554.2,12.034,11.964
904,train,4.7227,0.0312,16.01,0.0000,nan,4456,554.8,12.033,12.018
905,train,4.0162,0.1340,9.24,0.0000,nan,3709,555.4,8.887,8.850
906,train,5.0387,0.0105,18.16,0.0000,nan,4590,555.9,15.315,15.310
907,train,4.2040,0.0664,13.31,0.0000,nan,5063,556.5,12.891,12.859
908,train,4.4887,0.0647,15.70,0.0000,nan,4685,557.1,13.315,13.279
909,train,4.2403,0.0508,12.61,0.0000,nan,4034,557.7,9.058,9.038
910,train,3.8071,0.1259,9.08,0.0000,nan,4463,558.3,7.169,7.156
911,train,4.3501,0.0825,12.73,0.0000,nan,4620,558.8,11.417,11.351
912,train,3.8215,0.0797,9.88,0.0000,nan,4853,559.4,7.475,7.421
913,train,3.2289,0.1278,6.07,0.0000,nan,4430,560.0,4.090,4.083
914,train,4.6495,0.0428,11.07,0.0000,nan,3836,560.6,10.108,10.099
915,train,5.0091,0.0074,18.79,0.0000,nan,5285,561.1,16.298,16.295
916,train,4.4457,0.0080,16.24,0.0000,nan,4474,561.7,13.500,13.496
917,train,3.9629,0.0367,12.69,0.0000,nan,4494,562.3,8.664,8.454
918,train,4.4240,0.0271,20.30,0.0000,nan,5095,562.9,17.945,17.931
919,train,3.4996,0.1062,9.06,0.0000,nan,4115,563.5,5.675,5.580
920,train,3.8127,0.0898,10.65,0.0000,nan,4378,564.0,7.930,7.923
921,train,4.8492,0.0086,15.91,0.0000,nan,4054,564.6,13.308,13.254
922,train,4.7213,0.0122,12.82,0.0000,nan,4760,565.2,9.978,9.960
923,train,5.3020,0.0138,15.62,0.0000,nan,3985,565.8,13.136,13.103
924,train,4.0364,0.0252,16.36,0.0000,nan,4206,566.3,12.519,12.222
925,train,5.1943,0.0499,15.42,0.0000,nan,4845,566.9,13.448,13.425
926,train,5.3504,0.0446,18.55,0.0000,nan,4780,567.5,15.328,15.315
927,train,4.2732,0.0167,14.88,0.0000,nan,4315,568.1,12.699,12.661
928,train,4.6184,0.0361,14.25,0.0000,nan,4549,568.7,13.457,13.447
929,train,4.5334,0.0259,15.05,0.0000,nan,4680,569.2,11.213,11.206
930,train,4.6428,0.0283,17.02,0.0000,nan,4068,569.8,14.026,14.006
931,train,5.2599,0.0020,18.58,0.0000,nan,4598,570.4,17.355,17.350
932,train,3.6069,0.0358,8.32,0.0000,nan,4718,571.0,4.571,4.542
933,train,4.2746,0.0464,15.05,0.0000,nan,4741,571.5,15.198,15.151
934,train,4.6609,0.0261,17.71,0.0000,nan,4480,572.1,15.302,15.292
935,train,4.2198,0.0605,9.78,0.0000,nan,4000,572.7,9.856,9.853
936,train,4.5591,0.0096,16.96,0.0000,nan,4879,573.3,12.302,12.241
937,train,4.2447,0.0318,13.71,0.0000,nan,4305,573.9,9.644,9.642
938,train,4.6551,0.0138,16.48,0.0000,nan,4282,574.4,13.252,13.208
939,train,4.4292,0.1186,13.55,0.0000,nan,4569,575.0,13.387,13.363
940,train,4.1917,0.0331,15.55,0.0000,nan,4075,575.6,12.806,12.787
941,train,3.9781,0.0938,11.92,0.0000,nan,4871,576.2,7.958,7.910
942,train,5.1555,0.0004,18.91,0.0000,nan,4474,576.8,14.454,14.439
943,train,3.8201,0.0811,8.16,0.0000,nan,4318,577.3,6.809,6.757
944,train,4.0032,0.0305,13.59,0.0000,nan,4332,577.9,10.724,10.633
945,train,4.0235,0.0845,9.97,0.0000,nan,4792,578.5,6.955,6.600
946,train,3.7533,0.0879,9.43,0.0000,nan,4507,579.1,6.205,6.134
947,train,4.0366,0.0653,9.82,0.0000,nan,4042,579.6,6.784,6.767
948,train,4.5838,0.0049,13.66,0.0000,nan,3841,580.2,12.321,12.309
949,train,4.1917,0.0043,14.37,0.0000,nan,4828,580.8,11.844,11.832
950,train,4.7061,0.0274,15.01,0.0000,nan,4642,581.4,12.264,12.246
951,train,4.2355,0.1145,10.52,0.0000,nan,5256,582.0,9.497,9.493
952,train,4.4421,0.0216,11.30,0.0000,nan,4860,582.5,9.778,9.767
953,train,5.0339,0.0093,17.82,0.0000,nan,4523,583.1,14.910,14.904
954,train,5.0484,0.0915,19.18,0.0000,nan,3770,583.7,19.014,18.980
955,train,6.1900,0.0004,22.79,0.0000,nan,5017,584.3,20.612,20.601
956,train,3.3505,0.1184,7.64,0.0000,nan,4543,584.8,5.785,5.775
957,train,3.8449,0.0294,9.70,0.0000,nan,3979,585.4,5.921,5.902
958,train,4.8736,0.0142,15.61,0.0000,nan,5291,586.0,13.262,13.259
959,train,4.0888,0.1010,11.84,0.0000,nan,4505,586.6,9.047,9.039
960,train,4.1604,0.0130,10.75,0.0000,nan,4388,587.2,10.397,10.390
961,train,3.3134,0.1243,6.90,0.0000,nan,4112,587.7,4.488,4.481
962,train,4.4460,0.0700,11.53,0.0000,nan,4554,588.3,11.094,11.083
963,train,3.8113,0.0781,9.99,0.0000,nan,4393,588.9,7.517,7.512
964,train,4.7912,0.0251,15.49,0.0000,nan,4859,589.5,12.340,12.196
965,train,4.4316,0.0241,13.41,0.0000,nan,4186,590.0,10.196,10.193
966,train,3.5314,0.2129,7.02,0.0000,nan,4608,590.6,5.135,4.966
967,train,3.6560,0.1513,10.11,0.0000,nan,4575,591.2,6.003,5.976
968,train,4.0969,0.0412,11.35,0.0000,nan,3879,591.8,8.921,8.864
969,train,4.0955,0.0644,8.36,0.0000,nan,5019,592.4,7.445,7.442
970,train,4.2586,0.0338,17.64,0.0000,nan,4558,592.9,11.592,11.376
971,train,4.1331,0.0390,8.92,0.0000,nan,4920,593.5,6.427,6.421
972,train,4.4253,0.0496,17.49,0.0000,nan,4803,594.1,13.250,13.239
973,train,3.8136,0.0965,8.30,0.0000,nan,4343,594.7,5.931,5.920
974,train,3.7327,0.0623,7.76,0.0000,nan,4748,595.2,3.933,3.925
975,train,3.7774,0.0619,10.09,0.0000,nan,4236,595.8,8.525,8.516
976,train,3.9802,0.0181,11.15,0.0000,nan,4200,596.4,9.368,9.357
977,train,5.2649,0.0041,14.36,0.0000,nan,4119,597.0,13.611,13.606
978,train,3.7542,0.1345,9.97,0.0000,nan,4148,597.6,7.284,7.221
979,train,3.9073,0.0779,10.45,0.0000,nan,5481,598.1,7.871,7.610
980,train,3.4462,0.1344,6.91,0.0000,nan,4309,598.7,4.091,4.020
981,train,4.4024,0.0681,13.52,0.0000,nan,5537,599.3,10.312,10.302
982,train,4.0912,0.0881,11.27,0.0000,nan,5927,599.9,8.192,8.188
983,train,3.5719,0.0516,9.87,0.0000,nan,4612,600.5,6.626,6.553
984,train,3.9595,0.0476,11.39,0.0000,nan,3949,601.0,10.993,10.864
985,train,3.3753,0.1021,8.70,0.0000,nan,4593,601.6,4.706,4.581
986,train,3.5542,0.1544,9.45,0.0000,nan,4593,602.2,4.737,4.691
987,train,4.4374,0.0681,12.40,0.0000,nan,4508,602.8,10.231,10.225
988,train,4.5154,0.0567,18.22,0.0000,nan,5323,603.3,14.318,14.290
989,train,3.7592,0.0499,8.03,0.0000,nan,4432,603.9,3.355,3.350
990,train,4.9227,0.0056,21.07,0.0000,nan,4133,604.5,17.345,17.343
991,train,5.0024,0.0225,15.07,0.0000,nan,4137,605.1,12.593,12.584
992,train,3.7206,0.0714,8.18,0.0000,nan,3837,605.7,5.388,5.381
993,train,4.3548,0.0123,11.40,0.0000,nan,3819,606.2,10.373,10.371
994,train,4.5754,0.0794,16.48,0.0000,nan,4483,606.8,14.208,14.195
995,train,3.7133,0.0766,12.68,0.0000,nan,5289,607.4,9.063,8.993
996,train,4.0916,0.0325,10.53,0.0000,nan,4773,608.0,7.567,7.562
997,train,3.3169,0.0963,6.77,0.0000,nan,4746,608.5,4.380,4.259
998,train,3.6853,0.0277,8.83,0.0000,nan,4440,609.1,6.583,6.554
999,train,4.4344,0.0349,16.18,0.0000,nan,4039,609.7,13.231,13.228
1000,train,4.4413,0.0176,13.64,0.0000,nan,4543,610.3,9.753,9.746
1000,val,4.1722,0.0571,12.24,0.0000,0.00,222066,637.7,9.618,9.603
1001,train,3.9465,0.0983,11.91,0.0000,nan,4508,638.9,9.479,9.447
1002,train,4.4515,0.0360,15.78,0.0000,nan,4505,639.5,11.370,11.357
1003,train,4.3811,0.0227,13.85,0.0000,nan,5101,640.1,9.042,9.019
1004,train,4.0024,0.0483,10.72,0.0000,nan,4764,640.6,8.312,8.285
1005,train,4.5370,0.0143,15.38,0.0000,nan,5263,641.2,11.802,11.798
1006,train,4.5849,0.0098,13.36,0.0000,nan,5423,641.8,10.228,10.193
1007,train,3.6046,0.0538,9.90,0.0000,nan,4290,642.4,7.126,7.113
1008,train,4.0033,0.1212,10.47,0.0000,nan,4603,642.9,8.543,8.520
1009,train,4.9376,0.0084,16.24,0.0000,nan,4778,643.5,13.661,13.641
1010,train,5.2554,0.0102,20.34,0.0000,nan,4330,644.1,17.237,17.236
1011,train,3.9088,0.0969,10.81,0.0000,nan,3972,644.7,7.955,7.953
1012,train,3.9698,0.0354,8.69,0.0000,nan,4518,645.3,4.875,4.847
1013,train,5.0815,0.0222,16.37,0.0000,nan,5233,645.8,16.355,16.352
1014,train,4.7720,0.0128,14.40,0.0000,nan,4446,646.4,12.995,12.985
1015,train,4.3846,0.0653,15.14,0.0000,nan,4438,647.0,12.754,12.745
1016,train,3.9594,0.0342,11.78,0.0000,nan,4123,647.6,9.272,9.270
1017,train,4.5496,0.0050,12.66,0.0000,nan,4361,648.1,11.524,11.522
1018,train,4.4086,0.0840,14.62,0.0000,nan,4358,648.7,11.699,11.680
1019,train,4.2171,0.0430,15.73,0.0000,nan,4302,649.3,12.736,12.731
1020,train,3.9005,0.0628,10.01,0.0000,nan,4664,649.9,4.298,4.288
1021,train,4.4774,0.0414,15.37,0.0000,nan,4205,650.5,12.380,12.377
1022,train,4.2366,0.0605,14.30,0.0000,nan,4562,651.0,9.830,9.826
1023,train,4.0726,0.1033,9.07,0.0000,nan,4047,651.6,7.346,7.268
1024,train,4.3683,0.0145,15.59,0.0000,nan,4887,652.2,12.633,12.627
1025,train,4.1731,0.0589,12.02,0.0000,nan,4309,652.8,11.568,11.559
1026,train,3.9593,0.0703,12.03,0.0000,nan,4595,653.3,9.517,9.486
1027,train,3.5358,0.0853,6.89,0.0000,nan,4477,653.9,5.244,5.242
1028,train,4.0082,0.0285,9.72,0.0000,nan,4532,654.5,8.036,8.024
1029,train,3.9924,0.1127,9.02,0.0000,nan,4204,655.1,9.365,9.363
1030,train,4.9332,0.0051,20.53,0.0000,nan,4913,655.6,16.029,16.017
1031,train,4.4040,0.0626,11.88,0.0000,nan,4108,656.2,8.475,8.473
1032,train,3.6718,0.1081,8.42,0.0000,nan,5021,656.8,6.693,6.689
1033,train,4.3374,0.0754,14.27,0.0000,nan,4933,657.4,11.715,11.711
1034,train,4.4492,0.0503,14.44,0.0000,nan,4431,658.0,11.241,11.227
1035,train,4.6882,0.0085,22.74,0.0000,nan,4453,658.5,21.052,21.042
1036,train,5.0290,0.0099,17.88,0.0000,nan,4956,659.1,14.071,14.068
1037,train,4.0665,0.0180,13.56,0.0000,nan,4272,659.7,11.223,11.169
1038,train,4.0817,0.1306,13.08,0.0000,nan,3981,660.3,11.663,11.645
1039,train,4.0555,0.0373,15.10,0.0000,nan,4125,660.8,13.841,13.827
1040,train,3.9396,0.0414,11.99,0.0000,nan,4614,661.4,8.278,8.276
1041,train,3.9614,0.0722,11.89,0.0000,nan,4694,662.0,8.585,8.578
1042,train,3.7137,0.0838,8.58,0.0000,nan,5084,662.6,4.402,4.200
1043,train,4.0437,0.0380,11.99,0.0000,nan,5100,663.2,9.844,9.829
1044,train,4.9233,0.0039,20.65,0.0000,nan,4668,663.7,18.557,18.550
1045,train,4.2220,0.0515,12.79,0.0000,nan,4718,664.3,9.816,9.804
1046,train,3.8849,0.0547,16.00,0.0000,nan,4678,664.9,10.688,10.570
1047,train,4.8307,0.0261,19.30,0.0000,nan,4144,665.5,17.511,17.496
1048,train,4.6685,0.0062,17.71,0.0000,nan,4213,666.0,12.974,12.914
1049,train,3.7602,0.0638,9.40,0.0000,nan,3905,666.6,7.058,7.045
1050,train,5.1833,0.0032,21.83,0.0000,nan,4719,667.2,19.541,19.537
1051,train,4.8089,0.0500,13.23,0.0000,nan,4324,667.8,12.534,12.523
1052,train,4.4132,0.0346,16.73,0.0000,nan,4647,668.4,13.677,13.666
1053,train,4.3198,0.0116,12.53,0.0000,nan,3978,668.9,8.797,8.789
1054,train,4.8591,0.0210,17.51,0.0000,nan,4609,669.5,15.764,15.758
1055,train,4.9842,0.0092,16.05,0.0000,nan,4891,670.1,14.182,14.179
1056,train,4.1286,0.0490,12.37,0.0000,nan,3979,670.7,8.924,8.918
1057,train,3.7657,0.0404,10.59,0.0000,nan,4080,671.2,7.234,7.227
1058,train,4.3148,0.0131,12.36,0.0000,nan,4520,671.8,10.559,10.547
1059,train,4.5352,0.0429,15.33,0.0000,nan,4308,672.4,13.109,13.093
1060,train,4.3300,0.0484,12.92,0.0000,nan,4563,673.0,11.850,11.833
1061,train,4.5515,0.0889,13.03,0.0000,nan,4612,673.5,9.768,9.753
1062,train,4.3946,0.0465,12.87,0.0000,nan,4687,674.1,10.954,10.936
1063,train,4.4090,0.0180,14.07,0.0000,nan,4324,674.7,11.795,11.788
1064,train,4.2346,0.0453,11.26,0.0000,nan,4152,675.3,8.357,8.348
1065,train,3.8588,0.1126,8.58,0.0000,nan,4359,675.8,6.301,6.293
1066,train,5.1655,0.0117,20.32,0.0000,nan,5041,676.4,17.923,17.906
1067,train,4.6075,0.0151,16.74,0.0000,nan,4578,677.0,12.596,12.587
1068,train,4.0577,0.0721,11.45,0.0000,nan,5121,677.6,8.686,8.678
1069,train,3.9717,0.0624,12.96,0.0000,nan,4343,678.2,7.555,7.546
1070,train,3.8109,0.0675,10.69,0.0000,nan,4356,678.7,8.239,8.228
1071,train,4.2320,0.0907,9.87,0.0000,nan,4431,679.3,7.889,7.881
1072,train,3.9711,0.0471,11.13,0.0000,nan,4118,679.9,8.603,8.562
1073,train,4.2686,0.0146,13.03,0.0000,nan,5054,680.5,10.146,10.139
1074,train,3.5929,0.0996,10.31,0.0000,nan,4407,681.0,8.338,8.324
1075,train,3.8243,0.0366,10.91,0.0000,nan,4047,681.6,9.445,9.435
1076,train,3.7621,0.0830,9.84,0.0000,nan,4191,682.2,7.327,7.276
1077,train,4.0980,0.0428,10.24,0.0000,nan,4602,682.8,7.671,7.636
1078,train,4.0439,0.0780,12.36,0.0000,nan,4705,683.4,9.278,9.268
1079,train,4.0199,0.0414,11.06,0.0000,nan,4498,683.9,7.462,7.440
1080,train,3.8297,0.1007,12.41,0.0000,nan,5252,684.5,10.160,10.139
1081,train,3.4284,0.0858,7.35,0.0000,nan,4524,685.2,5.062,5.060
1082,train,4.5394,0.0674,14.26,0.0000,nan,5030,685.7,9.974,9.920
1083,train,3.4322,0.0896,6.57,0.0000,nan,4578,686.3,3.604,3.578
1084,train,3.2749,0.1285,9.49,0.0000,nan,4187,686.9,6.915,6.876
1085,train,4.8650,0.0979,14.49,0.0000,nan,3893,687.5,12.616,12.609
1086,train,5.1772,0.0989,15.76,0.0000,nan,4359,688.1,14.581,14.515
1087,train,3.5882,0.0868,9.14,0.0000,nan,4376,688.6,7.391,7.372
1088,train,4.3437,0.0336,11.35,0.0000,nan,4226,689.2,11.306,11.290
1089,train,4.7769,0.0055,15.43,0.0000,nan,3805,689.8,10.582,10.520
1090,train,4.5680,0.0478,11.36,0.0000,nan,4119,690.4,9.937,9.861
1091,train,4.8695,0.0261,14.84,0.0000,nan,4334,690.9,11.591,11.582
1092,train,3.5995,0.0678,9.20,0.0000,nan,4171,691.5,8.368,8.332
1093,train,3.8204,0.0368,11.18,0.0000,nan,4320,692.1,10.612,10.499
1094,train,5.2922,0.0116,16.50,0.0000,nan,4928,692.7,14.424,14.413
1095,train,3.9814,0.0207,10.58,0.0000,nan,4496,693.2,8.315,8.314
1096,train,3.9614,0.0544,10.48,0.0000,nan,3896,693.8,8.607,8.606
1097,train,4.4171,0.0404,12.64,0.0000,nan,5443,694.4,9.430,9.419
1098,train,4.4432,0.0329,14.76,0.0000,nan,4653,695.0,12.634,12.605
1099,train,5.1109,0.0075,17.42,0.0000,nan,4653,695.6,17.425,17.414
1100,train,4.6076,0.0130,15.77,0.0000,nan,4863,696.1,13.168,13.160
1101,train,3.5374,0.0710,8.22,0.0000,nan,4083,696.7,4.662,4.661
1102,train,4.4093,0.0054,14.14,0.0000,nan,4427,697.3,10.656,10.654
1103,train,4.3498,0.0160,14.11,0.0000,nan,4436,697.9,10.864,10.810
1104,train,3.3892,0.1412,9.96,0.0000,nan,4129,698.4,8.238,8.223
1105,train,3.5149,0.1394,9.52,0.0000,nan,3967,699.0,6.548,6.527
1106,train,4.9176,0.0119,13.26,0.0000,nan,4705,699.6,11.756,11.745
1107,train,5.3593,0.0132,14.35,0.0000,nan,4706,700.2,13.560,13.555
1108,train,4.1909,0.0502,15.45,0.0000,nan,4938,700.7,12.433,12.395
1109,train,4.7766,0.0308,17.59,0.0000,nan,4252,701.3,15.888,15.879
1110,train,4.6860,0.0108,14.96,0.0000,nan,5183,701.9,13.417,13.410
1111,train,3.4821,0.1098,7.42,0.0000,nan,4517,702.5,4.276,4.269
1112,train,4.0870,0.0464,10.22,0.0000,nan,4524,703.1,6.801,6.785
1113,train,3.7440,0.0519,7.44,0.0000,nan,4255,703.6,4.711,4.696
1114,train,4.4274,0.0530,12.59,0.0000,nan,4678,704.2,10.732,10.722
1115,train,4.1950,0.0923,15.33,0.0000,nan,4678,704.8,12.150,12.127
1116,train,4.4226,0.0260,13.46,0.0000,nan,4157,705.4,10.933,10.926
1117,train,3.8520,0.0810,9.63,0.0000,nan,4928,705.9,7.901,7.895
1118,train,4.2591,0.0136,13.35,0.0000,nan,4327,706.5,11.352,11.350
1119,train,3.7090,0.0991,11.13,0.0000,nan,4993,707.1,8.405,8.389
1120,train,4.2084,0.0614,10.13,0.0000,nan,4379,707.7,8.125,8.118
1121,train,4.3485,0.0339,13.40,0.0000,nan,4920,708.3,10.522,10.511
1122,train,3.7014,0.1128,8.14,0.0000,nan,4531,708.8,5.721,5.698
1123,train,4.1812,0.0399,12.80,0.0000,nan,3889,709.4,11.157,11.155
1124,train,4.5453,0.0164,13.90,0.0000,nan,4384,710.0,11.375,11.346
1125,train,4.4897,0.0226,14.71,0.0000,nan,4418,710.6,12.197,12.190
1126,train,4.2408,0.0644,12.21,0.0000,nan,4614,711.1,10.065,9.971
1127,train,4.9223,0.0071,16.98,0.0000,nan,4490,711.7,13.416,13.410
1128,train,3.8629,0.1254,10.65,0.0000,nan,4552,712.3,7.552,7.535
1129,train,4.1103,0.0632,11.74,0.0000,nan,4258,712.9,9.426,9.425
1130,train,4.4740,0.0285,11.80,0.0000,nan,4346,713.4,8.905,8.878
1131,train,4.5732,0.0895,11.49,0.0000,nan,4590,714.0,10.037,10.033
1132,train,4.2253,0.0130,12.20,0.0000,nan,5012,714.6,10.044,10.028
1133,train,5.2108,0.0013,16.04,0.0000,nan,4751,715.2,13.939,13.938
1134,train,4.3389,0.0129,11.90,0.0000,nan,4424,715.8,8.666,8.660
1135,train,4.1701,0.0163,11.46,0.0000,nan,4045,716.3,10.920,10.917
1136,train,4.2450,0.0680,13.53,0.0000,nan,3927,716.9,11.813,11.783
1137,train,4.2052,0.0057,11.47,0.0000,nan,4545,717.5,9.813,9.797
1138,train,3.8879,0.0348,9.31,0.0000,nan,4566,718.1,6.097,6.090
1139,train,3.6554,0.0906,8.03,0.0000,nan,4204,718.6,4.784,4.779
1140,train,3.9367,0.0312,7.61,0.0000,nan,4771,719.2,6.665,6.660
1141,train,3.8387,0.0537,8.76,0.0000,nan,4974,719.8,6.477,6.416
1142,train,3.6816,0.0498,8.88,0.0000,nan,4841,720.4,7.713,7.710
1143,train,3.8039,0.1513,9.41,0.0000,nan,3947,721.0,8.593,8.589
1144,train,4.9269,0.0169,13.10,0.0000,nan,4849,721.5,11.813,11.810
1145,train,4.1269,0.0251,12.07,0.0000,nan,4624,722.1,7.962,7.957
1146,train,3.4495,0.1551,7.91,0.0000,nan,4267,722.7,7.485,7.471
1147,train,3.4333,0.0781,6.84,0.0000,nan,4902,723.3,4.113,4.106
1148,train,4.4685,0.0642,11.71,0.0000,nan,5078,723.9,10.798,10.759
1149,train,3.3732,0.1178,9.47,0.0000,nan,4365,724.4,7.620,7.597
1150,train,5.1249,0.0058,13.76,0.0000,nan,3979,725.0,13.193,13.191
1151,train,4.3365,0.0424,11.27,0.0000,nan,4125,725.6,9.965,9.940
1152,train,2.9230,0.2374,5.75,0.0000,nan,4482,726.2,4.059,4.000
1153,train,3.1336,0.1263,8.38,0.0000,nan,4481,726.7,6.456,6.427
1154,train,2.9015,0.1846,5.11,0.0000,nan,4150,727.3,2.630,2.620
1155,train,4.4639,0.0681,15.00,0.0000,nan,4717,727.9,11.195,11.150
1156,train,3.7744,0.0626,7.11,0.0000,nan,4409,728.5,5.721,5.706
1157,train,5.1970,0.0064,22.34,0.0000,nan,5038,729.1,19.660,19.655
1158,train,4.2547,0.0074,16.27,0.0000,nan,4757,729.6,11.756,11.747
1159,train,4.5034,0.0582,9.30,0.0000,nan,4710,730.2,7.230,7.224
1160,train,4.1799,0.0614,11.76,0.0000,nan,4220,730.8,10.069,10.048
1161,train,3.9469,0.0400,14.24,0.0000,nan,4395,731.4,13.535,13.532
1162,train,4.3019,0.0387,14.72,0.0000,nan,3929,731.9,12.930,12.927
1163,train,3.6552,0.0662,10.79,0.0000,nan,4349,732.5,7.813,7.751
1164,train,4.4186,0.0130,14.62,0.0000,nan,4092,733.1,13.374,13.370
1165,train,4.2569,0.0141,15.57,0.0000,nan,4183,733.7,12.975,12.961
1166,train,4.5082,0.0068,13.37,0.0000,nan,3974,734.3,12.045,12.041
1167,train,3.6750,0.0614,8.34,0.0000,nan,4171,734.8,6.393,6.374
1168,train,4.0243,0.0990,9.08,0.0000,nan,4396,735.4,8.597,8.582
1169,train,4.9210,0.0023,20.47,0.0000,nan,4758,736.0,16.498,16.497
1170,train,4.7526,0.0015,13.16,0.0000,nan,4677,736.6,9.737,9.732
1171,train,4.2583,0.0513,11.25,0.0000,nan,4482,737.1,8.683,8.661
1172,train,3.8804,0.1157,9.47,0.0000,nan,4193,737.7,6.239,6.235
1173,train,4.0463,0.0934,12.78,0.0000,nan,4605,738.3,8.344,8.335
1174,train,3.9353,0.0778,8.88,0.0000,nan,4920,738.9,6.881,6.879
1175,train,4.8341,0.0136,12.37,0.0000,nan,4124,739.4,13.086,13.065
1176,train,4.4275,0.0538,11.74,0.0000,nan,4556,740.0,9.718,9.715
1177,train,3.6396,0.1055,6.84,0.0000,nan,4730,740.6,5.818,5.812
1178,train,4.7972,0.0030,13.98,0.0000,nan,3726,741.2,11.947,11.896
1179,train,3.8042,0.0321,10.61,0.0000,nan,4491,741.8,7.119,7.099
1180,train,3.5177,0.1033,9.38,0.0000,nan,4588,742.3,7.784,7.769
1181,train,4.8181,0.0144,18.91,0.0000,nan,4792,742.9,14.061,14.047
1182,train,3.8646,0.0532,11.39,0.0000,nan,5071,743.5,9.772,9.767
1183,train,3.6081,0.0752,7.79,0.0000,nan,4522,744.1,5.389,5.387
1184,train,4.0626,0.1231,10.91,0.0000,nan,4184,744.7,10.491,10.431
1185,train,4.0791,0.0287,12.26,0.0000,nan,5022,745.2,11.758,11.750
1186,train,4.0050,0.0407,14.21,0.0000,nan,4056,745.8,11.939,11.926
1187,train,3.6856,0.2137,10.76,0.0000,nan,4637,746.4,8.406,8.371
1188,train,4.4966,0.0290,14.68,0.0000,nan,4685,747.0,12.374,12.324
1189,train,3.4659,0.1388,10.95,0.0000,nan,3969,747.5,10.506,10.489
1190,train,3.5055,0.1065,7.13,0.0000,nan,4252,748.1,4.068,4.025
1191,train,3.9973,0.0997,12.75,0.0000,nan,4111,748.7,9.895,9.876
1192,train,3.8647,0.0533,11.97,0.0000,nan,4429,749.3,9.167,9.152
1193,train,4.0997,0.0571,11.69,0.0000,nan,4186,749.8,8.816,8.807
1194,train,4.5520,0.0144,11.86,0.0000,nan,5017,750.4,10.858,10.851
1195,train,3.7861,0.0649,12.45,0.0000,nan,5237,751.0,8.970,8.966
1196,train,3.7350,0.0235,8.50,0.0000,nan,4641,751.6,4.818,4.811
1197,train,3.9052,0.0355,12.48,0.0000,nan,5012,752.2,9.093,9.091
1198,train,4.4697,0.0292,12.93,0.0000,nan,4862,752.7,11.707,11.704
1199,train,4.5532,0.0203,15.81,0.0000,nan,4527,753.3,12.412,12.387
1200,train,3.9700,0.0884,9.88,0.0000,nan,4741,753.9,7.390,7.368
1201,train,4.0280,0.0298,8.98,0.0000,nan,4695,754.5,6.897,6.885
1202,train,4.5405,0.0638,14.99,0.0000,nan,4344,755.1,11.905,11.890
1203,train,4.4474,0.0133,11.53,0.0000,nan,4131,755.6,10.337,10.334
1204,train,3.8835,0.0703,13.15,0.0000,nan,4011,756.2,11.442,11.431
1205,train,4.5237,0.0079,13.24,0.0000,nan,4191,756.8,11.128,11.127
1206,train,4.5421,0.0199,17.94,0.0000,nan,3869,757.4,13.662,13.657
1207,train,3.6124,0.0676,9.96,0.0000,nan,4716,757.9,7.615,7.606
1208,train,4.3687,0.0444,15.16,0.0000,nan,4908,758.5,12.090,12.042
1209,train,4.2471,0.0361,12.15,0.0000,nan,4880,759.1,9.580,9.549
1210,train,4.1311,0.0651,12.52,0.0000,nan,4335,759.7,11.789,11.784
1211,train,4.5104,0.0281,18.85,0.0000,nan,4593,760.2,14.920,14.887
1212,train,4.6670,0.0073,16.37,0.0000,nan,5326,760.8,14.597,14.586
1213,train,3.8325,0.0923,10.36,0.0000,nan,4819,761.4,7.777,7.732
1214,train,4.2094,0.0591,12.99,0.0000,nan,5210,762.0,10.629,10.617
1215,train,3.8234,0.0340,11.84,0.0000,nan,4853,762.6,7.101,7.012
1216,train,3.8483,0.0934,9.29,0.0000,nan,4217,763.1,6.189,6.152
1217,train,4.2060,0.0832,15.04,0.0000,nan,4421,763.7,11.984,11.789
1218,train,4.3754,0.0245,14.05,0.0000,nan,4657,764.3,13.665,13.620
1219,train,3.7113,0.0753,8.04,0.0000,nan,5391,764.9,4.107,4.072
1220,train,3.8650,0.0965,8.88,0.0000,nan,4684,765.4,6.033,6.028
1221,train,4.1869,0.0504,9.56,0.0000,nan,4010,766.0,8.617,8.614
1222,train,5.2369,0.0034,15.60,0.0000,nan,3781,766.6,12.305,12.301
1223,train,4.1274,0.1194,14.85,0.0000,nan,4238,767.2,10.899,10.881
1224,train,4.1881,0.0535,12.09,0.0000,nan,4489,767.8,8.587,8.572
1225,train,3.9876,0.0146,10.35,0.0000,nan,4647,768.3,7.059,7.057
1226,train,5.2926,0.0048,17.76,0.0000,nan,3936,768.9,16.394,16.386
1227,train,3.9211,0.0759,9.07,0.0000,nan,4373,769.5,7.469,7.464
1228,train,3.6352,0.1088,8.68,0.0000,nan,5347,770.1,4.950,4.920
1229,train,4.7077,0.0176,14.56,0.0000,nan,4437,770.6,13.641,13.636
1230,train,5.2347,0.0232,16.18,0.0000,nan,5518,771.2,14.060,14.048
1231,train,3.8284,0.0651,9.64,0.0000,nan,5009,771.8,7.022,7.016
1232,train,4.9396,0.0035,15.01,0.0000,nan,4306,772.4,12.767,12.755
1233,train,3.9265,0.0854,12.55,0.0000,nan,5174,773.0,9.215,9.212
1234,train,4.3148,0.0170,11.40,0.0000,nan,4519,773.5,9.736,9.732
1235,train,4.2985,0.0358,15.37,0.0000,nan,4636,774.1,12.724,12.720
1236,train,3.8821,0.1333,12.95,0.0000,nan,4463,774.7,9.004,8.950
1237,train,3.8434,0.0218,10.08,0.0000,nan,4671,775.3,9.349,9.347
1238,train,3.8163,0.0579,9.10,0.0000,nan,4610,775.8,8.308,8.264
1239,train,3.6047,0.0840,8.09,0.0000,nan,4609,776.4,5.154,5.149
1240,train,3.5412,0.0554,7.55,0.0000,nan,4895,777.0,6.607,6.593
1241,train,3.3649,0.1714,6.84,0.0000,nan,4206,777.6,4.284,4.222
1242,train,3.8755,0.0753,13.41,0.0000,nan,4300,778.2,9.503,9.493
1243,train,4.1563,0.0319,10.63,0.0000,nan,4104,778.7,8.503,8.493
1244,train,4.5450,0.0340,17.45,0.0000,nan,4085,779.3,15.452,15.437
1245,train,3.6727,0.0557,10.08,0.0000,nan,4097,779.9,6.138,6.132
1246,train,4.6233,0.0183,14.38,0.0000,nan,4217,780.5,11.771,11.768
1247,train,4.6480,0.0845,11.88,0.0000,nan,4025,781.0,9.649,9.601
1248,train,2.9423,0.1257,5.03,0.0000,nan,4207,781.6,3.758,3.755
1249,train,4.2546,0.0052,11.91,0.0000,nan,5351,782.2,9.544,9.543
1250,train,3.9577,0.0422,12.32,0.0000,nan,4667,782.8,9.500,9.404
1251,train,4.0537,0.0299,11.13,0.0000,nan,4246,783.3,8.844,8.841
1252,train,4.6052,0.0209,13.70,0.0000,nan,4497,783.9,10.447,10.410
1253,train,3.3450,0.1101,8.24,0.0000,nan,4686,784.5,6.101,6.048
1254,train,3.8380,0.0979,8.91,0.0000,nan,4485,785.1,4.494,4.485
1255,train,3.4062,0.0739,7.52,0.0000,nan,4440,785.7,5.347,5.328
1256,train,3.7440,0.1259,8.04,0.0000,nan,4393,786.2,3.409,3.364
1257,train,3.9309,0.0754,8.80,0.0000,nan,4175,786.8,6.636,6.633
1258,train,4.3856,0.0307,12.41,0.0000,nan,4404,787.4,8.994,8.987
1259,train,3.9868,0.0322,11.10,0.0000,nan,4314,788.0,9.478,9.468
1260,train,4.6355,0.0091,14.53,0.0000,nan,4489,788.5,12.999,12.995
1261,train,3.8734,0.0661,9.82,0.0000,nan,4869,789.1,6.296,6.277
1262,train,4.3988,0.0233,11.58,0.0000,nan,4244,789.7,8.531,8.519
1263,train,3.9545,0.0683,8.38,0.0000,nan,4258,790.3,5.830,5.804
1264,train,3.8350,0.1221,9.50,0.0000,nan,4325,790.9,8.633,8.619
1265,train,3.8460,0.0399,9.37,0.0000,nan,4532,791.4,6.646,6.621
1266,train,3.6754,0.0565,8.54,0.0000,nan,4582,792.0,6.056,6.052
1267,train,3.6879,0.0506,8.47,0.0000,nan,5084,792.6,7.314,7.305
1268,train,5.1756,0.0009,16.93,0.0000,nan,4639,793.2,15.968,15.958
1269,train,4.5388,0.0148,12.73,0.0000,nan,4184,793.7,10.785,10.780
1270,train,4.1652,0.0131,12.78,0.0000,nan,4647,794.3,8.972,8.947
1271,train,3.1386,0.2086,5.72,0.0000,nan,3830,794.9,4.991,4.985
1272,train,3.7057,0.1600,10.11,0.0000,nan,4230,795.5,9.263,9.260
1273,train,5.0039,0.0178,15.61,0.0000,nan,4712,796.0,13.637,13.622
1274,train,4.7443,0.0092,14.29,0.0000,nan,4024,796.6,15.285,15.282
1275,train,3.6952,0.0632,6.85,0.0000,nan,3990,797.2,4.362,4.324
1276,train,4.0714,0.0087,10.34,0.0000,nan,4713,797.8,6.418,6.416
1277,train,3.9682,0.0538,9.40,0.0000,nan,4800,798.4,6.329,6.301
1278,train,3.8014,0.0662,9.95,0.0000,nan,4307,798.9,8.581,8.569
1279,train,4.2208,0.0248,11.56,0.0000,nan,4548,799.5,10.227,10.203
1280,train,4.7638,0.0237,14.03,0.0000,nan,4635,800.1,12.835,12.819
1281,train,4.4546,0.0451,13.00,0.0000,nan,4415,800.7,12.444,12.429
1282,train,3.5130,0.0605,6.95,0.0000,nan,5005,801.2,3.991,3.709
1283,train,4.5255,0.0123,12.50,0.0000,nan,4795,801.8,11.946,11.942
1284,train,3.6769,0.0586,9.16,0.0000,nan,5099,802.4,6.457,6.420
1285,train,4.4660,0.0169,18.79,0.0000,nan,4255,803.0,15.765,15.761
1286,train,4.3942,0.1152,11.01,0.0000,nan,4714,803.6,9.168,9.157
1287,train,3.9580,0.0518,11.48,0.0000,nan,4249,804.1,8.404,8.390
1288,train,3.7989,0.0610,8.96,0.0000,nan,4818,804.7,7.354,7.353
1289,train,5.0242,0.0288,15.28,0.0000,nan,5170,805.3,14.205,14.203
1290,train,4.0674,0.0512,11.23,0.0000,nan,4652,805.9,7.018,6.998
1291,train,4.5754,0.0136,14.90,0.0000,nan,4278,806.4,13.853,13.841
1292,train,4.3962,0.0080,10.91,0.0000,nan,4758,807.0,7.119,7.051
1293,train,4.2641,0.0374,11.45,0.0000,nan,4623,807.6,10.736,10.729
1294,train,3.3948,0.1410,6.47,0.0000,nan,4617,808.2,4.484,4.475
1295,train,3.4794,0.0595,7.51,0.0000,nan,4367,808.8,4.600,4.521
1296,train,4.2627,0.0668,12.38,0.0000,nan,4326,809.3,9.444,9.440
1297,train,3.8181,0.1112,11.11,0.0000,nan,4713,809.9,8.386,8.370
1298,train,4.3733,0.0116,14.05,0.0000,nan,4993,810.5,10.917,10.916
1299,train,3.3448,0.1545,6.71,0.0000,nan,4499,811.1,2.945,2.930
1300,train,4.8278,0.0071,13.01,0.0000,nan,3927,811.6,11.601,11.591
1301,train,4.3096,0.0386,17.84,0.0000,nan,4771,812.2,14.558,14.544
1302,train,3.7336,0.0370,8.25,0.0000,nan,4248,812.8,6.180,6.147
1303,train,4.1203,0.0144,15.65,0.0000,nan,4433,813.4,10.038,9.929
1304,train,3.5390,0.0979,7.86,0.0000,nan,4464,813.9,4.015,3.994
1305,train,4.6024,0.0416,16.42,0.0000,nan,5316,814.5,16.483,16.477
1306,train,4.5237,0.0110,13.34,0.0000,nan,4817,815.1,9.179,9.161
1307,train,3.8504,0.0927,8.80,0.0000,nan,4219,815.7,7.025,7.007
1308,train,5.0499,0.0035,14.25,0.0000,nan,4565,816.3,11.639,11.631
1309,train,4.0487,0.0636,11.99,0.0000,nan,4841,816.8,10.584,10.560
1310,train,3.6592,0.0512,9.08,0.0000,nan,5218,817.4,6.162,6.157
1311,train,3.7233,0.0141,9.21,0.0000,nan,5089,818.0,6.306,6.302
1312,train,4.9339,0.0202,17.54,0.0000,nan,4250,818.6,17.178,17.159
1313,train,3.7377,0.0384,10.91,0.0000,nan,4171,819.1,8.957,8.913
1314,train,3.9508,0.0203,10.51,0.0000,nan,4624,819.7,6.343,6.314
1315,train,3.4068,0.1105,6.83,0.0000,nan,4343,820.3,5.264,5.251
1316,train,4.0308,0.0240,12.58,0.0000,nan,4249,820.9,11.610,11.549
1317,train,4.7805,0.0083,17.78,0.0000,nan,4802,821.5,15.278,15.268
1318,train,3.8904,0.0681,10.04,0.0000,nan,4419,822.0,7.724,7.710
1319,train,5.0262,0.0288,16.30,0.0000,nan,4476,822.6,16.067,16.065
1320,train,3.6025,0.0692,8.79,0.0000,nan,4251,823.2,6.812,6.799
1321,train,3.9239,0.0677,10.11,0.0000,nan,4650,823.8,7.744,7.734
1322,train,3.1981,0.1468,7.93,0.0000,nan,4059,824.3,4.507,4.470
1323,train,3.9085,0.0210,9.40,0.0000,nan,3766,824.9,8.176,8.170
1324,train,3.6068,0.1741,9.27,0.0000,nan,4205,825.5,5.398,5.390
1325,train,5.2555,0.0026,14.96,0.0000,nan,4970,826.1,13.366,13.353
1326,train,3.4127,0.0917,7.07,0.0000,nan,4447,826.6,5.863,5.827
1327,train,3.9119,0.0562,8.84,0.0000,nan,4344,827.2,6.885,6.878
1328,train,4.3367,0.0163,14.23,0.0000,nan,4352,827.8,12.121,12.110
1329,train,4.3039,0.0101,12.04,0.0000,nan,5044,828.4,9.622,9.512
1330,train,4.5356,0.0166,17.00,0.0000,nan,4452,829.0,14.432,14.428
1331,train,4.8176,0.0333,14.24,0.0000,nan,4148,829.5,12.873,12.862
1332,train,3.9846,0.0657,9.70,0.0000,nan,5010,830.1,8.794,8.773
1333,train,4.3947,0.0812,12.74,0.0000,nan,4484,830.7,10.607,10.575
1334,train,4.6892,0.0023,15.30,0.0000,nan,4835,831.3,14.355,14.344
1335,train,3.4442,0.1118,6.82,0.0000,nan,4616,831.9,4.083,4.077
1336,train,3.9927,0.0686,9.85,0.0000,nan,4778,832.4,5.506,5.499
1337,train,3.3425,0.1181,6.39,0.0000,nan,4335,833.0,4.551,4.530
1338,train,3.4533,0.1428,7.98,0.0000,nan,4356,833.6,7.685,7.667
1339,train,4.0928,0.0533,11.54,0.0000,nan,4238,834.2,8.837,8.813
1340,train,3.7478,0.1000,7.96,0.0000,nan,4339,834.7,6.118,6.106
1341,train,3.6981,0.0625,9.34,0.0000,nan,4463,835.3,4.798,4.772
1342,train,3.6802,0.0992,7.90,0.0000,nan,4777,835.9,6.150,6.127
1343,train,3.7663,0.0252,8.23,0.0000,nan,4961,836.5,6.602,6.590
1344,train,3.7845,0.0329,9.47,0.0000,nan,4078,837.1,8.045,8.038
1345,train,4.1061,0.0381,9.91,0.0000,nan,4380,837.6,8.115,8.114
1346,train,3.7823,0.0870,10.18,0.0000,nan,4576,838.2,9.141,9.137
1347,train,4.9059,0.0532,20.65,0.0000,nan,5564,838.8,19.617,19.611
1348,train,3.9570,0.0319,12.58,0.0000,nan,5115,839.4,8.830,8.790
1349,train,4.2018,0.0357,9.98,0.0000,nan,5205,839.9,9.201,9.179
1350,train,4.3453,0.0424,19.03,0.0000,nan,3777,840.5,14.273,14.254
1351,train,4.4443,0.0481,14.76,0.0000,nan,3886,841.1,13.704,13.686
1352,train,3.8743,0.0629,8.45,0.0000,nan,4245,841.7,6.536,6.517
1353,train,4.2633,0.0336,10.66,0.0000,nan,4584,842.3,9.264,9.261
1354,train,3.8798,0.0222,10.29,0.0000,nan,4467,842.8,7.360,7.359
1355,train,3.6215,0.0809,7.49,0.0000,nan,4044,843.4,6.983,6.972
1356,train,3.3105,0.1997,9.92,0.0000,nan,4426,844.0,6.734,6.685
1357,train,4.1333,0.0200,10.50,0.0000,nan,4448,844.6,9.938,9.930
1358,train,4.9087,0.0265,15.43,0.0000,nan,3996,845.1,13.187,13.175
1359,train,4.9764,0.0442,13.49,0.0000,nan,4662,845.7,12.819,12.817
1360,train,3.9283,0.0836,8.78,0.0000,nan,4400,846.3,6.520,6.508
1361,train,3.7635,0.0319,8.78,0.0000,nan,4392,846.9,7.172,7.161
1362,train,3.9616,0.0225,11.62,0.0000,nan,4126,847.5,10.653,10.651
1363,train,4.2897,0.0245,12.45,0.0000,nan,4484,848.0,8.446,8.444
1364,train,3.8379,0.0480,9.01,0.0000,nan,4356,848.6,5.780,5.770
1365,train,3.6099,0.0447,8.91,0.0000,nan,4180,849.2,6.990,6.985
1366,train,3.6371,0.0540,8.32,0.0000,nan,4089,849.8,8.316,8.304
1367,train,4.3335,0.0087,17.54,0.0000,nan,4491,850.3,15.123,15.113
1368,train,3.5630,0.1086,6.96,0.0000,nan,4181,850.9,4.859,4.846
1369,train,4.1428,0.0591,11.20,0.0000,nan,5215,851.5,11.819,11.810
1370,train,4.1435,0.0230,12.17,0.0000,nan,4298,852.1,11.063,11.055
1371,train,3.6597,0.0803,16.66,0.0000,nan,3999,852.6,14.063,14.044
1372,train,3.6453,0.0556,11.14,0.0000,nan,4659,853.2,9.672,9.656
1373,train,4.1229,0.0329,12.23,0.0000,nan,5921,853.8,7.660,7.630
1374,train,3.9619,0.0239,15.69,0.0000,nan,4444,854.4,12.922,12.914
1375,train,3.3578,0.1480,7.36,0.0000,nan,4303,855.0,5.342,5.322
1376,train,4.4660,0.0285,12.48,0.0000,nan,4977,855.5,8.512,8.502
1377,train,3.8627,0.0300,12.84,0.0000,nan,4606,856.1,11.260,11.247
1378,train,4.8557,0.0510,15.33,0.0000,nan,4902,856.7,12.264,12.260
1379,train,4.0505,0.0934,11.01,0.0000,nan,4260,857.3,8.832,8.821
1380,train,4.6078,0.0758,16.36,0.0000,nan,4802,857.9,13.257,13.249
1381,train,3.7950,0.0444,11.50,0.0000,nan,4779,858.4,8.622,8.616
1382,train,3.9665,0.1038,9.53,0.0000,nan,4788,859.0,8.841,8.810
1383,train,3.5950,0.1065,8.55,0.0000,nan,4535,859.6,5.816,5.799
1384,train,4.9616,0.0867,17.22,0.0000,nan,4359,860.2,15.586,15.574
1385,train,3.5390,0.0626,8.51,0.0000,nan,4040,860.7,7.494,7.478
1386,train,3.9876,0.0369,11.07,0.0000,nan,4148,861.3,8.516,8.505
1387,train,3.5552,0.0692,8.30,0.0000,nan,3830,861.9,5.603,5.581
1388,train,3.4628,0.0952,6.70,0.0000,nan,4359,862.5,5.277,5.263
1389,train,4.6533,0.0919,9.56,0.0000,nan,5060,863.1,9.409,9.403
1390,train,4.8210,0.0484,13.92,0.0000,nan,4543,863.6,11.178,11.160
1391,train,5.0130,0.0020,13.14,0.0000,nan,4496,864.2,12.372,12.369
1392,train,3.5631,0.1194,7.13,0.0000,nan,4723,864.8,4.805,4.771
1393,train,3.7047,0.1583,8.90,0.0000,nan,4377,865.4,7.044,7.033
1394,train,4.1106,0.0469,10.54,0.0000,nan,4732,865.9,8.488,8.484
1395,train,4.1346,0.0401,8.69,0.0000,nan,4260,866.5,7.884,7.859
1396,train,4.4000,0.0158,13.62,0.0000,nan,4689,867.1,10.029,10.020
1397,train,4.5925,0.0362,15.76,0.0000,nan,4753,867.7,10.814,10.792
1398,train,3.7953,0.0642,10.53,0.0000,nan,4159,868.3,8.377,8.271
1399,train,4.1838,0.0141,14.14,0.0000,nan,5041,868.8,12.166,12.161
1400,train,4.8518,0.0037,16.37,0.0000,nan,4634,869.4,10.741,10.711
1401,train,3.9600,0.1307,15.28,0.0000,nan,4407,870.0,11.853,11.850
1402,train,3.8587,0.0725,8.21,0.0000,nan,4356,870.6,6.696,6.685
1403,train,4.4004,0.0569,13.76,0.0000,nan,4162,871.1,11.707,11.705
1404,train,3.6916,0.1141,8.63,0.0000,nan,4462,871.7,6.854,6.819
1405,train,4.1410,0.0886,12.03,0.0000,nan,4650,872.3,9.863,9.849
1406,train,4.0302,0.0591,10.32,0.0000,nan,4826,872.9,9.523,9.510
1407,train,4.8254,0.0091,13.67,0.0000,nan,4184,873.5,11.545,11.516
1408,train,4.6640,0.0089,13.31,0.0000,nan,4158,874.0,12.179,12.178
1409,train,3.4107,0.1331,11.29,0.0000,nan,4141,874.6,9.604,9.569
1410,train,3.8305,0.0727,8.77,0.0000,nan,4249,875.2,5.400,5.336
1411,train,4.6142,0.0069,15.36,0.0000,nan,4495,875.8,12.096,12.091
1412,train,3.5957,0.1025,8.55,0.0000,nan,4613,876.3,4.997,4.693
1413,train,4.8286,0.0089,13.68,0.0000,nan,4582,876.9,10.075,9.984
1414,train,4.4970,0.0998,10.14,0.0000,nan,4778,877.5,8.032,8.023
1415,train,4.0861,0.0686,12.70,0.0000,nan,4052,878.1,10.870,10.861
1416,train,4.3084,0.0501,9.56,0.0000,nan,3854,878.6,8.620,8.610
1417,train,3.9863,0.0117,8.87,0.0000,nan,4962,879.2,7.976,7.509
1418,train,5.7999,0.0002,18.81,0.0000,nan,4920,879.8,15.889,15.882
1419,train,3.7396,0.0190,9.08,0.0000,nan,4114,880.4,7.241,7.238
1420,train,4.1493,0.0495,14.00,0.0000,nan,4928,881.0,11.414,11.408
1421,train,4.0208,0.0442,9.18,0.0000,nan,4482,881.5,6.852,6.841
1422,train,4.0460,0.0252,9.88,0.0000,nan,5324,882.1,8.534,8.533
1423,train,3.5845,0.0739,10.22,0.0000,nan,4748,882.7,9.164,9.153
1424,train,3.4141,0.1262,9.53,0.0000,nan,4603,883.3,7.922,7.920
1425,train,2.9804,0.1242,5.07,0.0000,nan,4372,883.9,2.671,2.652
1426,train,3.0860,0.0702,5.62,0.0000,nan,4445,884.4,3.377,3.366
1427,train,4.6493,0.0931,12.23,0.0000,nan,4574,885.0,9.641,9.618
1428,train,3.6019,0.1043,7.40,0.0000,nan,3950,885.6,5.289,5.287
1429,train,3.5707,0.0874,8.58,0.0000,nan,4359,886.2,6.288,6.284
1430,train,3.8522,0.0247,11.03,0.0000,nan,5463,886.7,8.682,8.676
1431,train,3.7406,0.0589,8.34,0.0000,nan,5076,887.3,5.752,5.738
1432,train,4.4800,0.1594,15.16,0.0000,nan,4040,887.9,11.575,11.569
1433,train,4.0557,0.0829,10.09,0.0000,nan,4172,888.5,8.034,8.034
1434,train,4.2835,0.0472,14.23,0.0000,nan,4472,889.1,12.574,12.571
1435,train,3.5722,0.1194,7.93,0.0000,nan,4798,889.6,3.574,3.563
1436,train,4.6228,0.0701,11.26,0.0000,nan,4539,890.2,10.106,10.105
1437,train,4.9314,0.0026,19.43,0.0000,nan,4934,890.8,17.721,17.719
1438,train,4.2425,0.0394,10.54,0.0000,nan,4546,891.4,8.130,7.935
1439,train,5.3654,0.0455,14.98,0.0000,nan,4546,891.9,12.955,12.950
1440,train,4.0319,0.0523,14.36,0.0000,nan,4878,892.5,9.303,9.279
1441,train,3.3450,0.1559,7.02,0.0000,nan,3965,893.1,5.041,5.027
1442,train,3.4993,0.0541,7.83,0.0000,nan,4027,893.7,6.183,6.178
1443,train,3.6596,0.1676,12.04,0.0000,nan,4391,894.2,6.880,6.848
1444,train,3.4693,0.1211,8.50,0.0000,nan,4765,894.8,5.553,5.531
1445,train,3.9384,0.0288,8.11,0.0000,nan,4058,895.4,5.515,5.477
1446,train,4.0772,0.0795,12.15,0.0000,nan,4164,896.0,8.494,8.413
1447,train,3.5359,0.1215,7.77,0.0000,nan,4322,896.6,6.388,6.377
1448,train,3.0912,0.1679,6.52,0.0000,nan,3788,897.1,5.262,5.246
1449,train,3.3910,0.1762,6.82,0.0000,nan,4892,897.7,4.856,4.839
1450,train,3.9999,0.1276,13.29,0.0000,nan,5406,898.3,9.877,9.871
1451,train,3.5714,0.0919,6.63,0.0000,nan,4449,898.9,5.875,5.866
1452,train,4.1946,0.0350,8.11,0.0000,nan,4081,899.4,7.265,7.256
1453,train,3.8003,0.0169,8.96,0.0000,nan,4264,900.0,6.732,6.719
1454,train,4.1845,0.0793,15.21,0.0000,nan,5460,900.6,13.177,13.164
1455,train,3.8251,0.1154,8.12,0.0000,nan,4593,901.2,8.633,8.616
1456,train,4.2485,0.0743,14.64,0.0000,nan,4372,901.7,13.288,13.280
1457,train,4.1322,0.0237,13.50,0.0000,nan,4138,902.3,7.704,7.687
1458,train,4.0054,0.0574,14.00,0.0000,nan,4268,902.9,11.198,11.187
1459,train,3.7452,0.0887,9.37,0.0000,nan,5042,903.5,7.375,7.373
1460,train,3.5782,0.0756,7.83,0.0000,nan,4931,904.1,4.812,4.794
1461,train,4.7353,0.0191,19.81,0.0000,nan,4609,904.6,18.149,18.143
1462,train,4.0417,0.0735,9.79,0.0000,nan,4761,905.2,5.899,5.885
1463,train,3.7967,0.1142,9.37,0.0000,nan,4212,905.8,4.925,4.712
1464,train,3.5648,0.1793,5.98,0.0000,nan,4188,906.4,4.465,4.462
1465,train,3.8147,0.0553,9.15,0.0000,nan,4488,906.9,6.550,6.546
1466,train,3.0889,0.1138,5.91,0.0000,nan,4146,907.5,2.382,2.371
1467,train,3.4802,0.1826,7.85,0.0000,nan,4015,908.1,8.362,8.353
1468,train,4.1207,0.0455,13.11,0.0000,nan,4376,908.7,12.241,12.227
1469,train,3.3422,0.1003,7.04,0.0000,nan,4397,909.3,5.164,5.159
1470,train,4.7078,0.0279,13.28,0.0000,nan,4404,909.8,11.283,11.281
1471,train,3.3945,0.0992,7.42,0.0000,nan,4789,910.4,5.057,5.053
1472,train,4.3009,0.1108,12.36,0.0000,nan,4241,911.0,10.115,10.112
1473,train,3.9464,0.0944,9.93,0.0000,nan,4323,911.6,8.359,8.350
1474,train,4.4628,0.0247,15.48,0.0000,nan,4809,912.1,10.131,10.091
1475,train,4.3902,0.0060,18.22,0.0000,nan,4990,912.7,16.105,16.103
1476,train,4.2228,0.0256,10.28,0.0000,nan,3831,913.3,8.321,8.300
1477,train,3.3189,0.0991,7.01,0.0000,nan,4109,913.9,4.859,4.795
1478,train,4.0396,0.1163,12.66,0.0000,nan,3784,914.4,10.829,10.827
1479,train,4.9266,0.0215,12.85,0.0000,nan,4463,915.0,11.940,11.937
1480,train,3.8728,0.0273,10.24,0.0000,nan,4659,915.6,9.090,9.082
1481,train,3.8474,0.0751,9.34,0.0000,nan,4112,916.2,6.614,6.590
1482,train,3.7947,0.0493,10.23,0.0000,nan,3995,916.7,7.853,7.851
1483,train,4.1033,0.0192,12.81,0.0000,nan,4527,917.3,8.741,8.734
1484,train,3.1100,0.1031,7.65,0.0000,nan,4702,917.9,5.254,5.246
1485,train,3.1172,0.1108,6.93,0.0000,nan,4222,918.5,5.162,5.154
1486,train,4.3513,0.0246,12.61,0.0000,nan,5038,919.1,11.655,11.652
1487,train,3.8064,0.1330,7.92,0.0000,nan,4113,919.6,6.323,6.318
1488,train,3.5275,0.0964,9.36,0.0000,nan,4025,920.2,7.089,7.083
1489,train,4.5481,0.0164,14.03,0.0000,nan,4257,920.8,12.886,12.878
1490,train,4.0520,0.0369,13.19,0.0000,nan,4980,921.4,10.776,10.755
1491,train,3.5886,0.1360,8.07,0.0000,nan,4683,921.9,6.925,6.915
1492,train,3.6351,0.1448,9.77,0.0000,nan,4460,922.5,8.223,8.127
1493,train,4.2505,0.1130,12.01,0.0000,nan,4743,923.1,9.762,9.739
1494,train,3.8135,0.0513,8.81,0.0000,nan,4265,923.7,4.685,4.549
1495,train,3.6857,0.0467,9.41,0.0000,nan,4905,924.2,7.435,7.432
1496,train,3.8570,0.0514,9.87,0.0000,nan,4320,924.8,8.290,8.285
1497,train,3.8777,0.0587,9.58,0.0000,nan,4241,925.4,7.554,7.550
1498,train,4.1190,0.1112,10.28,0.0000,nan,4279,926.0,9.392,9.386
1499,train,4.4838,0.0354,14.37,0.0000,nan,4524,926.6,11.476,11.468
1500,train,4.2121,0.0424,13.77,0.0000,nan,4887,927.1,11.149,11.141
1500,val,3.8408,0.0745,10.61,0.0000,0.00,222066,954.6,8.265,8.249
1501,train,3.8579,0.0555,10.98,0.0000,nan,4523,955.7,9.839,9.822
1502,train,3.5369,0.2073,6.93,0.0000,nan,4616,956.3,5.750,5.739
1503,train,4.5834,0.0261,15.16,0.0000,nan,4408,956.9,12.315,12.296
1504,train,4.2309,0.0312,13.39,0.0000,nan,4519,957.5,10.446,10.442
1505,train,3.6994,0.0961,10.53,0.0000,nan,4828,958.0,8.509,8.496
1506,train,3.9275,0.1103,9.44,0.0000,nan,4806,958.6,6.580,6.558
1507,train,4.2333,0.0162,10.73,0.0000,nan,5323,959.2,8.788,8.780
1508,train,3.9728,0.0974,10.16,0.0000,nan,4496,959.8,7.283,7.281
1509,train,3.2788,0.1102,7.95,0.0000,nan,4312,960.4,5.691,5.685
1510,train,3.5157,0.1274,7.89,0.0000,nan,3916,960.9,5.798,5.785
1511,train,4.5728,0.0122,16.61,0.0000,nan,4689,961.5,13.300,13.293
1512,train,3.8304,0.0420,10.29,0.0000,nan,4828,962.1,8.314,8.301
1513,train,3.4667,0.1004,8.79,0.0000,nan,4503,962.7,7.323,7.310
1514,train,3.4107,0.1346,6.84,0.0000,nan,3707,963.2,4.722,4.688
1515,train,3.8350,0.0961,10.72,0.0000,nan,4057,963.8,8.780,8.752
1516,train,4.0036,0.1109,11.19,0.0000,nan,4427,964.4,7.582,7.563
1517,train,3.7069,0.0766,7.99,0.0000,nan,5285,965.0,6.366,6.348
1518,train,3.5432,0.1079,6.98,0.0000,nan,4255,965.6,5.208,5.147
1519,train,3.8436,0.0623,15.97,0.0000,nan,4157,966.1,13.323,13.321
1520,train,3.6190,0.0236,7.36,0.0000,nan,4539,966.7,6.317,6.314
1521,train,3.6144,0.0869,6.89,0.0000,nan,4500,967.3,5.406,5.348
1522,train,4.2608,0.0317,11.31,0.0000,nan,5742,967.9,10.855,10.831
1523,train,3.7240,0.0803,8.37,0.0000,nan,3933,968.4,7.045,7.043
1524,train,4.6877,0.0958,14.30,0.0000,nan,4093,969.0,13.206,13.197
1525,train,3.9767,0.0205,10.54,0.0000,nan,4478,969.6,8.889,8.887
1526,train,5.2457,0.0497,20.49,0.0000,nan,5172,970.2,16.217,16.214
1527,train,3.4817,0.1369,10.82,0.0000,nan,4047,970.8,8.012,7.992
1528,train,3.5737,0.0505,8.33,0.0000,nan,4138,971.3,6.789,6.784
1529,train,4.7359,0.0690,9.97,0.0000,nan,4031,971.9,8.807,8.805
1530,train,4.5534,0.0346,16.73,0.0000,nan,4647,972.5,16.375,16.367
1531,train,3.9846,0.0816,10.01,0.0000,nan,4484,973.1,8.344,8.341
1532,train,3.1455,0.2040,10.03,0.0000,nan,4329,973.6,5.730,5.715
1533,train,3.1530,0.1642,10.42,0.0000,nan,4117,974.2,8.135,7.896
1534,train,3.9504,0.0550,8.47,0.0000,nan,4167,974.8,6.572,6.552
1535,train,3.3482,0.1444,9.35,0.0000,nan,4251,975.4,6.593,6.586
1536,train,4.6349,0.0156,13.98,0.0000,nan,4490,976.0,10.586,10.567
1537,train,3.7210,0.0545,8.31,0.0000,nan,4638,976.5,6.855,6.827
1538,train,3.0378,0.1254,6.05,0.0000,nan,4201,977.1,3.703,3.686
1539,train,3.6335,0.1421,12.53,0.0000,nan,4250,977.7,9.318,9.241
1540,train,3.9259,0.0374,9.76,0.0000,nan,4016,978.3,9.731,9.727
1541,train,4.8235,0.0381,13.42,0.0000,nan,4572,978.8,11.530,11.529
1542,train,3.5192,0.0765,10.37,0.0000,nan,4695,979.4,9.987,9.981
1543,train,3.5934,0.0852,7.11,0.0000,nan,5281,980.0,4.753,4.749
1544,train,4.2689,0.0051,12.80,0.0000,nan,4317,980.6,10.190,10.170
1545,train,3.6259,0.0971,10.22,0.0000,nan,5127,981.2,6.286,6.264
1546,train,3.7767,0.0355,7.31,0.0000,nan,4224,981.7,4.725,4.709
1547,train,4.4513,0.0695,14.28,0.0000,nan,4217,982.3,11.024,11.014
1548,train,3.9168,0.0525,10.48,0.0000,nan,4475,982.9,9.669,9.659
1549,train,4.0846,0.0153,13.87,0.0000,nan,4831,983.5,11.344,11.332
1550,train,3.5358,0.0446,8.75,0.0000,nan,4979,984.1,6.208,6.167
1551,train,4.1259,0.0292,11.23,0.0000,nan,4185,984.6,9.029,8.916
1552,train,4.9317,0.0027,18.17,0.0000,nan,5209,985.2,13.304,13.287
1553,train,3.9772,0.0592,14.36,0.0000,nan,4341,985.8,11.682,11.670
1554,train,4.0611,0.0360,15.01,0.0000,nan,4417,986.4,13.441,13.436
1555,train,3.6506,0.0945,9.69,0.0000,nan,4256,987.0,7.990,7.984
1556,train,4.3605,0.0517,12.35,0.0000,nan,4428,987.5,9.601,9.587
1557,train,3.6784,0.0222,9.52,0.0000,nan,4467,988.1,8.201,8.192
1558,train,4.1355,0.0493,15.26,0.0000,nan,4664,988.7,12.111,12.105
1559,train,3.2146,0.1472,7.58,0.0000,nan,4538,989.3,6.045,6.029
1560,train,3.6931,0.0645,9.73,0.0000,nan,4436,989.8,6.946,6.914
1561,train,4.2871,0.0079,12.41,0.0000,nan,4671,990.4,10.152,10.140
1562,train,3.7968,0.0631,10.18,0.0000,nan,4595,991.0,8.104,8.089
1563,train,3.4028,0.0435,7.86,0.0000,nan,4072,991.6,6.793,6.766
1564,train,4.9575,0.0533,13.82,0.0000,nan,4219,992.2,12.874,12.868
1565,train,4.6795,0.0058,12.40,0.0000,nan,4500,992.7,11.551,11.547
1566,train,3.1877,0.1780,5.90,0.0000,nan,4045,993.3,3.731,3.714
1567,train,4.1478,0.0653,13.88,0.0000,nan,4030,993.9,12.159,12.147
1568,train,4.4105,0.0663,14.37,0.0000,nan,5099,994.5,10.961,10.939
1569,train,4.4326,0.0095,13.31,0.0000,nan,4211,995.0,10.212,10.192
1570,train,3.7048,0.0214,9.11,0.0000,nan,4350,995.6,8.991,8.954
1571,train,4.6433,0.0108,14.94,0.0000,nan,5380,996.2,10.414,10.407
1572,train,4.0665,0.0909,15.69,0.0000,nan,4335,996.8,12.939,12.893
1573,train,4.5607,0.0186,12.72,0.0000,nan,5442,997.4,10.125,10.115
1574,train,4.1801,0.0293,14.83,0.0000,nan,4739,997.9,10.210,10.205
1575,train,4.1650,0.1163,18.95,0.0000,nan,5350,998.5,17.237,17.226
1576,train,4.2705,0.0526,13.68,0.0000,nan,4638,999.1,13.041,13.035
1577,train,3.7802,0.0510,10.15,0.0000,nan,4781,999.7,7.116,7.089
1578,train,4.6339,0.0555,17.00,0.0000,nan,4430,1000.2,13.450,13.435
1579,train,3.9628,0.0737,8.77,0.0000,nan,4656,1000.8,7.705,7.698
1580,train,3.9444,0.0284,12.85,0.0000,nan,4711,1001.4,10.551,10.546
1581,train,4.2569,0.0587,12.80,0.0000,nan,4194,1002.0,8.508,8.462
1582,train,3.5947,0.1058,9.11,0.0000,nan,4763,1002.6,6.246,6.216
1583,train,4.5665,0.0278,13.23,0.0000,nan,5207,1003.1,9.993,9.968
1584,train,4.1067,0.0107,15.46,0.0000,nan,5127,1003.7,11.263,11.142
1585,train,4.0772,0.0263,11.04,0.0000,nan,4936,1004.3,6.966,6.943
1586,train,3.5091,0.1080,6.81,0.0000,nan,4230,1004.9,4.182,4.150
1587,train,3.6039,0.0829,7.37,0.0000,nan,4683,1005.5,4.970,4.964
1588,train,3.9817,0.0086,11.90,0.0000,nan,4435,1006.0,9.751,9.750
1589,train,4.1702,0.0951,12.05,0.0000,nan,4217,1006.6,9.448,9.446
1590,train,3.4712,0.1051,9.19,0.0000,nan,4566,1007.2,7.463,7.459
1591,train,3.5689,0.0788,7.20,0.0000,nan,4505,1007.8,4.015,3.993
1592,train,3.7703,0.1099,9.47,0.0000,nan,4349,1008.3,8.051,8.028
1593,train,3.8739,0.1000,10.68,0.0000,nan,4752,1008.9,7.393,7.380
1594,train,4.1787,0.0557,10.43,0.0000,nan,4395,1009.5,7.581,7.576
1595,train,4.0781,0.1054,9.66,0.0000,nan,4942,1010.1,7.048,7.035
1596,train,4.0728,0.0555,11.87,0.0000,nan,4472,1010.7,11.090,11.088
1597,train,3.3375,0.0512,7.05,0.0000,nan,4627,1011.2,5.548,5.543
1598,train,4.2683,0.0414,15.53,0.0000,nan,5052,1011.8,12.238,12.232
1599,train,4.3733,0.1279,13.12,0.0000,nan,4761,1012.4,8.189,8.164
1600,train,4.1249,0.0526,11.38,0.0000,nan,5171,1013.0,7.907,7.895
1601,train,2.8903,0.1424,5.44,0.0000,nan,4074,1013.5,1.971,1.956
1602,train,4.2671,0.0062,13.31,0.0000,nan,4531,1014.1,10.493,10.482
1603,train,4.3977,0.0116,15.87,0.0000,nan,4898,1014.7,11.145,11.133
1604,train,4.7372,0.0129,13.43,0.0000,nan,4646,1015.3,12.000,11.993
1605,train,3.3728,0.1523,8.94,0.0000,nan,5285,1015.9,6.478,6.445
1606,train,4.6087,0.0161,16.38,0.0000,nan,4651,1016.4,14.434,14.422
1607,train,3.5471,0.1387,8.89,0.0000,nan,4341,1017.0,6.246,6.239
1608,train,3.9984,0.0355,9.18,0.0000,nan,4057,1017.6,5.386,5.371
1609,train,4.6745,0.0663,15.86,0.0000,nan,4873,1018.2,14.052,14.027
1610,train,3.6386,0.1107,8.89,0.0000,nan,4102,1018.7,6.551,6.519
1611,train,4.2670,0.0384,10.54,0.0000,nan,4684,1019.3,7.765,7.715
1612,train,4.0736,0.0724,9.20,0.0000,nan,4337,1019.9,5.074,5.041
1613,train,3.8780,0.0824,7.90,0.0000,nan,4067,1020.5,6.950,6.933
1614,train,4.2155,0.0481,11.33,0.0000,nan,4739,1021.1,9.404,9.400
1615,train,4.5739,0.0831,15.96,0.0000,nan,4571,1021.6,14.116,14.047
1616,train,3.3567,0.0950,7.48,0.0000,nan,4085,1022.2,6.825,6.816
1617,train,4.0338,0.0265,10.19,0.0000,nan,4455,1022.8,5.842,5.797
1618,train,4.1585,0.0205,11.01,0.0000,nan,4202,1023.4,6.727,6.707
1619,train,3.9676,0.0434,14.39,0.0000,nan,3987,1023.9,12.129,12.128
1620,train,3.1073,0.2571,6.97,0.0000,nan,4161,1024.5,3.803,3.800
1621,train,3.6812,0.0758,8.63,0.0000,nan,5092,1025.1,6.345,6.316
1622,train,3.6884,0.1149,11.09,0.0000,nan,5030,1025.7,9.593,9.589
1623,train,3.5130,0.1193,8.18,0.0000,nan,4351,1026.3,5.438,5.417
1624,train,3.6797,0.0820,14.64,0.0000,nan,4073,1026.8,11.535,11.523
1625,train,4.9985,0.0015,14.89,0.0000,nan,4712,1027.4,12.749,12.747
1626,train,3.6961,0.0597,9.22,0.0000,nan,5376,1028.0,6.329,6.120
1627,train,3.8308,0.0346,9.33,0.0000,nan,5691,1028.6,6.776,6.762
1628,train,4.6984,0.0264,17.05,0.0000,nan,4696,1029.1,14.832,14.823
1629,train,3.4486,0.0682,8.79,0.0000,nan,4944,1029.7,5.775,5.751
1630,train,3.6252,0.0511,7.39,0.0000,nan,4813,1030.3,5.451,5.369
1631,train,3.7398,0.0695,9.78,0.0000,nan,4789,1030.9,6.026,5.940
1632,train,3.8002,0.0503,9.26,0.0000,nan,3894,1031.5,8.556,8.548
1633,train,4.8631,0.0591,13.35,0.0000,nan,4333,1032.0,11.955,11.915
1634,train,3.7360,0.0461,9.39,0.0000,nan,4820,1032.6,8.637,8.628
1635,train,3.3589,0.0773,7.59,0.0000,nan,4116,1033.2,5.327,5.324
1636,train,5.1875,0.0010,19.70,0.0000,nan,4818,1033.8,18.542,18.540
1637,train,3.1194,0.0985,6.42,0.0000,nan,4396,1034.3,3.802,3.768
1638,train,3.9799,0.0995,13.73,0.0000,nan,4283,1034.9,8.757,8.738
1639,train,4.6918,0.0131,17.68,0.0000,nan,4571,1035.5,14.169,14.141
1640,train,3.7002,0.0566,7.77,0.0000,nan,4951,1036.1,5.328,5.327
1641,train,5.0899,0.0052,22.00,0.0000,nan,4772,1036.7,16.409,16.397
1642,train,3.8316,0.0899,10.20,0.0000,nan,5329,1037.2,7.731,7.728
1643,train,4.1405,0.0536,12.26,0.0000,nan,4276,1037.8,10.654,10.649
1644,train,3.6828,0.0453,10.48,0.0000,nan,4705,1038.4,8.106,8.104
1645,train,3.6230,0.0623,8.56,0.0000,nan,3933,1039.0,6.654,6.644
1646,train,4.0386,0.0256,12.02,0.0000,nan,4420,1039.5,9.539,9.523
1647,train,3.5286,0.0941,10.36,0.0000,nan,4005,1040.1,7.984,7.970
1648,train,4.0821,0.0405,11.00,0.0000,nan,4790,1040.7,9.337,9.334
1649,train,4.1378,0.1207,10.21,0.0000,nan,4017,1041.3,9.390,9.389
1650,train,3.9594,0.1300,10.47,0.0000,nan,4976,1041.9,9.594,9.586
1651,train,3.5616,0.1043,9.24,0.0000,nan,4565,1042.4,7.218,7.214
1652,train,3.7567,0.0486,8.75,0.0000,nan,4256,1043.0,7.170,7.160
1653,train,4.1182,0.1063,10.40,0.0000,nan,4561,1043.6,9.148,9.147
1654,train,3.7581,0.1115,7.35,0.0000,nan,4538,1044.2,6.521,6.488
1655,train,4.3743,0.0303,11.93,0.0000,nan,5076,1044.7,9.800,9.791
1656,train,4.0664,0.0426,10.47,0.0000,nan,3916,1045.3,9.689,9.684
1657,train,4.4722,0.0201,12.64,0.0000,nan,5328,1045.9,10.992,10.990
1658,train,4.9126,0.0031,15.46,0.0000,nan,4556,1046.5,13.332,13.328
1659,train,4.7217,0.0535,12.96,0.0000,nan,4483,1047.1,11.815,11.811
1660,train,3.6480,0.0677,8.68,0.0000,nan,4667,1047.6,6.300,6.284
1661,train,3.6572,0.0615,8.34,0.0000,nan,4552,1048.2,5.896,5.877
1662,train,4.1082,0.0317,10.05,0.0000,nan,4262,1048.8,8.535,8.491
1663,train,3.6093,0.0997,7.14,0.0000,nan,4836,1049.4,5.317,5.311
1664,train,3.2257,0.0940,6.54,0.0000,nan,4605,1049.9,4.920,4.908
1665,train,3.7663,0.0876,8.51,0.0000,nan,4956,1050.5,6.273,6.264
1666,train,4.1051,0.0439,12.59,0.0000,nan,4055,1051.1,10.390,10.376
1667,train,3.2049,0.1500,8.30,0.0000,nan,4319,1051.7,4.688,4.665
1668,train,3.7920,0.1098,12.32,0.0000,nan,4080,1052.3,10.163,10.141
1669,train,5.2997,0.0058,16.52,0.0000,nan,4159,1052.8,15.215,15.211
1670,train,4.3298,0.0620,14.42,0.0000,nan,4453,1053.4,11.154,11.149
1671,train,3.4616,0.1194,6.30,0.0000,nan,4365,1054.0,4.386,4.363
1672,train,4.6886,0.0374,12.72,0.0000,nan,4385,1054.6,12.997,12.992
1673,train,4.0326,0.0603,10.82,0.0000,nan,4492,1055.1,9.390,9.385
1674,train,3.5879,0.0801,10.88,0.0000,nan,4597,1055.7,9.088,9.084
1675,train,4.3346,0.0444,13.94,0.0000,nan,4391,1056.3,12.263,12.261
1676,train,3.4127,0.0698,9.21,0.0000,nan,4028,1056.9,6.321,6.293
1677,train,4.4477,0.0113,17.72,0.0000,nan,4322,1057.5,14.040,14.027
1678,train,3.7948,0.0538,9.67,0.0000,nan,4891,1058.0,9.452,9.446
1679,train,7.4231,0.0127,48.72,0.0000,nan,4323,1058.6,9.723,9.675
1680,train,4.1341,0.0336,15.13,0.0000,nan,5855,1059.2,12.209,12.134
1681,train,4.0409,0.0628,15.46,0.0000,nan,4494,1059.8,12.715,12.706
1682,train,3.1525,0.1530,6.64,0.0000,nan,4163,1060.3,3.412,3.348
1683,train,4.2164,0.1325,9.53,0.0000,nan,4318,1060.9,7.873,7.858
1684,train,4.2240,0.0586,10.77,0.0000,nan,5256,1061.5,7.126,7.116
1685,train,3.9575,0.1122,13.66,0.0000,nan,4831,1062.1,11.929,11.924
1686,train,3.9232,0.0831,10.86,0.0000,nan,3922,1062.7,9.306,9.302
1687,train,3.9825,0.0569,12.21,0.0000,nan,5256,1063.2,8.414,8.403
1688,train,3.4335,0.1417,7.17,0.0000,nan,4023,1063.8,5.333,5.330
1689,train,5.1410,0.0303,17.73,0.0000,nan,4354,1064.4,16.256,16.250
1690,train,3.4889,0.0658,7.76,0.0000,nan,4273,1065.0,4.061,4.045
1691,train,4.5463,0.0055,13.22,0.0000,nan,4953,1065.5,9.613,9.606
1692,train,3.5527,0.1232,6.71,0.0000,nan,4366,1066.1,4.246,4.217
1693,train,3.7489,0.0731,8.75,0.0000,nan,4024,1066.7,7.075,7.069
1694,train,4.6508,0.0318,11.93,0.0000,nan,4747,1067.3,9.247,9.244
1695,train,4.8940,0.0556,19.51,0.0000,nan,4189,1067.8,17.194,17.191
1696,train,4.3360,0.0136,10.44,0.0000,nan,4551,1068.4,7.016,7.012
1697,train,4.1831,0.0156,10.94,0.0000,nan,4866,1069.0,8.067,8.065
1698,train,4.9125,0.0270,12.74,0.0000,nan,4733,1069.6,9.621,9.613
1699,train,4.5104,0.0379,15.69,0.0000,nan,4194,1070.2,11.749,11.745
1700,train,3.8175,0.0343,8.76,0.0000,nan,4023,1070.7,5.969,5.946
1701,train,4.0428,0.0463,12.88,0.0000,nan,4273,1071.3,9.321,9.311
1702,train,4.3590,0.0323,12.85,0.0000,nan,4493,1071.9,11.264,11.252
1703,train,3.4855,0.0781,6.88,0.0000,nan,4674,1072.5,4.177,4.140
1704,train,3.5361,0.1102,6.68,0.0000,nan,4491,1073.1,5.589,5.580
1705,train,4.6216,0.0375,13.14,0.0000,nan,4749,1073.6,13.013,13.007
1706,train,4.9797,0.0590,16.41,0.0000,nan,4459,1074.2,15.919,15.913
1707,train,4.6052,0.0054,12.84,0.0000,nan,4835,1074.8,9.110,9.086
1708,train,3.6247,0.0753,6.81,0.0000,nan,4128,1075.4,4.137,4.129
1709,train,4.2523,0.0320,13.53,0.0000,nan,4310,1075.9,12.560,12.557
1710,train,3.6146,0.0644,9.51,0.0000,nan,4376,1076.5,7.687,7.681
1711,train,3.8670,0.0120,9.31,0.0000,nan,4498,1077.1,6.982,6.898
1712,train,3.9713,0.0615,8.58,0.0000,nan,4322,1077.7,6.935,6.926
1713,train,3.9862,0.0543,9.64,0.0000,nan,4824,1078.3,7.975,7.957
1714,train,3.8944,0.0758,8.78,0.0000,nan,3880,1078.8,7.292,7.282
1715,train,4.0366,0.1164,7.93,0.0000,nan,4562,1079.4,5.303,5.295
1716,train,4.1902,0.0829,9.67,0.0000,nan,3967,1080.0,7.718,7.709
1717,train,3.9630,0.0681,13.37,0.0000,nan,4214,1080.6,10.892,10.886
1718,train,3.9246,0.1164,10.26,0.0000,nan,4958,1081.1,8.192,8.121
1719,train,4.1587,0.0288,11.22,0.0000,nan,4624,1081.7,10.043,10.028
1720,train,5.4809,0.0014,18.36,0.0000,nan,4867,1082.3,16.016,15.994
1721,train,4.3398,0.1521,13.61,0.0000,nan,4845,1082.9,12.442,12.435
1722,train,4.0851,0.0115,9.67,0.0000,nan,4765,1083.5,8.342,8.334
1723,train,3.5433,0.1003,8.34,0.0000,nan,4584,1084.0,4.662,4.551
1724,train,4.1439,0.1210,10.32,0.0000,nan,4670,1084.6,7.416,7.335
1725,train,4.7262,0.0972,12.26,0.0000,nan,4340,1085.2,10.631,10.622
1726,train,3.4375,0.1073,7.61,0.0000,nan,4510,1085.8,4.979,4.973
1727,train,5.5040,0.0034,20.47,0.0000,nan,4105,1086.3,17.892,17.873
1728,train,4.9526,0.0080,15.70,0.0000,nan,4108,1086.9,12.824,12.815
1729,train,4.3890,0.0977,11.49,0.0000,nan,4216,1087.5,11.227,11.219
1730,train,3.7834,0.0301,11.33,0.0000,nan,4879,1088.1,7.004,6.995
1731,train,3.9785,0.0116,9.31,0.0000,nan,3958,1088.7,7.609,7.605
1732,train,3.8082,0.0602,10.73,0.0000,nan,4317,1089.2,8.574,8.500
1733,train,3.5737,0.0750,8.21,0.0000,nan,4319,1089.8,7.913,7.902
1734,train,4.3687,0.0182,10.19,0.0000,nan,4226,1090.4,8.863,8.860
1735,train,3.9174,0.2122,14.74,0.0000,nan,3950,1091.0,12.674,12.616
1736,train,3.6493,0.1625,6.51,0.0000,nan,4965,1091.5,6.381,6.376
1737,train,3.7590,0.0712,11.87,0.0000,nan,4086,1092.1,9.196,9.188
1738,train,4.2589,0.0619,14.18,0.0000,nan,4457,1092.7,12.632,12.586
1739,train,3.7452,0.0987,9.46,0.0000,nan,4692,1093.3,5.312,5.301
1740,train,5.2522,0.0021,18.39,0.0000,nan,4233,1093.8,16.214,16.212
1741,train,4.2084,0.0155,9.46,0.0000,nan,4961,1094.4,7.656,7.652
1742,train,3.3216,0.1499,9.28,0.0000,nan,4304,1095.0,8.337,8.264
1743,train,4.8752,0.0051,15.86,0.0000,nan,3728,1095.6,12.426,12.300
1744,train,3.3236,0.2018,7.10,0.0000,nan,4584,1096.2,6.383,6.362
1745,train,3.4007,0.0455,7.55,0.0000,nan,4546,1096.7,5.969,5.954
1746,train,4.2913,0.0288,16.93,0.0000,nan,3994,1097.3,15.615,15.611
1747,train,4.1727,0.0168,13.41,0.0000,nan,5727,1097.9,11.207,11.204
1748,train,3.2042,0.1171,7.26,0.0000,nan,4712,1098.5,5.781,5.769
1749,train,3.8722,0.0770,11.83,0.0000,nan,5089,1099.1,6.955,6.953
1750,train,4.4873,0.0356,14.10,0.0000,nan,4414,1099.6,11.055,11.044
1751,train,4.0738,0.0399,9.75,0.0000,nan,5169,1100.2,9.360,9.344
1752,train,3.4016,0.0917,7.39,0.0000,nan,4654,1100.8,5.780,5.722
1753,train,4.0607,0.0744,12.00,0.0000,nan,4745,1101.4,10.876,10.872
1754,train,3.6231,0.0799,10.12,0.0000,nan,4357,1101.9,7.148,7.144
1755,train,3.9768,0.0515,10.54,0.0000,nan,4722,1102.5,7.109,7.074
1756,train,4.1108,0.0243,10.58,0.0000,nan,4370,1103.1,6.956,6.952
1757,train,3.5086,0.1287,6.62,0.0000,nan,5096,1103.7,6.437,6.435
1758,train,3.0300,0.2629,5.96,0.0000,nan,4329,1104.3,4.873,4.862
1759,train,4.0702,0.0419,11.12,0.0000,nan,4629,1104.8,8.437,8.426
1760,train,4.7597,0.0798,16.90,0.0000,nan,4863,1105.4,14.189,14.177
1761,train,3.3587,0.0966,8.04,0.0000,nan,4387,1106.0,4.555,4.548
1762,train,3.8326,0.1077,9.34,0.0000,nan,4615,1106.6,8.801,8.796
1763,train,4.1128,0.0889,11.80,0.0000,nan,4778,1107.2,9.513,9.266
1764,train,3.7890,0.0316,7.91,0.0000,nan,4593,1107.7,5.433,5.384
1765,train,3.7508,0.0579,10.53,0.0000,nan,4300,1108.3,9.632,9.630
1766,train,3.5427,0.1556,7.89,0.0000,nan,5058,1108.9,7.364,7.354
1767,train,3.5083,0.1179,7.14,0.0000,nan,5099,1109.5,4.737,4.728
1768,train,4.0547,0.0442,12.89,0.0000,nan,4956,1110.0,9.254,9.231
1769,train,2.9364,0.1664,5.09,0.0000,nan,4579,1110.6,3.113,3.004
1770,train,3.5319,0.0883,9.91,0.0000,nan,4350,1111.2,8.661,8.650
1771,train,3.6420,0.1299,14.00,0.0000,nan,4171,1111.8,10.565,10.556
1772,train,3.8339,0.0258,8.55,0.0000,nan,5035,1112.4,6.114,6.089
1773,train,3.7794,0.1007,9.00,0.0000,nan,4530,1112.9,6.491,6.487
1774,train,3.2672,0.1159,11.67,0.0000,nan,4220,1113.5,9.672,9.665
1775,train,4.0932,0.0390,13.16,0.0000,nan,4876,1114.1,11.389,11.374
1776,train,3.4562,0.0728,7.92,0.0000,nan,4741,1114.7,6.062,6.054
1777,train,3.6670,0.0471,12.37,0.0000,nan,4370,1115.2,10.393,10.390
1778,train,3.5115,0.1960,8.10,0.0000,nan,4474,1115.8,6.964,6.939
1779,train,3.3543,0.1172,7.93,0.0000,nan,4524,1116.4,7.213,7.203
1780,train,3.8005,0.1396,8.25,0.0000,nan,4241,1117.0,7.334,7.324
1781,train,3.5740,0.1372,10.27,0.0000,nan,4331,1117.6,7.730,7.682
1782,train,4.1385,0.0108,14.73,0.0000,nan,4994,1118.1,11.257,11.247
1783,train,3.9726,0.0535,14.54,0.0000,nan,5238,1118.7,10.556,10.461
1784,train,4.2714,0.0667,11.62,0.0000,nan,4647,1119.3,8.355,8.353
1785,train,3.4179,0.1000,8.70,0.0000,nan,4158,1119.9,7.725,7.716
1786,train,4.0095,0.0792,11.31,0.0000,nan,4217,1120.5,10.008,9.995
1787,train,4.7024,0.0403,20.09,0.0000,nan,4664,1121.0,16.670,16.652
1788,train,4.5033,0.0028,15.15,0.0000,nan,4363,1121.6,14.231,14.219
1789,train,5.6197,0.0008,18.64,0.0000,nan,4792,1122.2,18.133,18.128
1790,train,3.7331,0.0436,11.77,0.0000,nan,5257,1122.8,8.036,8.034
1791,train,2.7883,0.1971,5.33,0.0000,nan,4023,1123.3,3.756,3.719
1792,train,3.7748,0.1288,9.62,0.0000,nan,5087,1123.9,7.675,7.662
1793,train,3.9515,0.1007,12.17,0.0000,nan,4229,1124.5,10.382,10.371
1794,train,4.5920,0.0828,10.12,0.0000,nan,4421,1125.1,8.973,8.965
1795,train,3.3016,0.0850,6.29,0.0000,nan,3810,1125.7,4.402,4.365
1796,train,4.9730,0.0128,15.13,0.0000,nan,4936,1126.2,14.288,14.282
1797,train,3.4304,0.0796,9.62,0.0000,nan,4888,1126.8,6.333,6.220
1798,train,3.7738,0.0678,9.57,0.0000,nan,4881,1127.4,6.974,6.971
1799,train,3.1795,0.0829,6.99,0.0000,nan,4028,1128.0,4.969,4.945
1800,train,3.7709,0.0589,10.79,0.0000,nan,4633,1128.5,8.306,8.228
1801,train,3.2500,0.1269,7.46,0.0000,nan,4601,1129.1,5.433,5.408
1802,train,3.5900,0.1111,8.27,0.0000,nan,4778,1129.7,7.225,7.225
1803,train,3.8354,0.0521,9.95,0.0000,nan,4453,1130.3,7.239,7.205
1804,train,4.1725,0.0397,12.17,0.0000,nan,4129,1130.9,12.122,12.117
1805,train,4.3611,0.1416,11.41,0.0000,nan,4625,1131.4,9.884,9.872
1806,train,4.9882,0.0041,13.29,0.0000,nan,4894,1132.0,12.257,12.249
1807,train,4.2976,0.1128,10.32,0.0000,nan,5001,1132.6,8.354,8.337
1808,train,3.4776,0.0917,7.20,0.0000,nan,3815,1133.2,5.651,5.641
1809,train,3.3375,0.0580,8.16,0.0000,nan,4002,1133.7,7.966,7.962
1810,train,3.5923,0.0178,8.93,0.0000,nan,3823,1134.3,7.482,7.469
1811,train,2.8020,0.1812,4.77,0.0000,nan,4361,1134.9,2.181,2.150
1812,train,3.4379,0.1073,8.84,0.0000,nan,5153,1135.5,6.133,6.102
1813,train,4.0082,0.0469,10.89,0.0000,nan,4943,1136.1,6.760,6.733
1814,train,3.8621,0.1236,10.54,0.0000,nan,4473,1136.6,10.162,10.152
1815,train,3.6422,0.0679,11.07,0.0000,nan,4554,1137.2,10.330,10.325
1816,train,4.8436,0.0249,17.51,0.0000,nan,4972,1137.8,15.410,15.366
1817,train,3.2924,0.1734,6.94,0.0000,nan,4977,1138.4,4.931,4.844
1818,train,4.3140,0.0592,9.50,0.0000,nan,4442,1139.0,9.199,9.190
1819,train,3.9086,0.1154,15.16,0.0000,nan,4594,1139.5,12.798,12.796
1820,train,4.9624,0.0185,15.38,0.0000,nan,5017,1140.1,12.415,12.408
1821,train,3.6066,0.0354,8.89,0.0000,nan,3590,1140.7,4.518,4.509
1822,train,4.6919,0.0654,12.59,0.0000,nan,4065,1141.3,13.261,13.253
1823,train,4.0799,0.0303,12.13,0.0000,nan,4754,1141.8,10.497,10.447
1824,train,4.7334,0.0494,16.79,0.0000,nan,5340,1142.4,13.717,13.712
1825,train,4.1478,0.0477,11.65,0.0000,nan,5409,1143.0,9.930,9.923
1826,train,4.0403,0.0204,9.27,0.0000,nan,5307,1143.6,5.521,5.487
1827,train,3.9676,0.0604,9.84,0.0000,nan,4982,1144.2,8.264,8.260
1828,train,4.0707,0.0617,9.85,0.0000,nan,4412,1144.7,8.795,8.794
1829,train,4.3472,0.1161,12.80,0.0000,nan,4159,1145.3,11.244,11.241
1830,train,4.6430,0.0955,17.23,0.0000,nan,4325,1145.9,14.373,14.327
1831,train,3.5729,0.0685,9.67,0.0000,nan,4148,1146.5,9.484,9.472
1832,train,3.8534,0.0465,8.54,0.0000,nan,4370,1147.1,5.757,5.754
1833,train,3.3466,0.1805,7.02,0.0000,nan,4632,1147.6,4.663,4.656
1834,train,3.8400,0.0774,10.92,0.0000,nan,4640,1148.2,8.643,8.627
1835,train,3.0948,0.1601,5.50,0.0000,nan,4198,1148.8,2.171,2.168
1836,train,3.4756,0.0844,8.10,0.0000,nan,3994,1149.4,4.838,4.822
1837,train,3.6107,0.0799,9.13,0.0000,nan,4818,1149.9,6.442,6.431
1838,train,3.7350,0.0414,8.31,0.0000,nan,4447,1150.5,7.394,7.393
1839,train,4.7764,0.0164,13.46,0.0000,nan,4276,1151.1,12.002,11.999
1840,train,3.8087,0.0471,10.37,0.0000,nan,3889,1151.7,8.868,8.863
1841,train,2.8333,0.1823,4.79,0.0000,nan,3965,1152.2,3.216,3.214
1842,train,3.9405,0.0570,11.61,0.0000,nan,4734,1152.8,6.767,6.730
1843,train,3.7556,0.0487,10.02,0.0000,nan,3842,1153.4,7.507,7.495
1844,train,3.4668,0.0707,8.04,0.0000,nan,3693,1154.0,5.620,5.619
1845,train,3.9790,0.0505,14.63,0.0000,nan,4412,1154.6,12.185,12.160
1846,train,3.6072,0.0931,9.26,0.0000,nan,4212,1155.1,7.389,7.382
1847,train,4.1418,0.0544,13.13,0.0000,nan,4707,1155.7,10.662,10.644
1848,train,3.6706,0.1056,10.48,0.0000,nan,3900,1156.3,8.470,8.460
1849,train,3.6956,0.0970,7.55,0.0000,nan,5050,1156.9,6.262,6.252
1850,train,3.6955,0.0852,9.30,0.0000,nan,4486,1157.4,8.148,8.135
1851,train,3.6426,0.0326,9.07,0.0000,nan,4324,1158.0,5.537,5.469
1852,train,3.4626,0.1540,9.34,0.0000,nan,4391,1158.6,6.600,6.590
1853,train,4.4645,0.0542,12.72,0.0000,nan,4615,1159.2,11.713,11.705
1854,train,3.9174,0.0366,10.22,0.0000,nan,4423,1159.8,8.030,8.029
1855,train,3.5623,0.0935,8.38,0.0000,nan,4063,1160.3,7.475,7.466
1856,train,4.2772,0.0202,13.40,0.0000,nan,4150,1160.9,10.278,10.256
1857,train,3.8493,0.0264,10.20,0.0000,nan,4578,1161.5,8.063,8.031
1858,train,4.0446,0.0159,11.53,0.0000,nan,4983,1162.1,8.771,8.766
1859,train,4.0060,0.0587,11.46,0.0000,nan,5217,1162.7,11.438,11.436
1860,train,4.0358,0.0373,14.30,0.0000,nan,5222,1163.2,12.046,12.036
1861,train,3.4449,0.0964,6.97,0.0000,nan,5319,1163.8,4.971,4.942
1862,train,4.6587,0.0069,17.14,0.0000,nan,4209,1164.4,15.338,15.334
1863,train,3.7735,0.0470,11.89,0.0000,nan,5189,1165.0,9.699,9.686
1864,train,3.6601,0.1147,9.25,0.0000,nan,3951,1165.5,7.312,7.274
1865,train,4.4548,0.0184,11.74,0.0000,nan,4615,1166.1,7.400,7.327
1866,train,3.1158,0.1537,5.98,0.0000,nan,4431,1166.7,4.912,4.908
1867,train,4.1284,0.0441,14.15,0.0000,nan,4192,1167.3,9.846,9.838
1868,train,3.3796,0.0843,7.27,0.0000,nan,4722,1167.9,5.415,5.415
1869,train,3.2935,0.0537,6.82,0.0000,nan,4058,1168.4,4.624,4.602
1870,train,3.6390,0.0696,7.73,0.0000,nan,4499,1169.0,6.391,6.388
1871,train,3.4574,0.1282,7.64,0.0000,nan,5022,1169.6,5.004,5.002
1872,train,3.9422,0.0308,12.12,0.0000,nan,4088,1170.2,9.060,8.996
1873,train,4.5233,0.0355,11.89,0.0000,nan,5208,1170.7,7.021,7.009
1874,train,3.5580,0.0708,7.27,0.0000,nan,5086,1171.3,5.451,5.422
1875,train,3.6822,0.0614,8.34,0.0000,nan,4134,1171.9,7.221,7.193
1876,train,3.6025,0.1112,12.01,0.0000,nan,4207,1172.5,8.544,8.542
1877,train,4.0910,0.0315,13.25,0.0000,nan,5516,1173.1,9.010,8.987
1878,train,3.6886,0.0663,11.94,0.0000,nan,4331,1173.6,10.347,10.331
1879,train,3.6236,0.0705,9.46,0.0000,nan,5075,1174.2,8.106,8.090
1880,train,4.2016,0.0379,11.52,0.0000,nan,4834,1174.8,10.405,10.374
1881,train,4.8284,0.0028,14.57,0.0000,nan,4646,1175.4,13.354,13.352
1882,train,4.4846,0.0412,13.16,0.0000,nan,4923,1176.0,10.404,10.385
1883,train,3.3787,0.0948,7.17,0.0000,nan,4524,1176.5,5.029,5.012
1884,train,3.3874,0.1699,6.90,0.0000,nan,4744,1177.1,4.587,4.584
1885,train,3.3561,0.1890,7.76,0.0000,nan,4301,1177.7,5.388,5.363
1886,train,3.5365,0.0531,8.76,0.0000,nan,4033,1178.3,5.873,5.860
1887,train,3.0943,0.1065,5.98,0.0000,nan,4095,1178.8,4.285,4.278
1888,train,4.1432,0.0168,10.76,0.0000,nan,4158,1179.4,9.130,9.129
1889,train,4.1026,0.0232,9.70,0.0000,nan,4184,1180.0,8.194,8.188
1890,train,4.4459,0.0333,9.43,0.0000,nan,3999,1180.6,8.864,8.857
1891,train,3.0421,0.2260,5.50,0.0000,nan,4765,1181.2,3.389,3.377
1892,train,3.7809,0.1020,12.71,0.0000,nan,5059,1181.7,8.549,8.532
1893,train,3.6468,0.0514,9.43,0.0000,nan,4554,1182.3,10.537,10.521
1894,train,3.6989,0.0599,9.16,0.0000,nan,4477,1182.9,5.895,5.881
1895,train,4.1859,0.1412,13.14,0.0000,nan,4065,1183.5,12.100,12.093
1896,train,3.4919,0.0825,13.49,0.0000,nan,4363,1184.0,9.644,9.640
1897,train,4.3656,0.0121,11.96,0.0000,nan,4943,1184.6,9.705,9.659
1898,train,4.0698,0.1203,13.41,0.0000,nan,4263,1185.2,11.431,11.396
1899,train,3.9455,0.0284,10.00,0.0000,nan,5097,1185.8,7.903,7.898
1900,train,3.7786,0.0693,9.65,0.0000,nan,4759,1186.4,6.629,6.622
1901,train,3.2105,0.0953,7.16,0.0000,nan,5382,1186.9,3.425,3.421
1902,train,3.5009,0.0445,7.24,0.0000,nan,5488,1187.5,5.536,5.528
1903,train,4.4272,0.0786,15.75,0.0000,nan,4732,1188.1,12.239,12.221
1904,train,3.9033,0.1759,9.17,0.0000,nan,3957,1188.7,8.293,8.289
1905,train,3.6084,0.1193,8.06,0.0000,nan,5422,1189.2,6.049,6.043
1906,train,4.0788,0.0584,10.33,0.0000,nan,3851,1189.8,8.512,8.505
1907,train,2.7970,0.2092,5.09,0.0000,nan,4857,1190.4,2.604,2.602
1908,train,3.9788,0.1293,8.77,0.0000,nan,4424,1191.0,7.198,7.059
1909,train,4.3521,0.0118,10.54,0.0000,nan,4496,1191.6,7.157,7.153
1910,train,4.1580,0.0319,11.70,0.0000,nan,5206,1192.1,10.385,10.362
1911,train,3.9649,0.0731,14.36,0.0000,nan,4680,1192.7,10.693,10.683
1912,train,2.8229,0.1976,5.65,0.0000,nan,4600,1193.3,3.336,3.263
1913,train,3.5037,0.1714,8.69,0.0000,nan,4608,1193.9,6.088,6.077
1914,train,3.6318,0.1741,9.17,0.0000,nan,4872,1194.4,5.999,5.972
1915,train,4.1290,0.0396,10.80,0.0000,nan,3944,1195.0,10.363,10.360
1916,train,3.5851,0.0865,8.21,0.0000,nan,4623,1195.6,5.519,5.476
1917,train,3.4345,0.0828,6.64,0.0000,nan,4865,1196.2,5.289,5.280
1918,train,4.0064,0.0409,10.51,0.0000,nan,5132,1196.8,9.426,9.409
1919,train,4.5477,0.0710,13.88,0.0000,nan,3719,1197.3,12.170,12.114
1920,train,3.6036,0.1097,13.06,0.0000,nan,4286,1197.9,9.351,9.330
1921,train,3.6211,0.1378,9.77,0.0000,nan,4592,1198.5,7.965,7.956
1922,train,3.5764,0.0480,7.23,0.0000,nan,4478,1199.1,6.591,6.581
1923,train,3.5221,0.0326,9.72,0.0000,nan,4355,1199.6,7.703,7.696
1924,train,3.9571,0.0786,9.34,0.0000,nan,4798,1200.2,6.896,6.893
1925,train,5.0682,0.0153,16.02,0.0000,nan,5222,1200.8,13.747,13.747
1926,train,3.9708,0.0320,10.75,0.0000,nan,4561,1201.4,8.150,8.148
1927,train,3.2757,0.1168,9.88,0.0000,nan,4933,1202.0,6.771,6.729
1928,train,4.1351,0.0265,16.04,0.0000,nan,4232,1202.5,10.981,10.975
1929,train,3.9795,0.0488,8.31,0.0000,nan,4875,1203.1,7.435,7.428
1930,train,4.7156,0.0281,17.81,0.0000,nan,4201,1203.7,14.508,14.495
1931,train,4.1688,0.1158,11.86,0.0000,nan,4231,1204.3,10.854,10.848
1932,train,3.6693,0.1314,11.73,0.0000,nan,3919,1204.8,9.293,9.285
1933,train,4.5187,0.0373,13.17,0.0000,nan,5492,1205.4,10.066,10.058
1934,train,3.1121,0.1698,7.77,0.0000,nan,4199,1206.0,5.192,5.188
1935,train,3.7047,0.0303,13.10,0.0000,nan,4022,1206.6,10.897,10.886
1936,train,4.3564,0.0064,11.12,0.0000,nan,4871,1207.2,9.933,9.932
1937,train,4.4672,0.0196,11.82,0.0000,nan,4480,1207.7,11.184,11.166
1938,train,3.5366,0.1275,7.76,0.0000,nan,4754,1208.3,6.122,6.116
1939,train,3.2173,0.1599,6.30,0.0000,nan,3764,1208.9,4.737,4.720
1940,train,3.6423,0.0355,8.14,0.0000,nan,4055,1209.5,6.750,6.747
1941,train,4.0453,0.0238,13.32,0.0000,nan,4361,1210.0,10.375,10.341
1942,train,3.5565,0.1375,8.89,0.0000,nan,4022,1210.6,6.560,6.516
1943,train,4.7099,0.0578,13.26,0.0000,nan,5015,1211.2,11.102,11.099
1944,train,4.0047,0.0368,10.14,0.0000,nan,4376,1211.8,5.984,5.979
1945,train,3.4417,0.1375,7.86,0.0000,nan,4813,1212.4,6.785,6.784
1946,train,3.1608,0.2285,7.05,0.0000,nan,4113,1212.9,6.360,6.354
1947,train,4.2828,0.0176,18.92,0.0000,nan,3867,1213.5,15.636,15.633
1948,train,4.3556,0.0089,11.93,0.0000,nan,4500,1214.1,10.617,10.612
1949,train,3.5179,0.1080,7.32,0.0000,nan,4054,1214.7,6.009,6.004
1950,train,3.3304,0.0965,7.64,0.0000,nan,4538,1215.2,5.897,5.891
1951,train,3.1615,0.1865,6.52,0.0000,nan,4134,1215.8,5.181,5.179
1952,train,3.1382,0.1128,5.51,0.0000,nan,3741,1216.4,1.899,1.875
1953,train,4.2489,0.0053,10.14,0.0000,nan,4747,1217.0,7.968,7.955
1954,train,4.1279,0.1015,11.74,0.0000,nan,4719,1217.6,9.644,9.640
1955,train,3.5599,0.0950,7.93,0.0000,nan,4684,1218.1,6.044,6.043
1956,train,2.9848,0.2415,5.24,0.0000,nan,4555,1218.7,3.170,3.162
1957,train,4.1607,0.0778,9.76,0.0000,nan,4705,1219.3,8.555,8.545
1958,train,3.5955,0.1700,7.83,0.0000,nan,4906,1219.9,5.919,5.911
1959,train,3.9433,0.0462,11.52,0.0000,nan,4435,1220.4,9.113,9.095
1960,train,4.5325,0.0029,14.33,0.0000,nan,4086,1221.0,14.088,14.086
1961,train,3.2809,0.1948,10.29,0.0000,nan,4688,1221.6,7.635,7.623
1962,train,3.1405,0.1149,8.20,0.0000,nan,4632,1222.2,6.192,6.105
1963,train,4.4273,0.0154,11.57,0.0000,nan,5314,1222.8,10.275,10.272
1964,train,3.4739,0.0784,7.05,0.0000,nan,4518,1223.3,6.054,6.051
1965,train,4.8537,0.0867,15.59,0.0000,nan,4962,1223.9,12.871,12.867
1966,train,3.4290,0.1188,7.54,0.0000,nan,4950,1224.5,3.967,3.961
1967,train,3.9398,0.0514,10.71,0.0000,nan,4279,1225.1,7.423,7.296
1968,train,3.4538,0.1362,11.00,0.0000,nan,5081,1225.6,7.303,7.302
1969,train,4.1208,0.0412,13.05,0.0000,nan,4518,1226.2,10.966,10.962
1970,train,3.9298,0.1189,10.15,0.0000,nan,4181,1226.8,8.311,8.295
1971,train,3.0621,0.1927,5.78,0.0000,nan,4483,1227.4,4.739,4.717
1972,train,4.1446,0.1240,9.48,0.0000,nan,4380,1228.0,7.984,7.977
1973,train,3.7951,0.1506,12.33,0.0000,nan,4156,1228.5,11.176,11.150
1974,train,4.0073,0.0175,9.02,0.0000,nan,4741,1229.1,7.689,7.683
1975,train,3.6633,0.0807,8.79,0.0000,nan,4350,1229.7,5.805,5.643
1976,train,2.9654,0.2227,4.76,0.0000,nan,4482,1230.3,4.595,4.579
1977,train,2.9717,0.1910,10.92,0.0000,nan,4147,1230.9,7.471,7.469
1978,train,3.6321,0.1313,8.34,0.0000,nan,4867,1231.4,6.556,6.536
1979,train,4.7763,0.0176,19.12,0.0000,nan,4483,1232.0,18.160,18.158
1980,train,4.2953,0.0233,13.22,0.0000,nan,4978,1232.6,11.372,11.368
1981,train,3.7275,0.1129,13.83,0.0000,nan,4799,1233.2,10.980,10.965
1982,train,3.8244,0.0353,8.10,0.0000,nan,4866,1233.7,6.635,6.622
1983,train,4.1680,0.0256,10.93,0.0000,nan,4487,1234.3,8.929,8.918
1984,train,4.0253,0.0860,11.89,0.0000,nan,5045,1234.9,6.776,6.713
1985,train,3.4903,0.1666,7.34,0.0000,nan,4688,1235.5,5.784,5.773
1986,train,4.5016,0.0172,10.89,0.0000,nan,4466,1236.1,8.815,8.812
1987,train,4.1306,0.0385,11.29,0.0000,nan,4467,1236.6,11.110,11.109
1988,train,3.9886,0.0798,10.27,0.0000,nan,4372,1237.2,8.959,8.898
1989,train,4.2660,0.0723,11.66,0.0000,nan,4400,1237.8,9.494,9.483
1990,train,3.5114,0.1318,8.07,0.0000,nan,4431,1238.4,6.759,6.742
1991,train,4.0836,0.0181,9.10,0.0000,nan,4362,1239.0,6.306,6.304
1992,train,3.8147,0.0776,10.64,0.0000,nan,4165,1239.5,9.106,9.103
1993,train,2.8875,0.1757,5.56,0.0000,nan,4030,1240.1,2.203,2.192
1994,train,4.8439,0.0588,12.74,0.0000,nan,5783,1240.7,11.189,11.186
1995,train,4.2841,0.0195,9.71,0.0000,nan,4925,1241.3,8.892,8.888
1996,train,4.4414,0.1310,11.56,0.0000,nan,4198,1241.8,9.652,9.650
1997,train,3.3477,0.0885,6.97,0.0000,nan,5400,1242.4,5.422,5.416
1998,train,4.1834,0.1319,10.68,0.0000,nan,4626,1243.0,9.128,9.057
1999,train,3.8151,0.0588,7.99,0.0000,nan,4817,1243.6,5.869,5.864
2000,train,3.3370,0.0889,10.11,0.0000,nan,4882,1244.2,7.200,7.193
2000,val,3.7684,0.0825,9.88,0.0000,0.00,222066,1271.6,7.604,7.591
2001,train,3.4218,0.0969,8.73,0.0000,nan,4438,1272.7,6.437,6.428
2002,train,3.4118,0.0652,7.47,0.0000,nan,4173,1273.3,5.547,5.531
2003,train,4.5090,0.0081,16.38,0.0000,nan,4557,1273.9,15.191,15.188
2004,train,4.1033,0.1135,10.89,0.0000,nan,4759,1274.4,8.868,8.867
2005,train,3.9306,0.0338,15.50,0.0000,nan,3934,1275.0,11.507,11.505
2006,train,3.5739,0.0680,7.69,0.0000,nan,4236,1275.6,5.594,5.591
2007,train,3.1278,0.1193,7.15,0.0000,nan,4703,1276.2,4.158,4.139
2008,train,3.8824,0.0471,13.10,0.0000,nan,4647,1276.8,9.535,9.534
2009,train,4.1858,0.0223,11.90,0.0000,nan,4847,1277.3,9.483,9.472
2010,train,3.9588,0.1039,11.54,0.0000,nan,4621,1277.9,8.487,8.482
2011,train,3.6786,0.1116,7.12,0.0000,nan,4410,1278.5,5.371,5.341
2012,train,4.3577,0.0483,10.10,0.0000,nan,4619,1279.1,8.109,8.095
2013,train,4.0461,0.0130,11.90,0.0000,nan,4855,1279.6,7.087,7.075
2014,train,4.4090,0.0071,13.49,0.0000,nan,4925,1280.2,10.761,10.758
2015,train,3.3072,0.2070,12.53,0.0000,nan,5169,1280.8,11.790,11.769
2016,train,4.1671,0.0499,11.28,0.0000,nan,4427,1281.4,9.513,9.508
2017,train,4.2051,0.0879,17.42,0.0000,nan,4506,1282.0,12.985,12.936
2018,train,3.9181,0.0387,13.42,0.0000,nan,4526,1282.5,12.268,12.248
2019,train,3.9168,0.0600,11.61,0.0000,nan,4885,1283.1,8.563,8.555
2020,train,3.5298,0.1078,8.55,0.0000,nan,5064,1283.7,5.922,5.894
2021,train,4.1869,0.1354,9.35,0.0000,nan,4306,1284.3,7.820,7.816
2022,train,4.7348,0.0023,15.72,0.0000,nan,4272,1284.8,13.383,13.378
2023,train,3.7904,0.1093,8.86,0.0000,nan,4610,1285.4,8.023,8.018
2024,train,3.4709,0.0940,8.18,0.0000,nan,4033,1286.0,6.358,6.345
2025,train,3.5708,0.0671,7.87,0.0000,nan,4975,1286.6,6.459,6.454
2026,train,3.2219,0.1471,6.31,0.0000,nan,4534,1287.2,6.014,5.995
2027,train,3.4009,0.1495,6.55,0.0000,nan,4804,1287.7,5.488,5.484
2028,train,3.0945,0.1289,6.12,0.0000,nan,3996,1288.3,4.514,4.493
2029,train,4.5427,0.0380,15.01,0.0000,nan,4343,1288.9,14.905,14.898
2030,train,4.8237,0.0096,11.98,0.0000,nan,4484,1289.5,10.783,10.769
2031,train,3.7808,0.1005,9.78,0.0000,nan,4011,1290.0,7.937,7.930
2032,train,3.6196,0.0725,9.30,0.0000,nan,4334,1290.6,8.786,8.784
2033,train,3.2434,0.2253,7.97,0.0000,nan,4568,1291.2,6.387,6.384
2034,train,2.8559,0.2267,4.97,0.0000,nan,4146,1291.8,3.874,3.830
2035,train,3.8494,0.0934,12.66,0.0000,nan,5174,1292.4,8.737,8.713
2036,train,3.5581,0.1210,12.28,0.0000,nan,4546,1292.9,9.494,9.485
2037,train,3.5408,0.1203,7.52,0.0000,nan,4165,1293.5,5.370,5.366
2038,train,3.6981,0.0890,9.76,0.0000,nan,4058,1294.1,7.697,7.692
2039,train,4.0144,0.0073,14.99,0.0000,nan,3723,1294.7,11.427,11.420
2040,train,3.5047,0.1686,7.76,0.0000,nan,4147,1295.2,7.247,7.244
2041,train,3.5868,0.0572,12.51,0.0000,nan,5071,1295.8,10.737,10.726
2042,train,3.8394,0.1366,10.52,0.0000,nan,5176,1296.4,7.757,7.747
2043,train,3.4773,0.1190,11.57,0.0000,nan,4671,1297.0,8.900,8.888
2044,train,3.6853,0.1580,15.59,0.0000,nan,4575,1297.6,11.821,11.813
2045,train,4.1920,0.0970,11.06,0.0000,nan,5444,1298.1,10.740,10.737
2046,train,3.7426,0.2001,9.65,0.0000,nan,4058,1298.7,8.000,7.997
2047,train,3.6780,0.0869,11.29,0.0000,nan,5708,1299.3,7.924,7.917
2048,train,4.2927,0.0687,13.95,0.0000,nan,4613,1299.9,10.255,10.253
2049,train,3.3903,0.1373,7.23,0.0000,nan,4669,1300.4,6.212,6.205
2050,train,3.5606,0.0747,11.78,0.0000,nan,4510,1301.0,7.922,7.864
2051,train,3.5318,0.0648,11.35,0.0000,nan,4524,1301.6,8.821,8.820
2052,train,3.6806,0.0921,12.39,0.0000,nan,5027,1302.2,13.597,13.591
2053,train,3.5886,0.1028,7.55,0.0000,nan,4201,1302.8,4.968,4.923
2054,train,3.7807,0.0308,8.09,0.0000,nan,4249,1303.3,6.768,6.731
2055,train,3.5391,0.1827,9.57,0.0000,nan,5495,1303.9,9.306,9.302
2056,train,4.4685,0.0449,15.41,0.0000,nan,4475,1304.5,12.521,12.509
2057,train,2.9810,0.2190,5.63,0.0000,nan,3963,1305.1,3.227,3.223
2058,train,4.3739,0.0086,15.15,0.0000,nan,4783,1305.6,11.150,11.141
2059,train,3.1431,0.2047,7.98,0.0000,nan,5135,1306.2,5.995,5.983
2060,train,3.6011,0.0644,9.14,0.0000,nan,4872,1306.8,6.850,6.847
2061,train,4.5929,0.0214,17.09,0.0000,nan,4063,1307.4,17.020,17.009
2062,train,4.1700,0.0319,11.13,0.0000,nan,4702,1308.0,9.907,9.883
2063,train,4.1141,0.1748,9.52,0.0000,nan,4085,1308.5,8.867,8.861
2064,train,3.4517,0.2068,9.22,0.0000,nan,4488,1309.1,7.635,7.614
2065,train,4.5704,0.0154,16.23,0.0000,nan,4098,1309.7,14.095,14.089
2066,train,3.8457,0.0806,10.39,0.0000,nan,4129,1310.3,6.638,6.625
2067,train,4.7805,0.0271,14.55,0.0000,nan,5286,1310.8,13.371,13.365
2068,train,4.1543,0.0410,14.14,0.0000,nan,4369,1311.4,13.306,13.304
2069,train,3.7948,0.0623,12.15,0.0000,nan,5426,1312.0,8.918,8.912
2070,train,3.7528,0.0708,15.04,0.0000,nan,4618,1312.6,11.176,11.170
2071,train,4.1485,0.0787,11.79,0.0000,nan,4983,1313.1,9.068,9.037
2072,train,2.9701,0.1628,5.90,0.0000,nan,4023,1313.7,3.945,3.938
2073,train,4.0608,0.1322,11.23,0.0000,nan,4555,1314.3,8.958,8.953
2074,train,3.9622,0.0171,14.29,0.0000,nan,4159,1314.9,11.676,11.668
2075,train,3.4730,0.1001,7.09,0.0000,nan,4625,1315.5,7.021,6.994
2076,train,4.4162,0.1770,10.80,0.0000,nan,5141,1316.0,10.651,10.591
2077,train,3.6199,0.0601,7.66,0.0000,nan,5090,1316.6,4.451,4.443
2078,train,3.6465,0.0903,12.37,0.0000,nan,4196,1317.2,11.380,11.350
2079,train,3.7813,0.0250,10.10,0.0000,nan,4512,1317.8,8.264,8.261
2080,train,4.5542,0.0053,13.61,0.0000,nan,4189,1318.3,12.277,12.273
2081,train,3.5023,0.1403,5.95,0.0000,nan,3798,1318.9,5.871,5.869
2082,train,3.2160,0.1193,7.38,0.0000,nan,4526,1319.5,6.238,6.224
2083,train,3.2842,0.0745,7.25,0.0000,nan,4604,1320.1,5.384,5.364
2084,train,4.0702,0.0292,8.51,0.0000,nan,4860,1320.7,7.099,7.090
2085,train,4.1659,0.0247,10.26,0.0000,nan,5428,1321.2,8.453,8.440
2086,train,3.0658,0.1009,5.89,0.0000,nan,4105,1321.8,4.028,4.025
2087,train,3.2178,0.1826,8.87,0.0000,nan,4146,1322.4,7.029,7.021
2088,train,3.4406,0.0660,7.48,0.0000,nan,4123,1323.0,6.582,6.573
2089,train,5.0343,0.0347,19.14,0.0000,nan,4319,1323.5,16.322,16.306
2090,train,3.9747,0.0314,11.32,0.0000,nan,4238,1324.1,9.330,9.261
2091,train,4.0307,0.0789,12.17,0.0000,nan,4890,1324.7,9.304,9.280
2092,train,3.2584,0.1231,6.18,0.0000,nan,4460,1325.3,4.146,4.141
2093,train,4.7830,0.0133,16.49,0.0000,nan,4497,1325.8,15.658,15.639
2094,train,4.1967,0.0410,10.21,0.0000,nan,5122,1326.4,9.316,9.309
2095,train,3.6928,0.0321,8.50,0.0000,nan,5673,1327.0,5.041,5.035
2096,train,2.8792,0.1957,5.78,0.0000,nan,3996,1327.6,2.804,2.787
2097,train,3.9256,0.1231,9.57,0.0000,nan,4752,1328.2,8.282,8.281
2098,train,4.6529,0.0292,12.01,0.0000,nan,5173,1328.7,11.225,11.222
2099,train,3.5772,0.1930,8.21,0.0000,nan,5679,1329.3,7.026,7.020
2100,train,3.5113,0.0767,10.55,0.0000,nan,5435,1329.9,7.815,7.791
2101,train,3.2364,0.0971,6.49,0.0000,nan,5282,1330.5,5.157,5.143
2102,train,3.2000,0.2173,8.59,0.0000,nan,4164,1331.1,7.501,7.490
2103,train,3.9664,0.0402,13.29,0.0000,nan,4328,1331.6,10.445,10.436
2104,train,4.4948,0.0315,15.31,0.0000,nan,4792,1332.2,10.784,10.773
2105,train,3.4748,0.0650,7.86,0.0000,nan,4259,1332.8,5.661,5.653
2106,train,4.4353,0.0712,16.00,0.0000,nan,5297,1333.4,12.857,12.856
2107,train,4.3607,0.0177,14.73,0.0000,nan,4699,1333.9,11.967,11.953
2108,train,5.0299,0.0028,15.52,0.0000,nan,4359,1334.5,9.867,9.857
2109,train,4.2202,0.0468,16.74,0.0000,nan,5445,1335.1,14.399,14.395
2110,train,3.7822,0.0484,12.44,0.0000,nan,4425,1335.7,9.423,9.415
2111,train,4.4668,0.0383,13.74,0.0000,nan,4747,1336.3,10.109,10.102
2112,train,3.1521,0.1579,5.81,0.0000,nan,4162,1336.8,4.349,4.333
2113,train,4.5499,0.0878,12.61,0.0000,nan,4774,1337.4,10.601,10.596
2114,train,4.7839,0.0088,15.52,0.0000,nan,5202,1338.0,13.140,13.138
2115,train,4.2880,0.0343,10.34,0.0000,nan,4116,1338.6,8.560,8.558
2116,train,4.5309,0.0131,13.46,0.0000,nan,4492,1339.2,10.709,10.708
2117,train,3.6084,0.1222,8.58,0.0000,nan,4387,1339.7,4.742,4.726
2118,train,3.8812,0.0948,8.77,0.0000,nan,4692,1340.3,5.960,5.935
2119,train,4.2671,0.0319,10.04,0.0000,nan,4445,1340.9,6.429,6.425
2120,train,3.6209,0.0764,8.79,0.0000,nan,4296,1341.5,8.976,8.954
2121,train,3.9246,0.0639,10.56,0.0000,nan,4504,1342.0,6.319,6.313
2122,train,3.9781,0.0533,9.50,0.0000,nan,4859,1342.6,6.490,6.464
2123,train,4.2974,0.0439,11.20,0.0000,nan,4575,1343.2,6.305,6.290
2124,train,4.0481,0.0574,12.23,0.0000,nan,5433,1343.8,8.702,8.685
2125,train,3.9496,0.0359,15.24,0.0000,nan,5622,1344.3,11.436,11.426
2126,train,4.0413,0.0445,10.59,0.0000,nan,4695,1344.9,8.734,8.733
2127,train,3.2630,0.1425,6.88,0.0000,nan,4245,1345.5,6.130,6.125
2128,train,3.4646,0.1122,8.80,0.0000,nan,4491,1346.1,7.154,7.152
2129,train,3.9173,0.0362,14.34,0.0000,nan,4945,1346.7,11.619,11.617
2130,train,4.0667,0.0418,10.33,0.0000,nan,4690,1347.2,8.555,8.540
2131,train,3.6209,0.0788,11.14,0.0000,nan,4569,1347.8,8.454,8.446
2132,train,3.2757,0.1182,6.71,0.0000,nan,3960,1348.4,5.849,5.847
2133,train,3.5467,0.0745,10.09,0.0000,nan,4513,1349.0,7.464,7.442
2134,train,3.2872,0.1419,7.47,0.0000,nan,4798,1349.6,5.631,5.618
2135,train,3.7553,0.0508,11.62,0.0000,nan,3901,1350.1,9.617,9.616
2136,train,4.1146,0.0088,10.53,0.0000,nan,4331,1350.7,8.574,8.565
2137,train,3.2476,0.1218,7.66,0.0000,nan,4295,1351.3,6.326,6.293
2138,train,3.7518,0.0497,10.89,0.0000,nan,4285,1351.9,9.272,9.269
2139,train,3.3539,0.0667,6.56,0.0000,nan,4711,1352.4,4.525,4.516
2140,train,3.7832,0.1416,11.26,0.0000,nan,4003,1353.0,9.611,9.607
2141,train,3.3432,0.0601,11.73,0.0000,nan,4157,1353.6,8.611,8.571
2142,train,3.9581,0.0372,12.15,0.0000,nan,4646,1354.2,9.959,9.944
2143,train,3.4521,0.0836,9.23,0.0000,nan,4377,1354.7,7.140,7.101
2144,train,3.7827,0.0848,7.15,0.0000,nan,4212,1355.3,4.772,4.760
2145,train,3.3760,0.1215,6.55,0.0000,nan,5845,1355.9,6.157,6.125
2146,train,4.3198,0.1165,12.71,0.0000,nan,4480,1356.5,10.780,10.778
2147,train,3.0742,0.0765,6.51,0.0000,nan,4324,1357.1,5.216,5.215
2148,train,4.5183,0.0068,15.75,0.0000,nan,4584,1357.6,13.158,13.150
2149,train,3.6610,0.0631,11.80,0.0000,nan,4957,1358.2,9.491,9.484
2150,train,4.6097,0.0054,12.24,0.0000,nan,4857,1358.8,11.126,11.122
2151,train,3.0213,0.1750,7.23,0.0000,nan,4938,1359.4,6.514,6.506
2152,train,4.3593,0.0134,12.48,0.0000,nan,4908,1359.9,9.349,9.344
2153,train,2.9251,0.1559,6.24,0.0000,nan,3830,1360.5,5.296,5.293
2154,train,3.2234,0.1319,5.75,0.0000,nan,5382,1361.1,2.496,2.405
2155,train,4.0423,0.0229,12.44,0.0000,nan,4764,1361.7,11.277,11.268
2156,train,3.1419,0.0685,6.90,0.0000,nan,4324,1362.3,6.206,6.200
2157,train,4.9598,0.0216,16.03,0.0000,nan,4910,1362.8,13.192,13.190
2158,train,3.0170,0.1252,5.72,0.0000,nan,4314,1363.4,5.290,5.288
2159,train,4.6525,0.0081,15.92,0.0000,nan,4719,1364.0,12.212,12.205
2160,train,4.2623,0.0270,11.91,0.0000,nan,4553,1364.6,9.150,9.133
2161,train,4.0674,0.0069,10.49,0.0000,nan,4489,1365.1,7.491,7.487
2162,train,2.9741,0.1565,5.94,0.0000,nan,4148,1365.7,3.581,3.459
2163,train,3.1698,0.1831,6.75,0.0000,nan,4942,1366.3,4.842,4.838
2164,train,3.8257,0.0792,10.77,0.0000,nan,5328,1366.9,10.529,10.522
2165,train,3.9817,0.0429,8.13,0.0000,nan,4869,1367.5,5.533,5.529
2166,train,3.5334,0.0422,7.18,0.0000,nan,5075,1368.0,5.068,5.061
2167,train,4.3317,0.0112,13.34,0.0000,nan,4993,1368.6,13.468,13.465
2168,train,3.7644,0.0221,10.35,0.0000,nan,4617,1369.2,9.036,9.033
2169,train,4.0106,0.0447,18.45,0.0000,nan,4698,1369.8,16.468,16.429
2170,train,3.3987,0.1022,10.26,0.0000,nan,4930,1370.4,6.459,6.455
2171,train,4.2303,0.0309,10.32,0.0000,nan,4204,1370.9,5.021,4.788
2172,train,3.1038,0.1580,8.51,0.0000,nan,4221,1371.5,8.111,8.094
2173,train,4.0781,0.0338,11.00,0.0000,nan,4823,1372.1,9.509,9.498
2174,train,3.5429,0.0774,9.23,0.0000,nan,4328,1372.7,7.531,7.511
2175,train,3.5089,0.0979,8.69,0.0000,nan,4884,1373.2,6.991,6.973
2176,train,2.9078,0.1655,5.24,0.0000,nan,4321,1373.8,2.588,2.576
2177,train,3.2374,0.1575,6.37,0.0000,nan,4343,1374.4,5.271,5.249
2178,train,3.0424,0.1735,5.74,0.0000,nan,4449,1375.0,3.636,3.610
2179,train,3.9847,0.0745,12.44,0.0000,nan,4751,1375.6,11.080,11.051
2180,train,3.6579,0.0598,8.60,0.0000,nan,3813,1376.1,7.513,7.510
2181,train,3.8772,0.0467,7.75,0.0000,nan,4371,1376.7,6.158,6.153
2182,train,3.5423,0.1422,6.93,0.0000,nan,4262,1377.3,4.898,4.880
2183,train,3.2225,0.0905,9.46,0.0000,nan,4256,1377.9,6.496,6.490
2184,train,4.0553,0.0431,10.14,0.0000,nan,4390,1378.4,7.802,7.797
2185,train,3.6542,0.0695,8.08,0.0000,nan,4301,1379.0,4.903,4.883
2186,train,4.6818,0.0160,19.81,0.0000,nan,4864,1379.6,17.527,17.516
2187,train,3.3857,0.0571,7.05,0.0000,nan,4550,1380.2,4.879,4.873
2188,train,3.3051,0.0781,7.60,0.0000,nan,4416,1380.8,5.513,5.512
2189,train,4.7443,0.0444,13.85,0.0000,nan,4937,1381.3,11.824,11.814
2190,train,2.8852,0.1993,5.07,0.0000,nan,4706,1381.9,2.556,2.535
2191,train,3.6064,0.0554,7.19,0.0000,nan,4660,1382.5,6.272,6.271
2192,train,3.0881,0.1295,5.88,0.0000,nan,4140,1383.1,4.535,4.524
2193,train,4.3209,0.0603,14.75,0.0000,nan,5026,1383.6,10.975,10.968
2194,train,3.8782,0.0834,10.08,0.0000,nan,4374,1384.2,7.672,7.661
2195,train,3.6995,0.0788,10.47,0.0000,nan,4749,1384.8,5.433,5.386
2196,train,3.8588,0.0270,11.44,0.0000,nan,4215,1385.4,10.154,10.138
2197,train,3.6990,0.0910,8.86,0.0000,nan,4461,1386.0,7.164,7.158
2198,train,4.5768,0.1024,10.95,0.0000,nan,4522,1386.5,10.205,10.203
2199,train,4.1027,0.1981,8.80,0.0000,nan,4851,1387.1,7.421,7.402
2200,train,3.7736,0.0688,11.17,0.0000,nan,4099,1387.7,9.867,9.864
2201,train,3.9325,0.0151,10.74,0.0000,nan,4561,1388.3,8.845,8.841
2202,train,3.3455,0.0508,6.65,0.0000,nan,3759,1388.8,5.335,5.334
2203,train,3.1033,0.1868,6.62,0.0000,nan,4679,1389.4,5.134,5.122
2204,train,3.4996,0.0764,7.82,0.0000,nan,4661,1390.0,5.081,5.058
2205,train,4.3467,0.0058,13.30,0.0000,nan,4296,1390.6,8.573,8.533
2206,train,3.8264,0.0466,10.53,0.0000,nan,4204,1391.2,7.408,7.396
2207,train,4.3966,0.1771,10.05,0.0000,nan,4630,1391.7,9.961,9.950
2208,train,3.4632,0.0822,8.63,0.0000,nan,4501,1392.3,7.245,7.236
2209,train,4.4101,0.0965,13.42,0.0000,nan,4559,1392.9,13.649,13.645
2210,train,3.1939,0.0884,10.78,0.0000,nan,4206,1393.5,9.309,9.302
2211,train,3.7012,0.1022,8.82,0.0000,nan,4901,1394.0,7.445,7.433
2212,train,4.0179,0.1069,10.67,0.0000,nan,5278,1394.6,9.712,9.703
2213,train,3.3808,0.0829,7.41,0.0000,nan,4550,1395.2,6.168,6.167
2214,train,4.0689,0.0641,10.97,0.0000,nan,5224,1395.8,8.247,8.234
2215,train,3.1137,0.0845,6.62,0.0000,nan,4388,1396.4,4.865,4.838
2216,train,3.8193,0.0167,8.08,0.0000,nan,4384,1396.9,7.325,7.310
2217,train,3.4512,0.2441,5.51,0.0000,nan,4289,1397.5,3.099,3.071
2218,train,4.2180,0.0087,9.56,0.0000,nan,5402,1398.1,7.625,7.619
2219,train,3.0971,0.1519,5.85,0.0000,nan,3924,1398.7,3.987,3.960
2220,train,3.2371,0.1423,6.58,0.0000,nan,3999,1399.2,4.769,4.758
2221,train,4.1035,0.0834,9.89,0.0000,nan,4494,1399.8,7.781,7.779
2222,train,4.1024,0.1080,11.73,0.0000,nan,4446,1400.4,9.119,9.117
2223,train,3.6986,0.1050,10.83,0.0000,nan,4295,1401.0,9.525,9.524
2224,train,3.7492,0.0723,14.22,0.0000,nan,4470,1401.6,9.255,9.180
2225,train,4.8475,0.0082,15.92,0.0000,nan,4996,1402.1,13.084,13.079
2226,train,4.1907,0.0718,14.38,0.0000,nan,5210,1402.7,10.692,10.680
2227,train,3.6884,0.1067,9.39,0.0000,nan,5446,1403.3,5.674,5.644
2228,train,3.3262,0.1099,7.33,0.0000,nan,4805,1403.9,6.514,6.489
2229,train,4.3436,0.0201,10.12,0.0000,nan,4721,1404.4,8.116,8.112
2230,train,3.0848,0.0942,6.37,0.0000,nan,3916,1405.0,3.814,3.811
2231,train,2.5419,0.2855,4.36,0.0000,nan,4112,1405.6,2.618,2.611
2232,train,3.9080,0.0656,12.19,0.0000,nan,3916,1406.2,10.345,10.339
2233,train,4.0352,0.0081,9.75,0.0000,nan,4202,1406.8,9.064,9.062
2234,train,3.1747,0.1939,6.14,0.0000,nan,3955,1407.3,3.210,3.044
2235,train,3.5976,0.0936,8.86,0.0000,nan,4404,1407.9,6.796,6.795
2236,train,4.8020,0.0812,12.93,0.0000,nan,4444,1408.5,10.252,10.242
2237,train,3.5968,0.1115,11.76,0.0000,nan,4226,1409.1,10.444,10.430
2238,train,4.4312,0.0838,11.36,0.0000,nan,4680,1409.6,9.498,9.490
2239,train,4.0695,0.0384,10.91,0.0000,nan,4687,1410.2,8.595,8.577
2240,train,3.3708,0.0869,7.15,0.0000,nan,3717,1410.8,5.289,5.285
2241,train,3.2615,0.1661,5.66,0.0000,nan,4444,1411.4,3.562,3.559
2242,train,3.7957,0.0709,10.83,0.0000,nan,5104,1412.0,9.054,9.049
2243,train,3.1272,0.1559,6.88,0.0000,nan,4504,1412.5,4.932,4.896
2244,train,3.8284,0.0684,8.48,0.0000,nan,4561,1413.1,6.250,6.234
2245,train,3.7203,0.1079,9.89,0.0000,nan,4577,1413.7,8.255,8.247
2246,train,4.1223,0.1381,12.48,0.0000,nan,3896,1414.3,10.576,10.567
2247,train,3.4694,0.1257,10.77,0.0000,nan,4393,1414.8,8.057,8.037
2248,train,4.0848,0.0237,11.06,0.0000,nan,4764,1415.4,9.585,9.572
2249,train,3.7125,0.0647,8.68,0.0000,nan,4484,1416.0,7.000,6.996
2250,train,3.8333,0.1478,11.58,0.0000,nan,5358,1416.6,8.023,8.014
2251,train,2.8953,0.2604,5.29,0.0000,nan,4558,1417.2,2.827,2.801
2252,train,4.5861,0.0595,13.52,0.0000,nan,4388,1417.7,12.377,12.377
2253,train,4.6863,0.0137,14.21,0.0000,nan,4659,1418.3,12.078,12.074
2254,train,2.6826,0.2190,5.27,0.0000,nan,4201,1418.9,4.052,4.046
2255,train,4.0041,0.0751,11.95,0.0000,nan,4650,1419.5,10.854,10.846
2256,train,3.8593,0.1029,8.33,0.0000,nan,4723,1420.0,7.922,7.916
2257,train,3.8016,0.0325,7.80,0.0000,nan,5019,1420.6,5.123,5.107
2258,train,3.1599,0.1071,7.08,0.0000,nan,4941,1421.2,5.147,5.120
2259,train,4.2163,0.0480,8.13,0.0000,nan,4315,1421.8,6.983,6.979
2260,train,4.6659,0.0183,12.45,0.0000,nan,5032,1422.4,10.517,10.511
2261,train,5.2393,0.0246,14.20,0.0000,nan,4479,1422.9,11.749,11.746
2262,train,3.1173,0.1416,5.75,0.0000,nan,4476,1423.5,3.570,3.556
2263,train,3.5179,0.1036,7.44,0.0000,nan,4323,1424.1,5.906,5.892
2264,train,3.2776,0.1108,6.54,0.0000,nan,4664,1424.7,4.657,4.650
2265,train,3.4037,0.1330,6.78,0.0000,nan,4212,1425.2,5.368,5.359
2266,train,4.5195,0.0254,12.87,0.0000,nan,4260,1425.8,12.435,12.434
2267,train,3.2482,0.0561,7.34,0.0000,nan,3830,1426.4,5.569,5.568
2268,train,4.2100,0.0265,11.12,0.0000,nan,4611,1427.0,10.362,10.360
2269,train,3.5742,0.1235,8.96,0.0000,nan,4649,1427.6,5.743,5.720
2270,train,3.3287,0.1017,7.73,0.0000,nan,4956,1428.1,5.861,5.858
2271,train,4.1694,0.0231,11.77,0.0000,nan,4031,1428.7,10.426,10.416
2272,train,3.0752,0.0820,6.28,0.0000,nan,4572,1429.3,3.810,3.791
2273,train,3.6232,0.0802,8.88,0.0000,nan,4877,1429.9,6.862,6.853
2274,train,3.8759,0.0299,8.30,0.0000,nan,4015,1430.4,6.621,6.618
2275,train,3.7524,0.0981,9.99,0.0000,nan,4242,1431.0,6.758,6.743
2276,train,3.7460,0.0382,10.29,0.0000,nan,4951,1431.6,7.721,7.713
2277,train,4.9859,0.0236,12.33,0.0000,nan,4839,1432.2,9.916,9.902
2278,train,3.4504,0.1461,7.32,0.0000,nan,4209,1432.8,6.521,6.513
2279,train,4.5742,0.1402,13.81,0.0000,nan,4507,1433.3,11.439,11.387
2280,train,3.3291,0.0906,6.76,0.0000,nan,4361,1433.9,5.823,5.821
2281,train,4.2521,0.0493,11.81,0.0000,nan,4322,1434.5,9.798,9.795
2282,train,4.3983,0.0251,12.44,0.0000,nan,4231,1435.1,11.193,11.191
2283,train,4.6552,0.0219,12.71,0.0000,nan,4427,1435.6,11.795,11.791
2284,train,3.9610,0.0717,11.47,0.0000,nan,4142,1436.2,9.657,9.653
2285,train,3.0210,0.1404,6.03,0.0000,nan,4338,1436.8,4.093,4.088
2286,train,5.0431,0.0104,17.81,0.0000,nan,4241,1437.4,16.129,16.128
2287,train,3.5391,0.1162,8.59,0.0000,nan,4078,1437.9,6.347,6.342
2288,train,3.4721,0.1373,8.07,0.0000,nan,4159,1438.5,6.940,6.928
2289,train,4.4037,0.0871,14.65,0.0000,nan,4613,1439.1,11.696,11.689
2290,train,3.4260,0.0608,7.39,0.0000,nan,4788,1439.7,5.459,5.453
2291,train,3.0907,0.1713,5.89,0.0000,nan,3813,1440.3,4.352,4.346
2292,train,4.3622,0.0111,14.83,0.0000,nan,4869,1440.8,12.728,12.720
2293,train,4.1538,0.0648,12.78,0.0000,nan,4443,1441.4,11.081,11.058
2294,train,3.8486,0.0814,10.39,0.0000,nan,4904,1442.0,6.001,5.955
2295,train,3.2763,0.1111,7.00,0.0000,nan,4250,1442.6,4.670,4.640
2296,train,3.2780,0.0718,8.38,0.0000,nan,4274,1443.1,6.073,6.060
2297,train,3.8037,0.0962,7.05,0.0000,nan,3720,1443.7,6.954,6.950
2298,train,3.7309,0.1716,9.33,0.0000,nan,4755,1444.3,7.805,7.800
2299,train,3.6801,0.0794,7.63,0.0000,nan,4459,1444.9,6.823,6.822
2300,train,4.4592,0.0055,12.95,0.0000,nan,4033,1445.5,11.555,11.538
2301,train,3.9382,0.0643,12.37,0.0000,nan,4897,1446.0,9.615,9.606
2302,train,3.5362,0.1492,9.64,0.0000,nan,4014,1446.6,6.071,6.058
2303,train,3.9247,0.0399,15.87,0.0000,nan,4514,1447.2,12.694,12.688
2304,train,2.7616,0.2078,4.96,0.0000,nan,4018,1447.8,4.039,4.031
2305,train,3.8841,0.0232,10.09,0.0000,nan,4529,1448.3,11.087,11.081
2306,train,4.6168,0.0123,12.38,0.0000,nan,4880,1448.9,10.920,10.901
2307,train,3.6381,0.0911,12.20,0.0000,nan,4304,1449.5,9.115,9.069
2308,train,3.2245,0.0977,6.69,0.0000,nan,4024,1450.1,4.212,4.198
2309,train,3.3510,0.0671,10.36,0.0000,nan,4414,1450.7,8.700,8.696
2310,train,3.6738,0.1695,10.66,0.0000,nan,4713,1451.2,8.796,8.783
2311,train,3.4465,0.1025,6.34,0.0000,nan,4527,1451.8,4.924,4.912
2312,train,3.6647,0.0175,11.10,0.0000,nan,4910,1452.4,9.483,9.463
2313,train,3.6469,0.0412,7.58,0.0000,nan,4783,1453.0,6.867,6.857
2314,train,3.2601,0.1225,8.13,0.0000,nan,4644,1453.5,4.711,4.702
2315,train,2.9909,0.2344,6.54,0.0000,nan,4458,1454.1,5.258,5.204
2316,train,4.1592,0.0348,12.27,0.0000,nan,4142,1454.7,11.235,11.221
2317,train,3.8373,0.0877,9.19,0.0000,nan,4048,1455.3,6.591,6.588
2318,train,3.0760,0.1310,6.44,0.0000,nan,4450,1455.9,3.578,3.556
2319,train,3.9829,0.0361,12.94,0.0000,nan,4873,1456.4,10.866,10.846
2320,train,3.1137,0.0817,5.81,0.0000,nan,4102,1457.0,4.094,4.088
2321,train,3.4213,0.0622,7.79,0.0000,nan,4498,1457.6,4.906,4.889
2322,train,3.0051,0.2090,5.65,0.0000,nan,4580,1458.2,4.312,4.294
2323,train,3.4717,0.1605,10.43,0.0000,nan,4866,1458.7,7.257,7.241
2324,train,4.2278,0.0792,11.93,0.0000,nan,4431,1459.3,10.216,10.203
2325,train,3.5067,0.0461,7.51,0.0000,nan,4448,1459.9,4.574,4.570
2326,train,4.0357,0.0300,10.98,0.0000,nan,5533,1460.5,7.532,7.512
2327,train,4.3518,0.0127,15.14,0.0000,nan,5205,1461.1,10.973,10.962
2328,train,4.3992,0.0489,9.55,0.0000,nan,4229,1461.6,8.331,8.321
2329,train,4.1299,0.0545,9.07,0.0000,nan,4553,1462.2,8.346,8.343
2330,train,3.9784,0.0756,8.70,0.0000,nan,4313,1462.8,6.778,6.751
2331,train,4.7450,0.0852,17.87,0.0000,nan,4352,1463.4,15.062,15.058
2332,train,3.8142,0.0363,10.61,0.0000,nan,4936,1463.9,9.084,9.073
2333,train,3.2451,0.0842,8.67,0.0000,nan,4157,1464.5,6.188,6.171
2334,train,3.3101,0.1996,8.92,0.0000,nan,4333,1465.1,7.003,6.998
2335,train,4.0753,0.0116,10.63,0.0000,nan,4755,1465.7,8.097,8.081
2336,train,3.7043,0.0507,13.64,0.0000,nan,4040,1466.3,11.607,11.604
2337,train,4.7688,0.0293,11.52,0.0000,nan,4742,1466.8,9.269,9.259
2338,train,3.9102,0.0686,9.93,0.0000,nan,4520,1467.4,8.070,8.065
2339,train,4.4598,0.0768,14.33,0.0000,nan,4700,1468.0,12.453,12.443
2340,train,4.5237,0.0922,13.43,0.0000,nan,4640,1468.6,10.651,10.643
2341,train,3.7472,0.1651,12.22,0.0000,nan,3768,1469.1,10.016,9.996
2342,train,2.9767,0.1088,5.81,0.0000,nan,4533,1469.7,4.008,3.937
2343,train,3.9879,0.0333,11.01,0.0000,nan,5076,1470.3,7.413,7.372
2344,train,3.1170,0.1167,6.70,0.0000,nan,4705,1470.9,3.744,3.691
2345,train,4.2958,0.0824,15.15,0.0000,nan,4126,1471.5,12.691,12.676
2346,train,3.2992,0.0880,10.57,0.0000,nan,4614,1472.0,9.488,9.432
2347,train,3.4262,0.1104,8.86,0.0000,nan,4936,1472.6,7.084,7.079
2348,train,3.3800,0.1146,10.37,0.0000,nan,4999,1473.2,7.072,7.064
2349,train,3.6230,0.0641,12.38,0.0000,nan,4616,1473.8,8.906,8.897
2350,train,3.6176,0.0775,9.60,0.0000,nan,4129,1474.3,9.494,9.491
2351,train,3.2879,0.1637,6.91,0.0000,nan,3935,1474.9,4.222,4.214
2352,train,3.8530,0.0554,12.00,0.0000,nan,4061,1475.5,10.461,10.459
2353,train,2.8097,0.1678,5.03,0.0000,nan,4208,1476.1,3.482,3.460
2354,train,3.9755,0.0586,10.00,0.0000,nan,5510,1476.6,7.554,7.546
2355,train,3.7761,0.0179,10.86,0.0000,nan,4980,1477.2,9.398,9.397
2356,train,4.2290,0.0630,14.63,0.0000,nan,4972,1477.8,12.239,12.237
2357,train,4.3080,0.0981,12.18,0.0000,nan,4219,1478.4,8.930,8.901
2358,train,3.6106,0.1456,10.88,0.0000,nan,5260,1479.0,9.421,9.411
2359,train,3.4338,0.2118,6.24,0.0000,nan,4461,1479.5,4.941,4.930
2360,train,2.8261,0.2207,6.27,0.0000,nan,3988,1480.1,5.581,5.570
2361,train,2.8280,0.1464,5.49,0.0000,nan,4202,1480.7,3.529,3.522
2362,train,4.6177,0.0037,15.75,0.0000,nan,5676,1481.3,13.995,13.992
2363,train,3.4749,0.1077,7.37,0.0000,nan,4131,1481.8,6.221,6.214
2364,train,4.1388,0.0131,11.43,0.0000,nan,5029,1482.4,11.036,11.028
2365,train,3.4195,0.0881,7.53,0.0000,nan,4872,1483.0,6.298,6.285
2366,train,3.9444,0.0647,11.13,0.0000,nan,4189,1483.6,9.351,9.348
2367,train,4.1647,0.0371,11.48,0.0000,nan,4261,1484.2,7.853,7.838
2368,train,3.5481,0.0619,11.90,0.0000,nan,4070,1484.7,9.666,9.660
2369,train,3.4662,0.1334,9.17,0.0000,nan,4646,1485.3,7.365,7.351
2370,train,4.5744,0.0814,14.15,0.0000,nan,4888,1485.9,11.113,11.105
2371,train,3.6106,0.0842,10.74,0.0000,nan,4266,1486.5,7.475,7.473
2372,train,3.6836,0.0400,8.45,0.0000,nan,4224,1487.0,7.943,7.924
2373,train,4.2306,0.0369,9.86,0.0000,nan,4933,1487.6,9.188,9.186
2374,train,3.6094,0.1052,9.28,0.0000,nan,4745,1488.2,6.619,6.613
2375,train,3.8286,0.0795,8.84,0.0000,nan,4200,1488.8,5.331,5.302
2376,train,3.6996,0.0842,10.71,0.0000,nan,5282,1489.4,8.557,8.556
2377,train,4.1486,0.0244,10.91,0.0000,nan,4540,1489.9,9.585,9.567
2378,train,4.1070,0.0257,12.58,0.0000,nan,4756,1490.5,10.891,10.886
2379,train,3.8369,0.0473,10.66,0.0000,nan,4607,1491.1,8.765,8.759
2380,train,4.0795,0.0867,9.86,0.0000,nan,4879,1491.7,7.276,7.264
2381,train,3.6932,0.0983,13.11,0.0000,nan,3898,1492.2,10.548,10.546
2382,train,3.8565,0.0875,11.99,0.0000,nan,3990,1492.8,7.707,7.702
2383,train,3.6355,0.0143,7.91,0.0000,nan,3909,1493.4,6.064,6.059
2384,train,4.3858,0.0332,10.79,0.0000,nan,3768,1494.0,8.965,8.960
2385,train,3.3903,0.0667,8.93,0.0000,nan,4330,1494.6,7.148,7.102
2386,train,3.0516,0.1716,7.25,0.0000,nan,4698,1495.1,4.738,4.723
2387,train,2.6743,0.1985,4.58,0.0000,nan,4786,1495.7,1.848,1.832
2388,train,3.8596,0.0197,10.42,0.0000,nan,4466,1496.3,7.014,7.009
2389,train,4.0394,0.0839,9.54,0.0000,nan,4196,1496.9,7.671,7.664
2390,train,3.2596,0.0660,6.58,0.0000,nan,4756,1497.4,4.232,4.228
2391,train,4.1628,0.0745,11.33,0.0000,nan,4106,1498.0,9.362,9.354
2392,train,3.2756,0.1103,9.80,0.0000,nan,5059,1498.6,7.471,7.470
2393,train,3.3198,0.0974,6.24,0.0000,nan,5206,1499.2,5.300,5.295
2394,train,4.0086,0.1216,14.16,0.0000,nan,4433,1499.8,10.634,10.631
2395,train,3.0420,0.1724,5.58,0.0000,nan,4096,1500.3,3.613,3.590
2396,train,3.6319,0.0237,10.00,0.0000,nan,4677,1500.9,7.059,7.057
2397,train,5.0713,0.0332,16.03,0.0000,nan,4763,1501.5,14.415,14.411
2398,train,3.5060,0.0896,8.60,0.0000,nan,4607,1502.1,4.868,4.861
2399,train,3.9445,0.0539,9.52,0.0000,nan,4489,1502.6,6.960,6.940
2400,train,3.5461,0.0597,8.79,0.0000,nan,4102,1503.2,5.282,5.108
2401,train,3.3225,0.3295,7.03,0.0000,nan,4124,1503.8,6.439,6.424
2402,train,3.0823,0.1893,7.07,0.0000,nan,4521,1504.4,5.605,5.595
2403,train,3.4905,0.0897,7.76,0.0000,nan,4506,1505.0,5.994,5.993
2404,train,4.0106,0.0695,14.88,0.0000,nan,4449,1505.5,11.734,11.720
2405,train,3.4560,0.0420,6.70,0.0000,nan,4428,1506.1,5.832,5.820
2406,train,3.5939,0.1409,7.65,0.0000,nan,3890,1506.7,5.658,5.627
2407,train,3.3294,0.1105,7.49,0.0000,nan,3935,1507.3,5.247,5.245
2408,train,3.5724,0.0591,10.46,0.0000,nan,4418,1507.8,8.771,8.762
2409,train,5.1714,0.0061,18.94,0.0000,nan,4593,1508.4,15.646,15.641
2410,train,3.9756,0.1045,8.98,0.0000,nan,4477,1509.0,8.036,8.033
2411,train,3.6407,0.0508,8.56,0.0000,nan,4606,1509.6,6.347,6.339
2412,train,3.9749,0.0157,9.43,0.0000,nan,4393,1510.2,7.439,7.432
2413,train,2.8633,0.1978,5.60,0.0000,nan,4883,1510.7,2.634,2.624
2414,train,3.3732,0.1201,10.56,0.0000,nan,4664,1511.3,8.703,8.678
2415,train,2.8354,0.2360,4.61,0.0000,nan,4615,1511.9,1.998,1.986
2416,train,4.0357,0.1463,11.11,0.0000,nan,4381,1512.5,9.571,9.565
2417,train,3.3924,0.0475,7.38,0.0000,nan,3855,1513.0,6.507,6.496
2418,train,3.5542,0.0970,9.37,0.0000,nan,3969,1513.6,6.999,6.996
2419,train,3.2610,0.2222,5.80,0.0000,nan,4672,1514.2,4.868,4.836
2420,train,4.0335,0.0471,15.77,0.0000,nan,4161,1514.8,13.016,13.001
2421,train,3.6833,0.1202,7.16,0.0000,nan,4218,1515.3,5.492,5.486
2422,train,4.0359,0.0342,14.84,0.0000,nan,4292,1515.9,13.866,13.863
2423,train,4.1121,0.1095,9.56,0.0000,nan,3818,1516.5,7.969,7.869
2424,train,4.4207,0.3480,7.27,0.0000,nan,4696,1517.1,5.981,5.971
2425,train,3.9527,0.0699,11.05,0.0000,nan,4391,1517.7,10.996,10.993
2426,train,2.9384,0.1079,5.32,0.0000,nan,4560,1518.2,2.624,2.593
2427,train,4.3404,0.0780,8.76,0.0000,nan,4345,1518.8,6.816,6.813
2428,train,4.1709,0.0395,10.39,0.0000,nan,4380,1519.4,7.610,7.581
2429,train,3.6497,0.0312,9.64,0.0000,nan,4672,1520.0,8.193,8.178
2430,train,3.0718,0.1452,5.93,0.0000,nan,4643,1520.5,5.011,4.926
2431,train,3.2350,0.1115,7.00,0.0000,nan,4555,1521.1,5.926,5.891
2432,train,3.9125,0.0794,10.49,0.0000,nan,4524,1521.7,11.206,11.194
2433,train,2.9651,0.1329,5.78,0.0000,nan,4131,1522.3,5.644,5.641
2434,train,3.1364,0.1383,7.27,0.0000,nan,4489,1522.9,5.976,5.962
2435,train,3.8497,0.0601,11.93,0.0000,nan,4811,1523.4,9.982,9.965
2436,train,5.2799,0.0096,16.19,0.0000,nan,5092,1524.0,13.367,13.364
2437,train,3.3406,0.1811,6.71,0.0000,nan,4760,1524.6,4.701,4.691
2438,train,3.6314,0.1164,8.65,0.0000,nan,4133,1525.2,8.394,8.388
2439,train,3.9463,0.0847,11.35,0.0000,nan,4580,1525.7,9.163,9.160
2440,train,3.5721,0.0431,8.32,0.0000,nan,4196,1526.3,7.038,7.028
2441,train,3.8921,0.1510,10.80,0.0000,nan,4343,1526.9,8.614,8.603
2442,train,3.0564,0.1166,9.24,0.0000,nan,4383,1527.5,6.619,6.606
2443,train,3.7078,0.0334,11.31,0.0000,nan,4460,1528.1,9.630,9.628
2444,train,3.6957,0.0306,11.85,0.0000,nan,4734,1528.6,9.417,9.411
2445,train,3.3383,0.1316,8.09,0.0000,nan,4832,1529.2,5.964,5.955
2446,train,3.0444,0.0735,5.40,0.0000,nan,4151,1529.8,3.927,3.923
2447,train,3.0279,0.1531,6.32,0.0000,nan,4219,1530.4,5.223,5.212
2448,train,3.0970,0.0714,6.43,0.0000,nan,4467,1530.9,5.484,5.469
2449,train,4.3875,0.0288,11.26,0.0000,nan,4410,1531.5,9.269,9.251
2450,train,3.2615,0.0957,7.46,0.0000,nan,4848,1532.1,5.734,5.729
2451,train,3.3214,0.0640,9.07,0.0000,nan,4107,1532.7,7.509,7.499
2452,train,4.0596,0.1256,13.12,0.0000,nan,4529,1533.3,9.543,9.533
2453,train,4.1232,0.0069,14.31,0.0000,nan,3742,1533.8,12.412,12.357
2454,train,3.4991,0.0545,9.33,0.0000,nan,4732,1534.4,6.096,6.094
2455,train,4.2468,0.0143,12.48,0.0000,nan,5297,1535.0,10.113,10.096
2456,train,3.8158,0.0727,8.56,0.0000,nan,4058,1535.6,7.800,7.797
2457,train,3.6209,0.0894,8.88,0.0000,nan,4734,1536.1,5.569,5.567
2458,train,4.0369,0.0443,15.89,0.0000,nan,4650,1536.7,12.286,12.265
2459,train,3.7175,0.0913,9.36,0.0000,nan,4828,1537.3,7.171,7.171
2460,train,3.5804,0.0538,10.58,0.0000,nan,5200,1537.9,7.272,7.257
2461,train,3.0573,0.0805,5.92,0.0000,nan,4532,1538.5,4.478,4.472
2462,train,4.4746,0.1349,16.47,0.0000,nan,5316,1539.0,13.329,13.317
2463,train,2.6443,0.2313,4.50,0.0000,nan,4908,1539.6,2.285,2.278
2464,train,3.6946,0.0962,9.24,0.0000,nan,4304,1540.2,6.121,6.106
2465,train,3.8562,0.0624,10.07,0.0000,nan,4884,1540.8,6.994,6.987
2466,train,3.3344,0.0866,6.67,0.0000,nan,3857,1541.3,4.466,4.453
2467,train,4.4618,0.0173,15.10,0.0000,nan,4743,1541.9,13.748,13.736
2468,train,3.9777,0.0420,10.72,0.0000,nan,3765,1542.5,9.363,9.360
2469,train,3.4166,0.1478,9.55,0.0000,nan,3884,1543.1,7.590,7.573
2470,train,3.1697,0.0797,6.78,0.0000,nan,4856,1543.7,6.025,6.010
2471,train,4.0934,0.0604,11.59,0.0000,nan,4502,1544.2,10.052,10.046
2472,train,4.5175,0.0896,14.63,0.0000,nan,5234,1544.8,14.043,14.037
2473,train,3.6899,0.0565,9.04,0.0000,nan,4298,1545.4,5.090,5.058
2474,train,3.2384,0.1144,5.71,0.0000,nan,4476,1546.0,3.780,3.771
2475,train,2.7002,0.2243,4.93,0.0000,nan,4396,1546.6,4.022,3.999
2476,train,4.0283,0.0729,14.15,0.0000,nan,4075,1547.1,9.322,9.311
2477,train,5.2518,0.0021,18.88,0.0000,nan,4248,1547.7,16.353,16.350
2478,train,3.9219,0.0426,8.84,0.0000,nan,4245,1548.3,7.496,7.492
2479,train,3.4427,0.1178,8.47,0.0000,nan,5305,1548.9,7.202,7.178
2480,train,4.1489,0.0076,12.25,0.0000,nan,5543,1549.4,11.491,11.489
2481,train,3.0442,0.1464,5.85,0.0000,nan,4502,1550.0,3.796,3.795
2482,train,4.1105,0.0242,10.75,0.0000,nan,4665,1550.6,9.311,9.300
2483,train,4.4470,0.0180,10.49,0.0000,nan,5267,1551.2,10.023,10.022
2484,train,3.5697,0.1432,8.45,0.0000,nan,4518,1551.8,6.358,6.351
2485,train,3.3489,0.1903,7.84,0.0000,nan,4105,1552.3,6.544,6.536
2486,train,3.7976,0.0514,12.37,0.0000,nan,4341,1552.9,8.682,8.682
2487,train,4.4575,0.0547,10.60,0.0000,nan,5488,1553.5,9.038,9.036
2488,train,3.1399,0.1734,8.48,0.0000,nan,4498,1554.1,6.976,6.969
2489,train,4.2368,0.0362,13.84,0.0000,nan,4196,1554.6,11.865,11.688
2490,train,3.5974,0.0562,8.79,0.0000,nan,4658,1555.2,7.052,7.029
2491,train,3.6401,0.0437,10.85,0.0000,nan,4459,1555.8,10.273,10.271
2492,train,4.5852,0.0389,16.67,0.0000,nan,5042,1556.4,12.866,12.848
2493,train,5.0181,0.0029,18.03,0.0000,nan,4870,1557.0,16.640,16.639
2494,train,3.4942,0.1239,7.54,0.0000,nan,4414,1557.5,6.695,6.694
2495,train,3.5011,0.1490,9.25,0.0000,nan,4476,1558.1,6.322,6.318
2496,train,3.1226,0.1195,5.96,0.0000,nan,3691,1558.7,5.036,5.033
2497,train,3.7750,0.0484,12.26,0.0000,nan,4880,1559.3,7.622,7.590
2498,train,2.7337,0.1900,4.89,0.0000,nan,4457,1559.8,2.729,2.723
2499,train,3.2734,0.1477,7.59,0.0000,nan,4564,1560.4,6.567,6.565
2500,train,3.4668,0.0454,7.12,0.0000,nan,4756,1561.0,5.327,5.327
2500,val,3.6464,0.1032,9.06,0.0000,0.00,222066,1588.4,7.126,7.107
2501,train,3.5519,0.0744,8.58,0.0000,nan,4196,1589.6,8.541,8.540
2502,train,4.2966,0.0846,10.83,0.0000,nan,5034,1590.2,8.811,8.792
2503,train,4.2045,0.0265,10.00,0.0000,nan,4602,1590.8,7.853,7.843
2504,train,3.3616,0.1524,7.14,0.0000,nan,4310,1591.3,5.048,5.042
2505,train,3.1954,0.1115,7.68,0.0000,nan,4073,1591.9,5.409,5.394
2506,train,3.7243,0.0558,10.34,0.0000,nan,5054,1592.5,6.883,6.877
2507,train,3.5123,0.0948,12.20,0.0000,nan,4072,1593.1,9.798,9.792
2508,train,3.3738,0.0545,10.49,0.0000,nan,3855,1593.6,9.069,9.016
2509,train,3.3196,0.0851,7.76,0.0000,nan,4524,1594.2,5.935,5.926
2510,train,3.5542,0.1053,9.68,0.0000,nan,4491,1594.8,8.728,8.713
2511,train,3.7526,0.0596,10.51,0.0000,nan,4845,1595.4,7.718,7.715
2512,train,3.9110,0.0071,11.24,0.0000,nan,4673,1596.0,8.896,8.892
2513,train,3.4958,0.0942,10.60,0.0000,nan,4735,1596.5,6.803,6.749
2514,train,4.1247,0.0539,14.99,0.0000,nan,4659,1597.1,10.628,10.623
2515,train,3.5155,0.0971,10.71,0.0000,nan,4397,1597.7,7.239,7.231
2516,train,3.8736,0.0321,13.36,0.0000,nan,4734,1598.3,10.406,10.389
2517,train,3.7539,0.1268,8.77,0.0000,nan,4439,1598.8,7.455,7.440
2518,train,3.2388,0.1347,6.52,0.0000,nan,4180,1599.4,5.813,5.812
2519,train,5.3265,0.0185,15.88,0.0000,nan,4693,1600.0,15.039,15.037
2520,train,4.0698,0.0690,11.02,0.0000,nan,4683,1600.6,7.599,7.576
2521,train,4.0202,0.0599,10.90,0.0000,nan,5672,1601.2,9.770,9.769
2522,train,3.1397,0.0926,7.22,0.0000,nan,4211,1601.7,3.540,3.518
2523,train,4.7691,0.0199,15.43,0.0000,nan,4329,1602.3,14.865,14.863
2524,train,3.9160,0.1177,10.29,0.0000,nan,4910,1602.9,9.515,9.503
2525,train,3.7598,0.0702,9.09,0.0000,nan,4901,1603.5,6.404,6.401
2526,train,3.6728,0.0640,11.76,0.0000,nan,4403,1604.0,9.345,9.335
2527,train,4.5235,0.0819,15.88,0.0000,nan,4421,1604.6,13.238,13.236
2528,train,3.5716,0.1252,8.79,0.0000,nan,3858,1605.2,6.460,6.457
2529,train,3.0994,0.1192,6.88,0.0000,nan,4680,1605.8,5.659,5.640
2530,train,3.9390,0.0402,9.44,0.0000,nan,4279,1606.4,7.832,7.825
2531,train,3.8799,0.0460,12.90,0.0000,nan,4022,1606.9,10.289,10.280
2532,train,3.6058,0.1234,10.02,0.0000,nan,4174,1607.5,8.335,8.324
2533,train,3.8312,0.0833,10.88,0.0000,nan,3996,1608.1,9.100,9.096
2534,train,3.5822,0.0881,7.67,0.0000,nan,4867,1608.7,5.902,5.902
2535,train,3.3128,0.1180,8.09,0.0000,nan,4007,1609.2,6.513,6.506
2536,train,3.6074,0.0534,10.28,0.0000,nan,4573,1609.8,7.849,7.846
2537,train,2.9893,0.1241,5.63,0.0000,nan,3950,1610.4,3.623,3.614
2538,train,3.9455,0.0332,9.48,0.0000,nan,4662,1611.0,5.756,5.752
2539,train,3.4820,0.1323,7.64,0.0000,nan,4981,1611.5,6.926,6.913
2540,train,3.9695,0.0514,9.07,0.0000,nan,4965,1612.1,6.466,6.446
2541,train,3.5295,0.1108,6.93,0.0000,nan,4574,1612.7,5.137,5.129
2542,train,3.5834,0.0677,11.66,0.0000,nan,4609,1613.3,9.287,9.280
2543,train,2.5420,0.2000,4.73,0.0000,nan,4605,1613.9,2.942,2.897
2544,train,3.7979,0.0135,11.48,0.0000,nan,4596,1614.4,10.016,10.004
2545,train,3.3080,0.1630,6.50,0.0000,nan,4822,1615.0,4.655,4.652
2546,train,3.1057,0.1194,5.89,0.0000,nan,4488,1615.6,3.480,3.465
2547,train,3.2020,0.1366,7.10,0.0000,nan,4150,1616.2,5.637,5.617
2548,train,4.2655,0.0243,11.77,0.0000,nan,3999,1616.7,9.495,9.489
2549,train,3.1983,0.1764,7.24,0.0000,nan,4530,1617.6,5.784,5.779
2550,train,3.7498,0.0514,8.95,0.0000,nan,4103,1618.2,6.243,6.233
2551,train,3.6845,0.0428,11.52,0.0000,nan,4022,1618.7,9.751,9.747
2552,train,3.5522,0.1624,9.10,0.0000,nan,4575,1619.3,5.806,5.802
2553,train,3.6881,0.0604,11.85,0.0000,nan,4287,1619.9,11.425,11.422
2554,train,3.4553,0.0366,7.02,0.0000,nan,4181,1620.5,5.355,5.347
2555,train,3.0087,0.1295,5.79,0.0000,nan,3883,1621.1,3.438,3.428
2556,train,3.6483,0.0896,8.03,0.0000,nan,4184,1621.6,5.393,5.392
2557,train,3.0839,0.1690,6.38,0.0000,nan,4455,1622.2,4.983,4.976
2558,train,2.8118,0.2267,4.99,0.0000,nan,4653,1622.8,2.881,2.850
2559,train,3.1242,0.1304,6.91,0.0000,nan,4525,1623.4,5.648,5.643
2560,train,3.6269,0.1104,7.79,0.0000,nan,5516,1623.9,6.665,6.656
2561,train,3.1639,0.1289,5.91,0.0000,nan,4250,1624.5,4.165,4.147
2562,train,3.5182,0.1662,11.40,0.0000,nan,4116,1625.1,9.355,9.340
2563,train,4.2228,0.0423,13.14,0.0000,nan,4610,1625.7,8.308,8.303
2564,train,4.2794,0.0155,10.83,0.0000,nan,4581,1626.3,6.938,6.919
2565,train,3.3117,0.1353,7.82,0.0000,nan,4480,1626.8,6.221,6.210
2566,train,3.3141,0.1069,9.07,0.0000,nan,3807,1627.4,7.430,7.418
2567,train,3.8321,0.0563,8.34,0.0000,nan,4101,1628.0,6.093,6.075
2568,train,3.6399,0.0963,7.28,0.0000,nan,4601,1628.6,7.122,7.099
2569,train,3.3724,0.0947,10.10,0.0000,nan,4268,1629.1,9.351,9.326
2570,train,2.8112,0.1235,5.29,0.0000,nan,4048,1629.7,4.113,4.108
2571,train,3.0175,0.1836,5.38,0.0000,nan,4020,1630.3,2.502,2.493
2572,train,3.3019,0.1489,11.45,0.0000,nan,4588,1630.9,11.200,11.182
2573,train,3.5699,0.1081,11.19,0.0000,nan,4830,1631.5,7.038,7.002
2574,train,2.9879,0.1335,6.14,0.0000,nan,4623,1632.0,4.587,4.566
2575,train,3.0540,0.1225,5.09,0.0000,nan,4424,1632.6,3.866,3.856
2576,train,4.5456,0.0945,15.19,0.0000,nan,4107,1633.2,13.326,13.317
2577,train,2.7588,0.1959,4.85,0.0000,nan,4922,1633.8,3.677,3.671
2578,train,4.2965,0.0296,12.79,0.0000,nan,4187,1634.3,10.958,10.958
2579,train,3.1975,0.1157,6.64,0.0000,nan,4382,1634.9,4.801,4.796
2580,train,3.6199,0.0998,9.47,0.0000,nan,4580,1635.5,8.259,8.258
2581,train,4.2270,0.0486,11.55,0.0000,nan,5017,1636.1,8.555,8.548
2582,train,4.1223,0.0665,9.67,0.0000,nan,4451,1636.7,7.830,7.829
2583,train,2.9176,0.1976,5.59,0.0000,nan,3761,1637.2,4.405,4.372
2584,train,4.8581,0.0100,16.25,0.0000,nan,4089,1637.8,12.950,12.945
2585,train,3.1217,0.0717,7.09,0.0000,nan,4075,1638.4,4.922,4.886
2586,train,3.2117,0.2472,11.05,0.0000,nan,4454,1639.0,8.905,8.842
2587,train,4.6364,0.1206,10.84,0.0000,nan,4942,1639.5,10.509,10.508
2588,train,4.3136,0.0939,16.97,0.0000,nan,4165,1640.1,13.549,13.547
2589,train,3.1240,0.1209,6.30,0.0000,nan,4128,1640.7,4.183,4.174
2590,train,4.0452,0.0550,12.36,0.0000,nan,5542,1641.3,10.991,10.972
2591,train,3.0187,0.1299,5.91,0.0000,nan,4357,1641.9,4.503,4.501
2592,train,3.0071,0.1639,7.22,0.0000,nan,4532,1642.4,6.602,6.521
2593,train,4.1145,0.0614,13.64,0.0000,nan,5264,1643.0,9.749,9.745
2594,train,2.6965,0.1156,5.03,0.0000,nan,3840,1643.6,3.409,3.408
2595,train,3.3060,0.0951,7.57,0.0000,nan,4238,1644.2,4.794,4.732
2596,train,3.4885,0.1346,7.98,0.0000,nan,4198,1644.8,6.904,6.901
2597,train,3.1675,0.0487,6.30,0.0000,nan,4808,1645.3,5.334,5.330
2598,train,3.2884,0.0607,6.63,0.0000,nan,5423,1645.9,5.230,5.226
2599,train,3.5387,0.0259,7.10,0.0000,nan,4479,1646.5,4.780,4.769
2600,train,3.5310,0.1281,7.80,0.0000,nan,4568,1647.1,7.869,7.860
2601,train,3.5167,0.0476,7.43,0.0000,nan,4266,1647.6,5.397,5.394
2602,train,3.9460,0.1122,11.36,0.0000,nan,4663,1648.2,8.036,8.025
2603,train,2.8645,0.2037,5.78,0.0000,nan,4359,1648.8,2.273,2.259
2604,train,4.0179,0.0349,10.58,0.0000,nan,4125,1649.4,9.488,9.485
2605,train,4.0263,0.0757,14.75,0.0000,nan,4845,1650.0,9.806,9.780
2606,train,3.5239,0.0396,9.36,0.0000,nan,4668,1650.5,6.138,6.134
2607,train,2.7783,0.1407,5.39,0.0000,nan,4428,1651.1,3.753,3.745
2608,train,3.2076,0.0381,6.51,0.0000,nan,3961,1651.7,5.231,5.221
2609,train,2.9310,0.1203,5.51,0.0000,nan,3974,1652.3,3.404,3.342
2610,train,3.5942,0.1561,9.30,0.0000,nan,4285,1652.8,8.403,8.385
2611,train,4.1895,0.0430,12.10,0.0000,nan,4045,1653.4,9.600,9.596
2612,train,3.1117,0.0770,10.36,0.0000,nan,3998,1654.0,9.264,9.256
2613,train,3.8612,0.1133,11.03,0.0000,nan,4897,1654.6,9.663,9.655
2614,train,3.0238,0.1378,6.10,0.0000,nan,4094,1655.2,5.408,5.405
2615,train,3.8527,0.0387,11.50,0.0000,nan,4519,1655.7,10.390,10.387
2616,train,3.4732,0.0300,9.90,0.0000,nan,4439,1656.3,6.961,6.949
2617,train,3.0417,0.1760,6.36,0.0000,nan,4455,1656.9,4.379,4.373
2618,train,5.0945,0.0954,13.86,0.0000,nan,4824,1657.5,12.415,12.410
2619,train,2.9432,0.2346,6.66,0.0000,nan,4873,1658.1,4.330,4.207
2620,train,3.5010,0.1536,8.53,0.0000,nan,4648,1658.6,5.214,5.176
2621,train,2.8727,0.1779,5.62,0.0000,nan,5075,1659.2,3.786,3.782
2622,train,3.4841,0.0329,7.24,0.0000,nan,4322,1659.8,6.244,6.241
2623,train,3.6055,0.1159,9.77,0.0000,nan,4918,1660.4,5.052,5.051
2624,train,2.7886,0.2170,4.81,0.0000,nan,5038,1661.0,3.059,3.029
2625,train,3.8795,0.0926,12.66,0.0000,nan,4771,1661.5,11.825,11.792
2626,train,4.4764,0.0626,13.23,0.0000,nan,5256,1662.1,11.673,11.665
2627,train,4.1797,0.0999,11.62,0.0000,nan,4835,1662.7,9.145,9.123
2628,train,4.6791,0.0449,15.82,0.0000,nan,5454,1663.3,14.419,14.415
2629,train,4.8481,0.1045,12.14,0.0000,nan,5082,1663.8,10.401,10.399
2630,train,2.4259,0.2657,4.33,0.0000,nan,4340,1664.4,1.258,1.189
2631,train,4.1590,0.0124,13.07,0.0000,nan,3964,1665.0,9.221,9.211
2632,train,3.3044,0.1109,6.25,0.0000,nan,5175,1665.6,5.116,5.105
2633,train,4.3693,0.0345,14.18,0.0000,nan,4781,1666.2,11.202,11.197
2634,train,3.4340,0.0391,12.18,0.0000,nan,4806,1666.7,8.562,8.555
2635,train,3.0669,0.1331,6.06,0.0000,nan,4147,1667.3,4.469,4.457
2636,train,2.9969,0.0586,7.14,0.0000,nan,4131,1667.9,3.485,3.479
2637,train,3.8935,0.0102,11.97,0.0000,nan,4529,1668.5,9.970,9.965
2638,train,3.3210,0.0601,6.27,0.0000,nan,4091,1669.0,4.302,4.287
2639,train,4.3753,0.0184,11.08,0.0000,nan,5003,1669.6,9.436,9.435
2640,train,5.2270,0.0916,22.58,0.0000,nan,4707,1670.2,19.729,19.649
2641,train,3.9306,0.0632,10.75,0.0000,nan,5047,1670.8,9.340,9.330
2642,train,3.9459,0.0441,15.82,0.0000,nan,4513,1671.4,11.663,11.657
2643,train,3.4052,0.0507,10.22,0.0000,nan,4180,1671.9,7.705,7.703
2644,train,3.5497,0.1451,8.67,0.0000,nan,4542,1672.5,6.303,6.299
2645,train,2.9490,0.2725,9.35,0.0000,nan,4557,1673.1,8.863,8.844
2646,train,3.6130,0.0882,9.26,0.0000,nan,4220,1673.7,6.868,6.860
2647,train,2.3731,0.2175,4.18,0.0000,nan,4065,1674.3,2.266,2.260
2648,train,3.2920,0.2162,7.75,0.0000,nan,5301,1674.8,5.949,5.924
2649,train,2.7595,0.3173,4.57,0.0000,nan,4611,1675.4,2.696,2.677
2650,train,3.9936,0.0558,15.12,0.0000,nan,4536,1676.0,10.756,10.745
2651,train,4.0966,0.0388,14.94,0.0000,nan,5258,1676.6,12.120,12.117
2652,train,3.0355,0.1531,9.06,0.0000,nan,3722,1677.1,7.610,7.605
2653,train,4.0078,0.0385,9.84,0.0000,nan,4622,1677.7,7.345,7.342
2654,train,3.5152,0.0730,8.55,0.0000,nan,4741,1678.3,5.494,5.488
2655,train,3.6098,0.1031,8.46,0.0000,nan,5355,1678.9,6.133,6.117
2656,train,4.0923,0.0559,11.72,0.0000,nan,5335,1679.5,6.003,5.998
2657,train,4.3532,0.0788,14.81,0.0000,nan,4938,1680.0,12.831,12.822
2658,train,3.0131,0.1202,6.07,0.0000,nan,4835,1680.6,3.532,3.480
2659,train,3.4391,0.1264,7.66,0.0000,nan,4613,1681.2,5.866,5.859
2660,train,2.9799,0.1976,6.20,0.0000,nan,5340,1681.8,3.927,3.920
2661,train,4.3806,0.0841,10.03,0.0000,nan,4291,1682.4,8.203,8.191
2662,train,3.2394,0.0557,7.00,0.0000,nan,4433,1682.9,4.859,4.853
2663,train,4.4520,0.0120,14.74,0.0000,nan,5016,1683.5,11.280,11.275
2664,train,3.7719,0.1248,9.19,0.0000,nan,5033,1684.1,6.039,6.030
2665,train,3.4740,0.0575,7.59,0.0000,nan,4316,1684.7,4.947,4.941
2666,train,2.6181,0.2720,4.65,0.0000,nan,4589,1685.2,3.159,3.154
2667,train,2.7892,0.1555,5.14,0.0000,nan,4238,1685.8,3.560,3.554
2668,train,3.9474,0.0309,10.50,0.0000,nan,4536,1686.4,9.576,9.573
2669,train,3.4527,0.0535,6.92,0.0000,nan,4395,1687.0,5.600,5.599
2670,train,2.5710,0.2169,4.69,0.0000,nan,4702,1687.6,2.059,2.043
2671,train,4.8189,0.0098,16.19,0.0000,nan,5706,1688.1,13.590,13.581
2672,train,4.1034,0.0102,11.59,0.0000,nan,4426,1688.7,10.994,10.994
2673,train,3.8704,0.0865,9.81,0.0000,nan,4625,1689.3,7.648,7.643
2674,train,3.4276,0.1454,7.08,0.0000,nan,4436,1689.9,5.954,5.948
2675,train,3.6010,0.0691,10.81,0.0000,nan,4644,1690.5,8.988,8.977
2676,train,4.3583,0.0324,11.05,0.0000,nan,3762,1691.0,10.698,10.697
2677,train,3.3025,0.0507,7.15,0.0000,nan,4276,1691.6,5.410,5.407
2678,train,3.5142,0.0996,7.93,0.0000,nan,5222,1692.2,6.321,6.316
2679,train,2.5901,0.2174,4.08,0.0000,nan,4679,1692.8,2.109,2.103
2680,train,3.0729,0.1177,5.70,0.0000,nan,4265,1693.3,3.856,3.847
2681,train,4.6952,0.0136,11.14,0.0000,nan,4475,1693.9,10.253,10.251
2682,train,3.9867,0.0572,10.80,0.0000,nan,5419,1694.5,9.567,9.563
2683,train,3.4650,0.1221,7.71,0.0000,nan,4539,1695.1,6.783,6.781
2684,train,3.8353,0.0235,9.82,0.0000,nan,4689,1695.7,7.380,7.374
2685,train,3.8028,0.0766,9.79,0.0000,nan,4501,1696.2,8.494,8.482
2686,train,3.2838,0.1292,6.66,0.0000,nan,4187,1696.8,5.426,5.424
2687,train,4.3867,0.0135,12.36,0.0000,nan,4949,1697.4,11.226,11.221
2688,train,3.7272,0.1201,13.40,0.0000,nan,4553,1698.0,11.075,11.060
2689,train,2.9458,0.1667,5.62,0.0000,nan,4523,1698.6,3.040,3.026
2690,train,3.2133,0.1431,6.33,0.0000,nan,4443,1699.1,4.472,4.459
2691,train,3.5109,0.0865,7.43,0.0000,nan,4288,1699.7,6.220,6.214
2692,train,4.3576,0.0226,10.51,0.0000,nan,5704,1700.3,9.775,9.774
2693,train,3.6259,0.0893,8.68,0.0000,nan,4558,1700.9,7.022,7.002
2694,train,3.7297,0.0632,9.55,0.0000,nan,5397,1701.4,5.856,5.851
2695,train,3.3657,0.1715,7.39,0.0000,nan,4496,1702.0,6.675,6.661
2696,train,4.2885,0.0636,14.80,0.0000,nan,4059,1702.6,12.541,12.533
2697,train,3.3926,0.1174,8.03,0.0000,nan,4609,1703.2,5.214,5.204
2698,train,2.6747,0.2210,4.47,0.0000,nan,4239,1703.8,2.523,2.521
2699,train,3.2932,0.0971,7.56,0.0000,nan,3913,1704.3,6.631,6.629
2700,train,3.0606,0.1287,5.69,0.0000,nan,4125,1704.9,3.818,3.814
2701,train,2.9170,0.1460,5.59,0.0000,nan,4102,1705.5,3.974,3.962
2702,train,4.6336,0.0401,10.90,0.0000,nan,4359,1706.1,10.725,10.718
2703,train,3.3700,0.1811,10.38,0.0000,nan,3998,1706.6,6.269,6.261
2704,train,3.8305,0.0630,10.39,0.0000,nan,4159,1707.2,10.728,10.725
2705,train,3.4108,0.1215,6.74,0.0000,nan,4988,1707.8,6.158,6.143
2706,train,3.9915,0.0227,9.74,0.0000,nan,4929,1708.4,8.146,8.143
2707,train,3.0975,0.0645,6.81,0.0000,nan,4465,1709.0,6.271,6.269
2708,train,2.9309,0.1747,5.21,0.0000,nan,4540,1709.5,3.259,3.258
2709,train,3.6831,0.0858,9.55,0.0000,nan,4559,1710.1,7.253,7.240
2710,train,4.1223,0.0252,9.60,0.0000,nan,4802,1710.7,9.586,9.581
2711,train,3.0454,0.1912,6.51,0.0000,nan,4106,1711.3,5.752,5.749
2712,train,4.0491,0.0652,11.12,0.0000,nan,4923,1711.9,9.040,9.039
2713,train,3.8739,0.0772,8.62,0.0000,nan,4561,1712.4,6.920,6.916
2714,train,3.7139,0.0234,10.40,0.0000,nan,4395,1713.0,7.013,7.010
2715,train,4.1068,0.0536,15.90,0.0000,nan,5153,1713.6,12.275,12.272
2716,train,3.0304,0.1452,5.47,0.0000,nan,4174,1714.2,2.995,2.984
2717,train,3.0928,0.1082,6.57,0.0000,nan,4832,1714.7,5.010,5.009
2718,train,3.4871,0.0362,7.82,0.0000,nan,4811,1715.3,5.763,5.756
2719,train,3.6688,0.1227,9.12,0.0000,nan,4310,1715.9,6.176,6.172
2720,train,2.5731,0.2252,4.33,0.0000,nan,4533,1716.5,2.210,2.135
2721,train,3.2612,0.1167,7.26,0.0000,nan,4686,1717.1,3.954,3.928
2722,train,3.6384,0.0531,7.79,0.0000,nan,4008,1717.6,5.441,5.440
2723,train,4.8458,0.0206,15.03,0.0000,nan,4231,1718.2,13.135,13.134
2724,train,3.1449,0.1115,7.24,0.0000,nan,4807,1718.8,5.365,5.349
2725,train,4.0523,0.0889,12.95,0.0000,nan,4793,1719.4,12.925,12.914
2726,train,3.8303,0.0727,16.37,0.0000,nan,4400,1719.9,12.522,12.514
2727,train,3.2021,0.0870,7.39,0.0000,nan,4126,1720.5,4.378,4.343
2728,train,3.2572,0.0953,5.69,0.0000,nan,4993,1721.1,3.433,3.420
2729,train,3.2773,0.1306,10.71,0.0000,nan,4357,1721.7,7.891,7.847
2730,train,3.3862,0.2454,6.84,0.0000,nan,4915,1722.3,4.702,4.701
2731,train,2.6958,0.1665,4.95,0.0000,nan,4685,1722.8,2.487,2.464
2732,train,3.7868,0.0825,11.49,0.0000,nan,3647,1723.4,10.701,10.699
2733,train,4.1041,0.0771,14.88,0.0000,nan,5536,1724.0,14.161,14.152
2734,train,4.0462,0.0394,9.83,0.0000,nan,5099,1724.6,7.915,7.908
2735,train,2.4487,0.2314,4.28,0.0000,nan,4417,1725.2,1.955,1.927
2736,train,3.2369,0.1110,6.63,0.0000,nan,4899,1725.7,5.451,5.444
2737,train,3.5891,0.0356,9.24,0.0000,nan,4772,1726.3,7.836,7.834
2738,train,3.7445,0.0506,10.68,0.0000,nan,4545,1726.9,6.546,6.538
2739,train,2.9333,0.1909,4.95,0.0000,nan,3635,1727.5,4.252,4.249
2740,train,3.2658,0.1148,7.26,0.0000,nan,4148,1728.1,6.229,6.226
2741,train,2.8167,0.2343,4.67,0.0000,nan,4865,1728.6,3.923,3.916
2742,train,4.1634,0.1145,9.53,0.0000,nan,4636,1729.2,8.287,8.283
2743,train,3.2457,0.0811,10.40,0.0000,nan,3985,1729.8,8.846,8.831
2744,train,2.3713,0.2895,3.78,0.0000,nan,4383,1730.4,1.997,1.989
2745,train,2.8055,0.1556,6.52,0.0000,nan,3837,1730.9,4.322,4.305
2746,train,3.0606,0.1199,5.78,0.0000,nan,4422,1731.5,4.935,4.933
2747,train,4.1184,0.0571,9.76,0.0000,nan,4118,1732.1,6.990,6.982
2748,train,3.1975,0.1907,9.60,0.0000,nan,3817,1732.7,8.645,8.625
2749,train,3.1675,0.1958,6.28,0.0000,nan,4602,1733.3,5.376,5.368
2750,train,4.1248,0.0503,11.98,0.0000,nan,4577,1733.8,8.136,8.079
2751,train,3.6872,0.1120,9.32,0.0000,nan,4509,1734.4,8.501,8.500
2752,train,3.8896,0.1108,7.92,0.0000,nan,3872,1735.0,6.414,6.412
2753,train,3.1025,0.1194,6.13,0.0000,nan,4681,1735.6,4.069,4.062
2754,train,2.5544,0.2221,4.69,0.0000,nan,4151,1736.1,2.755,2.742
2755,train,3.3815,0.1157,7.64,0.0000,nan,4199,1736.7,7.331,7.329
2756,train,4.6322,0.0274,10.62,0.0000,nan,4670,1737.3,8.052,8.038
2757,train,4.1629,0.0645,11.30,0.0000,nan,4478,1737.9,10.578,10.575
2758,train,3.7608,0.0540,12.29,0.0000,nan,4280,1738.5,10.747,10.743
2759,train,3.4798,0.0278,11.02,0.0000,nan,4280,1739.0,10.257,10.257
2760,train,3.9251,0.0654,11.65,0.0000,nan,4482,1739.6,11.748,11.742
2761,train,4.0013,0.0100,13.77,0.0000,nan,4282,1740.2,11.743,11.742
2762,train,3.1997,0.0847,6.49,0.0000,nan,4437,1740.8,5.029,5.027
2763,train,3.7001,0.0827,9.57,0.0000,nan,4815,1741.3,8.424,8.417
2764,train,3.7833,0.0224,9.56,0.0000,nan,4244,1741.9,6.563,6.558
2765,train,4.1961,0.0770,12.81,0.0000,nan,3933,1742.5,10.505,10.501
2766,train,2.9286,0.1467,6.35,0.0000,nan,4145,1743.1,2.621,2.394
2767,train,3.7034,0.0912,8.69,0.0000,nan,5111,1743.7,7.149,7.142
2768,train,3.4031,0.0612,8.20,0.0000,nan,3726,1744.2,5.464,5.462
2769,train,2.7593,0.1835,5.00,0.0000,nan,4846,1744.8,3.261,3.251
2770,train,2.6938,0.2422,5.27,0.0000,nan,4516,1745.4,5.078,5.066
2771,train,3.2641,0.0870,6.79,0.0000,nan,4471,1746.0,4.731,4.727
2772,train,2.5406,0.2736,4.88,0.0000,nan,4240,1746.5,3.492,3.483
2773,train,4.1021,0.0425,11.34,0.0000,nan,4591,1747.1,9.118,9.110
2774,train,3.0903,0.1512,6.13,0.0000,nan,4953,1747.7,4.563,4.552
2775,train,3.5062,0.0645,9.29,0.0000,nan,4742,1748.3,7.071,7.063
2776,train,3.6461,0.0489,13.53,0.0000,nan,4317,1748.9,12.171,12.170
2777,train,3.8898,0.1613,12.69,0.0000,nan,4527,1749.4,9.125,9.122
2778,train,4.1245,0.1620,14.25,0.0000,nan,5242,1750.0,10.830,10.821
2779,train,2.8714,0.0521,6.39,0.0000,nan,4264,1750.6,4.906,4.903
2780,train,3.3914,0.0821,6.47,0.0000,nan,5018,1751.2,5.036,5.022
2781,train,3.6962,0.0614,10.62,0.0000,nan,4694,1751.8,10.017,10.014
2782,train,3.5683,0.0963,8.60,0.0000,nan,4163,1752.3,7.889,7.886
2783,train,4.2875,0.0212,12.69,0.0000,nan,5058,1752.9,9.905,9.904
2784,train,3.7153,0.0691,13.23,0.0000,nan,4906,1753.5,9.130,9.125
2785,train,3.0024,0.1511,5.84,0.0000,nan,4473,1754.1,2.474,2.457
2786,train,2.7633,0.1967,4.87,0.0000,nan,4144,1754.7,3.024,3.022
2787,train,3.0177,0.0752,5.52,0.0000,nan,4638,1755.2,4.077,4.070
2788,train,3.4546,0.0831,8.40,0.0000,nan,4382,1755.8,7.705,7.703
2789,train,3.1154,0.2460,6.10,0.0000,nan,4394,1756.4,6.023,6.012
2790,train,3.7022,0.0441,13.90,0.0000,nan,4899,1757.0,10.158,10.155
2791,train,4.5816,0.0152,12.57,0.0000,nan,4285,1757.6,12.230,12.227
2792,train,4.0959,0.0544,14.23,0.0000,nan,4833,1758.1,10.828,10.801
2793,train,3.5486,0.1381,9.26,0.0000,nan,4330,1758.7,8.781,8.778
2794,train,3.0412,0.1949,6.51,0.0000,nan,4181,1759.3,4.482,4.481
2795,train,3.2032,0.1589,7.67,0.0000,nan,5034,1759.9,5.609,5.564
2796,train,3.0713,0.1866,5.71,0.0000,nan,3956,1760.4,5.307,5.303
2797,train,3.0991,0.1601,6.16,0.0000,nan,4597,1761.0,4.895,4.892
2798,train,2.8025,0.2325,5.04,0.0000,nan,4765,1761.6,3.953,3.945
2799,train,3.9714,0.0411,10.65,0.0000,nan,4481,1762.2,8.959,8.946
2800,train,3.6176,0.1037,8.79,0.0000,nan,4270,1762.8,6.718,6.708
2801,train,4.1181,0.0103,11.06,0.0000,nan,4755,1763.3,7.132,7.112
2802,train,3.4440,0.1540,5.68,0.0000,nan,4430,1763.9,4.286,4.281
2803,train,3.6941,0.0974,12.79,0.0000,nan,4549,1764.5,9.039,9.036
2804,train,3.7959,0.0308,10.70,0.0000,nan,5979,1765.1,8.466,8.442
2805,train,3.9465,0.0359,14.44,0.0000,nan,4850,1765.7,11.239,11.228
2806,train,3.8499,0.0915,9.32,0.0000,nan,4457,1766.2,6.854,6.852
2807,train,4.0348,0.0079,9.88,0.0000,nan,4949,1766.8,8.620,8.610
2808,train,3.0836,0.1695,5.48,0.0000,nan,4721,1767.4,4.469,4.445
2809,train,4.0501,0.0517,9.17,0.0000,nan,5438,1768.0,7.141,7.134
2810,train,2.9230,0.1872,6.09,0.0000,nan,3942,1768.5,2.659,2.647
2811,train,3.0675,0.1131,8.31,0.0000,nan,4482,1769.1,7.220,7.199
2812,train,4.8275,0.1079,14.34,0.0000,nan,4608,1769.7,13.979,13.978
2813,train,3.8600,0.0306,8.65,0.0000,nan,5161,1770.3,7.196,7.179
2814,train,2.8076,0.1606,5.08,0.0000,nan,4657,1770.9,3.961,3.958
2815,train,4.3753,0.0250,12.40,0.0000,nan,4283,1771.4,9.575,9.568
2816,train,3.4503,0.1983,8.45,0.0000,nan,4393,1772.0,7.857,7.836
2817,train,3.2948,0.0400,6.52,0.0000,nan,4021,1772.6,4.434,4.411
2818,train,3.4470,0.0939,8.16,0.0000,nan,4439,1773.2,4.538,4.536
2819,train,2.7911,0.1752,5.03,0.0000,nan,4858,1773.8,2.439,2.424
2820,train,3.7125,0.0672,9.02,0.0000,nan,5148,1774.3,6.389,6.383
2821,train,3.2723,0.1192,8.06,0.0000,nan,4940,1774.9,6.325,6.255
2822,train,3.3329,0.0863,9.89,0.0000,nan,4901,1775.5,8.161,8.152
2823,train,2.9777,0.1455,5.56,0.0000,nan,4343,1776.1,2.968,2.965
2824,train,4.1008,0.0939,8.70,0.0000,nan,4239,1776.7,7.051,7.034
2825,train,3.3261,0.1546,7.56,0.0000,nan,4729,1777.2,5.800,5.785
2826,train,3.0723,0.1180,5.68,0.0000,nan,4374,1777.8,2.901,2.872
2827,train,2.9066,0.2835,5.33,0.0000,nan,4371,1778.4,4.840,4.836
2828,train,3.2503,0.1206,8.15,0.0000,nan,4827,1779.0,6.992,6.982
2829,train,4.0758,0.0193,14.99,0.0000,nan,5284,1779.5,11.941,11.938
2830,train,3.0437,0.1057,5.52,0.0000,nan,4068,1780.1,3.407,3.381
2831,train,2.8123,0.1710,5.56,0.0000,nan,4720,1780.7,3.898,3.885
2832,train,2.7971,0.2326,4.91,0.0000,nan,4816,1781.3,4.003,3.988
2833,train,4.0996,0.0502,13.95,0.0000,nan,4723,1781.9,12.175,12.170
2834,train,4.5246,0.0403,14.18,0.0000,nan,4142,1782.4,11.965,11.965
2835,train,3.8128,0.0969,14.49,0.0000,nan,4388,1783.0,10.083,10.065
2836,train,3.5308,0.0850,10.63,0.0000,nan,4588,1783.6,9.251,9.199
2837,train,4.1512,0.1506,11.06,0.0000,nan,4620,1784.2,7.890,7.799
2838,train,2.8420,0.1350,6.11,0.0000,nan,4342,1784.8,3.219,3.204
2839,train,3.8023,0.0905,8.76,0.0000,nan,3956,1785.3,6.684,6.681
2840,train,4.0273,0.0525,11.43,0.0000,nan,5582,1785.9,9.428,9.378
2841,train,2.7463,0.2452,4.65,0.0000,nan,4409,1786.5,3.080,3.079
2842,train,2.7146,0.1931,5.36,0.0000,nan,4308,1787.1,2.147,2.134
2843,train,2.8072,0.1521,5.86,0.0000,nan,4785,1787.6,3.603,3.576
2844,train,3.3112,0.0733,9.33,0.0000,nan,4037,1788.2,6.806,6.782
2845,train,3.5435,0.0422,7.22,0.0000,nan,4622,1788.8,5.617,5.609
2846,train,3.8605,0.0379,12.19,0.0000,nan,4699,1789.4,9.045,9.034
2847,train,3.2496,0.2207,8.82,0.0000,nan,4780,1790.0,6.608,6.595
2848,train,3.2964,0.0799,8.93,0.0000,nan,4220,1790.5,5.508,5.394
2849,train,4.0911,0.0621,14.29,0.0000,nan,5557,1791.1,10.964,10.949
2850,train,3.8669,0.0772,10.80,0.0000,nan,4337,1791.7,9.792,9.788
2851,train,3.9840,0.0394,8.51,0.0000,nan,4568,1792.3,6.860,6.858
2852,train,3.5132,0.0789,7.79,0.0000,nan,4560,1792.9,5.309,5.284
2853,train,2.7573,0.2490,4.84,0.0000,nan,3948,1793.4,2.977,2.953
2854,train,3.6065,0.0774,8.65,0.0000,nan,4292,1794.0,5.840,5.834
2855,train,3.2138,0.2325,8.32,0.0000,nan,4069,1794.6,7.787,7.780
2856,train,3.4153,0.0789,8.18,0.0000,nan,4397,1795.2,6.855,6.848
2857,train,3.5351,0.1077,6.92,0.0000,nan,4095,1795.7,6.530,6.528
2858,train,3.0954,0.1623,5.91,0.0000,nan,4924,1796.3,3.189,3.182
2859,train,3.3001,0.1593,10.08,0.0000,nan,4997,1796.9,6.700,6.698
2860,train,3.5446,0.0573,7.09,0.0000,nan,4242,1797.5,5.854,5.842
2861,train,3.8590,0.1644,12.45,0.0000,nan,4227,1798.1,9.779,9.778
2862,train,3.1693,0.1584,6.80,0.0000,nan,4400,1798.6,5.250,5.232
2863,train,3.7259,0.0519,10.14,0.0000,nan,4854,1799.2,9.203,9.197
2864,train,2.8173,0.2709,5.80,0.0000,nan,4316,1799.8,4.263,4.248
2865,train,2.7639,0.2332,5.29,0.0000,nan,3701,1800.4,4.471,4.447
2866,train,3.7729,0.1368,10.48,0.0000,nan,5176,1801.0,8.064,8.060
2867,train,3.4647,0.1096,8.67,0.0000,nan,4900,1801.5,5.507,5.266
2868,train,3.2258,0.1588,6.77,0.0000,nan,4024,1802.1,4.350,4.348
2869,train,2.8777,0.1406,5.20,0.0000,nan,4033,1802.7,3.065,3.065
2870,train,3.6325,0.0375,8.82,0.0000,nan,4109,1803.3,7.111,7.110
2871,train,4.2849,0.0618,15.84,0.0000,nan,5209,1803.8,12.146,12.132
2872,train,4.4091,0.0089,12.86,0.0000,nan,4842,1804.4,11.104,11.098
2873,train,3.9817,0.0427,11.43,0.0000,nan,4961,1805.0,9.794,9.794
2874,train,3.0173,0.1321,5.42,0.0000,nan,4376,1805.6,2.562,2.552
2875,train,3.1487,0.1693,5.84,0.0000,nan,5482,1806.2,2.866,2.863
2876,train,3.6495,0.1255,7.89,0.0000,nan,4422,1806.7,6.195,6.169
2877,train,4.0806,0.1045,12.26,0.0000,nan,4317,1807.3,10.363,10.359
2878,train,3.6401,0.0416,12.67,0.0000,nan,4109,1807.9,10.884,10.880
2879,train,3.8714,0.0785,9.21,0.0000,nan,4253,1808.5,7.549,7.545
2880,train,3.4019,0.1519,9.28,0.0000,nan,3923,1809.0,5.971,5.901
2881,train,3.0922,0.0917,6.16,0.0000,nan,5017,1809.6,3.338,3.333
2882,train,3.9077,0.1312,10.78,0.0000,nan,4542,1810.2,10.998,10.993
2883,train,3.7180,0.0580,8.00,0.0000,nan,4808,1810.8,6.703,6.699
2884,train,3.0336,0.2143,6.77,0.0000,nan,4470,1811.4,4.227,4.218
2885,train,3.1520,0.1584,8.25,0.0000,nan,5472,1811.9,6.611,6.604
2886,train,3.5163,0.0779,7.52,0.0000,nan,4377,1812.5,5.469,5.463
2887,train,4.6744,0.0070,14.61,0.0000,nan,4299,1813.1,13.873,13.871
2888,train,3.9261,0.1077,9.30,0.0000,nan,4047,1813.7,8.638,8.634
2889,train,4.0213,0.0755,10.11,0.0000,nan,4170,1814.3,6.444,6.440
2890,train,2.9253,0.1934,5.41,0.0000,nan,5067,1814.8,3.691,3.689
2891,train,3.1276,0.0705,7.03,0.0000,nan,4412,1815.4,4.981,4.971
2892,train,2.5519,0.2384,4.43,0.0000,nan,4643,1816.0,2.447,2.440
2893,train,3.7862,0.0633,9.21,0.0000,nan,4679,1816.6,8.525,8.519
2894,train,2.8341,0.2544,5.64,0.0000,nan,4642,1817.2,3.135,3.116
2895,train,3.9569,0.0354,14.19,0.0000,nan,5281,1817.7,10.366,10.362
2896,train,4.0337,0.0632,10.33,0.0000,nan,5477,1818.3,8.419,8.412
2897,train,3.0227,0.1417,9.71,0.0000,nan,4748,1818.9,6.301,6.298
2898,train,3.8395,0.1217,15.31,0.0000,nan,5079,1819.5,11.434,11.379
2899,train,3.4385,0.0920,8.84,0.0000,nan,4361,1820.0,8.847,8.842
2900,train,3.8027,0.0825,12.69,0.0000,nan,4693,1820.6,8.521,8.517
2901,train,3.0475,0.2303,6.06,0.0000,nan,5097,1821.2,4.498,4.494
2902,train,3.9851,0.0541,11.93,0.0000,nan,4290,1821.8,9.943,9.938
2903,train,2.5872,0.1979,4.64,0.0000,nan,4553,1822.4,2.937,2.841
2904,train,4.0124,0.1884,10.87,0.0000,nan,4470,1822.9,8.885,8.877
2905,train,3.3449,0.0731,6.97,0.0000,nan,4720,1823.5,5.273,5.269
2906,train,3.4544,0.0748,9.17,0.0000,nan,4024,1824.1,7.888,7.883
2907,train,3.3699,0.1613,8.74,0.0000,nan,5320,1824.7,6.120,6.115
2908,train,5.1431,0.0228,14.59,0.0000,nan,4348,1825.3,11.034,11.018
2909,train,3.8403,0.0414,15.78,0.0000,nan,4062,1825.8,13.912,13.906
2910,train,3.7831,0.0602,10.82,0.0000,nan,5130,1826.4,7.188,7.186
2911,train,3.5390,0.0796,8.79,0.0000,nan,4735,1827.0,7.302,7.298
2912,train,4.1402,0.0925,11.53,0.0000,nan,4606,1827.6,10.732,10.731
2913,train,3.4566,0.0638,11.09,0.0000,nan,4781,1828.2,8.121,8.118
2914,train,3.0192,0.2178,6.60,0.0000,nan,4242,1828.7,3.918,3.904
2915,train,2.9937,0.1017,6.08,0.0000,nan,4770,1829.3,4.269,4.251
2916,train,3.4159,0.1242,6.06,0.0000,nan,3882,1829.9,4.160,4.145
2917,train,3.3852,0.0513,9.17,0.0000,nan,4850,1830.5,7.646,7.642
2918,train,3.1260,0.1452,6.39,0.0000,nan,4595,1831.0,5.085,5.081
2919,train,2.8106,0.2192,4.92,0.0000,nan,4151,1831.6,3.219,3.216
2920,train,3.2323,0.0686,8.25,0.0000,nan,4420,1832.2,6.907,6.898
2921,train,3.6404,0.0347,8.43,0.0000,nan,4722,1832.8,7.026,7.022
2922,train,3.1191,0.1914,10.56,0.0000,nan,3971,1833.4,8.498,8.479
2923,train,3.4333,0.0914,7.77,0.0000,nan,4715,1833.9,4.164,4.157
2924,train,3.6712,0.1344,11.61,0.0000,nan,3905,1834.5,10.634,10.632
2925,train,3.1884,0.0950,7.15,0.0000,nan,4496,1835.1,5.244,5.243
2926,train,2.5482,0.3410,4.24,0.0000,nan,3783,1835.7,2.352,2.332
2927,train,3.2587,0.0657,8.11,0.0000,nan,4929,1836.2,7.826,7.820
2928,train,3.9350,0.1069,10.24,0.0000,nan,4509,1836.8,9.970,9.960
2929,train,3.0008,0.2374,5.79,0.0000,nan,4406,1837.4,3.906,3.794
2930,train,3.2034,0.2162,11.20,0.0000,nan,3964,1838.0,8.562,8.560
2931,train,2.6824,0.1417,5.50,0.0000,nan,5016,1838.6,3.648,3.614
2932,train,4.0124,0.1324,10.41,0.0000,nan,4281,1839.1,8.376,8.364
2933,train,3.5877,0.1796,7.63,0.0000,nan,4366,1839.7,5.155,5.135
2934,train,3.7882,0.0349,13.32,0.0000,nan,4985,1840.3,10.363,10.358
2935,train,2.9103,0.1059,5.33,0.0000,nan,4239,1840.9,3.391,3.389
2936,train,2.9405,0.1603,6.35,0.0000,nan,3937,1841.4,4.990,4.984
2937,train,3.4837,0.1020,9.64,0.0000,nan,4227,1842.0,7.646,7.645
2938,train,4.7282,0.0280,13.33,0.0000,nan,4710,1842.6,11.176,11.171
2939,train,3.3976,0.0952,11.33,0.0000,nan,4862,1843.2,8.600,8.576
2940,train,4.2052,0.0109,9.21,0.0000,nan,4045,1843.8,8.342,8.341
2941,train,3.7508,0.0466,9.65,0.0000,nan,4848,1844.3,8.548,8.533
2942,train,3.5706,0.0514,9.61,0.0000,nan,4748,1844.9,6.541,6.533
2943,train,3.5336,0.0727,12.92,0.0000,nan,4124,1845.5,9.790,9.759
2944,train,4.1141,0.0886,15.26,0.0000,nan,4547,1846.1,13.376,13.372
2945,train,2.9144,0.1616,7.53,0.0000,nan,4716,1846.7,5.283,5.274
2946,train,2.6328,0.2692,4.54,0.0000,nan,4480,1847.2,2.260,2.238
2947,train,4.3814,0.0383,11.13,0.0000,nan,4282,1847.8,10.094,10.089
2948,train,3.1309,0.0693,6.70,0.0000,nan,4403,1848.4,3.683,3.666
2949,train,2.9982,0.0872,6.05,0.0000,nan,3761,1849.0,4.689,4.685
2950,train,3.7296,0.0664,11.74,0.0000,nan,4700,1849.5,9.752,9.735
2951,train,2.8865,0.2195,5.35,0.0000,nan,4847,1850.1,3.333,3.298
2952,train,2.9434,0.1454,5.69,0.0000,nan,4671,1850.7,4.253,4.250
2953,train,2.8194,0.2519,4.56,0.0000,nan,4526,1851.3,2.434,2.430
2954,train,3.7354,0.0673,13.13,0.0000,nan,4445,1851.9,10.737,10.733
2955,train,2.9359,0.1647,6.51,0.0000,nan,4771,1852.4,5.024,5.019
2956,train,3.4640,0.1246,6.90,0.0000,nan,4375,1853.0,5.230,5.223
2957,train,3.8362,0.0650,10.25,0.0000,nan,4906,1853.6,8.583,8.583
2958,train,3.4690,0.0474,7.52,0.0000,nan,4830,1854.2,6.610,6.606
2959,train,3.3149,0.1431,6.49,0.0000,nan,4242,1854.8,4.914,4.896
2960,train,2.7163,0.2041,5.43,0.0000,nan,4316,1855.3,3.069,3.019
2961,train,3.4455,0.1117,7.28,0.0000,nan,4326,1855.9,4.626,4.619
2962,train,2.7415,0.2278,4.74,0.0000,nan,3687,1856.5,3.974,3.966
2963,train,3.8071,0.0212,12.30,0.0000,nan,4244,1857.1,7.827,7.823
2964,train,3.2696,0.0878,7.43,0.0000,nan,4339,1857.6,5.732,5.725
2965,train,3.5515,0.1364,8.43,0.0000,nan,4231,1858.2,7.382,7.369
2966,train,3.8749,0.0991,16.04,0.0000,nan,5137,1858.8,11.545,11.536
2967,train,4.7226,0.0064,17.16,0.0000,nan,4996,1859.4,14.829,14.820
2968,train,3.3080,0.1374,7.33,0.0000,nan,4644,1860.0,5.018,4.997
2969,train,3.4534,0.0639,7.97,0.0000,nan,4208,1860.5,6.403,6.399
2970,train,4.7443,0.0058,15.49,0.0000,nan,5327,1861.1,14.264,14.260
2971,train,3.0631,0.2608,5.89,0.0000,nan,4321,1861.7,5.231,5.206
2972,train,3.4187,0.1914,6.86,0.0000,nan,4205,1862.3,5.332,5.327
2973,train,2.7783,0.2796,4.59,0.0000,nan,4209,1862.8,3.340,3.330
2974,train,5.2355,0.0087,14.66,0.0000,nan,4833,1863.4,14.591,14.588
2975,train,4.3540,0.1578,13.49,0.0000,nan,4397,1864.0,11.351,11.347
2976,train,3.3917,0.1035,7.28,0.0000,nan,4424,1864.6,5.641,5.638
2977,train,3.0823,0.1860,6.44,0.0000,nan,4173,1865.2,2.877,2.846
2978,train,3.1528,0.1031,7.52,0.0000,nan,4868,1865.7,3.216,3.162
2979,train,3.8241,0.0912,10.74,0.0000,nan,4485,1866.3,8.396,8.382
2980,train,2.8162,0.1286,5.48,0.0000,nan,4627,1866.9,3.998,3.985
2981,train,4.0755,0.0601,12.66,0.0000,nan,4925,1867.5,11.042,11.039
2982,train,2.8039,0.1987,5.34,0.0000,nan,4303,1868.1,3.906,3.894
2983,train,3.3064,0.1318,7.62,0.0000,nan,4795,1868.6,5.279,5.273
2984,train,3.3047,0.1466,9.54,0.0000,nan,4912,1869.2,6.203,6.200
2985,train,3.6222,0.0849,9.04,0.0000,nan,4109,1869.8,8.036,8.031
2986,train,3.6880,0.0421,7.30,0.0000,nan,5323,1870.4,4.750,4.749
2987,train,3.2762,0.1621,7.42,0.0000,nan,5171,1871.0,4.535,4.530
2988,train,3.2385,0.0537,7.83,0.0000,nan,4843,1871.5,6.732,6.731
2989,train,3.7435,0.0274,9.86,0.0000,nan,4780,1872.1,8.317,8.316
2990,train,3.1779,0.1154,6.29,0.0000,nan,4047,1872.7,4.762,4.705
2991,train,3.0637,0.0939,6.29,0.0000,nan,5463,1873.3,4.484,4.478
2992,train,3.0592,0.2167,5.43,0.0000,nan,4651,1873.8,3.981,3.975
2993,train,3.3122,0.1089,7.71,0.0000,nan,4298,1874.4,2.834,2.829
2994,train,3.6214,0.1425,8.94,0.0000,nan,5349,1875.0,6.355,6.349
2995,train,4.0141,0.0449,8.51,0.0000,nan,4630,1875.6,7.174,7.162
2996,train,3.0084,0.1467,6.41,0.0000,nan,4438,1876.2,4.537,4.535
2997,train,3.1401,0.0805,8.09,0.0000,nan,4175,1876.7,6.250,6.243
2998,train,3.8359,0.1467,8.46,0.0000,nan,4745,1877.3,6.221,6.218
2999,train,3.4310,0.1196,9.53,0.0000,nan,4490,1877.9,6.545,6.532
3000,train,2.7557,0.1408,5.34,0.0000,nan,3865,1878.5,4.039,4.039
3000,val,3.6044,0.1141,9.27,0.0000,0.00,222066,1905.9,7.435,7.423
3001,train,3.9238,0.0235,10.17,0.0000,nan,4939,1906.5,8.211,8.197
3002,train,3.9122,0.1410,9.14,0.0000,nan,3993,1907.0,7.130,7.085
3003,train,3.1570,0.1255,5.92,0.0000,nan,4932,1907.6,3.679,3.667
3004,train,2.8396,0.1740,5.08,0.0000,nan,4529,1908.2,3.013,3.007
3005,train,3.0663,0.1157,7.70,0.0000,nan,4337,1908.8,5.390,5.386
3006,train,2.7929,0.2558,5.00,0.0000,nan,4715,1909.4,3.597,3.585
3007,train,4.1976,0.0565,10.23,0.0000,nan,4408,1909.9,8.565,8.553
3008,train,3.3281,0.1366,7.52,0.0000,nan,4004,1910.5,6.848,6.846
3009,train,3.8090,0.0144,14.47,0.0000,nan,3877,1911.1,11.261,11.252
3010,train,4.2500,0.0630,12.54,0.0000,nan,4794,1911.7,11.311,11.300
3011,train,3.2776,0.0750,6.99,0.0000,nan,4264,1912.2,4.834,4.828
3012,train,2.7070,0.1535,4.90,0.0000,nan,4208,1912.8,3.011,2.993
3013,train,3.2848,0.0990,7.33,0.0000,nan,4567,1913.4,4.339,4.333
3014,train,3.4827,0.1243,12.62,0.0000,nan,4587,1914.0,9.400,9.399
3015,train,3.1791,0.0597,6.93,0.0000,nan,4203,1914.6,4.941,4.937
3016,train,3.2470,0.1070,7.76,0.0000,nan,4476,1915.1,6.484,6.461
3017,train,2.8819,0.2096,4.89,0.0000,nan,4499,1915.7,2.533,2.468
3018,train,4.0994,0.0728,12.54,0.0000,nan,4591,1916.3,9.657,9.655
3019,train,4.0842,0.0214,10.44,0.0000,nan,4435,1916.9,8.900,8.896
3020,train,2.8664,0.1405,5.36,0.0000,nan,4149,1917.4,3.581,3.576
3021,train,2.7589,0.2192,5.03,0.0000,nan,4457,1918.0,3.142,3.138
3022,train,2.8851,0.2661,6.28,0.0000,nan,4799,1918.6,1.876,1.872
3023,train,2.6985,0.2013,5.21,0.0000,nan,4441,1919.2,3.353,3.349
3024,train,3.0861,0.2047,9.22,0.0000,nan,4143,1919.8,5.072,5.068
3025,train,3.3178,0.2049,10.18,0.0000,nan,4730,1920.3,5.298,5.246
3026,train,3.5391,0.1381,12.05,0.0000,nan,5077,1920.9,11.461,11.460
3027,train,3.1367,0.1026,5.76,0.0000,nan,4747,1921.5,4.512,4.507
3028,train,3.1802,0.1029,6.27,0.0000,nan,4685,1922.1,4.530,4.527
3029,train,3.6242,0.0426,8.81,0.0000,nan,4292,1922.7,7.242,7.239
3030,train,2.8064,0.1804,5.27,0.0000,nan,3997,1923.2,4.049,4.045
3031,train,2.4637,0.1925,4.40,0.0000,nan,4312,1923.8,3.580,3.578
3032,train,3.5697,0.0344,7.67,0.0000,nan,4133,1924.4,6.245,6.237
3033,train,3.2715,0.0388,7.12,0.0000,nan,4815,1925.0,5.333,5.322
3034,train,2.6816,0.2203,5.38,0.0000,nan,4916,1925.5,4.232,4.219
3035,train,4.2171,0.1199,11.32,0.0000,nan,4720,1926.1,11.236,11.226
3036,train,2.6851,0.1751,5.07,0.0000,nan,4546,1926.7,3.478,3.477
3037,train,3.4306,0.0258,6.60,0.0000,nan,4802,1927.3,5.102,5.077
3038,train,3.6920,0.0841,8.30,0.0000,nan,4258,1927.9,6.893,6.871
3039,train,2.9090,0.1111,5.37,0.0000,nan,4250,1928.4,3.822,3.818
3040,train,3.1933,0.1232,7.15,0.0000,nan,4896,1929.0,5.073,5.065
3041,train,4.1960,0.0187,12.87,0.0000,nan,4228,1929.6,9.547,9.546
3042,train,2.7326,0.1756,5.00,0.0000,nan,4817,1930.2,2.791,2.764
3043,train,3.1174,0.1703,7.26,0.0000,nan,4927,1930.7,3.873,3.870
3044,train,4.1713,0.1273,12.47,0.0000,nan,4705,1931.3,9.552,9.544
3045,train,4.1950,0.0240,12.21,0.0000,nan,3578,1931.9,11.651,11.649
3046,train,4.1176,0.1091,9.61,0.0000,nan,5223,1932.5,7.461,7.457
3047,train,3.0564,0.1276,6.36,0.0000,nan,4106,1933.1,4.169,4.162
3048,train,4.2473,0.1381,9.61,0.0000,nan,5082,1933.6,7.438,7.427
3049,train,2.9338,0.1747,5.64,0.0000,nan,4958,1934.2,3.377,3.272
3050,train,3.9730,0.0983,14.71,0.0000,nan,4830,1934.8,10.409,10.398
3051,train,4.6494,0.0505,13.10,0.0000,nan,4354,1935.4,12.334,12.333
3052,train,3.3727,0.1610,6.83,0.0000,nan,4205,1935.9,5.353,5.350
3053,train,3.5920,0.1880,7.72,0.0000,nan,4404,1936.5,6.953,6.927
3054,train,3.1736,0.1256,6.22,0.0000,nan,4338,1937.1,3.523,3.514
3055,train,3.1487,0.2307,7.68,0.0000,nan,4587,1937.7,7.609,7.580
3056,train,4.5969,0.0037,11.67,0.0000,nan,4352,1938.3,10.191,10.186
3057,train,2.6489,0.1978,4.92,0.0000,nan,4450,1938.8,2.832,2.797
3058,train,3.0293,0.2442,5.69,0.0000,nan,4897,1939.4,4.760,4.738
3059,train,3.5817,0.1315,9.70,0.0000,nan,4534,1940.0,9.309,9.304
3060,train,3.7715,0.1117,9.64,0.0000,nan,4512,1940.6,7.133,7.097
3061,train,3.1067,0.0885,7.38,0.0000,nan,3718,1941.1,5.533,5.526
3062,train,3.5676,0.0777,12.49,0.0000,nan,5164,1941.7,9.298,9.287
3063,train,3.0111,0.1202,5.77,0.0000,nan,4292,1942.3,4.527,4.522
3064,train,3.4606,0.0775,7.70,0.0000,nan,4823,1942.9,7.290,7.285
3065,train,3.1576,0.1414,7.13,0.0000,nan,3982,1943.5,4.923,4.916
3066,train,3.2801,0.1097,12.16,0.0000,nan,5550,1944.0,9.672,9.671
3067,train,3.8801,0.0741,12.69,0.0000,nan,4615,1944.6,10.219,10.218
3068,train,3.4254,0.1327,7.75,0.0000,nan,4151,1945.2,5.091,5.085
3069,train,4.4038,0.0607,11.48,0.0000,nan,4924,1945.8,9.447,9.441
3070,train,2.7167,0.1944,5.46,0.0000,nan,4290,1946.3,3.486,3.474
3071,train,2.9697,0.2015,7.34,0.0000,nan,5002,1946.9,6.023,6.008
3072,train,3.7623,0.0144,9.30,0.0000,nan,4738,1947.5,7.910,7.897
3073,train,3.6830,0.0739,8.71,0.0000,nan,4451,1948.1,4.795,4.604
3074,train,3.1648,0.1322,11.64,0.0000,nan,4409,1948.7,8.668,8.647
3075,train,4.1303,0.0166,10.40,0.0000,nan,4985,1949.2,9.602,9.602
3076,train,3.2958,0.2190,7.54,0.0000,nan,3859,1949.8,7.322,7.290
3077,train,2.9524,0.1744,5.95,0.0000,nan,3894,1950.4,3.868,3.865
3078,train,3.6052,0.0472,10.20,0.0000,nan,4072,1951.0,7.836,7.825
3079,train,4.0848,0.0238,15.50,0.0000,nan,4746,1951.5,13.644,13.642
3080,train,4.5616,0.0309,11.95,0.0000,nan,4501,1952.1,11.686,11.682
3081,train,3.4406,0.0426,7.19,0.0000,nan,3850,1952.7,5.484,5.483
3082,train,3.2592,0.1568,6.65,0.0000,nan,4369,1953.3,3.926,3.919
3083,train,3.2990,0.1404,6.84,0.0000,nan,5051,1953.9,6.468,6.461
3084,train,4.0115,0.0425,14.20,0.0000,nan,4239,1954.4,12.771,12.769
3085,train,3.9387,0.0751,8.79,0.0000,nan,4286,1955.0,6.868,6.859
3086,train,3.4536,0.0588,8.36,0.0000,nan,4015,1955.6,6.091,6.087
3087,train,2.7088,0.1316,4.69,0.0000,nan,4294,1956.2,2.863,2.858
3088,train,4.3128,0.0120,11.54,0.0000,nan,4067,1956.7,9.906,9.905
3089,train,3.4645,0.0911,9.08,0.0000,nan,4248,1957.3,6.200,6.197
3090,train,3.1056,0.0877,6.95,0.0000,nan,4745,1957.9,4.667,4.655
3091,train,3.0533,0.2081,6.70,0.0000,nan,3844,1958.5,5.515,5.498
3092,train,3.9036,0.0419,11.79,0.0000,nan,4200,1959.1,9.252,9.246
3093,train,3.2032,0.1464,8.61,0.0000,nan,3866,1959.6,6.093,6.088
3094,train,3.9905,0.0696,13.64,0.0000,nan,4569,1960.2,10.027,10.025
3095,train,2.6114,0.1937,6.32,0.0000,nan,4074,1960.8,3.200,3.187
3096,train,3.9472,0.0412,12.39,0.0000,nan,4441,1961.4,10.468,10.460
3097,train,3.6198,0.1230,10.75,0.0000,nan,4747,1961.9,10.254,10.248
3098,train,3.6526,0.0476,9.05,0.0000,nan,4705,1962.5,8.108,8.098
3099,train,2.9117,0.1605,6.27,0.0000,nan,4399,1963.1,4.752,4.744
3100,train,4.1214,0.0122,8.62,0.0000,nan,4187,1963.7,6.838,6.823
3101,train,2.9772,0.1984,5.32,0.0000,nan,5176,1964.2,2.775,2.774
3102,train,3.3103,0.1425,6.21,0.0000,nan,4773,1964.8,4.352,4.340
3103,train,3.1697,0.0883,6.43,0.0000,nan,4657,1965.4,5.085,5.075
3104,train,3.9465,0.0238,12.41,0.0000,nan,3953,1966.0,10.982,10.977
3105,train,2.9957,0.1889,6.69,0.0000,nan,4150,1966.6,5.835,5.832
3106,train,3.8597,0.0531,7.30,0.0000,nan,3991,1967.1,5.271,5.262
3107,train,4.4834,0.0855,10.29,0.0000,nan,4198,1967.7,8.377,8.370
3108,train,3.4910,0.1641,6.78,0.0000,nan,4071,1968.3,5.541,5.519
3109,train,3.4176,0.1139,6.43,0.0000,nan,4321,1968.9,4.362,4.353
3110,train,3.8301,0.0725,11.20,0.0000,nan,4333,1969.4,9.283,9.283
3111,train,3.5727,0.0518,8.07,0.0000,nan,4173,1970.0,5.607,5.604
3112,train,3.8809,0.0426,9.37,0.0000,nan,4809,1970.6,7.434,7.423
3113,train,2.9831,0.1554,7.08,0.0000,nan,4994,1971.2,5.881,5.870
3114,train,3.6665,0.0346,9.16,0.0000,nan,5440,1971.8,5.742,5.735
3115,train,3.8077,0.1117,10.95,0.0000,nan,4513,1972.3,9.274,9.266
3116,train,4.2005,0.0481,11.00,0.0000,nan,5491,1972.9,9.588,9.586
3117,train,3.2334,0.1128,6.45,0.0000,nan,3784,1973.5,4.710,4.705
3118,train,3.6667,0.1202,9.24,0.0000,nan,4577,1974.1,7.852,7.846
3119,train,3.6642,0.1564,11.19,0.0000,nan,4930,1974.6,7.726,7.710
3120,train,2.8964,0.1580,5.35,0.0000,nan,3974,1975.2,3.850,3.837
3121,train,3.6852,0.1003,11.53,0.0000,nan,4904,1975.8,10.696,10.696
3122,train,2.9031,0.2263,5.71,0.0000,nan,4539,1976.4,3.948,3.936
3123,train,3.8762,0.1453,11.79,0.0000,nan,4136,1977.0,9.336,9.325
3124,train,3.9781,0.0039,11.29,0.0000,nan,5370,1977.5,7.969,7.953
3125,train,3.7455,0.0323,9.69,0.0000,nan,4924,1978.1,7.952,7.947
3126,train,3.5758,0.0928,11.98,0.0000,nan,4938,1978.7,10.129,10.120
3127,train,3.1340,0.1837,6.80,0.0000,nan,4638,1979.3,4.636,4.633
3128,train,3.0431,0.1327,6.37,0.0000,nan,4327,1979.9,5.150,5.137
3129,train,2.9407,0.2312,5.80,0.0000,nan,4356,1980.4,2.830,2.816
3130,train,3.6514,0.1406,7.12,0.0000,nan,3877,1981.0,4.965,4.962
3131,train,4.0217,0.0541,11.23,0.0000,nan,4289,1981.6,9.622,9.620
3132,train,3.6867,0.1244,8.77,0.0000,nan,4278,1982.2,7.452,7.448
3133,train,3.9515,0.0860,11.04,0.0000,nan,4533,1982.7,6.617,6.614
3134,train,2.6204,0.2068,4.31,0.0000,nan,4938,1983.3,2.553,2.550
3135,train,4.1895,0.0035,11.54,0.0000,nan,4230,1983.9,10.631,10.624
3136,train,3.0610,0.0637,6.54,0.0000,nan,4331,1984.5,5.099,5.097
3137,train,3.1903,0.0889,7.19,0.0000,nan,4602,1985.0,4.963,4.957
3138,train,4.0564,0.0514,14.46,0.0000,nan,4771,1985.6,12.190,12.180
3139,train,2.7568,0.2136,5.22,0.0000,nan,4972,1986.2,4.616,4.596
3140,train,3.3899,0.0446,7.49,0.0000,nan,4778,1986.8,6.629,6.625
3141,train,3.9314,0.1324,11.65,0.0000,nan,4185,1987.4,10.859,10.854
3142,train,3.2805,0.2201,6.51,0.0000,nan,4538,1987.9,5.654,5.652
3143,train,3.3996,0.1073,7.44,0.0000,nan,5183,1988.5,5.111,5.071
3144,train,3.0204,0.1599,6.33,0.0000,nan,3934,1989.1,4.475,4.472
3145,train,3.1061,0.1178,8.36,0.0000,nan,4693,1989.7,5.315,5.309
3146,train,3.5472,0.0461,7.28,0.0000,nan,4513,1990.2,6.739,6.733
3147,train,3.7688,0.1496,8.04,0.0000,nan,5414,1990.8,7.378,7.378
3148,train,3.4907,0.0392,7.77,0.0000,nan,4309,1991.4,5.647,5.630
3149,train,3.1743,0.1918,6.72,0.0000,nan,4290,1992.0,4.951,4.936
3150,train,2.8855,0.1781,5.18,0.0000,nan,4212,1992.6,3.816,3.814
3151,train,2.9476,0.2101,5.39,0.0000,nan,4212,1993.1,3.479,3.444
3152,train,4.3893,0.0193,12.08,0.0000,nan,3944,1993.7,10.941,10.936
3153,train,2.9323,0.2009,5.08,0.0000,nan,4958,1994.3,3.704,3.703
3154,train,3.2633,0.1432,8.24,0.0000,nan,5243,1994.9,5.604,5.601
3155,train,3.8436,0.1352,12.85,0.0000,nan,4253,1995.4,9.023,9.017
3156,train,3.2780,0.1387,6.77,0.0000,nan,4440,1996.0,4.009,3.983
3157,train,3.0670,0.1732,7.36,0.0000,nan,4838,1996.6,6.682,6.665
3158,train,3.9593,0.0787,10.49,0.0000,nan,4119,1997.2,7.787,7.778
3159,train,3.5305,0.1071,10.83,0.0000,nan,4454,1997.8,6.599,6.597
3160,train,3.8936,0.0379,14.82,0.0000,nan,4486,1998.3,14.549,14.546
3161,train,3.5209,0.1440,8.41,0.0000,nan,4362,1998.9,6.702,6.695
3162,train,3.0322,0.0763,6.05,0.0000,nan,4428,1999.5,4.703,4.699
3163,train,2.7178,0.1983,5.14,0.0000,nan,4629,2000.1,2.587,2.560
3164,train,3.2834,0.1189,12.56,0.0000,nan,4710,2000.6,10.377,10.361
3165,train,3.5237,0.1132,9.27,0.0000,nan,4346,2001.2,8.072,8.064
3166,train,2.4751,0.3088,4.58,0.0000,nan,4492,2001.8,3.782,3.772
3167,train,3.9789,0.0391,16.26,0.0000,nan,4249,2002.4,14.330,14.326
3168,train,3.3241,0.0916,7.76,0.0000,nan,4179,2003.0,4.508,4.502
3169,train,3.5023,0.0476,9.98,0.0000,nan,3972,2003.5,7.690,7.689
3170,train,3.6493,0.0603,7.78,0.0000,nan,3881,2004.1,6.878,6.876
3171,train,2.7578,0.1257,5.01,0.0000,nan,4438,2004.7,2.707,2.704
3172,train,3.2999,0.0943,6.45,0.0000,nan,4827,2005.3,4.523,4.520
3173,train,2.7154,0.2149,4.63,0.0000,nan,4834,2005.8,2.392,2.368
3174,train,2.8601,0.2261,4.83,0.0000,nan,3835,2006.4,3.275,3.264
3175,train,3.1655,0.1277,6.10,0.0000,nan,4049,2007.0,4.624,4.617
3176,train,4.0491,0.0957,10.84,0.0000,nan,4043,2007.6,8.941,8.931
3177,train,2.8433,0.1786,5.08,0.0000,nan,4821,2008.2,2.862,2.843
3178,train,3.9620,0.0207,8.73,0.0000,nan,4351,2008.7,7.077,7.071
3179,train,3.6154,0.0522,11.85,0.0000,nan,4710,2009.3,9.991,9.989
3180,train,3.4133,0.1286,6.85,0.0000,nan,4285,2009.9,5.913,5.870
3181,train,4.0590,0.0203,9.92,0.0000,nan,3984,2010.5,7.659,7.628
3182,train,3.0275,0.1399,5.67,0.0000,nan,4188,2011.0,3.447,3.444
3183,train,3.7086,0.0915,9.36,0.0000,nan,4516,2011.6,8.190,8.186
3184,train,3.2018,0.0964,5.91,0.0000,nan,4359,2012.2,4.944,4.935
3185,train,4.4962,0.0324,13.29,0.0000,nan,4202,2012.8,10.607,10.597
3186,train,3.3195,0.1155,6.39,0.0000,nan,4658,2013.4,4.524,4.518
3187,train,3.1379,0.1688,8.47,0.0000,nan,4557,2013.9,7.936,7.932
3188,train,3.0057,0.0932,6.84,0.0000,nan,4250,2014.5,5.435,5.432
3189,train,3.2942,0.1536,5.90,0.0000,nan,5033,2015.1,4.391,4.377
3190,train,3.4531,0.1300,10.95,0.0000,nan,4746,2015.7,9.700,9.694
3191,train,3.3150,0.1865,7.07,0.0000,nan,3829,2016.2,5.237,5.191
3192,train,4.2236,0.0480,11.91,0.0000,nan,4085,2016.8,10.924,10.918
3193,train,2.3173,0.3337,4.20,0.0000,nan,3974,2017.4,2.491,2.480
3194,train,4.2045,0.0096,9.31,0.0000,nan,4709,2018.0,5.764,5.740
3195,train,3.3389,0.1971,10.01,0.0000,nan,4658,2018.6,5.752,5.725
3196,train,2.8006,0.1045,5.37,0.0000,nan,4939,2019.1,3.745,3.741
3197,train,3.3293,0.2550,10.42,0.0000,nan,3938,2019.7,8.264,8.257
3198,train,3.2120,0.1518,6.76,0.0000,nan,4881,2020.3,3.838,3.823
3199,train,3.0051,0.1581,5.38,0.0000,nan,4561,2020.9,3.963,3.961
3200,train,3.1983,0.2010,8.57,0.0000,nan,4104,2021.4,5.603,5.591
3201,train,3.0923,0.1961,5.79,0.0000,nan,4574,2022.0,4.195,4.189
3202,train,3.2153,0.1219,6.89,0.0000,nan,4274,2022.6,3.926,3.915
3203,train,2.3708,0.2630,4.13,0.0000,nan,4589,2023.2,2.670,2.658
3204,train,2.4140,0.2684,4.11,0.0000,nan,4304,2023.8,2.424,2.415
3205,train,4.2498,0.0911,15.56,0.0000,nan,5586,2024.3,10.812,10.807
3206,train,3.3633,0.1266,6.87,0.0000,nan,4612,2024.9,6.266,6.259
3207,train,3.0809,0.1776,10.47,0.0000,nan,4668,2025.5,8.444,8.439
3208,train,3.3453,0.1417,7.99,0.0000,nan,4770,2026.1,6.478,6.477
3209,train,3.4243,0.0363,8.19,0.0000,nan,4987,2026.7,6.399,6.389
3210,train,3.4387,0.0791,7.71,0.0000,nan,4600,2027.2,5.586,5.575
3211,train,4.3850,0.0096,11.83,0.0000,nan,4580,2027.8,9.921,9.919
3212,train,3.2448,0.2250,10.72,0.0000,nan,4920,2028.4,7.559,7.550
3213,train,4.9362,0.0065,14.03,0.0000,nan,3826,2029.0,13.416,13.410
3214,train,2.9602,0.1256,6.62,0.0000,nan,4012,2029.5,5.221,5.215
3215,train,4.9523,0.0212,12.39,0.0000,nan,4897,2030.1,10.995,10.993
3216,train,3.5260,0.1131,7.85,0.0000,nan,4033,2030.7,6.742,6.738
3217,train,3.5374,0.2555,9.52,0.0000,nan,4426,2031.3,6.480,6.460
3218,train,4.3734,0.0859,10.64,0.0000,nan,4612,2031.9,9.526,9.514
3219,train,2.9237,0.1359,5.34,0.0000,nan,4468,2032.4,3.903,3.897
3220,train,4.7223,0.0040,10.53,0.0000,nan,4474,2033.0,8.503,8.500
3221,train,3.8272,0.0614,9.22,0.0000,nan,4494,2033.6,7.828,7.817
3222,train,3.2111,0.0986,7.17,0.0000,nan,3813,2034.2,5.293,5.291
3223,train,3.8742,0.0842,11.99,0.0000,nan,5061,2034.7,8.644,8.625
3224,train,3.2405,0.2198,6.82,0.0000,nan,4213,2035.3,5.220,5.162
3225,train,2.8366,0.2374,5.21,0.0000,nan,4141,2035.9,4.232,4.189
3226,train,4.5164,0.1942,8.67,0.0000,nan,4938,2036.5,7.267,7.265
3227,train,2.8827,0.2093,5.14,0.0000,nan,5185,2037.1,3.073,3.054
3228,train,3.0830,0.1315,7.38,0.0000,nan,4814,2037.6,5.406,5.405
3229,train,3.6320,0.1155,8.20,0.0000,nan,4651,2038.2,6.247,6.242
3230,train,3.4070,0.2184,9.42,0.0000,nan,4845,2038.8,8.709,8.703
3231,train,2.7582,0.2255,4.64,0.0000,nan,4563,2039.4,2.808,2.799
3232,train,3.3203,0.1034,6.81,0.0000,nan,4817,2039.9,5.592,5.590
3233,train,3.6561,0.0403,8.64,0.0000,nan,4844,2040.5,6.453,6.450
3234,train,3.5141,0.0495,14.12,0.0000,nan,4342,2041.1,10.248,10.240
3235,train,3.1050,0.0830,6.20,0.0000,nan,4147,2041.7,4.403,4.401
3236,train,3.3504,0.1599,7.83,0.0000,nan,4446,2042.3,5.349,5.248
3237,train,3.6483,0.0691,9.48,0.0000,nan,4281,2042.8,7.780,7.772
3238,train,4.0370,0.0743,11.13,0.0000,nan,4808,2043.4,8.409,8.406
3239,train,3.3595,0.0684,7.60,0.0000,nan,4266,2044.0,6.144,6.140
3240,train,2.6371,0.1951,4.68,0.0000,nan,4121,2044.6,2.515,2.510
3241,train,2.9107,0.1552,5.27,0.0000,nan,3963,2045.1,3.565,3.560
3242,train,3.4632,0.0761,6.95,0.0000,nan,4074,2045.7,5.185,5.176
3243,train,2.9101,0.2004,5.01,0.0000,nan,4960,2046.3,3.453,3.448
3244,train,3.4921,0.0652,8.25,0.0000,nan,3940,2046.9,8.284,8.282
3245,train,2.6789,0.2102,4.83,0.0000,nan,4862,2047.5,2.730,2.728
3246,train,3.1230,0.0476,7.32,0.0000,nan,3741,2048.0,6.070,6.069
3247,train,3.3041,0.0857,7.59,0.0000,nan,4260,2048.6,7.402,7.401
3248,train,3.7578,0.0300,16.20,0.0000,nan,4567,2049.2,13.878,13.877
3249,train,3.0561,0.1252,11.13,0.0000,nan,4729,2049.8,7.948,7.906
3250,train,3.2142,0.0963,7.02,0.0000,nan,4485,2050.3,5.636,5.633
3251,train,3.6989,0.0797,8.80,0.0000,nan,4369,2050.9,7.438,7.416
3252,train,3.3182,0.0975,7.04,0.0000,nan,4255,2051.5,5.211,5.196
3253,train,3.7014,0.1465,8.64,0.0000,nan,4124,2052.1,7.213,7.204
3254,train,2.6852,0.1678,4.96,0.0000,nan,4339,2052.7,3.157,3.144
3255,train,4.0762,0.1375,11.62,0.0000,nan,4917,2053.2,9.556,9.554
3256,train,4.1078,0.1056,14.37,0.0000,nan,4224,2053.8,11.603,11.588
3257,train,2.9228,0.1792,5.11,0.0000,nan,4558,2054.4,3.118,3.116
3258,train,3.0249,0.0972,6.63,0.0000,nan,4074,2055.0,4.881,4.876
3259,train,2.8410,0.1233,5.18,0.0000,nan,4291,2055.5,4.325,4.324
3260,train,5.2876,0.0458,11.96,0.0000,nan,4627,2056.1,8.620,8.595
3261,train,3.2193,0.1389,7.67,0.0000,nan,4681,2056.7,5.768,5.751
3262,train,3.6878,0.1261,10.86,0.0000,nan,3988,2057.3,9.259,9.246
3263,train,3.8247,0.0180,10.20,0.0000,nan,5384,2057.9,8.829,8.827
3264,train,3.6359,0.0777,8.63,0.0000,nan,4996,2058.4,7.155,7.152
3265,train,3.1536,0.1004,7.41,0.0000,nan,4819,2059.0,4.610,4.598
3266,train,2.9357,0.1700,5.11,0.0000,nan,4530,2059.6,3.071,3.066
3267,train,3.7053,0.0313,8.22,0.0000,nan,4309,2060.2,6.009,6.005
3268,train,3.3508,0.1506,7.79,0.0000,nan,4078,2060.7,5.544,5.544
3269,train,2.8018,0.1619,5.31,0.0000,nan,5021,2061.3,3.183,3.182
3270,train,2.9067,0.2745,6.72,0.0000,nan,4932,2061.9,3.830,3.825
3271,train,3.4040,0.0618,8.29,0.0000,nan,4680,2062.5,6.791,6.783
3272,train,2.9712,0.1603,6.12,0.0000,nan,4616,2063.1,4.395,4.390
3273,train,3.7903,0.0601,17.12,0.0000,nan,4363,2063.6,14.956,14.953
3274,train,2.4792,0.2222,5.45,0.0000,nan,4743,2064.2,4.013,4.006
3275,train,2.6266,0.1430,4.88,0.0000,nan,3672,2064.8,3.615,3.587
3276,train,2.3024,0.3437,3.67,0.0000,nan,4053,2065.4,2.061,2.058
3277,train,4.4301,0.0145,12.64,0.0000,nan,4681,2065.9,10.421,10.405
3278,train,2.9771,0.1733,6.93,0.0000,nan,5112,2066.5,5.142,5.141
3279,train,3.4860,0.0625,8.26,0.0000,nan,5459,2067.1,5.236,5.224
3280,train,3.2299,0.1625,6.88,0.0000,nan,4709,2067.7,3.974,3.970
3281,train,3.9292,0.0265,9.94,0.0000,nan,5275,2068.3,7.071,7.070
3282,train,3.6892,0.1636,9.66,0.0000,nan,4353,2068.8,7.594,7.590
3283,train,4.0082,0.0548,7.67,0.0000,nan,4236,2069.4,6.366,6.348
3284,train,3.0207,0.1520,6.62,0.0000,nan,4907,2070.0,5.777,5.775
3285,train,4.1407,0.0616,10.75,0.0000,nan,4932,2070.6,9.155,9.151
3286,train,3.9021,0.1232,13.04,0.0000,nan,5139,2071.1,10.883,10.877
3287,train,3.8733,0.0666,8.75,0.0000,nan,4742,2071.7,7.768,7.764
3288,train,4.1176,0.0609,10.57,0.0000,nan,4250,2072.3,7.514,7.475
3289,train,2.9590,0.2062,5.40,0.0000,nan,5121,2072.9,4.648,4.636
3290,train,3.5303,0.0818,8.11,0.0000,nan,3983,2073.5,7.023,7.011
3291,train,4.1479,0.0113,9.29,0.0000,nan,4866,2074.0,8.395,8.384
3292,train,3.8035,0.0483,9.38,0.0000,nan,4451,2074.6,6.096,6.068
3293,train,4.1516,0.0477,9.98,0.0000,nan,4174,2075.2,8.516,8.510
3294,train,3.1575,0.1320,6.65,0.0000,nan,4811,2075.8,5.046,5.042
3295,train,2.6715,0.3144,5.00,0.0000,nan,4624,2076.3,2.820,2.808
3296,train,2.6865,0.1570,4.89,0.0000,nan,3948,2076.9,4.023,4.016
3297,train,4.4621,0.0229,13.13,0.0000,nan,4794,2077.5,12.875,12.867
3298,train,4.4675,0.0170,14.27,0.0000,nan,4768,2078.1,13.808,13.801
3299,train,2.7231,0.1059,5.28,0.0000,nan,4419,2078.7,3.105,3.100
3300,train,3.0053,0.2157,6.36,0.0000,nan,5141,2079.2,5.074,5.069
3301,train,3.1414,0.1302,6.30,0.0000,nan,4570,2079.8,4.354,4.349
3302,train,3.5535,0.0539,10.69,0.0000,nan,4875,2080.4,7.672,7.666
3303,train,3.5548,0.1351,9.74,0.0000,nan,5225,2081.0,7.000,6.990
3304,train,2.5235,0.2204,4.51,0.0000,nan,4107,2081.5,2.591,2.585
3305,train,3.4406,0.0764,7.73,0.0000,nan,3860,2082.1,7.432,7.414
3306,train,4.0367,0.1385,11.06,0.0000,nan,3907,2082.7,9.982,9.980
3307,train,4.0855,0.0918,9.47,0.0000,nan,5205,2083.3,6.967,6.954
3308,train,3.6711,0.0642,11.15,0.0000,nan,4441,2083.9,9.967,9.953
3309,train,3.1092,0.2128,5.39,0.0000,nan,4323,2084.4,5.576,5.575
3310,train,3.3976,0.1416,9.57,0.0000,nan,4759,2085.0,8.395,8.383
3311,train,3.1550,0.0668,7.47,0.0000,nan,4403,2085.6,6.017,6.002
3312,train,3.2220,0.0947,7.56,0.0000,nan,4572,2086.2,7.427,7.416
3313,train,3.5118,0.0576,11.54,0.0000,nan,4477,2086.7,9.127,9.124
3314,train,3.7245,0.1643,8.86,0.0000,nan,3937,2087.3,7.251,7.247
3315,train,3.5314,0.1981,10.91,0.0000,nan,4029,2087.9,8.180,8.177
3316,train,2.5767,0.2686,5.16,0.0000,nan,3619,2088.5,3.705,3.698
3317,train,3.4132,0.1588,6.92,0.0000,nan,5169,2089.1,5.109,5.109
3318,train,2.4375,0.1605,4.85,0.0000,nan,3950,2089.6,2.278,2.270
3319,train,3.3767,0.0841,7.89,0.0000,nan,4375,2090.2,4.701,4.695
3320,train,3.3780,0.0967,9.55,0.0000,nan,4085,2090.8,7.933,7.922
3321,train,3.0602,0.0909,7.08,0.0000,nan,4544,2091.4,6.433,6.428
3322,train,2.7695,0.1631,4.57,0.0000,nan,4280,2091.9,3.387,3.381
3323,train,3.1860,0.2772,6.54,0.0000,nan,4441,2092.5,4.324,4.322
3324,train,4.7424,0.0050,15.53,0.0000,nan,5358,2093.1,10.614,10.611
3325,train,2.7201,0.1502,6.82,0.0000,nan,4628,2093.7,4.179,4.174
3326,train,2.4167,0.2154,4.40,0.0000,nan,4763,2094.3,3.381,3.372
3327,train,3.6862,0.0113,8.26,0.0000,nan,4073,2094.8,7.000,7.000
3328,train,3.7605,0.0248,9.28,0.0000,nan,4154,2095.4,7.334,7.323
3329,train,3.1156,0.1705,6.73,0.0000,nan,5395,2096.0,7.194,7.180
3330,train,3.4493,0.2506,10.15,0.0000,nan,4442,2096.6,7.586,7.582
3331,train,4.1936,0.0386,9.46,0.0000,nan,4611,2097.1,8.735,8.732
3332,train,4.2272,0.0238,15.48,0.0000,nan,3697,2097.7,14.318,14.316
3333,train,3.1732,0.1256,6.94,0.0000,nan,4760,2098.3,3.939,3.934
3334,train,3.5463,0.0788,9.24,0.0000,nan,4173,2098.9,7.870,7.869
3335,train,2.9352,0.0763,5.61,0.0000,nan,3957,2099.5,3.576,3.568
3336,train,3.1290,0.0773,8.37,0.0000,nan,4669,2100.0,7.100,7.094
3337,train,2.9833,0.1177,5.89,0.0000,nan,4391,2100.6,4.083,4.080
3338,train,2.6066,0.2535,5.57,0.0000,nan,4340,2101.2,3.259,3.252
3339,train,3.9666,0.0313,10.38,0.0000,nan,3805,2101.8,8.964,8.961
3340,train,3.9157,0.2270,11.97,0.0000,nan,4242,2102.3,10.175,10.174
3341,train,4.1063,0.0678,14.85,0.0000,nan,4585,2102.9,10.731,10.688
3342,train,3.1433,0.0911,6.00,0.0000,nan,4008,2103.5,4.565,4.560
3343,train,3.7685,0.1507,9.71,0.0000,nan,3856,2104.1,7.135,7.106
3344,train,3.4197,0.2164,6.74,0.0000,nan,4205,2104.6,5.530,5.525
3345,train,3.6839,0.1427,9.86,0.0000,nan,4358,2105.2,8.091,8.083
3346,train,3.3646,0.1705,10.52,0.0000,nan,4117,2105.8,8.252,8.251
3347,train,5.2578,0.0004,13.96,0.0000,nan,4779,2106.4,13.831,13.828
3348,train,3.3512,0.1638,9.49,0.0000,nan,4376,2107.0,7.695,7.670
3349,train,3.6557,0.0303,10.10,0.0000,nan,4425,2107.5,8.102,8.102
3350,train,3.3634,0.2554,6.98,0.0000,nan,4303,2108.1,5.670,5.664
3351,train,2.8781,0.1847,5.82,0.0000,nan,3855,2108.7,5.663,5.657
3352,train,3.3310,0.0917,8.09,0.0000,nan,4480,2109.3,9.346,9.318
3353,train,3.1804,0.1828,5.61,0.0000,nan,4043,2109.8,3.673,3.657
3354,train,2.8550,0.1278,5.09,0.0000,nan,4493,2110.4,3.470,3.467
3355,train,3.2423,0.0743,6.74,0.0000,nan,3986,2111.0,5.426,5.423
3356,train,3.0790,0.1784,7.92,0.0000,nan,4994,2111.6,5.741,5.740
3357,train,3.2402,0.1636,6.49,0.0000,nan,4871,2112.2,5.488,5.483
3358,train,4.1673,0.1007,14.85,0.0000,nan,3853,2112.7,12.088,12.085
3359,train,3.5503,0.0509,8.20,0.0000,nan,5814,2113.3,6.913,6.903
3360,train,2.2055,0.3146,3.67,0.0000,nan,4367,2113.9,2.083,2.030
3361,train,2.9543,0.1370,6.28,0.0000,nan,4926,2114.5,5.113,5.092
3362,train,3.6104,0.0478,10.36,0.0000,nan,4628,2115.0,5.698,5.687
3363,train,3.6747,0.1257,11.95,0.0000,nan,4217,2115.6,7.656,7.655
3364,train,3.7528,0.0534,9.30,0.0000,nan,4026,2116.2,8.066,8.065
3365,train,3.4135,0.1177,12.52,0.0000,nan,4265,2116.8,9.354,9.311
3366,train,3.5714,0.0673,9.65,0.0000,nan,5038,2117.4,7.594,7.591
3367,train,3.5635,0.1670,7.20,0.0000,nan,5138,2117.9,5.020,5.015
3368,train,3.4049,0.0963,8.91,0.0000,nan,4955,2118.5,7.350,7.341
3369,train,3.7790,0.1050,9.70,0.0000,nan,5316,2119.1,7.397,7.388
3370,train,3.8269,0.0563,12.34,0.0000,nan,4262,2119.7,11.515,11.510
3371,train,3.4725,0.2712,9.28,0.0000,nan,4358,2120.3,8.017,8.010
3372,train,4.1115,0.0318,10.75,0.0000,nan,3998,2120.8,9.732,9.726
3373,train,3.9210,0.0947,10.01,0.0000,nan,4889,2121.4,7.734,7.731
3374,train,4.5775,0.0578,11.63,0.0000,nan,5154,2122.0,8.727,8.717
3375,train,3.2002,0.1591,9.92,0.0000,nan,4526,2122.6,10.562,10.556
3376,train,3.0278,0.1754,5.88,0.0000,nan,3985,2123.1,3.522,3.508
3377,train,2.8593,0.2476,5.40,0.0000,nan,4871,2123.7,3.335,3.318
3378,train,3.9557,0.0288,9.80,0.0000,nan,5032,2124.3,8.180,8.178
3379,train,4.0930,0.0549,14.13,0.0000,nan,4407,2124.9,9.203,9.201
3380,train,3.1048,0.0595,6.22,0.0000,nan,4151,2125.5,5.003,5.002
3381,train,2.5716,0.2452,4.90,0.0000,nan,4234,2126.0,3.256,3.254
3382,train,3.9587,0.0359,11.39,0.0000,nan,4909,2126.6,9.576,9.574
3383,train,3.8302,0.0634,6.82,0.0000,nan,4051,2127.2,6.061,6.054
3384,train,2.9866,0.1592,5.47,0.0000,nan,4352,2127.8,3.836,3.828
3385,train,2.7673,0.1949,4.85,0.0000,nan,5110,2128.3,2.642,2.631
3386,train,2.6876,0.2424,4.64,0.0000,nan,4266,2128.9,2.779,2.770
3387,train,4.1607,0.1343,9.77,0.0000,nan,5204,2129.5,7.850,7.845
3388,train,3.2612,0.1435,6.71,0.0000,nan,4935,2130.1,6.062,6.054
3389,train,2.8309,0.1776,5.57,0.0000,nan,4195,2130.7,4.571,4.569
3390,train,3.9690,0.1623,9.19,0.0000,nan,4190,2131.2,7.843,7.842
3391,train,3.7397,0.0907,11.19,0.0000,nan,4908,2131.8,9.281,9.235
3392,train,3.3969,0.0553,8.20,0.0000,nan,3904,2132.4,5.472,5.471
3393,train,2.2637,0.3737,3.66,0.0000,nan,3985,2133.0,1.904,1.868
3394,train,4.0423,0.0419,8.74,0.0000,nan,4177,2133.5,6.990,6.983
3395,train,2.7422,0.1608,5.57,0.0000,nan,4484,2134.1,3.928,3.908
3396,train,4.3629,0.0409,12.03,0.0000,nan,4646,2134.7,11.284,11.269
3397,train,3.8235,0.0602,8.25,0.0000,nan,4251,2135.3,6.347,6.340
3398,train,3.5965,0.0742,7.25,0.0000,nan,4908,2135.9,5.581,5.577
3399,train,3.5650,0.0938,9.61,0.0000,nan,4550,2136.4,5.891,5.776
3400,train,3.9002,0.0575,7.87,0.0000,nan,4299,2137.0,6.675,6.673
3401,train,3.7869,0.0889,12.40,0.0000,nan,5052,2137.6,10.795,10.791
3402,train,3.5333,0.1042,9.89,0.0000,nan,4451,2138.2,8.767,8.766
3403,train,3.3412,0.0768,6.34,0.0000,nan,4715,2138.7,4.086,4.085
3404,train,3.5228,0.0442,7.37,0.0000,nan,4573,2139.3,6.427,6.407
3405,train,3.6126,0.1319,8.97,0.0000,nan,4277,2139.9,7.209,7.189
3406,train,2.8799,0.2722,5.30,0.0000,nan,4130,2140.5,3.259,3.238
3407,train,3.6875,0.1403,7.99,0.0000,nan,4084,2141.1,5.270,5.248
3408,train,3.1560,0.1977,7.63,0.0000,nan,3789,2141.6,5.959,5.942
3409,train,4.2622,0.0102,11.62,0.0000,nan,4524,2142.2,9.610,9.608
3410,train,3.5596,0.0475,9.46,0.0000,nan,4424,2142.8,7.853,7.845
3411,train,3.1365,0.0972,5.89,0.0000,nan,4587,2143.4,5.606,5.593
3412,train,3.2565,0.1341,6.65,0.0000,nan,4050,2143.9,5.938,5.903
3413,train,2.9511,0.1088,5.92,0.0000,nan,4695,2144.5,3.281,3.272
3414,train,4.3594,0.0059,11.92,0.0000,nan,4414,2145.1,10.897,10.895
3415,train,3.0444,0.1328,7.90,0.0000,nan,4909,2145.7,5.683,5.665
3416,train,3.3323,0.1240,6.97,0.0000,nan,4491,2146.3,5.824,5.818
3417,train,4.0892,0.1294,10.43,0.0000,nan,4174,2146.8,8.517,8.507
3418,train,2.9223,0.2129,5.82,0.0000,nan,4541,2147.4,3.883,3.875
3419,train,3.9676,0.0515,14.99,0.0000,nan,4327,2148.0,11.764,11.760
3420,train,3.6665,0.1023,8.59,0.0000,nan,4739,2148.6,6.240,6.237
3421,train,4.4953,0.0709,15.94,0.0000,nan,4711,2149.1,14.199,14.198
3422,train,4.0235,0.0431,11.20,0.0000,nan,4805,2149.7,10.632,10.628
3423,train,2.6795,0.1695,4.82,0.0000,nan,4247,2150.3,3.310,3.294
3424,train,3.7298,0.0948,10.26,0.0000,nan,3922,2150.9,9.752,9.752
3425,train,4.2098,0.0253,14.05,0.0000,nan,4466,2151.5,10.750,10.749
3426,train,3.2621,0.1471,6.34,0.0000,nan,4393,2152.0,5.191,5.189
3427,train,3.4812,0.1077,7.45,0.0000,nan,4132,2152.6,5.325,5.306
3428,train,4.4044,0.0989,14.68,0.0000,nan,3800,2153.2,14.861,14.857
3429,train,3.7160,0.1366,11.69,0.0000,nan,4313,2153.8,9.631,9.629
3430,train,3.0988,0.1040,6.31,0.0000,nan,4594,2154.3,3.079,3.072
3431,train,4.0314,0.0545,11.93,0.0000,nan,4443,2154.9,10.223,10.222
3432,train,3.7193,0.0756,6.82,0.0000,nan,4616,2155.5,5.364,5.357
3433,train,2.9811,0.1120,5.33,0.0000,nan,4366,2156.1,4.065,4.062
3434,train,2.8271,0.2074,5.48,0.0000,nan,4430,2156.7,4.409,4.406
3435,train,2.8578,0.1947,5.43,0.0000,nan,4493,2157.2,3.747,3.736
3436,train,3.5374,0.0605,7.80,0.0000,nan,4398,2157.8,6.367,6.363
3437,train,4.0866,0.0200,11.41,0.0000,nan,5492,2158.4,7.744,7.742
3438,train,3.0010,0.0849,6.10,0.0000,nan,5156,2159.0,5.143,5.142
3439,train,2.3552,0.3333,3.78,0.0000,nan,4173,2159.6,1.613,1.590
3440,train,4.0322,0.0437,11.26,0.0000,nan,4991,2160.1,7.443,7.438
3441,train,3.4209,0.1580,5.79,0.0000,nan,4096,2160.7,4.551,4.546
3442,train,3.2348,0.1800,9.26,0.0000,nan,4412,2161.3,7.191,7.185
3443,train,4.5587,0.0450,11.49,0.0000,nan,4756,2161.9,7.217,7.197
3444,train,2.9155,0.1506,6.23,0.0000,nan,4403,2162.4,2.866,2.820
3445,train,4.2029,0.0281,13.78,0.0000,nan,4987,2163.0,11.662,11.658
3446,train,3.5089,0.1587,7.99,0.0000,nan,4411,2163.6,6.566,6.551
3447,train,4.1987,0.0358,12.76,0.0000,nan,4804,2164.2,9.131,9.131
3448,train,3.4619,0.0447,8.82,0.0000,nan,4764,2164.8,7.217,7.207
3449,train,3.5084,0.0309,9.65,0.0000,nan,5141,2165.3,7.745,7.741
3450,train,2.8209,0.2419,5.28,0.0000,nan,4948,2165.9,4.366,4.360
3451,train,3.2449,0.1010,9.51,0.0000,nan,4910,2166.5,5.978,5.974
3452,train,3.9923,0.1024,9.37,0.0000,nan,4745,2167.1,7.446,7.445
3453,train,3.9542,0.1223,8.62,0.0000,nan,4139,2167.7,5.382,5.375
3454,train,3.8441,0.1182,11.25,0.0000,nan,4821,2168.2,8.583,8.575
3455,train,4.2291,0.0142,9.84,0.0000,nan,4142,2168.8,7.025,7.001
3456,train,3.0897,0.1909,6.28,0.0000,nan,4636,2169.4,4.060,4.054
3457,train,2.5135,0.3258,4.10,0.0000,nan,4791,2170.0,1.159,1.025
3458,train,3.1350,0.0986,7.47,0.0000,nan,3984,2170.5,5.001,4.993
3459,train,3.4387,0.0624,8.35,0.0000,nan,4200,2171.1,6.456,6.452
3460,train,3.7567,0.0973,10.53,0.0000,nan,5201,2171.7,7.217,7.216
3461,train,3.2694,0.0664,6.95,0.0000,nan,4759,2172.3,5.098,5.090
3462,train,3.4754,0.0538,7.37,0.0000,nan,4055,2172.9,4.847,4.844
3463,train,3.3532,0.0990,6.57,0.0000,nan,4130,2173.4,3.890,3.881
3464,train,3.6941,0.0523,8.78,0.0000,nan,4056,2174.0,7.099,7.086
3465,train,3.4847,0.0709,7.51,0.0000,nan,4627,2174.6,4.519,4.515
3466,train,3.2710,0.1375,7.93,0.0000,nan,4421,2175.2,5.676,5.669
3467,train,4.4596,0.0820,12.35,0.0000,nan,4706,2175.7,10.439,10.438
3468,train,4.3894,0.0193,11.98,0.0000,nan,4361,2176.3,10.138,10.136
3469,train,3.1028,0.1351,6.22,0.0000,nan,4568,2176.9,5.030,5.014
3470,train,3.5749,0.1475,8.87,0.0000,nan,4915,2177.5,7.754,7.748
3471,train,3.1043,0.1400,6.10,0.0000,nan,4394,2178.1,4.469,4.468
3472,train,3.4680,0.1620,7.62,0.0000,nan,4519,2178.6,7.148,7.145
3473,train,2.8998,0.2554,5.05,0.0000,nan,4690,2179.2,3.239,3.204
3474,train,2.8235,0.1444,7.27,0.0000,nan,4459,2179.8,5.410,5.401
3475,train,3.0024,0.2190,5.55,0.0000,nan,4526,2180.4,2.457,2.453
3476,train,2.8359,0.1393,5.48,0.0000,nan,4500,2180.9,4.078,4.059
3477,train,3.8492,0.0436,9.13,0.0000,nan,4474,2181.5,6.318,6.316
3478,train,2.3942,0.2363,4.33,0.0000,nan,4193,2182.1,2.041,2.029
3479,train,3.1603,0.1308,6.87,0.0000,nan,4871,2182.7,5.522,5.522
3480,train,2.6676,0.2005,5.89,0.0000,nan,4339,2183.3,5.151,5.125
3481,train,3.1646,0.1397,5.87,0.0000,nan,4289,2183.8,4.549,4.547
3482,train,2.5730,0.2854,4.12,0.0000,nan,3970,2184.4,2.306,2.293
3483,train,3.8178,0.1342,10.59,0.0000,nan,5374,2185.0,7.795,7.792
3484,train,3.2018,0.1149,6.32,0.0000,nan,4482,2185.6,3.497,3.497
3485,train,2.5110,0.3132,4.11,0.0000,nan,4310,2186.2,2.355,2.346
3486,train,2.5601,0.2739,5.07,0.0000,nan,4630,2186.7,3.098,3.088
3487,train,4.0420,0.0565,13.64,0.0000,nan,4335,2187.3,9.316,9.309
3488,train,3.3446,0.0677,8.86,0.0000,nan,4210,2187.9,6.847,6.842
3489,train,3.4919,0.0415,7.83,0.0000,nan,3899,2188.5,5.516,5.502
3490,train,3.6249,0.0723,10.63,0.0000,nan,4135,2189.0,9.779,9.779
3491,train,2.7793,0.1735,7.56,0.0000,nan,3890,2189.6,5.733,5.730
3492,train,2.8593,0.1294,9.05,0.0000,nan,4483,2190.2,7.016,7.001
3493,train,3.0037,0.1205,5.93,0.0000,nan,5097,2190.8,3.439,3.425
3494,train,4.1875,0.1189,11.72,0.0000,nan,4002,2191.3,9.380,9.370
3495,train,2.5562,0.2214,5.00,0.0000,nan,3961,2191.9,2.078,2.043
3496,train,4.5195,0.1258,12.41,0.0000,nan,4246,2192.5,11.088,11.087
3497,train,2.9705,0.2363,6.38,0.0000,nan,4684,2193.1,3.831,3.828
3498,train,3.9980,0.0476,12.98,0.0000,nan,5249,2193.7,10.316,10.312
3499,train,3.0924,0.0902,7.39,0.0000,nan,4101,2194.2,4.818,4.791
3500,train,3.0775,0.2020,6.99,0.0000,nan,4223,2194.8,6.514,6.510
3500,val,3.4573,0.1186,8.59,0.0000,0.00,222066,2222.2,6.708,6.700
3501,train,2.9276,0.0712,9.39,0.0000,nan,5269,2223.3,8.167,8.165
3502,train,2.8768,0.2310,4.74,0.0000,nan,4458,2223.9,3.435,3.428
3503,train,5.5052,0.0395,20.64,0.0000,nan,4636,2224.4,17.377,17.373
3504,train,3.5708,0.0332,8.48,0.0000,nan,4819,2225.0,7.344,7.334
3505,train,3.8904,0.0503,13.86,0.0000,nan,4809,2225.6,8.865,8.842
3506,train,3.0544,0.2073,9.51,0.0000,nan,4559,2226.2,9.348,9.335
3507,train,3.1078,0.1918,7.38,0.0000,nan,3910,2226.7,6.283,6.278
3508,train,2.9764,0.1911,9.60,0.0000,nan,4767,2227.3,5.969,5.961
3509,train,3.8478,0.0306,15.88,0.0000,nan,4505,2227.9,14.218,14.197
3510,train,2.7854,0.0956,6.33,0.0000,nan,3860,2228.5,4.469,4.464
3511,train,4.0726,0.1036,12.60,0.0000,nan,5321,2229.1,10.581,10.562
3512,train,3.6998,0.1869,8.60,0.0000,nan,3917,2229.6,6.502,6.496
3513,train,3.2677,0.2590,8.15,0.0000,nan,4370,2230.2,6.620,6.613
3514,train,3.7363,0.0629,13.17,0.0000,nan,3817,2230.8,11.733,11.723
3515,train,3.0614,0.1083,6.10,0.0000,nan,4590,2231.4,4.442,4.433
3516,train,3.9808,0.1438,10.06,0.0000,nan,4651,2231.9,7.693,7.690
3517,train,3.1590,0.1584,6.61,0.0000,nan,3964,2232.5,5.592,5.587
3518,train,3.4702,0.0885,6.84,0.0000,nan,4530,2233.1,4.873,4.856
3519,train,4.7090,0.0257,13.50,0.0000,nan,5012,2233.7,13.140,13.137
3520,train,4.2385,0.0210,8.43,0.0000,nan,5297,2234.3,7.137,7.133
3521,train,3.7423,0.0685,10.31,0.0000,nan,4654,2234.8,7.518,7.505
3522,train,4.4444,0.0428,17.33,0.0000,nan,4651,2235.4,13.494,13.494
3523,train,3.8170,0.1204,13.11,0.0000,nan,4561,2236.0,11.893,11.892
3524,train,3.4947,0.1508,7.44,0.0000,nan,4667,2236.6,6.596,6.582
3525,train,3.1153,0.1475,6.03,0.0000,nan,4143,2237.1,4.974,4.971
3526,train,3.7303,0.0741,12.63,0.0000,nan,4294,2237.7,8.947,8.939
3527,train,3.4179,0.0841,8.63,0.0000,nan,5126,2238.3,5.534,5.524
3528,train,3.3333,0.0565,7.93,0.0000,nan,5289,2238.9,5.352,5.335
3529,train,3.4372,0.0769,7.41,0.0000,nan,4538,2239.5,6.794,6.789
3530,train,3.5049,0.1420,13.73,0.0000,nan,4290,2240.0,12.027,12.001
3531,train,3.6246,0.1299,9.08,0.0000,nan,4896,2240.6,7.266,7.261
3532,train,3.2515,0.1663,8.42,0.0000,nan,4084,2241.2,7.657,7.606
3533,train,3.2603,0.2227,8.07,0.0000,nan,4701,2241.8,6.182,6.178
3534,train,4.4329,0.0812,9.60,0.0000,nan,4161,2242.3,7.229,7.213
3535,train,3.5232,0.0988,12.83,0.0000,nan,4090,2242.9,10.081,10.077
3536,train,3.7373,0.0711,9.50,0.0000,nan,5119,2243.5,7.772,7.767
3537,train,3.9509,0.0386,8.34,0.0000,nan,4478,2244.1,6.949,6.946
3538,train,3.1112,0.1615,8.08,0.0000,nan,4322,2244.7,5.382,5.376
3539,train,3.4862,0.1150,8.95,0.0000,nan,4433,2245.2,7.740,7.736
3540,train,3.6540,0.1268,12.06,0.0000,nan,4243,2245.8,11.600,11.594
3541,train,3.9881,0.0707,14.69,0.0000,nan,4840,2246.4,13.932,13.931
3542,train,3.8257,0.1320,9.15,0.0000,nan,3954,2247.0,7.969,7.968
3543,train,3.2486,0.1169,6.56,0.0000,nan,4440,2247.5,4.873,4.868
3544,train,2.9019,0.1349,5.94,0.0000,nan,4657,2248.1,4.290,4.281
3545,train,4.1453,0.0320,11.56,0.0000,nan,4221,2248.7,10.703,10.702
3546,train,3.2299,0.1157,7.82,0.0000,nan,4390,2249.3,5.773,5.765
3547,train,3.4157,0.0451,9.77,0.0000,nan,4386,2249.9,8.162,8.155
3548,train,2.9648,0.1665,5.59,0.0000,nan,4698,2250.4,4.487,4.486
3549,train,3.9979,0.0205,9.94,0.0000,nan,4830,2251.0,7.161,7.160
3550,train,3.3688,0.1056,6.16,0.0000,nan,4129,2251.6,3.888,3.879
3551,train,3.4953,0.0500,11.13,0.0000,nan,4078,2252.2,8.747,8.720
3552,train,3.9979,0.0914,9.24,0.0000,nan,4815,2252.7,5.873,5.859
3553,train,3.4984,0.0834,8.69,0.0000,nan,4783,2253.3,6.786,6.774
3554,train,4.3978,0.0157,13.12,0.0000,nan,4066,2253.9,10.906,10.893
3555,train,3.5383,0.1340,10.20,0.0000,nan,4352,2254.5,10.314,10.296
3556,train,3.0080,0.1206,6.43,0.0000,nan,4626,2255.1,5.256,5.254
3557,train,3.3905,0.0809,8.91,0.0000,nan,3783,2255.6,8.800,8.793
3558,train,2.5960,0.2518,5.34,0.0000,nan,4996,2256.2,2.909,2.886
3559,train,3.5901,0.0579,8.58,0.0000,nan,4718,2256.8,5.887,5.879
3560,train,3.3087,0.1034,6.12,0.0000,nan,4487,2257.4,4.286,4.284
3561,train,3.2932,0.1414,6.77,0.0000,nan,4951,2258.0,5.467,5.462
3562,train,3.2295,0.1928,8.44,0.0000,nan,5297,2258.5,6.920,6.905
3563,train,3.1380,0.1787,5.91,0.0000,nan,4510,2259.1,4.218,4.207
3564,train,2.2404,0.3428,4.04,0.0000,nan,4011,2259.7,2.223,2.219
3565,train,3.4598,0.0679,9.52,0.0000,nan,4996,2260.3,7.555,7.545
3566,train,3.2939,0.1052,10.92,0.0000,nan,4021,2260.8,8.069,8.064
3567,train,3.2691,0.1029,7.54,0.0000,nan,4790,2261.4,7.122,7.109
3568,train,4.0705,0.0108,10.44,0.0000,nan,4447,2262.0,9.470,9.469
3569,train,3.2562,0.1935,6.63,0.0000,nan,4568,2262.6,4.225,4.217
3570,train,4.5031,0.0040,13.70,0.0000,nan,4972,2263.1,12.341,12.340
3571,train,3.0713,0.1656,8.22,0.0000,nan,4390,2263.7,5.567,5.559
3572,train,3.1166,0.0807,6.10,0.0000,nan,4500,2264.3,4.099,4.090
3573,train,3.4738,0.2008,6.66,0.0000,nan,4836,2264.9,5.464,5.461
3574,train,4.0733,0.1558,8.86,0.0000,nan,4429,2265.5,6.793,6.786
3575,train,3.9805,0.0281,11.36,0.0000,nan,4835,2266.0,9.474,9.471
3576,train,4.0500,0.0470,12.19,0.0000,nan,4188,2266.6,9.662,9.661
3577,train,4.3321,0.0844,15.15,0.0000,nan,4742,2267.2,12.085,12.084
3578,train,3.2862,0.0717,7.89,0.0000,nan,3921,2267.8,6.420,6.417
3579,train,2.8874,0.1119,5.77,0.0000,nan,4369,2268.4,3.088,3.080
3580,train,3.4749,0.0807,10.50,0.0000,nan,4682,2268.9,8.136,8.135
3581,train,4.3942,0.0238,11.00,0.0000,nan,4709,2269.5,9.508,9.508
3582,train,3.4609,0.1242,7.28,0.0000,nan,4636,2270.1,7.127,7.120
3583,train,3.3153,0.1829,7.01,0.0000,nan,4582,2270.7,5.125,5.121
3584,train,4.7728,0.0042,16.12,0.0000,nan,5288,2271.2,12.308,12.307
3585,train,2.7935,0.2185,4.64,0.0000,nan,5461,2271.8,2.351,2.345
3586,train,3.3176,0.2469,8.27,0.0000,nan,4313,2272.4,6.894,6.889
3587,train,3.1351,0.1314,6.79,0.0000,nan,4872,2273.0,5.748,5.743
3588,train,4.1675,0.0165,14.24,0.0000,nan,4909,2273.6,12.025,12.021
3589,train,4.2101,0.0273,12.60,0.0000,nan,5056,2274.1,10.278,10.220
3590,train,4.0386,0.0224,9.69,0.0000,nan,5224,2274.7,7.646,7.641
3591,train,3.2541,0.0948,7.20,0.0000,nan,4705,2275.3,4.292,4.264
3592,train,3.6403,0.0957,14.31,0.0000,nan,4190,2275.9,10.750,10.740
3593,train,3.1934,0.0651,7.35,0.0000,nan,4210,2276.5,6.540,6.537
3594,train,3.0313,0.1121,6.26,0.0000,nan,4460,2277.0,5.122,5.116
3595,train,2.9353,0.1480,5.79,0.0000,nan,4155,2277.6,4.202,4.190
3596,train,3.2761,0.2084,8.58,0.0000,nan,5029,2278.2,7.134,7.132
3597,train,4.0654,0.0576,21.31,0.0000,nan,4425,2278.8,17.452,17.438
3598,train,3.0159,0.1404,7.05,0.0000,nan,4517,2279.3,5.133,5.131
3599,train,3.7280,0.0584,12.08,0.0000,nan,4677,2279.9,8.129,8.121
3600,train,2.9886,0.1495,10.70,0.0000,nan,4717,2280.5,8.586,8.582
3601,train,3.1529,0.0380,7.04,0.0000,nan,4344,2281.1,4.732,4.720
3602,train,2.8660,0.1638,5.90,0.0000,nan,4437,2281.7,4.867,4.866
3603,train,4.1248,0.0115,8.87,0.0000,nan,4346,2282.2,8.487,8.485
3604,train,2.8950,0.1940,6.09,0.0000,nan,4320,2282.8,2.798,2.731
3605,train,3.2928,0.0822,7.28,0.0000,nan,4754,2283.4,5.760,5.749
3606,train,4.1098,0.0584,10.71,0.0000,nan,3954,2284.0,9.330,9.318
3607,train,3.4255,0.1155,7.08,0.0000,nan,3808,2284.5,6.515,6.498
3608,train,3.5046,0.0277,10.65,0.0000,nan,4545,2285.1,9.738,9.734
3609,train,3.3398,0.1167,6.48,0.0000,nan,4600,2285.7,6.078,6.049
3610,train,3.4029,0.1585,6.99,0.0000,nan,4367,2286.3,5.792,5.788
3611,train,4.1030,0.0264,9.23,0.0000,nan,4396,2286.8,5.503,5.469
3612,train,3.6528,0.0906,9.78,0.0000,nan,4292,2287.4,7.434,7.430
3613,train,3.4954,0.1257,11.42,0.0000,nan,5410,2288.0,7.861,7.851
3614,train,4.9973,0.0126,16.25,0.0000,nan,4769,2288.6,13.595,13.589
3615,train,3.1190,0.1698,7.11,0.0000,nan,4200,2289.2,4.896,4.811
3616,train,4.0680,0.0067,9.45,0.0000,nan,4330,2289.7,8.118,8.114
3617,train,4.3203,0.0138,12.22,0.0000,nan,4121,2290.3,10.088,10.071
3618,train,2.8410,0.1964,5.97,0.0000,nan,4511,2290.9,4.445,4.444
3619,train,4.6695,0.0442,12.57,0.0000,nan,5064,2291.5,10.914,10.911
3620,train,2.8053,0.2507,5.26,0.0000,nan,4225,2292.1,3.407,3.400
3621,train,2.9526,0.1121,5.96,0.0000,nan,5066,2292.6,3.485,3.473
3622,train,3.0870,0.2227,7.04,0.0000,nan,4486,2293.2,5.840,5.837
3623,train,4.0088,0.0350,11.31,0.0000,nan,4377,2293.8,11.408,11.406
3624,train,2.4831,0.2112,4.90,0.0000,nan,4436,2294.4,3.401,3.398
3625,train,3.5227,0.0907,10.48,0.0000,nan,4543,2294.9,7.387,7.380
3626,train,3.0983,0.1089,6.79,0.0000,nan,4711,2295.5,5.204,5.198
3627,train,3.0723,0.0948,6.09,0.0000,nan,4063,2296.1,5.511,5.506
3628,train,3.8966,0.0270,12.69,0.0000,nan,4964,2296.7,7.772,7.761
3629,train,3.7315,0.0435,7.05,0.0000,nan,3956,2297.3,5.828,5.828
3630,train,2.6617,0.1851,4.97,0.0000,nan,4057,2297.8,3.578,3.567
3631,train,2.6193,0.2504,4.56,0.0000,nan,4125,2298.4,3.525,3.522
3632,train,3.5213,0.0683,7.92,0.0000,nan,4961,2299.0,5.838,5.837
3633,train,3.3875,0.1020,7.58,0.0000,nan,4472,2299.6,6.213,6.205
3634,train,3.2874,0.2385,5.42,0.0000,nan,4562,2300.1,2.976,2.907
3635,train,3.4481,0.1083,6.93,0.0000,nan,4101,2300.7,5.463,5.456
3636,train,3.7701,0.1029,13.04,0.0000,nan,5101,2301.3,10.017,10.016
3637,train,3.1808,0.1243,8.14,0.0000,nan,4721,2301.9,5.592,5.550
3638,train,3.3017,0.0708,8.36,0.0000,nan,5370,2302.5,6.718,6.706
3639,train,3.5665,0.0388,9.16,0.0000,nan,4515,2303.0,7.376,7.360
3640,train,3.3160,0.0591,7.96,0.0000,nan,4690,2303.6,7.044,7.040
3641,train,3.6859,0.0865,7.59,0.0000,nan,4532,2304.2,6.259,6.256
3642,train,3.5058,0.0671,7.54,0.0000,nan,4381,2304.8,5.506,5.500
3643,train,2.9255,0.1525,5.80,0.0000,nan,4773,2305.3,3.886,3.881
3644,train,4.2488,0.0453,9.38,0.0000,nan,4636,2305.9,6.584,6.558
3645,train,3.0812,0.1568,6.08,0.0000,nan,4496,2306.5,4.014,3.995
3646,train,3.6354,0.1136,7.68,0.0000,nan,4646,2307.1,6.679,6.677
3647,train,3.1741,0.1480,7.58,0.0000,nan,3634,2307.7,5.972,5.970
3648,train,3.0364,0.0997,6.36,0.0000,nan,4616,2308.2,3.725,3.724
3649,train,3.1320,0.1055,6.85,0.0000,nan,4663,2308.8,4.931,4.928
3650,train,3.3814,0.1085,10.22,0.0000,nan,4451,2309.4,7.234,7.149
3651,train,3.5496,0.0596,13.20,0.0000,nan,4662,2310.0,11.941,11.939
3652,train,2.5667,0.2018,4.46,0.0000,nan,4985,2310.5,3.189,3.189
3653,train,4.1486,0.0267,11.79,0.0000,nan,4494,2311.1,9.253,9.251
3654,train,3.5269,0.0555,9.23,0.0000,nan,3837,2311.7,7.660,7.657
3655,train,3.2122,0.1009,9.33,0.0000,nan,4896,2312.3,6.832,6.831
3656,train,2.9181,0.1671,7.11,0.0000,nan,4464,2312.9,4.559,4.544
3657,train,3.6766,0.1643,8.56,0.0000,nan,4880,2313.4,4.758,4.733
3658,train,2.5221,0.2186,4.36,0.0000,nan,4414,2314.0,2.928,2.912
3659,train,3.1615,0.2428,9.54,0.0000,nan,4427,2314.6,7.816,7.804
3660,train,3.2901,0.1596,6.27,0.0000,nan,4217,2315.2,4.137,4.132
3661,train,3.4637,0.1349,6.47,0.0000,nan,4669,2315.7,5.248,5.247
3662,train,3.7140,0.0200,8.75,0.0000,nan,4595,2316.3,7.451,7.451
3663,train,3.3297,0.1317,8.46,0.0000,nan,4496,2316.9,7.154,7.153
3664,train,3.6106,0.0457,7.31,0.0000,nan,4219,2317.5,7.099,7.095
3665,train,2.6915,0.2441,5.69,0.0000,nan,4441,2318.0,4.107,4.098
3666,train,3.6367,0.1341,10.68,0.0000,nan,4556,2318.6,9.967,9.956
3667,train,3.4341,0.1128,8.53,0.0000,nan,4514,2319.2,7.425,7.425
3668,train,3.3655,0.1491,13.89,0.0000,nan,4340,2319.8,9.984,9.982
3669,train,3.2771,0.0623,7.26,0.0000,nan,4705,2320.4,4.653,4.647
3670,train,3.4756,0.0565,10.24,0.0000,nan,4404,2320.9,9.133,9.132
3671,train,4.2543,0.0505,14.43,0.0000,nan,4816,2321.5,11.471,11.469
3672,train,3.2079,0.1282,8.67,0.0000,nan,4479,2322.1,5.996,5.984
3673,train,3.7999,0.0662,11.09,0.0000,nan,3972,2322.7,8.942,8.940
3674,train,2.7554,0.1376,5.04,0.0000,nan,4478,2323.2,2.940,2.930
3675,train,3.6277,0.0676,8.40,0.0000,nan,4364,2323.8,5.895,5.893
3676,train,3.2983,0.1069,5.81,0.0000,nan,4247,2324.4,3.552,3.548
3677,train,3.1651,0.0968,6.79,0.0000,nan,4120,2325.0,5.300,5.299
3678,train,4.3894,0.1172,10.87,0.0000,nan,4155,2325.6,9.171,9.168
3679,train,3.2837,0.1624,8.94,0.0000,nan,4365,2326.1,6.860,6.857
3680,train,3.3485,0.1458,9.69,0.0000,nan,4375,2326.7,5.251,5.236
3681,train,3.7991,0.1751,8.90,0.0000,nan,4786,2327.3,6.870,6.854
3682,train,3.9484,0.0726,13.55,0.0000,nan,4823,2327.9,10.806,10.805
3683,train,3.3300,0.1447,9.56,0.0000,nan,4781,2328.5,5.584,5.576
3684,train,3.0156,0.2036,6.36,0.0000,nan,4765,2329.0,5.506,5.502
3685,train,3.9087,0.0309,13.61,0.0000,nan,4172,2329.6,11.834,11.830
3686,train,3.2283,0.1207,6.64,0.0000,nan,4442,2330.2,5.490,5.482
3687,train,3.1664,0.1282,9.52,0.0000,nan,4563,2330.8,8.498,8.493
3688,train,2.8744,0.2031,7.10,0.0000,nan,4274,2331.3,4.464,4.448
3689,train,3.2782,0.1711,8.58,0.0000,nan,4542,2331.9,6.342,6.338
3690,train,3.7480,0.0255,10.62,0.0000,nan,4513,2332.5,8.173,8.172
3691,train,2.7602,0.2566,5.30,0.0000,nan,5129,2333.1,3.349,3.323
3692,train,3.5716,0.1265,9.20,0.0000,nan,4617,2333.6,6.069,6.050
3693,train,3.9894,0.1050,15.24,0.0000,nan,5059,2334.2,12.368,12.364
3694,train,4.4342,0.0090,11.43,0.0000,nan,4202,2334.8,9.626,9.625
3695,train,2.3874,0.3738,3.69,0.0000,nan,4387,2335.4,2.262,2.258
3696,train,2.8581,0.2208,6.06,0.0000,nan,4574,2336.0,4.184,4.180
3697,train,4.0396,0.0732,11.34,0.0000,nan,4193,2336.5,11.419,11.414
3698,train,4.3559,0.0259,18.40,0.0000,nan,4510,2337.1,16.187,16.187
3699,train,3.8323,0.0223,10.02,0.0000,nan,4714,2337.7,9.223,9.222
3700,train,2.9214,0.2400,5.81,0.0000,nan,4512,2338.3,3.398,3.390
3701,train,3.6951,0.0614,14.89,0.0000,nan,4445,2338.8,11.537,11.536
3702,train,3.2912,0.1184,6.93,0.0000,nan,4281,2339.4,5.008,5.008
3703,train,3.0657,0.1758,5.51,0.0000,nan,4853,2340.0,4.081,4.076
3704,train,3.4731,0.2289,6.40,0.0000,nan,4242,2340.6,4.855,4.840
3705,train,3.6034,0.1225,9.53,0.0000,nan,4457,2341.1,7.385,7.349
3706,train,3.4846,0.0542,7.82,0.0000,nan,4835,2341.7,4.241,4.226
3707,train,3.3758,0.0809,8.15,0.0000,nan,4638,2342.3,6.034,6.028
3708,train,3.8272,0.0835,10.07,0.0000,nan,3975,2342.9,8.998,8.995
3709,train,4.1502,0.1388,13.90,0.0000,nan,5028,2343.5,14.480,14.479
3710,train,3.6452,0.0379,7.08,0.0000,nan,4694,2344.0,5.756,5.754
3711,train,2.7580,0.0838,5.14,0.0000,nan,4285,2344.6,3.695,3.687
3712,train,3.5731,0.0336,8.67,0.0000,nan,4547,2345.2,5.946,5.943
3713,train,2.7384,0.1517,5.18,0.0000,nan,4219,2345.8,3.384,3.380
3714,train,3.5940,0.0908,9.32,0.0000,nan,4416,2346.3,7.080,7.061
3715,train,3.7168,0.0859,10.45,0.0000,nan,4402,2346.9,7.502,7.494
3716,train,3.0627,0.1525,9.77,0.0000,nan,4657,2347.5,8.176,8.167
3717,train,3.0780,0.1004,5.97,0.0000,nan,4461,2348.1,4.444,4.436
3718,train,3.8328,0.0187,12.30,0.0000,nan,5146,2348.7,9.771,9.758
3719,train,3.1662,0.1487,5.71,0.0000,nan,3765,2349.2,3.302,3.302
3720,train,3.2874,0.1169,6.58,0.0000,nan,4875,2349.8,4.867,4.864
3721,train,3.7411,0.1289,8.93,0.0000,nan,4174,2350.4,8.528,8.508
3722,train,3.0435,0.1768,6.39,0.0000,nan,5157,2351.0,4.065,4.002
3723,train,3.2745,0.0667,7.04,0.0000,nan,4394,2351.5,5.674,5.670
3724,train,2.9205,0.2589,5.76,0.0000,nan,4292,2352.1,4.303,4.293
3725,train,4.1744,0.0503,19.20,0.0000,nan,5251,2352.7,17.526,17.525
3726,train,4.4075,0.1460,11.14,0.0000,nan,4314,2353.3,8.342,8.286
3727,train,4.1634,0.0574,11.28,0.0000,nan,4933,2353.9,8.728,8.728
3728,train,4.4822,0.0306,14.98,0.0000,nan,4374,2354.4,12.545,12.543
3729,train,2.6527,0.1628,5.44,0.0000,nan,4667,2355.0,3.958,3.953
3730,train,3.4444,0.0621,9.03,0.0000,nan,4077,2355.6,7.530,7.524
3731,train,4.0909,0.1692,11.82,0.0000,nan,4260,2356.2,9.795,9.789
3732,train,2.9161,0.1207,6.25,0.0000,nan,4821,2356.7,5.618,5.615
3733,train,2.7186,0.2030,5.02,0.0000,nan,4134,2357.3,2.272,2.269
3734,train,3.6728,0.0793,15.11,0.0000,nan,3758,2357.9,12.541,12.436
3735,train,3.5214,0.0525,12.55,0.0000,nan,3946,2358.5,9.881,9.872
3736,train,3.6234,0.1148,11.16,0.0000,nan,4720,2359.0,7.552,7.518
3737,train,4.0118,0.1381,14.92,0.0000,nan,4620,2359.6,12.639,12.634
3738,train,3.7375,0.1778,6.98,0.0000,nan,4757,2360.2,5.238,5.237
3739,train,4.0335,0.0223,9.91,0.0000,nan,4310,2360.8,7.880,7.879
3740,train,3.2963,0.0909,6.37,0.0000,nan,4744,2361.4,3.944,3.916
3741,train,3.5156,0.0488,7.75,0.0000,nan,4654,2361.9,6.810,6.807
3742,train,3.3308,0.1362,9.09,0.0000,nan,4558,2362.5,7.826,7.825
3743,train,2.8491,0.1914,7.02,0.0000,nan,4346,2363.1,5.694,5.687
3744,train,2.8038,0.2209,5.34,0.0000,nan,4368,2363.7,4.319,4.313
3745,train,3.0040,0.1644,7.47,0.0000,nan,4484,2364.2,6.387,6.380
3746,train,4.0273,0.0388,10.67,0.0000,nan,4796,2364.8,7.339,7.328
3747,train,3.1280,0.2543,6.82,0.0000,nan,4227,2365.4,4.497,4.469
3748,train,3.2239,0.1005,6.08,0.0000,nan,4993,2366.0,4.657,4.649
3749,train,3.1073,0.1250,5.96,0.0000,nan,5513,2366.6,4.251,4.219
3750,train,2.3179,0.2557,4.01,0.0000,nan,4197,2367.1,2.068,2.067
3751,train,3.4538,0.1253,7.97,0.0000,nan,4455,2367.7,6.340,6.337
3752,train,3.3415,0.0597,12.78,0.0000,nan,4742,2368.3,10.508,10.503
3753,train,2.4954,0.2845,5.74,0.0000,nan,4906,2368.9,4.327,4.285
3754,train,3.0477,0.1997,5.82,0.0000,nan,4166,2369.4,3.575,3.555
3755,train,3.2895,0.0736,6.40,0.0000,nan,4361,2370.0,5.061,5.040
3756,train,3.3659,0.0902,7.56,0.0000,nan,3846,2370.6,5.299,5.294
3757,train,4.1136,0.0397,13.52,0.0000,nan,4227,2371.2,10.864,10.863
3758,train,3.4161,0.1461,12.88,0.0000,nan,4217,2371.7,10.219,10.215
3759,train,3.6725,0.0228,11.62,0.0000,nan,4923,2372.3,10.824,10.818
3760,train,3.7245,0.0254,10.91,0.0000,nan,4131,2372.9,9.409,9.406
3761,train,3.1410,0.1918,6.21,0.0000,nan,4708,2373.5,4.162,4.139
3762,train,3.2333,0.1242,6.52,0.0000,nan,4475,2374.1,5.895,5.885
3763,train,3.3740,0.2470,6.84,0.0000,nan,4271,2374.6,6.333,6.328
3764,train,3.6861,0.1412,8.28,0.0000,nan,4079,2375.2,8.223,8.219
3765,train,3.1955,0.1246,6.00,0.0000,nan,4445,2375.8,3.996,3.991
3766,train,3.5672,0.0410,7.30,0.0000,nan,4441,2376.4,6.126,6.124
3767,train,3.3481,0.0390,9.80,0.0000,nan,4668,2377.0,8.391,8.387
3768,train,3.1104,0.2449,10.18,0.0000,nan,4793,2377.5,8.926,8.919
3769,train,4.2195,0.0673,7.69,0.0000,nan,4084,2378.1,6.645,6.641
3770,train,3.8136,0.0310,11.23,0.0000,nan,4682,2378.7,7.031,7.021
3771,train,2.6890,0.2933,4.48,0.0000,nan,3890,2379.3,3.943,3.934
3772,train,2.7407,0.2292,5.48,0.0000,nan,4886,2379.8,3.966,3.964
3773,train,3.7175,0.0375,9.38,0.0000,nan,4315,2380.4,7.963,7.960
3774,train,2.6607,0.2618,4.75,0.0000,nan,3858,2381.0,3.117,3.107
3775,train,4.0547,0.2382,10.94,0.0000,nan,4760,2381.6,9.311,9.309
3776,train,2.8639,0.1800,5.73,0.0000,nan,4362,2382.1,3.093,3.082
3777,train,2.7162,0.2493,4.80,0.0000,nan,4060,2382.7,2.881,2.872
3778,train,4.0520,0.0424,9.80,0.0000,nan,4765,2383.3,8.488,8.483
3779,train,3.0242,0.1114,6.67,0.0000,nan,4937,2383.9,3.621,3.617
3780,train,3.3440,0.1307,7.19,0.0000,nan,4842,2384.5,4.805,4.800
3781,train,3.3333,0.1415,8.82,0.0000,nan,4557,2385.0,7.033,7.030
3782,train,2.6338,0.2626,4.47,0.0000,nan,4032,2385.6,2.714,2.695
3783,train,3.7475,0.1024,7.86,0.0000,nan,5392,2386.2,8.384,8.379
3784,train,2.3135,0.2880,3.80,0.0000,nan,4267,2386.8,2.803,2.716
3785,train,2.7720,0.1259,5.51,0.0000,nan,4059,2387.3,2.848,2.831
3786,train,3.8466,0.1561,9.50,0.0000,nan,5387,2387.9,6.611,6.606
3787,train,2.2288,0.3762,3.29,0.0000,nan,3769,2388.5,3.050,3.049
3788,train,3.4159,0.1302,7.10,0.0000,nan,4530,2389.1,4.338,4.335
3789,train,3.8608,0.1133,7.32,0.0000,nan,6090,2389.7,6.100,6.092
3790,train,2.2182,0.3408,3.77,0.0000,nan,4463,2390.2,1.908,1.891
3791,train,3.7747,0.0375,9.81,0.0000,nan,4396,2390.8,7.818,7.813
3792,train,3.7232,0.0094,8.80,0.0000,nan,4160,2391.4,7.449,7.446
3793,train,3.4459,0.1072,8.25,0.0000,nan,4209,2392.0,5.724,5.721
3794,train,3.5186,0.1447,6.08,0.0000,nan,4652,2392.5,4.924,4.924
3795,train,3.0142,0.0965,6.46,0.0000,nan,4776,2393.1,3.574,3.571
3796,train,4.7706,0.0116,17.46,0.0000,nan,5950,2393.7,17.524,17.522
3797,train,3.6852,0.0795,10.01,0.0000,nan,4970,2394.3,8.601,8.576
3798,train,3.3448,0.0762,6.66,0.0000,nan,5054,2394.9,5.318,5.315
3799,train,3.3089,0.0453,7.04,0.0000,nan,4587,2395.4,4.863,4.845
3800,train,2.6057,0.2632,4.92,0.0000,nan,4411,2396.0,3.495,3.473
3801,train,2.8347,0.1222,6.25,0.0000,nan,4036,2396.6,4.998,4.994
3802,train,3.1149,0.1518,7.58,0.0000,nan,3749,2397.2,6.186,6.182
3803,train,3.4870,0.0745,7.96,0.0000,nan,4912,2397.8,4.504,4.498
3804,train,2.9596,0.3183,8.75,0.0000,nan,4395,2398.3,5.938,5.936
3805,train,4.0004,0.0397,16.56,0.0000,nan,4261,2398.9,14.097,14.095
3806,train,3.1532,0.0428,5.88,0.0000,nan,4295,2399.5,4.633,4.627
3807,train,3.5680,0.0806,6.96,0.0000,nan,4565,2400.1,7.936,7.930
3808,train,2.9251,0.1540,5.86,0.0000,nan,4396,2400.6,3.273,3.260
3809,train,4.0214,0.0156,8.96,0.0000,nan,5132,2401.2,7.699,7.695
3810,train,3.1868,0.1265,10.33,0.0000,nan,4545,2401.8,7.501,7.493
3811,train,3.8995,0.0611,13.43,0.0000,nan,5761,2402.4,10.165,10.157
3812,train,3.1597,0.1005,6.37,0.0000,nan,4994,2403.0,4.331,4.324
3813,train,3.0098,0.1915,5.06,0.0000,nan,4161,2403.5,2.807,2.803
3814,train,2.9665,0.1073,7.74,0.0000,nan,4316,2404.1,5.705,5.687
3815,train,3.6094,0.1037,10.55,0.0000,nan,3868,2404.7,7.906,7.888
3816,train,3.3348,0.2460,7.98,0.0000,nan,4418,2405.3,5.315,5.312
3817,train,4.2453,0.0217,17.58,0.0000,nan,4750,2405.8,15.152,15.150
3818,train,3.7744,0.0500,8.87,0.0000,nan,4576,2406.4,7.214,7.213
3819,train,2.5169,0.2566,4.37,0.0000,nan,4228,2407.0,1.332,1.296
3820,train,4.2630,0.0308,11.02,0.0000,nan,4023,2407.6,9.252,9.249
3821,train,3.4667,0.0628,9.68,0.0000,nan,4617,2408.2,9.194,9.191
3822,train,2.7824,0.1590,7.76,0.0000,nan,4710,2408.7,5.925,5.925
3823,train,3.1297,0.2047,7.16,0.0000,nan,4568,2409.3,5.083,5.043
3824,train,3.6795,0.1143,12.89,0.0000,nan,4322,2409.9,9.417,9.414
3825,train,3.4358,0.0716,9.12,0.0000,nan,5128,2410.5,5.351,5.344
3826,train,3.4717,0.1336,11.97,0.0000,nan,5045,2411.1,10.347,10.345
3827,train,4.2188,0.0422,15.38,0.0000,nan,4100,2411.6,12.302,12.299
3828,train,4.2518,0.0780,16.41,0.0000,nan,4575,2412.2,14.449,14.449
3829,train,3.0400,0.1628,6.83,0.0000,nan,5006,2412.8,3.956,3.932
3830,train,3.7805,0.0426,16.34,0.0000,nan,5492,2413.4,14.539,14.524
3831,train,4.3198,0.0352,11.38,0.0000,nan,4406,2413.9,9.735,9.734
3832,train,3.6514,0.1513,7.90,0.0000,nan,4243,2414.5,4.998,4.988
3833,train,2.9092,0.1878,5.84,0.0000,nan,4733,2415.1,3.524,3.518
3834,train,2.8109,0.1377,5.41,0.0000,nan,4371,2415.7,3.477,3.473
3835,train,2.8474,0.1616,5.95,0.0000,nan,3955,2416.3,5.337,5.332
3836,train,3.4335,0.0671,7.71,0.0000,nan,4459,2416.8,5.435,5.433
3837,train,3.7816,0.0744,10.75,0.0000,nan,4651,2417.4,9.677,9.674
3838,train,3.6608,0.1188,6.94,0.0000,nan,4227,2418.0,4.908,4.907
3839,train,3.3961,0.1002,8.90,0.0000,nan,5191,2418.6,7.446,7.443
3840,train,3.7377,0.0782,8.77,0.0000,nan,4618,2419.1,7.221,7.217
3841,train,3.4626,0.1263,7.82,0.0000,nan,5377,2419.7,5.930,5.921
3842,train,3.1012,0.1180,6.69,0.0000,nan,3840,2420.3,4.508,4.495
3843,train,3.6087,0.1641,7.17,0.0000,nan,4466,2420.9,6.012,6.008
3844,train,3.1180,0.1680,7.30,0.0000,nan,4138,2421.5,4.430,4.427
3845,train,3.8150,0.0408,12.41,0.0000,nan,5092,2422.0,10.749,10.747
3846,train,3.4248,0.0556,7.29,0.0000,nan,4642,2422.6,4.669,4.668
3847,train,3.5788,0.1493,8.85,0.0000,nan,4353,2423.2,6.985,6.977
3848,train,2.9061,0.1751,5.13,0.0000,nan,4134,2423.8,3.353,3.347
3849,train,4.5977,0.0156,13.48,0.0000,nan,4351,2424.3,11.824,11.820
3850,train,3.4811,0.1392,7.93,0.0000,nan,3866,2424.9,6.519,6.516
3851,train,3.1255,0.1602,6.00,0.0000,nan,4768,2425.5,4.040,4.032
3852,train,4.5348,0.0048,15.52,0.0000,nan,4351,2426.1,12.749,12.742
3853,train,2.2597,0.3086,3.91,0.0000,nan,4346,2426.7,2.563,2.553
3854,train,4.1765,0.0217,14.81,0.0000,nan,4480,2427.2,11.019,11.017
3855,train,3.1272,0.1330,6.84,0.0000,nan,4429,2427.8,4.983,4.979
3856,train,3.4520,0.1228,9.13,0.0000,nan,4422,2428.4,6.740,6.735
3857,train,2.8081,0.1402,5.07,0.0000,nan,4173,2429.0,2.316,2.308
3858,train,3.8437,0.0735,9.65,0.0000,nan,4121,2429.5,8.145,8.143
3859,train,3.7909,0.0540,11.96,0.0000,nan,4258,2430.1,8.873,8.872
3860,train,2.7495,0.2604,4.84,0.0000,nan,4669,2430.7,2.984,2.982
3861,train,4.4592,0.1062,16.76,0.0000,nan,4945,2431.3,13.505,13.501
3862,train,3.4191,0.1608,7.03,0.0000,nan,4346,2431.9,4.779,4.773
3863,train,3.1673,0.0324,6.60,0.0000,nan,4262,2432.4,6.171,6.169
3864,train,2.9527,0.1034,5.87,0.0000,nan,4140,2433.0,5.202,5.197
3865,train,3.8122,0.2141,8.54,0.0000,nan,4447,2433.6,8.626,8.606
3866,train,2.7628,0.1909,4.58,0.0000,nan,4636,2434.2,2.841,2.836
3867,train,3.9630,0.0128,11.74,0.0000,nan,3990,2434.7,9.755,9.754
3868,train,3.2959,0.1286,8.23,0.0000,nan,4317,2435.3,6.527,6.519
3869,train,2.5481,0.2947,4.04,0.0000,nan,4727,2435.9,2.717,2.689
3870,train,2.9708,0.1415,5.55,0.0000,nan,4232,2436.5,4.193,4.189
3871,train,3.2450,0.1449,6.37,0.0000,nan,5046,2437.1,6.301,6.297
3872,train,2.4736,0.3382,4.02,0.0000,nan,3930,2437.6,2.891,2.866
3873,train,3.1314,0.1904,8.81,0.0000,nan,4038,2438.2,7.760,7.759
3874,train,2.9428,0.2443,5.95,0.0000,nan,4424,2438.8,5.030,5.021
3875,train,4.6161,0.0399,11.98,0.0000,nan,4640,2439.4,11.884,11.866
3876,train,3.4142,0.0324,7.82,0.0000,nan,3920,2439.9,6.514,6.509
3877,train,3.0270,0.1947,6.68,0.0000,nan,4484,2440.5,5.276,5.229
3878,train,2.2076,0.3199,3.78,0.0000,nan,4270,2441.1,1.686,1.667
3879,train,3.1401,0.1015,9.92,0.0000,nan,3881,2441.7,9.009,9.005
3880,train,2.8653,0.1741,7.30,0.0000,nan,4491,2442.3,5.219,5.216
3881,train,2.9395,0.0809,5.40,0.0000,nan,3933,2442.8,3.416,3.416
3882,train,3.5563,0.1018,10.95,0.0000,nan,4438,2443.4,8.042,8.041
3883,train,3.8976,0.0373,14.35,0.0000,nan,5315,2444.0,12.484,12.457
3884,train,3.7436,0.0851,11.53,0.0000,nan,4503,2444.6,8.758,8.740
3885,train,2.8369,0.1234,5.89,0.0000,nan,4512,2445.1,4.106,4.104
3886,train,2.9873,0.1661,5.12,0.0000,nan,4636,2445.7,3.072,3.016
3887,train,2.5652,0.2896,4.82,0.0000,nan,4147,2446.3,3.329,3.320
3888,train,2.9144,0.1550,6.47,0.0000,nan,4515,2446.9,3.316,3.314
3889,train,3.2378,0.1596,6.65,0.0000,nan,4650,2447.5,4.394,4.389
3890,train,3.3115,0.0691,9.70,0.0000,nan,4195,2448.0,7.581,7.577
3891,train,3.2904,0.1631,7.74,0.0000,nan,5427,2448.6,5.958,5.957
3892,train,5.2037,0.0516,20.19,0.0000,nan,4284,2449.2,17.323,17.322
3893,train,4.1964,0.0139,12.47,0.0000,nan,4548,2449.8,10.565,10.563
3894,train,2.7103,0.1779,5.01,0.0000,nan,4165,2450.3,3.469,3.435
3895,train,3.3645,0.0514,6.74,0.0000,nan,4770,2450.9,5.733,5.725
3896,train,3.5693,0.1403,8.19,0.0000,nan,4533,2451.5,5.691,5.689
3897,train,3.5955,0.0348,8.25,0.0000,nan,4573,2452.1,6.442,6.438
3898,train,3.2938,0.0702,6.79,0.0000,nan,4119,2452.7,5.360,5.355
3899,train,3.0801,0.2531,9.64,0.0000,nan,4663,2453.2,7.240,7.231
3900,train,2.7396,0.2258,5.47,0.0000,nan,4202,2453.8,3.715,3.708
3901,train,4.2752,0.0418,14.67,0.0000,nan,4618,2454.4,9.863,9.858
3902,train,3.1059,0.1789,10.07,0.0000,nan,4505,2455.0,8.397,8.391
3903,train,3.5832,0.0629,14.75,0.0000,nan,3750,2455.5,12.422,12.412
3904,train,3.3936,0.1481,8.11,0.0000,nan,4267,2456.1,7.222,7.220
3905,train,2.9837,0.1895,6.13,0.0000,nan,3900,2456.7,4.987,4.982
3906,train,2.2971,0.2555,3.84,0.0000,nan,3925,2457.3,2.238,2.236
3907,train,4.4001,0.0629,11.99,0.0000,nan,3940,2457.9,11.695,11.692
3908,train,3.9917,0.0423,16.11,0.0000,nan,4962,2458.4,12.771,12.763
3909,train,2.8347,0.1328,5.28,0.0000,nan,4826,2459.0,3.594,3.583
3910,train,3.6266,0.1267,14.57,0.0000,nan,4649,2459.6,11.233,11.232
3911,train,3.5749,0.1314,10.58,0.0000,nan,4842,2460.2,7.098,6.899
3912,train,3.0468,0.2210,6.20,0.0000,nan,4430,2460.7,3.223,3.200
3913,train,3.4841,0.0308,11.80,0.0000,nan,4387,2461.3,8.537,8.535
3914,train,4.1257,0.0225,8.81,0.0000,nan,4835,2461.9,7.999,7.986
3915,train,3.0763,0.1438,6.39,0.0000,nan,4228,2462.5,5.277,5.275
3916,train,3.8682,0.0414,8.35,0.0000,nan,4584,2463.1,5.829,5.799
3917,train,3.0650,0.1271,5.90,0.0000,nan,4326,2463.6,3.713,3.709
3918,train,2.7070,0.1529,4.96,0.0000,nan,3943,2464.2,4.084,4.066
3919,train,4.4957,0.0062,15.30,0.0000,nan,4041,2464.8,14.317,14.316
3920,train,3.1828,0.1104,5.94,0.0000,nan,4238,2465.4,5.805,5.803
3921,train,2.9752,0.1106,6.17,0.0000,nan,4059,2465.9,4.324,4.304
3922,train,3.5872,0.0515,9.23,0.0000,nan,5222,2466.5,7.201,7.190
3923,train,2.6949,0.2012,7.48,0.0000,nan,4757,2467.1,5.563,5.536
3924,train,4.7367,0.1764,8.99,0.0000,nan,3901,2467.7,9.163,9.162
3925,train,3.0489,0.1279,5.91,0.0000,nan,4442,2468.3,3.281,3.238
3926,train,3.1013,0.0661,6.28,0.0000,nan,3935,2468.8,4.633,4.627
3927,train,2.9714,0.2133,8.11,0.0000,nan,4458,2469.4,4.682,4.673
3928,train,3.3423,0.1106,11.45,0.0000,nan,5779,2470.0,6.818,6.746
3929,train,3.2833,0.1377,7.75,0.0000,nan,4966,2470.6,5.199,5.198
3930,train,3.7183,0.1812,8.17,0.0000,nan,4979,2471.1,6.190,6.167
3931,train,3.8166,0.1294,11.19,0.0000,nan,4267,2471.7,9.203,9.190
3932,train,4.6133,0.0405,14.03,0.0000,nan,4598,2472.3,12.661,12.659
3933,train,2.7563,0.1717,5.48,0.0000,nan,4107,2472.9,3.539,3.537
3934,train,4.2727,0.0720,10.04,0.0000,nan,4346,2473.5,9.129,9.123
3935,train,2.9081,0.1448,4.90,0.0000,nan,4905,2474.0,3.769,3.760
3936,train,3.3637,0.0933,6.94,0.0000,nan,4588,2474.6,6.313,6.309
3937,train,2.9917,0.2043,6.47,0.0000,nan,4895,2475.2,5.659,5.658
3938,train,2.5410,0.2721,4.38,0.0000,nan,4259,2475.8,2.633,2.613
3939,train,3.0720,0.1602,6.29,0.0000,nan,4495,2476.3,5.206,5.201
3940,train,2.9038,0.1476,5.83,0.0000,nan,4208,2476.9,3.355,3.345
3941,train,2.6721,0.2191,5.11,0.0000,nan,4897,2477.5,3.792,3.789
3942,train,3.2610,0.1408,8.45,0.0000,nan,4261,2478.1,8.448,8.439
3943,train,2.8892,0.1206,5.66,0.0000,nan,4128,2478.7,4.609,4.602
3944,train,3.5469,0.1041,9.21,0.0000,nan,4985,2479.2,6.010,6.009
3945,train,3.7823,0.0936,11.62,0.0000,nan,4168,2479.8,10.607,10.606
3946,train,2.9900,0.0691,6.80,0.0000,nan,4313,2480.4,5.211,5.204
3947,train,2.9242,0.1792,7.70,0.0000,nan,4046,2481.0,6.249,6.247
3948,train,3.4143,0.1375,9.16,0.0000,nan,4682,2481.5,6.469,6.466
3949,train,3.2656,0.0812,6.99,0.0000,nan,4311,2482.1,4.782,4.778
3950,train,3.6649,0.0212,9.54,0.0000,nan,4992,2482.7,8.479,8.473
3951,train,3.5218,0.1447,11.75,0.0000,nan,5087,2483.3,9.640,9.631
3952,train,3.8859,0.0810,8.67,0.0000,nan,4877,2483.9,6.905,6.900
3953,train,3.5287,0.1990,10.86,0.0000,nan,5014,2484.4,7.723,7.719
3954,train,5.3032,0.0022,18.69,0.0000,nan,5360,2485.0,15.900,15.898
3955,train,2.9732,0.2860,6.05,0.0000,nan,4500,2485.6,4.147,4.119
3956,train,2.8361,0.1578,5.05,0.0000,nan,4429,2486.2,4.263,4.262
3957,train,3.5585,0.0977,8.47,0.0000,nan,4584,2486.7,6.568,6.566
3958,train,3.2368,0.0944,6.49,0.0000,nan,4428,2487.3,3.867,3.861
3959,train,4.0521,0.0671,14.49,0.0000,nan,4379,2487.9,13.430,13.429
3960,train,3.2484,0.1920,7.21,0.0000,nan,4813,2488.5,6.377,6.359
3961,train,3.8213,0.0276,8.69,0.0000,nan,4630,2489.1,7.886,7.880
3962,train,3.3456,0.0692,7.23,0.0000,nan,4092,2489.6,5.745,5.742
3963,train,2.8098,0.1571,5.99,0.0000,nan,4334,2490.2,4.390,4.357
3964,train,4.4489,0.1612,15.80,0.0000,nan,4509,2490.8,14.264,14.254
3965,train,2.8756,0.1361,4.95,0.0000,nan,4811,2491.4,3.362,3.356
3966,train,3.5191,0.0488,8.80,0.0000,nan,4000,2491.9,7.533,7.528
3967,train,2.3860,0.3515,3.94,0.0000,nan,4455,2492.5,2.039,2.018
3968,train,3.1475,0.1146,6.18,0.0000,nan,4694,2493.1,4.546,4.541
3969,train,4.4379,0.0121,11.78,0.0000,nan,4708,2493.7,11.576,11.575
3970,train,3.2848,0.1069,10.66,0.0000,nan,4155,2494.3,9.390,9.380
3971,train,2.8895,0.1816,5.82,0.0000,nan,4130,2494.8,3.618,3.610
3972,train,4.1130,0.0155,15.23,0.0000,nan,4463,2495.4,13.591,13.590
3973,train,3.0432,0.1828,7.49,0.0000,nan,4381,2496.0,6.380,6.378
3974,train,2.7602,0.1433,8.18,0.0000,nan,4537,2496.6,5.016,4.998
3975,train,3.2996,0.1355,7.18,0.0000,nan,4464,2497.1,6.524,6.520
3976,train,3.6826,0.0902,9.71,0.0000,nan,4724,2497.7,8.238,8.233
3977,train,3.8616,0.1198,11.02,0.0000,nan,5633,2498.3,9.503,9.500
3978,train,2.9020,0.1684,5.62,0.0000,nan,4538,2498.9,4.795,4.793
3979,train,2.8430,0.1739,8.91,0.0000,nan,4544,2499.5,5.624,5.620
3980,train,4.2791,0.0713,13.19,0.0000,nan,4336,2500.0,11.059,11.053
3981,train,2.8202,0.1099,5.14,0.0000,nan,4451,2500.6,4.296,4.294
3982,train,3.1017,0.2557,6.91,0.0000,nan,4533,2501.2,4.990,4.983
3983,train,2.4025,0.3049,4.11,0.0000,nan,4815,2501.8,2.024,2.021
3984,train,3.0327,0.1026,5.90,0.0000,nan,5411,2502.3,4.275,4.259
3985,train,3.9614,0.0185,8.41,0.0000,nan,4747,2502.9,6.965,6.961
3986,train,3.9586,0.1776,9.64,0.0000,nan,4837,2503.5,7.583,7.575
3987,train,3.2714,0.0737,6.58,0.0000,nan,5481,2504.1,5.327,5.319
3988,train,3.1799,0.2539,7.78,0.0000,nan,4234,2504.7,6.481,6.479
3989,train,3.0185,0.1331,6.34,0.0000,nan,4148,2505.2,4.776,4.768
3990,train,2.9125,0.2263,5.63,0.0000,nan,4605,2505.8,4.378,4.376
3991,train,3.4238,0.1161,8.71,0.0000,nan,4988,2506.4,5.705,5.642
3992,train,2.8786,0.2558,4.94,0.0000,nan,4331,2507.0,3.759,3.756
3993,train,3.5755,0.0722,10.19,0.0000,nan,4609,2507.5,6.587,6.579
3994,train,3.9624,0.0809,12.02,0.0000,nan,3768,2508.1,10.233,10.224
3995,train,2.4912,0.2834,4.49,0.0000,nan,3917,2508.7,3.702,3.700
3996,train,2.5939,0.1711,5.00,0.0000,nan,4026,2509.3,3.623,3.622
3997,train,3.9515,0.1162,12.06,0.0000,nan,4088,2509.9,9.781,9.776
3998,train,2.5125,0.1610,4.94,0.0000,nan,4154,2510.4,1.360,1.339
3999,train,2.7617,0.1419,5.88,0.0000,nan,4997,2511.0,4.484,4.479
4000,train,3.1285,0.1565,7.50,0.0000,nan,4197,2511.6,5.821,5.820
4000,val,3.3466,0.1361,8.18,0.0000,0.00,222066,2539.1,6.027,6.017
4001,train,4.4021,0.0073,13.91,0.0000,nan,5042,2540.2,9.977,9.976
4002,train,3.9044,0.0527,8.78,0.0000,nan,4533,2540.8,7.266,7.265
4003,train,2.9672,0.1745,7.35,0.0000,nan,4235,2541.3,6.412,6.409
4004,train,3.2149,0.1632,8.30,0.0000,nan,4393,2541.9,5.672,5.668
4005,train,3.2176,0.1514,6.08,0.0000,nan,5073,2542.5,5.091,5.090
4006,train,3.6883,0.0492,10.39,0.0000,nan,4598,2543.1,8.541,8.533
4007,train,4.4060,0.0307,15.88,0.0000,nan,4305,2543.6,13.391,13.387
4008,train,3.5689,0.1286,8.58,0.0000,nan,4268,2544.2,6.834,6.829
4009,train,4.4094,0.0649,13.68,0.0000,nan,4779,2544.8,9.962,9.952
4010,train,3.1683,0.1633,10.17,0.0000,nan,4954,2545.4,8.433,8.433
4011,train,3.2225,0.1464,9.63,0.0000,nan,4569,2546.0,8.726,8.719
4012,train,4.6541,0.0260,17.43,0.0000,nan,5655,2546.5,13.261,13.242
4013,train,3.2605,0.1383,6.75,0.0000,nan,4585,2547.1,5.736,5.668
4014,train,3.3558,0.0541,8.42,0.0000,nan,4879,2547.7,5.446,5.440
4015,train,3.9638,0.0452,10.04,0.0000,nan,5194,2548.3,7.638,7.635
4016,train,3.3640,0.0685,7.41,0.0000,nan,4086,2548.8,3.698,3.692
4017,train,3.4775,0.0684,7.69,0.0000,nan,3962,2549.4,6.844,6.838
4018,train,4.7217,0.0046,15.39,0.0000,nan,5432,2550.0,12.741,12.729
4019,train,3.9750,0.1150,8.27,0.0000,nan,4008,2550.6,7.755,7.754
4020,train,3.5117,0.1372,9.94,0.0000,nan,4722,2551.2,7.353,7.352
4021,train,3.7381,0.0392,9.59,0.0000,nan,4133,2551.7,9.163,9.148
4022,train,3.2379,0.0951,7.18,0.0000,nan,4543,2552.3,5.452,5.449
4023,train,2.7450,0.2359,5.19,0.0000,nan,4231,2552.9,3.122,3.112
4024,train,3.7061,0.1524,10.57,0.0000,nan,4614,2553.5,10.243,10.235
4025,train,3.2177,0.1954,6.87,0.0000,nan,4764,2554.0,5.419,5.419
4026,train,4.0336,0.0987,9.17,0.0000,nan,4531,2554.6,7.997,7.994
4027,train,2.5799,0.2430,4.63,0.0000,nan,4400,2555.2,3.737,3.730
4028,train,3.1844,0.1139,7.55,0.0000,nan,3925,2555.8,4.819,4.801
4029,train,3.0279,0.0995,6.89,0.0000,nan,4514,2556.3,5.618,5.597
4030,train,2.7569,0.2549,4.55,0.0000,nan,5092,2556.9,3.922,3.921
4031,train,3.3452,0.0454,6.83,0.0000,nan,4072,2557.5,5.032,5.019
4032,train,3.4792,0.0548,7.94,0.0000,nan,4851,2558.1,5.841,5.834
4033,train,3.2878,0.1352,10.08,0.0000,nan,4024,2558.6,7.924,7.911
4034,train,2.6256,0.1620,4.88,0.0000,nan,4513,2559.2,4.170,4.170
4035,train,4.1219,0.0481,10.11,0.0000,nan,4698,2559.8,9.151,9.145
4036,train,3.1123,0.1740,5.56,0.0000,nan,4350,2560.4,4.644,4.630
4037,train,3.1830,0.2342,9.40,0.0000,nan,4513,2561.0,6.089,6.070
4038,train,3.3970,0.1982,11.45,0.0000,nan,4036,2561.5,7.781,7.779
4039,train,2.9467,0.1840,5.69,0.0000,nan,4913,2562.1,3.579,3.566
4040,train,3.5732,0.0168,12.02,0.0000,nan,4767,2562.7,11.410,11.400
4041,train,2.7879,0.1440,5.65,0.0000,nan,5001,2563.3,3.572,3.567
4042,train,3.6790,0.1532,12.17,0.0000,nan,4387,2563.8,10.682,10.676
4043,train,4.8683,0.0168,19.58,0.0000,nan,4587,2564.4,17.260,17.259
4044,train,4.7874,0.0359,14.21,0.0000,nan,4518,2565.0,11.333,11.317
4045,train,3.1637,0.2645,7.54,0.0000,nan,4064,2565.6,4.949,4.938
4046,train,3.6109,0.0657,7.24,0.0000,nan,4142,2566.2,7.117,7.109
4047,train,4.7747,0.0354,11.39,0.0000,nan,4833,2566.7,9.707,9.703
4048,train,3.7236,0.0956,10.01,0.0000,nan,4498,2567.3,8.623,8.615
4049,train,4.7532,0.0271,16.04,0.0000,nan,4579,2567.9,12.270,12.254
4050,train,3.7887,0.0597,7.73,0.0000,nan,4843,2568.5,5.402,5.386
4051,train,4.1437,0.1977,10.84,0.0000,nan,4659,2569.0,8.300,8.298
4052,train,3.6156,0.0513,8.59,0.0000,nan,4268,2569.6,7.120,7.117
4053,train,2.3008,0.3007,3.68,0.0000,nan,4303,2570.2,2.097,2.089
4054,train,2.7147,0.1950,5.56,0.0000,nan,4497,2570.8,3.618,3.615
4055,train,3.5743,0.0827,9.38,0.0000,nan,4232,2571.4,9.096,9.092
4056,train,2.8207,0.2688,5.40,0.0000,nan,4285,2571.9,4.836,4.828
4057,train,2.6788,0.0724,5.69,0.0000,nan,4238,2572.5,3.821,3.817
4058,train,2.9792,0.0754,5.66,0.0000,nan,4073,2573.1,4.447,4.444
4059,train,2.7853,0.1542,5.31,0.0000,nan,3898,2573.7,3.540,3.536
4060,train,3.4344,0.0863,9.69,0.0000,nan,4230,2574.2,8.165,8.158
4061,train,3.1470,0.2560,8.53,0.0000,nan,4192,2574.8,5.325,5.316
4062,train,3.6690,0.0221,8.41,0.0000,nan,4891,2575.4,6.943,6.939
4063,train,3.6826,0.1540,10.49,0.0000,nan,4131,2576.0,8.370,8.367
4064,train,3.4610,0.0476,7.17,0.0000,nan,4286,2576.5,6.628,6.626
4065,train,3.2785,0.2239,7.83,0.0000,nan,4074,2577.1,6.682,6.677
4066,train,3.8036,0.1819,7.26,0.0000,nan,4597,2577.7,5.294,5.293
4067,train,4.1102,0.0608,11.93,0.0000,nan,4126,2578.3,11.213,11.213
4068,train,5.0122,0.0036,20.17,0.0000,nan,5337,2578.8,17.430,17.424
4069,train,3.6656,0.0542,10.60,0.0000,nan,4025,2579.4,9.390,9.382
4070,train,3.1863,0.1220,6.48,0.0000,nan,4525,2580.0,5.369,5.365
4071,train,4.3377,0.0099,16.96,0.0000,nan,4867,2580.6,16.928,16.923
4072,train,3.4352,0.0648,7.02,0.0000,nan,4812,2581.2,4.861,4.855
4073,train,2.8514,0.1368,5.31,0.0000,nan,3969,2581.7,4.786,4.781
4074,train,3.8182,0.0309,9.78,0.0000,nan,4732,2582.3,8.696,8.692
4075,train,4.1938,0.1198,8.23,0.0000,nan,4484,2582.9,7.572,7.569
4076,train,4.7168,0.0086,13.42,0.0000,nan,4062,2583.5,11.870,11.869
4077,train,4.0723,0.0100,9.54,0.0000,nan,4616,2584.0,8.085,8.080
4078,train,3.2795,0.1594,9.29,0.0000,nan,3964,2584.6,9.143,9.138
4079,train,4.2337,0.1371,11.46,0.0000,nan,4377,2585.2,9.278,9.276
4080,train,3.0199,0.1993,6.27,0.0000,nan,4852,2585.8,4.730,4.728
4081,train,3.2414,0.1038,6.38,0.0000,nan,4383,2586.4,5.021,5.011
4082,train,2.7594,0.1864,6.45,0.0000,nan,5187,2586.9,5.335,5.334
4083,train,3.0672,0.0226,6.98,0.0000,nan,4567,2587.5,5.980,5.978
4084,train,4.0246,0.0551,12.02,0.0000,nan,4084,2588.1,10.377,10.373
4085,train,3.6857,0.0929,8.46,0.0000,nan,4263,2588.7,7.190,7.176
4086,train,2.9076,0.2530,5.31,0.0000,nan,4237,2589.2,4.045,4.029
4087,train,2.4818,0.2825,4.57,0.0000,nan,3862,2589.8,2.541,2.537
4088,train,3.1683,0.1771,6.66,0.0000,nan,4827,2590.4,4.151,4.142
4089,train,3.1603,0.2241,5.42,0.0000,nan,5154,2591.0,4.115,4.114
4090,train,3.3575,0.1182,12.96,0.0000,nan,4111,2591.5,10.503,10.492
4091,train,3.1472,0.1321,9.77,0.0000,nan,4831,2592.1,8.074,8.066
4092,train,2.8943,0.1814,6.25,0.0000,nan,4107,2592.7,6.356,6.347
4093,train,3.0394,0.1682,6.72,0.0000,nan,4174,2593.3,4.639,4.635
4094,train,4.2583,0.0175,11.32,0.0000,nan,4052,2593.9,10.606,10.603
4095,train,3.0588,0.0934,6.17,0.0000,nan,4420,2594.4,4.367,4.360
4096,train,2.3115,0.3408,4.01,0.0000,nan,4178,2595.0,1.292,1.270
4097,train,2.8502,0.2458,6.65,0.0000,nan,4678,2595.6,5.734,5.729
4098,train,3.1354,0.1726,6.15,0.0000,nan,4322,2596.2,5.413,5.409
4099,train,2.9759,0.1900,5.32,0.0000,nan,4410,2596.7,4.419,4.416
4100,train,3.7053,0.0278,9.29,0.0000,nan,4861,2597.3,7.294,7.292
4101,train,4.2489,0.0381,16.46,0.0000,nan,4512,2597.9,12.428,12.420
4102,train,3.1793,0.0921,6.88,0.0000,nan,4885,2598.5,4.911,4.907
4103,train,3.2313,0.1687,5.53,0.0000,nan,4494,2599.1,4.000,3.999
4104,train,2.4072,0.2997,4.27,0.0000,nan,4991,2599.6,1.521,1.520
4105,train,3.6413,0.1190,9.56,0.0000,nan,5228,2600.2,7.426,7.420
4106,train,2.6535,0.2455,5.39,0.0000,nan,3964,2600.8,2.734,2.730
4107,train,3.0452,0.0994,6.00,0.0000,nan,5068,2601.4,4.258,4.256
4108,train,3.5587,0.1028,8.42,0.0000,nan,5039,2601.9,6.889,6.884
4109,train,3.0446,0.1604,8.13,0.0000,nan,4003,2602.5,6.345,6.341
4110,train,2.9450,0.1870,5.99,0.0000,nan,4053,2603.1,4.887,4.883
4111,train,3.9045,0.0306,11.40,0.0000,nan,4582,2603.7,8.025,8.021
4112,train,2.8227,0.2281,5.82,0.0000,nan,4757,2604.3,4.386,4.381
4113,train,3.0269,0.1267,6.25,0.0000,nan,4602,2604.8,3.999,3.981
4114,train,4.1816,0.0329,13.60,0.0000,nan,4742,2605.4,10.659,10.657
4115,train,3.7654,0.0494,10.64,0.0000,nan,4782,2606.0,8.380,8.375
4116,train,4.2234,0.0608,17.91,0.0000,nan,3867,2606.6,16.319,16.315
4117,train,3.1610,0.1207,7.24,0.0000,nan,4550,2607.1,6.001,5.997
4118,train,4.4377,0.0226,14.84,0.0000,nan,4475,2607.7,12.856,12.852
4119,train,3.3944,0.0946,7.27,0.0000,nan,4230,2608.3,5.077,5.050
4120,train,2.9923,0.2155,5.85,0.0000,nan,4389,2608.9,4.713,4.709
4121,train,4.0699,0.2040,13.94,0.0000,nan,5251,2609.4,10.745,10.739
4122,train,3.6668,0.1311,14.13,0.0000,nan,4570,2610.0,11.460,11.456
4123,train,3.4928,0.1800,7.35,0.0000,nan,4517,2610.6,5.929,5.905
4124,train,2.9205,0.1349,6.06,0.0000,nan,4795,2611.2,4.334,4.324
4125,train,3.3742,0.0573,10.64,0.0000,nan,5047,2611.8,8.507,8.498
4126,train,3.1627,0.2587,8.52,0.0000,nan,3869,2612.3,7.100,7.081
4127,train,3.8024,0.0708,12.76,0.0000,nan,4702,2612.9,9.669,9.658
4128,train,4.3141,0.0551,18.89,0.0000,nan,4717,2613.5,17.873,17.868
4129,train,3.7480,0.0424,9.38,0.0000,nan,4438,2614.1,7.431,7.428
4130,train,3.0012,0.1477,5.51,0.0000,nan,4089,2614.6,3.371,3.370
4131,train,3.1983,0.1708,7.05,0.0000,nan,4105,2615.2,5.617,5.615
4132,train,3.3817,0.1148,7.75,0.0000,nan,4783,2615.8,6.210,6.205
4133,train,2.6487,0.3878,6.87,0.0000,nan,4961,2616.4,3.999,3.997
4134,train,4.7567,0.0405,9.71,0.0000,nan,4120,2617.0,7.917,7.913
4135,train,2.8891,0.1436,5.64,0.0000,nan,4734,2617.5,2.937,2.928
4136,train,3.3101,0.0934,7.12,0.0000,nan,4188,2618.1,5.418,5.393
4137,train,4.6767,0.0112,12.23,0.0000,nan,4275,2618.7,10.083,10.079
4138,train,3.7587,0.1394,8.99,0.0000,nan,4613,2619.3,7.509,7.483
4139,train,3.2039,0.1047,8.74,0.0000,nan,4680,2619.8,6.681,6.668
4140,train,2.5477,0.2716,5.44,0.0000,nan,4566,2620.4,4.643,4.638
4141,train,2.8532,0.1638,5.08,0.0000,nan,4377,2621.0,3.818,3.814
4142,train,3.3578,0.0491,8.70,0.0000,nan,4543,2621.6,6.262,6.257
4143,train,3.1802,0.1402,6.67,0.0000,nan,4507,2622.2,5.442,5.431
4144,train,3.8817,0.0745,11.49,0.0000,nan,4807,2622.7,11.534,11.532
4145,train,3.4863,0.0261,7.73,0.0000,nan,4406,2623.3,6.870,6.865
4146,train,3.2824,0.0993,5.91,0.0000,nan,4201,2623.9,4.749,4.744
4147,train,3.5841,0.0340,8.09,0.0000,nan,4553,2624.5,5.133,5.128
4148,train,3.7866,0.0977,10.08,0.0000,nan,5383,2625.0,8.539,8.535
4149,train,4.0405,0.0622,13.18,0.0000,nan,4857,2625.6,10.651,10.577
4150,train,3.0093,0.2055,5.97,0.0000,nan,3966,2626.2,5.283,5.273
4151,train,2.8590,0.2476,5.98,0.0000,nan,4830,2626.8,3.736,3.714
4152,train,3.3296,0.0496,8.15,0.0000,nan,4717,2627.4,6.145,6.145
4153,train,3.1792,0.1255,6.51,0.0000,nan,4350,2627.9,6.241,6.229
4154,train,2.9449,0.2500,6.59,0.0000,nan,5276,2628.5,3.346,3.316
4155,train,3.1748,0.1405,8.47,0.0000,nan,4618,2629.1,7.117,7.116
4156,train,3.1019,0.1687,8.47,0.0000,nan,4500,2629.7,7.384,7.343
4157,train,2.5988,0.2205,5.08,0.0000,nan,4113,2630.2,3.467,3.465
4158,train,4.7308,0.0595,11.75,0.0000,nan,4470,2630.8,10.191,10.186
4159,train,3.3247,0.2076,9.04,0.0000,nan,4287,2631.4,7.304,7.303
4160,train,3.8950,0.0846,9.16,0.0000,nan,4562,2632.0,7.329,7.323
4161,train,3.3726,0.1121,11.50,0.0000,nan,4922,2632.6,8.380,8.374
4162,train,3.0952,0.1127,7.23,0.0000,nan,4666,2633.1,5.199,5.195
4163,train,3.9726,0.1696,8.39,0.0000,nan,5060,2633.7,6.880,6.876
4164,train,2.5503,0.2531,4.50,0.0000,nan,3789,2634.3,2.868,2.867
4165,train,2.6066,0.0967,5.21,0.0000,nan,4446,2634.9,3.721,3.716
4166,train,3.5365,0.1575,10.10,0.0000,nan,4820,2635.4,7.395,7.381
4167,train,3.0946,0.0783,6.36,0.0000,nan,5583,2636.0,3.837,3.830
4168,train,3.0759,0.2469,7.36,0.0000,nan,3924,2636.6,5.491,5.490
4169,train,2.7290,0.2148,6.17,0.0000,nan,4036,2637.2,4.726,4.725
4170,train,4.8064,0.0163,11.31,0.0000,nan,4832,2637.8,10.410,10.409
4171,train,2.8684,0.2520,6.85,0.0000,nan,4496,2638.3,5.409,5.407
4172,train,2.9762,0.1529,5.38,0.0000,nan,3865,2638.9,4.014,4.008
4173,train,3.5109,0.0500,8.67,0.0000,nan,5479,2639.5,8.254,8.252
4174,train,4.0749,0.0308,10.20,0.0000,nan,4734,2640.1,7.398,7.395
4175,train,3.1490,0.0744,6.75,0.0000,nan,4788,2640.7,4.543,4.509
4176,train,2.9597,0.2556,8.42,0.0000,nan,4647,2641.2,5.253,5.249
4177,train,2.4531,0.2281,4.21,0.0000,nan,4988,2641.8,2.597,2.594
4178,train,2.4889,0.1960,4.73,0.0000,nan,3928,2642.4,4.646,4.642
4179,train,3.7440,0.1468,10.42,0.0000,nan,4440,2643.0,7.286,7.262
4180,train,3.6701,0.1428,8.47,0.0000,nan,4714,2643.5,6.212,6.204
4181,train,3.5765,0.0799,7.82,0.0000,nan,3743,2644.1,5.888,5.887
4182,train,3.7034,0.1819,6.88,0.0000,nan,5046,2644.7,6.653,6.645
4183,train,2.7417,0.1995,5.40,0.0000,nan,4457,2645.3,4.213,4.203
4184,train,3.3157,0.0964,6.82,0.0000,nan,4442,2645.9,3.470,3.451
4185,train,3.3170,0.1361,12.47,0.0000,nan,4305,2646.4,11.616,11.605
4186,train,2.7356,0.2315,4.55,0.0000,nan,5447,2647.0,1.974,1.966
4187,train,2.8835,0.1761,5.50,0.0000,nan,4525,2647.6,4.045,4.041
4188,train,3.1451,0.0792,7.26,0.0000,nan,4631,2648.2,5.990,5.989
4189,train,2.9048,0.1387,5.68,0.0000,nan,4787,2648.7,4.190,4.183
4190,train,2.5540,0.2320,4.42,0.0000,nan,4712,2649.3,2.651,2.594
4191,train,4.1110,0.0056,15.14,0.0000,nan,5907,2649.9,11.739,11.733
4192,train,4.2992,0.0152,13.00,0.0000,nan,4488,2650.5,11.351,11.350
4193,train,2.3970,0.2061,4.28,0.0000,nan,4493,2651.1,2.816,2.811
4194,train,3.2074,0.1329,6.25,0.0000,nan,4687,2651.6,4.293,4.288
4195,train,2.7495,0.2074,5.21,0.0000,nan,4282,2652.2,3.278,3.253
4196,train,3.7503,0.0448,7.39,0.0000,nan,4819,2652.8,6.375,6.373
4197,train,2.9387,0.1915,5.65,0.0000,nan,4476,2653.4,4.146,4.136
4198,train,3.9212,0.2022,9.20,0.0000,nan,4411,2654.0,5.674,5.637
4199,train,3.4339,0.0736,6.72,0.0000,nan,4404,2654.5,5.294,5.267
4200,train,2.6436,0.2038,5.84,0.0000,nan,3881,2655.1,3.304,3.298
4201,train,2.8929,0.1003,5.57,0.0000,nan,4156,2655.7,4.110,4.089
4202,train,2.8105,0.1662,7.89,0.0000,nan,5330,2656.3,4.663,4.660
4203,train,2.5067,0.2330,4.62,0.0000,nan,3953,2656.8,3.577,3.560
4204,train,2.8832,0.1725,5.72,0.0000,nan,4146,2657.4,3.885,3.877
4205,train,2.7848,0.1949,5.62,0.0000,nan,4540,2658.0,3.414,3.398
4206,train,3.1111,0.1152,6.30,0.0000,nan,4654,2658.6,5.618,5.615
4207,train,2.9667,0.1462,6.80,0.0000,nan,3892,2659.2,5.603,5.602
4208,train,3.6188,0.0385,12.02,0.0000,nan,4208,2659.7,10.704,10.701
4209,train,3.9181,0.0683,10.35,0.0000,nan,4699,2660.3,8.268,8.265
4210,train,3.6310,0.0442,8.67,0.0000,nan,4890,2660.9,8.719,8.713
4211,train,3.0161,0.1606,6.59,0.0000,nan,5132,2661.5,5.347,5.346
4212,train,4.0085,0.0985,10.50,0.0000,nan,4884,2662.0,7.513,7.512
4213,train,3.4836,0.0626,8.71,0.0000,nan,4187,2662.6,6.655,6.651
4214,train,3.2209,0.1014,6.79,0.0000,nan,4479,2663.2,5.323,5.309
4215,train,4.0910,0.1028,11.74,0.0000,nan,4944,2663.8,10.219,10.213
4216,train,3.3096,0.1492,8.36,0.0000,nan,4445,2664.4,6.828,6.808
4217,train,2.5571,0.2504,4.53,0.0000,nan,4313,2664.9,3.275,3.253
4218,train,3.3696,0.0897,9.79,0.0000,nan,3757,2665.5,7.514,7.499
4219,train,3.4626,0.1021,7.56,0.0000,nan,4467,2666.1,5.456,5.455
4220,train,3.4306,0.0704,7.20,0.0000,nan,4589,2666.7,5.574,5.566
4221,train,3.0656,0.2153,8.56,0.0000,nan,3902,2667.2,7.221,7.172
4222,train,3.8057,0.1148,9.12,0.0000,nan,4878,2667.8,7.117,7.112
4223,train,2.9635,0.0874,5.65,0.0000,nan,4646,2668.4,3.480,3.474
4224,train,2.8394,0.1790,6.11,0.0000,nan,4481,2669.0,4.730,4.728
4225,train,3.2925,0.0979,7.30,0.0000,nan,4719,2669.6,5.738,5.730
4226,train,3.6429,0.0583,10.58,0.0000,nan,4839,2670.1,9.482,9.471
4227,train,3.5126,0.1233,11.73,0.0000,nan,5117,2670.7,8.047,8.046
4228,train,3.4975,0.0628,7.63,0.0000,nan,4395,2671.3,5.974,5.970
4229,train,2.7695,0.1167,5.05,0.0000,nan,3566,2671.9,3.618,3.609
4230,train,2.7685,0.2143,4.96,0.0000,nan,4676,2672.4,3.004,2.997
4231,train,2.8080,0.1838,4.50,0.0000,nan,4995,2673.0,2.906,2.895
4232,train,3.8352,0.0578,10.69,0.0000,nan,4172,2673.6,9.683,9.681
4233,train,2.2381,0.3278,4.31,0.0000,nan,3828,2674.2,2.891,2.889
4234,train,3.1234,0.1578,10.92,0.0000,nan,4342,2674.7,9.448,9.447
4235,train,3.9789,0.0463,8.59,0.0000,nan,4275,2675.3,8.065,8.060
4236,train,3.0460,0.1181,5.91,0.0000,nan,5401,2675.9,4.671,4.659
4237,train,3.5501,0.1130,11.20,0.0000,nan,4258,2676.5,9.377,9.373
4238,train,2.7582,0.2997,4.17,0.0000,nan,5462,2677.1,2.949,2.941
4239,train,4.2205,0.1108,13.47,0.0000,nan,4829,2677.6,12.782,12.781
4240,train,3.1985,0.1200,9.59,0.0000,nan,5215,2678.2,6.917,6.893
4241,train,3.0159,0.1319,6.17,0.0000,nan,4404,2678.8,4.117,4.099
4242,train,3.0051,0.1458,5.35,0.0000,nan,4335,2679.4,3.081,3.076
4243,train,2.6879,0.3185,4.20,0.0000,nan,4355,2680.0,2.330,2.275
4244,train,3.8677,0.0803,8.32,0.0000,nan,4257,2680.5,6.444,6.440
4245,train,2.8652,0.1175,5.66,0.0000,nan,4492,2681.1,3.284,3.230
4246,train,3.1382,0.1870,5.69,0.0000,nan,4443,2681.7,4.315,4.309
4247,train,3.0508,0.0894,6.46,0.0000,nan,4408,2682.3,3.975,3.940
4248,train,3.2378,0.0603,6.62,0.0000,nan,4447,2682.8,4.563,4.552
4249,train,2.9943,0.1293,5.73,0.0000,nan,4888,2683.4,2.276,2.268
4250,train,3.3121,0.1407,9.92,0.0000,nan,4449,2684.0,7.164,7.160
4251,train,3.6230,0.0899,7.91,0.0000,nan,5318,2684.6,5.753,5.752
4252,train,3.0538,0.2014,5.33,0.0000,nan,5421,2685.2,5.057,5.055
4253,train,3.2822,0.2050,9.45,0.0000,nan,4991,2685.7,7.805,7.796
4254,train,3.3906,0.1255,8.80,0.0000,nan,4787,2686.3,7.468,7.459
4255,train,3.2318,0.1183,6.50,0.0000,nan,4472,2686.9,3.828,3.825
4256,train,3.3322,0.0395,8.26,0.0000,nan,4587,2687.5,7.429,7.426
4257,train,4.2135,0.0171,11.64,0.0000,nan,4456,2688.1,11.208,11.206
4258,train,2.9436,0.1552,6.74,0.0000,nan,4859,2688.6,6.508,6.505
4259,train,3.7023,0.1153,10.64,0.0000,nan,4667,2689.2,9.765,9.756
4260,train,3.4030,0.1245,7.41,0.0000,nan,4834,2689.8,5.662,5.643
4261,train,3.1960,0.2350,6.12,0.0000,nan,4025,2690.4,5.116,5.114
4262,train,2.5868,0.2790,4.16,0.0000,nan,4971,2690.9,3.248,3.237
4263,train,4.4108,0.1536,13.11,0.0000,nan,4604,2691.5,11.541,11.535
4264,train,4.6809,0.0332,12.13,0.0000,nan,4283,2692.1,10.440,10.437
4265,train,2.7751,0.1434,5.65,0.0000,nan,4548,2692.7,5.078,5.072
4266,train,3.7524,0.0742,9.64,0.0000,nan,4661,2693.2,7.109,7.102
4267,train,3.2068,0.0828,11.31,0.0000,nan,4831,2693.8,8.448,8.444
4268,train,2.5789,0.2593,5.42,0.0000,nan,4099,2694.4,3.700,3.689
4269,train,2.5515,0.1989,4.64,0.0000,nan,4722,2695.0,3.213,3.209
4270,train,2.7371,0.2679,4.36,0.0000,nan,4991,2695.6,2.697,2.681
4271,train,3.7286,0.0849,6.64,0.0000,nan,4627,2696.1,5.790,5.789
4272,train,2.8663,0.1523,5.34,0.0000,nan,5569,2696.7,3.631,3.614
4273,train,3.4203,0.0332,9.67,0.0000,nan,4302,2697.3,7.424,7.421
4274,train,3.2853,0.2409,9.98,0.0000,nan,4293,2697.9,8.284,8.255
4275,train,3.0784,0.0809,6.51,0.0000,nan,4818,2698.4,5.404,5.395
4276,train,2.8212,0.1474,6.28,0.0000,nan,4070,2699.0,2.611,2.603
4277,train,3.1138,0.1121,8.54,0.0000,nan,5389,2699.6,4.847,4.772
4278,train,3.1075,0.1042,6.17,0.0000,nan,4425,2700.2,4.311,4.309
4279,train,2.3973,0.2144,4.18,0.0000,nan,3816,2700.8,1.899,1.894
4280,train,3.1441,0.0927,5.84,0.0000,nan,5082,2701.3,4.334,4.329
4281,train,3.8605,0.0986,7.44,0.0000,nan,5284,2701.9,5.604,5.592
4282,train,3.5085,0.0691,9.84,0.0000,nan,4633,2702.5,8.472,8.467
4283,train,3.9416,0.1046,13.81,0.0000,nan,4006,2703.1,12.204,12.200
4284,train,3.9409,0.1122,10.33,0.0000,nan,4126,2703.7,9.063,9.061
4285,train,2.8814,0.1575,5.96,0.0000,nan,5328,2704.2,5.148,5.143
4286,train,3.5488,0.0463,7.31,0.0000,nan,4148,2704.8,6.555,6.552
4287,train,3.4743,0.1115,8.31,0.0000,nan,4349,2705.4,7.593,7.589
4288,train,2.3819,0.2885,4.18,0.0000,nan,3875,2706.0,3.714,3.690
4289,train,3.1655,0.1310,5.56,0.0000,nan,3907,2706.5,2.709,2.708
4290,train,2.2701,0.3315,3.79,0.0000,nan,4787,2707.1,1.800,1.787
4291,train,2.7706,0.2398,5.11,0.0000,nan,4020,2707.7,3.412,3.401
4292,train,2.9052,0.1220,5.80,0.0000,nan,4148,2708.3,4.606,4.600
4293,train,3.2648,0.1122,9.05,0.0000,nan,4618,2708.8,7.016,7.010
4294,train,2.8987,0.1379,5.51,0.0000,nan,5343,2709.4,3.776,3.773
4295,train,4.1787,0.0207,10.95,0.0000,nan,4870,2710.0,8.494,8.489
4296,train,3.1209,0.1264,7.48,0.0000,nan,4968,2710.6,5.520,5.516
4297,train,3.2334,0.0932,6.26,0.0000,nan,4593,2711.2,6.006,6.003
4298,train,2.5802,0.2464,4.60,0.0000,nan,4366,2711.7,2.624,2.612
4299,train,2.2986,0.3399,3.79,0.0000,nan,4457,2712.3,2.971,2.964
4300,train,3.0488,0.1424,5.77,0.0000,nan,4804,2712.9,4.163,4.157
4301,train,2.6015,0.2556,7.41,0.0000,nan,4162,2713.5,5.518,5.511
4302,train,2.9521,0.2632,6.42,0.0000,nan,4304,2714.0,5.917,5.902
4303,train,2.6777,0.2755,4.71,0.0000,nan,4987,2714.6,2.981,2.957
4304,train,3.7860,0.0537,7.79,0.0000,nan,4599,2715.2,6.971,6.967
4305,train,3.9938,0.1407,12.61,0.0000,nan,4152,2715.8,11.070,11.070
4306,train,3.1507,0.1806,6.90,0.0000,nan,4279,2716.4,4.710,4.695
4307,train,2.6375,0.1903,4.87,0.0000,nan,3998,2716.9,2.597,2.594
4308,train,3.4937,0.1678,7.96,0.0000,nan,4751,2717.5,7.684,7.682
4309,train,2.7673,0.1640,5.04,0.0000,nan,4383,2718.1,3.278,3.272
4310,train,3.2198,0.0620,7.32,0.0000,nan,5109,2718.7,6.031,6.027
4311,train,2.8977,0.0989,5.79,0.0000,nan,4046,2719.2,4.315,4.310
4312,train,2.9911,0.0896,5.83,0.0000,nan,4318,2719.8,3.693,3.688
4313,train,3.3944,0.1386,6.98,0.0000,nan,4907,2720.4,4.669,4.663
4314,train,2.8649,0.1679,7.01,0.0000,nan,4283,2721.0,4.380,4.367
4315,train,3.0953,0.2165,8.41,0.0000,nan,4328,2721.6,5.046,5.041
4316,train,4.1287,0.0384,16.11,0.0000,nan,4615,2722.1,14.581,14.580
4317,train,3.3256,0.0418,7.15,0.0000,nan,4306,2722.7,4.893,4.887
4318,train,2.6187,0.2051,4.65,0.0000,nan,4633,2723.3,2.271,2.261
4319,train,3.4334,0.0390,9.96,0.0000,nan,4409,2723.9,7.915,7.911
4320,train,2.7065,0.1656,5.13,0.0000,nan,4481,2724.4,2.505,2.500
4321,train,3.0722,0.0435,6.64,0.0000,nan,5633,2725.0,4.635,4.629
4322,train,2.9735,0.1733,6.61,0.0000,nan,4449,2725.6,4.155,4.147
4323,train,3.9178,0.0754,13.79,0.0000,nan,4454,2726.2,11.153,11.149
4324,train,3.6997,0.0910,9.16,0.0000,nan,5299,2726.8,6.505,6.504
4325,train,3.1378,0.1337,9.11,0.0000,nan,4285,2727.3,7.226,7.222
4326,train,3.2156,0.0471,6.86,0.0000,nan,4505,2727.9,7.078,7.074
4327,train,4.2413,0.0892,12.62,0.0000,nan,4854,2728.5,8.527,8.490
4328,train,2.4540,0.3533,4.06,0.0000,nan,4215,2729.1,2.504,2.489
4329,train,3.4646,0.1403,9.18,0.0000,nan,3963,2729.6,5.940,5.938
4330,train,3.2706,0.0869,8.39,0.0000,nan,4638,2730.2,4.166,4.164
4331,train,3.9510,0.1468,13.84,0.0000,nan,3850,2730.8,12.035,12.023
4332,train,3.7989,0.0554,11.85,0.0000,nan,4617,2731.4,11.692,11.625
4333,train,3.1116,0.0481,6.81,0.0000,nan,4365,2732.0,5.833,5.830
4334,train,3.8017,0.0423,9.10,0.0000,nan,4015,2732.5,8.398,8.396
4335,train,3.4232,0.0913,6.83,0.0000,nan,4315,2733.1,5.720,5.717
4336,train,3.8173,0.0368,11.88,0.0000,nan,5276,2733.7,9.090,9.080
4337,train,3.2673,0.1500,8.31,0.0000,nan,4706,2734.3,6.973,6.956
4338,train,3.2879,0.1510,9.40,0.0000,nan,4239,2734.8,9.035,9.030
4339,train,4.1616,0.0787,11.89,0.0000,nan,4663,2735.4,10.048,10.037
4340,train,3.3398,0.0792,7.87,0.0000,nan,4660,2736.0,7.587,7.584
4341,train,2.8526,0.1428,5.48,0.0000,nan,4300,2736.6,3.087,3.086
4342,train,3.7016,0.0719,11.34,0.0000,nan,4297,2737.2,8.955,8.946
4343,train,2.8052,0.2122,4.98,0.0000,nan,4622,2737.7,4.096,4.092
4344,train,3.3563,0.1689,8.07,0.0000,nan,4588,2738.3,4.952,4.945
4345,train,3.7175,0.1339,7.68,0.0000,nan,4617,2738.9,5.600,5.597
4346,train,3.6578,0.0427,9.34,0.0000,nan,5036,2739.5,8.740,8.736
4347,train,3.4625,0.1153,8.31,0.0000,nan,4014,2740.0,6.691,6.686
4348,train,2.9782,0.1199,5.25,0.0000,nan,4377,2740.6,4.044,4.041
4349,train,2.7554,0.1932,4.97,0.0000,nan,4250,2741.2,4.048,4.047
4350,train,3.7327,0.0432,9.42,0.0000,nan,4349,2741.8,7.989,7.982
4351,train,2.8381,0.1362,5.14,0.0000,nan,4537,2742.4,3.088,3.078
4352,train,3.7124,0.1191,7.52,0.0000,nan,4030,2742.9,6.060,6.057
4353,train,2.8677,0.3396,6.49,0.0000,nan,4055,2743.5,7.052,7.048
4354,train,3.3452,0.0457,7.73,0.0000,nan,4356,2744.1,6.647,6.646
4355,train,3.9110,0.0707,18.10,0.0000,nan,4510,2744.7,13.065,13.063
4356,train,2.9008,0.1893,6.32,0.0000,nan,5219,2745.2,3.761,3.757
4357,train,2.8442,0.3679,3.90,0.0000,nan,4444,2745.8,1.566,1.556
4358,train,3.7686,0.0513,9.72,0.0000,nan,4815,2746.4,10.011,9.994
4359,train,2.7034,0.2891,4.99,0.0000,nan,4503,2747.0,3.974,3.959
4360,train,3.0726,0.1256,6.55,0.0000,nan,4651,2747.6,4.319,4.318
4361,train,2.6909,0.2047,5.06,0.0000,nan,4471,2748.1,3.721,3.719
4362,train,3.5579,0.0878,8.07,0.0000,nan,4725,2748.7,6.240,6.238
4363,train,3.8021,0.0767,15.54,0.0000,nan,4991,2749.3,12.451,12.445
4364,train,2.8365,0.2035,6.11,0.0000,nan,4181,2749.9,3.126,3.115
4365,train,3.0822,0.1343,6.31,0.0000,nan,3895,2750.4,5.327,5.325
4366,train,2.5277,0.2271,4.77,0.0000,nan,4403,2751.0,2.981,2.974
4367,train,3.8712,0.0545,11.26,0.0000,nan,5066,2751.6,9.664,9.660
4368,train,3.0636,0.1351,9.10,0.0000,nan,4316,2752.2,7.291,7.282
4369,train,3.6156,0.1716,8.89,0.0000,nan,4825,2752.7,6.852,6.851
4370,train,4.7482,0.1156,11.21,0.0000,nan,5009,2753.3,9.483,9.478
4371,train,2.3124,0.2392,4.02,0.0000,nan,4265,2753.9,2.927,2.924
4372,train,3.7744,0.0616,9.36,0.0000,nan,3879,2754.5,9.639,9.638
4373,train,2.8088,0.2208,5.22,0.0000,nan,5635,2755.1,3.966,3.941
4374,train,2.9404,0.1586,5.32,0.0000,nan,4887,2755.6,3.588,3.586
4375,train,3.4961,0.0435,8.84,0.0000,nan,4869,2756.2,6.783,6.782
4376,train,2.8413,0.2460,5.10,0.0000,nan,4557,2756.8,3.672,3.666
4377,train,2.6562,0.2719,4.53,0.0000,nan,3873,2757.4,2.835,2.810
4378,train,3.5046,0.1269,8.62,0.0000,nan,4720,2757.9,5.374,5.370
4379,train,3.3432,0.0962,8.01,0.0000,nan,5020,2758.5,6.575,6.571
4380,train,3.0451,0.0731,6.26,0.0000,nan,4380,2759.1,4.354,4.349
4381,train,2.9323,0.1446,5.74,0.0000,nan,4932,2759.7,2.239,2.214
4382,train,3.8979,0.1477,13.15,0.0000,nan,4821,2760.3,9.841,9.837
4383,train,2.8673,0.1650,5.76,0.0000,nan,4485,2760.8,2.656,2.651
4384,train,2.8588,0.1427,5.44,0.0000,nan,4710,2761.4,4.131,4.123
4385,train,3.0919,0.1547,9.43,0.0000,nan,4791,2762.0,4.616,4.609
4386,train,2.6579,0.2302,4.85,0.0000,nan,4218,2762.6,3.401,3.393
4387,train,2.5917,0.2905,4.48,0.0000,nan,5054,2763.2,2.983,2.976
4388,train,3.5663,0.0462,7.77,0.0000,nan,4590,2763.7,6.897,6.896
4389,train,3.3587,0.2108,8.07,0.0000,nan,4302,2764.3,5.926,5.925
4390,train,3.2760,0.0567,8.43,0.0000,nan,4357,2764.9,7.010,7.009
4391,train,2.9803,0.1936,6.57,0.0000,nan,4364,2765.5,6.145,6.137
4392,train,3.2442,0.1548,7.12,0.0000,nan,4238,2766.0,6.637,6.633
4393,train,3.4397,0.1399,10.63,0.0000,nan,5247,2766.6,8.150,8.147
4394,train,3.8430,0.0857,11.86,0.0000,nan,4750,2767.2,9.901,9.897
4395,train,2.9618,0.1448,5.10,0.0000,nan,4951,2767.8,3.941,3.932
4396,train,3.9384,0.0102,12.50,0.0000,nan,4422,2768.4,9.065,9.049
4397,train,3.9017,0.0109,11.28,0.0000,nan,5118,2768.9,7.848,7.845
4398,train,3.4330,0.1080,9.06,0.0000,nan,4212,2769.5,5.874,5.873
4399,train,3.3525,0.1606,8.95,0.0000,nan,4247,2770.1,7.867,7.864
4400,train,3.1733,0.1659,6.08,0.0000,nan,4604,2770.7,4.010,4.004
4401,train,3.3713,0.1613,10.38,0.0000,nan,3886,2771.2,8.722,8.718
4402,train,3.3459,0.1025,9.03,0.0000,nan,4478,2771.8,7.478,7.472
4403,train,3.2764,0.0655,6.99,0.0000,nan,4382,2772.4,4.699,4.688
4404,train,3.2777,0.1115,6.19,0.0000,nan,4932,2773.0,4.946,4.938
4405,train,3.5799,0.0976,10.62,0.0000,nan,4150,2773.5,7.038,7.035
4406,train,3.6230,0.0951,8.33,0.0000,nan,4028,2774.1,5.933,5.930
4407,train,2.8753,0.2301,5.18,0.0000,nan,4576,2774.7,3.276,3.274
4408,train,2.8452,0.2270,4.95,0.0000,nan,5009,2775.3,2.323,2.313
4409,train,3.7804,0.0933,9.79,0.0000,nan,4114,2775.9,9.069,9.068
4410,train,3.5355,0.0420,10.05,0.0000,nan,3928,2776.4,8.192,8.191
4411,train,3.5503,0.1072,8.83,0.0000,nan,4523,2777.0,7.810,7.804
4412,train,4.3176,0.0359,16.15,0.0000,nan,4869,2777.6,14.298,14.294
4413,train,3.0079,0.2290,8.09,0.0000,nan,4868,2778.2,4.597,4.581
4414,train,3.0358,0.1510,6.36,0.0000,nan,4423,2778.7,5.093,5.089
4415,train,2.6982,0.1575,5.83,0.0000,nan,5030,2779.3,3.732,3.724
4416,train,2.8547,0.1882,5.73,0.0000,nan,5006,2779.9,4.173,4.165
4417,train,2.4608,0.1871,4.59,0.0000,nan,4255,2780.5,1.783,1.776
4418,train,2.9937,0.1982,6.24,0.0000,nan,5586,2781.1,6.419,6.418
4419,train,3.0745,0.0971,6.81,0.0000,nan,4068,2781.6,5.361,5.357
4420,train,2.9574,0.1550,6.15,0.0000,nan,4418,2782.2,3.779,3.774
4421,train,2.8292,0.1273,5.58,0.0000,nan,4832,2782.8,4.253,4.244
4422,train,2.2250,0.3605,3.62,0.0000,nan,4142,2783.4,2.157,2.142
4423,train,2.6792,0.2645,4.87,0.0000,nan,4072,2784.0,3.672,3.664
4424,train,3.9476,0.0244,9.71,0.0000,nan,4635,2784.5,8.272,8.254
4425,train,3.3080,0.1354,6.21,0.0000,nan,5013,2785.1,4.766,4.762
4426,train,3.5392,0.1464,7.18,0.0000,nan,4290,2785.7,7.284,7.278
4427,train,3.1815,0.1840,6.93,0.0000,nan,4575,2786.3,6.134,6.115
4428,train,3.4893,0.0687,14.00,0.0000,nan,4801,2786.8,11.059,11.056
4429,train,3.7569,0.1044,6.74,0.0000,nan,4753,2787.4,5.556,5.549
4430,train,2.4365,0.2826,4.33,0.0000,nan,4756,2788.0,3.109,3.099
4431,train,3.3050,0.0610,7.99,0.0000,nan,5771,2788.6,5.409,5.363
4432,train,2.3459,0.2917,3.98,0.0000,nan,4241,2789.2,1.508,1.501
4433,train,3.0189,0.0742,5.87,0.0000,nan,4828,2789.7,4.086,4.086
4434,train,3.9888,0.0665,9.19,0.0000,nan,4243,2790.3,7.388,7.387
4435,train,3.2297,0.1213,6.84,0.0000,nan,4739,2790.9,4.590,4.574
4436,train,2.9288,0.1512,6.93,0.0000,nan,4082,2791.5,4.036,4.020
4437,train,3.1497,0.0865,6.47,0.0000,nan,5248,2792.0,4.960,4.959
4438,train,3.0975,0.1694,6.31,0.0000,nan,5177,2792.6,4.494,4.482
4439,train,2.3757,0.2386,4.18,0.0000,nan,4368,2793.2,2.858,2.857
4440,train,2.8792,0.0929,5.37,0.0000,nan,4188,2793.8,3.138,3.127
4441,train,3.7594,0.0743,8.37,0.0000,nan,4174,2794.3,6.355,6.348
4442,train,3.1320,0.1988,6.78,0.0000,nan,4065,2794.9,5.028,5.027
4443,train,2.9045,0.1300,5.94,0.0000,nan,3930,2795.5,4.893,4.891
4444,train,2.6298,0.1639,4.59,0.0000,nan,3869,2796.1,3.308,3.301
4445,train,3.6863,0.1607,10.42,0.0000,nan,4636,2796.7,8.683,8.682
4446,train,2.9752,0.1748,5.03,0.0000,nan,4532,2797.2,3.760,3.756
4447,train,3.5644,0.0396,9.87,0.0000,nan,4290,2797.8,8.446,8.443
4448,train,3.5333,0.0633,7.42,0.0000,nan,4881,2798.4,5.961,5.960
4449,train,2.5945,0.1878,5.09,0.0000,nan,4020,2799.0,3.846,3.842
4450,train,3.3135,0.0973,8.43,0.0000,nan,3773,2799.5,7.799,7.795
4451,train,2.6245,0.1280,5.66,0.0000,nan,4054,2800.1,3.929,3.926
4452,train,2.8688,0.2095,5.21,0.0000,nan,4553,2800.7,5.529,5.529
4453,train,3.0347,0.1777,6.82,0.0000,nan,4520,2801.3,4.414,4.408
4454,train,2.5433,0.1640,4.96,0.0000,nan,4989,2801.9,3.410,3.408
4455,train,3.5948,0.1333,7.47,0.0000,nan,4659,2802.4,5.022,4.999
4456,train,2.7498,0.1796,6.85,0.0000,nan,4761,2803.0,5.667,5.665
4457,train,3.5172,0.0813,8.28,0.0000,nan,5143,2803.6,6.038,6.019
4458,train,3.7502,0.0829,8.38,0.0000,nan,4678,2804.2,6.090,6.087
4459,train,3.1128,0.1778,8.18,0.0000,nan,4359,2804.8,6.194,6.190
4460,train,4.3180,0.0347,10.14,0.0000,nan,4349,2805.3,8.472,8.472
4461,train,3.1253,0.0695,7.04,0.0000,nan,4303,2805.9,5.646,5.644
4462,train,3.0053,0.2237,7.03,0.0000,nan,4586,2806.5,5.123,5.095
4463,train,2.6692,0.2363,4.48,0.0000,nan,4672,2807.1,3.234,3.228
4464,train,3.8350,0.0574,9.62,0.0000,nan,4476,2807.6,8.850,8.848
4465,train,3.7370,0.0943,10.15,0.0000,nan,4412,2808.2,10.254,10.243
4466,train,2.8783,0.1058,5.52,0.0000,nan,4157,2808.8,4.100,4.098
4467,train,4.0697,0.0126,11.24,0.0000,nan,4462,2809.4,7.368,7.360
4468,train,4.0464,0.0049,9.92,0.0000,nan,4483,2810.0,9.672,9.670
4469,train,2.6368,0.2075,3.96,0.0000,nan,4226,2810.5,2.331,2.321
4470,train,2.7100,0.1835,6.77,0.0000,nan,4403,2811.1,6.213,6.210
4471,train,3.9274,0.1073,12.59,0.0000,nan,4361,2811.7,12.495,12.494
4472,train,3.7120,0.0378,9.79,0.0000,nan,4026,2812.3,8.785,8.782
4473,train,3.8011,0.0593,13.82,0.0000,nan,5297,2812.9,10.573,10.561
4474,train,2.6549,0.2789,5.90,0.0000,nan,4454,2813.4,4.815,4.789
4475,train,3.1053,0.1015,7.77,0.0000,nan,4699,2814.0,5.677,5.667
4476,train,3.1814,0.1482,6.15,0.0000,nan,4440,2814.6,4.540,4.527
4477,train,3.1542,0.1539,6.94,0.0000,nan,4742,2815.2,5.256,5.240
4478,train,4.1598,0.0174,10.81,0.0000,nan,5006,2815.8,7.905,7.899
4479,train,2.4735,0.2393,4.39,0.0000,nan,4997,2816.3,3.170,3.164
4480,train,2.6714,0.2736,4.56,0.0000,nan,4221,2816.9,3.278,3.234
4481,train,3.2225,0.0458,9.49,0.0000,nan,4561,2817.5,7.967,7.964
4482,train,3.6949,0.1471,10.11,0.0000,nan,4392,2818.1,9.901,9.894
4483,train,2.4193,0.2395,4.56,0.0000,nan,4250,2818.6,3.063,3.058
4484,train,3.2560,0.0554,6.86,0.0000,nan,5699,2819.2,4.889,4.881
4485,train,3.3353,0.0277,10.58,0.0000,nan,4613,2819.8,8.517,8.513
4486,train,3.0037,0.1618,6.75,0.0000,nan,3541,2820.4,4.706,4.702
4487,train,2.7196,0.2104,5.56,0.0000,nan,4197,2821.0,3.360,3.357
4488,train,3.5946,0.0951,11.74,0.0000,nan,4490,2821.5,11.415,11.414
4489,train,3.1046,0.1801,6.83,0.0000,nan,4431,2822.1,2.988,2.971
4490,train,2.7671,0.1378,5.72,0.0000,nan,4420,2822.7,4.024,4.017
4491,train,3.6422,0.1677,13.90,0.0000,nan,5396,2823.3,10.667,10.666
4492,train,2.5065,0.2379,4.46,0.0000,nan,4543,2823.9,3.333,3.314
4493,train,3.5662,0.1400,6.53,0.0000,nan,4164,2824.4,4.493,4.484
4494,train,2.7599,0.2007,5.02,0.0000,nan,4146,2825.0,2.799,2.792
4495,train,2.6628,0.1991,4.68,0.0000,nan,5189,2825.6,4.145,4.116
4496,train,2.5603,0.2406,4.34,0.0000,nan,4646,2826.2,3.122,3.120
4497,train,4.5098,0.0269,10.18,0.0000,nan,4947,2826.7,9.235,9.232
4498,train,3.0531,0.0754,6.04,0.0000,nan,4152,2827.3,3.801,3.794
4499,train,2.9360,0.1714,6.41,0.0000,nan,4587,2827.9,3.467,3.452
4500,train,3.7141,0.0805,11.52,0.0000,nan,4012,2828.5,8.641,8.640
4500,val,3.2827,0.1366,7.95,0.0000,0.00,222066,2855.9,6.182,6.174
4501,train,3.2347,0.0565,6.69,0.0000,nan,4070,2856.5,6.171,6.164
4502,train,2.6345,0.2070,4.51,0.0000,nan,4339,2857.1,3.239,3.230
4503,train,3.4713,0.0979,8.24,0.0000,nan,4013,2857.6,6.442,6.434
4504,train,2.7242,0.2160,5.13,0.0000,nan,4751,2858.2,2.762,2.751
4505,train,3.3936,0.0501,7.52,0.0000,nan,5152,2858.8,5.935,5.933
4506,train,2.8953,0.2194,6.19,0.0000,nan,4180,2859.4,4.278,4.270
4507,train,3.6229,0.0792,8.57,0.0000,nan,4366,2860.0,7.163,7.157
4508,train,2.4554,0.2206,4.34,0.0000,nan,4107,2860.5,2.941,2.938
4509,train,2.8633,0.2356,4.87,0.0000,nan,4784,2861.1,3.716,3.691
4510,train,3.6389,0.0298,8.86,0.0000,nan,4996,2861.7,5.202,5.199
4511,train,3.3751,0.1625,8.26,0.0000,nan,3724,2862.3,7.672,7.670
4512,train,2.1989,0.3746,3.37,0.0000,nan,4050,2862.8,2.106,2.100
4513,train,3.4741,0.0525,8.95,0.0000,nan,4739,2863.4,5.726,5.705
4514,train,4.3376,0.0425,10.05,0.0000,nan,5080,2864.0,8.549,8.546
4515,train,3.3505,0.1622,10.21,0.0000,nan,4322,2864.6,4.478,4.470
4516,train,3.5613,0.1607,8.16,0.0000,nan,5595,2865.2,7.994,7.990
4517,train,2.4134,0.3504,3.94,0.0000,nan,4820,2865.7,3.106,3.101
4518,train,3.1309,0.1046,6.97,0.0000,nan,4206,2866.3,6.304,6.295
4519,train,3.5841,0.1301,8.86,0.0000,nan,5021,2866.9,5.870,5.866
4520,train,2.8995,0.1395,5.69,0.0000,nan,4896,2867.5,4.510,4.495
4521,train,3.3751,0.0297,8.44,0.0000,nan,4175,2868.0,5.739,5.701
4522,train,3.3273,0.1704,6.73,0.0000,nan,5060,2868.6,6.601,6.601
4523,train,3.9130,0.0577,9.64,0.0000,nan,3813,2869.2,8.100,8.098
4524,train,3.2410,0.0541,8.45,0.0000,nan,4716,2869.8,7.019,7.014
4525,train,3.4654,0.0706,8.42,0.0000,nan,4122,2870.4,5.313,5.309
4526,train,2.7955,0.2173,5.08,0.0000,nan,4026,2870.9,3.319,3.307
4527,train,2.3488,0.2101,4.93,0.0000,nan,4117,2871.5,4.042,4.020
4528,train,3.6277,0.1681,6.48,0.0000,nan,4520,2872.1,4.686,4.659
4529,train,4.2317,0.1289,8.21,0.0000,nan,4723,2872.7,6.853,6.850
4530,train,2.8660,0.1600,5.22,0.0000,nan,4763,2873.2,3.728,3.721
4531,train,2.6598,0.2116,4.45,0.0000,nan,4603,2873.8,2.317,2.316
4532,train,2.4851,0.2983,4.25,0.0000,nan,3882,2874.4,2.014,1.966
4533,train,2.6938,0.1417,5.13,0.0000,nan,4290,2875.0,4.487,4.475
4534,train,3.0080,0.1061,5.32,0.0000,nan,4475,2875.6,4.509,4.501
4535,train,3.5782,0.0259,7.53,0.0000,nan,4554,2876.1,5.907,5.905
4536,train,3.2435,0.0436,6.43,0.0000,nan,4628,2876.7,5.637,5.636
4537,train,3.5758,0.0515,8.89,0.0000,nan,4778,2877.3,7.711,7.709
4538,train,3.8086,0.0384,12.89,0.0000,nan,4426,2877.9,11.814,11.813
4539,train,2.6192,0.2817,4.91,0.0000,nan,4832,2878.4,3.053,3.043
4540,train,3.5024,0.1605,8.26,0.0000,nan,4568,2879.0,6.045,6.044
4541,train,3.4279,0.0485,9.64,0.0000,nan,4808,2879.6,6.598,6.588
4542,train,3.2718,0.0483,6.75,0.0000,nan,4226,2880.2,5.262,5.257
4543,train,2.6688,0.2271,5.04,0.0000,nan,4324,2880.8,3.592,3.585
4544,train,3.5695,0.0714,7.76,0.0000,nan,4692,2881.3,6.145,6.144
4545,train,3.2157,0.0429,6.60,0.0000,nan,4987,2881.9,5.204,5.193
4546,train,2.8728,0.2121,5.85,0.0000,nan,4036,2882.5,4.600,4.597
4547,train,3.2068,0.1218,9.56,0.0000,nan,4441,2883.1,7.764,7.762
4548,train,2.8720,0.1650,5.91,0.0000,nan,4431,2883.6,4.520,4.519
4549,train,3.6075,0.1354,9.59,0.0000,nan,4061,2884.2,8.362,8.356
4550,train,3.9379,0.0937,11.14,0.0000,nan,5293,2884.8,10.365,10.363
4551,train,2.7868,0.2417,7.15,0.0000,nan,5040,2885.4,5.953,5.948
4552,train,2.8881,0.1478,5.23,0.0000,nan,4642,2886.0,2.135,2.089
4553,train,3.1749,0.1007,7.68,0.0000,nan,4110,2886.5,6.366,6.358
4554,train,3.1684,0.1346,7.03,0.0000,nan,4985,2887.1,6.075,6.063
4555,train,2.0976,0.3000,3.72,0.0000,nan,4070,2887.7,2.081,2.077
4556,train,3.5888,0.1595,11.43,0.0000,nan,5092,2888.3,10.292,10.272
4557,train,3.0403,0.0965,6.68,0.0000,nan,4790,2888.9,3.905,3.904
4558,train,2.5499,0.1823,4.81,0.0000,nan,4833,2889.4,2.998,2.992
4559,train,2.7937,0.1845,6.10,0.0000,nan,4070,2890.0,4.915,4.898
4560,train,4.4611,0.0071,18.48,0.0000,nan,3957,2890.6,15.323,15.321
4561,train,2.9072,0.1565,6.23,0.0000,nan,4340,2891.2,4.053,4.047
4562,train,2.9342,0.1538,6.40,0.0000,nan,4831,2891.7,5.932,5.928
4563,train,3.6237,0.0583,7.99,0.0000,nan,5454,2892.3,5.198,5.197
4564,train,2.9105,0.1017,5.99,0.0000,nan,3925,2892.9,5.015,5.010
4565,train,3.5146,0.1152,9.23,0.0000,nan,3871,2893.5,4.808,4.798
4566,train,3.3267,0.1641,7.95,0.0000,nan,4807,2894.1,7.516,7.513
4567,train,2.8748,0.1706,5.14,0.0000,nan,4567,2894.6,3.259,3.254
4568,train,4.6902,0.0416,12.83,0.0000,nan,4518,2895.2,12.841,12.840
4569,train,2.6689,0.1501,5.66,0.0000,nan,4317,2895.8,3.369,3.367
4570,train,3.0479,0.1298,7.99,0.0000,nan,4622,2896.4,4.841,4.827
4571,train,2.5593,0.2366,4.77,0.0000,nan,4408,2896.9,2.711,2.707
4572,train,3.2222,0.0939,8.54,0.0000,nan,4475,2897.5,6.964,6.962
4573,train,2.5467,0.2563,5.37,0.0000,nan,4373,2898.1,4.495,4.474
4574,train,2.5203,0.2504,4.41,0.0000,nan,4013,2898.7,2.767,2.762
4575,train,2.8541,0.1318,5.27,0.0000,nan,4513,2899.3,3.823,3.821
4576,train,3.6829,0.2047,9.02,0.0000,nan,4245,2899.8,8.426,8.425
4577,train,3.9182,0.0169,10.24,0.0000,nan,4788,2900.4,9.396,9.393
4578,train,3.0775,0.1860,4.76,0.0000,nan,4501,2901.0,3.247,3.243
4579,train,3.1014,0.1327,8.38,0.0000,nan,4092,2901.6,7.447,7.415
4580,train,3.4960,0.0624,10.91,0.0000,nan,4502,2902.1,8.901,8.899
4581,train,4.0208,0.1354,13.38,0.0000,nan,4425,2902.7,11.771,11.769
4582,train,2.7222,0.2126,5.51,0.0000,nan,4496,2903.3,3.749,3.730
4583,train,3.3608,0.2305,10.19,0.0000,nan,4100,2903.9,10.148,10.146
4584,train,2.7628,0.2581,5.47,0.0000,nan,3835,2904.4,3.640,3.628
4585,train,3.0092,0.2060,4.93,0.0000,nan,4825,2905.0,4.209,4.207
4586,train,2.9050,0.1798,5.51,0.0000,nan,4198,2905.6,3.919,3.915
4587,train,3.9044,0.0710,11.86,0.0000,nan,5507,2906.2,10.224,10.224
4588,train,4.0211,0.0339,8.00,0.0000,nan,4427,2906.8,5.903,5.900
4589,train,2.9149,0.2364,5.79,0.0000,nan,4196,2907.3,4.478,4.471
4590,train,2.9608,0.1577,6.57,0.0000,nan,4356,2907.9,4.540,4.536
4591,train,2.2727,0.2967,3.92,0.0000,nan,4456,2908.5,2.107,2.082
4592,train,2.3359,0.3189,3.76,0.0000,nan,4261,2909.1,2.068,2.042
4593,train,3.8772,0.0887,10.10,0.0000,nan,4657,2909.6,8.647,8.645
4594,train,4.7214,0.0731,12.54,0.0000,nan,5119,2910.2,11.199,11.192
4595,train,2.8534,0.2251,4.58,0.0000,nan,4674,2910.8,3.480,3.477
4596,train,2.8670,0.1635,7.13,0.0000,nan,3933,2911.4,4.711,4.708
4597,train,2.9479,0.1276,5.78,0.0000,nan,4819,2912.0,4.651,4.646
4598,train,3.5052,0.0487,7.72,0.0000,nan,4166,2912.5,7.665,7.664
4599,train,2.8151,0.0704,5.94,0.0000,nan,4319,2913.1,4.774,4.763
4600,train,4.0514,0.0978,7.77,0.0000,nan,5081,2913.7,6.201,6.191
4601,train,4.1823,0.0606,12.71,0.0000,nan,3980,2914.3,10.137,10.131
4602,train,2.9860,0.1523,5.28,0.0000,nan,4766,2914.8,3.092,3.082
4603,train,3.9167,0.1409,9.97,0.0000,nan,5360,2915.4,7.459,7.447
4604,train,2.3959,0.2918,4.22,0.0000,nan,4386,2916.0,1.962,1.944
4605,train,2.4571,0.3063,4.41,0.0000,nan,4668,2916.6,2.911,2.878
4606,train,2.8238,0.1444,5.23,0.0000,nan,4495,2917.2,4.171,4.167
4607,train,3.2153,0.1202,11.67,0.0000,nan,5250,2917.7,8.719,8.716
4608,train,3.1201,0.1597,7.59,0.0000,nan,4641,2918.3,7.399,7.389
4609,train,3.4473,0.0985,10.33,0.0000,nan,4814,2918.9,8.692,8.690
4610,train,3.1151,0.1768,5.89,0.0000,nan,3671,2919.5,5.412,5.407
4611,train,3.6998,0.0386,8.80,0.0000,nan,4718,2920.0,4.751,4.740
4612,train,2.9288,0.2048,7.40,0.0000,nan,4956,2920.6,4.917,4.912
4613,train,2.9038,0.2262,5.80,0.0000,nan,4111,2921.2,4.102,4.095
4614,train,3.5403,0.0271,11.70,0.0000,nan,4497,2921.8,8.689,8.686
4615,train,2.6212,0.1813,4.92,0.0000,nan,4706,2922.4,2.332,2.317
4616,train,2.8449,0.1585,6.12,0.0000,nan,4164,2922.9,3.049,3.030
4617,train,4.5802,0.0273,11.86,0.0000,nan,5279,2923.5,10.294,10.291
4618,train,2.9768,0.1703,8.99,0.0000,nan,4984,2924.1,7.660,7.653
4619,train,3.8957,0.0286,8.73,0.0000,nan,4645,2924.7,8.287,8.286
4620,train,3.6854,0.1754,9.16,0.0000,nan,4949,2925.2,9.056,9.047
4621,train,2.9969,0.1257,6.26,0.0000,nan,4369,2925.8,5.282,5.272
4622,train,2.9027,0.1891,6.18,0.0000,nan,4136,2926.4,4.579,4.568
4623,train,3.1972,0.0932,7.37,0.0000,nan,4828,2927.0,5.515,5.488
4624,train,3.5567,0.0836,8.66,0.0000,nan,3985,2927.6,8.310,8.309
4625,train,2.6466,0.2185,4.61,0.0000,nan,3616,2928.1,2.784,2.781
4626,train,3.3309,0.0598,7.01,0.0000,nan,4418,2928.7,5.219,5.218
4627,train,4.0652,0.0077,9.01,0.0000,nan,4426,2929.3,6.991,6.989
4628,train,2.6644,0.1255,4.97,0.0000,nan,4550,2929.9,3.109,3.103
4629,train,2.4450,0.2238,4.07,0.0000,nan,4268,2930.4,2.641,2.636
4630,train,2.9414,0.1507,10.76,0.0000,nan,4898,2931.0,8.315,8.306
4631,train,2.9523,0.2040,6.17,0.0000,nan,4501,2931.6,4.413,4.305
4632,train,3.4517,0.1150,9.38,0.0000,nan,4444,2932.2,7.183,7.178
4633,train,2.6936,0.2004,4.61,0.0000,nan,4112,2932.7,3.431,3.430
4634,train,3.8339,0.1616,16.70,0.0000,nan,4784,2933.3,13.041,13.040
4635,train,3.7509,0.0295,8.35,0.0000,nan,4537,2933.9,7.219,7.217
4636,train,3.2328,0.2035,7.91,0.0000,nan,4859,2934.5,6.262,6.252
4637,train,3.6691,0.0432,11.77,0.0000,nan,4633,2935.1,9.815,9.810
4638,train,3.0052,0.1654,5.33,0.0000,nan,4352,2935.6,3.737,3.730
4639,train,3.8738,0.0503,10.23,0.0000,nan,4688,2936.2,10.022,9.992
4640,train,2.8388,0.1672,5.47,0.0000,nan,4916,2936.8,4.624,4.619
4641,train,2.7566,0.1890,5.70,0.0000,nan,5340,2937.4,4.567,4.566
4642,train,3.5697,0.1220,8.26,0.0000,nan,4597,2937.9,6.838,6.836
4643,train,3.0864,0.0828,6.78,0.0000,nan,5012,2938.5,5.068,5.066
4644,train,3.9266,0.0797,13.45,0.0000,nan,5142,2939.1,10.636,10.628
4645,train,3.6079,0.0533,9.60,0.0000,nan,4841,2939.7,7.671,7.667
4646,train,3.6943,0.0277,9.62,0.0000,nan,3966,2940.3,7.090,7.084
4647,train,3.2235,0.1293,11.24,0.0000,nan,3967,2940.8,8.268,8.264
4648,train,4.2403,0.1498,14.14,0.0000,nan,4307,2941.4,13.030,13.022
4649,train,2.7502,0.2038,6.34,0.0000,nan,4176,2942.0,4.584,4.578
4650,train,2.5311,0.2156,4.82,0.0000,nan,4480,2942.6,2.406,2.383
4651,train,3.1117,0.1593,6.83,0.0000,nan,3873,2943.1,4.461,4.457
4652,train,3.8728,0.0418,13.81,0.0000,nan,4141,2943.7,11.590,11.586
4653,train,2.6718,0.2574,4.54,0.0000,nan,4231,2944.3,3.726,3.724
4654,train,2.9262,0.1541,6.35,0.0000,nan,4327,2944.9,5.159,5.154
4655,train,3.7345,0.0985,9.83,0.0000,nan,4800,2945.5,7.219,7.215
4656,train,3.3080,0.1847,7.95,0.0000,nan,4077,2946.0,5.672,5.669
4657,train,3.3129,0.1085,11.25,0.0000,nan,5198,2946.6,9.115,9.113
4658,train,3.1149,0.1266,6.37,0.0000,nan,4462,2947.2,3.323,3.311
4659,train,3.1888,0.0870,6.74,0.0000,nan,5022,2947.8,4.074,4.022
4660,train,4.3572,0.0359,13.07,0.0000,nan,5067,2948.3,12.310,12.306
4661,train,2.6855,0.2663,4.39,0.0000,nan,4465,2948.9,3.107,3.103
4662,train,3.4871,0.1305,7.22,0.0000,nan,4590,2949.5,3.526,3.515
4663,train,2.5208,0.1466,8.41,0.0000,nan,4733,2950.1,6.593,6.585
4664,train,3.2556,0.1477,7.29,0.0000,nan,4199,2950.6,5.805,5.804
4665,train,4.1025,0.0186,16.03,0.0000,nan,4525,2951.2,13.076,13.064
4666,train,3.0157,0.0768,5.81,0.0000,nan,4243,2951.8,5.181,5.174
4667,train,3.4321,0.1095,12.35,0.0000,nan,3965,2952.4,10.492,10.491
4668,train,3.1172,0.1150,6.42,0.0000,nan,4870,2953.0,5.718,5.716
4669,train,2.8130,0.1565,7.83,0.0000,nan,4397,2953.5,3.875,3.868
4670,train,2.9560,0.2094,6.47,0.0000,nan,4307,2954.1,5.417,5.415
4671,train,3.0068,0.2134,6.99,0.0000,nan,4236,2954.7,4.152,4.143
4672,train,3.0666,0.2507,5.68,0.0000,nan,3977,2955.3,4.381,4.380
4673,train,3.3126,0.1804,7.27,0.0000,nan,4645,2955.8,5.465,5.462
4674,train,2.7509,0.2401,4.73,0.0000,nan,4765,2956.4,4.453,4.451
4675,train,3.3093,0.1386,7.86,0.0000,nan,4364,2957.0,5.928,5.912
4676,train,2.9599,0.1590,5.33,0.0000,nan,4126,2957.6,3.724,3.715
4677,train,2.3874,0.3249,3.86,0.0000,nan,3820,2958.1,2.354,2.350
4678,train,3.0652,0.0846,8.29,0.0000,nan,4517,2958.7,8.251,8.249
4679,train,3.4754,0.0543,7.15,0.0000,nan,4142,2959.3,5.259,5.257
4680,train,3.8992,0.0362,11.08,0.0000,nan,4829,2959.9,8.482,8.464
4681,train,2.8045,0.2087,5.47,0.0000,nan,4600,2960.5,3.684,3.679
4682,train,3.1380,0.1479,6.54,0.0000,nan,4679,2961.0,3.951,3.947
4683,train,3.4832,0.1658,5.86,0.0000,nan,5367,2961.6,4.266,4.256
4684,train,2.8088,0.1801,4.85,0.0000,nan,4553,2962.2,3.127,3.120
4685,train,4.1744,0.0307,16.43,0.0000,nan,4298,2962.8,13.333,13.323
4686,train,3.0382,0.1271,7.25,0.0000,nan,4061,2963.3,4.999,4.996
4687,train,3.0055,0.1480,5.55,0.0000,nan,5255,2963.9,3.199,3.176
4688,train,2.9033,0.1001,5.88,0.0000,nan,4405,2964.5,3.712,3.706
4689,train,4.2290,0.0821,10.78,0.0000,nan,4433,2965.1,9.845,9.843
4690,train,2.2616,0.3547,3.81,0.0000,nan,4252,2965.7,2.084,2.076
4691,train,3.0043,0.1989,8.03,0.0000,nan,3867,2966.2,7.047,7.041
4692,train,3.0942,0.1370,6.88,0.0000,nan,4183,2966.8,4.912,4.902
4693,train,3.3996,0.3351,9.89,0.0000,nan,4040,2967.4,8.081,8.079
4694,train,4.8530,0.0222,13.39,0.0000,nan,4330,2968.0,11.380,11.376
4695,train,3.3772,0.1367,7.75,0.0000,nan,4185,2968.5,4.514,4.510
4696,train,3.6340,0.1593,8.16,0.0000,nan,4733,2969.1,5.845,5.839
4697,train,3.3166,0.0750,7.75,0.0000,nan,4080,2969.7,6.294,6.290
4698,train,3.9562,0.0475,15.84,0.0000,nan,4271,2970.3,13.844,13.834
4699,train,3.1972,0.1136,6.50,0.0000,nan,4658,2970.8,4.793,4.785
4700,train,3.6013,0.1482,9.81,0.0000,nan,5013,2971.4,5.974,5.972
4701,train,2.9541,0.1771,7.05,0.0000,nan,4613,2972.0,5.014,5.002
4702,train,3.3013,0.2008,6.66,0.0000,nan,4522,2972.6,5.503,5.496
4703,train,3.8940,0.1146,8.80,0.0000,nan,4545,2973.2,7.590,7.587
4704,train,2.6985,0.1786,5.88,0.0000,nan,4037,2973.7,4.307,4.305
4705,train,2.9617,0.1639,6.31,0.0000,nan,4465,2974.3,4.945,4.939
4706,train,3.3456,0.0932,6.78,0.0000,nan,4998,2974.9,6.032,6.008
4707,train,4.9380,0.0424,17.21,0.0000,nan,4151,2975.5,14.114,14.112
4708,train,3.8889,0.0581,12.57,0.0000,nan,4961,2976.0,11.150,11.146
4709,train,2.8221,0.1371,8.97,0.0000,nan,4222,2976.6,6.610,6.607
4710,train,3.9293,0.0606,9.10,0.0000,nan,4838,2977.2,7.746,7.744
4711,train,3.2707,0.1417,6.85,0.0000,nan,4977,2977.8,4.643,4.638
4712,train,3.0589,0.2233,8.09,0.0000,nan,4379,2978.4,6.725,6.716
4713,train,3.3972,0.0718,6.95,0.0000,nan,5505,2978.9,6.475,6.472
4714,train,2.8762,0.2659,6.29,0.0000,nan,4332,2979.5,3.906,3.883
4715,train,4.0994,0.1018,9.53,0.0000,nan,4607,2980.1,7.908,7.906
4716,train,3.0486,0.1012,7.36,0.0000,nan,3793,2980.7,6.954,6.950
4717,train,4.1251,0.0296,11.65,0.0000,nan,4528,2981.2,11.306,11.301
4718,train,2.9616,0.1715,7.16,0.0000,nan,4881,2981.8,5.655,5.651
4719,train,2.2703,0.2831,3.99,0.0000,nan,4232,2982.4,3.182,3.113
4720,train,2.8789,0.1159,5.71,0.0000,nan,4712,2983.0,4.645,4.642
4721,train,2.6254,0.1518,5.41,0.0000,nan,4360,2983.5,4.263,4.256
4722,train,3.4248,0.1952,7.51,0.0000,nan,5492,2984.1,7.365,7.360
4723,train,3.4366,0.0936,7.58,0.0000,nan,3867,2984.7,6.099,6.096
4724,train,3.3609,0.1284,7.39,0.0000,nan,4190,2985.3,5.151,5.146
4725,train,2.7864,0.1341,5.31,0.0000,nan,4115,2985.9,3.841,3.819
4726,train,3.1505,0.2184,11.27,0.0000,nan,4880,2986.4,10.097,10.089
4727,train,3.3049,0.0942,7.98,0.0000,nan,4214,2987.0,6.895,6.887
4728,train,2.3156,0.2928,4.10,0.0000,nan,4092,2987.6,2.504,2.477
4729,train,3.0478,0.0835,7.86,0.0000,nan,4513,2988.2,6.467,6.458
4730,train,2.9516,0.0990,6.08,0.0000,nan,4475,2988.7,4.029,4.028
4731,train,3.4663,0.0662,10.25,0.0000,nan,5495,2989.3,7.698,7.695
4732,train,3.1195,0.1368,6.01,0.0000,nan,4233,2989.9,4.208,4.204
4733,train,3.2802,0.1248,7.40,0.0000,nan,5056,2990.5,5.273,5.264
4734,train,3.4475,0.2118,7.48,0.0000,nan,4812,2991.1,7.433,7.432
4735,train,3.7546,0.0977,10.79,0.0000,nan,4492,2991.6,8.211,8.191
4736,train,3.1043,0.1900,9.02,0.0000,nan,3889,2992.2,8.186,8.185
4737,train,2.9451,0.1734,7.47,0.0000,nan,5150,2992.8,5.567,5.563
4738,train,2.8933,0.1765,6.53,0.0000,nan,4022,2993.4,4.199,4.163
4739,train,2.8158,0.1320,5.74,0.0000,nan,3863,2993.9,5.231,5.224
4740,train,5.3185,0.0056,16.11,0.0000,nan,4815,2994.5,14.287,14.285
4741,train,3.2718,0.1544,8.03,0.0000,nan,3956,2995.1,6.374,6.373
4742,train,3.3534,0.0836,7.76,0.0000,nan,4651,2995.7,5.907,5.903
4743,train,3.1811,0.2413,5.67,0.0000,nan,4488,2996.3,4.071,4.061
4744,train,3.5948,0.1782,10.68,0.0000,nan,4608,2996.8,7.291,7.259
4745,train,3.9956,0.1620,11.15,0.0000,nan,4512,2997.4,7.618,7.615
4746,train,3.1988,0.0854,5.63,0.0000,nan,4894,2998.0,4.595,4.592
4747,train,3.5071,0.0477,14.11,0.0000,nan,4611,2998.6,9.739,9.730
4748,train,2.9505,0.1288,5.76,0.0000,nan,4083,2999.1,3.928,3.912
4749,train,2.5177,0.1944,4.60,0.0000,nan,4568,2999.7,3.760,3.752
4750,train,3.2012,0.0633,6.30,0.0000,nan,4452,3000.3,5.850,5.845
4751,train,4.1108,0.1128,12.71,0.0000,nan,4903,3000.9,9.664,9.660
4752,train,3.4524,0.1222,7.35,0.0000,nan,4347,3001.4,4.950,4.946
4753,train,2.9818,0.1151,5.67,0.0000,nan,3832,3002.0,4.214,4.211
4754,train,2.4020,0.3097,6.26,0.0000,nan,4369,3002.6,3.535,3.524
4755,train,2.9305,0.1118,6.16,0.0000,nan,4089,3003.2,3.313,3.296
4756,train,3.5364,0.1285,9.36,0.0000,nan,4435,3003.8,7.572,7.566
4757,train,3.1193,0.0881,5.92,0.0000,nan,4710,3004.3,4.958,4.956
4758,train,2.6220,0.2451,4.55,0.0000,nan,3965,3004.9,3.452,3.440
4759,train,3.1109,0.2063,14.92,0.0000,nan,4299,3005.5,11.114,11.110
4760,train,2.1898,0.4195,3.23,0.0000,nan,4672,3006.1,1.639,1.635
4761,train,3.7617,0.1016,9.97,0.0000,nan,4516,3006.6,8.359,8.342
4762,train,2.3982,0.2284,4.13,0.0000,nan,5185,3007.2,2.802,2.799
4763,train,2.8490,0.2151,4.72,0.0000,nan,4724,3007.8,2.996,2.971
4764,train,3.3668,0.1902,7.12,0.0000,nan,4002,3008.4,4.538,4.537
4765,train,4.0327,0.0508,11.51,0.0000,nan,4937,3008.9,11.517,11.516
4766,train,3.4552,0.1828,7.55,0.0000,nan,4519,3009.5,5.336,5.308
4767,train,2.7010,0.3164,6.09,0.0000,nan,4324,3010.1,4.504,4.500
4768,train,3.1490,0.1694,6.29,0.0000,nan,4645,3010.7,5.818,5.817
4769,train,3.0472,0.1951,5.83,0.0000,nan,4346,3011.3,3.340,3.336
4770,train,2.1912,0.3574,3.34,0.0000,nan,4617,3011.8,1.676,1.674
4771,train,2.8711,0.1719,6.27,0.0000,nan,4358,3012.4,5.382,5.376
4772,train,2.9319,0.1033,7.26,0.0000,nan,4523,3013.0,6.132,6.128
4773,train,3.8829,0.0568,10.65,0.0000,nan,4492,3013.6,7.151,7.147
4774,train,3.1175,0.1310,6.16,0.0000,nan,4825,3014.1,5.321,5.276
4775,train,3.6647,0.0512,8.01,0.0000,nan,5139,3014.7,3.732,3.708
4776,train,2.7788,0.1225,5.11,0.0000,nan,4139,3015.3,3.858,3.854
4777,train,2.8413,0.1860,5.68,0.0000,nan,4931,3015.9,4.631,4.617
4778,train,3.5940,0.2235,8.94,0.0000,nan,4595,3016.4,8.860,8.852
4779,train,2.5321,0.2864,4.18,0.0000,nan,4144,3017.0,2.407,2.398
4780,train,3.6869,0.0816,10.62,0.0000,nan,4117,3017.6,10.407,10.404
4781,train,3.0043,0.1346,5.57,0.0000,nan,4562,3018.2,4.542,4.536
4782,train,2.2796,0.3320,3.87,0.0000,nan,4135,3018.7,2.049,2.038
4783,train,3.7019,0.0978,7.67,0.0000,nan,4774,3019.3,5.851,5.848
4784,train,2.0241,0.3313,3.26,0.0000,nan,4316,3019.9,1.422,1.409
4785,train,4.3019,0.0272,14.55,0.0000,nan,5446,3020.5,13.459,13.444
4786,train,2.8454,0.1893,5.08,0.0000,nan,4373,3021.1,3.073,3.068
4787,train,3.5370,0.0559,10.54,0.0000,nan,3792,3021.6,8.827,8.827
4788,train,2.9533,0.1696,6.07,0.0000,nan,4239,3022.2,4.655,4.653
4789,train,2.1396,0.3585,3.52,0.0000,nan,4337,3022.8,2.350,2.341
4790,train,2.9021,0.1630,5.82,0.0000,nan,4331,3023.4,4.294,4.282
4791,train,2.1216,0.4063,3.32,0.0000,nan,3901,3023.9,2.221,2.219
4792,train,3.1210,0.2631,6.48,0.0000,nan,4671,3024.5,4.282,4.275
4793,train,3.3373,0.0823,7.99,0.0000,nan,4692,3025.1,6.985,6.982
4794,train,3.5058,0.2029,9.24,0.0000,nan,4811,3025.7,8.237,8.229
4795,train,4.9669,0.1145,12.60,0.0000,nan,5128,3026.2,9.972,9.970
4796,train,3.3482,0.1776,7.60,0.0000,nan,4380,3026.8,6.480,6.475
4797,train,3.1525,0.1149,6.86,0.0000,nan,4778,3027.4,5.037,5.032
4798,train,3.9064,0.0746,15.48,0.0000,nan,4248,3028.0,12.787,12.763
4799,train,3.5483,0.0878,8.75,0.0000,nan,4850,3028.6,8.014,8.010
4800,train,3.2363,0.1440,5.80,0.0000,nan,4868,3029.1,4.255,4.243
4801,train,3.8109,0.0429,11.72,0.0000,nan,3938,3029.7,6.901,6.879
4802,train,3.5430,0.0542,8.45,0.0000,nan,4358,3030.3,6.080,6.074
4803,train,2.9111,0.3712,7.47,0.0000,nan,4222,3030.9,5.889,5.885
4804,train,4.4487,0.0794,11.19,0.0000,nan,3776,3031.5,8.598,8.592
4805,train,3.1594,0.1277,7.47,0.0000,nan,4605,3032.0,5.961,5.957
4806,train,2.7293,0.1776,5.18,0.0000,nan,4207,3032.6,4.095,4.091
4807,train,3.1042,0.1618,5.59,0.0000,nan,4587,3033.2,3.331,3.280
4808,train,3.3813,0.0626,11.00,0.0000,nan,5162,3033.8,8.145,8.143
4809,train,2.4518,0.2819,4.60,0.0000,nan,4094,3034.3,3.301,3.300
4810,train,3.0518,0.1083,6.21,0.0000,nan,4255,3034.9,4.611,4.609
4811,train,2.7375,0.1832,5.11,0.0000,nan,4748,3035.5,4.076,4.054
4812,train,3.8678,0.0565,11.68,0.0000,nan,4813,3036.1,7.603,7.588
4813,train,2.9502,0.1591,5.53,0.0000,nan,3896,3036.6,3.741,3.737
4814,train,5.5658,0.0502,12.34,0.0000,nan,4582,3037.2,10.035,10.031
4815,train,3.7545,0.1440,8.70,0.0000,nan,4256,3037.8,6.810,6.805
4816,train,3.7598,0.0688,7.78,0.0000,nan,4872,3038.4,6.062,6.060
4817,train,4.0136,0.0527,12.36,0.0000,nan,3967,3039.0,10.206,10.203
4818,train,3.2315,0.1767,6.47,0.0000,nan,5088,3039.5,4.420,4.419
4819,train,2.4757,0.2544,4.38,0.0000,nan,4022,3040.1,2.691,2.682
4820,train,2.7029,0.1680,5.03,0.0000,nan,4965,3040.7,3.500,3.489
4821,train,4.3707,0.0085,13.96,0.0000,nan,4256,3041.3,10.795,10.790
4822,train,3.6431,0.0779,10.29,0.0000,nan,4685,3041.8,7.570,7.567
4823,train,2.6145,0.2643,5.19,0.0000,nan,4612,3042.4,2.033,2.025
4824,train,2.5963,0.2538,5.27,0.0000,nan,4453,3043.0,4.069,4.063
4825,train,3.4772,0.0452,7.49,0.0000,nan,4540,3043.6,6.193,6.192
4826,train,3.8195,0.0848,13.13,0.0000,nan,4706,3044.1,7.850,7.846
4827,train,2.6173,0.1921,4.92,0.0000,nan,4466,3044.7,2.589,2.580
4828,train,3.5316,0.1979,6.75,0.0000,nan,3729,3045.3,5.016,5.007
4829,train,2.6206,0.2673,8.32,0.0000,nan,4980,3045.9,6.820,6.808
4830,train,3.0099,0.2055,6.83,0.0000,nan,4199,3046.5,4.848,4.842
4831,train,3.1064,0.0911,5.77,0.0000,nan,4448,3047.0,4.130,4.125
4832,train,3.3867,0.1572,7.94,0.0000,nan,4607,3047.6,6.047,6.039
4833,train,2.4229,0.1476,4.84,0.0000,nan,4839,3048.2,2.839,2.838
4834,train,3.5099,0.0517,9.86,0.0000,nan,4369,3048.8,7.579,7.573
4835,train,3.2198,0.2103,7.40,0.0000,nan,4560,3049.3,6.410,6.399
4836,train,2.9247,0.2072,6.51,0.0000,nan,4585,3049.9,4.208,4.206
4837,train,3.1042,0.0778,6.56,0.0000,nan,5318,3050.5,4.279,4.277
4838,train,2.6360,0.1827,5.69,0.0000,nan,4926,3051.1,4.439,4.432
4839,train,2.6784,0.1667,5.25,0.0000,nan,4548,3051.7,4.204,4.202
4840,train,3.4447,0.1668,6.67,0.0000,nan,5426,3052.2,5.947,5.934
4841,train,3.0790,0.1368,5.08,0.0000,nan,4313,3052.8,4.363,4.359
4842,train,2.6629,0.2223,5.12,0.0000,nan,3941,3053.4,3.001,2.988
4843,train,3.0588,0.0553,6.40,0.0000,nan,4445,3054.0,5.272,5.272
4844,train,3.6134,0.1038,8.68,0.0000,nan,5030,3054.5,8.434,8.427
4845,train,3.1156,0.1512,7.84,0.0000,nan,5714,3055.1,5.489,5.487
4846,train,3.1476,0.1826,7.91,0.0000,nan,4458,3055.7,7.034,7.032
4847,train,3.0466,0.1107,6.26,0.0000,nan,4020,3056.3,4.548,4.543
4848,train,4.2348,0.0300,11.02,0.0000,nan,4438,3056.8,9.346,9.345
4849,train,2.7926,0.1170,6.13,0.0000,nan,4557,3057.4,4.474,4.469
4850,train,3.8009,0.0888,8.24,0.0000,nan,4165,3058.0,5.422,5.385
4851,train,2.7719,0.1279,5.12,0.0000,nan,5176,3058.6,3.386,3.386
4852,train,2.4006,0.2455,4.27,0.0000,nan,4253,3059.2,3.053,3.052
4853,train,4.0035,0.0202,9.95,0.0000,nan,5106,3059.7,8.857,8.845
4854,train,2.3842,0.2905,3.77,0.0000,nan,4472,3060.3,1.890,1.884
4855,train,2.6860,0.1953,5.49,0.0000,nan,4485,3060.9,4.753,4.745
4856,train,3.1669,0.1446,11.12,0.0000,nan,4902,3061.5,10.633,10.624
4857,train,3.6716,0.1039,10.08,0.0000,nan,4561,3062.1,8.085,8.080
4858,train,3.4544,0.1991,8.48,0.0000,nan,4540,3062.6,7.246,7.242
4859,train,3.8792,0.1831,9.44,0.0000,nan,4567,3063.2,8.639,8.636
4860,train,2.2846,0.2335,4.08,0.0000,nan,4069,3063.8,2.245,2.241
4861,train,2.7333,0.1116,5.58,0.0000,nan,4212,3064.4,2.992,2.984
4862,train,3.0712,0.2317,8.74,0.0000,nan,3980,3064.9,6.667,6.653
4863,train,4.0159,0.0309,11.66,0.0000,nan,4013,3065.5,10.410,10.400
4864,train,3.9447,0.0678,7.96,0.0000,nan,3955,3066.1,6.900,6.889
4865,train,2.4936,0.2329,4.72,0.0000,nan,4797,3066.7,2.762,2.728
4866,train,3.3240,0.0826,6.45,0.0000,nan,4163,3067.2,5.176,5.175
4867,train,2.7804,0.1813,5.14,0.0000,nan,4866,3067.8,4.460,4.453
4868,train,3.5658,0.1202,10.55,0.0000,nan,4153,3068.4,9.711,9.704
4869,train,3.3853,0.0912,10.20,0.0000,nan,5119,3069.0,7.304,7.299
4870,train,3.0740,0.1254,5.79,0.0000,nan,4472,3069.6,4.417,4.414
4871,train,3.3621,0.1487,6.27,0.0000,nan,4035,3070.1,4.728,4.725
4872,train,2.9230,0.1699,5.66,0.0000,nan,3985,3070.7,5.373,5.372
4873,train,2.7011,0.1788,5.87,0.0000,nan,5073,3071.3,4.261,4.246
4874,train,3.1781,0.0907,8.48,0.0000,nan,5226,3071.9,5.623,5.622
4875,train,3.8262,0.1109,8.89,0.0000,nan,4462,3072.4,7.913,7.910
4876,train,3.8122,0.0436,9.21,0.0000,nan,4651,3073.0,6.860,6.860
4877,train,3.1945,0.2025,7.28,0.0000,nan,5142,3073.6,4.470,4.461
4878,train,3.0723,0.1734,9.65,0.0000,nan,4966,3074.2,7.307,7.301
4879,train,2.6623,0.2022,4.79,0.0000,nan,3987,3074.8,3.502,3.500
4880,train,2.7841,0.1470,6.19,0.0000,nan,3958,3075.3,3.135,3.124
4881,train,3.2498,0.1266,9.95,0.0000,nan,3934,3075.9,7.089,7.088
4882,train,3.6733,0.1046,8.70,0.0000,nan,4677,3076.5,6.364,6.359
4883,train,4.6303,0.0921,15.97,0.0000,nan,4008,3077.1,14.371,14.369
4884,train,3.4304,0.2076,8.01,0.0000,nan,4277,3077.6,6.352,6.344
4885,train,3.5437,0.0594,9.18,0.0000,nan,5219,3078.2,7.258,7.241
4886,train,3.4333,0.1015,9.74,0.0000,nan,4966,3078.8,7.324,7.315
4887,train,3.2842,0.1848,7.56,0.0000,nan,4848,3079.4,5.367,5.366
4888,train,2.9344,0.2194,6.29,0.0000,nan,4845,3079.9,5.118,5.103
4889,train,2.9990,0.1023,11.06,0.0000,nan,4360,3080.5,9.163,9.159
4890,train,3.3073,0.1151,7.93,0.0000,nan,4780,3081.1,5.842,5.837
4891,train,4.1676,0.0564,12.42,0.0000,nan,4967,3081.7,9.942,9.936
4892,train,3.1169,0.0528,10.37,0.0000,nan,4127,3082.3,7.552,7.548
4893,train,3.0542,0.1806,10.11,0.0000,nan,4419,3082.8,6.780,6.762
4894,train,3.3496,0.1244,10.29,0.0000,nan,5637,3083.4,8.717,8.714
4895,train,2.3890,0.3625,3.99,0.0000,nan,4516,3084.0,2.515,2.508
4896,train,3.1001,0.2624,8.36,0.0000,nan,4066,3084.6,7.209,7.203
4897,train,2.6333,0.3386,4.07,0.0000,nan,3703,3085.2,2.137,2.124
4898,train,3.8855,0.0284,8.45,0.0000,nan,4861,3085.7,7.120,7.119
4899,train,2.7051,0.1168,5.28,0.0000,nan,4853,3086.3,3.138,3.126
4900,train,4.3623,0.1633,9.92,0.0000,nan,4110,3086.9,9.460,9.459
4901,train,2.5665,0.2380,4.69,0.0000,nan,4614,3087.5,3.070,3.051
4902,train,2.8065,0.1711,5.51,0.0000,nan,4009,3088.0,4.277,4.272
4903,train,3.4135,0.0414,7.05,0.0000,nan,5310,3088.6,5.420,5.405
4904,train,2.7586,0.2280,5.99,0.0000,nan,4574,3089.2,4.911,4.909
4905,train,3.4517,0.0939,6.23,0.0000,nan,4153,3089.8,4.288,4.279
4906,train,2.4247,0.1366,5.43,0.0000,nan,4612,3090.4,3.846,3.844
4907,train,3.9039,0.1303,9.97,0.0000,nan,4490,3090.9,9.448,9.448
4908,train,3.0988,0.2144,8.98,0.0000,nan,4771,3091.5,8.778,8.765
4909,train,3.1417,0.1796,8.36,0.0000,nan,4861,3092.1,8.963,8.960
4910,train,3.7463,0.1135,7.99,0.0000,nan,4562,3092.7,7.055,7.051
4911,train,2.5533,0.2767,4.34,0.0000,nan,5276,3093.2,2.734,2.721
4912,train,2.9678,0.2599,9.86,0.0000,nan,4055,3093.8,6.951,6.951
4913,train,4.0492,0.0641,9.14,0.0000,nan,3946,3094.4,8.201,8.190
4914,train,3.3981,0.0394,9.98,0.0000,nan,3935,3095.0,8.603,8.591
4915,train,3.8877,0.1751,11.11,0.0000,nan,4665,3095.6,7.461,7.456
4916,train,3.6769,0.1099,8.79,0.0000,nan,5086,3096.1,7.390,7.382
4917,train,3.7503,0.1549,9.82,0.0000,nan,4092,3096.7,6.196,6.188
4918,train,3.3110,0.0833,6.82,0.0000,nan,5165,3097.3,4.996,4.993
4919,train,2.8368,0.0928,7.07,0.0000,nan,4805,3097.9,4.410,4.407
4920,train,3.2261,0.1034,6.54,0.0000,nan,5118,3098.5,5.458,5.437
4921,train,4.0139,0.1120,13.16,0.0000,nan,4775,3099.0,10.283,10.282
4922,train,3.3057,0.0986,8.82,0.0000,nan,4555,3099.6,7.661,7.658
4923,train,2.8704,0.2579,5.09,0.0000,nan,4482,3100.2,3.434,3.400
4924,train,3.0753,0.1388,7.30,0.0000,nan,4562,3100.8,5.797,5.795
4925,train,2.7520,0.2372,5.83,0.0000,nan,4814,3101.3,4.835,4.813
4926,train,3.1520,0.2499,12.38,0.0000,nan,5043,3101.9,9.765,9.754
4927,train,3.0413,0.1797,7.30,0.0000,nan,3963,3102.5,4.139,4.133
4928,train,4.7053,0.0142,12.05,0.0000,nan,5296,3103.1,9.479,9.467
4929,train,3.1874,0.1188,8.46,0.0000,nan,4276,3103.7,6.589,6.587
4930,train,3.5673,0.1081,5.99,0.0000,nan,4578,3104.2,4.406,4.404
4931,train,3.0460,0.2053,7.35,0.0000,nan,5011,3104.8,6.216,6.207
4932,train,4.1889,0.0333,13.21,0.0000,nan,4020,3105.4,11.145,11.133
4933,train,3.7886,0.0417,8.27,0.0000,nan,4267,3106.0,6.387,6.383
4934,train,3.2026,0.0986,7.36,0.0000,nan,5202,3106.6,3.770,3.763
4935,train,2.7213,0.2122,4.77,0.0000,nan,4519,3107.1,2.527,2.522
4936,train,4.0697,0.0384,9.36,0.0000,nan,4478,3107.7,8.015,8.011
4937,train,2.8851,0.1357,5.48,0.0000,nan,4841,3108.3,4.150,4.149
4938,train,3.1118,0.2143,5.67,0.0000,nan,4265,3108.9,4.444,4.443
4939,train,3.6178,0.0306,11.71,0.0000,nan,4577,3109.5,7.888,7.887
4940,train,3.8774,0.0229,8.49,0.0000,nan,4577,3110.0,7.146,7.145
4941,train,3.4521,0.0671,12.41,0.0000,nan,5377,3110.6,8.799,8.794
4942,train,3.2070,0.2418,6.80,0.0000,nan,4309,3111.2,4.583,4.560
4943,train,2.5165,0.2685,3.90,0.0000,nan,4913,3111.8,2.737,2.726
4944,train,3.1245,0.1633,6.86,0.0000,nan,4218,3112.3,5.016,5.009
4945,train,2.9670,0.2171,6.02,0.0000,nan,3947,3112.9,4.695,4.662
4946,train,3.2047,0.2008,8.75,0.0000,nan,4866,3113.5,5.124,5.110
4947,train,3.7037,0.1531,14.89,0.0000,nan,4547,3114.1,11.459,11.447
4948,train,3.0609,0.2066,6.66,0.0000,nan,4400,3114.7,4.942,4.937
4949,train,3.2589,0.0592,7.03,0.0000,nan,4614,3115.2,4.904,4.903
4950,train,3.1270,0.0872,6.50,0.0000,nan,4552,3115.8,5.162,5.155
4951,train,3.1684,0.2131,6.35,0.0000,nan,4857,3116.4,4.920,4.898
4952,train,3.2103,0.1168,7.26,0.0000,nan,4470,3117.0,6.283,6.273
4953,train,3.6762,0.0517,7.94,0.0000,nan,4975,3117.6,4.641,4.626
4954,train,3.5840,0.0969,12.90,0.0000,nan,5108,3118.1,10.969,10.968
4955,train,3.5702,0.1400,7.50,0.0000,nan,4187,3118.7,6.670,6.669
4956,train,3.8683,0.1781,9.61,0.0000,nan,4081,3119.3,7.354,7.349
4957,train,2.8922,0.2622,4.75,0.0000,nan,4833,3119.9,2.172,2.125
4958,train,3.9647,0.0492,15.51,0.0000,nan,4679,3120.5,11.925,11.920
4959,train,3.6980,0.0941,10.25,0.0000,nan,5397,3121.0,7.478,7.474
4960,train,3.2674,0.1478,6.94,0.0000,nan,3775,3121.6,4.386,4.385
4961,train,2.4768,0.3195,3.75,0.0000,nan,4413,3122.2,1.721,1.719
4962,train,2.7098,0.2072,6.24,0.0000,nan,3976,3122.8,3.834,3.830
4963,train,4.8615,0.1459,11.25,0.0000,nan,4743,3123.3,10.199,10.198
4964,train,3.7641,0.0383,8.46,0.0000,nan,4832,3123.9,7.365,7.363
4965,train,3.0235,0.0999,6.18,0.0000,nan,3895,3124.5,5.226,5.211
4966,train,3.2172,0.1153,7.02,0.0000,nan,4248,3125.1,4.401,4.392
4967,train,3.8646,0.0737,8.48,0.0000,nan,3729,3125.7,7.051,7.049
4968,train,3.1819,0.1299,6.50,0.0000,nan,4335,3126.2,5.260,5.259
4969,train,3.2238,0.0714,9.63,0.0000,nan,4821,3126.8,7.778,7.771
4970,train,3.4075,0.0753,6.23,0.0000,nan,4410,3127.4,4.587,4.580
4971,train,3.9778,0.0210,12.80,0.0000,nan,4092,3128.0,7.475,7.470
4972,train,3.5107,0.0706,7.64,0.0000,nan,4403,3128.5,5.326,5.315
4973,train,3.2331,0.2107,5.99,0.0000,nan,4261,3129.1,4.747,4.742
4974,train,3.7871,0.0856,15.21,0.0000,nan,4860,3129.7,13.193,13.192
4975,train,2.8084,0.2222,6.47,0.0000,nan,3987,3130.3,4.162,4.128
4976,train,3.1304,0.0865,6.33,0.0000,nan,4207,3130.9,4.173,4.163
4977,train,2.7402,0.2939,4.25,0.0000,nan,4906,3131.4,2.054,2.010
4978,train,2.9660,0.1636,6.64,0.0000,nan,4408,3132.0,4.152,4.149
4979,train,3.4755,0.1323,8.99,0.0000,nan,4368,3132.6,6.936,6.927
4980,train,3.1606,0.1081,7.37,0.0000,nan,4625,3133.2,4.429,4.408
4981,train,3.2759,0.1801,6.67,0.0000,nan,4282,3133.7,6.062,6.058
4982,train,3.5430,0.1524,8.16,0.0000,nan,4646,3134.3,7.893,7.890
4983,train,3.8362,0.0223,10.01,0.0000,nan,4717,3134.9,7.949,7.945
4984,train,3.7797,0.1345,7.50,0.0000,nan,4700,3135.5,5.795,5.793
4985,train,3.3115,0.1090,7.57,0.0000,nan,5073,3136.1,6.816,6.810
4986,train,3.3719,0.1286,7.50,0.0000,nan,4488,3136.6,5.819,5.813
4987,train,2.8665,0.2123,6.80,0.0000,nan,4536,3137.2,5.675,5.670
4988,train,2.7202,0.1677,5.61,0.0000,nan,4173,3137.8,4.132,4.130
4989,train,3.4359,0.1455,6.45,0.0000,nan,4454,3138.4,4.875,4.873
4990,train,3.9704,0.0341,12.99,0.0000,nan,4306,3139.0,11.012,11.012
4991,train,3.3533,0.0637,9.47,0.0000,nan,4806,3139.5,7.194,7.183
4992,train,2.8820,0.2384,7.58,0.0000,nan,4274,3140.1,5.364,5.355
4993,train,3.2553,0.0859,7.33,0.0000,nan,3960,3140.7,4.589,4.588
4994,train,2.6747,0.2867,6.21,0.0000,nan,4182,3141.3,4.844,4.842
4995,train,3.7233,0.0436,11.30,0.0000,nan,4017,3141.8,9.109,9.106
4996,train,4.0746,0.0519,11.61,0.0000,nan,4318,3142.4,10.549,10.545
4997,train,3.5480,0.0289,10.99,0.0000,nan,4391,3143.0,8.882,8.880
4998,train,4.1662,0.0118,13.06,0.0000,nan,4168,3143.6,10.985,10.984
4999,train,3.6563,0.1031,8.14,0.0000,nan,4210,3144.2,6.608,6.607
5000,train,3.1008,0.1461,7.96,0.0000,nan,4496,3144.7,4.038,4.032
5000,val,3.2791,0.1362,7.91,0.0000,0.00,222066,3172.2,6.107,6.101
5001,train,2.9666,0.1452,5.93,0.0000,nan,4580,3172.8,4.903,4.902
5002,train,3.7605,0.0228,9.86,0.0000,nan,5296,3173.4,7.662,7.659
5003,train,3.0964,0.1902,7.98,0.0000,nan,5131,3173.9,7.378,7.375
5004,train,4.4589,0.0178,14.03,0.0000,nan,4610,3174.5,10.051,10.047
5005,train,3.1471,0.1100,7.49,0.0000,nan,4627,3175.1,6.233,6.231
5006,train,2.9224,0.1206,8.38,0.0000,nan,4321,3175.7,5.502,5.500
5007,train,3.8721,0.0633,13.34,0.0000,nan,4610,3176.3,11.883,11.881
5008,train,4.0410,0.0486,13.01,0.0000,nan,5554,3176.8,11.240,11.239
5009,train,3.3226,0.0521,6.89,0.0000,nan,4933,3177.4,5.303,5.302
5010,train,2.7337,0.2035,5.03,0.0000,nan,4364,3178.0,3.739,3.737
5011,train,3.0801,0.1697,9.76,0.0000,nan,4745,3178.6,6.633,6.631
5012,train,3.2808,0.1012,7.22,0.0000,nan,3804,3179.2,4.955,4.950
5013,train,2.9012,0.1796,6.89,0.0000,nan,4426,3179.7,5.015,5.014
5014,train,3.9618,0.0963,9.85,0.0000,nan,4592,3180.3,8.525,8.523
5015,train,2.6644,0.2010,4.60,0.0000,nan,4438,3180.9,2.476,2.470
5016,train,3.1737,0.0646,6.04,0.0000,nan,4797,3181.5,3.813,3.804
5017,train,3.7774,0.0539,9.60,0.0000,nan,4790,3182.1,8.967,8.964
5018,train,2.1598,0.3430,3.74,0.0000,nan,4082,3182.6,1.879,1.869
5019,train,3.6841,0.0883,8.69,0.0000,nan,4271,3183.2,7.844,7.841
5020,train,2.8097,0.1768,6.02,0.0000,nan,4236,3183.8,5.247,5.218
5021,train,3.8200,0.0201,8.72,0.0000,nan,4783,3184.4,7.011,7.010
5022,train,3.4157,0.1028,7.48,0.0000,nan,4542,3185.0,5.022,5.019
5023,train,4.0840,0.0980,13.01,0.0000,nan,4235,3185.5,11.160,11.159
5024,train,2.6717,0.1681,5.04,0.0000,nan,3963,3186.1,4.009,4.007
5025,train,2.8499,0.1461,6.24,0.0000,nan,4354,3186.7,4.960,4.955
5026,train,3.2919,0.1661,7.57,0.0000,nan,4354,3187.3,5.698,5.695
5027,train,3.5166,0.0397,7.71,0.0000,nan,4486,3187.8,5.109,5.095
5028,train,2.7692,0.2053,4.84,0.0000,nan,4344,3188.4,3.460,3.451
5029,train,2.6614,0.2358,4.65,0.0000,nan,4775,3189.0,2.737,2.722
5030,train,3.6171,0.2227,8.37,0.0000,nan,4714,3189.6,6.476,6.470
5031,train,3.7930,0.0218,8.71,0.0000,nan,4498,3190.2,7.323,7.309
5032,train,2.8680,0.1444,5.40,0.0000,nan,4198,3190.7,3.323,3.314
5033,train,2.6521,0.2432,5.15,0.0000,nan,4054,3191.3,4.263,4.259
5034,train,2.9227,0.2576,5.90,0.0000,nan,4403,3191.9,3.297,3.250
5035,train,3.9401,0.0595,10.33,0.0000,nan,5214,3192.5,6.704,6.703
5036,train,3.5481,0.0595,8.85,0.0000,nan,4283,3193.1,8.907,8.899
5037,train,2.6815,0.2081,4.97,0.0000,nan,4363,3193.6,3.398,3.387
5038,train,3.7565,0.1081,19.07,0.0000,nan,5290,3194.2,15.502,15.494
5039,train,4.3130,0.0976,12.21,0.0000,nan,4018,3194.8,10.135,10.122
5040,train,2.9898,0.1798,8.42,0.0000,nan,4662,3195.4,7.110,7.104
5041,train,3.6173,0.1712,10.89,0.0000,nan,5030,3195.9,9.224,9.219
5042,train,4.0232,0.0397,9.75,0.0000,nan,4790,3196.5,7.770,7.769
5043,train,2.6803,0.1857,5.17,0.0000,nan,4701,3197.1,2.812,2.803
5044,train,3.0078,0.2344,6.59,0.0000,nan,4723,3197.7,5.909,5.904
5045,train,3.1576,0.1518,6.54,0.0000,nan,3855,3198.3,5.037,5.037
5046,train,3.5075,0.0875,9.56,0.0000,nan,4409,3198.8,8.669,8.666
5047,train,3.0764,0.2826,9.29,0.0000,nan,4689,3199.4,7.465,7.376
5048,train,3.1234,0.2109,8.94,0.0000,nan,4197,3200.0,7.476,7.466
5049,train,3.9976,0.0777,12.57,0.0000,nan,5767,3200.6,11.614,11.608
5050,train,3.9759,0.0797,13.19,0.0000,nan,4356,3201.2,11.768,11.747
5051,train,3.2535,0.1012,9.69,0.0000,nan,4339,3201.7,8.525,8.518
5052,train,3.0523,0.0626,5.98,0.0000,nan,4773,3202.3,4.293,4.291
5053,train,4.3911,0.0114,13.40,0.0000,nan,4749,3202.9,10.236,10.233
5054,train,3.5140,0.0588,8.49,0.0000,nan,4696,3203.5,5.906,5.905
5055,train,3.3509,0.0876,6.45,0.0000,nan,4545,3204.1,5.592,5.592
5056,train,3.9021,0.1469,10.21,0.0000,nan,4084,3204.6,7.271,7.265
5057,train,3.3895,0.1103,10.84,0.0000,nan,4533,3205.2,10.184,10.181
5058,train,2.7197,0.2508,4.51,0.0000,nan,4785,3205.8,2.668,2.653
5059,train,4.1487,0.0320,10.70,0.0000,nan,4684,3206.4,8.830,8.819
5060,train,2.9420,0.1306,6.92,0.0000,nan,4317,3206.9,5.150,5.143
5061,train,3.2937,0.0903,7.32,0.0000,nan,4528,3207.5,4.403,4.398
5062,train,2.9705,0.1707,8.22,0.0000,nan,3808,3208.1,7.084,7.082
5063,train,3.3096,0.0818,7.08,0.0000,nan,4634,3208.7,6.166,6.156
5064,train,3.2440,0.2392,6.96,0.0000,nan,4803,3209.3,4.628,4.626
5065,train,4.0584,0.0218,9.52,0.0000,nan,3985,3209.8,7.484,7.483
5066,train,3.0853,0.0972,6.90,0.0000,nan,5041,3210.4,4.327,4.326
5067,train,2.8462,0.1401,9.32,0.0000,nan,4902,3211.0,7.665,7.655
5068,train,3.1155,0.1928,7.05,0.0000,nan,4887,3211.6,5.592,5.575
5069,train,2.9731,0.2525,9.00,0.0000,nan,4064,3212.2,8.607,8.598
5070,train,2.7076,0.2767,4.34,0.0000,nan,3911,3212.7,2.415,2.409
5071,train,3.3712,0.1663,7.81,0.0000,nan,4864,3213.3,7.706,7.693
5072,train,3.2755,0.1078,6.45,0.0000,nan,4173,3213.9,3.991,3.966
5073,train,3.0142,0.1049,8.21,0.0000,nan,4605,3214.5,6.004,6.003
5074,train,3.4869,0.1097,7.78,0.0000,nan,4794,3215.0,4.920,4.910
5075,train,3.0091,0.1651,7.65,0.0000,nan,4986,3215.6,5.265,5.254
5076,train,3.0395,0.1887,6.62,0.0000,nan,4760,3216.2,5.348,5.339
5077,train,2.6974,0.1077,5.12,0.0000,nan,4336,3216.8,4.160,4.152
5078,train,3.3040,0.3459,7.91,0.0000,nan,4366,3217.4,7.768,7.742
5079,train,3.5819,0.0654,9.61,0.0000,nan,4219,3217.9,9.214,9.207
5080,train,3.8601,0.1019,11.63,0.0000,nan,4326,3218.5,10.263,10.249
5081,train,3.4842,0.1719,8.53,0.0000,nan,4199,3219.1,8.416,8.413
5082,train,3.3624,0.0724,7.30,0.0000,nan,4448,3219.7,7.249,7.247
5083,train,3.8567,0.0364,9.37,0.0000,nan,4425,3220.3,7.519,7.517
5084,train,2.9381,0.0922,8.20,0.0000,nan,4642,3220.8,5.298,5.289
5085,train,4.4010,0.0138,11.38,0.0000,nan,4141,3221.4,8.536,8.522
5086,train,3.6394,0.0690,7.21,0.0000,nan,4695,3222.0,7.253,7.248
5087,train,3.2516,0.0574,7.18,0.0000,nan,4584,3222.6,5.649,5.646
5088,train,3.3460,0.1333,9.13,0.0000,nan,4404,3223.1,7.423,7.414
5089,train,3.0908,0.0667,6.02,0.0000,nan,4782,3223.7,5.335,5.333
5090,train,3.7450,0.1085,9.64,0.0000,nan,4213,3224.3,7.536,7.533
5091,train,5.2176,0.0363,11.53,0.0000,nan,4348,3224.9,9.650,9.649
5092,train,2.7193,0.2176,5.22,0.0000,nan,4159,3225.5,5.066,5.056
5093,train,2.9725,0.1787,6.00,0.0000,nan,5580,3226.0,4.194,4.192
5094,train,2.7492,0.1492,5.69,0.0000,nan,4081,3226.6,4.578,4.572
5095,train,3.6757,0.1196,9.78,0.0000,nan,4088,3227.2,7.744,7.728
5096,train,2.4835,0.2528,4.88,0.0000,nan,4438,3227.8,1.811,1.810
5097,train,3.1417,0.1367,8.07,0.0000,nan,4698,3228.6,6.791,6.789
5098,train,4.6847,0.0189,15.64,0.0000,nan,4705,3229.2,11.607,11.601
5099,train,3.3533,0.1638,9.56,0.0000,nan,4438,3229.8,7.494,7.490
5100,train,4.1113,0.1383,18.26,0.0000,nan,4477,3230.4,16.609,16.608
5101,train,3.2452,0.1622,7.29,0.0000,nan,5216,3230.9,4.962,4.945
5102,train,2.5131,0.2854,5.42,0.0000,nan,4650,3231.5,2.992,2.989
5103,train,3.0290,0.0988,5.91,0.0000,nan,4393,3232.1,4.492,4.488
5104,train,3.2418,0.1302,7.84,0.0000,nan,5184,3232.7,5.536,5.532
5105,train,2.9728,0.1307,6.49,0.0000,nan,4613,3233.3,6.389,6.384
5106,train,3.3613,0.1155,15.97,0.0000,nan,4876,3233.8,12.509,12.509
5107,train,2.9544,0.1553,5.41,0.0000,nan,4134,3234.4,4.118,4.112
5108,train,2.1863,0.3784,4.42,0.0000,nan,3842,3235.0,3.767,3.763
5109,train,2.8338,0.2202,5.33,0.0000,nan,4378,3235.6,4.146,4.125
5110,train,3.4709,0.1088,7.00,0.0000,nan,4236,3236.2,6.242,6.240
5111,train,2.5294,0.1726,4.52,0.0000,nan,4171,3236.7,2.387,2.385
5112,train,3.5191,0.0695,8.01,0.0000,nan,4645,3237.3,5.357,5.356
5113,train,2.1431,0.4342,3.36,0.0000,nan,3945,3237.9,1.764,1.762
5114,train,3.3071,0.1470,10.74,0.0000,nan,4584,3238.5,6.923,6.919
5115,train,3.4972,0.1705,7.31,0.0000,nan,4059,3239.1,5.581,5.566
5116,train,3.7976,0.0202,12.76,0.0000,nan,3969,3239.6,11.704,11.703
5117,train,3.0373,0.1165,7.76,0.0000,nan,5296,3240.2,5.955,5.949
5118,train,4.1111,0.0896,11.95,0.0000,nan,4109,3240.8,11.179,11.178
5119,train,2.6949,0.1910,4.87,0.0000,nan,5587,3241.4,2.815,2.806
5120,train,2.6189,0.2033,5.07,0.0000,nan,4029,3242.0,2.840,2.820
5121,train,2.4421,0.2955,4.34,0.0000,nan,4521,3242.5,2.436,2.430
5122,train,3.1199,0.3751,6.86,0.0000,nan,4871,3243.1,5.285,5.282
5123,train,2.2164,0.2694,3.93,0.0000,nan,4952,3243.7,2.715,2.713
5124,train,3.8959,0.0347,8.96,0.0000,nan,4061,3244.3,6.523,6.520
5125,train,3.2047,0.1645,6.06,0.0000,nan,4815,3244.9,4.989,4.978
5126,train,3.1656,0.2137,8.95,0.0000,nan,4904,3245.4,4.974,4.969
5127,train,2.8510,0.1219,4.99,0.0000,nan,4773,3246.0,3.468,3.465
5128,train,3.5003,0.0625,6.77,0.0000,nan,4305,3246.6,4.748,4.744
5129,train,3.5672,0.1231,8.85,0.0000,nan,5141,3247.2,6.566,6.558
5130,train,3.8328,0.1371,12.77,0.0000,nan,4055,3247.7,8.435,8.421
5131,train,2.3115,0.4118,3.61,0.0000,nan,4228,3248.3,2.146,2.114
5132,train,2.8529,0.1738,5.83,0.0000,nan,4470,3248.9,4.267,4.263
5133,train,2.7254,0.1658,4.97,0.0000,nan,4349,3249.5,3.434,3.430
5134,train,3.5041,0.0636,7.82,0.0000,nan,4653,3250.1,6.783,6.781
5135,train,3.2380,0.0887,8.28,0.0000,nan,4352,3250.6,5.329,5.300
5136,train,3.1893,0.1497,6.22,0.0000,nan,4041,3251.2,5.573,5.569
5137,train,4.2827,0.1131,10.78,0.0000,nan,4579,3251.8,10.637,10.631
5138,train,2.5778,0.2360,4.51,0.0000,nan,4203,3252.4,3.391,3.383
5139,train,4.7292,0.0225,14.53,0.0000,nan,4621,3253.0,11.482,11.481
5140,train,2.7245,0.1275,4.98,0.0000,nan,4182,3253.5,3.569,3.567
5141,train,3.1000,0.1287,5.46,0.0000,nan,4205,3254.1,3.609,3.602
5142,train,3.1638,0.1886,5.83,0.0000,nan,4146,3254.7,5.108,5.104
5143,train,2.6670,0.2133,4.56,0.0000,nan,4294,3255.3,3.315,3.314
5144,train,3.9387,0.1654,13.40,0.0000,nan,4625,3255.9,10.297,10.291
5145,train,3.1562,0.0859,8.15,0.0000,nan,5311,3256.4,5.445,5.442
5146,train,3.1040,0.1921,5.81,0.0000,nan,4472,3257.0,3.790,3.787
5147,train,3.0337,0.1855,6.33,0.0000,nan,4118,3257.6,5.012,5.007
5148,train,2.6868,0.1872,4.75,0.0000,nan,4787,3258.2,3.035,3.034
5149,train,2.3521,0.3457,3.96,0.0000,nan,3897,3258.7,1.906,1.898
5150,train,3.0565,0.1358,6.91,0.0000,nan,4956,3259.3,4.576,4.564
5151,train,3.0682,0.1298,5.57,0.0000,nan,4878,3259.9,5.137,5.134
5152,train,2.5362,0.3149,3.77,0.0000,nan,5049,3260.5,2.661,2.658
5153,train,3.0774,0.1524,6.81,0.0000,nan,4369,3261.1,5.566,5.560
5154,train,3.9570,0.1043,8.93,0.0000,nan,4440,3261.6,8.859,8.858
5155,train,2.9501,0.2939,4.88,0.0000,nan,5043,3262.2,3.009,3.007
5156,train,4.1206,0.0953,8.48,0.0000,nan,5404,3262.8,6.822,6.784
5157,train,3.2680,0.0320,7.79,0.0000,nan,4749,3263.4,6.528,6.525
5158,train,3.1508,0.1883,9.19,0.0000,nan,4360,3264.0,5.983,5.980
5159,train,2.9575,0.0787,5.74,0.0000,nan,4194,3264.5,4.374,4.372
5160,train,3.4353,0.0390,10.16,0.0000,nan,4230,3265.1,9.095,9.072
5161,train,3.3697,0.1154,7.94,0.0000,nan,4967,3265.7,5.657,5.654
5162,train,3.1418,0.2234,4.97,0.0000,nan,4256,3266.3,4.042,4.021
5163,train,4.2727,0.1116,11.44,0.0000,nan,4094,3266.9,9.497,9.490
5164,train,2.6122,0.2390,5.99,0.0000,nan,4971,3267.4,3.860,3.853
5165,train,2.9598,0.2094,5.72,0.0000,nan,4264,3268.0,2.422,2.413
5166,train,2.5027,0.1918,4.59,0.0000,nan,4410,3268.6,3.003,2.995
5167,train,3.5504,0.0298,9.78,0.0000,nan,4428,3269.2,6.548,6.545
5168,train,3.4307,0.1135,9.12,0.0000,nan,4687,3269.8,7.974,7.969
5169,train,2.5951,0.3711,5.28,0.0000,nan,4400,3270.3,4.126,4.124
5170,train,2.8067,0.2017,5.08,0.0000,nan,4487,3270.9,3.305,3.304
5171,train,2.7692,0.1529,6.19,0.0000,nan,4382,3271.5,4.119,4.113
5172,train,3.2387,0.0832,7.42,0.0000,nan,4373,3272.1,5.046,5.043
5173,train,2.4359,0.1780,4.64,0.0000,nan,4191,3272.6,3.016,3.011
5174,train,2.8815,0.2303,6.41,0.0000,nan,4867,3273.2,5.391,5.381
5175,train,3.5942,0.0807,12.30,0.0000,nan,4979,3273.8,8.133,8.128
5176,train,2.4406,0.2434,5.57,0.0000,nan,4264,3274.4,3.459,3.379
5177,train,2.8019,0.1130,5.83,0.0000,nan,4424,3275.0,3.318,3.312
5178,train,3.0859,0.1448,9.89,0.0000,nan,4606,3275.6,8.661,8.655
5179,train,3.7527,0.0919,8.13,0.0000,nan,4809,3276.1,6.919,6.909
5180,train,2.5698,0.2103,5.08,0.0000,nan,4561,3276.7,3.075,3.068
5181,train,2.6143,0.2151,4.46,0.0000,nan,4733,3277.3,2.862,2.857
5182,train,2.6845,0.2934,5.64,0.0000,nan,4257,3277.9,3.608,3.599
5183,train,3.0862,0.1275,5.86,0.0000,nan,3842,3278.4,3.870,3.850
5184,train,3.1373,0.1601,5.04,0.0000,nan,4411,3279.0,3.337,3.329
5185,train,2.4781,0.2440,4.54,0.0000,nan,4242,3279.6,2.857,2.843
5186,train,2.7491,0.2010,4.80,0.0000,nan,4891,3280.2,3.137,3.120
5187,train,3.4069,0.2802,10.49,0.0000,nan,4550,3280.8,6.845,6.838
5188,train,3.1041,0.0973,7.74,0.0000,nan,5150,3281.3,6.360,6.358
5189,train,3.8280,0.0707,8.43,0.0000,nan,4383,3281.9,6.448,6.444
5190,train,4.0126,0.0542,9.22,0.0000,nan,4798,3282.5,8.015,8.014
5191,train,3.4550,0.1441,9.02,0.0000,nan,5099,3283.1,6.214,6.208
5192,train,2.8082,0.2595,4.69,0.0000,nan,4682,3283.7,4.070,4.062
5193,train,2.7602,0.1686,4.73,0.0000,nan,4959,3284.2,3.599,3.563
5194,train,3.2520,0.1192,9.09,0.0000,nan,4279,3284.8,6.239,6.238
5195,train,3.0005,0.0439,5.95,0.0000,nan,4354,3285.4,5.109,5.107
5196,train,3.0670,0.2306,8.37,0.0000,nan,4583,3286.0,6.434,6.359
5197,train,3.0743,0.1152,6.30,0.0000,nan,4976,3286.6,4.419,4.418
5198,train,3.2272,0.1750,7.07,0.0000,nan,4793,3287.1,6.614,6.609
5199,train,3.2939,0.2113,7.14,0.0000,nan,4426,3287.7,5.884,5.880
5200,train,2.7560,0.3279,4.18,0.0000,nan,4144,3288.3,2.368,2.355
5201,train,4.7015,0.0123,15.38,0.0000,nan,4049,3288.9,13.210,13.205
5202,train,2.7075,0.2554,4.56,0.0000,nan,4667,3289.5,3.710,3.675
5203,train,3.0725,0.0742,7.84,0.0000,nan,4568,3290.0,6.282,6.268
5204,train,2.7248,0.1192,5.31,0.0000,nan,4596,3290.6,4.201,4.196
5205,train,3.3477,0.1469,6.71,0.0000,nan,4977,3291.2,5.562,5.560
5206,train,3.4597,0.1046,6.07,0.0000,nan,4665,3291.8,4.817,4.816
5207,train,3.2682,0.1538,9.14,0.0000,nan,4421,3292.3,8.764,8.762
5208,train,3.7040,0.1429,10.24,0.0000,nan,4128,3292.9,9.759,9.758
5209,train,2.5324,0.2180,4.74,0.0000,nan,4638,3293.5,3.290,3.283
5210,train,3.1563,0.1035,7.02,0.0000,nan,4260,3294.1,5.019,5.018
5211,train,2.6502,0.1936,4.96,0.0000,nan,3992,3294.7,3.926,3.923
5212,train,2.6889,0.2549,4.97,0.0000,nan,4367,3295.2,3.994,3.990
5213,train,3.1948,0.2176,5.80,0.0000,nan,4260,3295.8,5.125,5.124
5214,train,2.4363,0.4018,3.98,0.0000,nan,4136,3296.4,3.123,3.118
5215,train,2.6430,0.1898,5.28,0.0000,nan,4489,3297.0,4.962,4.961
5216,train,2.6987,0.2567,4.52,0.0000,nan,3903,3297.6,2.578,2.572
5217,train,3.6668,0.0831,14.81,0.0000,nan,4610,3298.1,9.708,9.700
5218,train,3.6152,0.1303,10.69,0.0000,nan,5195,3298.7,7.476,7.473
5219,train,3.5424,0.1363,11.79,0.0000,nan,4358,3299.3,8.823,8.818
5220,train,3.7557,0.0576,8.00,0.0000,nan,5241,3299.9,7.107,7.104
5221,train,3.1899,0.1664,6.08,0.0000,nan,4225,3300.4,4.764,4.752
5222,train,2.8519,0.1690,5.72,0.0000,nan,4095,3301.0,4.441,4.430
5223,train,3.0504,0.1844,6.33,0.0000,nan,4312,3301.6,3.835,3.797
5224,train,3.4498,0.0476,7.08,0.0000,nan,4179,3302.2,6.652,6.651
5225,train,3.2194,0.1383,6.10,0.0000,nan,4918,3302.8,4.927,4.924
5226,train,3.9785,0.2348,14.20,0.0000,nan,4992,3303.3,12.778,12.772
5227,train,3.0546,0.1231,9.44,0.0000,nan,5149,3303.9,6.445,6.436
5228,train,3.4304,0.0385,7.20,0.0000,nan,5294,3304.5,5.274,5.273
5229,train,3.8155,0.1461,11.47,0.0000,nan,4612,3305.1,8.565,8.558
5230,train,2.7387,0.1984,5.14,0.0000,nan,4139,3305.7,3.142,3.134
5231,train,2.9978,0.0845,5.97,0.0000,nan,4282,3306.2,3.959,3.955
5232,train,2.9272,0.2556,5.85,0.0000,nan,4727,3306.8,4.390,4.289
5233,train,3.9150,0.1588,13.83,0.0000,nan,4611,3307.4,11.755,11.744
5234,train,3.3902,0.0807,7.83,0.0000,nan,4237,3308.0,7.698,7.684
5235,train,3.8233,0.0153,13.90,0.0000,nan,4646,3308.6,9.646,9.644
5236,train,2.8357,0.1510,6.08,0.0000,nan,4318,3309.1,4.947,4.929
5237,train,2.7815,0.1711,5.03,0.0000,nan,4465,3309.7,2.904,2.901
5238,train,3.0789,0.2200,8.18,0.0000,nan,5467,3310.3,6.546,6.543
5239,train,2.6430,0.2639,4.74,0.0000,nan,4573,3310.9,3.588,3.560
5240,train,2.8242,0.1686,5.32,0.0000,nan,4893,3311.5,3.458,3.455
5241,train,2.9743,0.2680,7.11,0.0000,nan,4892,3312.0,6.771,6.748
5242,train,2.8651,0.3056,7.42,0.0000,nan,4827,3312.6,5.032,4.951
5243,train,2.9040,0.1513,6.02,0.0000,nan,5335,3313.2,4.526,4.518
5244,train,2.7892,0.2190,5.77,0.0000,nan,4453,3313.8,2.755,2.751
5245,train,2.3532,0.3226,3.62,0.0000,nan,4966,3314.4,2.199,2.192
5246,train,3.2239,0.1909,6.34,0.0000,nan,4672,3314.9,4.277,4.276
5247,train,2.6174,0.1845,6.96,0.0000,nan,4222,3315.5,5.798,5.795
5248,train,2.7083,0.1373,5.12,0.0000,nan,4217,3316.1,3.289,3.289
5249,train,2.5875,0.1973,4.90,0.0000,nan,4157,3316.7,2.919,2.899
5250,train,3.8159,0.1541,8.40,0.0000,nan,4840,3317.2,6.095,6.090
5251,train,3.3085,0.2147,5.64,0.0000,nan,4312,3317.8,4.415,4.413
5252,train,2.7942,0.2100,6.23,0.0000,nan,4828,3318.4,3.085,3.082
5253,train,2.5735,0.2491,4.62,0.0000,nan,4308,3319.0,3.181,3.175
5254,train,2.4658,0.2907,4.00,0.0000,nan,4913,3319.6,2.419,2.415
5255,train,3.8825,0.0429,8.60,0.0000,nan,4294,3320.1,5.038,5.031
5256,train,3.4497,0.0778,7.64,0.0000,nan,4784,3320.7,6.661,6.659
5257,train,3.2723,0.0508,10.56,0.0000,nan,4177,3321.3,9.622,9.620
5258,train,3.2328,0.1225,5.71,0.0000,nan,4735,3321.9,4.042,4.033
5259,train,3.0699,0.2187,7.05,0.0000,nan,4572,3322.5,4.651,4.647
5260,train,2.0711,0.3288,3.70,0.0000,nan,4042,3323.0,1.926,1.925
5261,train,3.3539,0.0976,7.51,0.0000,nan,4118,3323.6,5.955,5.952
5262,train,3.0592,0.2069,7.44,0.0000,nan,4461,3324.2,4.612,4.602
5263,train,2.7710,0.2572,5.80,0.0000,nan,4728,3324.8,2.287,2.223
5264,train,2.7237,0.1274,5.78,0.0000,nan,5072,3325.4,3.860,3.854
5265,train,3.1685,0.0860,6.75,0.0000,nan,5151,3325.9,4.714,4.712
5266,train,3.7171,0.0297,7.39,0.0000,nan,4613,3326.5,5.542,5.538
5267,train,2.3889,0.2162,4.92,0.0000,nan,4010,3327.1,3.864,3.862
5268,train,2.6888,0.1848,5.83,0.0000,nan,4269,3327.7,3.787,3.777
5269,train,3.4538,0.0720,6.54,0.0000,nan,4418,3328.3,3.921,3.916
5270,train,2.3918,0.3150,4.01,0.0000,nan,4251,3328.8,2.325,2.305
5271,train,2.9985,0.1479,5.38,0.0000,nan,4903,3329.4,3.786,3.780
5272,train,2.0244,0.3377,3.32,0.0000,nan,4246,3330.0,1.611,1.608
5273,train,3.8437,0.1610,12.15,0.0000,nan,4688,3330.6,11.374,11.369
5274,train,3.5636,0.0374,7.77,0.0000,nan,5076,3331.2,6.792,6.788
5275,train,2.5299,0.2214,4.72,0.0000,nan,4535,3331.7,3.576,3.569
5276,train,2.8869,0.2386,6.20,0.0000,nan,5117,3332.3,4.205,4.192
5277,train,3.7792,0.0925,8.48,0.0000,nan,4160,3332.9,6.861,6.857
5278,train,4.0204,0.0845,13.22,0.0000,nan,4914,3333.5,11.706,11.704
5279,train,2.7170,0.1890,5.02,0.0000,nan,3873,3334.0,3.300,3.296
5280,train,2.5892,0.2694,4.33,0.0000,nan,4239,3334.6,2.484,2.466
5281,train,2.8146,0.1602,4.95,0.0000,nan,4333,3335.2,3.704,3.701
5282,train,2.9661,0.0899,5.49,0.0000,nan,4884,3335.8,4.413,4.405
5283,train,3.2094,0.0920,6.25,0.0000,nan,5099,3336.4,5.706,5.700
5284,train,3.3284,0.1674,7.43,0.0000,nan,4756,3336.9,5.160,5.155
5285,train,3.5502,0.2135,6.77,0.0000,nan,4361,3337.5,5.357,5.341
5286,train,3.6033,0.0800,7.83,0.0000,nan,5364,3338.1,8.287,8.283
5287,train,3.3901,0.1795,8.25,0.0000,nan,4139,3338.7,5.606,5.580
5288,train,2.6753,0.2308,4.46,0.0000,nan,4289,3339.3,2.831,2.830
5289,train,3.7492,0.2073,7.12,0.0000,nan,4395,3339.8,6.261,6.259
5290,train,2.5574,0.2706,4.77,0.0000,nan,4727,3340.4,2.516,2.510
5291,train,2.4273,0.3438,4.29,0.0000,nan,4485,3341.0,3.242,3.236
5292,train,2.9196,0.2675,8.29,0.0000,nan,4329,3341.6,6.625,6.608
5293,train,3.6974,0.1457,12.61,0.0000,nan,5524,3342.2,10.771,10.758
5294,train,3.3378,0.1200,6.92,0.0000,nan,4060,3342.7,4.217,4.204
5295,train,2.7921,0.1166,5.48,0.0000,nan,4571,3343.3,3.861,3.852
5296,train,2.6052,0.2078,5.04,0.0000,nan,4927,3343.9,3.240,3.234
5297,train,3.0925,0.0751,6.43,0.0000,nan,4994,3344.5,4.619,4.617
5298,train,3.1445,0.1637,9.03,0.0000,nan,3781,3345.1,6.719,6.688
5299,train,2.6785,0.1690,4.83,0.0000,nan,4812,3345.6,2.809,2.806
5300,train,3.2342,0.1452,11.37,0.0000,nan,4416,3346.2,9.495,9.483
5301,train,2.6844,0.2470,4.44,0.0000,nan,4575,3346.8,2.424,2.422
5302,train,2.5400,0.2142,4.96,0.0000,nan,4775,3347.4,3.403,3.403
5303,train,3.1294,0.1861,6.01,0.0000,nan,4787,3348.0,3.619,3.612
5304,train,4.0134,0.0296,14.33,0.0000,nan,4560,3348.5,12.758,12.751
5305,train,3.5343,0.1784,8.58,0.0000,nan,5285,3349.1,5.784,5.770
5306,train,3.6945,0.0224,9.08,0.0000,nan,4066,3349.7,7.119,7.117
5307,train,3.2206,0.1075,7.94,0.0000,nan,3943,3350.3,6.189,6.188
5308,train,3.3994,0.1598,12.16,0.0000,nan,4818,3350.9,8.142,8.129
5309,train,3.3991,0.0633,7.92,0.0000,nan,4928,3351.4,6.496,6.493
5310,train,2.7346,0.2448,5.83,0.0000,nan,3893,3352.0,4.044,4.043
5311,train,3.0450,0.0965,6.83,0.0000,nan,4757,3352.6,4.586,4.581
5312,train,2.3004,0.3467,3.52,0.0000,nan,4301,3353.2,1.099,1.088
5313,train,3.0811,0.1422,5.54,0.0000,nan,4305,3353.7,3.752,3.750
5314,train,3.0552,0.2212,6.64,0.0000,nan,4630,3354.3,5.580,5.579
5315,train,3.5149,0.0741,8.25,0.0000,nan,4304,3354.9,5.632,5.629
5316,train,2.3581,0.2258,4.30,0.0000,nan,4283,3355.5,3.479,3.473
5317,train,2.8424,0.1162,5.74,0.0000,nan,4809,3356.1,3.328,3.319
5318,train,3.2972,0.1970,7.81,0.0000,nan,4553,3356.6,6.556,6.554
5319,train,2.8314,0.2539,5.50,0.0000,nan,4845,3357.2,4.768,4.763
5320,train,3.1564,0.1990,6.61,0.0000,nan,4367,3357.8,5.647,5.637
5321,train,2.4498,0.2428,5.59,0.0000,nan,4024,3358.4,4.799,4.796
5322,train,3.1324,0.1216,7.53,0.0000,nan,4744,3359.0,6.022,6.011
5323,train,2.7938,0.2053,6.26,0.0000,nan,4604,3359.5,5.140,5.139
5324,train,2.9422,0.1503,5.76,0.0000,nan,5454,3360.1,4.011,4.003
5325,train,2.9188,0.1418,6.08,0.0000,nan,4027,3360.7,5.185,5.182
5326,train,2.6598,0.2194,5.16,0.0000,nan,4115,3361.3,4.134,4.129
5327,train,2.6812,0.2672,5.12,0.0000,nan,4696,3361.9,3.393,3.386
5328,train,2.2986,0.2559,4.10,0.0000,nan,4311,3362.4,2.150,2.148
5329,train,3.7830,0.1323,9.48,0.0000,nan,4209,3363.0,6.839,6.836
5330,train,3.1492,0.1223,7.34,0.0000,nan,4072,3363.6,6.105,6.103
5331,train,2.7542,0.2845,9.75,0.0000,nan,4626,3364.2,8.422,8.416
5332,train,3.8307,0.2524,10.30,0.0000,nan,4188,3364.8,8.821,8.820
5333,train,2.5802,0.1641,4.93,0.0000,nan,4363,3365.3,3.351,3.349
5334,train,3.0840,0.2968,7.73,0.0000,nan,4212,3365.9,6.269,6.243
5335,train,3.4062,0.0334,7.86,0.0000,nan,4637,3366.5,5.239,5.230
5336,train,2.9359,0.2201,6.59,0.0000,nan,4644,3367.1,4.357,4.348
5337,train,2.5317,0.3219,4.04,0.0000,nan,4563,3367.6,2.516,2.509
5338,train,3.4523,0.2827,8.51,0.0000,nan,4691,3368.2,6.161,6.137
5339,train,2.8531,0.1585,5.65,0.0000,nan,4813,3368.8,3.369,3.368
5340,train,3.1731,0.1985,6.29,0.0000,nan,4700,3369.4,4.223,4.205
5341,train,3.3182,0.1228,7.20,0.0000,nan,4543,3370.0,6.205,6.204
5342,train,3.1013,0.1951,8.22,0.0000,nan,5665,3370.5,6.630,6.622
5343,train,2.5662,0.2877,4.59,0.0000,nan,4133,3371.1,3.324,3.319
5344,train,3.2197,0.1689,7.79,0.0000,nan,4665,3371.7,5.004,4.997
5345,train,2.8724,0.1505,5.26,0.0000,nan,4599,3372.3,4.280,4.278
5346,train,2.4956,0.2401,4.35,0.0000,nan,4590,3372.9,1.872,1.840
5347,train,2.4485,0.3096,4.22,0.0000,nan,4613,3373.4,2.499,2.484
5348,train,3.5393,0.2019,6.77,0.0000,nan,4497,3374.0,4.359,4.352
5349,train,2.4433,0.3768,3.95,0.0000,nan,3861,3374.6,2.503,2.499
5350,train,3.2283,0.1340,8.20,0.0000,nan,4178,3375.2,6.720,6.713
5351,train,2.7624,0.1464,6.67,0.0000,nan,4665,3375.8,5.400,5.392
5352,train,3.2019,0.2482,6.71,0.0000,nan,4827,3376.3,4.383,4.381
5353,train,3.3684,0.1407,10.89,0.0000,nan,4108,3376.9,9.954,9.952
5354,train,3.6038,0.0620,10.62,0.0000,nan,4562,3377.5,8.089,8.086
5355,train,2.8692,0.1082,5.36,0.0000,nan,4826,3378.1,4.605,4.603
5356,train,3.0416,0.0999,7.19,0.0000,nan,4917,3378.7,5.901,5.895
5357,train,2.6509,0.1809,4.98,0.0000,nan,3948,3379.2,3.578,3.577
5358,train,2.9867,0.1673,6.63,0.0000,nan,4991,3379.8,4.755,4.750
5359,train,2.4705,0.2999,3.94,0.0000,nan,4748,3380.4,2.507,2.501
5360,train,2.4579,0.2177,4.44,0.0000,nan,3927,3381.0,2.277,2.273
5361,train,3.9066,0.1332,9.44,0.0000,nan,4519,3381.6,8.434,8.433
5362,train,3.4329,0.0544,8.48,0.0000,nan,4688,3382.1,7.630,7.621
5363,train,2.2456,0.3080,3.89,0.0000,nan,3984,3382.7,2.023,2.020
5364,train,3.0378,0.1929,6.82,0.0000,nan,4252,3383.3,5.248,5.245
5365,train,2.9426,0.2234,6.29,0.0000,nan,4467,3383.9,4.912,4.909
5366,train,2.6278,0.2613,5.02,0.0000,nan,3842,3384.4,4.155,4.150
5367,train,3.6627,0.0391,9.81,0.0000,nan,4957,3385.0,7.843,7.840
5368,train,3.4004,0.0578,7.48,0.0000,nan,4102,3385.6,5.676,5.676
5369,train,3.0924,0.1185,6.11,0.0000,nan,4336,3386.2,4.265,4.265
5370,train,4.1675,0.1449,13.54,0.0000,nan,4183,3386.8,10.823,10.820
5371,train,3.2697,0.0655,7.49,0.0000,nan,5051,3387.3,7.039,7.020
5372,train,2.8762,0.1146,5.95,0.0000,nan,4399,3387.9,4.498,4.496
5373,train,3.1049,0.1690,5.80,0.0000,nan,4368,3388.5,4.686,4.681
5374,train,2.8858,0.2132,6.61,0.0000,nan,4471,3389.1,4.749,4.740
5375,train,4.4436,0.0139,19.45,0.0000,nan,4310,3389.7,16.105,16.101
5376,train,2.3429,0.1948,4.47,0.0000,nan,4030,3390.2,3.134,3.133
5377,train,3.6975,0.0227,11.15,0.0000,nan,3793,3390.8,11.001,10.995
5378,train,2.9979,0.0887,10.80,0.0000,nan,4924,3391.4,9.354,9.337
5379,train,3.3172,0.0976,6.46,0.0000,nan,4477,3392.0,5.745,5.744
5380,train,3.4482,0.0892,6.21,0.0000,nan,3958,3392.5,4.877,4.871
5381,train,2.3740,0.2297,4.93,0.0000,nan,3932,3393.1,4.647,4.643
5382,train,4.2052,0.0438,8.85,0.0000,nan,4751,3393.7,7.214,7.211
5383,train,2.9117,0.1009,6.74,0.0000,nan,4459,3394.3,4.217,4.209
5384,train,2.7353,0.1453,5.53,0.0000,nan,4736,3394.9,3.827,3.824
5385,train,2.5260,0.1996,4.90,0.0000,nan,4284,3395.4,2.615,2.608
5386,train,2.6579,0.2026,5.02,0.0000,nan,4102,3396.0,3.422,3.417
5387,train,3.5477,0.0884,10.59,0.0000,nan,4267,3396.6,9.176,9.162
5388,train,2.9066,0.2440,5.81,0.0000,nan,4598,3397.2,4.173,4.146
5389,train,2.9914,0.0798,6.43,0.0000,nan,4562,3397.8,2.984,2.975
5390,train,2.6895,0.2422,6.09,0.0000,nan,5074,3398.3,4.254,4.239
5391,train,3.0215,0.0831,5.60,0.0000,nan,4162,3398.9,3.395,3.390
5392,train,2.5195,0.1922,4.80,0.0000,nan,4408,3399.5,2.945,2.925
5393,train,2.8178,0.1623,5.19,0.0000,nan,4565,3400.1,3.858,3.855
5394,train,2.8567,0.2279,4.96,0.0000,nan,4580,3400.7,3.547,3.541
5395,train,2.4935,0.2250,5.23,0.0000,nan,4164,3401.2,3.564,3.561
5396,train,3.6007,0.0978,7.61,0.0000,nan,4364,3401.8,6.420,6.411
5397,train,3.0486,0.1056,7.92,0.0000,nan,4383,3402.4,4.728,4.709
5398,train,3.1106,0.1150,6.86,0.0000,nan,4270,3403.0,3.194,3.192
5399,train,2.9940,0.1602,8.82,0.0000,nan,5319,3403.5,7.148,7.143
5400,train,2.5721,0.2388,5.16,0.0000,nan,4355,3404.1,3.639,3.637
5401,train,3.4054,0.1693,11.59,0.0000,nan,4737,3404.7,9.870,9.846
5402,train,2.8130,0.1282,5.27,0.0000,nan,4026,3405.3,3.695,3.687
5403,train,4.4585,0.0994,11.59,0.0000,nan,4015,3405.9,9.872,9.872
5404,train,3.2321,0.1759,10.31,0.0000,nan,4906,3406.4,6.316,6.314
5405,train,2.7721,0.2107,7.58,0.0000,nan,4747,3407.0,4.844,4.835
5406,train,3.6503,0.1090,9.65,0.0000,nan,4301,3407.6,8.389,8.385
5407,train,3.2852,0.1054,8.17,0.0000,nan,4573,3408.2,6.972,6.970
5408,train,3.1897,0.1022,8.30,0.0000,nan,5011,3408.8,5.371,5.368
5409,train,4.2107,0.0327,12.15,0.0000,nan,4336,3409.3,11.523,11.520
5410,train,3.2289,0.0580,6.26,0.0000,nan,4361,3409.9,4.267,4.245
5411,train,2.5612,0.3067,5.75,0.0000,nan,4076,3410.5,3.258,3.249
5412,train,3.5964,0.0946,10.19,0.0000,nan,5283,3411.1,7.843,7.832
5413,train,3.3835,0.1587,7.24,0.0000,nan,4416,3411.7,7.199,7.186
5414,train,2.8218,0.1829,5.59,0.0000,nan,4128,3412.2,4.340,4.316
5415,train,2.8612,0.1315,5.68,0.0000,nan,4645,3412.8,3.944,3.944
5416,train,2.5927,0.3236,4.86,0.0000,nan,4271,3413.4,4.037,4.027
5417,train,3.7500,0.0918,8.89,0.0000,nan,4476,3414.0,8.020,8.003
5418,train,3.0482,0.0944,5.81,0.0000,nan,5316,3414.6,4.187,4.186
5419,train,2.7926,0.1835,5.09,0.0000,nan,4462,3415.1,3.708,3.699
5420,train,3.6346,0.1448,9.22,0.0000,nan,5544,3415.7,7.308,7.307
5421,train,3.1791,0.0974,6.47,0.0000,nan,4406,3416.3,3.520,3.518
5422,train,2.8217,0.1461,6.33,0.0000,nan,4779,3416.9,4.310,4.308
5423,train,2.6347,0.2030,6.15,0.0000,nan,4267,3417.5,3.510,3.486
5424,train,3.3842,0.1288,8.37,0.0000,nan,4091,3418.0,6.351,6.350
5425,train,3.1554,0.0583,6.42,0.0000,nan,4373,3418.6,4.012,4.010
5426,train,3.3982,0.1648,5.96,0.0000,nan,4502,3419.2,3.776,3.762
5427,train,2.8403,0.1175,6.40,0.0000,nan,4443,3419.8,4.200,4.198
5428,train,3.2383,0.1353,8.08,0.0000,nan,4709,3420.3,6.240,6.237
5429,train,2.9100,0.0959,5.60,0.0000,nan,4233,3420.9,3.827,3.827
5430,train,2.9991,0.2369,6.09,0.0000,nan,4074,3421.5,4.346,4.345
5431,train,2.7385,0.1570,9.98,0.0000,nan,4243,3422.1,7.352,7.349
5432,train,3.2777,0.1124,6.93,0.0000,nan,4361,3422.7,4.831,4.820
5433,train,2.6948,0.2757,8.06,0.0000,nan,4331,3423.2,5.661,5.655
5434,train,2.9290,0.1340,10.92,0.0000,nan,4255,3423.8,9.304,9.301
5435,train,5.6191,0.0566,15.62,0.0000,nan,4310,3424.4,14.370,14.360
5436,train,3.5185,0.0877,7.85,0.0000,nan,4457,3425.0,5.114,5.111
5437,train,3.8445,0.0368,9.72,0.0000,nan,4754,3425.6,9.441,9.433
5438,train,3.9321,0.1194,6.72,0.0000,nan,4655,3426.1,5.166,5.161
5439,train,2.6305,0.2008,4.98,0.0000,nan,4189,3426.7,2.854,2.845
5440,train,2.8443,0.2412,6.62,0.0000,nan,4379,3427.3,4.834,4.826
5441,train,3.3401,0.2456,11.76,0.0000,nan,5086,3427.9,10.153,10.149
5442,train,3.0919,0.1441,7.03,0.0000,nan,5280,3428.5,5.294,5.292
5443,train,2.5888,0.2561,4.62,0.0000,nan,4542,3429.0,2.285,2.275
5444,train,2.9069,0.1960,5.00,0.0000,nan,4612,3429.6,3.576,3.567
5445,train,3.1420,0.1604,10.89,0.0000,nan,4519,3430.2,8.215,8.205
5446,train,4.6898,0.0695,13.36,0.0000,nan,4982,3430.8,10.856,10.852
5447,train,3.2282,0.1904,6.46,0.0000,nan,4995,3431.4,5.431,5.430
5448,train,2.8866,0.3010,5.57,0.0000,nan,4492,3431.9,3.664,3.599
5449,train,3.2258,0.0425,7.56,0.0000,nan,4515,3432.5,6.465,6.457
5450,train,2.4452,0.1045,4.91,0.0000,nan,4324,3433.1,3.042,3.040
5451,train,3.1671,0.1181,8.15,0.0000,nan,4588,3433.7,5.598,5.584
5452,train,3.9620,0.0284,8.98,0.0000,nan,3910,3434.2,7.034,7.032
5453,train,2.1722,0.4428,3.12,0.0000,nan,4747,3434.8,2.123,2.113
5454,train,2.8651,0.1285,5.59,0.0000,nan,4172,3435.4,3.867,3.863
5455,train,2.6241,0.3214,7.06,0.0000,nan,4228,3436.0,6.445,6.435
5456,train,2.4174,0.2710,3.96,0.0000,nan,4763,3436.6,1.936,1.927
5457,train,2.6681,0.3413,6.90,0.0000,nan,3967,3437.1,5.143,5.135
5458,train,2.5381,0.2745,4.90,0.0000,nan,4812,3437.7,2.894,2.893
5459,train,4.0199,0.0231,12.68,0.0000,nan,4410,3438.3,10.177,10.176
5460,train,3.5221,0.0476,7.94,0.0000,nan,4541,3438.9,6.355,6.349
5461,train,2.7738,0.2458,6.41,0.0000,nan,4955,3439.5,4.023,4.012
5462,train,3.5131,0.0815,8.06,0.0000,nan,4468,3440.0,5.883,5.879
5463,train,3.6082,0.1684,12.27,0.0000,nan,4726,3440.6,8.065,8.051
5464,train,2.6348,0.2122,9.57,0.0000,nan,4746,3441.2,8.555,8.552
5465,train,2.3751,0.1580,4.35,0.0000,nan,4145,3441.8,2.953,2.951
5466,train,3.0751,0.1105,7.69,0.0000,nan,4870,3442.4,4.782,4.778
5467,train,3.2106,0.1290,6.08,0.0000,nan,4861,3442.9,4.949,4.945
5468,train,2.7338,0.2896,4.80,0.0000,nan,4572,3443.5,2.831,2.823
5469,train,3.1614,0.1350,9.26,0.0000,nan,4593,3444.1,8.416,8.412
5470,train,2.9413,0.1547,7.22,0.0000,nan,4312,3444.7,5.557,5.552
5471,train,2.0941,0.4270,3.19,0.0000,nan,4222,3445.3,2.168,2.158
5472,train,3.9520,0.0536,12.79,0.0000,nan,4886,3445.8,10.992,10.991
5473,train,1.9680,0.2985,3.38,0.0000,nan,4044,3446.4,1.688,1.668
5474,train,2.5527,0.1395,4.83,0.0000,nan,4746,3447.0,4.238,4.237
5475,train,2.9089,0.1501,5.36,0.0000,nan,4958,3447.6,4.178,4.172
5476,train,2.6924,0.1363,4.69,0.0000,nan,4997,3448.2,2.955,2.950
5477,train,2.4616,0.1672,4.75,0.0000,nan,4072,3448.7,3.041,3.033
5478,train,3.9004,0.0735,9.37,0.0000,nan,4641,3449.3,6.996,6.993
5479,train,3.1131,0.0595,7.25,0.0000,nan,4842,3449.9,7.079,7.068
5480,train,3.8496,0.0346,7.81,0.0000,nan,4915,3450.5,6.327,6.322
5481,train,3.5332,0.2235,9.27,0.0000,nan,5377,3451.1,7.240,7.239
5482,train,2.6089,0.1726,5.28,0.0000,nan,4445,3451.6,4.682,4.682
5483,train,3.5181,0.0965,7.93,0.0000,nan,4841,3452.2,5.797,5.784
5484,train,3.4359,0.1568,10.37,0.0000,nan,4707,3452.8,9.012,9.004
5485,train,2.7570,0.1764,6.86,0.0000,nan,4383,3453.4,4.469,4.461
5486,train,4.2012,0.0482,11.99,0.0000,nan,4083,3453.9,10.218,10.214
5487,train,3.2539,0.2255,7.28,0.0000,nan,4221,3454.5,5.097,5.088
5488,train,3.2757,0.1204,7.00,0.0000,nan,4652,3455.1,3.866,3.864
5489,train,2.7010,0.2669,4.63,0.0000,nan,4665,3455.7,3.738,3.719
5490,train,2.9539,0.2213,6.48,0.0000,nan,4144,3456.3,4.831,4.828
5491,train,4.1027,0.1032,13.52,0.0000,nan,4504,3456.8,11.440,11.439
5492,train,2.2413,0.2990,3.96,0.0000,nan,3976,3457.4,2.834,2.832
5493,train,3.3316,0.1379,6.18,0.0000,nan,4966,3458.0,4.884,4.883
5494,train,2.7962,0.2111,5.96,0.0000,nan,4026,3458.6,5.352,5.336
5495,train,2.9741,0.2231,5.50,0.0000,nan,3981,3459.2,4.380,4.378
5496,train,2.3832,0.3087,4.05,0.0000,nan,4836,3459.7,2.594,2.580
5497,train,4.1529,0.1284,9.61,0.0000,nan,4744,3460.3,7.864,7.857
5498,train,2.7969,0.1909,5.91,0.0000,nan,3940,3460.9,3.164,3.146
5499,train,3.3980,0.1540,9.81,0.0000,nan,4404,3461.5,8.363,8.347
5500,train,3.9527,0.0486,10.72,0.0000,nan,4381,3462.1,9.770,9.762
5500,val,3.1696,0.1601,7.47,0.0000,0.00,222066,3489.5,5.779,5.764
5501,train,2.9142,0.1988,5.68,0.0000,nan,4839,3490.7,4.375,4.371
5502,train,3.1049,0.1046,6.46,0.0000,nan,4608,3491.3,4.098,4.090
5503,train,3.2191,0.1229,7.33,0.0000,nan,4387,3491.8,5.720,5.715
5504,train,3.3037,0.1444,8.71,0.0000,nan,4676,3492.4,6.775,6.760
5505,train,3.3332,0.0897,7.22,0.0000,nan,4337,3493.0,4.034,4.015
5506,train,2.9020,0.0894,5.69,0.0000,nan,4141,3493.6,4.316,4.313
5507,train,3.7740,0.1030,7.85,0.0000,nan,4815,3494.2,4.954,4.923
5508,train,2.3740,0.3413,3.98,0.0000,nan,4327,3494.7,2.531,2.515
5509,train,3.4257,0.0607,7.31,0.0000,nan,4363,3495.3,5.763,5.753
5510,train,2.5913,0.1420,4.87,0.0000,nan,4543,3495.9,2.868,2.866
5511,train,4.4003,0.0439,13.02,0.0000,nan,3965,3496.5,11.223,11.217
5512,train,3.2590,0.2377,9.29,0.0000,nan,3668,3497.0,8.676,8.669
5513,train,2.3714,0.2801,4.04,0.0000,nan,4767,3497.6,1.975,1.970
5514,train,3.2179,0.1402,10.76,0.0000,nan,5013,3498.2,6.982,6.971
5515,train,2.5500,0.1674,4.71,0.0000,nan,4485,3498.8,3.270,3.267
5516,train,2.6225,0.1805,4.44,0.0000,nan,4300,3499.4,3.548,3.537
5517,train,3.2194,0.1562,6.89,0.0000,nan,5058,3499.9,4.174,4.151
5518,train,2.7326,0.2184,4.71,0.0000,nan,4574,3500.5,3.461,3.450
5519,train,2.2926,0.2641,4.02,0.0000,nan,4756,3501.1,2.213,2.204
5520,train,3.6757,0.1097,9.13,0.0000,nan,4147,3501.7,9.645,9.639
5521,train,2.8714,0.1922,4.73,0.0000,nan,4063,3502.2,3.560,3.558
5522,train,2.4297,0.2943,4.21,0.0000,nan,5009,3502.8,2.842,2.838
5523,train,2.3460,0.2571,4.02,0.0000,nan,4084,3503.4,2.071,2.063
5524,train,3.1242,0.1515,6.61,0.0000,nan,4337,3504.0,4.680,4.673
5525,train,3.8406,0.1617,12.88,0.0000,nan,5453,3504.6,11.362,11.356
5526,train,2.3198,0.3182,3.85,0.0000,nan,3982,3505.1,2.260,2.255
5527,train,3.0025,0.2695,7.79,0.0000,nan,4556,3505.7,6.533,6.512
5528,train,2.5817,0.1576,4.95,0.0000,nan,4339,3506.3,2.877,2.874
5529,train,2.6745,0.2057,7.07,0.0000,nan,4438,3506.9,2.862,2.832
5530,train,3.1802,0.1490,7.51,0.0000,nan,4408,3507.4,5.281,5.277
5531,train,2.5100,0.3422,3.81,0.0000,nan,4307,3508.0,2.096,2.064
5532,train,2.7476,0.1260,5.05,0.0000,nan,4682,3508.6,3.502,3.496
5533,train,3.4988,0.1031,9.08,0.0000,nan,3813,3509.2,7.775,7.774
5534,train,2.6132,0.2772,4.33,0.0000,nan,4332,3509.8,3.033,3.026
5535,train,2.4490,0.1514,4.44,0.0000,nan,4267,3510.3,3.412,3.409
5536,train,2.6242,0.1920,6.40,0.0000,nan,4926,3510.9,5.234,5.230
5537,train,3.1708,0.1766,6.49,0.0000,nan,4513,3511.5,5.062,5.060
5538,train,3.3104,0.2203,8.31,0.0000,nan,4521,3512.1,6.367,6.366
5539,train,3.9105,0.0939,7.46,0.0000,nan,4387,3512.6,5.995,5.992
5540,train,2.8561,0.2323,5.20,0.0000,nan,4313,3513.2,3.700,3.697
5541,train,2.3425,0.3398,3.69,0.0000,nan,5371,3513.8,2.963,2.963
5542,train,2.6862,0.1990,4.57,0.0000,nan,4548,3514.4,3.289,3.286
5543,train,2.5693,0.2563,4.29,0.0000,nan,5107,3515.0,2.039,2.018
5544,train,3.6770,0.1356,9.54,0.0000,nan,4851,3515.5,7.453,7.448
5545,train,3.0953,0.1649,8.03,0.0000,nan,4816,3516.1,7.228,7.218
5546,train,3.8058,0.1068,8.59,0.0000,nan,4822,3516.7,8.434,8.433
5547,train,3.1496,0.1018,6.25,0.0000,nan,4725,3517.3,4.386,4.378
5548,train,3.4009,0.0850,8.96,0.0000,nan,5438,3517.9,7.129,7.117
5549,train,2.7662,0.2209,5.79,0.0000,nan,4532,3518.4,4.252,4.250
5550,train,3.3914,0.2084,6.71,0.0000,nan,3973,3519.0,4.653,4.648
5551,train,3.0114,0.1303,10.87,0.0000,nan,4942,3519.6,9.105,9.101
5552,train,3.1539,0.0983,6.07,0.0000,nan,3905,3520.2,5.142,5.141
5553,train,3.1430,0.1431,6.73,0.0000,nan,4949,3520.7,5.648,5.642
5554,train,2.8140,0.1480,5.80,0.0000,nan,4041,3521.3,3.071,3.067
5555,train,3.7781,0.0719,11.76,0.0000,nan,4575,3521.9,10.901,10.890
5556,train,3.3230,0.1457,6.70,0.0000,nan,4819,3522.5,5.076,5.074
5557,train,4.3960,0.0036,14.65,0.0000,nan,4777,3523.1,13.497,13.495
5558,train,3.3112,0.0327,8.87,0.0000,nan,4409,3523.6,7.108,7.107
5559,train,2.4761,0.3201,3.93,0.0000,nan,3996,3524.2,2.657,2.651
5560,train,2.7948,0.2077,5.25,0.0000,nan,5464,3524.8,3.647,3.634
5561,train,2.7455,0.1398,6.64,0.0000,nan,4792,3525.4,5.412,5.408
5562,train,3.7898,0.1560,10.69,0.0000,nan,4948,3526.0,8.695,8.677
5563,train,2.3042,0.2289,4.45,0.0000,nan,5374,3526.5,3.459,3.456
5564,train,2.7362,0.2430,5.51,0.0000,nan,4379,3527.1,4.157,4.155
5565,train,4.1350,0.0367,11.99,0.0000,nan,4276,3527.7,11.017,11.016
5566,train,2.3375,0.1908,4.39,0.0000,nan,4391,3528.3,2.699,2.696
5567,train,2.9713,0.1404,10.26,0.0000,nan,3890,3528.8,8.752,8.746
5568,train,2.9993,0.1222,7.42,0.0000,nan,4721,3529.4,4.643,4.642
5569,train,2.7343,0.2142,5.44,0.0000,nan,3865,3530.0,3.965,3.964
5570,train,3.4260,0.1814,6.93,0.0000,nan,5342,3530.6,3.998,3.968
5571,train,3.6783,0.0388,8.34,0.0000,nan,4923,3531.2,4.504,4.489
5572,train,4.4141,0.0576,13.99,0.0000,nan,4516,3531.7,12.533,12.522
5573,train,3.3179,0.2117,11.36,0.0000,nan,4411,3532.3,9.786,9.779
5574,train,2.1348,0.3386,3.57,0.0000,nan,4796,3532.9,2.113,2.103
5575,train,2.3031,0.2672,4.01,0.0000,nan,4816,3533.5,1.932,1.917
5576,train,3.2397,0.1360,8.54,0.0000,nan,5141,3534.0,5.907,5.892
5577,train,3.6843,0.1393,9.94,0.0000,nan,4300,3534.6,9.783,9.781
5578,train,3.2019,0.1297,6.06,0.0000,nan,4356,3535.2,4.624,4.623
5579,train,3.0672,0.0861,5.69,0.0000,nan,5087,3535.8,3.804,3.800
5580,train,3.6952,0.1352,6.59,0.0000,nan,4676,3536.4,4.609,4.599
5581,train,3.8539,0.1583,15.50,0.0000,nan,4151,3536.9,14.874,14.869
5582,train,3.0216,0.1139,7.83,0.0000,nan,4126,3537.5,5.734,5.731
5583,train,2.4050,0.3445,4.19,0.0000,nan,4212,3538.1,1.807,1.798
5584,train,3.1304,0.0824,7.78,0.0000,nan,4733,3538.7,4.442,4.426
5585,train,3.2055,0.1791,7.96,0.0000,nan,4853,3539.3,6.264,6.254
5586,train,3.7786,0.1178,13.69,0.0000,nan,4075,3539.8,12.066,12.065
5587,train,2.8212,0.1728,5.16,0.0000,nan,5064,3540.4,2.785,2.777
5588,train,2.8853,0.1079,5.08,0.0000,nan,4226,3541.0,3.283,3.281
5589,train,3.0906,0.1541,5.84,0.0000,nan,4153,3541.6,3.714,3.693
5590,train,2.4656,0.1655,4.63,0.0000,nan,4212,3542.1,3.046,3.040
5591,train,4.2118,0.0129,14.54,0.0000,nan,4182,3542.7,13.561,13.558
5592,train,2.5502,0.3158,8.83,0.0000,nan,4322,3543.3,7.439,7.394
5593,train,3.5458,0.0973,7.93,0.0000,nan,4338,3543.9,6.171,6.168
5594,train,2.6291,0.2242,6.28,0.0000,nan,4330,3544.4,4.627,4.623
5595,train,3.1504,0.1619,6.25,0.0000,nan,3965,3545.0,3.090,3.088
5596,train,3.4133,0.1175,11.39,0.0000,nan,5270,3545.6,10.147,10.139
5597,train,3.0254,0.1434,7.26,0.0000,nan,4448,3546.2,4.272,4.267
5598,train,2.9724,0.1927,5.26,0.0000,nan,3860,3546.8,4.377,4.369
5599,train,2.5674,0.1713,5.00,0.0000,nan,3783,3547.3,3.309,3.290
5600,train,2.3557,0.3057,3.95,0.0000,nan,4543,3547.9,2.184,2.174
5601,train,2.3650,0.2316,4.36,0.0000,nan,4270,3548.5,2.298,2.269
5602,train,3.1063,0.1176,5.78,0.0000,nan,5007,3549.1,3.106,3.103
5603,train,3.6128,0.1498,15.41,0.0000,nan,4379,3549.6,13.440,13.436
5604,train,2.9990,0.1387,9.03,0.0000,nan,4549,3550.2,8.161,8.146
5605,train,3.2662,0.2241,7.02,0.0000,nan,4743,3550.8,5.263,5.252
5606,train,2.8032,0.1347,6.65,0.0000,nan,4958,3551.4,4.277,4.272
5607,train,2.8714,0.0973,5.79,0.0000,nan,4625,3552.0,4.169,4.164
5608,train,2.2360,0.3010,4.02,0.0000,nan,3967,3552.5,2.451,2.448
5609,train,2.7568,0.1473,5.38,0.0000,nan,4113,3553.1,3.658,3.654
5610,train,3.6971,0.1248,7.12,0.0000,nan,4574,3553.7,5.905,5.889
5611,train,3.3666,0.0703,8.34,0.0000,nan,4764,3554.3,6.850,6.843
5612,train,2.9702,0.0646,6.55,0.0000,nan,3625,3554.8,4.700,4.680
5613,train,4.0727,0.0287,10.79,0.0000,nan,4493,3555.4,9.565,9.562
5614,train,3.2601,0.1555,6.91,0.0000,nan,4979,3556.0,6.259,6.256
5615,train,4.3158,0.0098,11.51,0.0000,nan,4780,3556.6,9.690,9.677
5616,train,3.0349,0.1428,7.19,0.0000,nan,4810,3557.2,5.073,5.066
5617,train,3.1448,0.0646,6.10,0.0000,nan,4132,3557.7,4.386,4.382
5618,train,2.1674,0.4237,3.65,0.0000,nan,4236,3558.3,2.246,2.236
5619,train,2.4573,0.3194,4.83,0.0000,nan,4581,3558.9,3.538,3.535
5620,train,3.2223,0.1875,10.59,0.0000,nan,4762,3559.5,5.375,5.358
5621,train,3.3512,0.1402,6.00,0.0000,nan,4729,3560.0,5.721,5.720
5622,train,2.9927,0.2047,5.58,0.0000,nan,4474,3560.6,3.331,3.328
5623,train,2.4437,0.3237,4.24,0.0000,nan,3840,3561.2,2.970,2.936
5624,train,3.3463,0.0985,6.39,0.0000,nan,4294,3561.8,5.493,5.484
5625,train,3.1112,0.2068,8.66,0.0000,nan,4907,3562.4,5.836,5.828
5626,train,2.6667,0.2006,5.33,0.0000,nan,4482,3562.9,4.168,4.160
5627,train,3.3634,0.1426,7.81,0.0000,nan,4705,3563.5,5.776,5.774
5628,train,3.0968,0.2007,6.85,0.0000,nan,4454,3564.1,5.438,5.427
5629,train,3.0139,0.1715,5.86,0.0000,nan,4052,3564.7,4.471,4.462
5630,train,3.0390,0.0791,5.69,0.0000,nan,4071,3565.3,4.194,4.187
5631,train,3.1817,0.0615,8.49,0.0000,nan,4729,3565.8,6.870,6.861
5632,train,3.4467,0.0789,6.72,0.0000,nan,4020,3566.4,5.008,5.005
5633,train,3.1410,0.0978,6.75,0.0000,nan,5074,3567.0,4.036,4.031
5634,train,2.8345,0.1627,5.99,0.0000,nan,4295,3567.6,4.489,4.481
5635,train,3.2519,0.0428,6.40,0.0000,nan,4692,3568.1,5.062,5.058
5636,train,2.5703,0.2327,4.59,0.0000,nan,4482,3568.7,3.760,3.757
5637,train,3.0612,0.2654,6.51,0.0000,nan,4114,3569.3,3.760,3.757
5638,train,2.4881,0.2844,4.33,0.0000,nan,4392,3569.9,2.249,2.237
5639,train,3.4248,0.1510,7.61,0.0000,nan,4444,3570.5,5.073,5.062
5640,train,2.7009,0.1463,4.74,0.0000,nan,4428,3571.0,3.741,3.741
5641,train,2.9627,0.1129,5.98,0.0000,nan,4696,3571.6,4.166,4.137
5642,train,2.7352,0.1712,5.28,0.0000,nan,4142,3572.2,3.462,3.459
5643,train,3.5314,0.0611,7.83,0.0000,nan,3879,3572.8,5.990,5.984
5644,train,2.5334,0.2110,5.95,0.0000,nan,4806,3573.4,3.945,3.936
5645,train,2.9290,0.1648,5.20,0.0000,nan,4527,3573.9,4.190,4.172
5646,train,2.8613,0.1842,6.49,0.0000,nan,3859,3574.5,2.762,2.692
5647,train,3.4229,0.0934,6.94,0.0000,nan,4892,3575.1,6.454,6.449
5648,train,2.8237,0.2043,4.83,0.0000,nan,5359,3575.7,2.711,2.646
5649,train,2.7883,0.1866,6.08,0.0000,nan,4694,3576.2,4.341,4.335
5650,train,2.8522,0.1520,7.22,0.0000,nan,4171,3576.8,5.139,5.136
5651,train,2.9057,0.2402,9.92,0.0000,nan,4809,3577.4,7.905,7.897
5652,train,2.6807,0.1809,4.74,0.0000,nan,4157,3578.0,2.905,2.901
5653,train,3.9361,0.0105,12.90,0.0000,nan,3910,3578.6,12.771,12.769
5654,train,2.4800,0.3596,5.19,0.0000,nan,4180,3579.1,3.623,3.570
5655,train,3.0964,0.1483,6.18,0.0000,nan,5072,3579.7,4.423,4.419
5656,train,2.4738,0.1654,4.74,0.0000,nan,3985,3580.3,2.965,2.962
5657,train,3.4593,0.1412,8.84,0.0000,nan,4299,3580.9,7.079,7.075
5658,train,2.7648,0.1323,5.53,0.0000,nan,4461,3581.5,4.408,4.408
5659,train,3.4075,0.0433,6.40,0.0000,nan,5571,3582.0,5.686,5.685
5660,train,2.8649,0.1319,6.00,0.0000,nan,4770,3582.6,3.976,3.973
5661,train,3.4117,0.0741,7.18,0.0000,nan,4884,3583.2,7.055,7.034
5662,train,2.9258,0.0719,6.26,0.0000,nan,3906,3583.8,4.123,4.122
5663,train,3.0833,0.2343,10.07,0.0000,nan,4289,3584.4,10.526,10.513
5664,train,2.7698,0.2821,4.47,0.0000,nan,4991,3584.9,2.811,2.801
5665,train,2.7854,0.2003,5.17,0.0000,nan,4479,3585.5,3.457,3.454
5666,train,3.0549,0.1054,7.18,0.0000,nan,4404,3586.1,4.643,4.641
5667,train,2.4207,0.2010,5.66,0.0000,nan,4568,3586.7,2.948,2.822
5668,train,4.4282,0.1316,12.30,0.0000,nan,3867,3587.3,10.198,10.192
5669,train,3.3378,0.1936,6.01,0.0000,nan,4189,3587.8,3.259,3.206
5670,train,3.4521,0.0951,11.99,0.0000,nan,4428,3588.4,10.341,10.316
5671,train,2.9626,0.2135,6.64,0.0000,nan,4848,3589.0,4.619,4.611
5672,train,2.8995,0.1678,5.94,0.0000,nan,4762,3589.6,3.889,3.877
5673,train,2.7894,0.1362,5.39,0.0000,nan,4434,3590.1,3.698,3.686
5674,train,2.8432,0.1649,7.88,0.0000,nan,4535,3590.7,5.068,5.065
5675,train,2.7958,0.3232,6.24,0.0000,nan,5028,3591.3,5.249,5.239
5676,train,2.4378,0.1819,4.18,0.0000,nan,4773,3591.9,2.464,2.464
5677,train,3.5321,0.1728,7.55,0.0000,nan,5196,3592.5,6.301,6.299
5678,train,3.5034,0.0708,9.36,0.0000,nan,4409,3593.0,6.591,6.581
5679,train,3.2813,0.1059,6.48,0.0000,nan,4571,3593.6,5.161,5.156
5680,train,2.2115,0.3651,3.68,0.0000,nan,5401,3594.2,2.655,2.652
5681,train,2.3420,0.2227,4.88,0.0000,nan,4508,3594.8,3.027,3.022
5682,train,2.5145,0.2520,6.01,0.0000,nan,4563,3595.4,3.968,3.965
5683,train,3.5567,0.1507,14.28,0.0000,nan,4825,3595.9,10.214,10.187
5684,train,3.0320,0.1702,6.30,0.0000,nan,4500,3596.5,5.476,5.471
5685,train,2.8916,0.1598,5.83,0.0000,nan,4793,3597.1,4.891,4.889
5686,train,2.5841,0.1941,4.15,0.0000,nan,3853,3597.7,3.004,3.003
5687,train,2.8308,0.2097,5.88,0.0000,nan,4592,3598.3,3.893,3.881
5688,train,2.9514,0.1772,5.20,0.0000,nan,4903,3598.8,4.010,3.999
5689,train,2.8418,0.3444,5.91,0.0000,nan,4965,3599.4,4.937,4.922
5690,train,3.4720,0.0319,7.52,0.0000,nan,5020,3600.0,6.915,6.913
5691,train,3.5104,0.0990,8.03,0.0000,nan,4645,3600.6,6.735,6.733
5692,train,1.9508,0.4219,3.00,0.0000,nan,4321,3601.2,1.802,1.789
5693,train,3.4029,0.0677,6.75,0.0000,nan,5037,3601.7,5.026,5.021
5694,train,3.3816,0.0586,6.53,0.0000,nan,4690,3602.3,4.766,4.765
5695,train,2.6472,0.3205,8.69,0.0000,nan,4400,3602.9,6.084,6.055
5696,train,3.6253,0.0279,9.71,0.0000,nan,4443,3603.5,5.467,5.451
5697,train,3.3787,0.0706,8.38,0.0000,nan,4657,3604.0,8.500,8.493
5698,train,2.1230,0.3596,4.67,0.0000,nan,4241,3604.6,2.081,2.076
5699,train,3.4357,0.0490,9.68,0.0000,nan,4588,3605.2,7.097,7.092
5700,train,3.4254,0.1792,8.22,0.0000,nan,5429,3605.8,7.126,7.121
5701,train,2.5531,0.2348,5.25,0.0000,nan,4353,3606.4,4.545,4.535
5702,train,3.9330,0.1849,9.50,0.0000,nan,4728,3606.9,8.852,8.850
5703,train,2.6740,0.1995,7.96,0.0000,nan,4070,3607.5,5.670,5.663
5704,train,2.3026,0.3264,3.98,0.0000,nan,4354,3608.1,2.577,2.568
5705,train,2.7859,0.2377,5.13,0.0000,nan,4472,3608.7,3.338,3.335
5706,train,3.4762,0.0373,7.80,0.0000,nan,4661,3609.3,6.172,6.167
5707,train,2.9520,0.1269,5.24,0.0000,nan,4413,3609.8,3.067,3.064
5708,train,3.8700,0.1334,10.72,0.0000,nan,4864,3610.4,7.822,7.819
5709,train,3.0253,0.1132,6.51,0.0000,nan,4761,3611.0,4.515,4.512
5710,train,2.6781,0.1209,4.99,0.0000,nan,4747,3611.6,2.957,2.946
5711,train,3.3107,0.1372,9.80,0.0000,nan,5858,3612.2,7.105,7.097
5712,train,3.2310,0.2459,8.97,0.0000,nan,3826,3612.7,6.851,6.846
5713,train,2.0586,0.3328,3.51,0.0000,nan,4402,3613.3,3.005,2.999
5714,train,3.3215,0.0444,6.40,0.0000,nan,4258,3613.9,4.962,4.959
5715,train,1.9414,0.3879,3.22,0.0000,nan,4225,3614.5,1.568,1.561
5716,train,3.1301,0.1181,6.11,0.0000,nan,4803,3615.1,4.567,4.564
5717,train,2.1543,0.3670,3.71,0.0000,nan,4297,3615.6,1.912,1.903
5718,train,2.4953,0.1809,4.52,0.0000,nan,4156,3616.2,3.088,3.076
5719,train,3.0256,0.2669,8.07,0.0000,nan,4425,3616.8,5.578,5.565
5720,train,2.7566,0.1633,6.17,0.0000,nan,4643,3617.4,3.983,3.974
5721,train,2.9788,0.2476,5.54,0.0000,nan,4213,3617.9,3.744,3.737
5722,train,2.3784,0.2435,4.19,0.0000,nan,4332,3618.5,2.461,2.447
5723,train,2.7218,0.1198,6.80,0.0000,nan,4267,3619.1,3.706,3.703
5724,train,2.8131,0.2285,5.26,0.0000,nan,4341,3619.7,3.156,3.153
5725,train,2.2140,0.3915,3.40,0.0000,nan,4314,3620.3,1.905,1.887
5726,train,3.0277,0.0907,7.55,0.0000,nan,4496,3620.8,6.480,6.478
5727,train,2.0901,0.3242,3.59,0.0000,nan,4241,3621.4,1.288,1.283
5728,train,3.0326,0.1153,7.27,0.0000,nan,4831,3622.0,4.905,4.894
5729,train,3.9195,0.0298,12.86,0.0000,nan,3822,3622.6,11.004,10.997
5730,train,2.2366,0.2643,3.99,0.0000,nan,4242,3623.1,2.615,2.608
5731,train,2.4899,0.3400,4.83,0.0000,nan,4653,3623.7,2.630,2.622
5732,train,2.6903,0.2804,4.51,0.0000,nan,3951,3624.3,3.350,3.339
5733,train,3.5557,0.0600,9.22,0.0000,nan,4482,3624.9,7.751,7.749
5734,train,2.2955,0.2556,3.87,0.0000,nan,4707,3625.5,2.362,2.358
5735,train,2.7131,0.2453,6.94,0.0000,nan,4766,3626.0,5.460,5.455
5736,train,3.4227,0.1848,12.43,0.0000,nan,5033,3626.6,8.649,8.580
5737,train,3.2900,0.1499,7.72,0.0000,nan,5370,3627.2,7.391,7.380
5738,train,3.3600,0.0912,6.70,0.0000,nan,4570,3627.8,5.657,5.655
5739,train,3.3661,0.1619,7.32,0.0000,nan,4385,3628.4,5.790,5.787
5740,train,2.5256,0.2313,5.53,0.0000,nan,3969,3628.9,2.642,2.637
5741,train,4.3572,0.0582,9.09,0.0000,nan,4452,3629.5,7.864,7.862
5742,train,2.4837,0.2076,5.35,0.0000,nan,4576,3630.1,2.822,2.804
5743,train,2.2729,0.2834,3.80,0.0000,nan,4062,3630.7,2.539,2.534
5744,train,2.8474,0.1880,6.05,0.0000,nan,5129,3631.3,2.009,2.005
5745,train,3.0573,0.1401,6.06,0.0000,nan,4497,3631.8,4.540,4.537
5746,train,2.5499,0.1553,4.77,0.0000,nan,4886,3632.4,2.657,2.650
5747,train,2.2889,0.3434,4.67,0.0000,nan,4187,3633.0,2.780,2.774
5748,train,3.0915,0.0848,5.89,0.0000,nan,4519,3633.6,4.582,4.576
5749,train,3.6727,0.0512,10.73,0.0000,nan,4998,3634.1,9.063,9.057
5750,train,3.4876,0.0368,7.52,0.0000,nan,4461,3634.7,6.156,6.149
5751,train,2.7450,0.2593,5.76,0.0000,nan,5518,3635.3,5.169,5.165
5752,train,3.7950,0.0459,9.10,0.0000,nan,4746,3635.9,6.970,6.966
5753,train,2.5273,0.2769,4.40,0.0000,nan,5106,3636.5,2.983,2.980
5754,train,2.4925,0.1850,4.84,0.0000,nan,4114,3637.0,3.209,3.200
5755,train,2.5771,0.2775,4.32,0.0000,nan,4934,3637.6,2.436,2.433
5756,train,3.2062,0.0324,9.96,0.0000,nan,4604,3638.2,5.959,5.941
5757,train,3.7616,0.1502,9.11,0.0000,nan,4354,3638.8,8.416,8.415
5758,train,3.9243,0.1211,15.28,0.0000,nan,3997,3639.4,12.252,12.251
5759,train,3.2221,0.1684,7.15,0.0000,nan,4471,3639.9,5.650,5.625
5760,train,3.9598,0.0287,8.98,0.0000,nan,4667,3640.5,6.100,6.097
5761,train,3.4131,0.0581,11.13,0.0000,nan,4615,3641.1,9.247,9.229
5762,train,3.4725,0.1655,10.39,0.0000,nan,5155,3641.7,10.387,10.381
5763,train,3.2912,0.1641,12.42,0.0000,nan,4704,3642.3,11.823,11.815
5764,train,3.0305,0.0485,7.13,0.0000,nan,4248,3642.8,6.669,6.657
5765,train,3.7967,0.0620,8.88,0.0000,nan,4627,3643.4,7.300,7.295
5766,train,2.9925,0.1003,6.67,0.0000,nan,5007,3644.0,5.259,5.251
5767,train,3.6354,0.1334,11.40,0.0000,nan,4349,3644.6,9.158,9.154
5768,train,3.5894,0.1656,6.77,0.0000,nan,4107,3645.2,6.296,6.286
5769,train,2.7161,0.1148,5.81,0.0000,nan,3963,3645.7,4.465,4.461
5770,train,2.7325,0.3011,5.75,0.0000,nan,3793,3646.3,4.261,4.260
5771,train,4.0272,0.1333,8.85,0.0000,nan,5445,3646.9,7.440,7.435
5772,train,2.3881,0.2681,4.32,0.0000,nan,4611,3647.5,3.285,3.284
5773,train,3.5116,0.0934,8.70,0.0000,nan,4145,3648.0,8.123,8.117
5774,train,3.3944,0.0409,9.17,0.0000,nan,5260,3648.6,5.433,5.427
5775,train,3.7934,0.0344,11.98,0.0000,nan,4763,3649.2,9.050,9.044
5776,train,3.6325,0.1127,7.81,0.0000,nan,4427,3649.8,6.637,6.632
5777,train,2.3217,0.4130,3.46,0.0000,nan,4736,3650.4,2.289,2.283
5778,train,2.9621,0.1867,5.14,0.0000,nan,4027,3650.9,3.060,3.038
5779,train,3.2018,0.1706,9.85,0.0000,nan,4964,3651.5,6.123,6.110
5780,train,2.4664,0.4151,3.69,0.0000,nan,4763,3652.1,2.126,2.109
5781,train,3.3860,0.0647,6.12,0.0000,nan,3740,3652.7,4.333,4.324
5782,train,3.4336,0.3200,5.98,0.0000,nan,4203,3653.3,6.253,6.248
5783,train,2.8044,0.1712,5.36,0.0000,nan,4458,3653.8,3.628,3.611
5784,train,3.8804,0.1695,14.03,0.0000,nan,4402,3654.4,11.579,11.577
5785,train,3.8891,0.0936,10.32,0.0000,nan,4561,3655.0,6.636,6.624
5786,train,2.5531,0.4189,4.27,0.0000,nan,4347,3655.6,2.933,2.924
5787,train,2.4544,0.3453,4.75,0.0000,nan,4298,3656.2,3.926,3.914
5788,train,3.1677,0.1997,6.06,0.0000,nan,4897,3656.7,4.670,4.666
5789,train,3.8718,0.1370,8.82,0.0000,nan,4758,3657.3,7.103,7.100
5790,train,2.4302,0.2509,4.32,0.0000,nan,3969,3657.9,4.059,4.035
5791,train,4.0953,0.0528,8.21,0.0000,nan,4738,3658.5,7.941,7.936
5792,train,3.0321,0.1635,6.25,0.0000,nan,4441,3659.0,4.882,4.876
5793,train,3.3330,0.0620,7.87,0.0000,nan,4336,3659.6,7.449,7.445
5794,train,3.0653,0.0528,5.68,0.0000,nan,4656,3660.2,4.113,4.111
5795,train,2.2948,0.2824,4.64,0.0000,nan,4391,3660.8,2.334,2.325
5796,train,2.6265,0.2350,5.31,0.0000,nan,4967,3661.4,3.351,3.347
5797,train,3.5414,0.1647,7.94,0.0000,nan,4487,3661.9,6.807,6.804
5798,train,3.0068,0.1346,7.52,0.0000,nan,4435,3662.5,5.353,5.344
5799,train,3.0572,0.1364,6.70,0.0000,nan,3915,3663.1,4.619,4.612
5800,train,2.6620,0.1400,7.95,0.0000,nan,4180,3663.7,6.278,6.270
5801,train,2.5078,0.2327,4.70,0.0000,nan,4671,3664.3,3.720,3.689
5802,train,3.3905,0.0748,11.85,0.0000,nan,4681,3664.8,10.005,10.000
5803,train,3.5607,0.0886,13.83,0.0000,nan,4716,3665.4,9.870,9.853
5804,train,2.4734,0.2474,4.29,0.0000,nan,4495,3666.0,2.113,2.106
5805,train,3.8477,0.1545,9.84,0.0000,nan,4085,3666.6,8.529,8.495
5806,train,2.4077,0.3221,4.08,0.0000,nan,4461,3667.2,2.445,2.443
5807,train,2.9000,0.2378,6.38,0.0000,nan,4719,3667.7,4.256,4.200
5808,train,4.5475,0.0522,11.98,0.0000,nan,4542,3668.3,10.112,10.109
5809,train,2.3812,0.4126,3.44,0.0000,nan,4416,3668.9,1.780,1.735
5810,train,3.2050,0.1548,8.44,0.0000,nan,4012,3669.5,7.484,7.483
5811,train,2.9804,0.1278,6.44,0.0000,nan,4360,3670.0,5.707,5.691
5812,train,3.2322,0.0648,8.11,0.0000,nan,4352,3670.6,4.446,4.443
5813,train,2.9760,0.0893,5.78,0.0000,nan,4467,3671.2,5.181,5.179
5814,train,2.6451,0.1362,4.95,0.0000,nan,4712,3671.8,3.258,3.253
5815,train,4.0879,0.0255,12.43,0.0000,nan,4515,3672.4,9.573,9.567
5816,train,2.8071,0.1949,6.08,0.0000,nan,4536,3672.9,4.419,4.413
5817,train,3.3633,0.1288,8.58,0.0000,nan,4790,3673.5,6.562,6.555
5818,train,4.2982,0.1097,10.45,0.0000,nan,4677,3674.1,7.649,7.642
5819,train,3.6932,0.1578,9.07,0.0000,nan,4873,3674.7,6.092,6.085
5820,train,2.5119,0.2162,4.70,0.0000,nan,4630,3675.3,2.929,2.923
5821,train,3.3339,0.1093,7.99,0.0000,nan,5177,3675.8,5.309,5.296
5822,train,4.7528,0.0362,10.98,0.0000,nan,5004,3676.4,9.302,9.300
5823,train,3.2732,0.1595,6.54,0.0000,nan,4703,3677.0,5.631,5.630
5824,train,2.9797,0.0983,6.33,0.0000,nan,4355,3677.6,5.256,5.255
5825,train,3.0359,0.1266,5.96,0.0000,nan,4588,3678.2,3.857,3.851
5826,train,2.8509,0.1935,6.50,0.0000,nan,4497,3678.7,5.197,5.179
5827,train,3.4604,0.1472,8.12,0.0000,nan,4966,3679.3,6.306,6.295
5828,train,2.3841,0.3114,3.75,0.0000,nan,4457,3679.9,2.206,2.199
5829,train,2.3952,0.2609,4.11,0.0000,nan,4718,3680.5,2.071,2.059
5830,train,3.0357,0.2072,7.05,0.0000,nan,4608,3681.1,6.246,6.233
5831,train,2.7184,0.1895,5.58,0.0000,nan,4903,3681.6,4.042,4.041
5832,train,2.9954,0.2282,6.97,0.0000,nan,4755,3682.2,6.735,6.728
5833,train,2.4411,0.2647,4.84,0.0000,nan,4042,3682.8,3.722,3.718
5834,train,3.1399,0.1251,7.29,0.0000,nan,6025,3683.4,4.967,4.953
5835,train,2.9143,0.0892,5.99,0.0000,nan,5070,3684.0,4.024,4.006
5836,train,3.5684,0.0937,8.98,0.0000,nan,4438,3684.5,8.311,8.307
5837,train,2.3784,0.2828,4.01,0.0000,nan,4678,3685.1,2.847,2.841
5838,train,3.9031,0.0212,7.87,0.0000,nan,5424,3685.7,6.348,6.345
5839,train,2.5400,0.1216,4.94,0.0000,nan,4532,3686.3,3.233,3.230
5840,train,3.5348,0.0406,7.20,0.0000,nan,5121,3686.9,4.947,4.939
5841,train,2.5829,0.1681,5.68,0.0000,nan,4431,3687.4,4.542,4.539
5842,train,2.8122,0.1934,5.68,0.0000,nan,4065,3688.0,4.524,4.523
5843,train,3.2837,0.0845,8.40,0.0000,nan,4155,3688.6,5.969,5.954
5844,train,3.7450,0.0616,8.15,0.0000,nan,4190,3689.2,6.417,6.414
5845,train,3.0288,0.1282,6.13,0.0000,nan,4141,3689.7,4.391,4.385
5846,train,2.1114,0.4181,3.39,0.0000,nan,4379,3690.3,1.431,1.429
5847,train,3.5741,0.0438,10.84,0.0000,nan,4521,3690.9,9.127,9.120
5848,train,3.7139,0.1070,7.71,0.0000,nan,5186,3691.5,6.006,6.003
5849,train,4.0199,0.1742,14.15,0.0000,nan,4908,3692.1,10.334,10.330
5850,train,3.7536,0.0530,12.53,0.0000,nan,4604,3692.6,10.373,10.370
5851,train,3.4176,0.1481,7.48,0.0000,nan,3862,3693.2,6.165,6.162
5852,train,3.1185,0.1131,7.50,0.0000,nan,4042,3693.8,5.777,5.761
5853,train,2.3187,0.3477,3.77,0.0000,nan,4455,3694.4,2.422,2.407
5854,train,2.9462,0.1516,6.15,0.0000,nan,4208,3695.0,4.285,4.279
5855,train,2.7718,0.1743,5.46,0.0000,nan,4654,3695.5,4.382,4.381
5856,train,2.9566,0.1187,6.42,0.0000,nan,4683,3696.1,3.469,3.463
5857,train,3.7310,0.1882,11.97,0.0000,nan,3933,3696.7,11.014,11.013
5858,train,2.7890,0.2386,6.29,0.0000,nan,4368,3697.3,4.513,4.507
5859,train,2.2845,0.3124,3.99,0.0000,nan,3966,3697.8,2.533,2.527
5860,train,4.6107,0.0848,10.97,0.0000,nan,4694,3698.4,9.223,9.222
5861,train,3.1428,0.1911,6.63,0.0000,nan,3978,3699.0,6.499,6.494
5862,train,2.8544,0.2358,7.00,0.0000,nan,4572,3699.6,4.040,4.039
5863,train,2.9292,0.1803,5.67,0.0000,nan,5331,3700.2,3.994,3.990
5864,train,3.2053,0.0985,8.63,0.0000,nan,4191,3700.7,6.870,6.867
5865,train,3.7984,0.0455,9.87,0.0000,nan,5186,3701.3,6.953,6.942
5866,train,3.1378,0.1391,7.29,0.0000,nan,4687,3701.9,3.455,3.452
5867,train,3.3334,0.1403,6.68,0.0000,nan,4861,3702.5,4.901,4.892
5868,train,3.3042,0.2326,6.89,0.0000,nan,4656,3703.1,4.861,4.856
5869,train,2.4961,0.2688,4.19,0.0000,nan,4714,3703.6,2.624,2.620
5870,train,3.5036,0.0513,8.37,0.0000,nan,4173,3704.2,7.063,7.062
5871,train,2.7786,0.2266,7.57,0.0000,nan,4104,3704.8,5.316,5.310
5872,train,3.0505,0.1748,6.00,0.0000,nan,4147,3705.4,4.318,4.313
5873,train,3.6179,0.1166,8.25,0.0000,nan,5042,3706.0,7.173,7.168
5874,train,3.2821,0.0873,9.54,0.0000,nan,4891,3706.5,7.100,7.085
5875,train,2.9383,0.1243,6.23,0.0000,nan,4457,3707.1,4.070,4.019
5876,train,3.0501,0.2041,13.27,0.0000,nan,3994,3707.7,9.679,9.665
5877,train,3.0803,0.1426,6.39,0.0000,nan,4742,3708.3,4.739,4.735
5878,train,3.4789,0.1872,7.14,0.0000,nan,4829,3708.9,7.395,7.385
5879,train,4.0086,0.1473,9.52,0.0000,nan,4222,3709.4,8.876,8.862
5880,train,3.1000,0.1424,6.31,0.0000,nan,4760,3710.0,4.749,4.745
5881,train,2.5832,0.1858,4.71,0.0000,nan,4004,3710.6,3.367,3.365
5882,train,2.4838,0.1531,4.67,0.0000,nan,4148,3711.2,2.893,2.890
5883,train,2.6492,0.2096,4.79,0.0000,nan,4494,3711.7,2.980,2.978
5884,train,2.8283,0.1636,6.21,0.0000,nan,4053,3712.3,3.164,3.162
5885,train,3.2606,0.0577,6.77,0.0000,nan,4891,3712.9,4.684,4.678
5886,train,3.0392,0.1267,6.04,0.0000,nan,4080,3713.5,4.301,4.296
5887,train,3.3486,0.1097,9.06,0.0000,nan,4139,3714.1,9.123,9.121
5888,train,3.5056,0.1289,12.24,0.0000,nan,4297,3714.6,11.899,11.896
5889,train,2.7195,0.2046,5.05,0.0000,nan,4424,3715.2,4.302,4.297
5890,train,3.8692,0.0329,12.73,0.0000,nan,4406,3715.8,10.493,10.489
5891,train,3.4954,0.0471,10.95,0.0000,nan,4224,3716.4,9.611,9.609
5892,train,3.7730,0.1007,8.51,0.0000,nan,4232,3716.9,7.657,7.655
5893,train,3.7941,0.1639,9.64,0.0000,nan,4374,3717.5,6.880,6.876
5894,train,3.6042,0.1318,7.15,0.0000,nan,4622,3718.1,5.516,5.504
5895,train,3.0807,0.1540,6.97,0.0000,nan,4370,3718.7,5.336,5.335
5896,train,3.7051,0.0388,12.63,0.0000,nan,4951,3719.3,10.810,10.789
5897,train,2.8654,0.3274,5.16,0.0000,nan,4948,3719.8,3.686,3.677
5898,train,3.0189,0.1789,9.80,0.0000,nan,5328,3720.4,8.844,8.843
5899,train,3.5397,0.0636,6.88,0.0000,nan,4415,3721.0,5.464,5.458
5900,train,2.2258,0.2703,3.70,0.0000,nan,4291,3721.6,2.277,2.271
5901,train,2.5694,0.2935,4.19,0.0000,nan,4569,3722.2,3.361,3.359
5902,train,3.2135,0.1134,9.09,0.0000,nan,4461,3722.7,6.686,6.682
5903,train,2.5346,0.2294,5.71,0.0000,nan,3941,3723.3,3.124,3.117
5904,train,4.0669,0.0434,16.57,0.0000,nan,4197,3723.9,13.509,13.508
5905,train,2.5477,0.2489,4.69,0.0000,nan,4459,3724.5,2.799,2.797
5906,train,2.5612,0.2654,4.44,0.0000,nan,4860,3725.1,3.526,3.515
5907,train,2.3453,0.2077,4.40,0.0000,nan,4733,3725.6,2.483,2.482
5908,train,2.6957,0.1662,4.79,0.0000,nan,5608,3726.2,3.667,3.664
5909,train,3.7738,0.0339,10.44,0.0000,nan,4783,3726.8,8.744,8.739
5910,train,2.8892,0.1623,4.95,0.0000,nan,5059,3727.4,3.753,3.743
5911,train,2.2609,0.2840,4.03,0.0000,nan,3877,3728.0,2.291,2.286
5912,train,4.1891,0.1286,15.80,0.0000,nan,3889,3728.5,13.701,13.665
5913,train,3.3975,0.0508,12.29,0.0000,nan,4607,3729.1,10.931,10.928
5914,train,2.4816,0.3786,3.98,0.0000,nan,4295,3729.7,2.667,2.666
5915,train,2.9077,0.1804,6.03,0.0000,nan,4835,3730.3,3.357,3.263
5916,train,2.5703,0.2688,6.71,0.0000,nan,3716,3730.8,5.136,5.103
5917,train,2.4527,0.3567,4.10,0.0000,nan,4814,3731.4,1.750,1.734
5918,train,3.2035,0.1292,9.05,0.0000,nan,4653,3732.0,7.714,7.705
5919,train,2.9145,0.2873,7.50,0.0000,nan,4950,3732.6,6.287,6.282
5920,train,3.2089,0.0702,8.03,0.0000,nan,4743,3733.2,6.607,6.604
5921,train,3.2583,0.1543,7.51,0.0000,nan,3669,3733.7,5.700,5.693
5922,train,3.2403,0.1170,8.95,0.0000,nan,4666,3734.3,8.796,8.794
5923,train,4.1531,0.0759,13.16,0.0000,nan,4545,3734.9,10.617,10.613
5924,train,3.0064,0.2031,6.43,0.0000,nan,4579,3735.5,4.785,4.778
5925,train,2.9087,0.2736,8.80,0.0000,nan,4112,3736.1,8.448,8.439
5926,train,3.1425,0.1558,6.22,0.0000,nan,4146,3736.6,5.401,5.400
5927,train,2.4708,0.2988,4.11,0.0000,nan,4846,3737.2,1.949,1.921
5928,train,2.8707,0.1956,5.94,0.0000,nan,5352,3737.8,4.844,4.837
5929,train,3.9932,0.0198,10.36,0.0000,nan,5060,3738.4,6.998,6.990
5930,train,3.1899,0.0683,6.84,0.0000,nan,3911,3739.0,4.888,4.887
5931,train,2.9643,0.1254,5.15,0.0000,nan,4156,3739.5,3.249,3.242
5932,train,2.6583,0.1946,5.43,0.0000,nan,4209,3740.1,3.244,3.195
5933,train,2.2718,0.3582,4.76,0.0000,nan,4176,3740.7,3.201,3.198
5934,train,2.1461,0.3405,3.64,0.0000,nan,3991,3741.3,2.029,2.024
5935,train,3.0555,0.0951,7.18,0.0000,nan,4615,3741.8,5.664,5.657
5936,train,2.8460,0.0762,5.71,0.0000,nan,4225,3742.4,4.730,4.725
5937,train,3.2924,0.0357,7.99,0.0000,nan,4172,3743.0,6.451,6.446
5938,train,4.5948,0.1448,9.94,0.0000,nan,4870,3743.6,7.221,7.219
5939,train,2.7206,0.2150,4.61,0.0000,nan,3762,3744.2,3.439,3.423
5940,train,2.2432,0.2817,3.93,0.0000,nan,5236,3744.7,2.794,2.784
5941,train,3.5777,0.1556,11.57,0.0000,nan,4871,3745.3,9.860,9.850
5942,train,2.7194,0.1760,5.73,0.0000,nan,4204,3745.9,3.435,3.423
5943,train,4.6417,0.2136,11.22,0.0000,nan,4322,3746.5,9.562,9.557
5944,train,3.2097,0.0792,11.33,0.0000,nan,4748,3747.1,9.790,9.783
5945,train,3.1705,0.1429,6.40,0.0000,nan,4116,3747.6,4.054,4.046
5946,train,3.3952,0.0428,6.39,0.0000,nan,4297,3748.2,4.008,4.007
5947,train,2.6449,0.3390,4.10,0.0000,nan,3908,3748.8,2.108,2.099
5948,train,2.6688,0.2583,8.25,0.0000,nan,4654,3749.4,5.469,5.462
5949,train,3.5756,0.1488,9.33,0.0000,nan,3831,3749.9,7.225,7.223
5950,train,2.3222,0.2395,4.56,0.0000,nan,4818,3750.5,2.900,2.885
5951,train,2.6174,0.1717,9.69,0.0000,nan,4800,3751.1,7.039,7.034
5952,train,2.2615,0.2495,4.18,0.0000,nan,4854,3751.7,3.051,3.044
5953,train,3.0070,0.1676,6.12,0.0000,nan,4315,3752.3,4.119,4.116
5954,train,2.9978,0.2161,11.90,0.0000,nan,4831,3752.8,7.324,7.317
5955,train,2.9411,0.2057,6.34,0.0000,nan,4156,3753.4,4.870,4.863
5956,train,3.3096,0.2010,12.46,0.0000,nan,4662,3754.0,9.626,9.623
5957,train,2.8924,0.2663,7.61,0.0000,nan,4468,3754.6,6.289,6.281
5958,train,3.2355,0.1400,7.05,0.0000,nan,4087,3755.2,6.010,5.995
5959,train,2.9411,0.1853,6.10,0.0000,nan,4624,3755.7,5.308,5.305
5960,train,2.8587,0.2095,4.94,0.0000,nan,4935,3756.3,4.683,4.677
5961,train,2.7582,0.2097,5.92,0.0000,nan,4641,3756.9,3.794,3.793
5962,train,2.3309,0.2970,3.94,0.0000,nan,4266,3757.5,2.324,2.290
5963,train,3.1717,0.0702,5.73,0.0000,nan,4319,3758.0,3.744,3.741
5964,train,2.9755,0.0970,6.48,0.0000,nan,4113,3758.6,3.822,3.810
5965,train,3.8749,0.2301,9.40,0.0000,nan,4346,3759.2,6.483,6.462
5966,train,3.5728,0.0305,10.42,0.0000,nan,4761,3759.8,8.675,8.666
5967,train,2.5305,0.1264,4.98,0.0000,nan,4525,3760.4,3.012,3.009
5968,train,2.2868,0.4112,3.35,0.0000,nan,4623,3760.9,1.867,1.862
5969,train,3.1863,0.0455,7.83,0.0000,nan,4590,3761.5,7.230,7.220
5970,train,2.8492,0.1530,5.23,0.0000,nan,4437,3762.1,3.565,3.561
5971,train,2.4404,0.1901,4.64,0.0000,nan,4134,3762.7,2.726,2.719
5972,train,3.2980,0.3127,5.74,0.0000,nan,4547,3763.3,4.423,4.420
5973,train,3.2873,0.2093,7.06,0.0000,nan,4816,3763.8,5.427,5.425
5974,train,3.0262,0.2672,7.53,0.0000,nan,4031,3764.4,5.978,5.974
5975,train,3.5420,0.0738,7.79,0.0000,nan,3927,3765.0,6.423,6.422
5976,train,2.6611,0.0805,5.85,0.0000,nan,4512,3765.6,4.258,4.256
5977,train,3.2369,0.1167,8.05,0.0000,nan,4706,3766.2,6.950,6.948
5978,train,2.6655,0.1828,5.12,0.0000,nan,4583,3766.7,3.988,3.982
5979,train,2.7607,0.1325,4.87,0.0000,nan,4363,3767.3,3.314,3.311
5980,train,3.3143,0.0927,7.06,0.0000,nan,4435,3767.9,4.426,4.416
5981,train,3.9832,0.0169,15.89,0.0000,nan,4626,3768.5,13.974,13.969
5982,train,2.5649,0.2726,4.40,0.0000,nan,3984,3769.0,3.186,3.170
5983,train,2.6549,0.1449,4.81,0.0000,nan,4508,3769.6,3.684,3.681
5984,train,3.1714,0.1923,10.68,0.0000,nan,4872,3770.2,7.889,7.884
5985,train,2.9276,0.1156,9.06,0.0000,nan,4931,3770.8,5.299,5.279
5986,train,2.7385,0.2944,4.67,0.0000,nan,4379,3771.4,3.380,3.367
5987,train,3.0632,0.1456,7.36,0.0000,nan,3914,3771.9,4.821,4.794
5988,train,2.7877,0.1959,5.94,0.0000,nan,4415,3772.5,3.868,3.858
5989,train,2.5842,0.2790,7.05,0.0000,nan,5003,3773.1,4.148,4.092
5990,train,2.5543,0.3135,4.78,0.0000,nan,4259,3773.7,3.554,3.540
5991,train,3.1461,0.1464,5.77,0.0000,nan,5417,3774.3,3.564,3.552
5992,train,3.7402,0.0781,8.53,0.0000,nan,4866,3774.8,6.771,6.769
5993,train,3.0681,0.1344,5.82,0.0000,nan,4138,3775.4,4.608,4.607
5994,train,3.4816,0.0585,7.38,0.0000,nan,5040,3776.0,6.241,6.230
5995,train,3.3202,0.0991,8.97,0.0000,nan,4834,3776.6,8.183,8.180
5996,train,3.2656,0.2334,12.69,0.0000,nan,4662,3777.2,10.711,10.705
5997,train,2.4769,0.2501,4.88,0.0000,nan,5022,3777.7,3.720,3.717
5998,train,2.2588,0.2573,4.22,0.0000,nan,4220,3778.3,2.979,2.974
5999,train,3.6418,0.0994,9.47,0.0000,nan,4408,3778.9,8.066,8.064
6000,train,2.9810,0.1334,5.43,0.0000,nan,4213,3779.5,4.420,4.412
6000,val,3.0973,0.1659,7.29,0.0000,0.00,222066,3807.0,5.606,5.596
6001,train,3.1320,0.0603,6.64,0.0000,nan,3894,3808.1,4.839,4.829
6002,train,2.9814,0.2808,7.15,0.0000,nan,4163,3808.7,4.907,4.902
6003,train,3.1647,0.1270,5.96,0.0000,nan,3889,3809.3,4.417,4.410
6004,train,2.8241,0.0699,6.04,0.0000,nan,3848,3809.9,3.868,3.865
6005,train,3.3904,0.0945,6.98,0.0000,nan,4866,3810.5,5.122,5.118
6006,train,3.1433,0.1695,7.76,0.0000,nan,4083,3811.0,6.302,6.294
6007,train,3.0119,0.1333,5.35,0.0000,nan,5575,3811.6,3.958,3.952
6008,train,2.8041,0.2268,7.99,0.0000,nan,4091,3812.2,6.233,6.227
6009,train,3.3468,0.1925,6.82,0.0000,nan,4503,3812.8,5.000,4.999
6010,train,3.4554,0.1173,6.93,0.0000,nan,5028,3813.4,5.333,5.329
6011,train,2.8494,0.1487,5.28,0.0000,nan,4324,3813.9,3.747,3.740
6012,train,3.4502,0.0849,10.10,0.0000,nan,4404,3814.5,9.760,9.758
6013,train,3.0277,0.1779,5.91,0.0000,nan,4841,3815.1,4.937,4.935
6014,train,3.0112,0.1182,6.70,0.0000,nan,4443,3815.7,4.002,4.000
6015,train,3.0901,0.0923,11.78,0.0000,nan,4345,3816.3,10.335,10.332
6016,train,2.2416,0.2813,3.76,0.0000,nan,4149,3816.8,2.557,2.552
6017,train,3.2184,0.1196,6.30,0.0000,nan,4840,3817.4,4.369,4.362
6018,train,3.7268,0.1034,9.41,0.0000,nan,4941,3818.0,8.025,8.023
6019,train,2.4651,0.2521,4.55,0.0000,nan,4388,3818.6,2.105,2.066
6020,train,3.8550,0.0980,7.61,0.0000,nan,4580,3819.2,5.163,5.125
6021,train,3.5980,0.0154,8.60,0.0000,nan,4024,3819.7,7.750,7.744
6022,train,2.6872,0.2227,6.15,0.0000,nan,4163,3820.3,3.460,3.457
6023,train,2.7300,0.1930,6.65,0.0000,nan,4306,3820.9,3.050,3.047
6024,train,3.8654,0.1298,10.98,0.0000,nan,4199,3821.5,10.913,10.913
6025,train,4.3729,0.0959,10.95,0.0000,nan,4431,3822.0,9.198,9.193
6026,train,4.2358,0.1055,17.27,0.0000,nan,4673,3822.6,15.269,15.256
6027,train,2.6525,0.1860,4.83,0.0000,nan,4673,3823.2,3.551,3.544
6028,train,2.4157,0.2475,4.59,0.0000,nan,4646,3823.8,2.426,2.424
6029,train,2.8067,0.1474,7.13,0.0000,nan,3934,3824.4,4.900,4.895
6030,train,2.8409,0.0931,4.93,0.0000,nan,4953,3824.9,3.635,3.631
6031,train,3.3787,0.1543,7.90,0.0000,nan,4654,3825.5,6.540,6.457
6032,train,2.7422,0.1791,8.25,0.0000,nan,4533,3826.1,7.004,7.004
6033,train,2.6750,0.3110,7.53,0.0000,nan,4319,3826.7,4.285,4.266
6034,train,2.6393,0.2314,7.09,0.0000,nan,4135,3827.3,4.867,4.859
6035,train,3.4652,0.1156,9.62,0.0000,nan,4869,3827.8,7.630,7.629
6036,train,2.9368,0.2095,9.01,0.0000,nan,5097,3828.4,7.147,7.143
6037,train,3.6320,0.1971,8.49,0.0000,nan,4733,3829.0,7.003,6.997
6038,train,3.0131,0.1604,6.44,0.0000,nan,4421,3829.6,4.519,4.519
6039,train,3.0309,0.1642,5.91,0.0000,nan,4191,3830.2,4.671,4.669
6040,train,2.4903,0.2913,4.91,0.0000,nan,4226,3830.7,2.301,2.286
6041,train,3.4034,0.1029,9.62,0.0000,nan,4682,3831.3,6.179,6.177
6042,train,3.2102,0.0969,7.20,0.0000,nan,4295,3831.9,5.378,5.374
6043,train,2.9192,0.2550,5.71,0.0000,nan,5181,3832.5,2.729,2.718
6044,train,3.7945,0.0980,8.87,0.0000,nan,5151,3833.1,5.754,5.705
6045,train,2.8384,0.2539,6.40,0.0000,nan,4466,3833.6,5.164,5.153
6046,train,2.9162,0.1076,6.74,0.0000,nan,4974,3834.2,4.202,4.196
6047,train,3.2071,0.1362,6.78,0.0000,nan,4010,3834.8,4.950,4.948
6048,train,2.8352,0.1573,6.45,0.0000,nan,4667,3835.4,4.502,4.498
6049,train,5.3104,0.0183,14.47,0.0000,nan,5305,3835.9,11.152,11.138
6050,train,3.0460,0.2209,6.43,0.0000,nan,5179,3836.5,3.703,3.699
6051,train,3.3456,0.0765,9.00,0.0000,nan,4025,3837.1,6.708,6.699
6052,train,3.5635,0.1608,7.68,0.0000,nan,4416,3837.7,5.992,5.991
6053,train,3.4818,0.0355,13.43,0.0000,nan,4820,3838.3,8.754,8.751
6054,train,3.1362,0.0977,6.77,0.0000,nan,4475,3838.8,4.768,4.758
6055,train,3.0873,0.2105,7.28,0.0000,nan,4626,3839.4,5.950,5.941
6056,train,3.0619,0.0395,7.07,0.0000,nan,4274,3840.0,5.617,5.607
6057,train,4.3525,0.0140,18.90,0.0000,nan,4700,3840.6,16.189,16.186
6058,train,2.9458,0.1274,5.61,0.0000,nan,4208,3841.2,3.124,3.105
6059,train,2.4459,0.2592,4.75,0.0000,nan,3920,3841.7,3.695,3.693
6060,train,3.1960,0.1163,6.23,0.0000,nan,4886,3842.3,4.057,4.052
6061,train,2.9485,0.4388,5.94,0.0000,nan,4248,3842.9,4.296,4.250
6062,train,2.6508,0.2152,4.99,0.0000,nan,5566,3843.5,3.090,3.088
6063,train,3.5492,0.0233,7.71,0.0000,nan,4040,3844.1,5.094,4.992
6064,train,4.5917,0.0325,11.15,0.0000,nan,4209,3844.6,9.086,9.030
6065,train,2.1156,0.3502,3.45,0.0000,nan,4123,3845.2,1.917,1.907
6066,train,2.9576,0.1185,5.50,0.0000,nan,4574,3845.8,3.916,3.915
6067,train,3.1311,0.1326,6.32,0.0000,nan,3958,3846.4,5.066,5.065
6068,train,2.8892,0.1620,7.25,0.0000,nan,4716,3846.9,4.950,4.949
6069,train,2.9487,0.0704,8.90,0.0000,nan,3951,3847.5,7.121,7.106
6070,train,2.9332,0.2523,6.01,0.0000,nan,4498,3848.1,4.204,4.197
6071,train,3.2768,0.0525,9.79,0.0000,nan,4061,3848.7,7.773,7.770
6072,train,3.3923,0.1194,11.92,0.0000,nan,4147,3849.3,9.349,9.343
6073,train,3.4707,0.1622,7.93,0.0000,nan,4296,3849.8,5.037,5.034
6074,train,3.0821,0.0584,7.25,0.0000,nan,4194,3850.4,6.063,6.061
6075,train,2.1757,0.2791,4.12,0.0000,nan,4070,3851.0,2.283,2.274
6076,train,2.9735,0.1338,5.77,0.0000,nan,3631,3851.6,5.158,5.155
6077,train,3.5127,0.1628,6.34,0.0000,nan,4356,3852.2,4.714,4.710
6078,train,2.7014,0.2636,7.16,0.0000,nan,4716,3852.7,5.136,5.133
6079,train,2.4800,0.2216,4.37,0.0000,nan,4125,3853.3,2.459,2.441
6080,train,3.1283,0.1632,6.66,0.0000,nan,4229,3853.9,6.078,6.060
6081,train,2.6517,0.1848,6.67,0.0000,nan,4005,3854.5,5.050,5.047
6082,train,3.2435,0.0200,8.13,0.0000,nan,3991,3855.0,4.973,4.965
6083,train,3.5934,0.0264,8.39,0.0000,nan,4389,3855.6,7.470,7.468
6084,train,3.6240,0.0549,7.76,0.0000,nan,5013,3856.2,5.895,5.890
6085,train,3.2838,0.0570,8.78,0.0000,nan,4793,3856.8,8.079,8.078
6086,train,3.1853,0.0465,7.25,0.0000,nan,4150,3857.4,5.878,5.877
6087,train,2.4748,0.2619,10.65,0.0000,nan,4059,3857.9,8.544,8.535
6088,train,2.7828,0.1059,5.24,0.0000,nan,4664,3858.5,3.098,3.097
6089,train,4.7366,0.0759,14.56,0.0000,nan,4412,3859.1,13.229,13.229
6090,train,2.7968,0.2742,4.27,0.0000,nan,4321,3859.7,2.709,2.699
6091,train,3.4935,0.0276,9.52,0.0000,nan,4599,3860.3,7.029,7.026
6092,train,3.1191,0.0384,6.27,0.0000,nan,4318,3860.8,3.917,3.913
6093,train,3.1207,0.0716,6.74,0.0000,nan,4414,3861.4,5.017,5.008
6094,train,3.0990,0.0958,6.10,0.0000,nan,4539,3862.0,4.534,4.532
6095,train,3.7242,0.1695,7.36,0.0000,nan,4827,3862.6,6.858,6.855
6096,train,2.3652,0.3884,4.07,0.0000,nan,4351,3863.2,2.617,2.565
6097,train,2.5160,0.2659,4.75,0.0000,nan,4731,3863.7,2.165,2.161
6098,train,2.7999,0.2722,6.28,0.0000,nan,4332,3864.3,5.598,5.588
6099,train,2.7881,0.1203,6.25,0.0000,nan,4745,3864.9,5.790,5.787
6100,train,3.2720,0.0555,8.21,0.0000,nan,4700,3865.5,6.374,6.373
6101,train,3.8972,0.0165,10.93,0.0000,nan,4065,3866.0,8.056,8.053
6102,train,2.9121,0.2221,5.94,0.0000,nan,4210,3866.6,6.156,6.151
6103,train,2.8575,0.1191,5.19,0.0000,nan,4928,3867.2,3.680,3.679
6104,train,3.3263,0.1463,7.86,0.0000,nan,4710,3867.8,5.922,5.921
6105,train,2.5417,0.2817,6.04,0.0000,nan,4470,3868.4,4.529,4.435
6106,train,3.1787,0.0499,6.08,0.0000,nan,4491,3868.9,5.193,5.187
6107,train,3.1160,0.1698,7.58,0.0000,nan,5382,3869.5,5.602,5.541
6108,train,2.7513,0.2457,4.73,0.0000,nan,4123,3870.1,3.014,2.992
6109,train,2.5064,0.2846,4.01,0.0000,nan,4403,3870.7,2.801,2.795
6110,train,3.3291,0.1733,9.70,0.0000,nan,4275,3871.3,7.896,7.885
6111,train,3.2758,0.1492,8.55,0.0000,nan,4363,3871.8,8.244,8.202
6112,train,3.5793,0.1448,11.17,0.0000,nan,4594,3872.4,9.801,9.797
6113,train,4.2049,0.1492,8.29,0.0000,nan,4564,3873.0,6.987,6.982
6114,train,2.8188,0.2458,4.88,0.0000,nan,4926,3873.6,3.271,3.270
6115,train,2.3043,0.2223,4.06,0.0000,nan,5047,3874.2,2.405,2.399
6116,train,2.8532,0.1780,6.53,0.0000,nan,3680,3874.7,3.756,3.749
6117,train,3.5065,0.0392,7.55,0.0000,nan,4460,3875.3,6.248,6.241
6118,train,3.4264,0.1507,8.61,0.0000,nan,4825,3875.9,7.080,7.073
6119,train,1.9993,0.5097,2.61,0.0000,nan,4522,3876.5,0.876,0.820
6120,train,2.5222,0.1924,5.05,0.0000,nan,4646,3877.1,1.800,1.791
6121,train,2.9493,0.1357,6.09,0.0000,nan,4929,3877.6,2.968,2.930
6122,train,3.7497,0.0796,14.08,0.0000,nan,4535,3878.2,9.345,9.317
6123,train,4.7182,0.1289,13.77,0.0000,nan,4733,3878.8,13.129,13.125
6124,train,3.7652,0.0702,9.97,0.0000,nan,4899,3879.4,8.408,8.402
6125,train,2.5444,0.1986,5.01,0.0000,nan,5015,3880.0,3.318,3.317
6126,train,4.5848,0.0267,16.55,0.0000,nan,4262,3880.5,14.535,14.517
6127,train,2.6839,0.2125,5.19,0.0000,nan,4258,3881.1,4.136,4.130
6128,train,2.6411,0.2073,4.74,0.0000,nan,3980,3881.7,3.160,3.148
6129,train,2.2474,0.2650,4.28,0.0000,nan,4060,3882.3,2.480,2.461
6130,train,3.0863,0.1539,8.86,0.0000,nan,4990,3882.8,6.713,6.691
6131,train,4.6941,0.1830,14.27,0.0000,nan,4263,3883.4,11.266,11.258
6132,train,3.5923,0.0924,9.44,0.0000,nan,4135,3884.0,7.768,7.743
6133,train,3.3945,0.0700,11.68,0.0000,nan,4699,3884.6,10.225,10.220
6134,train,2.8033,0.1941,5.25,0.0000,nan,4703,3885.2,3.884,3.879
6135,train,2.7290,0.1841,6.04,0.0000,nan,3845,3885.7,3.823,3.809
6136,train,3.0995,0.1004,6.17,0.0000,nan,4413,3886.3,4.271,4.258
6137,train,2.6282,0.2150,4.65,0.0000,nan,4615,3886.9,2.820,2.813
6138,train,2.2822,0.4091,3.38,0.0000,nan,4268,3887.5,2.632,2.626
6139,train,3.6492,0.1869,6.87,0.0000,nan,4442,3888.1,4.594,4.586
6140,train,3.6620,0.0294,8.74,0.0000,nan,4460,3888.6,7.581,7.574
6141,train,3.1797,0.1134,7.67,0.0000,nan,4268,3889.2,4.212,4.166
6142,train,3.0183,0.1137,6.59,0.0000,nan,3924,3889.8,4.883,4.869
6143,train,3.2712,0.0983,9.84,0.0000,nan,4637,3890.4,4.753,4.733
6144,train,2.9226,0.1283,5.51,0.0000,nan,4638,3891.0,2.952,2.943
6145,train,3.3816,0.1628,11.79,0.0000,nan,4459,3891.5,6.278,6.272
6146,train,3.3879,0.1196,6.73,0.0000,nan,4910,3892.1,5.014,5.008
6147,train,3.3529,0.0820,6.32,0.0000,nan,4051,3892.7,4.038,4.035
6148,train,2.8913,0.0987,5.55,0.0000,nan,4602,3893.3,3.588,3.584
6149,train,2.6747,0.1886,5.01,0.0000,nan,4544,3893.8,3.203,3.194
6150,train,3.3309,0.0243,9.24,0.0000,nan,4246,3894.4,8.258,8.257
6151,train,2.7585,0.2291,5.09,0.0000,nan,3833,3895.0,3.342,3.339
6152,train,3.0663,0.1634,5.78,0.0000,nan,3948,3895.6,4.013,4.009
6153,train,3.8557,0.0080,18.77,0.0000,nan,4268,3896.2,15.048,15.046
6154,train,3.8306,0.0278,17.71,0.0000,nan,4208,3896.7,15.896,15.881
6155,train,2.7427,0.1285,4.89,0.0000,nan,4607,3897.3,3.205,3.199
6156,train,2.8142,0.1687,4.80,0.0000,nan,4731,3897.9,3.872,3.871
6157,train,3.6293,0.1354,7.60,0.0000,nan,4388,3898.5,5.491,5.486
6158,train,3.1536,0.1659,6.74,0.0000,nan,5517,3899.1,4.806,4.804
6159,train,3.9703,0.1503,13.24,0.0000,nan,4325,3899.6,10.458,10.456
6160,train,2.9455,0.1480,5.50,0.0000,nan,4082,3900.2,4.199,4.198
6161,train,3.9030,0.0744,7.82,0.0000,nan,5121,3900.8,5.925,5.923
6162,train,3.2385,0.1576,9.01,0.0000,nan,4900,3901.4,6.992,6.990
6163,train,3.4628,0.1341,7.48,0.0000,nan,4326,3901.9,6.558,6.555
6164,train,3.2184,0.0815,7.18,0.0000,nan,5555,3902.5,4.558,4.555
6165,train,3.5711,0.0482,13.16,0.0000,nan,4277,3903.1,8.864,8.856
6166,train,3.4243,0.2301,6.66,0.0000,nan,5155,3903.7,6.834,6.822
6167,train,3.4737,0.0400,12.10,0.0000,nan,4120,3904.3,11.135,11.134
6168,train,4.7897,0.1301,11.03,0.0000,nan,5110,3904.8,10.173,10.153
6169,train,3.0741,0.1193,6.74,0.0000,nan,4964,3905.4,4.791,4.786
6170,train,3.6695,0.1990,8.17,0.0000,nan,4391,3906.0,7.976,7.973
6171,train,3.0986,0.0847,5.75,0.0000,nan,4394,3906.6,3.916,3.916
6172,train,3.8118,0.1433,8.78,0.0000,nan,4090,3907.2,8.372,8.370
6173,train,2.4834,0.2751,4.44,0.0000,nan,4434,3907.7,2.343,2.306
6174,train,3.4369,0.0692,7.40,0.0000,nan,3932,3908.3,4.271,4.235
6175,train,3.6652,0.1046,11.77,0.0000,nan,4246,3908.9,9.776,9.771
6176,train,2.7234,0.1996,5.63,0.0000,nan,3978,3909.5,4.519,4.513
6177,train,2.1581,0.3150,3.62,0.0000,nan,3930,3910.1,2.009,2.003
6178,train,3.0458,0.0676,5.60,0.0000,nan,5041,3910.6,4.472,4.469
6179,train,3.9239,0.0925,8.07,0.0000,nan,4463,3911.2,6.062,6.062
6180,train,3.6569,0.0948,10.20,0.0000,nan,4812,3911.8,9.639,9.634
6181,train,3.4093,0.0409,6.74,0.0000,nan,4814,3912.4,4.783,4.778
6182,train,3.5979,0.1495,6.47,0.0000,nan,4495,3912.9,4.933,4.929
6183,train,2.7290,0.2462,4.66,0.0000,nan,4688,3913.5,2.652,2.644
6184,train,3.3148,0.1842,9.16,0.0000,nan,4175,3914.1,7.785,7.780
6185,train,3.1143,0.2279,5.87,0.0000,nan,4300,3914.7,4.785,4.708
6186,train,3.3854,0.0526,7.61,0.0000,nan,3996,3915.3,5.807,5.801
6187,train,3.3021,0.1231,6.74,0.0000,nan,5246,3915.8,4.483,4.465
6188,train,3.1473,0.1754,6.54,0.0000,nan,4708,3916.4,4.819,4.817
6189,train,2.6046,0.2306,4.63,0.0000,nan,3968,3917.0,3.449,3.443
6190,train,3.1129,0.1668,7.57,0.0000,nan,4603,3917.6,6.062,6.050
6191,train,3.9101,0.0423,8.30,0.0000,nan,4653,3918.2,7.234,7.231
6192,train,3.1874,0.1479,9.85,0.0000,nan,5606,3918.7,7.973,7.904
6193,train,3.7299,0.1018,7.46,0.0000,nan,5011,3919.3,5.138,5.134
6194,train,3.8996,0.0364,9.69,0.0000,nan,4173,3919.9,9.033,9.030
6195,train,3.0293,0.1692,5.45,0.0000,nan,4386,3920.5,4.054,4.051
6196,train,3.3722,0.0771,7.19,0.0000,nan,4565,3921.1,5.173,5.172
6197,train,3.1504,0.1425,6.31,0.0000,nan,4240,3921.6,4.181,4.172
6198,train,3.4678,0.1017,8.73,0.0000,nan,4572,3922.2,7.801,7.798
6199,train,2.6248,0.1919,4.77,0.0000,nan,4367,3922.8,3.372,3.371
6200,train,2.5139,0.2057,4.79,0.0000,nan,4634,3923.4,3.328,3.327
6201,train,3.6098,0.1685,8.60,0.0000,nan,4499,3924.0,6.847,6.833
6202,train,3.0804,0.2427,9.79,0.0000,nan,3819,3924.5,8.113,8.107
6203,train,3.3402,0.1252,6.63,0.0000,nan,4496,3925.1,4.885,4.884
6204,train,3.2820,0.1021,6.19,0.0000,nan,4192,3925.7,4.867,4.863
6205,train,2.7380,0.1801,6.10,0.0000,nan,4326,3926.3,4.633,4.630
6206,train,4.2637,0.0373,11.18,0.0000,nan,4800,3926.9,8.935,8.916
6207,train,3.5796,0.0721,9.30,0.0000,nan,5204,3927.4,7.983,7.977
6208,train,2.5352,0.2160,4.68,0.0000,nan,4083,3928.0,2.885,2.883
6209,train,2.4133,0.2746,4.56,0.0000,nan,3864,3928.6,1.997,1.964
6210,train,2.9655,0.1010,6.64,0.0000,nan,4325,3929.2,4.732,4.721
6211,train,3.1119,0.2052,6.36,0.0000,nan,4543,3929.7,5.156,5.152
6212,train,2.3144,0.2930,4.86,0.0000,nan,4590,3930.3,2.328,2.320
6213,train,2.6661,0.1794,5.34,0.0000,nan,4393,3930.9,2.294,2.265
6214,train,3.5600,0.1052,9.45,0.0000,nan,4783,3931.5,8.419,8.416
6215,train,2.5801,0.1480,5.38,0.0000,nan,4695,3932.1,4.010,4.004
6216,train,2.7550,0.1714,5.84,0.0000,nan,4369,3932.7,4.798,4.788
6217,train,3.1142,0.0409,7.72,0.0000,nan,4128,3933.2,6.005,6.002
6218,train,3.7953,0.0807,11.18,0.0000,nan,4646,3933.8,10.704,10.691
6219,train,2.4183,0.2976,4.16,0.0000,nan,4392,3934.4,2.630,2.616
6220,train,3.6097,0.0946,10.64,0.0000,nan,4294,3935.0,8.378,8.375
6221,train,3.7780,0.1013,8.70,0.0000,nan,4519,3935.5,7.107,7.106
6222,train,3.3620,0.0705,6.66,0.0000,nan,4398,3936.1,5.070,5.065
6223,train,3.7034,0.0470,10.76,0.0000,nan,5660,3936.7,5.675,5.641
6224,train,3.0943,0.1266,6.09,0.0000,nan,4162,3937.3,5.577,5.572
6225,train,2.4789,0.2048,4.21,0.0000,nan,4312,3937.9,2.350,2.347
6226,train,3.1556,0.1425,6.87,0.0000,nan,4000,3938.4,6.442,6.438
6227,train,3.4867,0.1291,8.83,0.0000,nan,4122,3939.0,7.963,7.962
6228,train,4.2132,0.0517,9.38,0.0000,nan,3968,3939.6,7.932,7.931
6229,train,2.9324,0.1763,6.41,0.0000,nan,4531,3940.2,3.844,3.842
6230,train,3.0582,0.1474,9.91,0.0000,nan,4790,3940.8,7.054,7.049
6231,train,2.6970,0.1508,6.05,0.0000,nan,4131,3941.3,5.067,5.063
6232,train,4.2546,0.0151,15.13,0.0000,nan,4361,3941.9,11.358,11.347
6233,train,4.0230,0.0564,10.29,0.0000,nan,3793,3942.5,7.362,7.269
6234,train,2.7632,0.1010,6.01,0.0000,nan,4289,3943.1,3.584,3.580
6235,train,3.3759,0.1169,6.37,0.0000,nan,4886,3943.6,5.270,5.265
6236,train,2.9209,0.2414,6.23,0.0000,nan,4296,3944.2,4.951,4.946
6237,train,2.8737,0.3114,6.54,0.0000,nan,5167,3944.8,5.486,5.482
6238,train,2.9321,0.1948,7.42,0.0000,nan,4549,3945.4,5.439,5.431
6239,train,2.3819,0.2115,7.60,0.0000,nan,3957,3946.0,5.577,5.575
6240,train,3.1316,0.1429,11.64,0.0000,nan,4331,3946.5,4.432,4.365
6241,train,2.2211,0.2910,3.98,0.0000,nan,4199,3947.1,2.282,2.276
6242,train,3.2829,0.0714,11.84,0.0000,nan,4076,3947.7,10.900,10.894
6243,train,3.5300,0.1605,7.25,0.0000,nan,4449,3948.3,5.190,5.184
6244,train,3.5822,0.0461,8.49,0.0000,nan,4444,3948.9,7.186,7.182
6245,train,2.8228,0.2714,8.24,0.0000,nan,4432,3949.4,7.161,7.159
6246,train,2.8214,0.1809,5.84,0.0000,nan,4091,3950.0,4.200,4.197
6247,train,2.4961,0.2469,4.57,0.0000,nan,4738,3950.6,2.829,2.828
6248,train,3.9713,0.0795,11.45,0.0000,nan,4841,3951.2,9.763,9.760
6249,train,3.8734,0.0476,9.27,0.0000,nan,4391,3951.8,6.507,6.506
6250,train,2.9398,0.1191,5.35,0.0000,nan,4743,3952.3,2.767,2.750
6251,train,3.2178,0.0544,11.16,0.0000,nan,4176,3952.9,8.575,8.573
6252,train,3.4437,0.1748,7.61,0.0000,nan,4188,3953.5,6.471,6.469
6253,train,3.1141,0.1216,5.44,0.0000,nan,4869,3954.1,3.747,3.736
6254,train,2.5418,0.2090,5.01,0.0000,nan,4191,3954.6,2.427,2.425
6255,train,2.6866,0.1912,4.88,0.0000,nan,4136,3955.2,3.271,3.268
6256,train,3.6258,0.0426,13.07,0.0000,nan,5117,3955.8,10.017,9.998
6257,train,4.5272,0.0475,11.79,0.0000,nan,4551,3956.4,9.916,9.904
6258,train,2.5310,0.2336,6.09,0.0000,nan,4919,3957.0,4.869,4.864
6259,train,3.5014,0.0171,7.97,0.0000,nan,4199,3957.5,5.379,5.370
6260,train,2.9355,0.2035,6.83,0.0000,nan,3976,3958.1,5.116,5.113
6261,train,3.4900,0.1381,6.47,0.0000,nan,4056,3958.7,4.875,4.872
6262,train,2.4967,0.2817,4.25,0.0000,nan,5435,3959.3,3.271,3.266
6263,train,3.0771,0.1163,6.07,0.0000,nan,4892,3959.9,4.296,4.197
6264,train,3.7330,0.0252,9.44,0.0000,nan,4478,3960.4,9.239,9.237
6265,train,2.7766,0.2051,6.43,0.0000,nan,4080,3961.0,6.746,6.744
6266,train,3.4015,0.0554,8.98,0.0000,nan,3679,3961.6,10.176,10.174
6267,train,3.1504,0.1637,7.69,0.0000,nan,5070,3962.2,6.098,6.095
6268,train,3.0892,0.1086,6.67,0.0000,nan,4907,3962.8,4.072,4.064
6269,train,3.4253,0.0806,8.35,0.0000,nan,4787,3963.3,8.541,8.539
6270,train,2.4762,0.2994,3.78,0.0000,nan,4449,3963.9,1.919,1.914
6271,train,4.2053,0.0479,11.17,0.0000,nan,5138,3964.5,9.228,9.227
6272,train,2.4830,0.1991,4.26,0.0000,nan,4434,3965.1,2.728,2.724
6273,train,2.7329,0.1836,4.97,0.0000,nan,3977,3965.7,4.467,4.466
6274,train,2.4446,0.3123,5.47,0.0000,nan,4134,3966.2,4.767,4.764
6275,train,4.2536,0.1943,7.93,0.0000,nan,4154,3966.8,6.221,6.219
6276,train,2.5919,0.2131,4.30,0.0000,nan,4021,3967.4,3.522,3.520
6277,train,2.5814,0.1641,4.69,0.0000,nan,4972,3968.0,3.289,3.288
6278,train,2.1606,0.3287,3.55,0.0000,nan,4785,3968.5,1.947,1.939
6279,train,3.1980,0.0723,6.66,0.0000,nan,5132,3969.1,5.122,5.118
6280,train,3.0907,0.1708,5.42,0.0000,nan,5221,3969.7,4.736,4.732
6281,train,3.4692,0.0787,8.99,0.0000,nan,4780,3970.3,6.702,6.679
6282,train,2.6419,0.1410,4.95,0.0000,nan,4207,3970.9,3.557,3.556
6283,train,2.8390,0.2526,6.14,0.0000,nan,4569,3971.4,5.096,5.089
6284,train,3.2203,0.0917,7.88,0.0000,nan,4199,3972.0,7.668,7.591
6285,train,3.5843,0.0223,9.19,0.0000,nan,5459,3972.6,7.002,6.991
6286,train,3.7484,0.0727,9.76,0.0000,nan,4373,3973.2,9.407,9.405
6287,train,3.5892,0.1657,7.27,0.0000,nan,5057,3973.8,5.482,5.482
6288,train,2.8446,0.1631,5.79,0.0000,nan,5137,3974.3,5.155,5.153
6289,train,3.0516,0.1051,6.04,0.0000,nan,4709,3974.9,3.711,3.706
6290,train,2.9328,0.1886,7.99,0.0000,nan,4284,3975.5,5.920,5.919
6291,train,2.7739,0.1942,6.39,0.0000,nan,4135,3976.1,3.552,3.537
6292,train,3.6501,0.0478,8.48,0.0000,nan,3972,3976.7,7.337,7.331
6293,train,3.8025,0.1465,10.12,0.0000,nan,5317,3977.2,7.185,7.176
6294,train,4.4964,0.0331,9.51,0.0000,nan,4228,3977.8,8.535,8.530
6295,train,2.7073,0.0921,5.60,0.0000,nan,4930,3978.4,3.378,3.371
6296,train,3.3731,0.1540,8.93,0.0000,nan,4013,3979.0,5.645,5.625
6297,train,2.8576,0.2744,6.66,0.0000,nan,3863,3979.6,6.753,6.748
6298,train,2.8632,0.2373,5.94,0.0000,nan,4897,3980.1,4.791,4.762
6299,train,3.2068,0.1785,6.78,0.0000,nan,4701,3980.7,4.528,4.518
6300,train,2.9601,0.2740,5.57,0.0000,nan,4591,3981.3,4.345,4.334
6301,train,2.6706,0.2678,6.84,0.0000,nan,4260,3981.9,4.029,4.027
6302,train,3.1469,0.2511,6.13,0.0000,nan,4098,3982.4,6.162,6.158
6303,train,3.2675,0.0876,7.49,0.0000,nan,4450,3983.0,4.839,4.835
6304,train,3.1170,0.1658,10.06,0.0000,nan,4669,3983.6,5.912,5.887
6305,train,3.8845,0.1254,8.30,0.0000,nan,4504,3984.2,7.316,7.312
6306,train,3.0005,0.2671,6.35,0.0000,nan,4995,3984.8,4.969,4.966
6307,train,4.1133,0.0423,10.58,0.0000,nan,4300,3985.3,9.412,9.408
6308,train,3.3256,0.1150,8.05,0.0000,nan,4382,3985.9,7.351,7.343
6309,train,2.8375,0.1808,5.58,0.0000,nan,4088,3986.5,4.989,4.987
6310,train,3.3651,0.1002,7.94,0.0000,nan,4420,3987.1,6.500,6.497
6311,train,2.5856,0.2668,4.67,0.0000,nan,4599,3987.7,2.899,2.892
6312,train,3.3944,0.1227,7.39,0.0000,nan,4883,3988.2,5.945,5.944
6313,train,3.4757,0.0372,9.33,0.0000,nan,4679,3988.8,8.599,8.597
6314,train,2.6954,0.2407,5.37,0.0000,nan,4059,3989.4,4.029,4.007
6315,train,3.0664,0.1160,6.82,0.0000,nan,4312,3990.0,6.159,6.156
6316,train,2.7631,0.2197,6.97,0.0000,nan,4607,3990.6,5.492,5.371
6317,train,3.4598,0.1768,7.41,0.0000,nan,4429,3991.1,6.266,6.264
6318,train,2.4093,0.2998,4.61,0.0000,nan,4923,3991.7,2.147,2.130
6319,train,2.9763,0.1025,5.37,0.0000,nan,4242,3992.3,3.161,3.151
6320,train,2.5628,0.1441,4.65,0.0000,nan,4449,3992.9,3.607,3.599
6321,train,3.6837,0.0987,11.71,0.0000,nan,4194,3993.4,8.918,8.904
6322,train,2.7596,0.1879,9.99,0.0000,nan,3901,3994.0,6.978,6.973
6323,train,4.5879,0.0746,13.10,0.0000,nan,4745,3994.6,12.045,12.038
6324,train,2.4268,0.2684,4.32,0.0000,nan,4520,3995.2,2.514,2.505
6325,train,2.8249,0.4102,5.54,0.0000,nan,4305,3995.8,4.045,4.043
6326,train,3.1070,0.1608,6.97,0.0000,nan,3831,3996.3,5.301,5.299
6327,train,3.5839,0.0432,8.35,0.0000,nan,3932,3996.9,6.163,6.154
6328,train,3.7800,0.0123,16.35,0.0000,nan,4221,3997.5,14.064,14.063
6329,train,2.7427,0.1731,5.21,0.0000,nan,4904,3998.1,3.277,3.272
6330,train,2.7857,0.2855,5.12,0.0000,nan,4666,3998.7,3.676,3.667
6331,train,3.0173,0.0793,6.69,0.0000,nan,4375,3999.2,3.828,3.825
6332,train,3.6992,0.1097,13.96,0.0000,nan,4213,3999.8,13.275,13.263
6333,train,2.4211,0.3404,4.00,0.0000,nan,4641,4000.4,2.561,2.556
6334,train,3.4011,0.0390,7.84,0.0000,nan,4518,4001.0,5.575,5.567
6335,train,3.3160,0.1032,8.56,0.0000,nan,4883,4001.6,5.203,5.200
6336,train,3.0448,0.0858,5.92,0.0000,nan,4929,4002.1,4.700,4.693
6337,train,2.9493,0.2025,11.66,0.0000,nan,4351,4002.7,8.919,8.907
6338,train,3.0352,0.1276,6.98,0.0000,nan,3903,4003.3,5.077,5.070
6339,train,4.2955,0.0440,10.87,0.0000,nan,3978,4003.9,9.337,9.335
6340,train,2.9702,0.1574,6.18,0.0000,nan,4498,4004.5,4.660,4.650
6341,train,3.4727,0.1069,8.09,0.0000,nan,5069,4005.0,5.681,5.674
6342,train,3.0290,0.1297,6.18,0.0000,nan,4695,4005.6,4.273,4.259
6343,train,3.8019,0.1472,13.22,0.0000,nan,3921,4006.2,12.832,12.831
6344,train,3.0418,0.1907,6.98,0.0000,nan,4965,4006.8,5.645,5.639
6345,train,3.1753,0.1732,6.30,0.0000,nan,4129,4007.4,4.034,4.023
6346,train,2.6680,0.2778,5.94,0.0000,nan,4956,4007.9,3.850,3.841
6347,train,2.3846,0.2819,4.30,0.0000,nan,4303,4008.5,3.391,3.390
6348,train,2.6095,0.3073,6.54,0.0000,nan,4758,4009.1,3.852,3.848
6349,train,2.8407,0.0653,5.47,0.0000,nan,3892,4009.7,3.944,3.940
6350,train,3.7829,0.0659,6.91,0.0000,nan,4459,4010.2,5.247,5.247
6351,train,3.1870,0.1873,5.95,0.0000,nan,4138,4010.8,4.437,4.434
6352,train,2.3703,0.3091,3.91,0.0000,nan,4478,4011.4,1.932,1.922
6353,train,3.0163,0.1417,7.03,0.0000,nan,4871,4012.0,4.766,4.763
6354,train,3.1814,0.1376,8.70,0.0000,nan,4332,4012.6,5.118,5.113
6355,train,3.2084,0.1250,6.62,0.0000,nan,4823,4013.1,4.885,4.874
6356,train,3.1619,0.1123,7.31,0.0000,nan,4561,4013.7,6.704,6.702
6357,train,2.8668,0.2353,5.72,0.0000,nan,4493,4014.3,3.899,3.890
6358,train,3.4663,0.0910,7.39,0.0000,nan,4210,4014.9,6.813,6.810
6359,train,3.2935,0.1705,7.36,0.0000,nan,4224,4015.5,5.816,5.807
6360,train,3.4795,0.1134,11.42,0.0000,nan,4454,4016.0,10.034,10.027
6361,train,2.5451,0.1447,5.58,0.0000,nan,4712,4016.6,4.545,4.541
6362,train,2.1095,0.3600,3.66,0.0000,nan,3617,4017.2,1.834,1.828
6363,train,3.0088,0.0943,6.22,0.0000,nan,4424,4017.8,5.191,5.187
6364,train,3.9205,0.1617,9.34,0.0000,nan,4019,4018.4,8.198,8.194
6365,train,3.2022,0.1481,8.03,0.0000,nan,4423,4018.9,5.210,5.206
6366,train,3.3198,0.2116,5.62,0.0000,nan,4788,4019.5,3.868,3.856
6367,train,2.6150,0.1739,4.63,0.0000,nan,4968,4020.1,2.965,2.963
6368,train,3.0283,0.2274,7.37,0.0000,nan,5026,4020.7,5.797,5.796
6369,train,2.2444,0.3313,3.70,0.0000,nan,4651,4021.2,2.797,2.791
6370,train,2.8019,0.1554,6.26,0.0000,nan,4349,4021.8,4.272,4.262
6371,train,3.5144,0.1396,7.16,0.0000,nan,4255,4022.4,5.986,5.979
6372,train,2.8085,0.1451,4.86,0.0000,nan,4162,4023.0,3.832,3.815
6373,train,3.5530,0.0617,16.12,0.0000,nan,4459,4023.6,13.295,13.292
6374,train,2.8078,0.2535,6.00,0.0000,nan,4202,4024.1,4.213,4.208
6375,train,2.3492,0.2420,4.19,0.0000,nan,4425,4024.7,2.517,2.511
6376,train,3.0611,0.1776,7.42,0.0000,nan,4674,4025.3,4.944,4.939
6377,train,2.8561,0.1971,5.24,0.0000,nan,4267,4025.9,2.790,2.786
6378,train,2.5091,0.1745,5.08,0.0000,nan,4201,4026.5,2.053,2.033
6379,train,3.0568,0.0499,6.43,0.0000,nan,4289,4027.0,5.454,5.444
6380,train,2.3560,0.2933,4.00,0.0000,nan,4685,4027.6,3.021,3.008
6381,train,4.0028,0.0094,10.41,0.0000,nan,4781,4028.2,7.068,7.021
6382,train,3.3161,0.1337,7.49,0.0000,nan,4182,4028.8,7.535,7.532
6383,train,3.4461,0.0540,6.97,0.0000,nan,4831,4029.4,5.330,5.329
6384,train,3.1793,0.1651,8.82,0.0000,nan,4586,4029.9,6.204,6.152
6385,train,3.0058,0.1158,8.63,0.0000,nan,5235,4030.5,6.400,6.399
6386,train,2.9440,0.2044,5.40,0.0000,nan,4158,4031.1,4.015,4.011
6387,train,3.5755,0.1597,7.62,0.0000,nan,5365,4031.7,5.811,5.809
6388,train,3.0467,0.2075,5.82,0.0000,nan,4125,4032.3,5.042,5.037
6389,train,3.5318,0.1515,9.98,0.0000,nan,3946,4032.8,8.483,8.481
6390,train,3.1747,0.1691,10.15,0.0000,nan,4571,4033.4,6.849,6.839
6391,train,3.1585,0.1864,6.29,0.0000,nan,4775,4034.0,5.897,5.891
6392,train,3.1230,0.1151,6.99,0.0000,nan,4282,4034.6,5.473,5.466
6393,train,2.9180,0.1222,6.92,0.0000,nan,4093,4035.1,5.538,5.530
6394,train,3.1188,0.1580,5.66,0.0000,nan,4286,4035.7,5.183,5.178
6395,train,2.6105,0.2252,8.09,0.0000,nan,4934,4036.3,6.467,6.464
6396,train,2.8698,0.1538,7.15,0.0000,nan,4533,4036.9,5.414,5.397
6397,train,2.6133,0.2055,5.13,0.0000,nan,3868,4037.5,2.430,2.415
6398,train,3.1788,0.2591,8.80,0.0000,nan,3863,4038.0,6.597,6.558
6399,train,3.6975,0.0668,10.52,0.0000,nan,4548,4038.6,8.890,8.868
6400,train,2.7815,0.2365,5.37,0.0000,nan,4545,4039.2,4.204,4.190
6401,train,3.5967,0.0438,9.53,0.0000,nan,4590,4039.8,7.390,7.387
6402,train,3.4756,0.1993,7.75,0.0000,nan,4496,4040.4,5.686,5.648
6403,train,2.5299,0.2087,4.20,0.0000,nan,4739,4040.9,2.031,2.012
6404,train,2.8722,0.1732,5.84,0.0000,nan,5486,4041.5,5.147,5.141
6405,train,3.0494,0.1646,7.59,0.0000,nan,4580,4042.1,5.956,5.954
6406,train,3.4781,0.0725,9.10,0.0000,nan,5782,4042.7,6.646,6.636
6407,train,3.3347,0.1159,5.99,0.0000,nan,4753,4043.3,4.675,4.674
6408,train,3.2554,0.1714,9.68,0.0000,nan,4260,4043.8,9.262,9.203
6409,train,3.9629,0.0252,13.10,0.0000,nan,4239,4044.4,12.713,12.711
6410,train,2.9109,0.0720,5.87,0.0000,nan,4737,4045.0,3.745,3.729
6411,train,3.1880,0.2116,7.28,0.0000,nan,4495,4045.6,4.854,4.852
6412,train,2.9038,0.0859,5.99,0.0000,nan,4203,4046.2,3.755,3.750
6413,train,2.5853,0.1778,4.57,0.0000,nan,4270,4046.7,3.123,3.120
6414,train,3.4718,0.0817,6.43,0.0000,nan,3805,4047.3,4.604,4.599
6415,train,3.8084,0.0387,9.18,0.0000,nan,4806,4047.9,7.969,7.951
6416,train,3.5590,0.0622,12.32,0.0000,nan,4228,4048.5,10.648,10.642
6417,train,3.9816,0.0842,7.70,0.0000,nan,4526,4049.1,6.492,6.490
6418,train,2.7348,0.1858,5.09,0.0000,nan,4419,4049.6,2.598,2.596
6419,train,2.8386,0.1923,5.08,0.0000,nan,4697,4050.2,2.585,2.574
6420,train,3.3114,0.1968,7.16,0.0000,nan,4806,4050.8,4.832,4.827
6421,train,3.2873,0.1470,12.24,0.0000,nan,4735,4051.4,7.333,7.318
6422,train,3.1595,0.0912,6.15,0.0000,nan,4189,4051.9,2.943,2.943
6423,train,3.4512,0.1754,11.75,0.0000,nan,4779,4052.5,10.779,10.766
6424,train,3.3047,0.1970,6.57,0.0000,nan,4360,4053.1,5.149,5.140
6425,train,4.0578,0.0468,9.92,0.0000,nan,5189,4053.7,7.025,7.021
6426,train,2.8168,0.1940,5.64,0.0000,nan,5815,4054.3,3.431,3.425
6427,train,2.7069,0.1106,5.72,0.0000,nan,4266,4054.8,3.594,3.591
6428,train,2.8906,0.1516,5.82,0.0000,nan,5237,4055.4,4.069,4.067
6429,train,3.5920,0.1160,10.60,0.0000,nan,4027,4056.0,8.523,8.518
6430,train,3.8469,0.0446,11.02,0.0000,nan,4528,4056.6,7.356,7.353
6431,train,2.8113,0.1504,5.16,0.0000,nan,4042,4057.2,3.237,3.228
6432,train,3.8129,0.1036,11.57,0.0000,nan,4837,4057.7,11.143,11.142
6433,train,2.8095,0.2006,5.25,0.0000,nan,4996,4058.3,3.438,3.426
6434,train,3.2538,0.2003,6.58,0.0000,nan,3615,4058.9,5.019,5.018
6435,train,4.3673,0.0730,10.94,0.0000,nan,5044,4059.5,11.528,11.527
6436,train,2.5306,0.2187,4.87,0.0000,nan,4395,4060.1,4.409,4.401
6437,train,3.7587,0.0651,13.38,0.0000,nan,4437,4060.6,11.372,11.367
6438,train,2.4529,0.1960,4.67,0.0000,nan,4562,4061.2,2.902,2.900
6439,train,3.1473,0.1864,6.53,0.0000,nan,4930,4061.8,4.312,4.309
6440,train,2.3047,0.2711,4.29,0.0000,nan,3910,4062.4,2.255,2.252
6441,train,2.6076,0.2189,4.89,0.0000,nan,4298,4062.9,3.399,3.397
6442,train,3.9148,0.0390,10.50,0.0000,nan,4513,4063.5,9.064,9.062
6443,train,2.9103,0.2368,8.09,0.0000,nan,3966,4064.1,6.536,6.533
6444,train,2.3745,0.3161,3.86,0.0000,nan,4445,4064.7,1.910,1.907
6445,train,4.3147,0.1255,9.86,0.0000,nan,4973,4065.3,8.625,8.622
6446,train,3.5356,0.1401,8.14,0.0000,nan,4298,4065.8,6.417,6.415
6447,train,3.3651,0.0287,14.22,0.0000,nan,5128,4066.4,12.562,12.561
6448,train,2.2537,0.3103,3.61,0.0000,nan,4083,4067.0,2.322,2.313
6449,train,2.9404,0.2104,6.22,0.0000,nan,5091,4067.6,3.445,3.441
6450,train,3.1978,0.1774,7.72,0.0000,nan,5630,4068.2,6.694,6.689
6451,train,3.5777,0.1988,7.77,0.0000,nan,3988,4068.7,6.182,6.177
6452,train,3.0474,0.1325,9.60,0.0000,nan,4633,4069.3,9.081,9.081
6453,train,2.7918,0.2209,6.31,0.0000,nan,4590,4069.9,4.965,4.958
6454,train,2.5745,0.2188,4.36,0.0000,nan,4414,4070.5,2.837,2.835
6455,train,2.7558,0.2201,4.95,0.0000,nan,5020,4071.1,3.711,3.707
6456,train,2.6881,0.2480,5.57,0.0000,nan,4463,4071.6,4.720,4.719
6457,train,3.0726,0.1634,6.52,0.0000,nan,4326,4072.2,5.202,5.197
6458,train,4.6744,0.1555,10.35,0.0000,nan,4533,4072.8,8.340,8.337
6459,train,3.4422,0.0901,6.49,0.0000,nan,4851,4073.4,5.361,5.358
6460,train,2.6692,0.1627,5.67,0.0000,nan,4297,4074.0,4.135,4.135
6461,train,4.5285,0.1328,10.02,0.0000,nan,5090,4074.5,7.873,7.872
6462,train,3.2752,0.1670,9.69,0.0000,nan,4461,4075.1,8.985,8.984
6463,train,3.0180,0.0498,6.72,0.0000,nan,5077,4075.7,4.891,4.888
6464,train,3.5564,0.0567,7.09,0.0000,nan,4249,4076.3,6.133,6.123
6465,train,4.0999,0.0342,7.77,0.0000,nan,4945,4076.9,6.332,6.325
6466,train,2.2217,0.3501,3.88,0.0000,nan,4130,4077.4,2.187,2.177
6467,train,3.7759,0.1297,14.63,0.0000,nan,4342,4078.0,11.788,11.783
6468,train,3.5324,0.1289,9.40,0.0000,nan,3957,4078.6,8.512,8.504
6469,train,2.8379,0.2101,8.48,0.0000,nan,4356,4079.2,5.634,5.627
6470,train,2.2743,0.2555,4.02,0.0000,nan,4371,4079.7,1.873,1.862
6471,train,3.4044,0.1343,5.98,0.0000,nan,4067,4080.3,4.740,4.730
6472,train,3.4890,0.0757,8.37,0.0000,nan,3921,4080.9,7.317,7.313
6473,train,2.7446,0.1089,5.56,0.0000,nan,3975,4081.5,4.266,4.263
6474,train,3.2622,0.1191,5.77,0.0000,nan,4635,4082.1,5.959,5.955
6475,train,2.0467,0.2645,3.85,0.0000,nan,3959,4082.6,2.512,2.509
6476,train,2.0492,0.3787,3.35,0.0000,nan,3697,4083.2,2.084,2.083
6477,train,2.8063,0.1547,5.50,0.0000,nan,4164,4083.8,3.807,3.799
6478,train,2.5289,0.2485,4.69,0.0000,nan,4426,4084.4,2.737,2.733
6479,train,4.6473,0.0070,15.92,0.0000,nan,5277,4085.0,13.993,13.990
6480,train,3.8084,0.0918,10.65,0.0000,nan,4098,4085.5,7.535,7.532
6481,train,3.5472,0.0326,9.20,0.0000,nan,4969,4086.1,9.376,9.375
6482,train,2.6971,0.1495,5.42,0.0000,nan,4161,4086.7,3.458,3.453
6483,train,2.4650,0.2800,5.01,0.0000,nan,4521,4087.3,3.173,3.170
6484,train,3.6180,0.2646,7.92,0.0000,nan,5037,4087.8,5.641,5.639
6485,train,3.0935,0.1251,6.51,0.0000,nan,5869,4088.4,3.495,3.489
6486,train,2.9469,0.1844,7.20,0.0000,nan,4604,4089.0,5.631,5.628
6487,train,2.8808,0.1776,6.97,0.0000,nan,4393,4089.8,4.795,4.794
6488,train,3.5750,0.1150,11.20,0.0000,nan,5087,4090.4,7.536,7.477
6489,train,3.5546,0.0572,8.03,0.0000,nan,4636,4091.0,6.234,6.233
6490,train,2.6598,0.3186,5.64,0.0000,nan,4516,4091.5,3.115,3.112
6491,train,2.1112,0.3340,3.60,0.0000,nan,4892,4092.1,2.965,2.964
6492,train,2.9203,0.2000,6.54,0.0000,nan,4876,4092.7,3.438,3.424
6493,train,2.6063,0.1719,5.43,0.0000,nan,4659,4093.3,4.020,4.009
6494,train,3.0138,0.1976,11.67,0.0000,nan,4711,4093.9,8.856,8.853
6495,train,3.0727,0.2082,6.62,0.0000,nan,4280,4094.4,6.014,6.012
6496,train,4.1170,0.0231,9.35,0.0000,nan,4464,4095.0,7.330,7.329
6497,train,2.6941,0.1697,5.59,0.0000,nan,4442,4095.6,3.775,3.769
6498,train,3.2102,0.1491,7.34,0.0000,nan,4500,4096.2,7.144,7.142
6499,train,3.6064,0.0659,10.48,0.0000,nan,4661,4096.8,7.583,7.579
6500,train,2.6883,0.2175,5.27,0.0000,nan,4676,4097.3,2.744,2.732
6500,val,3.2088,0.1524,7.90,0.0000,0.00,222066,4124.8,5.878,5.870
6501,train,2.7082,0.1570,5.95,0.0000,nan,4089,4125.4,3.575,3.562
6502,train,2.7578,0.2877,4.64,0.0000,nan,4185,4126.0,3.161,3.160
6503,train,2.5356,0.2260,4.79,0.0000,nan,4340,4126.5,3.673,3.667
6504,train,3.2878,0.0968,7.42,0.0000,nan,4771,4127.1,5.128,5.122
6505,train,4.2068,0.0190,12.54,0.0000,nan,5001,4127.7,9.486,9.485
6506,train,3.5765,0.1337,7.27,0.0000,nan,5017,4128.3,5.274,5.272
6507,train,2.5073,0.1810,4.45,0.0000,nan,5205,4128.9,3.042,3.036
6508,train,3.6332,0.0414,9.02,0.0000,nan,4829,4129.4,6.708,6.705
6509,train,2.8839,0.2659,8.20,0.0000,nan,4174,4130.0,6.264,6.262
6510,train,3.1561,0.0829,9.90,0.0000,nan,4787,4130.6,6.794,6.793
6511,train,3.9163,0.0165,8.74,0.0000,nan,4123,4131.2,7.227,7.224
6512,train,3.2470,0.0683,7.14,0.0000,nan,5154,4131.7,5.206,5.204
6513,train,3.1503,0.1857,6.35,0.0000,nan,4749,4132.3,6.317,6.315
6514,train,2.7142,0.2281,5.11,0.0000,nan,4840,4132.9,3.842,3.839
6515,train,2.6622,0.3116,6.18,0.0000,nan,4609,4133.5,3.732,3.730
6516,train,3.1904,0.0442,5.92,0.0000,nan,4455,4134.1,5.151,5.148
6517,train,2.3961,0.3094,3.83,0.0000,nan,5261,4134.6,2.668,2.663
6518,train,3.1505,0.1582,6.66,0.0000,nan,4166,4135.2,5.290,5.284
6519,train,3.4675,0.1096,8.16,0.0000,nan,4792,4135.8,6.339,6.336
6520,train,3.4574,0.0746,7.84,0.0000,nan,4574,4136.4,6.819,6.811
6521,train,3.6833,0.0923,9.32,0.0000,nan,4657,4137.0,7.939,7.931
6522,train,2.8736,0.1295,5.78,0.0000,nan,5683,4137.5,4.033,4.029
6523,train,2.9885,0.1477,5.62,0.0000,nan,4887,4138.1,3.675,3.658
6524,train,2.3232,0.2176,4.08,0.0000,nan,4595,4138.7,2.261,2.253
6525,train,2.6476,0.1994,4.57,0.0000,nan,4739,4139.3,3.056,3.044
6526,train,2.3800,0.3399,4.81,0.0000,nan,4219,4139.9,2.574,2.569
6527,train,3.5607,0.0736,9.51,0.0000,nan,4609,4140.4,7.595,7.591
6528,train,3.6556,0.1011,9.26,0.0000,nan,4993,4141.0,6.457,6.454
6529,train,2.7528,0.2844,5.06,0.0000,nan,3709,4141.6,4.254,4.253
6530,train,3.2014,0.1158,9.54,0.0000,nan,4275,4142.2,6.696,6.694
6531,train,2.3660,0.3013,3.71,0.0000,nan,5311,4142.7,2.130,2.109
6532,train,2.6373,0.1858,6.62,0.0000,nan,4585,4143.3,4.615,4.612
6533,train,3.0447,0.1731,5.46,0.0000,nan,3887,4143.9,4.819,4.817
6534,train,2.8851,0.1471,5.76,0.0000,nan,4404,4144.5,4.242,4.237
6535,train,3.2886,0.0871,10.30,0.0000,nan,4365,4145.1,8.064,8.061
6536,train,2.5368,0.1534,5.63,0.0000,nan,4212,4145.6,3.855,3.843
6537,train,3.2708,0.0423,8.24,0.0000,nan,5148,4146.2,7.103,7.100
6538,train,2.3525,0.2310,4.71,0.0000,nan,4234,4146.8,2.907,2.902
6539,train,3.2344,0.0854,7.18,0.0000,nan,4710,4147.4,6.693,6.681
6540,train,2.3739,0.2774,3.99,0.0000,nan,4704,4148.0,2.320,2.314
6541,train,2.7158,0.2523,4.83,0.0000,nan,4407,4148.5,2.937,2.933
6542,train,3.2154,0.0519,10.46,0.0000,nan,4779,4149.1,8.095,8.094
6543,train,3.8100,0.0452,9.20,0.0000,nan,4362,4149.7,6.876,6.875
6544,train,2.8667,0.1130,7.25,0.0000,nan,4752,4150.3,6.142,6.141
6545,train,3.7234,0.0810,10.47,0.0000,nan,4925,4150.9,8.909,8.905
6546,train,4.3414,0.0251,13.05,0.0000,nan,3542,4151.4,10.197,10.189
6547,train,2.8273,0.1235,5.44,0.0000,nan,4704,4152.0,3.866,3.857
6548,train,3.3886,0.1927,6.38,0.0000,nan,5703,4152.6,4.967,4.954
6549,train,2.4108,0.1539,4.47,0.0000,nan,4133,4153.2,3.363,3.360
6550,train,3.4124,0.1110,7.94,0.0000,nan,3918,4153.7,4.044,4.044
6551,train,3.2927,0.1080,7.24,0.0000,nan,4415,4154.3,5.087,5.083
6552,train,2.9170,0.1614,5.86,0.0000,nan,5000,4154.9,3.614,3.613
6553,train,2.9594,0.1673,6.91,0.0000,nan,4740,4155.5,4.182,4.180
6554,train,3.2119,0.1283,7.65,0.0000,nan,4558,4156.1,5.687,5.686
6555,train,4.0861,0.0506,12.91,0.0000,nan,4582,4156.6,8.062,8.056
6556,train,3.4167,0.0428,7.99,0.0000,nan,4716,4157.2,5.281,5.256
6557,train,3.1731,0.0578,8.09,0.0000,nan,5136,4157.8,6.450,6.449
6558,train,3.6729,0.1195,8.04,0.0000,nan,4092,4158.4,5.445,5.440
6559,train,3.0589,0.1113,6.77,0.0000,nan,4464,4159.0,4.371,4.345
6560,train,3.5145,0.1719,10.43,0.0000,nan,4672,4159.5,7.999,7.991
6561,train,2.8412,0.2034,5.41,0.0000,nan,4641,4160.1,3.050,3.047
6562,train,3.2750,0.0417,7.08,0.0000,nan,4024,4160.7,5.713,5.712
6563,train,2.7866,0.1779,5.38,0.0000,nan,4519,4161.3,3.561,3.426
6564,train,3.7019,0.0525,11.67,0.0000,nan,4588,4161.9,9.931,9.922
6565,train,3.1928,0.2934,7.31,0.0000,nan,4182,4162.4,5.975,5.968
6566,train,2.4124,0.2362,5.07,0.0000,nan,4504,4163.0,3.083,3.079
6567,train,3.4044,0.0697,8.23,0.0000,nan,4115,4163.6,4.575,4.565
6568,train,2.3672,0.2458,4.00,0.0000,nan,4467,4164.2,2.527,2.519
6569,train,3.4512,0.1269,8.57,0.0000,nan,4902,4164.7,7.036,7.035
6570,train,2.7354,0.1706,5.42,0.0000,nan,4161,4165.3,3.580,3.577
6571,train,2.5596,0.2363,6.17,0.0000,nan,4845,4165.9,2.749,2.739
6572,train,4.2506,0.0996,11.96,0.0000,nan,4841,4166.5,8.427,8.421
6573,train,2.9199,0.1306,5.66,0.0000,nan,4250,4167.1,3.949,3.946
6574,train,3.5889,0.1350,6.52,0.0000,nan,4880,4167.6,4.008,3.928
6575,train,2.7848,0.1219,5.62,0.0000,nan,4333,4168.2,3.439,3.436
6576,train,2.6849,0.1973,4.60,0.0000,nan,4735,4168.8,3.415,3.411
6577,train,2.2517,0.3760,3.59,0.0000,nan,4229,4169.4,2.336,2.334
6578,train,2.9435,0.1259,6.52,0.0000,nan,4758,4170.0,5.142,5.132
6579,train,2.9937,0.2092,5.41,0.0000,nan,4896,4170.5,4.306,4.305
6580,train,2.8479,0.1715,5.22,0.0000,nan,4763,4171.1,3.213,3.183
6581,train,3.0931,0.0719,11.46,0.0000,nan,4227,4171.7,9.216,9.211
6582,train,3.0344,0.1608,6.31,0.0000,nan,3973,4172.3,4.829,4.816
6583,train,2.9233,0.2495,9.01,0.0000,nan,4922,4172.9,6.579,6.575
6584,train,3.5985,0.0980,8.10,0.0000,nan,3968,4173.4,6.831,6.829
6585,train,3.2726,0.1177,10.83,0.0000,nan,4564,4174.0,7.803,7.794
6586,train,3.2933,0.1148,8.18,0.0000,nan,4322,4174.6,7.078,7.075
6587,train,2.6537,0.1933,9.23,0.0000,nan,4646,4175.2,7.139,7.131
6588,train,2.6348,0.1634,5.22,0.0000,nan,4082,4175.7,3.556,3.555
6589,train,3.1736,0.1280,7.50,0.0000,nan,4728,4176.3,6.353,6.347
6590,train,2.8204,0.1419,5.09,0.0000,nan,4990,4176.9,3.424,3.418
6591,train,3.1529,0.0568,7.49,0.0000,nan,4469,4177.5,5.740,5.739
6592,train,3.2547,0.1445,6.79,0.0000,nan,4174,4178.1,6.241,6.241
6593,train,2.7601,0.2051,5.98,0.0000,nan,4467,4178.6,5.281,5.275
6594,train,2.7278,0.2085,7.50,0.0000,nan,4446,4179.2,5.650,5.629
6595,train,3.2319,0.0395,6.91,0.0000,nan,4812,4179.8,5.663,5.660
6596,train,3.0705,0.1089,6.50,0.0000,nan,5640,4180.4,4.714,4.699
6597,train,4.2535,0.0861,11.65,0.0000,nan,3914,4181.0,10.404,10.402
6598,train,2.7157,0.1298,5.18,0.0000,nan,4398,4181.5,3.721,3.719
6599,train,2.4283,0.3178,4.19,0.0000,nan,4245,4182.1,2.649,2.639
6600,train,2.8612,0.1785,6.20,0.0000,nan,4229,4182.7,5.102,5.101
6601,train,2.3674,0.2769,4.00,0.0000,nan,5428,4183.3,1.685,1.682
6602,train,2.9063,0.1398,5.81,0.0000,nan,4844,4183.8,4.431,4.428
6603,train,3.0593,0.1631,6.21,0.0000,nan,4188,4184.4,4.609,4.601
6604,train,2.7032,0.2151,7.30,0.0000,nan,4501,4185.0,5.181,5.169
6605,train,4.3602,0.0500,10.64,0.0000,nan,4696,4185.6,10.392,10.390
6606,train,3.3670,0.1346,12.67,0.0000,nan,3922,4186.2,9.820,9.814
6607,train,2.8989,0.1509,5.98,0.0000,nan,4546,4186.7,4.684,4.679
6608,train,2.3867,0.2654,4.40,0.0000,nan,4612,4187.3,2.823,2.820
6609,train,3.6859,0.0245,7.90,0.0000,nan,4003,4187.9,6.920,6.916
6610,train,2.4222,0.2357,4.39,0.0000,nan,4968,4188.5,3.432,3.415
6611,train,2.9554,0.1049,5.84,0.0000,nan,5301,4189.1,4.111,4.108
6612,train,3.1612,0.2265,7.80,0.0000,nan,5024,4189.6,6.027,6.017
6613,train,3.8778,0.1797,10.13,0.0000,nan,4876,4190.2,9.508,9.496
6614,train,2.8716,0.2253,5.73,0.0000,nan,4389,4190.8,4.078,4.071
6615,train,3.9683,0.1140,11.47,0.0000,nan,4911,4191.4,9.644,9.633
6616,train,3.5650,0.1453,9.79,0.0000,nan,4302,4192.0,9.288,9.286
6617,train,2.0939,0.3891,3.47,0.0000,nan,3899,4192.5,2.277,2.274
6618,train,2.8807,0.2607,5.39,0.0000,nan,4894,4193.1,4.603,4.579
6619,train,3.2007,0.1862,8.30,0.0000,nan,4377,4193.7,5.016,5.015
6620,train,2.4394,0.2468,4.04,0.0000,nan,4275,4194.3,2.114,2.111
6621,train,3.2225,0.0782,7.87,0.0000,nan,3991,4194.8,5.409,5.405
6622,train,2.8690,0.1691,5.64,0.0000,nan,4217,4195.4,3.844,3.837
6623,train,2.8992,0.1557,6.08,0.0000,nan,4354,4196.0,4.520,4.516
6624,train,3.6212,0.1254,9.82,0.0000,nan,4258,4196.6,8.255,8.244
6625,train,2.1853,0.3195,3.69,0.0000,nan,3721,4197.2,2.189,2.179
6626,train,3.5737,0.0181,7.52,0.0000,nan,3583,4197.7,6.808,6.806
6627,train,2.8762,0.1525,7.49,0.0000,nan,4164,4198.3,6.315,6.315
6628,train,3.4998,0.1700,7.90,0.0000,nan,4947,4198.9,4.816,4.814
6629,train,2.3599,0.2579,4.31,0.0000,nan,4064,4199.5,2.081,2.078
6630,train,2.8585,0.1011,5.77,0.0000,nan,4749,4200.1,4.059,4.051
6631,train,3.1268,0.0774,7.90,0.0000,nan,5166,4200.6,7.130,7.128
6632,train,3.6132,0.0883,6.59,0.0000,nan,4236,4201.2,3.812,3.811
6633,train,2.8464,0.1290,5.79,0.0000,nan,4606,4201.8,4.020,4.017
6634,train,2.8719,0.1303,5.91,0.0000,nan,4167,4202.4,5.084,5.083
6635,train,2.4172,0.3422,5.07,0.0000,nan,4568,4202.9,2.591,2.587
6636,train,3.1963,0.1638,9.22,0.0000,nan,4395,4203.5,8.224,8.223
6637,train,2.4773,0.2414,4.64,0.0000,nan,4672,4204.1,2.485,2.473
6638,train,2.5554,0.2570,4.97,0.0000,nan,4801,4204.7,3.891,3.888
6639,train,3.9045,0.1037,13.55,0.0000,nan,4685,4205.3,13.249,13.241
6640,train,3.0485,0.2009,6.39,0.0000,nan,5056,4205.8,4.329,4.323
6641,train,2.1987,0.3815,3.27,0.0000,nan,4660,4206.4,1.729,1.723
6642,train,2.4090,0.2675,4.21,0.0000,nan,4037,4207.0,2.205,2.198
6643,train,3.0760,0.1915,8.40,0.0000,nan,4784,4207.6,6.583,6.581
6644,train,4.0852,0.0137,14.95,0.0000,nan,4451,4208.2,9.318,9.318
6645,train,2.6832,0.1102,5.46,0.0000,nan,4129,4208.7,3.777,3.772
6646,train,2.7257,0.2469,4.85,0.0000,nan,4982,4209.3,3.116,3.089
6647,train,3.4495,0.1262,6.49,0.0000,nan,4175,4209.9,5.688,5.683
6648,train,3.0573,0.1139,8.23,0.0000,nan,4274,4210.5,7.891,7.889
6649,train,2.9706,0.1339,5.86,0.0000,nan,4556,4211.0,4.368,4.366
6650,train,2.8399,0.2925,6.24,0.0000,nan,4079,4211.6,4.672,4.669
6651,train,3.1032,0.1340,7.07,0.0000,nan,4725,4212.2,6.527,6.515
6652,train,2.5714,0.2522,5.11,0.0000,nan,4584,4212.8,3.177,3.165
6653,train,2.4769,0.2166,4.39,0.0000,nan,4423,4213.4,2.575,2.571
6654,train,3.0946,0.0958,6.12,0.0000,nan,4195,4213.9,4.786,4.785
6655,train,2.4042,0.1723,4.61,0.0000,nan,4098,4214.5,3.090,3.082
6656,train,3.4665,0.0250,7.32,0.0000,nan,4878,4215.1,7.284,7.279
6657,train,2.7937,0.2293,8.69,0.0000,nan,4344,4215.7,6.934,6.920
6658,train,2.5617,0.2117,6.52,0.0000,nan,4223,4216.3,5.719,5.714
6659,train,1.8858,0.4614,3.28,0.0000,nan,3981,4216.8,1.404,1.400
6660,train,2.8491,0.1121,5.16,0.0000,nan,4075,4217.4,3.621,3.620
6661,train,2.6601,0.1902,6.68,0.0000,nan,4363,4218.0,4.430,4.423
6662,train,3.1536,0.2797,6.11,0.0000,nan,4623,4218.6,4.140,4.136
6663,train,4.9812,0.0562,14.87,0.0000,nan,4712,4219.1,11.514,11.512
6664,train,2.1419,0.3654,4.51,0.0000,nan,4272,4219.7,2.572,2.564
6665,train,3.0998,0.1368,6.16,0.0000,nan,4679,4220.3,3.410,3.408
6666,train,3.8835,0.0874,11.71,0.0000,nan,4350,4220.9,9.787,9.775
6667,train,2.8610,0.0978,5.73,0.0000,nan,4429,4221.5,4.663,4.654
6668,train,3.8573,0.1049,10.26,0.0000,nan,5117,4222.0,8.248,8.244
6669,train,2.9434,0.2238,6.76,0.0000,nan,4713,4222.6,4.811,4.808
6670,train,2.2935,0.3014,3.79,0.0000,nan,4754,4223.2,2.272,2.270
6671,train,3.1715,0.1694,6.79,0.0000,nan,4622,4223.8,5.081,5.079
6672,train,3.0179,0.1731,6.52,0.0000,nan,4471,4224.4,5.615,5.598
6673,train,4.8661,0.1244,12.82,0.0000,nan,3987,4224.9,12.567,12.564
6674,train,3.8176,0.0321,10.56,0.0000,nan,4511,4225.5,9.377,9.365
6675,train,3.0523,0.1067,5.79,0.0000,nan,4538,4226.1,4.794,4.791
6676,train,3.1204,0.1945,7.12,0.0000,nan,4910,4226.7,6.316,6.304
6677,train,2.8550,0.2048,5.21,0.0000,nan,4980,4227.3,4.230,4.224
6678,train,3.7934,0.0448,10.51,0.0000,nan,5064,4227.8,8.691,8.686
6679,train,2.9128,0.1509,7.95,0.0000,nan,4440,4228.4,6.916,6.914
6680,train,3.7791,0.0237,10.44,0.0000,nan,4807,4229.0,9.607,9.604
6681,train,2.9462,0.0877,6.41,0.0000,nan,4288,4229.6,4.864,4.859
6682,train,2.5060,0.1140,5.85,0.0000,nan,3815,4230.1,3.783,3.781
6683,train,3.2192,0.1798,10.12,0.0000,nan,3949,4230.7,7.465,7.462
6684,train,2.8331,0.2065,5.26,0.0000,nan,4712,4231.3,3.531,3.522
6685,train,3.6339,0.1012,7.80,0.0000,nan,5001,4231.9,7.263,7.255
6686,train,2.5680,0.2891,4.28,0.0000,nan,4573,4232.5,2.147,2.143
6687,train,2.6590,0.2983,4.77,0.0000,nan,4181,4233.0,3.574,3.571
6688,train,3.2565,0.0800,8.02,0.0000,nan,4675,4233.6,5.398,5.392
6689,train,3.6924,0.1161,9.33,0.0000,nan,4488,4234.2,7.032,7.021
6690,train,3.3110,0.1263,6.78,0.0000,nan,4885,4234.8,5.750,5.746
6691,train,2.6710,0.2167,5.02,0.0000,nan,4430,4235.4,2.984,2.979
6692,train,2.4149,0.3022,4.30,0.0000,nan,4364,4235.9,3.048,3.014
6693,train,3.7945,0.0457,9.98,0.0000,nan,5099,4236.5,7.358,7.356
6694,train,2.8342,0.1722,5.99,0.0000,nan,4761,4237.1,3.832,3.826
6695,train,3.1238,0.1442,7.18,0.0000,nan,5269,4237.7,4.370,4.342
6696,train,3.5050,0.1047,10.29,0.0000,nan,4748,4238.3,6.884,6.880
6697,train,2.9623,0.0994,6.20,0.0000,nan,3933,4238.8,4.407,4.399
6698,train,3.2258,0.1757,6.85,0.0000,nan,4848,4239.4,4.957,4.954
6699,train,4.0374,0.0455,14.15,0.0000,nan,4705,4240.0,10.933,10.929
6700,train,4.0260,0.0515,8.70,0.0000,nan,3824,4240.6,6.497,6.494
6701,train,3.7036,0.0367,8.08,0.0000,nan,4736,4241.1,6.740,6.725
6702,train,2.5667,0.2051,4.56,0.0000,nan,4115,4241.7,2.507,2.500
6703,train,3.0408,0.1746,5.08,0.0000,nan,4858,4242.3,4.390,4.387
6704,train,2.0927,0.3635,3.35,0.0000,nan,4526,4242.9,1.618,1.617
6705,train,2.4648,0.2759,6.49,0.0000,nan,4291,4243.5,4.725,4.699
6706,train,2.8454,0.1180,6.59,0.0000,nan,4814,4244.0,5.144,5.141
6707,train,2.5508,0.1777,5.85,0.0000,nan,4006,4244.6,4.719,4.713
6708,train,3.5376,0.1601,7.61,0.0000,nan,4440,4245.2,5.123,5.113
6709,train,2.9930,0.1889,11.19,0.0000,nan,4113,4245.8,11.110,11.094
6710,train,2.6274,0.1331,5.77,0.0000,nan,4282,4246.4,4.699,4.695
6711,train,2.3018,0.2936,4.47,0.0000,nan,4428,4246.9,1.735,1.692
6712,train,3.2712,0.1067,8.47,0.0000,nan,4939,4247.5,7.494,7.486
6713,train,2.9584,0.1791,7.06,0.0000,nan,4880,4248.1,5.136,5.133
6714,train,2.9477,0.1993,6.96,0.0000,nan,4561,4248.7,4.624,4.619
6715,train,3.4312,0.1348,8.22,0.0000,nan,5615,4249.3,4.972,4.962
6716,train,2.5782,0.3027,4.25,0.0000,nan,4261,4249.8,2.255,2.253
6717,train,3.4526,0.1065,11.82,0.0000,nan,4546,4250.4,8.274,8.250
6718,train,3.4102,0.1625,12.14,0.0000,nan,4535,4251.0,10.395,10.389
6719,train,3.3722,0.0779,10.01,0.0000,nan,3800,4251.6,7.174,7.168
6720,train,3.0672,0.1306,8.16,0.0000,nan,4594,4252.1,5.574,5.565
6721,train,3.1573,0.1275,8.10,0.0000,nan,4346,4252.7,5.420,5.406
6722,train,3.8529,0.1083,10.37,0.0000,nan,3895,4253.3,7.958,7.933
6723,train,3.3284,0.0679,8.42,0.0000,nan,5301,4253.9,6.633,6.628
6724,train,4.1061,0.0179,13.38,0.0000,nan,5583,4254.5,10.815,10.811
6725,train,3.1017,0.1429,6.56,0.0000,nan,4548,4255.0,5.177,5.174
6726,train,3.0796,0.1758,6.64,0.0000,nan,4653,4255.6,5.474,5.469
6727,train,2.3899,0.2822,3.92,0.0000,nan,4284,4256.2,2.303,2.297
6728,train,3.3941,0.1188,9.90,0.0000,nan,4301,4256.8,8.659,8.655
6729,train,3.0857,0.2533,9.26,0.0000,nan,3735,4257.4,7.428,7.425
6730,train,4.4280,0.0199,15.58,0.0000,nan,4633,4257.9,14.134,14.130
6731,train,3.7492,0.1262,8.35,0.0000,nan,4080,4258.5,4.278,4.124
6732,train,4.0113,0.0165,9.09,0.0000,nan,4255,4259.1,7.589,7.585
6733,train,3.5322,0.1885,9.26,0.0000,nan,4367,4259.7,8.539,8.539
6734,train,2.9595,0.0986,5.96,0.0000,nan,4239,4260.2,5.127,5.126
6735,train,2.9477,0.0854,7.57,0.0000,nan,4966,4260.8,5.186,5.185
6736,train,3.3292,0.1250,9.57,0.0000,nan,4864,4261.4,7.542,7.540
6737,train,2.8336,0.1104,6.58,0.0000,nan,4674,4262.0,5.018,5.014
6738,train,2.1276,0.3950,3.38,0.0000,nan,4790,4262.6,1.880,1.861
6739,train,3.2227,0.1692,12.14,0.0000,nan,4255,4263.1,8.543,8.536
6740,train,4.1638,0.1389,12.17,0.0000,nan,4239,4263.7,9.130,9.106
6741,train,2.5562,0.1944,4.51,0.0000,nan,4670,4264.3,2.518,2.512
6742,train,2.4994,0.3217,4.15,0.0000,nan,4168,4264.9,1.681,1.670
6743,train,2.9232,0.2158,6.57,0.0000,nan,5000,4265.5,5.268,5.214
6744,train,4.0182,0.1458,7.40,0.0000,nan,3896,4266.0,6.476,6.471
6745,train,2.7599,0.1521,4.99,0.0000,nan,4347,4266.6,3.938,3.934
6746,train,2.6992,0.2200,4.80,0.0000,nan,4186,4267.2,3.188,3.187
6747,train,4.2627,0.0863,13.02,0.0000,nan,4946,4267.8,9.799,9.792
6748,train,2.8623,0.1462,5.55,0.0000,nan,4940,4268.3,3.588,3.581
6749,train,4.5152,0.0392,13.39,0.0000,nan,4928,4268.9,10.100,10.007
6750,train,2.9483,0.1441,6.46,0.0000,nan,4905,4269.5,4.559,4.546
6751,train,2.3909,0.2713,3.80,0.0000,nan,3834,4270.1,2.477,2.473
6752,train,2.6442,0.3672,5.67,0.0000,nan,4643,4270.7,4.124,4.120
6753,train,2.6238,0.1870,5.42,0.0000,nan,4753,4271.2,4.392,4.387
6754,train,2.7465,0.0851,5.31,0.0000,nan,4346,4271.8,3.693,3.689
6755,train,3.6857,0.0197,7.86,0.0000,nan,5387,4272.4,5.344,5.339
6756,train,2.2440,0.3162,4.05,0.0000,nan,4055,4273.0,2.749,2.722
6757,train,2.8751,0.2057,5.63,0.0000,nan,4429,4273.6,3.623,3.611
6758,train,2.8722,0.1843,5.58,0.0000,nan,4433,4274.1,3.084,3.062
6759,train,2.5451,0.1824,4.62,0.0000,nan,5072,4274.7,2.902,2.899
6760,train,2.9043,0.1099,6.29,0.0000,nan,4475,4275.3,2.286,2.254
6761,train,3.3754,0.1195,8.59,0.0000,nan,4461,4275.9,8.640,8.638
6762,train,3.0222,0.1831,5.80,0.0000,nan,4610,4276.5,4.765,4.754
6763,train,3.3499,0.1033,9.77,0.0000,nan,4580,4277.0,7.607,7.604
6764,train,3.6625,0.2297,11.25,0.0000,nan,5045,4277.6,8.856,8.777
6765,train,2.8014,0.2267,6.74,0.0000,nan,4534,4278.2,3.135,3.128
6766,train,2.7658,0.2895,4.50,0.0000,nan,5084,4278.8,2.834,2.795
6767,train,3.1720,0.2040,6.45,0.0000,nan,3892,4279.4,5.391,5.389
6768,train,2.7963,0.1321,5.69,0.0000,nan,4020,4279.9,5.182,5.178
6769,train,2.9381,0.1257,6.12,0.0000,nan,4136,4280.5,4.188,4.185
6770,train,2.7865,0.1540,5.39,0.0000,nan,4604,4281.1,2.492,2.491
6771,train,3.0105,0.1347,7.36,0.0000,nan,4610,4281.7,1.630,1.610
6772,train,3.1746,0.1979,6.60,0.0000,nan,4826,4282.2,5.562,5.554
6773,train,2.9122,0.1748,5.67,0.0000,nan,4572,4282.8,2.672,2.665
6774,train,2.8272,0.1266,5.56,0.0000,nan,5631,4283.4,3.570,3.565
6775,train,3.6268,0.1108,9.87,0.0000,nan,5553,4284.0,6.864,6.860
6776,train,2.5157,0.3424,5.43,0.0000,nan,4510,4284.6,3.069,3.061
6777,train,3.0304,0.2846,5.13,0.0000,nan,4354,4285.1,3.108,3.086
6778,train,2.6231,0.2143,5.19,0.0000,nan,4050,4285.7,2.492,2.481
6779,train,3.3837,0.1006,10.20,0.0000,nan,4910,4286.3,7.880,7.877
6780,train,4.4855,0.0624,12.86,0.0000,nan,4777,4286.9,11.911,11.910
6781,train,2.4144,0.3467,3.78,0.0000,nan,5149,4287.5,2.604,2.597
6782,train,2.4525,0.2512,4.41,0.0000,nan,4379,4288.0,2.677,2.674
6783,train,2.9372,0.2704,5.34,0.0000,nan,4071,4288.6,3.712,3.705
6784,train,2.0034,0.4478,3.02,0.0000,nan,4906,4289.2,1.774,1.770
6785,train,2.5102,0.2140,5.12,0.0000,nan,4588,4289.8,4.306,4.299
6786,train,3.4572,0.0674,10.49,0.0000,nan,4719,4290.4,9.778,9.771
6787,train,3.0755,0.1597,6.58,0.0000,nan,4189,4290.9,3.416,3.412
6788,train,3.3966,0.1293,8.10,0.0000,nan,4154,4291.5,6.961,6.954
6789,train,3.0063,0.0677,6.00,0.0000,nan,4550,4292.1,4.338,4.335
6790,train,3.1921,0.1250,6.72,0.0000,nan,4937,4292.7,3.880,3.878
6791,train,3.1224,0.0614,6.84,0.0000,nan,4884,4293.2,5.322,5.320
6792,train,2.6058,0.1947,5.54,0.0000,nan,4514,4293.8,2.935,2.928
6793,train,3.2964,0.0754,6.11,0.0000,nan,4775,4294.4,3.671,3.662
6794,train,3.5180,0.1008,6.78,0.0000,nan,4515,4295.0,5.469,5.469
6795,train,3.7582,0.0563,8.12,0.0000,nan,5043,4295.6,7.281,7.280
6796,train,2.7546,0.1779,5.71,0.0000,nan,4187,4296.1,3.341,3.297
6797,train,3.5165,0.1368,11.39,0.0000,nan,4589,4296.7,9.204,9.199
6798,train,2.6800,0.1663,5.17,0.0000,nan,4431,4297.3,3.170,3.159
6799,train,3.2123,0.0891,6.68,0.0000,nan,3837,4297.9,4.944,4.937
6800,train,2.7538,0.1686,5.34,0.0000,nan,5108,4298.5,4.172,4.171
6801,train,3.1679,0.0686,6.25,0.0000,nan,4550,4299.0,4.563,4.562
6802,train,4.2555,0.1738,9.91,0.0000,nan,3907,4299.6,9.111,9.083
6803,train,2.9437,0.1085,5.70,0.0000,nan,4534,4300.2,4.897,4.895
6804,train,2.9144,0.2273,4.79,0.0000,nan,4197,4300.8,2.753,2.730
6805,train,2.7065,0.1917,5.64,0.0000,nan,4722,4301.4,3.393,3.384
6806,train,3.0913,0.2389,6.03,0.0000,nan,4442,4301.9,5.344,5.342
6807,train,3.7237,0.0511,7.64,0.0000,nan,5090,4302.5,6.648,6.644
6808,train,3.9103,0.1330,10.07,0.0000,nan,4744,4303.1,6.411,6.388
6809,train,3.7248,0.0761,11.46,0.0000,nan,4794,4303.7,10.133,10.128
6810,train,2.7508,0.1868,5.22,0.0000,nan,5443,4304.3,3.581,3.571
6811,train,3.6709,0.1037,10.38,0.0000,nan,4405,4304.8,7.225,7.216
6812,train,2.6677,0.2560,6.05,0.0000,nan,4109,4305.4,4.305,4.287
6813,train,3.1511,0.1663,6.38,0.0000,nan,4595,4306.0,5.692,5.688
6814,train,2.4807,0.1731,4.80,0.0000,nan,5610,4306.6,2.577,2.550
6815,train,2.3788,0.2628,3.96,0.0000,nan,4692,4307.1,2.446,2.444
6816,train,3.2590,0.1468,8.02,0.0000,nan,4332,4307.7,6.370,6.329
6817,train,2.7739,0.1355,6.22,0.0000,nan,4538,4308.3,3.904,3.899
6818,train,2.9482,0.1644,5.71,0.0000,nan,4253,4308.9,4.746,4.741
6819,train,2.1772,0.2483,3.79,0.0000,nan,4169,4309.5,2.158,2.155
6820,train,4.1962,0.1806,9.57,0.0000,nan,4740,4310.0,7.136,7.128
6821,train,3.0329,0.1448,6.05,0.0000,nan,4351,4310.6,4.195,4.186
6822,train,2.7474,0.1478,4.85,0.0000,nan,4507,4311.2,3.630,3.627
6823,train,3.3518,0.0972,7.01,0.0000,nan,4443,4311.8,4.401,4.396
6824,train,2.9740,0.2422,7.11,0.0000,nan,5189,4312.4,6.327,6.323
6825,train,2.6109,0.2093,5.38,0.0000,nan,4524,4312.9,3.795,3.788
6826,train,2.8694,0.0937,6.90,0.0000,nan,4965,4313.5,5.694,5.689
6827,train,3.7646,0.0545,8.19,0.0000,nan,5115,4314.1,7.179,7.178
6828,train,3.8986,0.1221,11.69,0.0000,nan,4372,4314.7,10.238,10.235
6829,train,2.9020,0.1624,5.62,0.0000,nan,4944,4315.2,3.915,3.914
6830,train,3.4275,0.0669,9.85,0.0000,nan,3961,4315.8,8.191,8.189
6831,train,2.2978,0.2113,4.06,0.0000,nan,4505,4316.4,2.985,2.982
6832,train,3.0959,0.2351,5.54,0.0000,nan,4228,4317.0,5.022,5.016
6833,train,3.7381,0.1007,14.06,0.0000,nan,4427,4317.6,12.233,12.233
6834,train,2.0718,0.3892,3.96,0.0000,nan,4779,4318.1,3.353,3.348
6835,train,4.0565,0.2845,11.05,0.0000,nan,5087,4318.7,8.544,8.540
6836,train,2.7485,0.1314,6.09,0.0000,nan,4925,4319.3,4.302,4.295
6837,train,3.4396,0.1392,9.29,0.0000,nan,4065,4319.9,7.864,7.855
6838,train,2.2571,0.2892,3.95,0.0000,nan,4256,4320.5,2.685,2.684
6839,train,2.8213,0.2340,5.97,0.0000,nan,4778,4321.0,4.382,4.379
6840,train,3.4557,0.0507,8.81,0.0000,nan,5190,4321.6,6.995,6.984
6841,train,2.8177,0.1840,5.18,0.0000,nan,4190,4322.2,4.292,4.288
6842,train,3.3601,0.1878,8.37,0.0000,nan,4488,4322.8,5.728,5.726
6843,train,4.2269,0.1887,14.30,0.0000,nan,4334,4323.3,11.920,11.918
6844,train,2.2483,0.2106,4.04,0.0000,nan,3722,4323.9,2.958,2.953
6845,train,2.8274,0.2428,7.50,0.0000,nan,4295,4324.5,6.660,6.641
6846,train,4.9231,0.0751,14.48,0.0000,nan,4246,4325.1,12.364,12.362
6847,train,2.4900,0.2586,6.95,0.0000,nan,4153,4325.7,4.502,4.501
6848,train,2.9101,0.3263,8.37,0.0000,nan,3819,4326.2,7.132,7.127
6849,train,4.0752,0.0798,12.09,0.0000,nan,4688,4326.8,11.234,11.231
6850,train,2.7747,0.2222,5.82,0.0000,nan,4649,4327.4,5.795,5.784
6851,train,3.3173,0.0466,6.85,0.0000,nan,5252,4328.0,6.042,6.039
6852,train,2.9636,0.1220,5.44,0.0000,nan,4581,4328.6,3.290,3.288
6853,train,3.7229,0.0704,10.16,0.0000,nan,4900,4329.1,8.226,8.226
6854,train,3.4698,0.1043,8.39,0.0000,nan,4545,4329.7,7.361,7.361
6855,train,2.5590,0.2240,8.21,0.0000,nan,5322,4330.3,7.790,7.776
6856,train,2.6707,0.2067,5.58,0.0000,nan,4597,4330.9,3.618,3.616
6857,train,3.4084,0.0854,12.82,0.0000,nan,4346,4331.5,10.253,10.249
6858,train,3.2666,0.0709,9.23,0.0000,nan,4597,4332.0,7.322,7.320
6859,train,2.3633,0.2370,4.17,0.0000,nan,4763,4332.6,2.651,2.632
6860,train,3.9797,0.1063,12.66,0.0000,nan,3999,4333.2,9.984,9.969
6861,train,3.7003,0.1656,16.31,0.0000,nan,4335,4333.8,13.668,13.658
6862,train,4.3408,0.0898,11.77,0.0000,nan,4833,4334.3,8.842,8.837
6863,train,3.5958,0.0492,8.59,0.0000,nan,5181,4334.9,7.219,7.213
6864,train,2.6782,0.2716,5.29,0.0000,nan,4775,4335.5,4.366,4.335
6865,train,3.6965,0.1030,7.93,0.0000,nan,3825,4336.1,5.284,5.283
6866,train,3.2273,0.2263,5.72,0.0000,nan,4128,4336.7,4.370,4.367
6867,train,3.7074,0.0512,9.50,0.0000,nan,4940,4337.2,10.264,10.263
6868,train,3.1343,0.0925,8.65,0.0000,nan,5158,4337.8,6.411,6.408
6869,train,3.5242,0.0825,8.95,0.0000,nan,4411,4338.4,7.234,7.232
6870,train,2.4076,0.2676,4.77,0.0000,nan,4795,4339.0,3.334,3.329
6871,train,3.0424,0.1677,11.32,0.0000,nan,4990,4339.6,9.060,9.060
6872,train,2.6730,0.1930,4.65,0.0000,nan,4700,4340.1,2.971,2.968
6873,train,3.6060,0.1810,9.55,0.0000,nan,5254,4340.7,6.297,6.259
6874,train,3.3930,0.1056,9.41,0.0000,nan,5083,4341.3,7.950,7.947
6875,train,3.1892,0.1332,6.60,0.0000,nan,4828,4341.9,4.511,4.506
6876,train,3.5312,0.0740,7.38,0.0000,nan,5693,4342.5,7.337,7.336
6877,train,3.6021,0.1869,6.46,0.0000,nan,4686,4343.0,5.316,5.311
6878,train,3.0010,0.1312,5.63,0.0000,nan,5128,4343.6,4.433,4.430
6879,train,3.0222,0.1288,5.40,0.0000,nan,4558,4344.2,3.169,3.166
6880,train,3.9107,0.0478,7.85,0.0000,nan,4271,4344.8,7.025,7.022
6881,train,2.7087,0.2161,4.72,0.0000,nan,4331,4345.4,2.333,2.311
6882,train,3.1862,0.1373,6.73,0.0000,nan,4683,4345.9,5.058,5.056
6883,train,4.4469,0.0088,11.69,0.0000,nan,4079,4346.5,9.656,9.653
6884,train,3.2619,0.2315,11.06,0.0000,nan,4233,4347.1,8.249,8.244
6885,train,2.6298,0.1815,4.68,0.0000,nan,4462,4347.7,3.152,3.150
6886,train,2.2489,0.3279,3.98,0.0000,nan,4041,4348.2,1.910,1.897
6887,train,3.5718,0.1079,8.41,0.0000,nan,4893,4348.8,6.486,6.483
6888,train,3.1698,0.0861,7.04,0.0000,nan,4355,4349.4,5.292,5.290
6889,train,4.8172,0.1668,9.15,0.0000,nan,4881,4350.0,7.437,7.436
6890,train,2.6210,0.1425,6.05,0.0000,nan,4077,4350.6,4.142,4.118
6891,train,2.8113,0.1638,5.25,0.0000,nan,5201,4351.1,3.434,3.402
6892,train,2.4461,0.3671,4.50,0.0000,nan,4263,4351.7,2.739,2.722
6893,train,2.5246,0.2946,4.29,0.0000,nan,5218,4352.3,2.436,2.418
6894,train,3.1880,0.1562,7.89,0.0000,nan,4084,4352.9,6.117,6.113
6895,train,2.8338,0.1182,8.55,0.0000,nan,4450,4353.5,6.274,6.272
6896,train,3.1434,0.2535,8.25,0.0000,nan,4935,4354.0,5.212,5.170
6897,train,2.8934,0.2510,5.71,0.0000,nan,4553,4354.6,3.392,3.384
6898,train,3.2958,0.0741,7.12,0.0000,nan,4653,4355.2,3.941,3.935
6899,train,2.8427,0.1754,7.06,0.0000,nan,4260,4355.8,3.975,3.974
6900,train,3.5019,0.1651,9.09,0.0000,nan,4614,4356.4,7.157,7.144
6901,train,2.3159,0.2980,4.27,0.0000,nan,4212,4356.9,2.963,2.959
6902,train,3.1966,0.1507,7.99,0.0000,nan,4923,4357.5,6.272,6.267
6903,train,2.6071,0.1880,4.71,0.0000,nan,4650,4358.1,2.678,2.676
6904,train,3.3772,0.0864,7.36,0.0000,nan,4667,4358.7,5.434,5.429
6905,train,3.5943,0.0648,8.82,0.0000,nan,4384,4359.3,6.610,6.606
6906,train,2.3608,0.2311,4.07,0.0000,nan,4072,4359.8,2.217,2.202
6907,train,2.6997,0.0711,5.30,0.0000,nan,4586,4360.4,3.927,3.927
6908,train,2.2832,0.1941,4.25,0.0000,nan,3653,4361.0,2.643,2.637
6909,train,2.8766,0.1296,5.98,0.0000,nan,4716,4361.6,4.035,3.999
6910,train,2.9423,0.2343,8.86,0.0000,nan,4921,4362.1,7.154,7.153
6911,train,2.6272,0.2198,5.26,0.0000,nan,4250,4362.7,3.092,3.088
6912,train,3.2559,0.0234,10.14,0.0000,nan,4623,4363.3,8.460,8.459
6913,train,2.8859,0.1763,5.11,0.0000,nan,5112,4363.9,3.812,3.806
6914,train,2.8394,0.2090,5.49,0.0000,nan,4363,4364.5,3.684,3.681
6915,train,3.5057,0.1152,7.43,0.0000,nan,4842,4365.0,5.953,5.952
6916,train,2.1661,0.3006,3.80,0.0000,nan,4312,4365.6,1.944,1.941
6917,train,2.8323,0.1923,5.92,0.0000,nan,4879,4366.2,3.518,3.509
6918,train,3.9184,0.0446,14.24,0.0000,nan,3790,4366.8,12.030,12.029
6919,train,3.2540,0.1351,10.26,0.0000,nan,4818,4367.4,8.648,8.643
6920,train,3.3267,0.1693,7.36,0.0000,nan,4253,4367.9,6.496,6.479
6921,train,2.9814,0.2914,8.31,0.0000,nan,4956,4368.5,8.213,8.204
6922,train,2.8044,0.1419,5.20,0.0000,nan,4335,4369.1,3.216,3.178
6923,train,3.4419,0.0850,7.93,0.0000,nan,4905,4369.7,7.741,7.704
6924,train,3.5828,0.0902,9.05,0.0000,nan,4503,4370.2,6.887,6.884
6925,train,3.8749,0.0675,10.65,0.0000,nan,4355,4370.8,9.196,9.193
6926,train,2.2748,0.3930,3.64,0.0000,nan,4216,4371.4,2.167,2.166
6927,train,3.0631,0.2226,8.32,0.0000,nan,4550,4372.0,6.712,6.712
6928,train,2.4643,0.3198,3.99,0.0000,nan,4615,4372.6,3.396,3.389
6929,train,3.2964,0.1422,6.61,0.0000,nan,4429,4373.1,5.225,5.223
6930,train,3.1836,0.1066,5.51,0.0000,nan,4708,4373.7,4.489,4.487
6931,train,3.4160,0.0523,10.74,0.0000,nan,4153,4374.3,9.546,9.542
6932,train,3.6194,0.0400,7.01,0.0000,nan,4553,4374.9,5.349,5.347
6933,train,3.5260,0.1202,9.36,0.0000,nan,4002,4375.5,7.981,7.979
6934,train,3.2704,0.1025,5.82,0.0000,nan,4859,4376.0,4.631,4.629
6935,train,2.8340,0.1609,5.48,0.0000,nan,4468,4376.6,3.638,3.634
6936,train,3.2591,0.1450,6.33,0.0000,nan,4042,4377.2,6.062,6.061
6937,train,3.4841,0.0428,7.73,0.0000,nan,4436,4377.8,5.794,5.793
6938,train,3.0878,0.1735,5.41,0.0000,nan,4795,4378.4,3.851,3.850
6939,train,2.4170,0.2428,5.86,0.0000,nan,4650,4378.9,5.102,5.097
6940,train,3.0064,0.0704,6.04,0.0000,nan,4745,4379.5,3.724,3.723
6941,train,3.4452,0.1764,6.40,0.0000,nan,4575,4380.1,5.161,5.159
6942,train,2.5239,0.2565,4.38,0.0000,nan,4097,4380.7,3.019,3.019
6943,train,2.3925,0.1617,4.45,0.0000,nan,5045,4381.2,2.831,2.830
6944,train,3.1420,0.1844,7.73,0.0000,nan,4723,4381.8,6.144,6.140
6945,train,2.8754,0.1970,4.92,0.0000,nan,4270,4382.4,3.564,3.539
6946,train,2.6330,0.2041,4.82,0.0000,nan,4988,4383.0,4.614,4.608
6947,train,2.9567,0.1543,5.52,0.0000,nan,4901,4383.6,4.428,4.428
6948,train,2.4916,0.2489,4.35,0.0000,nan,4271,4384.1,2.612,2.606
6949,train,2.5765,0.2749,6.95,0.0000,nan,4875,4384.7,5.313,5.306
6950,train,2.1833,0.3247,3.73,0.0000,nan,3908,4385.3,2.474,2.471
6951,train,2.7803,0.2763,4.86,0.0000,nan,4673,4385.9,3.552,3.552
6952,train,4.3673,0.0174,12.75,0.0000,nan,4817,4386.5,9.047,9.047
6953,train,2.6436,0.3477,8.09,0.0000,nan,4723,4387.0,5.294,5.274
6954,train,2.7222,0.1576,5.17,0.0000,nan,4098,4387.6,3.977,3.975
6955,train,3.1592,0.1109,8.49,0.0000,nan,4804,4388.2,7.772,7.767
6956,train,4.1034,0.0111,11.42,0.0000,nan,4522,4388.8,6.889,6.833
6957,train,3.0861,0.1279,6.53,0.0000,nan,4409,4389.4,5.048,5.047
6958,train,2.6806,0.1045,7.40,0.0000,nan,4470,4389.9,4.743,4.742
6959,train,2.7266,0.1269,5.81,0.0000,nan,4759,4390.5,4.258,4.256
6960,train,2.8513,0.1526,5.08,0.0000,nan,5497,4391.1,3.467,3.463
6961,train,3.5274,0.0743,10.19,0.0000,nan,4430,4391.7,8.087,8.084
6962,train,3.0152,0.0937,6.04,0.0000,nan,4451,4392.2,4.874,4.871
6963,train,3.6200,0.1110,8.67,0.0000,nan,4486,4392.8,6.940,6.926
6964,train,2.9109,0.0822,5.79,0.0000,nan,4951,4393.4,4.838,4.834
6965,train,2.8051,0.1921,7.41,0.0000,nan,4331,4394.0,5.763,5.763
6966,train,4.9964,0.0219,11.75,0.0000,nan,5020,4394.6,9.236,9.235
6967,train,3.5759,0.0744,15.18,0.0000,nan,4450,4395.1,12.795,12.790
6968,train,2.7076,0.3120,6.48,0.0000,nan,4664,4395.7,4.426,4.423
6969,train,4.3673,0.0275,12.50,0.0000,nan,4733,4396.3,10.679,10.673
6970,train,2.3505,0.3164,4.01,0.0000,nan,4734,4396.9,1.931,1.921
6971,train,2.1386,0.3350,3.41,0.0000,nan,4299,4397.5,2.063,2.060
6972,train,3.8239,0.2073,14.66,0.0000,nan,4457,4398.0,12.238,12.237
6973,train,2.7790,0.1890,5.53,0.0000,nan,5112,4398.6,3.675,3.665
6974,train,2.7494,0.1271,5.46,0.0000,nan,4509,4399.2,4.049,4.044
6975,train,3.2726,0.2600,7.85,0.0000,nan,3796,4399.8,6.343,6.336
6976,train,2.6256,0.1932,5.16,0.0000,nan,4897,4400.3,3.312,3.308
6977,train,2.3498,0.2671,4.06,0.0000,nan,3912,4400.9,2.620,2.617
6978,train,3.1649,0.1792,6.52,0.0000,nan,4231,4401.5,5.638,5.637
6979,train,2.8204,0.1440,7.05,0.0000,nan,4244,4402.1,6.080,6.078
6980,train,2.9235,0.2409,5.46,0.0000,nan,4704,4402.7,3.834,3.821
6981,train,2.8712,0.2306,7.17,0.0000,nan,4549,4403.2,4.733,4.711
6982,train,2.7409,0.2286,5.39,0.0000,nan,4308,4403.8,4.098,4.088
6983,train,2.4347,0.2982,4.67,0.0000,nan,4440,4404.4,2.362,2.336
6984,train,3.4422,0.0716,10.12,0.0000,nan,4705,4405.0,7.694,7.694
6985,train,2.3334,0.2387,4.21,0.0000,nan,4449,4405.6,2.055,2.043
6986,train,3.3573,0.1346,7.58,0.0000,nan,4258,4406.1,6.344,6.343
6987,train,3.4500,0.0721,8.35,0.0000,nan,4136,4406.7,7.130,7.127
6988,train,2.3400,0.3120,4.18,0.0000,nan,4593,4407.3,2.379,2.377
6989,train,3.2481,0.0973,8.49,0.0000,nan,4407,4407.9,7.637,7.636
6990,train,2.9102,0.2446,6.03,0.0000,nan,4718,4408.5,4.569,4.562
6991,train,3.4289,0.0629,7.37,0.0000,nan,4739,4409.0,5.731,5.729
6992,train,3.4895,0.2246,10.80,0.0000,nan,4613,4409.6,8.616,8.597
6993,train,3.4569,0.1074,13.19,0.0000,nan,5250,4410.2,11.512,11.506
6994,train,2.3533,0.3121,4.34,0.0000,nan,3973,4410.8,3.799,3.793
6995,train,3.1929,0.1533,6.50,0.0000,nan,3998,4411.3,5.024,5.022
6996,train,2.0288,0.3451,3.78,0.0000,nan,4051,4411.9,2.600,2.597
6997,train,2.0738,0.4133,3.59,0.0000,nan,4936,4412.5,1.123,1.103
6998,train,2.9510,0.0749,5.76,0.0000,nan,4031,4413.1,4.187,4.184
6999,train,3.5025,0.1054,6.80,0.0000,nan,5484,4413.7,5.247,5.238
7000,train,3.0822,0.0879,5.39,0.0000,nan,4699,4414.2,3.767,3.753
7000,val,3.1918,0.1651,7.41,0.0000,0.00,222066,4441.7,5.854,5.846
7001,train,3.4109,0.0476,6.76,0.0000,nan,4750,4442.3,4.897,4.891
7002,train,3.9288,0.0376,8.90,0.0000,nan,4492,4442.9,8.849,8.846
7003,train,2.6576,0.3528,4.53,0.0000,nan,3934,4443.5,3.238,3.201
7004,train,2.7028,0.2144,4.80,0.0000,nan,4991,4444.0,4.067,4.056
7005,train,3.8724,0.0921,8.77,0.0000,nan,4604,4444.6,7.748,7.736
7006,train,2.8270,0.1871,5.64,0.0000,nan,4036,4445.2,4.354,4.324
7007,train,3.0588,0.1604,9.69,0.0000,nan,4396,4445.8,5.299,5.290
7008,train,2.6834,0.1938,5.21,0.0000,nan,4272,4446.4,3.132,3.127
7009,train,3.6494,0.0894,11.88,0.0000,nan,4675,4446.9,10.008,10.001
7010,train,2.8465,0.0994,5.63,0.0000,nan,4305,4447.5,3.479,3.477
7011,train,2.7021,0.2776,4.76,0.0000,nan,4463,4448.1,3.897,3.893
7012,train,2.9893,0.1325,5.87,0.0000,nan,4711,4448.7,4.171,4.138
7013,train,3.8027,0.1649,11.75,0.0000,nan,5003,4449.3,11.359,11.353
7014,train,3.0689,0.1412,6.16,0.0000,nan,4893,4449.8,5.235,5.232
7015,train,3.6552,0.1735,8.00,0.0000,nan,3919,4450.4,7.249,7.247
7016,train,3.7961,0.0297,7.64,0.0000,nan,4576,4451.0,5.800,5.796
7017,train,2.8038,0.1361,5.79,0.0000,nan,4848,4451.6,4.373,4.369
7018,train,2.6938,0.2666,5.38,0.0000,nan,5371,4452.1,3.876,3.873
7019,train,2.6996,0.1649,4.94,0.0000,nan,4705,4452.7,3.649,3.647
7020,train,3.7660,0.1346,8.91,0.0000,nan,4355,4453.3,7.517,7.512
7021,train,2.7344,0.2081,6.07,0.0000,nan,4257,4453.9,5.487,5.455
7022,train,3.4405,0.0809,8.64,0.0000,nan,5143,4454.5,7.101,7.096
7023,train,2.5163,0.3565,3.74,0.0000,nan,4741,4455.0,3.176,3.171
7024,train,2.6674,0.1784,4.58,0.0000,nan,5156,4455.6,3.209,3.205
7025,train,2.5161,0.2357,4.29,0.0000,nan,4845,4456.2,3.032,3.032
7026,train,2.9720,0.1849,5.44,0.0000,nan,4121,4456.8,3.923,3.919
7027,train,2.4806,0.3034,5.96,0.0000,nan,4453,4457.4,4.344,4.331
7028,train,2.4464,0.2919,7.29,0.0000,nan,5197,4457.9,5.470,5.427
7029,train,2.7447,0.2677,6.73,0.0000,nan,4240,4458.5,4.230,4.217
7030,train,2.3794,0.3273,3.75,0.0000,nan,4897,4459.1,2.522,2.521
7031,train,2.5954,0.1499,4.94,0.0000,nan,3950,4459.7,3.724,3.712
7032,train,2.8410,0.1907,6.42,0.0000,nan,4667,4460.3,6.240,6.237
7033,train,2.3612,0.2818,4.25,0.0000,nan,4074,4460.8,3.206,3.202
7034,train,3.4481,0.0412,9.31,0.0000,nan,4469,4461.4,7.195,7.194
7035,train,3.1065,0.0947,6.47,0.0000,nan,4001,4462.0,4.110,4.106
7036,train,3.2224,0.2059,5.59,0.0000,nan,4546,4462.6,4.617,4.595
7037,train,2.8590,0.1553,5.38,0.0000,nan,5035,4463.1,4.426,4.422
7038,train,2.1790,0.3547,3.80,0.0000,nan,5066,4463.7,1.777,1.754
7039,train,2.8109,0.2278,5.75,0.0000,nan,4556,4464.3,3.553,3.550
7040,train,3.0152,0.2392,6.24,0.0000,nan,3867,4464.9,4.572,4.547
7041,train,2.6663,0.1765,4.99,0.0000,nan,4613,4465.5,3.874,3.866
7042,train,2.6021,0.3019,5.86,0.0000,nan,4021,4466.0,5.549,5.539
7043,train,3.0803,0.2661,7.73,0.0000,nan,4449,4466.6,6.550,6.535
7044,train,3.6179,0.1022,8.76,0.0000,nan,4316,4467.2,6.761,6.760
7045,train,3.5243,0.2966,8.03,0.0000,nan,3789,4467.8,7.159,7.155
7046,train,5.7060,0.0073,17.59,0.0000,nan,4784,4468.3,16.858,16.856
7047,train,2.5638,0.1697,5.16,0.0000,nan,4089,4468.9,3.974,3.969
7048,train,2.6789,0.1615,5.16,0.0000,nan,4409,4469.5,4.229,4.225
7049,train,3.0873,0.1579,6.51,0.0000,nan,4363,4470.1,3.258,3.256
7050,train,3.3051,0.0917,7.20,0.0000,nan,4154,4470.7,5.891,5.883
7051,train,3.1432,0.1999,6.02,0.0000,nan,4377,4471.2,4.860,4.856
7052,train,3.2362,0.1338,5.76,0.0000,nan,4589,4471.8,3.617,3.615
7053,train,3.0778,0.2409,6.62,0.0000,nan,4362,4472.4,5.875,5.860
7054,train,2.6736,0.2210,4.84,0.0000,nan,4533,4473.0,3.581,3.578
7055,train,2.7006,0.1145,5.05,0.0000,nan,5311,4473.6,3.747,3.745
7056,train,2.6692,0.2221,4.58,0.0000,nan,4498,4474.1,3.291,3.289
7057,train,3.0280,0.1072,7.81,0.0000,nan,4264,4474.7,5.728,5.724
7058,train,2.9543,0.2194,6.43,0.0000,nan,4299,4475.3,5.465,5.462
7059,train,2.3210,0.2784,4.26,0.0000,nan,4099,4475.9,2.609,2.606
7060,train,2.9421,0.2605,6.60,0.0000,nan,5136,4476.4,3.602,3.599
7061,train,2.9675,0.0977,6.09,0.0000,nan,4659,4477.0,4.917,4.912
7062,train,2.3339,0.2412,4.34,0.0000,nan,3844,4477.6,2.802,2.795
7063,train,3.1380,0.0966,7.70,0.0000,nan,4761,4478.2,5.056,5.052
7064,train,3.8304,0.1621,9.13,0.0000,nan,4369,4478.8,8.447,8.441
7065,train,2.7070,0.1543,5.89,0.0000,nan,4958,4479.3,4.314,4.306
7066,train,2.8710,0.2322,4.60,0.0000,nan,4293,4479.9,2.854,2.843
7067,train,3.6215,0.0658,10.17,0.0000,nan,4378,4480.5,9.035,9.031
7068,train,2.3223,0.3650,4.78,0.0000,nan,3943,4481.1,2.809,2.804
7069,train,2.4792,0.2879,3.98,0.0000,nan,5131,4481.7,2.161,2.157
7070,train,2.9672,0.0838,10.04,0.0000,nan,4309,4482.2,7.635,7.635
7071,train,2.2459,0.4193,3.88,0.0000,nan,4696,4482.8,1.839,1.810
7072,train,2.6168,0.2651,4.34,0.0000,nan,4368,4483.4,2.761,2.758
7073,train,2.4651,0.1771,4.81,0.0000,nan,4534,4484.0,3.500,3.493
7074,train,5.2175,0.2247,10.57,0.0000,nan,4335,4484.5,9.442,9.441
7075,train,3.0554,0.1731,6.56,0.0000,nan,4194,4485.1,5.339,5.337
7076,train,2.9072,0.1158,8.13,0.0000,nan,4827,4485.7,4.660,4.657
7077,train,2.7518,0.3512,4.15,0.0000,nan,4271,4486.3,2.056,2.020
7078,train,2.3203,0.2036,4.35,0.0000,nan,4077,4486.9,1.974,1.971
7079,train,3.9748,0.0297,14.07,0.0000,nan,4071,4487.4,10.863,10.860
7080,train,3.0388,0.1022,10.13,0.0000,nan,4219,4488.0,9.155,9.153
7081,train,2.7381,0.2010,5.15,0.0000,nan,4224,4488.6,3.174,3.167
7082,train,2.6151,0.1451,4.56,0.0000,nan,4134,4489.2,3.546,3.542
7083,train,2.9515,0.1815,6.16,0.0000,nan,4177,4489.8,5.536,5.533
7084,train,2.7091,0.1839,5.61,0.0000,nan,4415,4490.3,2.522,2.518
7085,train,2.4411,0.2551,4.07,0.0000,nan,4320,4490.9,2.349,2.346
7086,train,3.0717,0.1800,9.30,0.0000,nan,4062,4491.5,7.654,7.649
7087,train,3.2210,0.1219,6.70,0.0000,nan,5080,4492.1,4.992,4.988
7088,train,2.4079,0.2559,4.37,0.0000,nan,4186,4492.7,2.018,2.012
7089,train,3.1167,0.1493,12.15,0.0000,nan,5223,4493.2,9.094,9.090
7090,train,2.8710,0.2247,6.44,0.0000,nan,3974,4493.8,5.246,5.231
7091,train,3.2682,0.0823,7.78,0.0000,nan,4680,4494.4,6.221,6.221
7092,train,2.5384,0.2058,5.13,0.0000,nan,4640,4495.0,3.280,3.277
7093,train,3.1162,0.0847,6.34,0.0000,nan,3977,4495.5,5.317,5.310
7094,train,3.7085,0.0724,8.72,0.0000,nan,4532,4496.1,8.589,8.583
7095,train,2.8259,0.1629,6.48,0.0000,nan,4720,4496.7,4.784,4.782
7096,train,3.7773,0.0703,10.97,0.0000,nan,4964,4497.3,7.960,7.951
7097,train,3.8897,0.1376,8.96,0.0000,nan,4390,4497.9,7.454,7.434
7098,train,3.7850,0.0508,9.86,0.0000,nan,4841,4498.4,7.537,7.536
7099,train,3.6744,0.1224,13.55,0.0000,nan,5465,4499.0,10.418,10.417
7100,train,3.4141,0.1684,10.01,0.0000,nan,5173,4499.6,6.634,6.628
7101,train,3.7315,0.0163,11.50,0.0000,nan,5039,4500.2,11.327,11.322
7102,train,2.9557,0.1124,6.07,0.0000,nan,4829,4500.8,4.603,4.602
7103,train,3.5743,0.1002,12.66,0.0000,nan,4861,4501.3,10.389,10.381
7104,train,3.0837,0.0579,7.17,0.0000,nan,4592,4501.9,6.067,6.060
7105,train,3.1532,0.1235,8.50,0.0000,nan,4786,4502.5,4.477,4.463
7106,train,3.3275,0.1540,8.01,0.0000,nan,4565,4503.1,6.295,6.290
7107,train,2.9182,0.2029,5.59,0.0000,nan,3602,4503.6,4.084,4.079
7108,train,3.0728,0.1111,6.89,0.0000,nan,4133,4504.2,5.477,5.472
7109,train,2.5464,0.1629,4.95,0.0000,nan,4394,4504.8,3.643,3.637
7110,train,3.0747,0.1937,5.71,0.0000,nan,3794,4505.4,4.352,4.348
7111,train,2.7528,0.2574,6.00,0.0000,nan,4199,4506.0,4.848,4.843
7112,train,3.6500,0.1617,7.70,0.0000,nan,4150,4506.5,6.062,6.059
7113,train,2.2125,0.3777,4.03,0.0000,nan,4789,4507.1,3.142,3.141
7114,train,3.2763,0.1643,8.84,0.0000,nan,5502,4507.7,6.502,6.501
7115,train,4.0443,0.0648,10.79,0.0000,nan,4338,4508.3,8.884,8.882
7116,train,3.0904,0.1321,7.35,0.0000,nan,4722,4508.9,6.033,6.030
7117,train,2.8952,0.1552,6.63,0.0000,nan,4323,4509.4,5.392,5.391
7118,train,3.1815,0.2041,9.27,0.0000,nan,4341,4510.0,5.324,5.311
7119,train,2.7614,0.1905,5.02,0.0000,nan,4062,4510.6,3.544,3.542
7120,train,2.2640,0.2766,3.94,0.0000,nan,3912,4511.2,2.864,2.859
7121,train,2.7920,0.1676,5.57,0.0000,nan,4237,4511.7,4.858,4.855
7122,train,3.4140,0.2304,11.20,0.0000,nan,3849,4512.3,9.827,9.817
7123,train,3.3580,0.0588,9.79,0.0000,nan,4217,4512.9,9.019,9.015
7124,train,2.8240,0.2252,5.71,0.0000,nan,4849,4513.5,4.120,4.116
7125,train,2.9843,0.1016,5.21,0.0000,nan,3947,4514.1,4.038,4.033
7126,train,2.3464,0.2380,4.51,0.0000,nan,4516,4514.6,2.967,2.961
7127,train,3.0925,0.0795,7.17,0.0000,nan,4953,4515.2,5.325,5.320
7128,train,3.2118,0.0920,6.46,0.0000,nan,4608,4515.8,5.152,5.150
7129,train,2.2523,0.2606,4.00,0.0000,nan,4673,4516.4,2.093,2.090
7130,train,2.9933,0.2133,6.07,0.0000,nan,4645,4517.0,4.453,4.447
7131,train,2.7591,0.1341,8.63,0.0000,nan,4543,4517.5,6.720,6.713
7132,train,3.2374,0.0578,5.72,0.0000,nan,4238,4518.1,3.897,3.887
7133,train,3.2486,0.2123,10.21,0.0000,nan,4922,4518.7,7.266,7.266
7134,train,2.5257,0.3695,5.02,0.0000,nan,3924,4519.3,3.587,3.572
7135,train,2.7427,0.2662,7.83,0.0000,nan,4959,4519.8,4.129,4.125
7136,train,2.7788,0.1888,5.17,0.0000,nan,4635,4520.4,4.197,4.193
7137,train,2.9889,0.1455,6.70,0.0000,nan,4833,4521.0,5.904,5.895
7138,train,2.7001,0.2620,5.43,0.0000,nan,4581,4521.6,4.270,4.267
7139,train,3.5353,0.1142,9.27,0.0000,nan,4380,4522.2,6.950,6.936
7140,train,3.1579,0.0675,7.78,0.0000,nan,4832,4522.7,6.096,6.094
7141,train,3.9796,0.0680,11.32,0.0000,nan,5017,4523.3,9.521,9.509
7142,train,2.9343,0.0636,5.25,0.0000,nan,4420,4523.9,3.901,3.900
7143,train,3.2146,0.0590,6.29,0.0000,nan,4376,4524.5,4.984,4.980
7144,train,3.4956,0.0697,8.01,0.0000,nan,4861,4525.1,6.891,6.890
7145,train,2.5490,0.2501,4.25,0.0000,nan,3995,4525.6,2.705,2.699
7146,train,2.8608,0.1652,6.71,0.0000,nan,4576,4526.2,6.193,6.158
7147,train,4.0687,0.0934,10.11,0.0000,nan,4196,4526.8,7.274,7.209
7148,train,2.7356,0.1431,9.99,0.0000,nan,5234,4527.4,7.635,7.628
7149,train,3.1730,0.1242,6.61,0.0000,nan,4821,4527.9,3.645,3.641
7150,train,3.5168,0.0425,7.39,0.0000,nan,4472,4528.5,6.324,6.320
7151,train,2.6601,0.1343,4.98,0.0000,nan,4638,4529.1,2.605,2.595
7152,train,3.6753,0.1110,10.41,0.0000,nan,4640,4529.7,6.992,6.989
7153,train,2.9645,0.1295,5.71,0.0000,nan,4966,4530.3,3.935,3.925
7154,train,2.7486,0.2109,4.97,0.0000,nan,4148,4530.8,2.819,2.814
7155,train,3.3387,0.1093,8.69,0.0000,nan,4210,4531.4,6.664,6.662
7156,train,2.5969,0.2053,5.16,0.0000,nan,5133,4532.0,4.412,4.398
7157,train,3.1446,0.3278,6.89,0.0000,nan,4421,4532.6,7.122,7.116
7158,train,4.5064,0.0811,15.17,0.0000,nan,4031,4533.1,12.628,12.627
7159,train,2.6010,0.1884,5.00,0.0000,nan,4277,4533.7,3.762,3.757
7160,train,4.5041,0.0723,11.66,0.0000,nan,4411,4534.3,9.370,9.355
7161,train,2.6828,0.2913,8.41,0.0000,nan,4040,4534.9,7.299,7.294
7162,train,3.2103,0.1340,6.18,0.0000,nan,5277,4535.5,4.303,4.293
7163,train,2.9736,0.2351,5.12,0.0000,nan,4572,4536.0,3.812,3.800
7164,train,2.8286,0.1997,7.36,0.0000,nan,4761,4536.6,6.016,6.014
7165,train,3.0293,0.1140,6.11,0.0000,nan,4474,4537.2,4.361,4.360
7166,train,2.9310,0.2135,5.43,0.0000,nan,4919,4537.8,4.241,4.238
7167,train,2.8384,0.1931,6.42,0.0000,nan,3858,4538.4,3.455,3.451
7168,train,3.7038,0.1128,8.18,0.0000,nan,4478,4538.9,6.456,6.449
7169,train,2.8443,0.1824,5.41,0.0000,nan,4944,4539.5,4.111,4.109
7170,train,2.8723,0.1921,6.39,0.0000,nan,5143,4540.1,4.751,4.745
7171,train,3.5451,0.1446,10.35,0.0000,nan,5753,4540.7,8.806,8.801
7172,train,4.2407,0.0472,14.58,0.0000,nan,4678,4541.3,11.924,11.916
7173,train,2.8117,0.1920,9.28,0.0000,nan,4557,4541.8,6.395,6.388
7174,train,2.6463,0.2056,4.77,0.0000,nan,4639,4542.4,3.493,3.484
7175,train,2.8943,0.1607,5.51,0.0000,nan,4486,4543.0,3.310,3.300
7176,train,3.6105,0.0361,10.22,0.0000,nan,5345,4543.6,9.152,9.150
7177,train,2.8527,0.1255,5.03,0.0000,nan,4320,4544.2,3.021,3.017
7178,train,2.6606,0.1615,5.47,0.0000,nan,4899,4544.7,3.577,3.570
7179,train,2.9707,0.1778,6.45,0.0000,nan,4551,4545.3,4.500,4.496
7180,train,3.9696,0.0678,11.48,0.0000,nan,5061,4545.9,8.822,8.821
7181,train,3.1161,0.1380,7.58,0.0000,nan,4390,4546.5,4.645,4.642
7182,train,2.3175,0.2068,4.31,0.0000,nan,4409,4547.0,2.133,2.130
7183,train,3.3396,0.0848,10.12,0.0000,nan,3809,4547.6,6.554,6.552
7184,train,2.6513,0.1637,4.63,0.0000,nan,4373,4548.2,3.106,3.105
7185,train,4.2844,0.0635,12.58,0.0000,nan,4628,4548.8,12.960,12.959
7186,train,2.8804,0.3066,4.84,0.0000,nan,4742,4549.4,3.813,3.722
7187,train,2.8160,0.1299,5.82,0.0000,nan,3965,4549.9,4.804,4.803
7188,train,2.3075,0.2437,4.29,0.0000,nan,4699,4550.5,2.294,2.278
7189,train,3.1925,0.1088,6.54,0.0000,nan,3860,4551.1,5.651,5.642
7190,train,2.5011,0.2629,4.58,0.0000,nan,4253,4551.7,2.884,2.877
7191,train,4.3486,0.0083,10.74,0.0000,nan,4937,4552.2,9.343,9.341
7192,train,2.6451,0.1793,4.57,0.0000,nan,4870,4552.8,2.528,2.525
7193,train,2.9401,0.2058,5.58,0.0000,nan,4918,4553.4,4.847,4.840
7194,train,2.8059,0.1830,5.22,0.0000,nan,4705,4554.0,4.308,4.301
7195,train,2.8392,0.1521,4.62,0.0000,nan,4406,4554.6,2.386,2.366
7196,train,3.1975,0.0500,9.85,0.0000,nan,4839,4555.1,8.082,8.080
7197,train,3.0445,0.0730,5.91,0.0000,nan,4276,4555.7,5.402,5.401
7198,train,2.1556,0.3847,3.42,0.0000,nan,4214,4556.3,1.977,1.963
7199,train,4.5500,0.1209,15.92,0.0000,nan,4104,4556.9,13.415,13.413
7200,train,2.7904,0.1974,8.36,0.0000,nan,4210,4557.5,6.236,6.220
7201,train,3.5882,0.0459,9.45,0.0000,nan,4333,4558.0,7.929,7.927
7202,train,1.9325,0.3325,3.48,0.0000,nan,4361,4558.6,2.187,2.179
7203,train,3.5772,0.0606,8.16,0.0000,nan,4888,4559.2,6.605,6.603
7204,train,2.6160,0.0706,5.65,0.0000,nan,4671,4559.8,3.501,3.499
7205,train,3.2547,0.1091,6.63,0.0000,nan,4117,4560.3,5.716,5.714
7206,train,2.7705,0.2139,11.39,0.0000,nan,4422,4560.9,8.185,8.183
7207,train,3.0621,0.2076,12.41,0.0000,nan,5087,4561.5,8.789,8.782
7208,train,2.1939,0.3054,3.73,0.0000,nan,4467,4562.1,2.474,2.466
7209,train,3.8486,0.0760,13.04,0.0000,nan,4958,4562.7,10.571,10.568
7210,train,2.6255,0.2084,4.84,0.0000,nan,4406,4563.2,3.769,3.764
7211,train,3.3302,0.2053,6.92,0.0000,nan,4867,4563.8,6.494,6.491
7212,train,3.4538,0.1289,6.16,0.0000,nan,4274,4564.4,4.825,4.824
7213,train,2.9206,0.1521,6.35,0.0000,nan,4562,4565.0,5.246,5.221
7214,train,4.4502,0.0120,14.80,0.0000,nan,5078,4565.6,12.143,12.142
7215,train,3.4531,0.1339,9.87,0.0000,nan,4362,4566.1,9.425,9.421
7216,train,2.6389,0.2047,4.24,0.0000,nan,4001,4566.7,2.827,2.820
7217,train,2.6382,0.2516,6.73,0.0000,nan,4753,4567.3,4.952,4.949
7218,train,2.0906,0.2833,3.65,0.0000,nan,4561,4567.9,2.300,2.299
7219,train,2.2824,0.2833,3.85,0.0000,nan,4980,4568.5,2.581,2.571
7220,train,2.9849,0.2640,10.99,0.0000,nan,3958,4569.0,7.427,7.424
7221,train,2.5444,0.2412,4.09,0.0000,nan,4441,4569.6,2.785,2.771
7222,train,2.7121,0.1864,5.40,0.0000,nan,4883,4570.2,4.581,4.579
7223,train,2.8633,0.1763,7.14,0.0000,nan,4561,4570.8,7.192,7.182
7224,train,3.5306,0.0830,9.63,0.0000,nan,4349,4571.3,7.922,7.920
7225,train,3.0418,0.0988,7.66,0.0000,nan,4980,4571.9,6.092,6.084
7226,train,2.4428,0.2136,4.67,0.0000,nan,4242,4572.5,2.860,2.846
7227,train,2.4393,0.2575,5.10,0.0000,nan,4800,4573.1,2.943,2.941
7228,train,1.8737,0.4221,3.17,0.0000,nan,4234,4573.7,1.336,1.334
7229,train,3.2112,0.2090,6.34,0.0000,nan,4584,4574.2,4.517,4.511
7230,train,2.5776,0.2010,5.64,0.0000,nan,4468,4574.8,3.877,3.869
7231,train,2.7764,0.1558,6.00,0.0000,nan,5064,4575.4,3.838,3.834
7232,train,2.9037,0.1364,6.09,0.0000,nan,4354,4576.0,4.850,4.850
7233,train,3.2962,0.2117,7.17,0.0000,nan,5012,4576.5,5.581,5.573
7234,train,3.0721,0.1150,7.96,0.0000,nan,4331,4577.1,3.947,3.944
7235,train,3.7506,0.1952,7.26,0.0000,nan,4417,4577.7,4.716,4.714
7236,train,2.5087,0.2645,4.42,0.0000,nan,4223,4578.3,3.169,3.157
7237,train,3.2467,0.1474,8.15,0.0000,nan,4884,4578.9,6.334,6.329
7238,train,2.3660,0.1975,4.68,0.0000,nan,4648,4579.4,3.110,3.108
7239,train,2.4488,0.1562,4.31,0.0000,nan,4058,4580.0,3.090,3.090
7240,train,3.0760,0.1558,7.01,0.0000,nan,4718,4580.6,5.845,5.839
7241,train,4.1332,0.0799,15.04,0.0000,nan,4219,4581.2,11.766,11.760
7242,train,2.5153,0.2149,4.73,0.0000,nan,4403,4581.7,2.677,2.651
7243,train,2.8229,0.2238,6.18,0.0000,nan,4320,4582.3,2.370,2.346
7244,train,2.4077,0.1416,4.45,0.0000,nan,3876,4582.9,2.812,2.801
7245,train,3.3278,0.1352,6.93,0.0000,nan,4666,4583.5,3.436,3.422
7246,train,2.4149,0.2993,4.75,0.0000,nan,4637,4584.1,3.729,3.718
7247,train,2.9723,0.0757,6.45,0.0000,nan,4345,4584.6,4.979,4.970
7248,train,2.6120,0.1770,5.25,0.0000,nan,4622,4585.2,3.865,3.859
7249,train,2.8677,0.1574,5.26,0.0000,nan,5075,4585.8,3.880,3.863
7250,train,3.0489,0.2196,7.80,0.0000,nan,5287,4586.4,6.228,6.209
7251,train,4.1038,0.0366,10.28,0.0000,nan,5004,4587.0,8.126,8.106
7252,train,3.2444,0.0369,6.69,0.0000,nan,5386,4587.5,5.383,5.382
7253,train,3.1121,0.1190,6.13,0.0000,nan,4336,4588.1,4.011,4.005
7254,train,3.5945,0.1217,6.21,0.0000,nan,4199,4588.7,5.347,5.346
7255,train,4.2458,0.1224,13.49,0.0000,nan,4982,4589.3,11.785,11.779
7256,train,4.3322,0.1117,15.51,0.0000,nan,4698,4589.8,13.540,13.536
7257,train,2.8546,0.1059,6.04,0.0000,nan,4768,4590.4,3.457,3.443
7258,train,2.5673,0.2779,4.33,0.0000,nan,4470,4591.0,2.978,2.976
7259,train,2.7992,0.0956,5.53,0.0000,nan,4132,4591.6,4.324,4.318
7260,train,3.6377,0.0500,7.94,0.0000,nan,4682,4592.2,7.408,7.403
7261,train,3.6098,0.1388,10.12,0.0000,nan,4742,4592.7,8.688,8.683
7262,train,2.4153,0.2502,4.82,0.0000,nan,3913,4593.3,2.946,2.944
7263,train,2.8712,0.2594,7.84,0.0000,nan,4087,4593.9,7.035,7.033
7264,train,2.1881,0.3134,3.74,0.0000,nan,4432,4594.5,1.299,1.279
7265,train,4.1218,0.0473,12.36,0.0000,nan,4548,4595.1,10.069,10.066
7266,train,3.3428,0.0270,8.24,0.0000,nan,4485,4595.6,4.434,4.429
7267,train,2.5574,0.2979,4.35,0.0000,nan,4616,4596.2,2.254,2.249
7268,train,2.6731,0.2495,5.23,0.0000,nan,4734,4596.8,4.134,4.132
7269,train,2.3026,0.3656,5.40,0.0000,nan,4833,4597.4,3.644,3.638
7270,train,3.7351,0.0269,14.05,0.0000,nan,4494,4597.9,11.376,11.374
7271,train,2.8706,0.1330,5.98,0.0000,nan,4932,4598.5,4.309,4.308
7272,train,2.7008,0.1881,5.20,0.0000,nan,4137,4599.1,2.454,2.431
7273,train,3.5918,0.0525,10.27,0.0000,nan,4723,4599.7,8.757,8.756
7274,train,2.9971,0.0767,6.13,0.0000,nan,4513,4600.3,4.793,4.789
7275,train,2.9113,0.1611,6.41,0.0000,nan,4922,4600.8,4.612,4.586
7276,train,2.7267,0.2001,7.57,0.0000,nan,3878,4601.4,7.191,7.179
7277,train,2.6400,0.1671,6.65,0.0000,nan,3776,4602.0,5.952,5.946
7278,train,2.3821,0.3024,4.16,0.0000,nan,4974,4602.6,2.470,2.341
7279,train,3.0575,0.2177,5.80,0.0000,nan,4878,4603.2,4.121,4.116
7280,train,2.9523,0.1667,6.31,0.0000,nan,4564,4603.7,5.083,5.079
7281,train,2.3276,0.1799,4.61,0.0000,nan,4225,4604.3,2.464,2.463
7282,train,2.8214,0.1576,6.52,0.0000,nan,4575,4604.9,5.133,5.129
7283,train,2.4244,0.2050,4.63,0.0000,nan,4234,4605.5,3.352,3.351
7284,train,3.3490,0.2225,9.13,0.0000,nan,4697,4606.0,7.711,7.698
7285,train,2.6568,0.1734,7.33,0.0000,nan,4549,4606.6,5.372,5.370
7286,train,3.2398,0.1441,9.90,0.0000,nan,3915,4607.2,8.443,8.435
7287,train,2.3346,0.2541,4.30,0.0000,nan,4360,4607.8,2.791,2.789
7288,train,2.7169,0.1520,5.63,0.0000,nan,4112,4608.4,3.913,3.912
7289,train,2.8801,0.1753,6.09,0.0000,nan,4536,4608.9,4.297,4.295
7290,train,3.2494,0.0798,9.06,0.0000,nan,3873,4609.5,6.222,6.218
7291,train,2.9929,0.2202,5.50,0.0000,nan,4091,4610.1,4.812,4.812
7292,train,3.7547,0.0727,9.57,0.0000,nan,4483,4610.7,8.438,8.437
7293,train,3.1401,0.1704,6.02,0.0000,nan,4166,4611.2,4.812,4.810
7294,train,2.7122,0.1459,5.21,0.0000,nan,4701,4611.8,3.293,3.289
7295,train,3.6100,0.0476,9.53,0.0000,nan,4269,4612.4,9.004,9.001
7296,train,2.9320,0.1285,6.12,0.0000,nan,4117,4613.0,4.767,4.762
7297,train,2.6771,0.1467,6.54,0.0000,nan,5364,4613.6,5.001,4.994
7298,train,4.2441,0.0526,13.07,0.0000,nan,4318,4614.1,9.321,9.320
7299,train,2.7861,0.1513,4.98,0.0000,nan,4104,4614.7,3.799,3.794
7300,train,2.5113,0.2220,4.64,0.0000,nan,5474,4615.3,3.391,3.385
7301,train,2.6432,0.1545,5.06,0.0000,nan,4571,4615.9,4.180,4.179
7302,train,3.6921,0.1049,12.08,0.0000,nan,4326,4616.4,12.271,12.264
7303,train,2.6505,0.2199,5.04,0.0000,nan,4589,4617.0,3.246,3.242
7304,train,2.7692,0.1342,7.29,0.0000,nan,4136,4617.6,3.100,3.087
7305,train,2.0965,0.3258,3.46,0.0000,nan,4745,4618.2,1.676,1.669
7306,train,2.6116,0.1253,5.59,0.0000,nan,4335,4618.8,4.644,4.640
7307,train,2.6459,0.1207,5.18,0.0000,nan,4681,4619.3,3.610,3.607
7308,train,4.4054,0.0636,16.75,0.0000,nan,4624,4619.9,14.217,14.216
7309,train,5.1763,0.1427,11.21,0.0000,nan,4928,4620.5,8.375,8.335
7310,train,3.4336,0.1370,8.80,0.0000,nan,4649,4621.1,7.555,7.553
7311,train,2.8134,0.1536,5.76,0.0000,nan,4159,4621.7,4.632,4.625
7312,train,3.7449,0.0676,9.98,0.0000,nan,4587,4622.2,9.361,9.356
7313,train,3.1389,0.1551,11.80,0.0000,nan,5022,4622.8,8.707,8.700
7314,train,2.5396,0.3065,3.84,0.0000,nan,4401,4623.4,2.668,2.657
7315,train,2.4532,0.4478,4.53,0.0000,nan,4542,4624.0,3.363,3.348
7316,train,2.9162,0.1677,6.40,0.0000,nan,4879,4624.6,4.620,4.617
7317,train,2.7816,0.1773,5.75,0.0000,nan,5466,4625.1,3.145,3.142
7318,train,3.2622,0.3037,6.95,0.0000,nan,4527,4625.7,4.493,4.462
7319,train,3.0292,0.1103,6.04,0.0000,nan,4344,4626.3,4.640,4.639
7320,train,2.8080,0.2485,6.17,0.0000,nan,4141,4626.9,3.304,3.302
7321,train,4.3717,0.1163,17.50,0.0000,nan,5511,4627.5,11.522,11.502
7322,train,2.7677,0.1593,6.21,0.0000,nan,4551,4628.0,5.111,5.110
7323,train,3.0493,0.1428,6.08,0.0000,nan,4742,4628.6,5.410,5.408
7324,train,3.5223,0.1703,10.99,0.0000,nan,5186,4629.2,4.659,4.553
7325,train,3.3575,0.0469,9.13,0.0000,nan,4368,4629.8,7.339,7.337
7326,train,1.7550,0.4929,2.61,0.0000,nan,4591,4630.3,0.953,0.945
7327,train,2.8488,0.1525,6.17,0.0000,nan,4445,4630.9,4.491,4.489
7328,train,4.3556,0.0163,13.22,0.0000,nan,5032,4631.5,11.620,11.616
7329,train,3.4120,0.1064,8.39,0.0000,nan,4692,4632.1,4.483,4.477
7330,train,3.0617,0.0932,9.95,0.0000,nan,5267,4632.7,7.643,7.642
7331,train,3.5416,0.1636,8.12,0.0000,nan,4492,4633.2,6.059,6.049
7332,train,2.8797,0.1851,7.08,0.0000,nan,4117,4633.8,4.634,4.630
7333,train,3.4016,0.1429,7.45,0.0000,nan,4578,4634.4,6.278,6.267
7334,train,2.0120,0.3996,3.05,0.0000,nan,3949,4635.0,2.417,2.414
7335,train,3.3010,0.1995,7.69,0.0000,nan,4340,4635.6,6.044,6.039
7336,train,2.4353,0.3729,4.02,0.0000,nan,4004,4636.1,3.032,3.027
7337,train,2.8697,0.2066,4.61,0.0000,nan,4820,4636.7,3.108,3.088
7338,train,3.1997,0.0721,9.09,0.0000,nan,4274,4637.3,8.110,8.087
7339,train,3.4306,0.0499,8.34,0.0000,nan,4212,4637.9,6.215,6.203
7340,train,2.7341,0.1452,5.59,0.0000,nan,4788,4638.4,2.780,2.749
7341,train,3.4309,0.0738,7.33,0.0000,nan,4378,4639.0,5.920,5.909
7342,train,3.4395,0.0912,5.99,0.0000,nan,3792,4639.6,4.869,4.862
7343,train,3.0607,0.0798,7.70,0.0000,nan,4376,4640.2,6.107,6.098
7344,train,3.4960,0.0336,8.16,0.0000,nan,4524,4640.8,6.978,6.970
7345,train,3.0753,0.1418,7.40,0.0000,nan,3921,4641.3,6.470,6.467
7346,train,3.9946,0.1009,7.36,0.0000,nan,4867,4641.9,5.466,5.460
7347,train,2.9611,0.0997,6.31,0.0000,nan,4222,4642.5,5.416,5.414
7348,train,4.6030,0.0688,14.98,0.0000,nan,4101,4643.1,13.241,13.241
7349,train,2.2707,0.2718,4.19,0.0000,nan,4831,4643.7,2.243,2.238
7350,train,3.1598,0.1587,8.10,0.0000,nan,4594,4644.2,2.506,2.503
7351,train,2.4870,0.1941,4.63,0.0000,nan,5022,4644.8,3.076,3.070
7352,train,2.9624,0.1902,7.14,0.0000,nan,4401,4645.4,4.896,4.889
7353,train,2.9128,0.1410,6.83,0.0000,nan,4696,4646.0,5.046,5.042
7354,train,2.4757,0.2068,4.28,0.0000,nan,4362,4646.6,2.037,2.033
7355,train,2.4214,0.2166,4.43,0.0000,nan,4276,4647.1,3.030,3.027
7356,train,3.3183,0.0657,6.58,0.0000,nan,4322,4647.7,5.057,5.054
7357,train,2.9568,0.2005,7.09,0.0000,nan,4229,4648.3,6.161,6.159
7358,train,2.6985,0.1388,5.07,0.0000,nan,4683,4648.9,3.131,3.130
7359,train,2.8072,0.1579,5.34,0.0000,nan,4331,4649.4,3.020,3.019
7360,train,2.7872,0.1179,6.41,0.0000,nan,4115,4650.0,4.976,4.973
7361,train,3.1105,0.1394,7.58,0.0000,nan,4376,4650.6,6.017,6.014
7362,train,2.2929,0.3059,3.97,0.0000,nan,4574,4651.2,2.613,2.590
7363,train,3.2664,0.1200,7.38,0.0000,nan,4960,4651.8,6.186,6.177
7364,train,3.6778,0.0441,12.08,0.0000,nan,4672,4652.3,9.441,9.435
7365,train,2.7338,0.3424,5.93,0.0000,nan,5522,4652.9,4.779,4.771
7366,train,3.1710,0.1839,7.46,0.0000,nan,3954,4653.5,5.490,5.477
7367,train,3.4297,0.0710,13.85,0.0000,nan,4957,4654.1,11.099,11.098
7368,train,3.7057,0.1532,6.84,0.0000,nan,4185,4654.7,5.495,5.491
7369,train,3.4948,0.1301,7.74,0.0000,nan,4235,4655.2,5.320,5.314
7370,train,3.0904,0.0950,5.92,0.0000,nan,4652,4655.8,4.756,4.753
7371,train,2.9541,0.0965,7.40,0.0000,nan,4768,4656.4,5.682,5.680
7372,train,3.3990,0.1316,12.30,0.0000,nan,4264,4657.0,9.084,9.081
7373,train,3.4591,0.0852,6.42,0.0000,nan,5320,4657.5,4.420,4.414
7374,train,3.5614,0.1357,8.59,0.0000,nan,5526,4658.1,4.241,4.239
7375,train,2.8854,0.0744,5.42,0.0000,nan,4503,4658.7,4.320,4.304
7376,train,3.8619,0.0728,6.69,0.0000,nan,4522,4659.3,5.295,5.290
7377,train,3.1938,0.2349,8.35,0.0000,nan,4164,4659.9,6.361,6.355
7378,train,2.7271,0.3964,8.11,0.0000,nan,3973,4660.4,6.368,6.363
7379,train,3.2681,0.1222,11.61,0.0000,nan,4361,4661.0,8.181,8.181
7380,train,2.8732,0.1422,5.66,0.0000,nan,4347,4661.6,3.212,3.200
7381,train,2.8039,0.2360,8.39,0.0000,nan,4276,4662.2,6.062,6.059
7382,train,2.7947,0.2495,5.27,0.0000,nan,4200,4662.8,2.684,2.680
7383,train,4.0970,0.0514,10.62,0.0000,nan,4414,4663.3,9.045,9.039
7384,train,2.2735,0.3708,3.56,0.0000,nan,5461,4663.9,1.929,1.794
7385,train,3.2026,0.1677,8.13,0.0000,nan,4376,4664.5,6.363,6.330
7386,train,2.3866,0.2329,4.19,0.0000,nan,4426,4665.1,3.172,3.169
7387,train,2.2142,0.3333,3.66,0.0000,nan,4017,4665.6,2.692,2.692
7388,train,2.6198,0.2673,5.18,0.0000,nan,5080,4666.2,3.554,3.549
7389,train,4.0882,0.0297,7.80,0.0000,nan,4144,4666.8,4.982,4.954
7390,train,2.8477,0.1437,7.04,0.0000,nan,4462,4667.4,4.627,4.614
7391,train,2.9627,0.2410,6.74,0.0000,nan,5041,4668.0,5.037,5.036
7392,train,2.8707,0.2362,5.71,0.0000,nan,4763,4668.5,4.842,4.831
7393,train,3.1858,0.1574,7.09,0.0000,nan,4822,4669.1,4.494,4.486
7394,train,3.2582,0.0783,6.74,0.0000,nan,5388,4669.7,5.992,5.991
7395,train,2.6192,0.1717,5.02,0.0000,nan,4542,4670.3,4.639,4.635
7396,train,2.3933,0.1988,4.51,0.0000,nan,3812,4670.9,2.603,2.601
7397,train,2.4238,0.3389,3.79,0.0000,nan,4491,4671.4,1.734,1.729
7398,train,2.6306,0.2185,4.62,0.0000,nan,4585,4672.0,3.507,3.503
7399,train,3.5483,0.1345,9.25,0.0000,nan,4678,4672.6,6.377,6.374
7400,train,3.3640,0.1322,5.67,0.0000,nan,4630,4673.2,4.532,4.522
7401,train,2.9246,0.1407,6.90,0.0000,nan,4676,4673.8,5.276,5.273
7402,train,3.3464,0.1124,9.44,0.0000,nan,4980,4674.3,6.700,6.699
7403,train,2.7030,0.2773,5.92,0.0000,nan,4559,4674.9,3.854,3.849
7404,train,3.3521,0.1358,10.00,0.0000,nan,4689,4675.5,7.335,7.320
7405,train,3.0517,0.0756,8.15,0.0000,nan,3997,4676.1,6.088,6.084
7406,train,2.5155,0.2731,6.09,0.0000,nan,4086,4676.6,4.960,4.945
7407,train,2.9488,0.1602,5.65,0.0000,nan,5144,4677.2,3.827,3.824
7408,train,2.3073,0.3144,3.91,0.0000,nan,3810,4677.8,2.414,2.408
7409,train,2.3680,0.2626,4.51,0.0000,nan,3884,4678.4,3.219,3.212
7410,train,3.7512,0.2134,7.19,0.0000,nan,4016,4679.0,6.201,6.197
7411,train,3.0173,0.0842,5.66,0.0000,nan,3941,4679.5,4.689,4.683
7412,train,2.7258,0.1341,5.45,0.0000,nan,4355,4680.1,4.226,4.222
7413,train,2.4251,0.3285,4.08,0.0000,nan,4612,4680.7,2.488,2.482
7414,train,3.0693,0.1496,6.53,0.0000,nan,4651,4681.3,3.908,3.905
7415,train,3.0490,0.1613,6.76,0.0000,nan,4476,4681.8,4.837,4.826
7416,train,4.0412,0.1599,10.78,0.0000,nan,4397,4682.4,9.392,9.390
7417,train,3.4732,0.0320,11.64,0.0000,nan,5035,4683.0,9.784,9.775
7418,train,2.4672,0.2889,4.13,0.0000,nan,4108,4683.6,2.265,2.233
7419,train,3.5232,0.1758,9.99,0.0000,nan,4601,4684.2,8.079,8.075
7420,train,3.5788,0.1780,8.77,0.0000,nan,4574,4684.7,7.718,7.712
7421,train,2.7305,0.1355,5.39,0.0000,nan,4118,4685.3,3.664,3.662
7422,train,2.5252,0.2017,4.57,0.0000,nan,4878,4685.9,1.915,1.905
7423,train,4.0140,0.0439,10.71,0.0000,nan,4397,4686.5,7.684,7.683
7424,train,3.1686,0.1876,6.90,0.0000,nan,4787,4687.1,6.539,6.537
7425,train,3.0423,0.2216,6.81,0.0000,nan,4381,4687.6,3.994,3.974
7426,train,3.3258,0.0315,6.73,0.0000,nan,3998,4688.2,5.853,5.850
7427,train,3.9154,0.0668,10.38,0.0000,nan,4520,4688.8,10.102,10.101
7428,train,2.4304,0.2234,4.19,0.0000,nan,4360,4689.4,2.211,2.203
7429,train,2.9321,0.1734,5.46,0.0000,nan,4383,4689.9,3.232,3.230
7430,train,3.1318,0.1910,7.25,0.0000,nan,4659,4690.5,7.368,7.363
7431,train,2.1826,0.4322,3.71,0.0000,nan,3977,4691.1,2.204,2.201
7432,train,2.8941,0.0716,8.21,0.0000,nan,4330,4691.7,3.346,3.344
7433,train,3.2512,0.1084,6.57,0.0000,nan,4354,4692.3,3.625,3.618
7434,train,3.7772,0.1120,9.34,0.0000,nan,5007,4692.8,7.513,7.510
7435,train,2.5395,0.2436,9.19,0.0000,nan,3842,4693.4,6.245,6.245
7436,train,3.4811,0.0925,9.24,0.0000,nan,4586,4694.0,9.301,9.292
7437,train,2.6396,0.2900,6.16,0.0000,nan,3962,4694.6,4.216,4.213
7438,train,3.3054,0.2139,9.88,0.0000,nan,4642,4695.2,6.675,6.671
7439,train,2.9174,0.0490,5.79,0.0000,nan,4486,4695.7,3.824,3.808
7440,train,2.9500,0.0762,5.94,0.0000,nan,4345,4696.3,3.804,3.801
7441,train,3.4199,0.1175,10.16,0.0000,nan,4918,4696.9,8.185,8.182
7442,train,2.8455,0.2750,6.15,0.0000,nan,4586,4697.5,3.018,3.014
7443,train,4.2733,0.0160,14.52,0.0000,nan,4240,4698.0,12.650,12.648
7444,train,3.9819,0.0765,12.88,0.0000,nan,4264,4698.6,10.242,10.241
7445,train,3.3963,0.1101,8.85,0.0000,nan,4688,4699.2,8.460,8.456
7446,train,3.1419,0.2126,5.69,0.0000,nan,4491,4699.8,4.820,4.814
7447,train,3.2691,0.0706,8.01,0.0000,nan,4219,4700.4,5.452,5.449
7448,train,2.9303,0.2477,7.04,0.0000,nan,5249,4700.9,5.014,5.010
7449,train,2.3642,0.2294,4.59,0.0000,nan,4565,4701.5,2.589,2.583
7450,train,2.6146,0.2115,5.09,0.0000,nan,4066,4702.1,3.064,3.061
7451,train,3.3609,0.1445,6.93,0.0000,nan,4207,4702.7,5.563,5.558
7452,train,2.6594,0.1743,5.74,0.0000,nan,4820,4703.3,4.080,4.075
7453,train,2.5073,0.1928,5.06,0.0000,nan,4191,4703.8,4.076,4.075
7454,train,3.5856,0.2406,8.83,0.0000,nan,4925,4704.4,5.240,5.201
7455,train,3.2624,0.1034,6.89,0.0000,nan,4872,4705.0,5.949,5.944
7456,train,2.9449,0.1150,6.09,0.0000,nan,5224,4705.6,4.433,4.430
7457,train,3.8098,0.0805,10.91,0.0000,nan,3924,4706.2,8.382,8.345
7458,train,4.0379,0.0331,16.27,0.0000,nan,4082,4706.7,13.572,13.571
7459,train,1.9151,0.4105,3.21,0.0000,nan,4024,4707.3,1.094,1.081
7460,train,3.2261,0.0440,8.05,0.0000,nan,4863,4707.9,5.517,5.515
7461,train,2.0883,0.3900,3.62,0.0000,nan,4074,4708.5,2.294,2.289
7462,train,2.6288,0.2458,4.95,0.0000,nan,4719,4709.0,3.882,3.879
7463,train,3.9392,0.0440,13.97,0.0000,nan,4729,4709.6,10.264,10.262
7464,train,3.0943,0.2242,8.16,0.0000,nan,4599,4710.2,6.025,6.017
7465,train,3.1069,0.1084,6.66,0.0000,nan,4467,4710.8,6.272,6.271
7466,train,3.8676,0.1618,7.55,0.0000,nan,4951,4711.4,7.005,7.000
7467,train,2.8021,0.0762,5.46,0.0000,nan,3926,4711.9,4.725,4.723
7468,train,4.2750,0.0634,11.97,0.0000,nan,4619,4712.5,8.982,8.980
7469,train,2.7032,0.2895,7.77,0.0000,nan,4376,4713.1,6.088,6.085
7470,train,3.5008,0.0375,10.39,0.0000,nan,4717,4713.7,9.447,9.447
7471,train,3.2278,0.0743,7.53,0.0000,nan,4781,4714.3,5.168,5.164
7472,train,4.3272,0.0212,11.64,0.0000,nan,4615,4714.8,11.484,11.482
7473,train,2.7664,0.1760,6.36,0.0000,nan,4216,4715.4,5.399,5.395
7474,train,2.8056,0.2113,5.70,0.0000,nan,5215,4716.0,4.240,4.203
7475,train,3.0862,0.2510,8.45,0.0000,nan,4542,4716.6,7.073,7.071
7476,train,2.9329,0.2171,7.88,0.0000,nan,4427,4717.1,4.862,4.847
7477,train,2.9983,0.2057,6.29,0.0000,nan,4979,4717.7,4.848,4.846
7478,train,3.3037,0.1300,7.20,0.0000,nan,4416,4718.3,5.711,5.708
7479,train,3.0891,0.2752,6.13,0.0000,nan,4901,4718.9,4.993,4.990
7480,train,2.5051,0.1753,4.76,0.0000,nan,4017,4719.5,3.632,3.631
7481,train,3.6686,0.0219,7.43,0.0000,nan,4511,4720.0,6.050,6.046
7482,train,4.0126,0.0377,8.36,0.0000,nan,4063,4720.6,6.419,6.415
7483,train,2.4636,0.1748,4.72,0.0000,nan,4770,4721.2,3.170,3.158
7484,train,2.9547,0.1763,5.39,0.0000,nan,4220,4721.8,4.536,4.531
7485,train,3.2991,0.0846,7.23,0.0000,nan,4750,4722.4,2.538,2.535
7486,train,3.6811,0.0364,9.09,0.0000,nan,5052,4722.9,8.566,8.565
7487,train,3.1075,0.2407,7.66,0.0000,nan,4619,4723.5,6.082,6.078
7488,train,3.5761,0.2192,7.69,0.0000,nan,4170,4724.1,3.751,3.744
7489,train,2.5980,0.2161,4.96,0.0000,nan,4322,4724.7,3.242,3.206
7490,train,2.8883,0.1931,9.43,0.0000,nan,4758,4725.3,7.818,7.812
7491,train,2.6496,0.1829,5.03,0.0000,nan,4451,4725.8,3.146,3.137
7492,train,2.3332,0.3618,3.91,0.0000,nan,4400,4726.4,2.875,2.869
7493,train,4.3694,0.1102,10.15,0.0000,nan,4209,4727.0,9.386,9.384
7494,train,3.0839,0.0754,6.40,0.0000,nan,4072,4727.6,5.175,5.172
7495,train,2.0611,0.4117,3.29,0.0000,nan,3947,4728.1,2.632,2.631
7496,train,3.2163,0.0870,7.36,0.0000,nan,4646,4728.7,5.557,5.552
7497,train,3.5230,0.1166,10.10,0.0000,nan,4424,4729.3,9.658,9.658
7498,train,3.2303,0.1805,6.07,0.0000,nan,5312,4729.9,4.407,4.400
7499,train,2.5550,0.2803,5.19,0.0000,nan,4731,4730.5,3.215,3.204
7500,train,2.9502,0.1051,5.68,0.0000,nan,4109,4731.0,3.801,3.800
7500,val,3.0979,0.1694,7.65,0.0000,0.00,222066,4758.5,5.746,5.737
7501,train,3.1723,0.1205,8.58,0.0000,nan,5061,4759.1,6.813,6.800
7502,train,2.9731,0.0789,5.66,0.0000,nan,4640,4759.7,4.930,4.926
7503,train,3.0865,0.0651,6.06,0.0000,nan,4458,4760.2,4.646,4.644
7504,train,2.5256,0.2794,4.73,0.0000,nan,5146,4760.8,2.968,2.957
7505,train,2.4464,0.1729,4.61,0.0000,nan,4211,4761.4,2.547,2.543
7506,train,3.2799,0.0485,9.93,0.0000,nan,4162,4762.0,7.743,7.717
7507,train,3.1670,0.2012,7.82,0.0000,nan,4171,4762.5,5.954,5.949
7508,train,3.0252,0.2519,10.11,0.0000,nan,4156,4763.1,8.380,8.374
7509,train,2.5297,0.2635,4.62,0.0000,nan,4243,4763.7,2.768,2.761
7510,train,2.3239,0.3247,3.57,0.0000,nan,3883,4764.3,1.604,1.596
7511,train,3.6609,0.0416,9.07,0.0000,nan,5286,4764.9,7.385,7.380
7512,train,2.2707,0.2752,3.86,0.0000,nan,4971,4765.4,2.394,2.392
7513,train,3.1304,0.0802,5.77,0.0000,nan,4603,4766.0,3.549,3.547
7514,train,2.4218,0.1685,4.63,0.0000,nan,4278,4766.6,2.294,2.290
7515,train,3.6051,0.0247,9.35,0.0000,nan,3880,4767.2,8.682,8.676
7516,train,2.2121,0.2566,4.09,0.0000,nan,4590,4767.8,2.809,2.809
7517,train,3.4328,0.0603,10.85,0.0000,nan,4612,4768.3,8.938,8.934
7518,train,2.8481,0.1216,6.17,0.0000,nan,4234,4768.9,5.049,5.047
7519,train,4.2278,0.1525,14.46,0.0000,nan,3966,4769.5,13.062,13.060
7520,train,3.8951,0.0584,12.65,0.0000,nan,4517,4770.1,10.504,10.504
7521,train,2.4674,0.2487,4.94,0.0000,nan,4829,4770.6,2.897,2.893
7522,train,2.5091,0.2796,4.57,0.0000,nan,4256,4771.2,3.166,3.161
7523,train,4.0135,0.1213,11.56,0.0000,nan,5046,4771.8,8.280,8.278
7524,train,3.6894,0.2395,8.47,0.0000,nan,4521,4772.4,5.623,5.621
7525,train,3.4367,0.0227,7.04,0.0000,nan,4543,4773.0,6.617,6.613
7526,train,2.9772,0.0495,6.25,0.0000,nan,4731,4773.5,5.038,5.036
7527,train,2.3409,0.2734,4.88,0.0000,nan,4287,4774.1,2.559,2.548
7528,train,3.0082,0.0991,6.51,0.0000,nan,4460,4774.7,4.723,4.720
7529,train,3.5030,0.1268,7.17,0.0000,nan,5149,4775.3,5.544,5.541
7530,train,3.2903,0.1292,7.00,0.0000,nan,4505,4775.9,5.166,5.161
7531,train,3.5256,0.1207,9.36,0.0000,nan,4242,4776.4,7.079,7.066
7532,train,2.3437,0.3372,3.72,0.0000,nan,4650,4777.0,3.667,3.655
7533,train,2.9246,0.3225,10.62,0.0000,nan,3963,4777.6,8.398,8.388
7534,train,4.0798,0.0174,9.54,0.0000,nan,4772,4778.2,9.186,9.175
7535,train,2.6250,0.1712,5.13,0.0000,nan,4597,4778.8,2.970,2.969
7536,train,3.3638,0.1112,7.05,0.0000,nan,4272,4779.3,4.883,4.871
7537,train,3.3629,0.0773,10.33,0.0000,nan,4333,4779.9,6.777,6.746
7538,train,2.3083,0.2244,4.08,0.0000,nan,4359,4780.5,1.911,1.880
7539,train,2.6706,0.1868,4.80,0.0000,nan,4813,4781.1,3.394,3.389
7540,train,2.3510,0.2912,4.71,0.0000,nan,4158,4781.6,3.180,3.179
7541,train,2.4875,0.2733,4.87,0.0000,nan,4895,4782.2,2.988,2.972
7542,train,2.7764,0.2470,5.94,0.0000,nan,4102,4782.8,4.001,3.999
7543,train,3.5850,0.0583,6.94,0.0000,nan,4240,4783.4,6.630,6.624
7544,train,3.4377,0.0961,8.59,0.0000,nan,5579,4784.0,4.521,4.521
7545,train,3.1859,0.1401,7.31,0.0000,nan,4203,4784.5,5.168,5.167
7546,train,3.4913,0.1158,13.15,0.0000,nan,4077,4785.1,10.349,10.343
7547,train,3.1835,0.0857,8.64,0.0000,nan,4435,4785.7,5.929,5.929
7548,train,3.5701,0.0948,13.69,0.0000,nan,5107,4786.3,10.311,10.309
7549,train,3.2982,0.1174,6.39,0.0000,nan,4584,4786.9,4.834,4.830
7550,train,2.2576,0.3644,4.40,0.0000,nan,4888,4787.4,2.710,2.691
7551,train,2.1120,0.3116,4.82,0.0000,nan,4490,4788.0,3.856,3.850
7552,train,2.9459,0.0569,5.55,0.0000,nan,4713,4788.6,3.708,3.705
7553,train,1.8886,0.4805,3.03,0.0000,nan,4239,4789.2,1.649,1.641
7554,train,3.1758,0.1786,8.79,0.0000,nan,4663,4789.7,5.728,5.725
7555,train,2.3456,0.3489,3.97,0.0000,nan,4139,4790.3,2.994,2.990
7556,train,3.5683,0.0945,6.56,0.0000,nan,4605,4790.9,4.805,4.804
7557,train,3.3586,0.0838,7.84,0.0000,nan,4357,4791.5,5.838,5.830
7558,train,4.6237,0.0229,17.01,0.0000,nan,4009,4792.1,16.407,16.406
7559,train,3.0946,0.1335,6.66,0.0000,nan,4773,4792.6,5.523,5.522
7560,train,3.7589,0.1484,10.99,0.0000,nan,3800,4793.2,9.346,9.344
7561,train,2.9379,0.1752,6.49,0.0000,nan,5086,4793.8,5.713,5.709
7562,train,3.8608,0.0442,11.30,0.0000,nan,4733,4794.4,8.091,8.087
7563,train,3.0563,0.0918,10.96,0.0000,nan,4642,4795.0,8.234,8.231
7564,train,3.6804,0.1045,9.27,0.0000,nan,4582,4795.5,8.025,8.025
7565,train,3.8330,0.0224,13.35,0.0000,nan,4824,4796.1,10.962,10.959
7566,train,2.7525,0.1673,6.46,0.0000,nan,5411,4796.7,3.927,3.909
7567,train,2.7428,0.2144,5.12,0.0000,nan,4706,4797.3,3.264,3.262
7568,train,4.5359,0.0150,14.29,0.0000,nan,4785,4797.9,12.643,12.640
7569,train,2.9988,0.0623,6.86,0.0000,nan,4240,4798.4,4.735,4.731
7570,train,2.7985,0.2566,6.23,0.0000,nan,4186,4799.0,4.732,4.714
7571,train,3.0637,0.2050,4.52,0.0000,nan,4419,4799.6,3.263,3.262
7572,train,2.3783,0.2346,4.65,0.0000,nan,4411,4800.2,3.607,3.605
7573,train,2.8049,0.3464,4.47,0.0000,nan,3894,4800.7,3.564,3.551
7574,train,2.5871,0.1904,9.74,0.0000,nan,4938,4801.3,7.235,7.020
7575,train,2.4208,0.2807,4.40,0.0000,nan,4645,4801.9,3.264,3.258
7576,train,3.9118,0.0206,12.31,0.0000,nan,4321,4802.5,7.900,7.895
7577,train,2.7285,0.1778,5.64,0.0000,nan,4533,4803.1,2.979,2.961
7578,train,2.0271,0.3652,3.29,0.0000,nan,4187,4803.6,1.887,1.881
7579,train,4.2127,0.1145,16.05,0.0000,nan,4122,4804.2,14.197,14.182
7580,train,3.3298,0.1049,6.84,0.0000,nan,4652,4804.8,6.300,6.292
7581,train,2.6895,0.1361,5.04,0.0000,nan,4827,4805.4,2.630,2.595
7582,train,4.2771,0.1187,11.66,0.0000,nan,4263,4806.0,9.824,9.822
7583,train,2.9483,0.1920,5.64,0.0000,nan,4678,4806.5,4.204,4.187
7584,train,3.0045,0.2116,9.78,0.0000,nan,4947,4807.1,8.942,8.892
7585,train,3.8227,0.1246,8.96,0.0000,nan,4990,4807.7,7.649,7.648
7586,train,2.9600,0.1745,7.85,0.0000,nan,4901,4808.3,4.419,4.390
7587,train,3.9625,0.0548,11.60,0.0000,nan,4326,4808.8,9.669,9.655
7588,train,3.6464,0.1816,12.42,0.0000,nan,5722,4809.4,10.296,10.295
7589,train,3.0251,0.2313,8.56,0.0000,nan,4419,4810.0,4.556,4.476
7590,train,2.0978,0.4151,3.19,0.0000,nan,4122,4810.6,1.686,1.680
7591,train,2.8112,0.1661,6.25,0.0000,nan,4997,4811.2,4.790,4.787
7592,train,2.5703,0.2752,4.51,0.0000,nan,4113,4811.7,3.123,3.114
7593,train,3.1515,0.0676,5.47,0.0000,nan,4542,4812.3,5.138,5.128
7594,train,3.0582,0.0915,6.61,0.0000,nan,4155,4812.9,4.943,4.936
7595,train,2.9309,0.1059,5.96,0.0000,nan,4185,4813.5,3.754,3.738
7596,train,3.8113,0.1043,9.68,0.0000,nan,4955,4814.1,8.038,8.035
7597,train,2.9884,0.1711,6.82,0.0000,nan,4009,4814.6,5.133,5.131
7598,train,3.7343,0.0723,10.11,0.0000,nan,4603,4815.2,7.201,7.199
7599,train,2.8727,0.2706,7.64,0.0000,nan,4620,4815.8,6.057,6.053
7600,train,3.1428,0.1387,5.51,0.0000,nan,4680,4816.4,4.192,4.192
7601,train,2.8255,0.1162,5.38,0.0000,nan,4509,4816.9,2.948,2.947
7602,train,4.0559,0.0405,10.82,0.0000,nan,4123,4817.5,7.414,7.413
7603,train,2.2753,0.3321,3.46,0.0000,nan,4396,4818.1,2.887,2.871
7604,train,2.7350,0.2290,5.28,0.0000,nan,4428,4818.7,3.998,3.994
7605,train,2.3180,0.2568,3.98,0.0000,nan,3617,4819.3,2.560,2.554
7606,train,2.3350,0.2749,4.28,0.0000,nan,4533,4819.8,2.469,2.467
7607,train,2.8999,0.1717,6.97,0.0000,nan,4287,4820.4,2.785,2.760
7608,train,2.9474,0.1455,10.32,0.0000,nan,4001,4821.0,8.662,8.656
7609,train,2.3400,0.1659,4.70,0.0000,nan,4152,4821.6,2.726,2.723
7610,train,2.4772,0.2680,5.00,0.0000,nan,4082,4822.2,3.587,3.578
7611,train,4.5931,0.1237,13.13,0.0000,nan,4389,4822.7,12.551,12.546
7612,train,2.0312,0.3736,3.28,0.0000,nan,4221,4823.3,1.075,1.067
7613,train,3.6237,0.1921,8.06,0.0000,nan,4534,4823.9,7.080,7.078
7614,train,2.1286,0.3003,3.96,0.0000,nan,4093,4824.5,2.300,2.294
7615,train,2.6602,0.1952,4.93,0.0000,nan,4487,4825.0,3.119,3.117
7616,train,3.3192,0.1731,9.09,0.0000,nan,4326,4825.6,4.872,4.871
7617,train,2.4617,0.2111,4.48,0.0000,nan,4183,4826.2,2.127,2.125
7618,train,2.2758,0.2133,4.00,0.0000,nan,4828,4826.8,2.847,2.846
7619,train,2.7891,0.1277,5.54,0.0000,nan,4511,4827.4,3.797,3.795
7620,train,2.9229,0.1490,6.41,0.0000,nan,3792,4827.9,4.326,4.320
7621,train,2.5769,0.1658,5.24,0.0000,nan,4269,4828.5,3.863,3.854
7622,train,2.3107,0.3662,3.99,0.0000,nan,4421,4829.1,1.856,1.853
7623,train,2.9185,0.1730,6.31,0.0000,nan,4272,4829.7,4.923,4.918
7624,train,2.8372,0.1866,6.16,0.0000,nan,3929,4830.2,4.994,4.990
7625,train,2.9039,0.1095,5.32,0.0000,nan,4641,4830.8,2.847,2.841
7626,train,3.6322,0.0893,7.83,0.0000,nan,4209,4831.4,7.383,7.381
7627,train,3.5334,0.1551,6.85,0.0000,nan,5326,4832.0,5.276,5.275
7628,train,2.5812,0.1786,4.73,0.0000,nan,4473,4832.6,3.291,3.287
7629,train,3.0849,0.1680,6.01,0.0000,nan,4345,4833.1,4.901,4.901
7630,train,3.2721,0.1089,6.11,0.0000,nan,3958,4833.7,4.736,4.731
7631,train,2.8881,0.0995,6.23,0.0000,nan,4243,4834.3,4.362,4.293
7632,train,3.0680,0.2723,6.94,0.0000,nan,4197,4834.9,5.189,5.038
7633,train,2.7613,0.3252,6.43,0.0000,nan,4693,4835.5,5.425,5.423
7634,train,3.0460,0.1255,6.26,0.0000,nan,4779,4836.0,5.010,5.006
7635,train,3.4845,0.1121,7.61,0.0000,nan,4361,4836.6,6.551,6.545
7636,train,2.5320,0.2061,5.10,0.0000,nan,4722,4837.2,4.276,4.267
7637,train,2.9679,0.1029,5.87,0.0000,nan,4860,4837.8,3.993,3.991
7638,train,2.9516,0.2222,6.39,0.0000,nan,4294,4838.3,2.983,2.978
7639,train,2.6412,0.1984,5.08,0.0000,nan,4360,4838.9,3.426,3.417
7640,train,2.6346,0.2236,5.37,0.0000,nan,3819,4839.5,3.456,3.453
7641,train,2.3947,0.3063,4.24,0.0000,nan,4160,4840.1,2.433,2.427
7642,train,3.6025,0.1454,11.02,0.0000,nan,3859,4840.7,8.918,8.915
7643,train,2.6209,0.2261,6.14,0.0000,nan,5064,4841.2,3.655,3.653
7644,train,4.1030,0.2353,8.55,0.0000,nan,3727,4841.8,7.401,7.390
7645,train,2.2823,0.2998,4.18,0.0000,nan,4806,4842.7,2.729,2.725
7646,train,3.8875,0.1344,9.44,0.0000,nan,4183,4843.2,6.134,6.132
7647,train,2.6595,0.1600,5.29,0.0000,nan,4443,4843.8,3.643,3.624
7648,train,3.0757,0.1449,9.59,0.0000,nan,4376,4844.4,7.004,6.998
7649,train,2.7106,0.2045,5.26,0.0000,nan,4847,4845.0,3.165,3.161
7650,train,3.0512,0.1390,5.98,0.0000,nan,5001,4845.6,4.072,4.068
7651,train,3.1993,0.1124,8.83,0.0000,nan,4261,4846.1,6.975,6.970
7652,train,3.6331,0.0863,8.65,0.0000,nan,4460,4846.7,7.982,7.978
7653,train,2.2590,0.3312,3.74,0.0000,nan,5015,4847.3,2.336,2.302
7654,train,2.8503,0.2577,5.51,0.0000,nan,4801,4847.9,4.673,4.669
7655,train,2.3042,0.2847,3.72,0.0000,nan,4552,4848.5,2.104,2.102
7656,train,3.5259,0.0736,7.17,0.0000,nan,4663,4849.0,5.577,5.570
7657,train,2.7554,0.2257,5.20,0.0000,nan,4621,4849.6,3.302,3.300
7658,train,3.4768,0.1029,9.09,0.0000,nan,4938,4850.2,7.117,7.116
7659,train,2.5231,0.3158,4.94,0.0000,nan,4649,4850.8,3.113,3.109
7660,train,1.9122,0.4291,3.23,0.0000,nan,3810,4851.4,1.961,1.959
7661,train,2.7794,0.1978,6.39,0.0000,nan,4197,4851.9,3.437,3.435
7662,train,2.5275,0.2917,4.46,0.0000,nan,4416,4852.5,2.477,2.471
7663,train,2.6011,0.2168,4.52,0.0000,nan,5056,4853.1,3.117,3.113
7664,train,3.2232,0.0507,8.41,0.0000,nan,4302,4853.7,6.781,6.772
7665,train,2.4889,0.2363,4.50,0.0000,nan,3898,4854.2,3.007,3.005
7666,train,2.6669,0.1106,5.47,0.0000,nan,4476,4854.8,3.346,3.342
7667,train,2.7951,0.1310,5.26,0.0000,nan,4411,4855.4,3.889,3.888
7668,train,2.2364,0.3614,3.79,0.0000,nan,4267,4856.0,2.432,2.416
7669,train,3.4600,0.1654,9.97,0.0000,nan,4352,4856.6,8.391,8.386
7670,train,2.9828,0.1109,5.32,0.0000,nan,3723,4857.1,3.379,3.378
7671,train,3.1882,0.0711,5.96,0.0000,nan,4390,4857.7,4.258,4.256
7672,train,2.7135,0.2324,5.73,0.0000,nan,4242,4858.3,4.202,4.200
7673,train,2.8660,0.2686,5.99,0.0000,nan,4188,4858.9,5.187,5.183
7674,train,3.3446,0.2026,11.15,0.0000,nan,4472,4859.4,6.835,6.831
7675,train,3.3015,0.1333,6.77,0.0000,nan,4777,4860.0,4.450,4.448
7676,train,3.5218,0.0518,10.17,0.0000,nan,3980,4860.6,6.995,6.992
7677,train,2.4237,0.1807,4.87,0.0000,nan,4372,4861.2,3.159,3.158
7678,train,3.0917,0.1491,8.92,0.0000,nan,4774,4861.8,5.478,5.466
7679,train,2.8750,0.1502,5.85,0.0000,nan,4035,4862.3,4.573,4.572
7680,train,3.0153,0.1502,6.19,0.0000,nan,5133,4862.9,5.119,5.116
7681,train,4.7835,0.0087,11.91,0.0000,nan,4484,4863.5,11.363,11.362
7682,train,3.8247,0.1241,8.50,0.0000,nan,5125,4864.1,4.082,4.064
7683,train,2.4759,0.2351,4.22,0.0000,nan,4097,4864.7,2.798,2.793
7684,train,3.0123,0.1615,6.51,0.0000,nan,4087,4865.2,5.622,5.619
7685,train,2.1955,0.3413,3.66,0.0000,nan,4703,4865.8,1.920,1.906
7686,train,3.1216,0.1119,7.03,0.0000,nan,4933,4866.4,5.860,5.860
7687,train,2.3936,0.3729,4.04,0.0000,nan,4390,4867.0,2.186,2.180
7688,train,2.8500,0.1765,6.27,0.0000,nan,4936,4867.5,4.351,4.280
7689,train,2.8462,0.1527,4.96,0.0000,nan,4382,4868.1,3.885,3.884
7690,train,3.2499,0.0405,6.95,0.0000,nan,4223,4868.7,5.210,5.209
7691,train,2.8492,0.1518,5.98,0.0000,nan,4467,4869.3,3.492,3.485
7692,train,2.3991,0.3218,5.77,0.0000,nan,4525,4869.9,3.663,3.659
7693,train,4.2063,0.2427,12.78,0.0000,nan,3807,4870.4,13.188,13.187
7694,train,2.3093,0.2359,4.63,0.0000,nan,4379,4871.0,2.869,2.863
7695,train,2.6686,0.2132,4.54,0.0000,nan,3997,4871.6,2.607,2.606
7696,train,2.8291,0.2795,6.43,0.0000,nan,4894,4872.2,3.285,3.284
7697,train,2.5896,0.2855,4.40,0.0000,nan,4123,4872.7,2.253,2.237
7698,train,2.7424,0.2594,5.29,0.0000,nan,4430,4873.3,3.281,3.268
7699,train,3.1488,0.1284,7.94,0.0000,nan,4539,4873.9,6.128,6.123
7700,train,2.6297,0.3085,5.09,0.0000,nan,4101,4874.5,3.025,2.991
7701,train,2.9385,0.0618,6.60,0.0000,nan,5035,4875.1,4.486,4.476
7702,train,2.3081,0.2886,4.19,0.0000,nan,4481,4875.6,2.284,2.276
7703,train,2.2020,0.3520,3.98,0.0000,nan,4753,4876.2,2.894,2.891
7704,train,2.8851,0.1783,7.38,0.0000,nan,4346,4876.8,6.421,6.416
7705,train,1.9859,0.3364,3.37,0.0000,nan,4834,4877.4,1.799,1.786
7706,train,2.3488,0.3388,3.76,0.0000,nan,4770,4878.0,1.711,1.707
7707,train,2.8216,0.1388,5.27,0.0000,nan,4864,4878.5,4.219,4.209
7708,train,2.5288,0.1519,4.76,0.0000,nan,4377,4879.1,2.870,2.865
7709,train,3.9995,0.2139,14.64,0.0000,nan,4675,4879.7,13.007,12.779
7710,train,3.6420,0.1110,7.96,0.0000,nan,4928,4880.3,6.597,6.580
7711,train,2.8877,0.0845,7.79,0.0000,nan,4155,4880.8,5.308,5.301
7712,train,2.4836,0.2022,4.36,0.0000,nan,3951,4881.4,2.697,2.690
7713,train,2.6898,0.2075,5.69,0.0000,nan,4973,4882.0,4.072,4.065
7714,train,2.9860,0.1319,6.13,0.0000,nan,4815,4882.6,4.077,4.073
7715,train,4.0148,0.1431,9.12,0.0000,nan,4932,4883.2,7.514,7.500
7716,train,2.6263,0.2286,5.01,0.0000,nan,4383,4883.7,2.312,2.305
7717,train,2.4750,0.2454,4.15,0.0000,nan,4308,4884.3,2.408,2.407
7718,train,2.5644,0.0829,5.18,0.0000,nan,4874,4884.9,4.252,4.252
7719,train,2.8631,0.1118,6.54,0.0000,nan,4712,4885.5,4.473,4.468
7720,train,4.6143,0.0132,13.11,0.0000,nan,3950,4886.1,13.127,13.117
7721,train,3.2486,0.0624,7.06,0.0000,nan,4505,4886.6,5.341,5.336
7722,train,2.6742,0.2258,4.81,0.0000,nan,4243,4887.2,3.411,3.400
7723,train,2.5326,0.2022,5.08,0.0000,nan,4060,4887.8,2.596,2.587
7724,train,3.2092,0.2230,8.04,0.0000,nan,4627,4888.4,6.479,6.470
7725,train,2.9773,0.2054,6.26,0.0000,nan,5005,4888.9,4.980,4.968
7726,train,2.3670,0.3499,4.29,0.0000,nan,4298,4889.5,3.098,3.094
7727,train,2.5754,0.1079,5.10,0.0000,nan,4105,4890.1,3.076,3.072
7728,train,2.9049,0.0727,5.92,0.0000,nan,4262,4890.7,4.964,4.962
7729,train,3.1316,0.2656,11.00,0.0000,nan,4718,4891.3,8.384,8.377
7730,train,3.9507,0.0109,9.33,0.0000,nan,4936,4891.8,7.869,7.868
7731,train,2.2880,0.3231,3.78,0.0000,nan,4739,4892.4,2.029,2.014
7732,train,2.9389,0.4064,8.82,0.0000,nan,5047,4893.0,6.381,6.376
7733,train,2.4538,0.2652,4.30,0.0000,nan,4246,4893.6,2.535,2.532
7734,train,3.3208,0.1399,9.94,0.0000,nan,3968,4894.2,9.132,9.124
7735,train,2.6479,0.1667,5.31,0.0000,nan,4284,4894.7,3.393,3.391
7736,train,2.5742,0.2595,4.14,0.0000,nan,4150,4895.3,1.821,1.816
7737,train,3.1025,0.1815,6.40,0.0000,nan,4788,4895.9,4.407,4.405
7738,train,2.6441,0.2904,4.83,0.0000,nan,4060,4896.5,4.687,4.681
7739,train,2.7858,0.1176,5.70,0.0000,nan,4567,4897.0,3.817,3.814
7740,train,3.4782,0.0883,7.85,0.0000,nan,4713,4897.6,5.033,5.026
7741,train,3.4757,0.1633,6.49,0.0000,nan,4720,4898.2,6.040,6.038
7742,train,3.0894,0.1894,10.22,0.0000,nan,4952,4898.8,7.342,7.332
7743,train,2.6326,0.1872,5.15,0.0000,nan,4492,4899.4,3.392,3.377
7744,train,2.9136,0.1110,9.54,0.0000,nan,4523,4899.9,7.212,7.205
7745,train,2.4522,0.1787,4.64,0.0000,nan,3963,4900.5,3.134,3.126
7746,train,3.8189,0.0814,8.05,0.0000,nan,4314,4901.1,6.062,6.061
7747,train,3.2687,0.1008,6.86,0.0000,nan,4119,4901.7,5.473,5.471
7748,train,2.5923,0.1524,4.93,0.0000,nan,4555,4902.2,3.102,3.101
7749,train,2.4654,0.1564,5.02,0.0000,nan,4125,4902.8,3.545,3.544
7750,train,2.7819,0.1761,5.04,0.0000,nan,4400,4903.4,3.041,3.029
7751,train,3.3984,0.0352,6.61,0.0000,nan,4863,4904.0,4.818,4.816
7752,train,2.7791,0.1899,5.29,0.0000,nan,4282,4904.6,3.527,3.521
7753,train,3.2922,0.0954,9.40,0.0000,nan,4192,4905.1,8.147,8.142
7754,train,2.7605,0.1137,5.21,0.0000,nan,4758,4905.7,3.314,3.311
7755,train,2.8962,0.2824,5.72,0.0000,nan,4703,4906.3,4.015,4.014
7756,train,2.4787,0.2609,4.25,0.0000,nan,3944,4906.9,2.262,2.261
7757,train,2.9771,0.1675,6.17,0.0000,nan,3946,4907.4,5.190,5.186
7758,train,2.7533,0.2192,5.07,0.0000,nan,5210,4908.0,2.718,2.715
7759,train,2.0701,0.3182,3.41,0.0000,nan,4616,4908.6,1.667,1.659
7760,train,2.7972,0.1162,6.25,0.0000,nan,4700,4909.2,3.879,3.878
7761,train,3.1124,0.1467,6.92,0.0000,nan,4185,4909.8,4.693,4.686
7762,train,2.2994,0.3425,4.08,0.0000,nan,4733,4910.3,2.776,2.774
7763,train,2.3790,0.2637,3.95,0.0000,nan,4210,4910.9,2.687,2.667
7764,train,2.4484,0.1366,4.98,0.0000,nan,4782,4911.5,2.896,2.891
7765,train,3.0166,0.1148,6.25,0.0000,nan,4869,4912.1,4.843,4.832
7766,train,3.4759,0.0766,8.22,0.0000,nan,4463,4912.7,6.108,6.103
7767,train,2.0548,0.4851,3.22,0.0000,nan,4488,4913.2,1.128,1.105
7768,train,2.8657,0.1859,5.44,0.0000,nan,4373,4913.8,3.768,3.749
7769,train,2.9921,0.1325,6.67,0.0000,nan,4680,4914.4,4.642,4.642
7770,train,2.4399,0.1929,4.35,0.0000,nan,4324,4915.0,2.399,2.396
7771,train,2.4257,0.3045,5.73,0.0000,nan,4456,4915.5,3.573,3.572
7772,train,2.3534,0.2284,4.57,0.0000,nan,4142,4916.1,3.041,3.039
7773,train,2.4721,0.1710,4.68,0.0000,nan,4210,4916.7,3.247,3.238
7774,train,3.3346,0.1489,5.69,0.0000,nan,4051,4917.3,4.867,4.866
7775,train,4.5266,0.0321,8.95,0.0000,nan,4887,4917.9,8.067,8.062
7776,train,3.5012,0.0746,9.73,0.0000,nan,4668,4918.4,7.046,7.043
7777,train,2.4640,0.3386,4.40,0.0000,nan,4191,4919.0,2.007,2.006
7778,train,2.7721,0.2368,5.43,0.0000,nan,4332,4919.6,4.060,4.056
7779,train,2.8517,0.1292,5.60,0.0000,nan,5117,4920.2,4.079,4.076
7780,train,2.4334,0.2169,4.10,0.0000,nan,4247,4920.8,2.753,2.751
7781,train,3.1209,0.1572,6.20,0.0000,nan,4567,4921.3,4.893,4.892
7782,train,4.2876,0.0979,10.46,0.0000,nan,4576,4921.9,7.048,7.038
7783,train,2.6252,0.1864,4.86,0.0000,nan,4280,4922.5,3.034,3.022
7784,train,4.5976,0.2771,9.09,0.0000,nan,4518,4923.1,7.539,7.535
7785,train,3.1340,0.1206,8.57,0.0000,nan,4486,4923.6,6.000,5.988
7786,train,2.6914,0.1119,5.64,0.0000,nan,4404,4924.2,3.745,3.742
7787,train,3.3968,0.0927,7.86,0.0000,nan,4412,4924.8,7.067,7.064
7788,train,2.5091,0.2389,4.58,0.0000,nan,4894,4925.4,3.660,3.659
7789,train,3.5170,0.0926,10.00,0.0000,nan,5033,4926.0,5.930,5.926
7790,train,2.9504,0.2622,8.58,0.0000,nan,4085,4926.5,6.957,6.944
7791,train,3.9496,0.1367,10.99,0.0000,nan,4944,4927.1,8.511,8.497
7792,train,3.4196,0.1073,9.68,0.0000,nan,4343,4927.7,7.846,7.832
7793,train,3.8866,0.0578,9.18,0.0000,nan,4133,4928.3,7.715,7.713
7794,train,2.8352,0.1669,5.46,0.0000,nan,4722,4928.9,2.891,2.888
7795,train,3.4772,0.1321,8.39,0.0000,nan,3959,4929.4,7.779,7.776
7796,train,3.4486,0.0982,7.55,0.0000,nan,4673,4930.0,5.756,5.754
7797,train,2.4916,0.3343,4.77,0.0000,nan,4571,4930.6,3.949,3.946
7798,train,3.0057,0.1615,6.65,0.0000,nan,4880,4931.2,4.973,4.969
7799,train,2.9965,0.1795,7.58,0.0000,nan,4613,4931.7,7.175,7.174
7800,train,4.3586,0.0147,9.18,0.0000,nan,5573,4932.3,7.721,7.717
7801,train,3.5836,0.0306,9.28,0.0000,nan,5004,4932.9,6.377,6.375
7802,train,2.0430,0.2618,3.94,0.0000,nan,4099,4933.5,1.513,1.506
7803,train,2.2894,0.3325,3.96,0.0000,nan,4481,4934.1,2.144,2.113
7804,train,2.8711,0.2104,5.57,0.0000,nan,4496,4934.6,4.086,4.085
7805,train,2.7118,0.2544,5.12,0.0000,nan,4811,4935.2,3.578,3.576
7806,train,2.7150,0.1812,5.20,0.0000,nan,5614,4935.8,3.433,3.428
7807,train,3.4928,0.0848,9.34,0.0000,nan,4644,4936.4,7.678,7.675
7808,train,2.2002,0.2375,4.09,0.0000,nan,4185,4937.0,1.325,1.315
7809,train,2.7419,0.1174,5.49,0.0000,nan,4209,4937.5,3.611,3.593
7810,train,2.7808,0.2781,4.83,0.0000,nan,4463,4938.1,3.636,3.626
7811,train,2.5746,0.2477,4.60,0.0000,nan,5171,4938.7,3.034,3.032
7812,train,2.4011,0.2355,3.99,0.0000,nan,5232,4939.3,2.996,2.981
7813,train,3.3216,0.1576,6.42,0.0000,nan,4460,4939.9,4.345,4.313
7814,train,2.6903,0.1370,5.34,0.0000,nan,4620,4940.4,3.575,3.563
7815,train,1.9454,0.4567,2.93,0.0000,nan,4327,4941.0,1.403,1.401
7816,train,2.3143,0.2190,4.37,0.0000,nan,5014,4941.6,2.446,2.441
7817,train,2.8647,0.1962,7.96,0.0000,nan,4031,4942.2,5.148,5.142
7818,train,2.2603,0.3840,5.51,0.0000,nan,4781,4942.7,4.154,4.151
7819,train,2.3700,0.3269,4.20,0.0000,nan,5637,4943.3,1.905,1.897
7820,train,2.0071,0.3616,3.45,0.0000,nan,4109,4943.9,1.797,1.795
7821,train,2.5433,0.2776,5.43,0.0000,nan,4340,4944.5,4.544,4.541
7822,train,2.5215,0.2356,4.88,0.0000,nan,4074,4945.1,3.166,3.165
7823,train,2.8796,0.1092,5.40,0.0000,nan,4531,4945.6,3.187,3.178
7824,train,3.4150,0.1744,8.88,0.0000,nan,4208,4946.2,6.681,6.678
7825,train,3.7316,0.1319,7.86,0.0000,nan,3950,4946.8,6.590,6.589
7826,train,2.5028,0.2279,5.35,0.0000,nan,4410,4947.4,3.392,3.391
7827,train,3.1418,0.2011,7.75,0.0000,nan,4690,4948.0,5.120,5.113
7828,train,2.3717,0.3547,3.68,0.0000,nan,4252,4948.5,2.434,2.429
7829,train,2.3849,0.3904,3.85,0.0000,nan,5297,4949.1,2.778,2.771
7830,train,2.7857,0.1967,5.99,0.0000,nan,4976,4949.7,4.011,4.003
7831,train,3.2502,0.1494,7.77,0.0000,nan,4798,4950.3,5.506,5.502
7832,train,5.3582,0.0656,11.37,0.0000,nan,4281,4950.8,8.677,8.675
7833,train,2.6189,0.2010,5.76,0.0000,nan,4960,4951.4,3.306,3.302
7834,train,3.2232,0.1947,7.02,0.0000,nan,5824,4952.0,4.586,4.583
7835,train,2.7669,0.2616,5.15,0.0000,nan,4507,4952.6,3.599,3.597
7836,train,2.3921,0.1929,4.82,0.0000,nan,4380,4953.2,3.617,3.607
7837,train,2.8300,0.1357,6.39,0.0000,nan,4495,4953.7,4.521,4.518
7838,train,2.8119,0.2529,5.34,0.0000,nan,4796,4954.3,3.144,3.057
7839,train,2.3884,0.2773,4.42,0.0000,nan,4039,4954.9,2.354,2.350
7840,train,2.5725,0.2070,6.87,0.0000,nan,5110,4955.5,4.271,4.270
7841,train,3.0093,0.0846,6.42,0.0000,nan,5322,4956.1,5.330,5.328
7842,train,3.7980,0.1381,10.04,0.0000,nan,4829,4956.6,8.139,8.136
7843,train,3.2003,0.1782,8.30,0.0000,nan,4310,4957.2,6.196,6.160
7844,train,3.4353,0.0444,8.43,0.0000,nan,5402,4957.8,6.679,6.677
7845,train,2.2120,0.4541,3.20,0.0000,nan,5005,4958.4,2.488,2.479
7846,train,3.7497,0.0781,7.30,0.0000,nan,4278,4959.0,5.836,5.832
7847,train,2.4667,0.1974,4.70,0.0000,nan,4194,4959.5,3.464,3.462
7848,train,3.9264,0.0767,11.56,0.0000,nan,4562,4960.1,8.874,8.872
7849,train,2.9037,0.1012,6.05,0.0000,nan,4408,4960.7,3.993,3.992
7850,train,2.1578,0.3915,3.76,0.0000,nan,4164,4961.3,2.357,2.355
7851,train,3.8219,0.1025,12.22,0.0000,nan,4850,4961.8,9.409,9.408
7852,train,2.9642,0.1351,5.59,0.0000,nan,5359,4962.4,3.252,3.247
7853,train,3.0293,0.1382,7.34,0.0000,nan,4211,4963.0,5.470,5.469
7854,train,3.0664,0.2064,11.16,0.0000,nan,4501,4963.6,7.526,7.523
7855,train,2.1368,0.3651,3.77,0.0000,nan,4484,4964.2,2.028,2.025
7856,train,3.4178,0.1675,7.80,0.0000,nan,4793,4964.7,3.714,3.706
7857,train,2.5840,0.2461,4.64,0.0000,nan,4640,4965.3,2.954,2.945
7858,train,2.4966,0.2802,9.73,0.0000,nan,4611,4965.9,5.990,5.988
7859,train,3.2255,0.2030,7.87,0.0000,nan,5005,4966.5,6.291,6.287
7860,train,2.2265,0.4568,3.25,0.0000,nan,4048,4967.1,2.587,2.581
7861,train,3.9002,0.0687,10.24,0.0000,nan,4194,4967.6,8.863,8.856
7862,train,3.4919,0.0552,10.10,0.0000,nan,4949,4968.2,7.126,7.123
7863,train,2.2398,0.3466,3.89,0.0000,nan,4377,4968.8,2.726,2.722
7864,train,2.6019,0.2520,5.79,0.0000,nan,4421,4969.4,3.722,3.711
7865,train,3.0761,0.1456,5.50,0.0000,nan,4814,4969.9,4.237,4.210
7866,train,3.0479,0.1822,11.02,0.0000,nan,5137,4970.5,8.766,8.763
7867,train,3.9611,0.0251,14.13,0.0000,nan,4222,4971.1,11.584,11.578
7868,train,2.4128,0.2058,4.42,0.0000,nan,4513,4971.7,3.197,3.193
7869,train,3.0980,0.1713,9.12,0.0000,nan,4869,4972.3,7.940,7.939
7870,train,2.7432,0.1574,6.02,0.0000,nan,4099,4972.8,4.831,4.828
7871,train,3.3915,0.0665,10.65,0.0000,nan,4390,4973.4,10.635,10.632
7872,train,2.4138,0.2016,4.52,0.0000,nan,3914,4974.0,2.740,2.738
7873,train,3.0328,0.1306,9.01,0.0000,nan,4242,4974.6,7.020,7.017
7874,train,2.8402,0.1772,5.72,0.0000,nan,4657,4975.2,4.300,4.299
7875,train,2.2666,0.2461,4.11,0.0000,nan,4660,4975.7,2.638,2.632
7876,train,3.2926,0.0629,7.45,0.0000,nan,4595,4976.3,6.037,6.035
7877,train,2.3498,0.2439,3.96,0.0000,nan,4678,4976.9,1.819,1.813
7878,train,2.1718,0.3523,3.98,0.0000,nan,4076,4977.5,2.677,2.670
7879,train,2.6780,0.3007,4.56,0.0000,nan,4533,4978.1,2.681,2.679
7880,train,3.1319,0.0779,6.22,0.0000,nan,4070,4978.6,4.930,4.930
7881,train,2.7778,0.1270,5.72,0.0000,nan,4852,4979.2,3.392,3.391
7882,train,3.2171,0.1686,9.39,0.0000,nan,4876,4979.8,6.337,6.333
7883,train,2.3082,0.2297,4.20,0.0000,nan,4688,4980.4,2.623,2.620
7884,train,2.6365,0.1394,5.55,0.0000,nan,4750,4980.9,2.673,2.659
7885,train,2.7509,0.1930,5.41,0.0000,nan,5155,4981.5,3.690,3.689
7886,train,2.0767,0.4366,3.11,0.0000,nan,4217,4982.1,1.166,1.158
7887,train,2.2989,0.2790,4.95,0.0000,nan,4237,4982.7,3.586,3.584
7888,train,2.3835,0.3037,4.51,0.0000,nan,3909,4983.3,3.224,3.221
7889,train,2.2861,0.2529,4.48,0.0000,nan,5128,4983.8,2.477,2.470
7890,train,2.1977,0.3096,3.95,0.0000,nan,4741,4984.4,1.863,1.862
7891,train,3.2024,0.1335,6.76,0.0000,nan,4652,4985.0,4.776,4.771
7892,train,2.9363,0.1292,5.57,0.0000,nan,4497,4985.6,4.205,4.202
7893,train,3.1241,0.0562,6.75,0.0000,nan,4342,4986.2,5.041,5.033
7894,train,2.2982,0.3642,4.00,0.0000,nan,4646,4986.7,2.791,2.784
7895,train,2.5847,0.2684,5.50,0.0000,nan,5115,4987.3,2.907,2.906
7896,train,3.0919,0.0925,8.22,0.0000,nan,4453,4987.9,6.503,6.501
7897,train,2.0687,0.2490,4.29,0.0000,nan,4229,4988.5,2.413,2.410
7898,train,2.6621,0.1389,4.79,0.0000,nan,4515,4989.0,3.024,3.014
7899,train,3.1831,0.0762,6.13,0.0000,nan,5338,4989.6,4.370,4.370
7900,train,2.9756,0.1119,8.62,0.0000,nan,4351,4990.2,5.949,5.919
7901,train,2.7198,0.1200,5.08,0.0000,nan,5066,4990.8,4.419,4.417
7902,train,2.1796,0.3165,4.02,0.0000,nan,4303,4991.4,1.986,1.969
7903,train,2.9122,0.0449,6.23,0.0000,nan,4297,4991.9,5.221,5.220
7904,train,3.2744,0.2382,7.52,0.0000,nan,4773,4992.5,6.217,6.213
7905,train,2.6200,0.2002,4.58,0.0000,nan,5070,4993.1,3.277,3.274
7906,train,3.3157,0.1314,8.64,0.0000,nan,4620,4993.7,7.612,7.605
7907,train,2.1985,0.3053,3.89,0.0000,nan,4052,4994.3,3.208,3.204
7908,train,3.0264,0.1232,5.50,0.0000,nan,4641,4994.8,3.721,3.716
7909,train,2.7540,0.1806,5.52,0.0000,nan,4164,4995.4,3.555,3.549
7910,train,2.8922,0.1163,5.49,0.0000,nan,4729,4996.0,3.894,3.892
7911,train,3.4087,0.2196,5.86,0.0000,nan,4331,4996.6,4.693,4.688
7912,train,2.4081,0.2773,3.93,0.0000,nan,4339,4997.2,3.163,3.160
7913,train,2.8247,0.1166,4.86,0.0000,nan,5308,4997.7,3.249,3.219
7914,train,3.1150,0.1516,6.73,0.0000,nan,4505,4998.3,5.384,5.382
7915,train,3.4214,0.1321,8.88,0.0000,nan,5141,4998.9,6.382,6.375
7916,train,2.8959,0.1389,5.70,0.0000,nan,4334,4999.5,3.634,3.611
7917,train,2.8189,0.1881,4.97,0.0000,nan,4322,5000.1,3.943,3.941
7918,train,3.4579,0.1864,13.94,0.0000,nan,4529,5000.6,10.755,10.745
7919,train,3.5471,0.0599,8.21,0.0000,nan,4076,5001.2,7.497,7.485
7920,train,2.7529,0.0463,6.13,0.0000,nan,4407,5001.8,4.046,4.046
7921,train,3.6065,0.1306,8.70,0.0000,nan,4830,5002.4,4.814,4.807
7922,train,2.4945,0.1824,4.73,0.0000,nan,4601,5002.9,2.846,2.830
7923,train,2.1461,0.3161,4.08,0.0000,nan,5075,5003.5,3.679,3.662
7924,train,2.7498,0.1810,5.87,0.0000,nan,4845,5004.1,6.078,6.070
7925,train,2.4786,0.3022,5.31,0.0000,nan,4285,5004.7,3.744,3.743
7926,train,3.3030,0.1859,9.66,0.0000,nan,5030,5005.3,6.893,6.890
7927,train,3.1783,0.2060,6.07,0.0000,nan,4718,5005.8,7.267,7.235
7928,train,3.1076,0.2043,7.73,0.0000,nan,4914,5006.4,5.833,5.832
7929,train,3.1274,0.0642,6.76,0.0000,nan,4346,5007.0,5.877,5.874
7930,train,1.8859,0.4079,2.97,0.0000,nan,4261,5007.6,2.042,2.036
7931,train,2.7396,0.2046,6.18,0.0000,nan,4879,5008.2,3.998,3.997
7932,train,1.8546,0.4453,2.97,0.0000,nan,4274,5008.7,1.661,1.655
7933,train,2.2271,0.2767,4.21,0.0000,nan,4482,5009.3,2.807,2.804
7934,train,2.4891,0.2222,4.27,0.0000,nan,4514,5009.9,3.022,3.014
7935,train,3.8699,0.1150,12.87,0.0000,nan,4416,5010.5,9.697,9.697
7936,train,2.5986,0.1694,4.91,0.0000,nan,5223,5011.1,2.687,2.668
7937,train,3.2852,0.1154,7.24,0.0000,nan,4368,5011.6,4.958,4.955
7938,train,3.1264,0.1854,7.81,0.0000,nan,4434,5012.2,6.072,6.068
7939,train,3.1831,0.0975,7.45,0.0000,nan,4329,5012.8,4.903,4.902
7940,train,2.0794,0.3737,3.47,0.0000,nan,4594,5013.4,2.299,2.282
7941,train,3.1086,0.2303,6.10,0.0000,nan,4247,5013.9,4.341,4.322
7942,train,2.8690,0.2355,6.49,0.0000,nan,5188,5014.5,3.695,3.689
7943,train,3.1202,0.2939,10.01,0.0000,nan,4635,5015.1,9.767,9.763
7944,train,3.2053,0.1221,10.11,0.0000,nan,4814,5015.7,5.994,5.990
7945,train,2.7275,0.3225,6.88,0.0000,nan,4595,5016.3,7.137,7.136
7946,train,2.2275,0.2667,4.26,0.0000,nan,4694,5016.8,3.198,3.188
7947,train,3.3766,0.1742,8.61,0.0000,nan,4161,5017.4,7.884,7.882
7948,train,3.2402,0.1844,7.53,0.0000,nan,4527,5018.0,6.278,6.275
7949,train,2.4120,0.2769,6.68,0.0000,nan,4341,5018.6,4.050,4.045
7950,train,3.0012,0.1714,8.45,0.0000,nan,4649,5019.1,6.314,6.311
7951,train,2.6262,0.1885,6.03,0.0000,nan,4350,5019.7,2.379,2.374
7952,train,3.2162,0.1889,7.04,0.0000,nan,4437,5020.3,4.485,4.459
7953,train,2.8191,0.1130,7.99,0.0000,nan,4488,5020.9,6.630,6.623
7954,train,3.6525,0.0498,8.64,0.0000,nan,4884,5021.5,7.891,7.890
7955,train,2.4925,0.2415,4.36,0.0000,nan,4340,5022.0,2.339,2.331
7956,train,3.8461,0.1572,8.17,0.0000,nan,4586,5022.6,6.508,6.473
7957,train,2.9161,0.1654,5.60,0.0000,nan,5301,5023.2,4.708,4.707
7958,train,3.2455,0.2061,7.72,0.0000,nan,4804,5023.8,6.077,6.076
7959,train,3.1366,0.1228,7.01,0.0000,nan,4950,5024.4,6.159,6.154
7960,train,3.0634,0.0981,6.68,0.0000,nan,4149,5024.9,3.819,3.809
7961,train,2.9059,0.1842,7.22,0.0000,nan,4598,5025.5,5.204,5.197
7962,train,2.8151,0.1958,5.36,0.0000,nan,4080,5026.1,3.538,3.533
7963,train,2.2183,0.1641,4.29,0.0000,nan,4815,5026.7,2.431,2.426
7964,train,3.0516,0.1798,5.83,0.0000,nan,4166,5027.3,4.499,4.499
7965,train,2.3260,0.2611,4.12,0.0000,nan,3995,5027.8,2.117,2.116
7966,train,2.8566,0.2063,6.44,0.0000,nan,4779,5028.4,5.135,5.132
7967,train,2.6601,0.1869,5.74,0.0000,nan,4489,5029.0,3.777,3.775
7968,train,2.9543,0.1533,5.21,0.0000,nan,4337,5029.6,3.459,3.452
7969,train,3.0856,0.1366,7.29,0.0000,nan,4247,5030.1,7.560,7.559
7970,train,2.4571,0.2813,4.60,0.0000,nan,4618,5030.7,1.836,1.833
7971,train,3.2484,0.1807,6.61,0.0000,nan,4245,5031.3,5.034,5.029
7972,train,2.8638,0.2661,4.51,0.0000,nan,4235,5031.9,2.709,2.692
7973,train,3.3010,0.1833,7.04,0.0000,nan,3966,5032.5,3.217,3.209
7974,train,2.9202,0.1168,5.10,0.0000,nan,4486,5033.0,3.716,3.713
7975,train,2.5868,0.1285,5.17,0.0000,nan,4264,5033.6,3.810,3.807
7976,train,2.7006,0.1379,5.75,0.0000,nan,4025,5034.2,3.852,3.849
7977,train,3.1010,0.1012,6.91,0.0000,nan,4290,5034.8,4.157,4.155
7978,train,3.1591,0.1069,6.34,0.0000,nan,4642,5035.4,4.481,4.476
7979,train,3.9043,0.0437,7.44,0.0000,nan,4581,5035.9,5.747,5.746
7980,train,3.3591,0.0797,9.23,0.0000,nan,5108,5036.5,6.936,6.933
7981,train,2.7828,0.2414,7.20,0.0000,nan,4984,5037.1,4.790,4.782
7982,train,3.1477,0.1180,7.11,0.0000,nan,3754,5037.7,5.143,5.138
7983,train,3.1942,0.0381,7.58,0.0000,nan,4204,5038.2,5.694,5.684
7984,train,2.9766,0.1848,6.99,0.0000,nan,4286,5038.8,5.369,5.364
7985,train,2.5699,0.1212,5.03,0.0000,nan,4308,5039.4,3.964,3.962
7986,train,2.3855,0.3071,4.06,0.0000,nan,4911,5040.0,1.648,1.646
7987,train,2.4449,0.2996,4.41,0.0000,nan,5024,5040.6,2.893,2.887
7988,train,3.2141,0.0774,7.31,0.0000,nan,4895,5041.1,6.068,6.067
7989,train,2.6676,0.2047,4.85,0.0000,nan,5125,5041.7,3.465,3.463
7990,train,3.7558,0.0729,12.98,0.0000,nan,4652,5042.3,10.220,10.219
7991,train,2.9527,0.2342,8.85,0.0000,nan,3950,5042.9,8.182,8.167
7992,train,3.1012,0.0906,5.99,0.0000,nan,4556,5043.4,4.705,4.703
7993,train,2.8412,0.1343,5.18,0.0000,nan,5323,5044.0,2.772,2.769
7994,train,2.4469,0.2054,4.52,0.0000,nan,4517,5044.6,3.015,3.010
7995,train,2.6649,0.2673,5.84,0.0000,nan,4954,5045.2,2.106,2.101
7996,train,2.4120,0.2907,4.37,0.0000,nan,4311,5045.8,3.043,3.032
7997,train,2.5893,0.2118,4.53,0.0000,nan,5249,5046.3,2.597,2.592
7998,train,2.5198,0.1664,4.56,0.0000,nan,4177,5046.9,2.514,2.510
7999,train,3.0024,0.1822,7.17,0.0000,nan,4396,5047.5,4.778,4.776
8000,train,3.0062,0.1400,5.95,0.0000,nan,4957,5048.1,4.367,4.361
8000,val,3.0157,0.1724,7.20,0.0000,0.00,222066,5075.5,5.515,5.508
8001,train,2.9054,0.1128,6.47,0.0000,nan,4717,5076.8,5.822,5.818
8002,train,3.5812,0.1231,8.67,0.0000,nan,4061,5077.4,8.984,8.981
8003,train,3.8139,0.1733,7.89,0.0000,nan,4507,5078.0,6.707,6.698
8004,train,4.3223,0.0233,12.00,0.0000,nan,4332,5078.6,9.701,9.699
8005,train,2.5474,0.1591,4.64,0.0000,nan,4104,5079.2,3.456,3.454
8006,train,2.2680,0.3145,3.60,0.0000,nan,4452,5079.7,1.954,1.948
8007,train,2.1100,0.3212,3.56,0.0000,nan,4200,5080.3,2.477,2.476
8008,train,2.1332,0.3498,3.82,0.0000,nan,4328,5080.9,2.282,2.277
8009,train,3.2135,0.1547,10.33,0.0000,nan,4194,5081.5,8.852,8.848
8010,train,3.0447,0.3330,10.99,0.0000,nan,4670,5082.0,10.257,10.250
8011,train,3.1921,0.1763,10.63,0.0000,nan,4788,5082.6,6.418,6.413
8012,train,3.0879,0.1196,7.64,0.0000,nan,4388,5083.2,5.666,5.655
8013,train,2.9412,0.1727,5.13,0.0000,nan,4632,5083.8,3.465,3.461
8014,train,2.3676,0.2137,4.37,0.0000,nan,3968,5084.4,2.392,2.392
8015,train,1.9864,0.3038,3.63,0.0000,nan,4342,5084.9,1.778,1.772
8016,train,1.8815,0.5099,2.73,0.0000,nan,4428,5085.5,1.858,1.857
8017,train,2.3456,0.2670,3.91,0.0000,nan,5045,5086.1,2.557,2.554
8018,train,3.5226,0.0989,6.87,0.0000,nan,4623,5086.7,5.665,5.664
8019,train,3.1995,0.2225,6.66,0.0000,nan,4679,5087.3,5.080,5.079
8020,train,3.1709,0.1098,6.19,0.0000,nan,4363,5087.8,4.726,4.720
8021,train,3.2280,0.1725,7.37,0.0000,nan,4434,5088.4,5.783,5.781
8022,train,2.5586,0.1941,4.70,0.0000,nan,4823,5089.0,2.350,2.331
8023,train,2.8529,0.1864,6.61,0.0000,nan,4083,5089.6,5.363,5.360
8024,train,3.1798,0.1024,8.03,0.0000,nan,4561,5090.2,5.538,5.534
8025,train,2.8720,0.2476,5.72,0.0000,nan,4785,5090.7,3.085,3.084
8026,train,3.2649,0.1800,7.63,0.0000,nan,4628,5091.3,5.730,5.724
8027,train,3.1300,0.0616,6.62,0.0000,nan,4934,5091.9,5.239,5.236
8028,train,2.2841,0.2343,4.34,0.0000,nan,4165,5092.5,2.262,2.257
8029,train,2.5090,0.3628,3.95,0.0000,nan,3875,5093.0,2.665,2.635
8030,train,3.1033,0.1749,4.98,0.0000,nan,4711,5093.6,3.504,3.500
8031,train,2.7902,0.1772,5.88,0.0000,nan,4690,5094.2,3.205,3.201
8032,train,2.7947,0.2007,5.40,0.0000,nan,5137,5094.8,2.704,2.701
8033,train,2.2961,0.1997,4.11,0.0000,nan,3715,5095.4,2.683,2.683
8034,train,2.0848,0.2505,4.15,0.0000,nan,4188,5095.9,2.472,2.461
8035,train,2.1354,0.3675,3.41,0.0000,nan,4746,5096.5,1.584,1.572
8036,train,2.8368,0.2414,7.17,0.0000,nan,4623,5097.1,5.906,5.899
8037,train,2.5725,0.2293,4.16,0.0000,nan,5077,5097.7,2.430,2.427
8038,train,2.9048,0.0830,5.53,0.0000,nan,4106,5098.3,4.426,4.425
8039,train,2.5948,0.2769,4.35,0.0000,nan,4031,5098.8,2.540,2.530
8040,train,1.9497,0.3189,3.31,0.0000,nan,4353,5099.4,1.967,1.964
8041,train,2.8102,0.1866,6.67,0.0000,nan,5203,5100.0,4.716,4.710
8042,train,2.6073,0.1788,5.72,0.0000,nan,5152,5100.6,4.163,4.156
8043,train,2.1077,0.3736,3.33,0.0000,nan,4149,5101.1,1.848,1.846
8044,train,2.5513,0.2616,5.11,0.0000,nan,4901,5101.7,3.107,3.101
8045,train,3.9901,0.1006,8.31,0.0000,nan,5559,5102.3,6.487,6.477
8046,train,2.7611,0.1693,6.55,0.0000,nan,4242,5102.9,4.845,4.836
8047,train,3.7822,0.0496,12.55,0.0000,nan,4981,5103.5,11.276,11.273
8048,train,2.9515,0.1204,6.98,0.0000,nan,5023,5104.0,3.685,3.681
8049,train,1.7461,0.4314,2.84,0.0000,nan,4617,5104.6,1.565,1.560
8050,train,2.8214,0.2411,6.93,0.0000,nan,4115,5105.2,5.886,5.884
8051,train,2.9657,0.0915,8.74,0.0000,nan,5038,5105.8,6.721,6.721
8052,train,2.8130,0.1033,5.12,0.0000,nan,4579,5106.4,3.519,3.518
8053,train,2.1674,0.3846,3.45,0.0000,nan,3989,5106.9,2.385,2.379
8054,train,3.2886,0.1408,7.48,0.0000,nan,4765,5107.5,5.248,5.244
8055,train,4.3543,0.0183,14.54,0.0000,nan,3765,5108.1,12.611,12.610
8056,train,2.3521,0.1956,4.52,0.0000,nan,4617,5108.7,3.106,3.101
8057,train,2.7491,0.2388,4.49,0.0000,nan,4573,5109.3,2.910,2.902
8058,train,3.6388,0.0922,13.25,0.0000,nan,4565,5109.8,12.374,12.371
8059,train,2.0196,0.2323,3.87,0.0000,nan,4154,5110.4,2.300,2.298
8060,train,2.6033,0.2932,4.78,0.0000,nan,4921,5111.0,3.052,3.048
8061,train,2.6661,0.1723,5.61,0.0000,nan,4880,5111.6,4.806,4.805
8062,train,2.4563,0.2068,4.43,0.0000,nan,4530,5112.1,2.185,2.184
8063,train,3.5443,0.0550,7.04,0.0000,nan,4675,5112.7,5.117,5.112
8064,train,3.6901,0.0223,13.14,0.0000,nan,4582,5113.3,9.130,9.126
8065,train,2.4248,0.2164,5.08,0.0000,nan,4631,5113.9,3.413,3.411
8066,train,2.2839,0.2454,3.86,0.0000,nan,4665,5114.5,2.165,2.144
8067,train,2.4138,0.1947,5.02,0.0000,nan,4149,5115.0,2.628,2.609
8068,train,3.0544,0.1453,6.10,0.0000,nan,5031,5115.6,4.772,4.767
8069,train,2.8284,0.2584,7.74,0.0000,nan,4915,5116.2,5.121,5.095
8070,train,3.6686,0.0593,9.23,0.0000,nan,4471,5116.8,9.303,9.302
8071,train,2.6987,0.2024,8.78,0.0000,nan,4507,5117.4,7.227,7.223
8072,train,2.5306,0.2820,4.34,0.0000,nan,4550,5117.9,3.441,3.432
8073,train,3.0910,0.1668,7.47,0.0000,nan,5750,5118.5,6.043,6.042
8074,train,2.9066,0.2110,5.71,0.0000,nan,3862,5119.1,3.605,3.591
8075,train,2.9466,0.1612,8.11,0.0000,nan,3796,5119.7,6.153,6.151
8076,train,3.6261,0.0190,8.24,0.0000,nan,4361,5120.2,6.141,6.139
8077,train,2.5625,0.2731,4.15,0.0000,nan,4332,5120.8,1.770,1.764
8078,train,3.0054,0.1683,5.20,0.0000,nan,3963,5121.4,3.298,3.292
8079,train,1.9544,0.3547,3.58,0.0000,nan,4300,5122.0,1.760,1.758
8080,train,2.8601,0.1695,8.36,0.0000,nan,3942,5122.6,6.064,6.062
8081,train,2.5973,0.2484,4.97,0.0000,nan,4779,5123.1,4.011,4.005
8082,train,2.9647,0.0976,5.79,0.0000,nan,4960,5123.7,4.457,4.451
8083,train,2.8012,0.0809,5.39,0.0000,nan,4670,5124.3,4.613,4.610
8084,train,2.4952,0.1315,5.13,0.0000,nan,4556,5124.9,3.958,3.955
8085,train,3.6354,0.0846,10.95,0.0000,nan,4490,5125.5,10.032,10.030
8086,train,2.6083,0.2261,7.42,0.0000,nan,4883,5126.0,6.040,6.036
8087,train,3.1283,0.1416,6.52,0.0000,nan,5203,5126.6,5.124,5.111
8088,train,2.7465,0.2321,5.47,0.0000,nan,4236,5127.2,4.131,4.128
8089,train,2.5081,0.3268,4.66,0.0000,nan,4920,5127.8,3.202,3.188
8090,train,4.1479,0.0391,14.57,0.0000,nan,4093,5128.3,12.292,12.289
8091,train,2.4657,0.2181,4.40,0.0000,nan,3984,5128.9,3.708,3.707
8092,train,2.4827,0.2336,5.43,0.0000,nan,4307,5129.5,3.572,3.565
8093,train,2.5915,0.3323,4.85,0.0000,nan,4514,5130.1,2.940,2.934
8094,train,3.0237,0.1572,7.90,0.0000,nan,4853,5130.7,6.521,6.518
8095,train,3.4410,0.0399,7.83,0.0000,nan,4935,5131.2,5.283,5.276
8096,train,2.9321,0.2025,14.59,0.0000,nan,4562,5131.8,10.031,10.029
8097,train,2.1586,0.3859,3.60,0.0000,nan,4146,5132.4,2.525,2.521
8098,train,3.2678,0.1222,6.53,0.0000,nan,4541,5133.0,4.841,4.832
8099,train,3.0374,0.1895,7.12,0.0000,nan,3994,5133.6,5.760,5.758
8100,train,3.1319,0.1887,7.13,0.0000,nan,3980,5134.1,6.689,6.688
8101,train,3.7246,0.0869,10.61,0.0000,nan,4720,5134.7,9.678,9.676
8102,train,3.0933,0.2086,6.19,0.0000,nan,4376,5135.3,5.309,5.307
8103,train,2.5508,0.2100,6.42,0.0000,nan,4572,5135.9,4.831,4.822
8104,train,2.6695,0.1014,5.31,0.0000,nan,4014,5136.5,3.393,3.383
8105,train,2.7530,0.1961,5.02,0.0000,nan,4514,5137.0,3.622,3.622
8106,train,3.3629,0.0144,8.92,0.0000,nan,4444,5137.6,7.404,7.397
8107,train,2.2938,0.2885,3.76,0.0000,nan,4347,5138.2,2.753,2.751
8108,train,2.3994,0.3405,4.31,0.0000,nan,4491,5138.8,3.321,3.319
8109,train,3.3737,0.0400,7.56,0.0000,nan,4077,5139.3,6.539,6.537
8110,train,2.8124,0.2329,7.08,0.0000,nan,5140,5139.9,4.499,4.498
8111,train,3.2025,0.1878,6.87,0.0000,nan,4983,5140.5,6.558,6.552
8112,train,2.8706,0.1876,5.73,0.0000,nan,4419,5141.1,3.816,3.809
8113,train,2.6046,0.2717,5.20,0.0000,nan,4711,5141.7,3.438,3.422
8114,train,3.4102,0.2134,6.24,0.0000,nan,4353,5142.2,4.832,4.826
8115,train,2.1227,0.2852,3.92,0.0000,nan,4102,5142.8,2.796,2.789
8116,train,3.6073,0.0391,9.73,0.0000,nan,4891,5143.4,6.880,6.879
8117,train,3.7608,0.0375,11.33,0.0000,nan,4161,5144.0,10.980,10.975
8118,train,2.8619,0.0988,6.04,0.0000,nan,4868,5144.6,4.559,4.554
8119,train,2.4224,0.1862,4.54,0.0000,nan,4738,5145.1,3.554,3.552
8120,train,3.1088,0.1308,10.18,0.0000,nan,5075,5145.7,9.003,8.990
8121,train,2.1367,0.4453,3.33,0.0000,nan,4042,5146.3,0.974,0.914
8122,train,2.3822,0.3696,6.60,0.0000,nan,4456,5146.9,4.315,4.297
8123,train,3.3398,0.1531,8.79,0.0000,nan,4580,5147.4,7.353,7.351
8124,train,3.2929,0.0827,6.14,0.0000,nan,4545,5148.0,5.194,5.185
8125,train,2.7203,0.1992,5.51,0.0000,nan,4804,5148.6,3.414,3.408
8126,train,3.7629,0.1054,10.94,0.0000,nan,4422,5149.2,9.540,9.535
8127,train,3.4489,0.1215,7.22,0.0000,nan,4188,5149.8,5.245,5.219
8128,train,3.4086,0.1456,6.47,0.0000,nan,4115,5150.3,4.447,4.445
8129,train,3.0209,0.1129,5.44,0.0000,nan,5553,5150.9,4.226,4.218
8130,train,3.8727,0.0620,8.02,0.0000,nan,4851,5151.5,6.591,6.589
8131,train,2.0767,0.3756,3.66,0.0000,nan,4225,5152.1,2.386,2.385
8132,train,2.7531,0.1643,5.97,0.0000,nan,4566,5152.7,3.749,3.743
8133,train,3.1636,0.2013,7.06,0.0000,nan,4914,5153.2,5.606,5.603
8134,train,2.5592,0.2761,6.67,0.0000,nan,4437,5153.8,6.140,6.137
8135,train,2.2559,0.2054,4.42,0.0000,nan,4011,5154.4,2.628,2.623
8136,train,3.5027,0.1129,9.45,0.0000,nan,4561,5155.0,6.770,6.767
8137,train,3.0611,0.1955,10.13,0.0000,nan,4794,5155.5,7.392,7.378
8138,train,2.1820,0.3470,3.49,0.0000,nan,4017,5156.1,2.618,2.610
8139,train,2.7781,0.3041,7.72,0.0000,nan,4213,5156.7,4.873,4.872
8140,train,1.7040,0.4309,2.77,0.0000,nan,4008,5157.3,1.868,1.867
8141,train,2.9131,0.1665,6.31,0.0000,nan,5425,5157.9,4.268,4.264
8142,train,2.3054,0.3078,4.24,0.0000,nan,4720,5158.4,2.780,2.769
8143,train,2.1129,0.2689,3.90,0.0000,nan,3950,5159.0,2.081,2.078
8144,train,2.7125,0.0921,5.94,0.0000,nan,4580,5159.6,4.535,4.530
8145,train,3.4917,0.1899,11.73,0.0000,nan,5212,5160.2,8.720,8.719
8146,train,2.4345,0.1936,4.97,0.0000,nan,4407,5160.8,4.208,4.196
8147,train,3.1489,0.0983,8.41,0.0000,nan,4405,5161.3,6.099,6.088
8148,train,2.3471,0.2859,4.20,0.0000,nan,4733,5161.9,2.348,2.343
8149,train,3.0753,0.1490,6.24,0.0000,nan,4692,5162.5,5.718,5.709
8150,train,3.3333,0.1420,6.40,0.0000,nan,4107,5163.1,5.130,5.129
8151,train,4.3923,0.0829,9.32,0.0000,nan,4077,5163.6,6.809,6.808
8152,train,3.4931,0.1842,12.61,0.0000,nan,4555,5164.2,10.500,10.500
8153,train,2.7496,0.1928,6.01,0.0000,nan,4558,5164.8,5.181,5.179
8154,train,2.9465,0.1372,5.94,0.0000,nan,4739,5165.4,4.201,4.195
8155,train,3.2418,0.1249,7.02,0.0000,nan,4076,5166.0,4.788,4.787
8156,train,3.0523,0.1088,7.13,0.0000,nan,4834,5166.5,6.295,6.293
8157,train,3.1547,0.0635,6.35,0.0000,nan,4646,5167.1,3.758,3.750
8158,train,2.7476,0.1786,6.16,0.0000,nan,4317,5167.7,4.586,4.579
8159,train,3.3853,0.2124,7.38,0.0000,nan,5334,5168.3,5.228,5.222
8160,train,2.9848,0.2775,5.72,0.0000,nan,4313,5168.9,4.729,4.729
8161,train,2.9085,0.1329,5.20,0.0000,nan,5086,5169.4,3.777,3.774
8162,train,3.9391,0.0825,12.30,0.0000,nan,4799,5170.0,9.307,9.305
8163,train,2.7849,0.1775,9.68,0.0000,nan,4969,5170.6,7.194,7.189
8164,train,3.1388,0.2060,8.81,0.0000,nan,5198,5171.2,7.553,7.544
8165,train,2.3079,0.3259,3.71,0.0000,nan,4710,5171.7,2.325,2.323
8166,train,2.9520,0.2000,6.84,0.0000,nan,4261,5172.3,5.835,5.830
8167,train,2.3551,0.2787,4.12,0.0000,nan,4585,5172.9,1.192,1.177
8168,train,2.2570,0.2008,4.06,0.0000,nan,3959,5173.5,2.467,2.463
8169,train,3.1306,0.1781,8.85,0.0000,nan,4150,5174.1,5.111,5.100
8170,train,3.7426,0.0385,9.35,0.0000,nan,5278,5174.6,6.928,6.927
8171,train,2.9771,0.1861,5.50,0.0000,nan,4159,5175.2,3.873,3.872
8172,train,2.8924,0.2096,5.21,0.0000,nan,4605,5175.8,2.836,2.833
8173,train,2.2991,0.1967,4.40,0.0000,nan,4561,5176.4,2.892,2.887
8174,train,2.5926,0.2301,4.27,0.0000,nan,4350,5177.0,3.136,3.123
8175,train,3.2791,0.0987,9.41,0.0000,nan,4781,5177.5,6.761,6.751
8176,train,2.3517,0.2240,4.34,0.0000,nan,4589,5178.1,2.816,2.814
8177,train,2.4869,0.2615,4.35,0.0000,nan,4662,5178.7,2.672,2.652
8178,train,2.6786,0.1988,6.70,0.0000,nan,4678,5179.3,4.755,4.754
8179,train,2.9499,0.1200,5.80,0.0000,nan,4873,5179.8,3.900,3.887
8180,train,3.6533,0.0632,7.75,0.0000,nan,4698,5180.4,6.213,6.210
8181,train,2.7131,0.3312,7.34,0.0000,nan,3922,5181.0,5.566,5.564
8182,train,2.8203,0.1579,6.05,0.0000,nan,4781,5181.6,3.138,3.132
8183,train,2.6997,0.2024,6.16,0.0000,nan,4981,5182.2,3.224,3.219
8184,train,2.9503,0.0551,5.95,0.0000,nan,4283,5182.7,4.430,4.424
8185,train,2.2490,0.3088,3.96,0.0000,nan,5178,5183.3,2.272,2.265
8186,train,3.1520,0.0720,5.92,0.0000,nan,4734,5183.9,5.092,5.091
8187,train,3.8095,0.1182,9.83,0.0000,nan,4391,5184.5,6.086,6.081
8188,train,2.9637,0.0757,6.44,0.0000,nan,4808,5185.1,4.577,4.560
8189,train,2.3768,0.2566,4.32,0.0000,nan,4851,5185.6,3.447,3.445
8190,train,2.5512,0.1888,4.98,0.0000,nan,4423,5186.2,3.987,3.983
8191,train,2.8949,0.1756,5.39,0.0000,nan,4054,5186.8,3.887,3.886
8192,train,3.1633,0.1003,8.26,0.0000,nan,4666,5187.4,5.812,5.808
8193,train,2.4679,0.2696,4.10,0.0000,nan,4010,5188.0,3.025,3.020
8194,train,2.7448,0.2477,8.21,0.0000,nan,4106,5188.5,5.934,5.934
8195,train,2.7460,0.2745,4.85,0.0000,nan,4004,5189.1,4.039,4.029
8196,train,2.3275,0.3695,5.55,0.0000,nan,3943,5189.7,4.040,4.032
8197,train,2.5160,0.3545,4.12,0.0000,nan,4166,5190.3,2.204,2.194
8198,train,2.0273,0.3587,4.15,0.0000,nan,4185,5190.8,2.627,2.625
8199,train,2.2703,0.3399,4.15,0.0000,nan,4490,5191.4,3.873,3.866
8200,train,3.0708,0.0970,10.03,0.0000,nan,4000,5192.0,8.169,8.166
8201,train,2.8535,0.0986,5.21,0.0000,nan,4592,5192.6,3.781,3.776
8202,train,2.4176,0.3076,4.05,0.0000,nan,4863,5193.2,2.884,2.873
8203,train,3.2078,0.0691,7.41,0.0000,nan,4299,5193.7,4.308,4.301
8204,train,2.8685,0.1896,5.97,0.0000,nan,4635,5194.3,4.701,4.698
8205,train,2.9381,0.1174,5.49,0.0000,nan,4064,5194.9,3.790,3.786
8206,train,3.4716,0.0831,7.95,0.0000,nan,4274,5195.5,6.181,6.176
8207,train,3.0715,0.1307,7.55,0.0000,nan,4370,5196.0,6.213,6.202
8208,train,2.5532,0.2400,4.73,0.0000,nan,4000,5196.6,3.000,2.990
8209,train,1.9877,0.3935,3.22,0.0000,nan,4135,5197.2,1.817,1.816
8210,train,3.5307,0.2244,7.29,0.0000,nan,4866,5197.8,6.496,6.395
8211,train,2.5629,0.1874,4.34,0.0000,nan,4541,5198.4,2.543,2.530
8212,train,2.1651,0.2293,4.13,0.0000,nan,3877,5198.9,2.598,2.591
8213,train,2.4366,0.2380,4.50,0.0000,nan,4983,5199.5,2.409,2.405
8214,train,2.4186,0.2958,4.14,0.0000,nan,3979,5200.1,2.564,2.553
8215,train,3.0744,0.1664,6.57,0.0000,nan,4388,5200.7,5.032,5.028
8216,train,2.7793,0.1654,5.94,0.0000,nan,4118,5201.2,4.677,4.672
8217,train,3.5350,0.2516,11.63,0.0000,nan,4272,5201.8,7.915,7.905
8218,train,2.7576,0.1576,5.48,0.0000,nan,3889,5202.4,3.055,3.039
8219,train,2.8137,0.1041,5.88,0.0000,nan,4676,5203.0,4.742,4.737
8220,train,3.2934,0.1845,9.72,0.0000,nan,4900,5203.6,6.444,6.442
8221,train,2.1794,0.3841,4.39,0.0000,nan,4507,5204.1,2.309,2.235
8222,train,2.4944,0.2048,6.56,0.0000,nan,4628,5204.7,5.018,5.013
8223,train,2.6644,0.2765,4.79,0.0000,nan,4112,5205.3,4.565,4.562
8224,train,2.4909,0.2005,4.52,0.0000,nan,4105,5205.9,2.918,2.909
8225,train,3.1574,0.1462,7.56,0.0000,nan,4775,5206.5,3.296,3.293
8226,train,2.7549,0.2185,8.97,0.0000,nan,4663,5207.0,5.455,5.450
8227,train,3.1740,0.0819,6.10,0.0000,nan,5165,5207.6,4.503,4.496
8228,train,3.1601,0.0711,5.88,0.0000,nan,4459,5208.2,4.387,4.382
8229,train,2.5477,0.1237,5.16,0.0000,nan,4164,5208.8,3.605,3.599
8230,train,3.7177,0.0926,9.88,0.0000,nan,4783,5209.3,8.440,8.438
8231,train,2.6326,0.3368,7.15,0.0000,nan,4546,5209.9,4.274,4.214
8232,train,4.7042,0.0111,10.84,0.0000,nan,5330,5210.5,8.865,8.864
8233,train,3.2501,0.3214,7.14,0.0000,nan,3923,5211.1,6.471,6.471
8234,train,2.9918,0.1097,6.51,0.0000,nan,4577,5211.7,5.213,5.209
8235,train,2.9773,0.2989,6.50,0.0000,nan,4660,5212.2,4.305,4.288
8236,train,2.5430,0.1245,4.98,0.0000,nan,5116,5212.8,3.736,3.733
8237,train,3.2050,0.1564,6.17,0.0000,nan,4661,5213.4,4.285,4.277
8238,train,3.2480,0.1743,9.75,0.0000,nan,4056,5214.0,8.225,8.224
8239,train,2.6961,0.3120,5.83,0.0000,nan,4369,5214.6,5.438,5.437
8240,train,3.2271,0.1045,6.44,0.0000,nan,5369,5215.1,4.554,4.543
8241,train,3.3902,0.0842,6.24,0.0000,nan,4597,5215.7,4.910,4.909
8242,train,2.6541,0.2073,5.50,0.0000,nan,4249,5216.3,4.976,4.972
8243,train,2.7310,0.0780,5.30,0.0000,nan,4589,5216.9,3.046,3.043
8244,train,3.5169,0.1095,8.21,0.0000,nan,4613,5217.5,6.699,6.697
8245,train,3.7043,0.1206,8.45,0.0000,nan,3987,5218.0,6.974,6.972
8246,train,2.3494,0.3432,4.52,0.0000,nan,4108,5218.6,1.874,1.860
8247,train,2.6814,0.2521,4.75,0.0000,nan,5237,5219.2,3.088,3.081
8248,train,2.5041,0.2222,4.32,0.0000,nan,4411,5219.8,3.389,3.377
8249,train,2.3167,0.3222,3.70,0.0000,nan,4249,5220.3,2.159,2.155
8250,train,2.3210,0.3194,4.32,0.0000,nan,4158,5220.9,2.845,2.840
8251,train,4.0004,0.0478,7.98,0.0000,nan,4523,5221.5,6.966,6.963
8252,train,2.6231,0.1871,5.03,0.0000,nan,5008,5222.1,2.780,2.770
8253,train,3.2684,0.1302,8.95,0.0000,nan,5339,5222.7,6.063,5.968
8254,train,3.1439,0.0606,5.80,0.0000,nan,4673,5223.2,4.443,4.440
8255,train,2.4651,0.2408,4.19,0.0000,nan,4560,5223.8,2.576,2.571
8256,train,2.1510,0.3527,3.80,0.0000,nan,4233,5224.4,2.104,2.098
8257,train,3.2780,0.1340,6.94,0.0000,nan,4134,5225.0,4.987,4.984
8258,train,2.4762,0.2178,4.58,0.0000,nan,4348,5225.6,2.777,2.772
8259,train,2.6499,0.2982,6.19,0.0000,nan,3608,5226.1,5.448,5.443
8260,train,2.9576,0.1490,6.60,0.0000,nan,5491,5226.7,4.093,4.089
8261,train,2.3052,0.2504,3.80,0.0000,nan,3818,5227.3,2.112,2.108
8262,train,2.7357,0.1825,4.90,0.0000,nan,4197,5227.9,3.402,3.397
8263,train,2.7509,0.1032,5.67,0.0000,nan,4671,5228.4,3.555,3.553
8264,train,3.9310,0.0318,12.10,0.0000,nan,4333,5229.0,9.637,9.636
8265,train,2.5183,0.1238,5.30,0.0000,nan,4104,5229.6,4.556,4.553
8266,train,2.3735,0.3148,4.06,0.0000,nan,4422,5230.2,3.359,3.357
8267,train,3.8720,0.1249,14.00,0.0000,nan,4765,5230.8,11.394,11.391
8268,train,2.4665,0.2918,4.42,0.0000,nan,4876,5231.3,2.775,2.754
8269,train,2.8455,0.2457,4.76,0.0000,nan,4241,5231.9,3.195,3.144
8270,train,3.3930,0.1503,9.90,0.0000,nan,4186,5232.5,9.815,9.803
8271,train,2.5920,0.1580,5.33,0.0000,nan,4999,5233.1,3.510,3.486
8272,train,2.4222,0.3415,3.90,0.0000,nan,4512,5233.7,1.106,1.046
8273,train,2.0131,0.4294,3.19,0.0000,nan,4802,5234.2,1.925,1.920
8274,train,3.7095,0.0684,10.26,0.0000,nan,5076,5234.8,8.831,8.829
8275,train,2.6342,0.1841,5.26,0.0000,nan,5148,5235.4,3.116,3.107
8276,train,3.0433,0.0902,11.93,0.0000,nan,4913,5236.0,9.245,9.242
8277,train,2.5160,0.2653,4.69,0.0000,nan,4064,5236.5,3.109,3.074
8278,train,2.3270,0.2916,4.21,0.0000,nan,5250,5237.1,2.827,2.823
8279,train,2.8787,0.1461,7.11,0.0000,nan,5037,5237.7,5.413,5.410
8280,train,3.0628,0.1303,6.78,0.0000,nan,4588,5238.3,4.582,4.581
8281,train,2.4427,0.2355,5.00,0.0000,nan,5500,5238.9,3.541,3.534
8282,train,2.7391,0.3228,6.41,0.0000,nan,4207,5239.4,5.277,5.263
8283,train,2.8463,0.2896,4.86,0.0000,nan,4738,5240.0,3.153,3.150
8284,train,2.7927,0.1370,5.34,0.0000,nan,3949,5240.6,3.735,3.726
8285,train,3.3600,0.0843,10.38,0.0000,nan,4902,5241.2,6.576,6.571
8286,train,2.9282,0.1098,6.57,0.0000,nan,4170,5241.7,4.698,4.692
8287,train,2.7411,0.1469,5.57,0.0000,nan,3779,5242.3,4.331,4.328
8288,train,2.9641,0.2089,6.06,0.0000,nan,5396,5242.9,3.372,3.370
8289,train,2.8362,0.2169,6.55,0.0000,nan,5011,5243.5,5.146,5.141
8290,train,2.9429,0.0942,6.74,0.0000,nan,4471,5244.1,3.536,3.519
8291,train,3.1408,0.1867,9.63,0.0000,nan,4784,5244.6,7.313,7.310
8292,train,2.2041,0.3011,3.83,0.0000,nan,4716,5245.2,2.594,2.592
8293,train,2.3225,0.2576,4.10,0.0000,nan,4449,5245.8,2.608,2.601
8294,train,3.1333,0.0958,6.67,0.0000,nan,5363,5246.4,4.197,4.195
8295,train,2.7281,0.1270,5.35,0.0000,nan,4536,5247.0,4.108,4.105
8296,train,3.1180,0.0756,6.28,0.0000,nan,4933,5247.5,5.308,5.303
8297,train,2.3822,0.1930,4.29,0.0000,nan,4730,5248.1,2.299,2.296
8298,train,2.2374,0.2854,3.76,0.0000,nan,4492,5248.7,2.345,2.340
8299,train,2.4728,0.2428,4.86,0.0000,nan,4172,5249.3,3.828,3.826
8300,train,2.8429,0.2242,6.12,0.0000,nan,5004,5249.9,4.821,4.811
8301,train,3.0780,0.2236,10.25,0.0000,nan,4043,5250.4,9.310,9.309
8302,train,2.6809,0.1819,4.99,0.0000,nan,4344,5251.0,3.262,3.254
8303,train,2.5157,0.1661,4.64,0.0000,nan,4655,5251.6,3.656,3.649
8304,train,2.0621,0.3879,3.76,0.0000,nan,3970,5252.2,2.880,2.879
8305,train,2.6092,0.2193,4.45,0.0000,nan,3921,5252.7,2.584,2.580
8306,train,3.3232,0.1521,6.87,0.0000,nan,4873,5253.3,5.223,5.218
8307,train,3.3627,0.0378,9.45,0.0000,nan,5473,5253.9,6.415,6.413
8308,train,2.8580,0.1190,5.67,0.0000,nan,4789,5254.5,3.317,3.310
8309,train,2.4734,0.2157,4.30,0.0000,nan,3936,5255.1,2.791,2.784
8310,train,2.7439,0.2928,5.39,0.0000,nan,4252,5255.6,4.700,4.697
8311,train,3.8223,0.0472,9.77,0.0000,nan,4467,5256.2,6.891,6.889
8312,train,2.2914,0.3483,3.75,0.0000,nan,4249,5256.8,1.762,1.753
8313,train,2.0745,0.2828,3.65,0.0000,nan,3907,5257.4,1.797,1.786
8314,train,2.6676,0.3265,5.33,0.0000,nan,4150,5257.9,3.725,3.723
8315,train,2.8993,0.1885,4.59,0.0000,nan,4908,5258.5,2.659,2.655
8316,train,2.6997,0.2427,5.44,0.0000,nan,4607,5259.1,3.710,3.704
8317,train,3.0805,0.1488,5.40,0.0000,nan,4604,5259.7,4.432,4.430
8318,train,2.6116,0.2745,5.12,0.0000,nan,4382,5260.3,4.143,4.141
8319,train,2.5298,0.2895,5.62,0.0000,nan,4681,5260.8,4.711,4.710
8320,train,2.5158,0.2248,4.52,0.0000,nan,5583,5261.4,2.964,2.955
8321,train,2.7877,0.2020,6.59,0.0000,nan,4821,5262.0,5.888,5.881
8322,train,2.6287,0.2047,5.31,0.0000,nan,4099,5262.6,3.066,3.063
8323,train,3.6880,0.2414,10.20,0.0000,nan,4548,5263.2,8.860,8.856
8324,train,3.3708,0.1436,7.56,0.0000,nan,4073,5263.7,6.332,6.328
8325,train,3.5663,0.1139,8.03,0.0000,nan,4812,5264.3,6.580,6.575
8326,train,1.8926,0.3961,3.39,0.0000,nan,4274,5264.9,1.547,1.532
8327,train,3.6001,0.1702,6.46,0.0000,nan,3902,5265.5,4.877,4.872
8328,train,3.2156,0.1357,6.79,0.0000,nan,4769,5266.0,4.735,4.664
8329,train,2.7840,0.1497,7.44,0.0000,nan,4369,5266.6,4.324,4.320
8330,train,2.6914,0.2064,9.15,0.0000,nan,3930,5267.2,8.141,8.121
8331,train,3.0221,0.1968,8.79,0.0000,nan,4598,5267.8,4.907,4.866
8332,train,2.7304,0.1237,5.35,0.0000,nan,4534,5268.4,3.604,3.602
8333,train,3.8502,0.1344,11.45,0.0000,nan,4493,5268.9,9.658,9.657
8334,train,3.1495,0.2543,8.28,0.0000,nan,4801,5269.5,5.597,5.553
8335,train,4.2482,0.0398,16.40,0.0000,nan,4995,5270.1,12.873,12.872
8336,train,2.3507,0.1650,4.25,0.0000,nan,4175,5270.7,2.903,2.896
8337,train,2.7434,0.2273,5.14,0.0000,nan,4109,5271.3,3.573,3.571
8338,train,3.1499,0.1872,6.92,0.0000,nan,4461,5271.8,5.664,5.662
8339,train,3.1874,0.2154,13.04,0.0000,nan,3984,5272.4,11.343,11.335
8340,train,3.0488,0.1370,5.52,0.0000,nan,4649,5273.0,3.851,3.847
8341,train,3.8679,0.0595,7.82,0.0000,nan,4959,5273.6,5.785,5.783
8342,train,2.5284,0.2503,4.67,0.0000,nan,4859,5274.1,3.532,3.528
8343,train,2.6597,0.2630,5.08,0.0000,nan,4433,5274.7,3.474,3.467
8344,train,2.0849,0.3228,3.55,0.0000,nan,4312,5275.3,1.577,1.493
8345,train,4.0377,0.0828,12.27,0.0000,nan,4627,5275.9,9.566,9.563
8346,train,2.7772,0.1401,5.91,0.0000,nan,5398,5276.5,4.190,4.185
8347,train,3.1074,0.2037,6.50,0.0000,nan,4688,5277.0,5.515,5.501
8348,train,2.8705,0.1501,5.49,0.0000,nan,4096,5277.6,2.904,2.904
8349,train,3.3234,0.1599,9.70,0.0000,nan,4328,5278.2,6.100,6.098
8350,train,3.5209,0.0612,8.90,0.0000,nan,4377,5278.8,6.948,6.947
8351,train,2.5663,0.1757,5.87,0.0000,nan,4702,5279.3,5.019,5.016
8352,train,2.5516,0.2352,4.59,0.0000,nan,4924,5279.9,3.522,3.515
8353,train,3.0578,0.1022,8.71,0.0000,nan,4607,5280.5,7.863,7.857
8354,train,2.9861,0.1693,7.16,0.0000,nan,4017,5281.1,6.119,6.118
8355,train,2.3829,0.3147,4.52,0.0000,nan,4426,5281.7,3.479,3.478
8356,train,2.7567,0.1578,5.80,0.0000,nan,4469,5282.2,3.341,3.325
8357,train,3.5712,0.0376,8.31,0.0000,nan,4809,5282.8,7.042,7.036
8358,train,2.5642,0.2088,4.75,0.0000,nan,4056,5283.4,3.132,3.126
8359,train,2.7717,0.1087,6.94,0.0000,nan,4196,5284.0,5.738,5.693
8360,train,4.0616,0.1254,11.09,0.0000,nan,4800,5284.6,9.263,9.260
8361,train,2.9661,0.1699,7.39,0.0000,nan,4831,5285.1,5.299,5.290
8362,train,4.4402,0.0709,14.16,0.0000,nan,4863,5285.7,12.129,12.127
8363,train,3.4628,0.0554,7.42,0.0000,nan,4312,5286.3,6.734,6.734
8364,train,2.0910,0.3701,3.24,0.0000,nan,3804,5286.9,1.619,1.596
8365,train,2.8260,0.1951,5.21,0.0000,nan,5146,5287.4,3.547,3.526
8366,train,2.9460,0.1966,5.36,0.0000,nan,4527,5288.0,3.988,3.979
8367,train,2.3219,0.2850,3.83,0.0000,nan,4305,5288.6,2.588,2.581
8368,train,2.1831,0.2304,4.02,0.0000,nan,4210,5289.2,2.606,2.593
8369,train,3.5784,0.1318,6.52,0.0000,nan,4833,5289.8,5.863,5.845
8370,train,2.4415,0.2100,4.61,0.0000,nan,4538,5290.3,2.396,2.378
8371,train,3.1081,0.0866,6.29,0.0000,nan,4736,5290.9,5.602,5.579
8372,train,2.4413,0.2069,4.58,0.0000,nan,4191,5291.5,3.914,3.896
8373,train,2.6986,0.1759,5.30,0.0000,nan,3979,5292.1,2.066,2.064
8374,train,4.6879,0.0581,14.11,0.0000,nan,3873,5292.6,12.588,12.587
8375,train,2.6037,0.1538,4.82,0.0000,nan,4277,5293.2,2.907,2.862
8376,train,3.7930,0.0520,10.57,0.0000,nan,4977,5293.8,8.493,8.488
8377,train,4.4029,0.0821,13.04,0.0000,nan,4739,5294.4,11.456,11.454
8378,train,2.3106,0.3240,4.92,0.0000,nan,4429,5295.0,3.067,3.044
8379,train,2.4784,0.1890,5.59,0.0000,nan,4174,5295.5,3.908,3.902
8380,train,2.9353,0.1730,8.26,0.0000,nan,4873,5296.1,6.751,6.749
8381,train,2.8347,0.2640,5.60,0.0000,nan,4454,5296.7,4.748,4.744
8382,train,3.0969,0.0888,6.93,0.0000,nan,5202,5297.3,5.756,5.754
8383,train,2.2485,0.2656,3.76,0.0000,nan,4149,5297.9,2.494,2.482
8384,train,2.8149,0.2168,5.78,0.0000,nan,4340,5298.4,4.410,4.404
8385,train,2.4663,0.2071,7.11,0.0000,nan,4622,5299.0,5.614,5.613
8386,train,3.3665,0.0624,7.95,0.0000,nan,5032,5299.6,6.774,6.773
8387,train,1.9730,0.4073,3.04,0.0000,nan,4417,5300.2,1.716,1.709
8388,train,6.3565,0.0136,15.41,0.0000,nan,4206,5300.8,12.023,12.022
8389,train,2.7075,0.2008,6.05,0.0000,nan,4262,5301.3,3.570,3.567
8390,train,3.3754,0.1727,7.32,0.0000,nan,4469,5301.9,6.327,6.324
8391,train,3.1098,0.1077,8.67,0.0000,nan,4728,5302.5,6.350,6.341
8392,train,4.0306,0.0585,7.59,0.0000,nan,4428,5303.1,6.973,6.970
8393,train,2.8707,0.1462,5.66,0.0000,nan,4707,5303.6,3.899,3.887
8394,train,3.4336,0.1330,11.11,0.0000,nan,4745,5304.2,9.012,9.008
8395,train,2.8856,0.2232,5.80,0.0000,nan,4305,5304.8,3.623,3.610
8396,train,3.1844,0.1300,7.44,0.0000,nan,4054,5305.4,5.377,5.371
8397,train,2.7838,0.1190,5.87,0.0000,nan,4530,5306.0,3.475,3.475
8398,train,2.6086,0.2829,4.47,0.0000,nan,4418,5306.5,2.733,2.696
8399,train,3.6653,0.0839,7.71,0.0000,nan,4888,5307.1,6.336,6.333
8400,train,2.1761,0.2745,4.03,0.0000,nan,4859,5307.7,2.529,2.524
8401,train,2.7979,0.1660,5.23,0.0000,nan,4415,5308.3,4.160,4.157
8402,train,2.5648,0.1301,4.71,0.0000,nan,5271,5308.9,3.376,3.363
8403,train,2.2879,0.3078,3.67,0.0000,nan,4795,5309.4,2.013,1.976
8404,train,2.4395,0.1797,4.85,0.0000,nan,4440,5310.0,3.023,3.023
8405,train,2.0921,0.3531,3.27,0.0000,nan,4220,5310.6,1.961,1.954
8406,train,2.1402,0.4436,3.38,0.0000,nan,4612,5311.2,2.641,2.632
8407,train,3.3639,0.1175,6.95,0.0000,nan,4238,5311.7,5.898,5.896
8408,train,2.9704,0.1271,6.17,0.0000,nan,4305,5312.3,4.826,4.824
8409,train,2.3656,0.2481,4.66,0.0000,nan,5078,5312.9,2.893,2.886
8410,train,2.6021,0.2144,4.96,0.0000,nan,4800,5313.5,2.278,2.255
8411,train,3.5407,0.1491,10.48,0.0000,nan,5206,5314.1,7.976,7.974
8412,train,2.2430,0.3311,3.91,0.0000,nan,4156,5314.6,2.685,2.683
8413,train,2.4651,0.1707,4.83,0.0000,nan,4575,5315.2,3.215,3.210
8414,train,3.2393,0.1281,5.77,0.0000,nan,4591,5315.8,4.398,4.396
8415,train,3.6929,0.1451,14.29,0.0000,nan,4141,5316.4,11.198,11.187
8416,train,2.3555,0.2637,4.72,0.0000,nan,4650,5317.0,3.323,3.312
8417,train,3.0153,0.2861,7.30,0.0000,nan,5092,5317.5,4.933,4.928
8418,train,2.5117,0.1990,6.81,0.0000,nan,3950,5318.1,5.070,5.063
8419,train,3.1082,0.2158,8.38,0.0000,nan,4383,5318.7,4.406,4.403
8420,train,3.8001,0.2534,11.55,0.0000,nan,4677,5319.3,8.276,8.269
8421,train,2.4255,0.2030,4.87,0.0000,nan,4035,5319.8,3.793,3.792
8422,train,3.0635,0.1397,5.63,0.0000,nan,4339,5320.4,4.278,4.265
8423,train,2.9988,0.1864,5.46,0.0000,nan,4404,5321.0,4.057,4.055
8424,train,3.6812,0.2067,6.69,0.0000,nan,4276,5321.6,5.181,5.177
8425,train,2.9705,0.3739,8.97,0.0000,nan,4475,5322.2,7.082,7.078
8426,train,2.8179,0.1714,6.53,0.0000,nan,4369,5322.7,4.715,4.706
8427,train,2.8666,0.1973,5.89,0.0000,nan,4238,5323.3,5.333,5.325
8428,train,4.2241,0.2024,8.89,0.0000,nan,5060,5323.9,7.050,7.037
8429,train,2.5098,0.1516,4.55,0.0000,nan,4190,5324.5,3.492,3.491
8430,train,2.6917,0.3800,6.58,0.0000,nan,5147,5325.1,4.668,4.650
8431,train,2.3953,0.2171,4.38,0.0000,nan,4662,5325.6,2.864,2.859
8432,train,2.4046,0.2696,4.46,0.0000,nan,4647,5326.2,4.130,4.126
8433,train,3.0453,0.2077,5.81,0.0000,nan,4820,5326.8,4.954,4.948
8434,train,3.5810,0.0211,11.15,0.0000,nan,5114,5327.4,8.489,8.488
8435,train,2.1683,0.2712,4.07,0.0000,nan,4826,5328.0,2.084,2.077
8436,train,3.5001,0.0524,10.73,0.0000,nan,5193,5328.5,9.071,9.069
8437,train,3.0496,0.1042,6.01,0.0000,nan,4425,5329.1,4.843,4.841
8438,train,3.7649,0.0600,8.46,0.0000,nan,3684,5329.7,6.889,6.886
8439,train,2.1099,0.3013,3.78,0.0000,nan,4677,5330.3,1.680,1.663
8440,train,3.1881,0.0830,6.97,0.0000,nan,4504,5330.8,5.543,5.536
8441,train,2.6714,0.1732,6.53,0.0000,nan,4526,5331.4,5.060,5.053
8442,train,2.5212,0.2690,4.42,0.0000,nan,4175,5332.0,2.594,2.593
8443,train,3.2638,0.1987,7.91,0.0000,nan,4403,5332.6,5.580,5.572
8444,train,2.8841,0.1586,5.31,0.0000,nan,4497,5333.2,3.894,3.881
8445,train,2.6786,0.2017,5.31,0.0000,nan,4735,5333.7,4.035,4.034
8446,train,3.3100,0.0300,8.85,0.0000,nan,4301,5334.3,7.065,7.061
8447,train,2.2793,0.2487,4.11,0.0000,nan,4386,5334.9,2.495,2.492
8448,train,2.8613,0.1655,6.43,0.0000,nan,4406,5335.5,4.639,4.639
8449,train,3.4409,0.0368,8.22,0.0000,nan,4652,5336.1,6.792,6.789
8450,train,2.1980,0.3118,4.08,0.0000,nan,4108,5336.6,2.007,1.982
8451,train,3.1220,0.1773,5.96,0.0000,nan,5966,5337.2,5.355,5.348
8452,train,2.3922,0.3012,4.71,0.0000,nan,4090,5337.8,2.672,2.641
8453,train,3.3499,0.1651,7.75,0.0000,nan,4439,5338.4,6.579,6.578
8454,train,3.3103,0.1139,6.28,0.0000,nan,5021,5339.0,4.382,4.379
8455,train,2.3580,0.3776,4.06,0.0000,nan,3623,5339.5,3.030,3.023
8456,train,2.5502,0.1804,4.40,0.0000,nan,4053,5340.1,3.437,3.423
8457,train,2.3864,0.3092,3.75,0.0000,nan,4573,5340.7,2.811,2.807
8458,train,3.6557,0.1206,8.04,0.0000,nan,4742,5341.3,8.213,8.212
8459,train,4.0642,0.0702,12.53,0.0000,nan,4571,5341.8,11.668,11.663
8460,train,2.7837,0.1443,6.97,0.0000,nan,4836,5342.4,5.825,5.822
8461,train,3.0973,0.3054,9.40,0.0000,nan,4951,5343.0,6.716,6.698
8462,train,3.1074,0.1249,7.32,0.0000,nan,3956,5343.6,4.668,4.665
8463,train,3.1796,0.0779,7.30,0.0000,nan,5148,5344.2,4.732,4.729
8464,train,2.5303,0.3014,5.33,0.0000,nan,4512,5344.7,3.615,3.612
8465,train,3.3613,0.1011,10.44,0.0000,nan,4522,5345.3,6.110,6.106
8466,train,3.4158,0.1344,7.08,0.0000,nan,4421,5345.9,4.728,4.724
8467,train,2.1584,0.3490,3.62,0.0000,nan,4788,5346.5,1.897,1.887
8468,train,3.7761,0.1319,9.40,0.0000,nan,5180,5347.1,5.949,5.946
8469,train,2.4744,0.2987,5.41,0.0000,nan,4536,5347.6,5.388,5.385
8470,train,3.5637,0.0487,6.94,0.0000,nan,4581,5348.2,6.121,6.120
8471,train,2.5124,0.2142,4.18,0.0000,nan,5542,5348.8,3.161,3.158
8472,train,3.0265,0.1587,6.69,0.0000,nan,4738,5349.4,4.928,4.923
8473,train,2.4944,0.2889,8.12,0.0000,nan,4828,5350.0,6.199,6.194
8474,train,5.3505,0.0123,15.88,0.0000,nan,4543,5350.5,15.171,15.168
8475,train,2.6451,0.1540,5.66,0.0000,nan,4982,5351.1,3.280,3.278
8476,train,2.5120,0.2416,4.51,0.0000,nan,4946,5351.7,2.228,2.220
8477,train,3.5455,0.1367,10.29,0.0000,nan,4132,5352.3,9.391,9.390
8478,train,2.9242,0.1482,5.75,0.0000,nan,4190,5352.8,3.308,3.305
8479,train,3.7707,0.0238,9.71,0.0000,nan,4994,5353.4,7.249,7.247
8480,train,4.3089,0.0387,13.60,0.0000,nan,5188,5354.0,10.571,10.571
8481,train,3.1152,0.2052,11.37,0.0000,nan,4322,5354.6,9.160,9.143
8482,train,2.5163,0.2417,4.54,0.0000,nan,3960,5355.2,3.888,3.887
8483,train,3.2806,0.0810,7.60,0.0000,nan,4335,5355.7,5.239,5.235
8484,train,3.0306,0.1061,6.94,0.0000,nan,4618,5356.3,5.099,5.096
8485,train,4.4528,0.0549,13.08,0.0000,nan,4246,5356.9,12.863,12.859
8486,train,2.8928,0.1179,6.42,0.0000,nan,5234,5357.5,4.708,4.707
8487,train,2.8073,0.1329,5.66,0.0000,nan,4387,5358.1,3.171,3.168
8488,train,2.4733,0.1253,5.03,0.0000,nan,4142,5358.6,3.093,3.090
8489,train,3.0274,0.2113,8.07,0.0000,nan,4424,5359.2,7.291,7.283
8490,train,3.6300,0.1449,10.23,0.0000,nan,5300,5359.8,6.220,6.214
8491,train,3.8488,0.1583,10.04,0.0000,nan,4902,5360.4,8.218,8.209
8492,train,3.5662,0.0783,13.00,0.0000,nan,4841,5361.0,9.423,9.419
8493,train,2.8226,0.1806,5.35,0.0000,nan,4800,5361.5,4.222,4.215
8494,train,1.9914,0.3652,3.48,0.0000,nan,4822,5362.1,2.908,2.906
8495,train,2.6041,0.2680,4.93,0.0000,nan,4488,5362.7,3.868,3.860
8496,train,2.6597,0.1722,5.66,0.0000,nan,4209,5363.3,4.371,4.364
8497,train,3.4098,0.1151,8.45,0.0000,nan,5256,5363.9,7.104,7.100
8498,train,2.6296,0.2977,5.05,0.0000,nan,4326,5364.4,3.342,3.341
8499,train,2.6173,0.1919,4.28,0.0000,nan,4934,5365.0,2.838,2.832
8500,train,3.8437,0.0163,7.97,0.0000,nan,3978,5365.6,7.201,7.199
8500,val,2.9927,0.1695,7.00,0.0000,0.00,222066,5393.0,5.310,5.305
8501,train,2.9915,0.2604,8.74,0.0000,nan,4574,5394.2,8.624,8.620
8502,train,2.8470,0.2035,6.16,0.0000,nan,4978,5394.7,3.995,3.991
8503,train,2.7988,0.1884,6.33,0.0000,nan,4831,5395.3,3.793,3.777
8504,train,2.1146,0.3733,3.61,0.0000,nan,4401,5395.9,2.115,2.112
8505,train,2.8380,0.2004,5.19,0.0000,nan,4377,5396.5,3.711,3.707
8506,train,3.7444,0.1377,12.02,0.0000,nan,4502,5397.1,9.259,9.241
8507,train,3.7680,0.0329,11.90,0.0000,nan,4470,5397.6,9.640,9.638
8508,train,3.6068,0.1769,7.43,0.0000,nan,4896,5398.2,6.047,6.039
8509,train,2.5546,0.1914,5.84,0.0000,nan,4012,5398.8,3.333,3.328
8510,train,3.3477,0.0938,7.16,0.0000,nan,5023,5399.4,4.705,4.704
8511,train,2.6754,0.1402,5.53,0.0000,nan,4300,5399.9,4.246,4.240
8512,train,2.6174,0.1931,4.81,0.0000,nan,4696,5400.5,2.610,2.606
8513,train,3.0091,0.2886,6.65,0.0000,nan,3701,5401.1,4.078,4.078
8514,train,2.7833,0.2257,5.40,0.0000,nan,4452,5401.7,2.788,2.783
8515,train,3.1244,0.1393,6.06,0.0000,nan,4244,5402.3,5.043,5.040
8516,train,2.6389,0.1021,5.54,0.0000,nan,4290,5402.8,4.169,4.164
8517,train,2.4520,0.1689,4.53,0.0000,nan,4388,5403.4,2.768,2.766
8518,train,2.0368,0.4087,3.57,0.0000,nan,4030,5404.0,2.469,2.465
8519,train,2.6197,0.1360,4.73,0.0000,nan,4168,5404.6,3.388,3.386
8520,train,2.3735,0.2200,6.03,0.0000,nan,3887,5405.1,4.435,4.430
8521,train,2.7372,0.2104,5.99,0.0000,nan,4519,5405.7,4.450,4.446
8522,train,3.2925,0.1220,6.86,0.0000,nan,4089,5406.3,5.539,5.537
8523,train,3.1429,0.1206,10.83,0.0000,nan,4685,5406.9,6.770,6.704
8524,train,2.4020,0.2413,4.74,0.0000,nan,4823,5407.5,3.539,3.535
8525,train,2.8103,0.1463,5.25,0.0000,nan,4622,5408.0,3.852,3.847
8526,train,2.4864,0.1896,4.84,0.0000,nan,4637,5408.6,3.766,3.757
8527,train,3.0638,0.2049,7.40,0.0000,nan,4299,5409.2,4.071,4.063
8528,train,3.7262,0.0774,8.48,0.0000,nan,5413,5409.8,6.154,6.150
8529,train,3.5027,0.2800,8.76,0.0000,nan,4661,5410.3,7.659,7.657
8530,train,2.4412,0.1698,4.26,0.0000,nan,3946,5410.9,2.854,2.854
8531,train,2.7154,0.2060,5.35,0.0000,nan,4257,5411.5,4.897,4.888
8532,train,2.7999,0.1586,6.07,0.0000,nan,5083,5412.1,4.638,4.629
8533,train,2.2178,0.3518,3.24,0.0000,nan,4150,5412.7,2.200,2.199
8534,train,2.8847,0.1076,10.94,0.0000,nan,4804,5413.2,9.120,9.103
8535,train,4.9885,0.1763,14.18,0.0000,nan,4418,5413.8,10.007,10.005
8536,train,3.4596,0.1472,7.00,0.0000,nan,4871,5414.4,6.074,6.066
8537,train,2.9370,0.2773,10.25,0.0000,nan,4356,5415.0,6.690,6.684
8538,train,3.2871,0.0814,10.98,0.0000,nan,3586,5415.6,11.274,11.269
8539,train,2.3657,0.3711,4.31,0.0000,nan,4303,5416.1,2.766,2.765
8540,train,2.5860,0.2063,5.50,0.0000,nan,4145,5416.7,3.286,3.281
8541,train,2.4504,0.2756,5.46,0.0000,nan,3991,5417.3,4.327,4.324
8542,train,3.2725,0.0982,7.76,0.0000,nan,5060,5417.9,7.196,7.194
8543,train,2.7114,0.2333,8.87,0.0000,nan,4500,5418.4,5.040,5.038
8544,train,3.1909,0.1808,5.51,0.0000,nan,4131,5419.0,3.588,3.586
8545,train,3.1239,0.1306,7.52,0.0000,nan,4248,5419.6,5.567,5.565
8546,train,2.8910,0.0724,5.89,0.0000,nan,5358,5420.2,4.323,4.322
8547,train,2.7260,0.2031,4.59,0.0000,nan,4063,5420.7,3.186,3.181
8548,train,2.1824,0.3394,4.05,0.0000,nan,4184,5421.3,2.724,2.720
8549,train,2.4770,0.3378,5.78,0.0000,nan,3875,5421.9,4.805,4.797
8550,train,3.3650,0.1097,6.23,0.0000,nan,4897,5422.5,4.866,4.865
8551,train,3.3739,0.0976,7.03,0.0000,nan,4570,5423.1,4.048,4.042
8552,train,3.0397,0.0800,7.44,0.0000,nan,4427,5423.6,4.076,4.074
8553,train,3.2812,0.2636,9.94,0.0000,nan,4635,5424.2,7.367,7.359
8554,train,2.0593,0.3812,4.50,0.0000,nan,4174,5424.8,3.106,3.102
8555,train,2.3796,0.2503,4.16,0.0000,nan,3952,5425.4,2.107,2.103
8556,train,2.9554,0.2395,7.43,0.0000,nan,4155,5425.9,4.945,4.930
8557,train,2.9559,0.1530,7.74,0.0000,nan,4086,5426.5,5.234,5.229
8558,train,2.8893,0.3469,4.80,0.0000,nan,4679,5427.1,3.127,3.121
8559,train,2.9127,0.0808,5.43,0.0000,nan,4453,5427.7,4.492,4.489
8560,train,2.3423,0.2789,4.08,0.0000,nan,4342,5428.3,2.385,2.383
8561,train,2.4166,0.2997,4.26,0.0000,nan,4118,5428.8,2.439,2.436
8562,train,2.7925,0.2410,7.94,0.0000,nan,4079,5429.4,6.084,6.082
8563,train,3.1025,0.1488,6.06,0.0000,nan,4322,5430.0,3.890,3.886
8564,train,3.6904,0.1349,8.10,0.0000,nan,4990,5430.6,6.726,6.714
8565,train,3.1770,0.1825,7.87,0.0000,nan,5075,5431.1,6.694,6.680
8566,train,2.3212,0.4622,3.40,0.0000,nan,4130,5431.7,1.805,1.805
8567,train,2.7524,0.2173,6.04,0.0000,nan,4689,5432.3,3.489,3.479
8568,train,4.0680,0.1155,10.45,0.0000,nan,4624,5432.9,9.546,9.542
8569,train,3.7757,0.0606,14.03,0.0000,nan,4558,5433.5,10.085,10.070
8570,train,2.5053,0.1272,4.86,0.0000,nan,4355,5434.0,2.973,2.969
8571,train,3.2305,0.2555,13.52,0.0000,nan,5370,5434.6,9.288,9.240
8572,train,2.8393,0.1667,6.70,0.0000,nan,4374,5435.2,5.022,5.017
8573,train,2.7755,0.1424,5.31,0.0000,nan,5063,5435.8,3.451,3.446
8574,train,3.2724,0.1214,7.23,0.0000,nan,4341,5436.3,5.680,5.676
8575,train,2.9852,0.0601,5.61,0.0000,nan,4395,5436.9,3.776,3.757
8576,train,2.3539,0.2552,5.01,0.0000,nan,5177,5437.5,3.533,3.529
8577,train,2.7592,0.1427,5.06,0.0000,nan,4750,5438.1,2.669,2.646
8578,train,2.4019,0.2159,5.31,0.0000,nan,3933,5438.7,3.129,3.105
8579,train,3.0405,0.1067,5.93,0.0000,nan,5182,5439.2,3.985,3.979
8580,train,2.5092,0.2480,5.69,0.0000,nan,4061,5439.8,4.229,4.223
8581,train,3.4536,0.1474,9.22,0.0000,nan,4967,5440.4,6.864,6.855
8582,train,2.6410,0.3430,4.69,0.0000,nan,4563,5441.0,2.774,2.760
8583,train,2.4928,0.2807,4.21,0.0000,nan,5234,5441.6,3.517,3.511
8584,train,2.5067,0.2507,5.21,0.0000,nan,4743,5442.1,3.251,3.242
8585,train,2.1740,0.2815,3.76,0.0000,nan,4576,5442.7,2.650,2.642
8586,train,2.5385,0.1277,5.29,0.0000,nan,4440,5443.3,3.079,3.078
8587,train,2.7641,0.2215,5.82,0.0000,nan,5193,5443.9,4.202,4.195
8588,train,3.1997,0.0581,6.28,0.0000,nan,4666,5444.4,3.816,3.812
8589,train,2.0480,0.2416,3.91,0.0000,nan,4276,5445.0,1.863,1.855
8590,train,2.2756,0.2434,4.47,0.0000,nan,4198,5445.6,3.115,3.112
8591,train,4.3702,0.0245,7.38,0.0000,nan,4294,5446.2,6.272,6.271
8592,train,2.1526,0.2432,4.13,0.0000,nan,4277,5446.8,2.652,2.646
8593,train,3.4202,0.2366,8.76,0.0000,nan,4760,5447.3,7.732,7.729
8594,train,2.7988,0.1499,6.69,0.0000,nan,4070,5447.9,3.790,3.787
8595,train,2.8863,0.2073,7.87,0.0000,nan,4318,5448.5,7.060,7.047
8596,train,2.2802,0.2533,4.03,0.0000,nan,4675,5449.1,3.415,3.414
8597,train,2.7434,0.1736,5.84,0.0000,nan,4044,5449.6,4.918,4.916
8598,train,3.4764,0.1622,7.06,0.0000,nan,4235,5450.2,5.279,5.277
8599,train,3.0437,0.2998,7.32,0.0000,nan,4113,5450.8,7.333,7.332
8600,train,3.0968,0.0903,7.12,0.0000,nan,5003,5451.4,5.709,5.707
8601,train,2.7924,0.1923,4.57,0.0000,nan,4826,5452.0,3.196,3.192
8602,train,2.5058,0.2532,5.72,0.0000,nan,4471,5452.5,3.450,3.441
8603,train,3.7297,0.2127,6.63,0.0000,nan,4358,5453.1,5.160,5.158
8604,train,2.4690,0.1985,4.45,0.0000,nan,3834,5453.7,2.735,2.700
8605,train,1.8310,0.4646,2.82,0.0000,nan,4432,5454.3,1.102,1.086
8606,train,3.6902,0.0452,9.16,0.0000,nan,5482,5454.9,7.733,7.733
8607,train,3.3731,0.1216,8.51,0.0000,nan,4341,5455.4,7.631,7.629
8608,train,2.5220,0.1931,5.42,0.0000,nan,4081,5456.0,3.917,3.916
8609,train,2.7556,0.2207,4.90,0.0000,nan,3784,5456.6,3.027,3.025
8610,train,3.3856,0.2237,7.23,0.0000,nan,4112,5457.2,5.769,5.761
8611,train,3.1163,0.0499,6.50,0.0000,nan,4612,5457.7,4.677,4.667
8612,train,2.8297,0.2696,7.57,0.0000,nan,4399,5458.3,6.218,6.217
8613,train,2.6882,0.2192,5.37,0.0000,nan,4727,5458.9,4.237,4.235
8614,train,3.6205,0.1055,11.85,0.0000,nan,4235,5459.5,10.926,10.925
8615,train,2.6588,0.1732,6.36,0.0000,nan,4343,5460.0,2.796,2.786
8616,train,2.7674,0.1421,4.76,0.0000,nan,4195,5460.6,2.104,2.100
8617,train,2.1366,0.3470,3.57,0.0000,nan,4507,5461.2,1.789,1.786
8618,train,2.8186,0.1261,5.69,0.0000,nan,4395,5461.8,3.929,3.926
8619,train,3.6489,0.0425,7.66,0.0000,nan,4212,5462.4,5.697,5.694
8620,train,2.5460,0.2488,4.77,0.0000,nan,4369,5462.9,2.762,2.755
8621,train,2.3920,0.3082,4.64,0.0000,nan,3939,5463.5,3.059,3.054
8622,train,2.7734,0.2679,5.29,0.0000,nan,4543,5464.1,3.466,3.456
8623,train,2.9230,0.1524,5.09,0.0000,nan,4889,5464.7,3.800,3.798
8624,train,3.1198,0.1494,11.65,0.0000,nan,4961,5465.3,10.126,10.122
8625,train,2.5196,0.1209,4.91,0.0000,nan,4035,5465.8,2.198,2.188
8626,train,2.7134,0.1828,5.58,0.0000,nan,4557,5466.4,3.313,3.307
8627,train,2.3700,0.2823,3.83,0.0000,nan,4307,5467.0,3.199,3.199
8628,train,2.9456,0.1436,9.90,0.0000,nan,4679,5467.6,7.190,7.189
8629,train,2.3613,0.2414,4.06,0.0000,nan,4295,5468.1,2.236,2.229
8630,train,2.9477,0.1897,5.93,0.0000,nan,4940,5468.7,3.917,3.909
8631,train,2.0644,0.2469,3.83,0.0000,nan,3921,5469.3,2.296,2.291
8632,train,2.6570,0.2754,4.76,0.0000,nan,4306,5469.9,3.013,3.002
8633,train,2.3841,0.1544,4.54,0.0000,nan,5019,5470.5,3.055,3.024
8634,train,2.6212,0.2353,5.07,0.0000,nan,4789,5471.0,2.666,2.659
8635,train,3.6145,0.1020,11.68,0.0000,nan,4303,5471.6,8.252,8.250
8636,train,2.8058,0.2096,6.60,0.0000,nan,4785,5472.2,4.847,4.844
8637,train,1.9858,0.4495,3.11,0.0000,nan,4131,5472.8,2.042,2.038
8638,train,3.6536,0.1366,9.97,0.0000,nan,4532,5473.3,6.481,6.460
8639,train,2.6980,0.1196,4.75,0.0000,nan,3981,5473.9,3.387,3.387
8640,train,3.4183,0.0862,11.14,0.0000,nan,4164,5474.5,7.284,7.271
8641,train,2.9807,0.2029,11.19,0.0000,nan,4855,5475.1,7.879,7.872
8642,train,3.0924,0.1903,7.14,0.0000,nan,4425,5475.7,5.789,5.787
8643,train,4.6762,0.0297,11.61,0.0000,nan,4943,5476.2,10.642,10.631
8644,train,3.1136,0.1382,5.84,0.0000,nan,4472,5476.8,4.421,4.409
8645,train,3.0473,0.0752,6.30,0.0000,nan,4559,5477.4,4.862,4.860
8646,train,2.0892,0.2953,3.65,0.0000,nan,4169,5478.0,2.231,2.223
8647,train,4.5538,0.1533,10.44,0.0000,nan,4227,5478.5,8.389,8.388
8648,train,2.7553,0.2572,5.70,0.0000,nan,3845,5479.1,4.437,4.429
8649,train,3.0096,0.1829,7.21,0.0000,nan,4544,5479.7,5.153,5.146
8650,train,2.9902,0.1382,5.94,0.0000,nan,4241,5480.3,4.380,4.379
8651,train,3.7612,0.0399,7.85,0.0000,nan,4666,5480.9,5.597,5.590
8652,train,2.4724,0.3619,4.48,0.0000,nan,4253,5481.4,4.151,4.150
8653,train,2.6636,0.1800,5.41,0.0000,nan,4560,5482.0,4.520,4.518
8654,train,2.8119,0.1598,6.45,0.0000,nan,4468,5482.6,4.184,4.174
8655,train,4.3735,0.1441,10.05,0.0000,nan,5002,5483.2,5.058,5.055
8656,train,2.9354,0.1897,6.70,0.0000,nan,4397,5483.7,3.483,3.478
8657,train,2.5974,0.2621,5.58,0.0000,nan,4918,5484.3,1.985,1.980
8658,train,2.4866,0.1859,4.61,0.0000,nan,4369,5484.9,3.110,3.108
8659,train,2.9514,0.2317,8.86,0.0000,nan,4368,5485.5,5.186,5.181
8660,train,2.8172,0.1190,5.23,0.0000,nan,4908,5486.1,3.311,3.307
8661,train,2.3302,0.2813,4.05,0.0000,nan,3950,5486.6,1.813,1.812
8662,train,2.2768,0.2386,4.41,0.0000,nan,4158,5487.2,1.871,1.864
8663,train,2.3805,0.1611,4.70,0.0000,nan,4637,5487.8,3.244,3.243
8664,train,3.8809,0.0817,12.73,0.0000,nan,4649,5488.4,10.080,10.076
8665,train,2.6080,0.2878,4.65,0.0000,nan,3999,5489.0,3.284,3.278
8666,train,2.6491,0.0869,5.49,0.0000,nan,4371,5489.5,4.165,4.161
8667,train,2.6290,0.1301,5.41,0.0000,nan,4621,5490.1,4.350,4.347
8668,train,3.1773,0.1484,6.12,0.0000,nan,4130,5490.7,4.747,4.738
8669,train,2.6091,0.2033,5.91,0.0000,nan,4211,5491.3,3.109,3.107
8670,train,2.2589,0.3513,3.59,0.0000,nan,4464,5491.8,2.331,2.329
8671,train,2.5620,0.2854,5.50,0.0000,nan,3840,5492.4,4.774,4.773
8672,train,2.7095,0.1755,4.59,0.0000,nan,4062,5493.0,2.783,2.770
8673,train,2.6371,0.1885,4.65,0.0000,nan,3920,5493.6,3.263,3.261
8674,train,2.7934,0.1876,6.25,0.0000,nan,3917,5494.1,4.513,4.512
8675,train,3.6953,0.0278,8.02,0.0000,nan,5433,5494.7,5.503,5.497
8676,train,3.9135,0.0122,8.16,0.0000,nan,4253,5495.3,7.797,7.796
8677,train,2.9568,0.2111,5.79,0.0000,nan,4775,5495.9,3.814,3.807
8678,train,2.2913,0.2520,4.02,0.0000,nan,4465,5496.5,2.430,2.424
8679,train,2.1589,0.3068,3.53,0.0000,nan,4628,5497.0,2.180,2.171
8680,train,2.6813,0.2202,4.97,0.0000,nan,4246,5497.6,4.106,4.102
8681,train,2.4211,0.2566,4.45,0.0000,nan,4716,5498.2,2.162,2.154
8682,train,3.2456,0.0633,7.14,0.0000,nan,5042,5498.8,5.638,5.634
8683,train,2.9302,0.1836,6.88,0.0000,nan,4173,5499.3,6.043,6.030
8684,train,2.7639,0.1100,5.38,0.0000,nan,3738,5499.9,3.045,3.031
8685,train,2.2585,0.3171,3.97,0.0000,nan,5144,5500.5,2.991,2.984
8686,train,2.5417,0.1636,4.36,0.0000,nan,4113,5501.1,2.539,2.532
8687,train,2.7030,0.1630,5.53,0.0000,nan,4723,5501.7,3.388,3.384
8688,train,3.3624,0.2158,9.94,0.0000,nan,3799,5502.2,9.196,9.193
8689,train,3.9496,0.0588,12.33,0.0000,nan,4947,5502.8,10.649,10.648
8690,train,3.3856,0.1878,5.52,0.0000,nan,4266,5503.4,4.810,4.808
8691,train,3.2000,0.2373,8.01,0.0000,nan,5056,5504.0,5.119,5.110
8692,train,3.7741,0.0331,9.35,0.0000,nan,5625,5504.6,8.249,8.244
8693,train,2.8914,0.1486,6.14,0.0000,nan,4765,5505.1,3.682,3.680
8694,train,2.5476,0.2793,4.49,0.0000,nan,4057,5505.7,2.728,2.706
8695,train,2.3699,0.2163,4.32,0.0000,nan,4452,5506.3,2.761,2.758
8696,train,2.4632,0.2295,4.66,0.0000,nan,4271,5506.9,3.880,3.876
8697,train,2.1500,0.3767,3.52,0.0000,nan,4253,5507.4,2.588,2.583
8698,train,2.7428,0.1326,6.40,0.0000,nan,4231,5508.0,4.957,4.954
8699,train,2.6742,0.1264,5.39,0.0000,nan,4970,5508.6,2.542,2.515
8700,train,2.7209,0.1310,5.56,0.0000,nan,4427,5509.2,3.474,3.469
8701,train,3.1075,0.1267,6.73,0.0000,nan,4577,5509.8,5.119,5.107
8702,train,3.0009,0.1448,5.79,0.0000,nan,4474,5510.3,4.102,4.094
8703,train,2.4902,0.1852,5.02,0.0000,nan,4509,5510.9,3.292,3.287
8704,train,2.4843,0.2110,4.19,0.0000,nan,4114,5511.5,2.696,2.694
8705,train,3.4199,0.0943,6.68,0.0000,nan,4964,5512.1,4.553,4.552
8706,train,2.8892,0.1214,5.70,0.0000,nan,4373,5512.6,3.509,3.506
8707,train,2.4478,0.2862,3.91,0.0000,nan,4522,5513.2,2.528,2.523
8708,train,2.8989,0.1845,6.31,0.0000,nan,4575,5513.8,3.968,3.945
8709,train,3.5825,0.0605,8.24,0.0000,nan,4527,5514.4,5.324,5.321
8710,train,3.3175,0.2252,7.78,0.0000,nan,4548,5515.0,6.618,6.614
8711,train,4.5969,0.0991,12.16,0.0000,nan,4902,5515.5,10.017,10.013
8712,train,2.5301,0.2236,4.42,0.0000,nan,4959,5516.1,3.211,3.193
8713,train,3.2457,0.1247,7.59,0.0000,nan,3889,5516.7,6.648,6.643
8714,train,3.2134,0.1144,6.95,0.0000,nan,4798,5517.3,4.792,4.787
8715,train,2.9015,0.1314,6.78,0.0000,nan,4612,5517.9,5.107,5.104
8716,train,2.1379,0.3920,3.60,0.0000,nan,4212,5518.4,2.156,2.151
8717,train,3.8264,0.1116,8.87,0.0000,nan,4087,5519.0,7.253,7.250
8718,train,2.8644,0.1896,5.91,0.0000,nan,4631,5519.6,5.858,5.854
8719,train,3.3557,0.2728,9.47,0.0000,nan,4809,5520.2,6.647,6.646
8720,train,3.5695,0.1687,8.82,0.0000,nan,5068,5520.7,6.922,6.919
8721,train,2.9090,0.2668,10.62,0.0000,nan,4101,5521.3,7.641,7.632
8722,train,2.4572,0.2009,4.37,0.0000,nan,4152,5521.9,2.275,2.271
8723,train,3.3633,0.1681,6.20,0.0000,nan,4889,5522.5,4.684,4.674
8724,train,3.2174,0.0813,6.57,0.0000,nan,4771,5523.1,5.439,5.434
8725,train,4.5290,0.0880,11.28,0.0000,nan,4543,5523.6,9.760,9.720
8726,train,2.9836,0.2362,6.72,0.0000,nan,4420,5524.2,5.358,5.356
8727,train,2.8386,0.1397,5.57,0.0000,nan,5017,5524.8,4.605,4.602
8728,train,3.2920,0.1215,5.70,0.0000,nan,4938,5525.4,3.773,3.770
8729,train,3.0231,0.0998,8.32,0.0000,nan,4449,5525.9,7.045,7.040
8730,train,2.5521,0.1826,5.34,0.0000,nan,4858,5526.5,2.015,2.000
8731,train,2.2464,0.2917,3.95,0.0000,nan,4333,5527.1,2.659,2.658
8732,train,2.6089,0.1405,4.76,0.0000,nan,4882,5527.7,2.547,2.543
8733,train,2.6252,0.2376,4.80,0.0000,nan,4260,5528.3,3.321,3.320
8734,train,2.7891,0.0782,5.35,0.0000,nan,4206,5528.8,4.113,4.109
8735,train,2.5214,0.2012,10.36,0.0000,nan,4543,5529.4,7.091,7.087
8736,train,2.4582,0.2753,5.68,0.0000,nan,4119,5530.0,3.995,3.982
8737,train,2.3259,0.2493,3.97,0.0000,nan,4702,5530.6,2.757,2.757
8738,train,2.6083,0.3071,6.07,0.0000,nan,4633,5531.2,5.245,5.242
8739,train,3.3468,0.1487,8.62,0.0000,nan,4835,5531.7,3.815,3.813
8740,train,3.4992,0.0348,6.43,0.0000,nan,4632,5532.3,5.125,5.124
8741,train,2.7410,0.2074,4.96,0.0000,nan,4678,5532.9,3.600,3.597
8742,train,2.4332,0.3288,4.37,0.0000,nan,4674,5533.5,3.308,3.308
8743,train,1.8773,0.3501,3.44,0.0000,nan,4330,5534.0,1.706,1.702
8744,train,2.9815,0.1403,7.62,0.0000,nan,5403,5534.6,5.430,5.428
8745,train,2.0764,0.4385,3.24,0.0000,nan,4310,5535.2,2.164,2.160
8746,train,1.8729,0.4648,2.97,0.0000,nan,4626,5535.8,1.602,1.599
8747,train,4.0238,0.0429,7.40,0.0000,nan,4544,5536.4,6.663,6.659
8748,train,2.8093,0.1355,7.18,0.0000,nan,4863,5536.9,4.128,4.121
8749,train,3.5459,0.0433,7.41,0.0000,nan,4202,5537.5,6.275,6.267
8750,train,3.6003,0.0704,10.31,0.0000,nan,4231,5538.1,8.524,8.519
8751,train,2.9908,0.1930,5.45,0.0000,nan,5295,5538.7,4.702,4.688
8752,train,3.5963,0.2097,10.89,0.0000,nan,4669,5539.2,9.352,9.337
8753,train,3.3760,0.0835,8.38,0.0000,nan,4249,5539.8,6.478,6.464
8754,train,3.3042,0.1147,7.38,0.0000,nan,4221,5540.4,6.091,6.087
8755,train,1.9011,0.4050,3.27,0.0000,nan,4755,5541.0,2.501,2.496
8756,train,2.5745,0.2527,5.56,0.0000,nan,4373,5541.6,4.627,4.617
8757,train,3.0383,0.0886,6.89,0.0000,nan,4321,5542.1,4.982,4.958
8758,train,2.4767,0.2026,5.31,0.0000,nan,4265,5542.7,3.066,3.058
8759,train,2.6141,0.2312,4.47,0.0000,nan,4339,5543.3,2.749,2.748
8760,train,2.0597,0.3209,3.73,0.0000,nan,4173,5543.9,2.192,2.189
8761,train,3.1695,0.1490,10.82,0.0000,nan,4645,5544.4,11.272,11.269
8762,train,2.8573,0.1900,7.96,0.0000,nan,4385,5545.0,4.578,4.573
8763,train,2.5391,0.1854,4.81,0.0000,nan,4859,5545.6,3.705,3.691
8764,train,2.1526,0.3777,3.23,0.0000,nan,4392,5546.2,2.373,2.372
8765,train,3.6668,0.0841,13.43,0.0000,nan,4969,5546.8,8.809,8.786
8766,train,3.0416,0.0924,5.22,0.0000,nan,4753,5547.3,3.563,3.555
8767,train,3.2984,0.2499,6.50,0.0000,nan,4298,5547.9,5.268,5.253
8768,train,2.6759,0.1611,5.46,0.0000,nan,4879,5548.5,3.453,3.389
8769,train,2.9975,0.0683,6.24,0.0000,nan,4655,5549.1,4.093,4.078
8770,train,2.8844,0.1202,8.64,0.0000,nan,4325,5549.7,5.184,5.178
8771,train,3.1026,0.2355,9.02,0.0000,nan,4429,5550.2,7.573,7.570
8772,train,2.2417,0.3853,3.28,0.0000,nan,4519,5550.8,1.798,1.795
8773,train,2.2470,0.2834,4.59,0.0000,nan,4590,5551.4,2.669,2.656
8774,train,3.2788,0.0966,14.74,0.0000,nan,4285,5552.0,11.343,11.243
8775,train,2.6682,0.3484,3.92,0.0000,nan,4426,5552.5,2.798,2.789
8776,train,3.6528,0.0652,13.51,0.0000,nan,4232,5553.1,9.600,9.584
8777,train,3.4853,0.0406,7.04,0.0000,nan,4857,5553.7,4.923,4.922
8778,train,3.1950,0.1692,6.85,0.0000,nan,4414,5554.3,5.486,5.484
8779,train,2.4719,0.2177,4.35,0.0000,nan,4372,5554.9,2.681,2.670
8780,train,2.3646,0.3339,4.16,0.0000,nan,3858,5555.4,3.222,3.215
8781,train,2.6164,0.1634,4.52,0.0000,nan,4651,5556.0,3.976,3.974
8782,train,3.4981,0.1535,8.95,0.0000,nan,4488,5556.6,8.109,8.101
8783,train,3.0222,0.1751,5.86,0.0000,nan,3878,5557.2,4.919,4.916
8784,train,2.5576,0.2738,4.28,0.0000,nan,4298,5557.8,2.771,2.763
8785,train,3.5399,0.1067,9.58,0.0000,nan,5258,5558.3,8.024,8.024
8786,train,3.1209,0.1210,7.14,0.0000,nan,4048,5558.9,4.229,4.223
8787,train,3.6536,0.1635,10.04,0.0000,nan,4005,5559.5,9.604,9.601
8788,train,2.7035,0.1538,7.57,0.0000,nan,5149,5560.1,5.803,5.799
8789,train,2.8271,0.1291,5.72,0.0000,nan,4081,5560.6,4.408,4.406
8790,train,2.6266,0.2645,4.35,0.0000,nan,5135,5561.2,3.102,3.102
8791,train,3.7102,0.0686,8.04,0.0000,nan,4373,5561.8,7.003,7.002
8792,train,2.8639,0.1059,5.87,0.0000,nan,4542,5562.4,4.729,4.727
8793,train,3.1480,0.1712,6.57,0.0000,nan,4486,5563.0,5.212,5.210
8794,train,2.8796,0.2527,6.89,0.0000,nan,4769,5563.5,6.293,6.293
8795,train,2.6052,0.2575,5.28,0.0000,nan,4614,5564.1,4.612,4.611
8796,train,1.8395,0.5498,2.57,0.0000,nan,4738,5564.7,1.320,1.315
8797,train,2.7707,0.1839,5.30,0.0000,nan,4393,5565.3,3.852,3.845
8798,train,3.1732,0.1179,5.81,0.0000,nan,4944,5565.8,5.267,5.259
8799,train,2.5944,0.2813,6.50,0.0000,nan,4841,5566.4,2.729,2.699
8800,train,2.6767,0.2095,4.76,0.0000,nan,4262,5567.0,2.089,2.082
8801,train,3.3360,0.1123,8.31,0.0000,nan,4381,5567.6,6.780,6.778
8802,train,2.8680,0.2474,10.51,0.0000,nan,4164,5568.2,7.960,7.948
8803,train,2.6945,0.2452,5.14,0.0000,nan,4487,5568.7,3.120,3.101
8804,train,2.5099,0.3027,4.70,0.0000,nan,4242,5569.3,3.582,3.572
8805,train,2.9744,0.1462,5.96,0.0000,nan,4365,5569.9,5.086,5.084
8806,train,2.2968,0.1726,4.47,0.0000,nan,4321,5570.5,3.179,3.177
8807,train,2.6029,0.1906,4.69,0.0000,nan,4522,5571.0,2.807,2.802
8808,train,2.9741,0.1547,6.36,0.0000,nan,4466,5571.6,3.578,3.566
8809,train,3.9482,0.0659,11.10,0.0000,nan,4431,5572.2,9.942,9.938
8810,train,3.0728,0.0956,8.43,0.0000,nan,4162,5572.8,6.654,6.651
8811,train,2.6740,0.0829,5.33,0.0000,nan,4645,5573.4,3.117,3.114
8812,train,2.8284,0.2143,6.93,0.0000,nan,4532,5573.9,4.793,4.793
8813,train,2.6103,0.3979,5.83,0.0000,nan,4029,5574.5,4.014,4.013
8814,train,2.9220,0.2021,5.27,0.0000,nan,5166,5575.1,3.270,3.269
8815,train,3.7495,0.0775,7.35,0.0000,nan,4567,5575.7,6.028,6.025
8816,train,4.1365,0.2232,9.23,0.0000,nan,4766,5576.3,6.851,6.842
8817,train,2.5986,0.1700,5.67,0.0000,nan,4117,5576.8,4.812,4.800
8818,train,3.1813,0.1721,6.65,0.0000,nan,4853,5577.4,4.858,4.854
8819,train,4.0562,0.0319,15.27,0.0000,nan,4919,5578.0,13.248,13.248
8820,train,2.4694,0.1921,4.63,0.0000,nan,4612,5578.6,2.492,2.490
8821,train,2.8017,0.1100,6.48,0.0000,nan,4138,5579.1,4.587,4.581
8822,train,3.8746,0.0189,10.32,0.0000,nan,3747,5579.7,9.376,9.373
8823,train,2.7754,0.2435,5.32,0.0000,nan,4632,5580.3,4.170,4.166
8824,train,2.2521,0.1906,4.34,0.0000,nan,4707,5580.9,2.300,2.296
8825,train,3.8703,0.0644,9.82,0.0000,nan,4348,5581.5,8.212,8.211
8826,train,2.8458,0.1186,7.12,0.0000,nan,4436,5582.0,6.445,6.437
8827,train,2.4232,0.2293,4.66,0.0000,nan,4091,5582.6,2.063,2.061
8828,train,3.6112,0.1349,12.09,0.0000,nan,4552,5583.2,10.808,10.806
8829,train,2.4576,0.2148,4.36,0.0000,nan,4865,5583.8,2.378,2.376
8830,train,3.0408,0.1642,6.65,0.0000,nan,4538,5584.3,4.670,4.664
8831,train,2.5425,0.1624,4.87,0.0000,nan,4330,5584.9,3.182,3.174
8832,train,2.4996,0.2611,4.33,0.0000,nan,4868,5585.5,2.386,2.381
8833,train,2.4361,0.1933,4.30,0.0000,nan,4568,5586.1,3.387,3.379
8834,train,2.0423,0.2933,3.64,0.0000,nan,4827,5586.6,2.173,2.167
8835,train,3.0086,0.1880,5.59,0.0000,nan,3984,5587.2,4.679,4.675
8836,train,3.4683,0.1050,9.04,0.0000,nan,4019,5587.8,6.999,6.998
8837,train,2.7226,0.1626,6.75,0.0000,nan,4636,5588.4,5.245,5.244
8838,train,3.2498,0.0637,7.59,0.0000,nan,4299,5589.0,3.215,3.210
8839,train,3.1671,0.0493,6.73,0.0000,nan,4670,5589.5,5.541,5.539
8840,train,2.9420,0.1891,7.38,0.0000,nan,4453,5590.1,4.667,4.662
8841,train,3.3682,0.1610,8.25,0.0000,nan,5222,5590.7,5.017,5.013
8842,train,2.5841,0.2395,4.88,0.0000,nan,4689,5591.3,2.773,2.762
8843,train,1.9612,0.3414,3.48,0.0000,nan,4098,5591.9,2.520,2.515
8844,train,2.5789,0.2854,4.90,0.0000,nan,5108,5592.4,2.852,2.844
8845,train,2.3449,0.3096,3.91,0.0000,nan,4825,5593.0,2.841,2.838
8846,train,2.1314,0.3988,3.55,0.0000,nan,4017,5593.6,2.474,2.463
8847,train,3.5596,0.1264,8.33,0.0000,nan,4864,5594.2,7.372,7.367
8848,train,3.2487,0.0637,6.41,0.0000,nan,4315,5594.7,4.481,4.479
8849,train,3.9251,0.1463,9.90,0.0000,nan,4361,5595.3,8.947,8.940
8850,train,2.2061,0.2270,4.21,0.0000,nan,3895,5595.9,2.595,2.593
8851,train,2.8870,0.2290,6.63,0.0000,nan,4698,5596.5,2.932,2.918
8852,train,4.0599,0.0845,15.41,0.0000,nan,4522,5597.1,13.999,13.998
8853,train,2.5975,0.2590,4.82,0.0000,nan,4413,5597.6,3.138,3.133
8854,train,2.9910,0.1615,5.90,0.0000,nan,3623,5598.2,4.465,4.461
8855,train,2.6633,0.1839,6.34,0.0000,nan,4373,5598.8,5.413,5.409
8856,train,3.3065,0.1632,11.32,0.0000,nan,4498,5599.4,10.198,10.193
8857,train,3.6317,0.0761,8.82,0.0000,nan,3967,5599.9,7.265,7.257
8858,train,2.8910,0.1300,6.63,0.0000,nan,4530,5600.5,4.987,4.984
8859,train,3.6091,0.1461,7.02,0.0000,nan,4285,5601.1,5.717,5.714
8860,train,2.9134,0.1014,10.20,0.0000,nan,5335,5601.7,7.399,7.398
8861,train,2.3706,0.2185,4.02,0.0000,nan,4507,5602.3,2.365,2.362
8862,train,2.8839,0.1921,5.88,0.0000,nan,4425,5602.8,3.848,3.841
8863,train,2.2471,0.2470,4.06,0.0000,nan,4644,5603.4,1.595,1.590
8864,train,4.5309,0.0547,14.16,0.0000,nan,3947,5604.0,10.943,10.938
8865,train,3.4295,0.0418,8.68,0.0000,nan,4330,5604.6,6.644,6.637
8866,train,2.2243,0.1823,4.29,0.0000,nan,4345,5605.1,1.986,1.975
8867,train,2.3985,0.2598,4.20,0.0000,nan,4888,5605.7,1.095,1.064
8868,train,2.5121,0.1753,4.84,0.0000,nan,5174,5606.3,3.371,3.367
8869,train,3.5082,0.1456,11.02,0.0000,nan,4464,5606.9,9.529,9.522
8870,train,3.4452,0.0950,8.20,0.0000,nan,5052,5607.5,6.723,6.711
8871,train,3.2055,0.2064,6.46,0.0000,nan,4961,5608.0,3.759,3.757
8872,train,2.1958,0.1885,4.31,0.0000,nan,4371,5608.6,2.389,2.384
8873,train,3.0297,0.0995,5.57,0.0000,nan,4262,5609.2,4.032,4.031
8874,train,3.3367,0.1296,7.69,0.0000,nan,4312,5609.8,6.298,6.289
8875,train,2.9705,0.1345,5.76,0.0000,nan,4898,5610.4,4.778,4.777
8876,train,3.0094,0.1775,6.35,0.0000,nan,4829,5610.9,3.167,3.163
8877,train,3.7394,0.1264,10.23,0.0000,nan,4249,5611.5,9.092,9.090
8878,train,2.9359,0.1159,5.68,0.0000,nan,4857,5612.1,4.334,4.330
8879,train,2.9523,0.1116,5.48,0.0000,nan,4784,5612.7,4.473,4.472
8880,train,3.0785,0.2349,6.57,0.0000,nan,4985,5613.2,4.396,4.393
8881,train,2.6246,0.1856,5.62,0.0000,nan,4514,5613.8,3.804,3.783
8882,train,3.5934,0.0791,10.17,0.0000,nan,5349,5614.4,9.403,9.401
8883,train,3.0849,0.0899,10.86,0.0000,nan,4540,5615.0,9.514,9.507
8884,train,2.1016,0.4857,3.03,0.0000,nan,4511,5615.6,2.458,2.455
8885,train,4.0883,0.1190,9.33,0.0000,nan,4688,5616.1,8.471,8.466
8886,train,3.1788,0.1318,7.95,0.0000,nan,4877,5616.7,5.949,5.948
8887,train,2.5374,0.1562,4.62,0.0000,nan,4975,5617.3,2.559,2.551
8888,train,1.9906,0.4100,3.32,0.0000,nan,4117,5617.9,1.331,1.321
8889,train,3.7715,0.0815,15.89,0.0000,nan,4318,5618.5,11.127,11.126
8890,train,3.4833,0.1312,11.13,0.0000,nan,4894,5619.0,8.755,8.736
8891,train,2.3991,0.1407,4.74,0.0000,nan,4095,5619.6,2.661,2.659
8892,train,2.8720,0.1444,5.17,0.0000,nan,4184,5620.2,3.642,3.635
8893,train,2.4122,0.2677,8.23,0.0000,nan,4729,5620.8,5.397,5.393
8894,train,2.8225,0.1225,6.78,0.0000,nan,5485,5621.3,5.184,5.184
8895,train,2.7897,0.1586,5.33,0.0000,nan,4648,5621.9,4.371,4.370
8896,train,3.0405,0.1746,5.02,0.0000,nan,4226,5622.5,3.562,3.556
8897,train,3.0391,0.2438,6.68,0.0000,nan,4652,5623.1,5.272,5.269
8898,train,3.7349,0.0234,17.46,0.0000,nan,4868,5623.7,15.450,15.450
8899,train,3.1558,0.0961,7.32,0.0000,nan,5202,5624.2,5.361,5.359
8900,train,2.9910,0.0847,6.22,0.0000,nan,4701,5624.8,4.232,4.229
8901,train,2.4174,0.2255,4.30,0.0000,nan,5117,5625.4,2.694,2.690
8902,train,2.6634,0.1567,5.60,0.0000,nan,4589,5626.0,3.878,3.872
8903,train,2.3518,0.3372,4.17,0.0000,nan,4116,5626.5,2.828,2.824
8904,train,2.2920,0.2978,4.15,0.0000,nan,4083,5627.1,2.305,2.297
8905,train,2.6725,0.2764,6.04,0.0000,nan,4067,5627.7,5.833,5.832
8906,train,2.7598,0.2584,4.73,0.0000,nan,5011,5628.3,4.353,4.329
8907,train,2.9440,0.1897,5.20,0.0000,nan,4508,5628.9,3.900,3.898
8908,train,2.3340,0.2022,4.39,0.0000,nan,4906,5629.4,2.099,2.098
8909,train,2.4638,0.2908,4.26,0.0000,nan,4364,5630.0,3.236,3.234
8910,train,1.9606,0.4741,3.05,0.0000,nan,4661,5630.6,0.941,0.936
8911,train,2.4028,0.2567,4.52,0.0000,nan,4055,5631.2,2.498,2.497
8912,train,2.6296,0.2408,4.96,0.0000,nan,4639,5631.8,2.963,2.936
8913,train,3.7737,0.1151,12.00,0.0000,nan,4403,5632.3,12.785,12.783
8914,train,2.8902,0.3117,6.52,0.0000,nan,4543,5632.9,6.215,6.215
8915,train,2.3458,0.2000,4.22,0.0000,nan,4695,5633.5,2.619,2.614
8916,train,2.0598,0.4151,3.46,0.0000,nan,4163,5634.1,1.445,1.427
8917,train,3.3622,0.1416,14.71,0.0000,nan,4832,5634.6,11.571,11.568
8918,train,2.9669,0.2185,5.79,0.0000,nan,4188,5635.2,4.366,4.358
8919,train,2.3267,0.3348,3.97,0.0000,nan,4433,5635.8,2.301,2.297
8920,train,2.9610,0.1621,6.11,0.0000,nan,3961,5636.4,5.001,4.998
8921,train,4.2364,0.0116,10.99,0.0000,nan,5429,5637.0,10.336,10.335
8922,train,3.5487,0.1062,8.22,0.0000,nan,4710,5637.5,5.077,5.056
8923,train,2.2178,0.2344,4.49,0.0000,nan,5072,5638.1,1.729,1.725
8924,train,4.1999,0.0807,11.44,0.0000,nan,4661,5638.7,10.066,10.064
8925,train,3.0830,0.1281,6.23,0.0000,nan,4763,5639.3,3.876,3.875
8926,train,2.2558,0.2813,3.92,0.0000,nan,4173,5639.9,2.182,2.171
8927,train,2.9143,0.1743,6.03,0.0000,nan,4303,5640.4,5.371,5.363
8928,train,2.9008,0.0861,5.58,0.0000,nan,4509,5641.0,4.837,4.835
8929,train,2.7551,0.1221,6.08,0.0000,nan,4380,5641.6,3.518,3.517
8930,train,3.2588,0.1658,7.40,0.0000,nan,5206,5642.2,6.483,6.478
8931,train,2.7630,0.1401,4.64,0.0000,nan,3954,5642.7,3.346,3.338
8932,train,3.0133,0.2744,6.29,0.0000,nan,4282,5643.3,4.717,4.717
8933,train,3.1256,0.1943,6.21,0.0000,nan,4015,5643.9,4.788,4.785
8934,train,2.4286,0.3559,3.82,0.0000,nan,4698,5644.5,3.292,3.289
8935,train,2.8988,0.1478,7.55,0.0000,nan,3939,5645.1,4.829,4.826
8936,train,2.4651,0.2050,4.50,0.0000,nan,4191,5645.6,2.609,2.605
8937,train,2.0921,0.3738,3.36,0.0000,nan,4203,5646.2,3.170,3.164
8938,train,2.0771,0.2579,3.78,0.0000,nan,4389,5646.8,2.974,2.973
8939,train,3.6340,0.1061,9.84,0.0000,nan,4005,5647.4,7.036,7.026
8940,train,4.1787,0.0547,11.17,0.0000,nan,5207,5647.9,9.708,9.706
8941,train,2.0717,0.3076,3.80,0.0000,nan,4161,5648.5,1.661,1.659
8942,train,2.3414,0.2336,4.28,0.0000,nan,4546,5649.1,1.986,1.982
8943,train,2.1157,0.3956,3.45,0.0000,nan,4282,5649.7,1.881,1.880
8944,train,2.3600,0.1889,4.73,0.0000,nan,4289,5650.3,3.376,3.357
8945,train,2.9705,0.1633,6.14,0.0000,nan,4153,5650.8,5.231,5.228
8946,train,3.0366,0.2006,6.38,0.0000,nan,4163,5651.4,4.063,4.061
8947,train,3.3749,0.0814,11.36,0.0000,nan,4016,5652.0,10.092,10.085
8948,train,2.5627,0.2166,4.56,0.0000,nan,4917,5652.6,2.039,2.025
8949,train,2.3819,0.3108,4.25,0.0000,nan,4980,5653.1,2.424,2.419
8950,train,2.1355,0.3249,4.03,0.0000,nan,4057,5653.7,2.230,2.222
8951,train,3.6540,0.0800,10.01,0.0000,nan,4776,5654.3,8.927,8.925
8952,train,2.8456,0.2199,6.20,0.0000,nan,4453,5654.9,4.121,4.053
8953,train,2.7602,0.2839,5.07,0.0000,nan,4061,5655.5,3.535,3.533
8954,train,3.0735,0.1199,8.81,0.0000,nan,4830,5656.0,6.672,6.669
8955,train,2.3557,0.1894,4.85,0.0000,nan,4165,5656.6,3.118,3.116
8956,train,3.0438,0.0838,5.79,0.0000,nan,4437,5657.2,4.610,4.608
8957,train,2.7131,0.2370,6.78,0.0000,nan,4459,5657.8,4.208,4.195
8958,train,2.5000,0.2691,4.69,0.0000,nan,4107,5658.3,2.304,2.300
8959,train,2.4425,0.2587,8.07,0.0000,nan,4306,5658.9,6.374,6.373
8960,train,2.6450,0.2744,5.47,0.0000,nan,5095,5659.5,4.121,4.113
8961,train,2.7305,0.1974,5.85,0.0000,nan,4675,5660.1,2.990,2.978
8962,train,2.5491,0.3066,4.75,0.0000,nan,3803,5660.7,3.538,3.521
8963,train,2.5148,0.1705,5.06,0.0000,nan,4664,5661.2,4.269,4.268
8964,train,2.4258,0.1970,4.29,0.0000,nan,4407,5661.8,2.058,2.051
8965,train,2.1645,0.3407,4.24,0.0000,nan,4831,5662.4,2.987,2.985
8966,train,2.4792,0.3539,4.60,0.0000,nan,4320,5663.0,3.576,3.573
8967,train,2.1791,0.3139,3.55,0.0000,nan,3947,5663.5,2.336,2.331
8968,train,2.8130,0.1597,6.79,0.0000,nan,3632,5664.1,6.723,6.720
8969,train,1.9861,0.4262,3.11,0.0000,nan,4749,5664.7,2.088,2.075
8970,train,4.1800,0.0466,9.61,0.0000,nan,5019,5665.3,7.492,7.488
8971,train,2.8555,0.2508,7.23,0.0000,nan,4873,5665.9,5.739,5.728
8972,train,2.3835,0.1819,4.63,0.0000,nan,3876,5666.4,3.258,3.254
8973,train,2.8205,0.2393,5.55,0.0000,nan,4710,5667.0,4.805,4.796
8974,train,3.9546,0.0422,8.72,0.0000,nan,5242,5667.6,7.272,7.271
8975,train,2.8651,0.1456,7.55,0.0000,nan,4596,5668.2,5.731,5.730
8976,train,3.0786,0.1542,6.29,0.0000,nan,4267,5668.7,4.525,4.521
8977,train,4.1118,0.2432,8.53,0.0000,nan,4814,5669.3,6.699,6.697
8978,train,2.1693,0.3476,3.63,0.0000,nan,4143,5669.9,2.577,2.577
8979,train,2.4810,0.2255,4.39,0.0000,nan,4545,5670.5,2.183,2.182
8980,train,2.5148,0.2606,4.21,0.0000,nan,5103,5671.1,2.469,2.468
8981,train,2.4060,0.1798,4.45,0.0000,nan,4304,5671.6,3.144,3.141
8982,train,2.5247,0.2090,5.14,0.0000,nan,4618,5672.2,3.792,3.789
8983,train,2.1156,0.3863,3.49,0.0000,nan,5146,5672.8,2.329,2.326
8984,train,2.9453,0.0818,6.71,0.0000,nan,4107,5673.4,5.304,5.297
8985,train,3.5675,0.0830,10.23,0.0000,nan,4723,5674.0,5.798,5.797
8986,train,2.5040,0.2678,7.71,0.0000,nan,4220,5674.5,4.774,4.761
8987,train,3.2579,0.1207,6.41,0.0000,nan,4548,5675.1,5.191,5.189
8988,train,3.0424,0.1336,6.77,0.0000,nan,4714,5675.7,3.727,3.713
8989,train,3.0749,0.1450,7.04,0.0000,nan,5256,5676.3,4.962,4.935
8990,train,4.9339,0.0665,11.62,0.0000,nan,4481,5676.8,10.854,10.853
8991,train,2.8799,0.1902,4.94,0.0000,nan,4700,5677.4,3.111,3.111
8992,train,3.0379,0.1282,6.21,0.0000,nan,5687,5678.0,4.067,4.059
8993,train,2.8114,0.1664,5.02,0.0000,nan,4825,5678.6,3.705,3.703
8994,train,3.2570,0.1691,9.08,0.0000,nan,4919,5679.2,5.415,5.414
8995,train,2.9294,0.0917,5.96,0.0000,nan,4099,5679.7,4.408,4.407
8996,train,2.5337,0.2816,4.61,0.0000,nan,4414,5680.3,3.188,3.184
8997,train,3.3219,0.0995,7.07,0.0000,nan,3908,5680.9,6.655,6.647
8998,train,2.6683,0.2844,4.58,0.0000,nan,4799,5681.5,3.860,3.859
8999,train,2.5972,0.2200,7.57,0.0000,nan,4100,5682.0,5.100,5.097
9000,train,2.4725,0.3382,3.95,0.0000,nan,4858,5682.6,2.271,2.257
9000,val,3.0337,0.1715,7.39,0.0000,0.00,222066,5710.1,5.821,5.817
9001,train,3.3078,0.0761,7.90,0.0000,nan,5069,5710.6,5.891,5.889
9002,train,2.6482,0.1204,5.94,0.0000,nan,4218,5711.2,4.798,4.795
9003,train,2.7925,0.1372,6.20,0.0000,nan,4724,5711.8,5.202,5.186
9004,train,3.6371,0.0362,7.83,0.0000,nan,4010,5712.4,6.451,6.447
9005,train,2.6860,0.1501,4.72,0.0000,nan,4225,5713.0,3.692,3.687
9006,train,3.5672,0.1003,8.62,0.0000,nan,5236,5713.5,5.454,5.450
9007,train,4.4320,0.0148,11.58,0.0000,nan,5130,5714.1,10.389,10.388
9008,train,1.7992,0.4464,2.80,0.0000,nan,4774,5714.7,0.718,0.667
9009,train,2.9041,0.1376,6.49,0.0000,nan,3962,5715.3,5.570,5.567
9010,train,3.9525,0.1276,13.32,0.0000,nan,4638,5715.9,9.907,9.906
9011,train,2.6216,0.2007,6.03,0.0000,nan,4859,5716.4,2.857,2.847
9012,train,2.7056,0.2751,5.25,0.0000,nan,5246,5717.0,3.426,3.425
9013,train,2.2863,0.4112,3.79,0.0000,nan,4069,5717.6,2.714,2.712
9014,train,2.0195,0.4344,2.96,0.0000,nan,4719,5718.2,1.405,1.394
9015,train,2.7528,0.1450,5.28,0.0000,nan,5043,5718.8,2.926,2.923
9016,train,2.6744,0.1727,6.59,0.0000,nan,5071,5719.3,5.141,5.135
9017,train,2.9528,0.2468,6.01,0.0000,nan,4328,5719.9,4.488,4.481
9018,train,3.0151,0.1179,6.26,0.0000,nan,4665,5720.5,5.182,5.175
9019,train,3.4323,0.0263,12.04,0.0000,nan,3923,5721.1,10.959,10.955
9020,train,2.1400,0.3371,4.06,0.0000,nan,4913,5721.7,3.649,3.647
9021,train,1.9350,0.4571,2.97,0.0000,nan,4364,5722.2,1.483,1.482
9022,train,2.8809,0.2698,5.40,0.0000,nan,4088,5722.8,4.793,4.772
9023,train,3.0889,0.2358,7.58,0.0000,nan,4356,5723.4,7.592,7.586
9024,train,2.6584,0.2570,7.28,0.0000,nan,4876,5724.0,6.526,6.521
9025,train,2.9887,0.1867,8.02,0.0000,nan,4693,5724.6,4.547,4.538
9026,train,3.5151,0.1717,9.52,0.0000,nan,4876,5725.1,8.505,8.496
9027,train,3.0692,0.1216,7.19,0.0000,nan,4712,5725.7,5.340,5.335
9028,train,2.5057,0.2393,4.19,0.0000,nan,4575,5726.3,3.115,3.108
9029,train,3.3663,0.1649,7.29,0.0000,nan,4214,5726.9,5.568,5.565
9030,train,3.3091,0.1746,5.74,0.0000,nan,4296,5727.4,3.648,3.637
9031,train,2.3636,0.2919,3.99,0.0000,nan,4187,5728.0,2.074,2.067
9032,train,2.8445,0.1571,5.52,0.0000,nan,4639,5728.6,4.031,4.029
9033,train,3.2424,0.1165,8.04,0.0000,nan,3691,5729.2,6.773,6.768
9034,train,2.5407,0.3012,5.53,0.0000,nan,4442,5729.8,3.060,3.036
9035,train,2.5551,0.3025,4.43,0.0000,nan,4731,5730.3,2.799,2.788
9036,train,3.0153,0.1492,7.81,0.0000,nan,4724,5730.9,5.532,5.529
9037,train,3.7571,0.1161,8.01,0.0000,nan,4452,5731.5,5.814,5.813
9038,train,3.5764,0.0462,7.87,0.0000,nan,4087,5732.1,6.785,6.783
9039,train,2.3001,0.2951,4.27,0.0000,nan,5046,5732.7,2.787,2.782
9040,train,2.5700,0.2792,5.04,0.0000,nan,4617,5733.2,3.461,3.446
9041,train,2.5380,0.2403,4.21,0.0000,nan,4158,5733.8,2.771,2.761
9042,train,3.3870,0.1412,10.13,0.0000,nan,4787,5734.4,7.995,7.989
9043,train,2.4079,0.2671,4.18,0.0000,nan,5508,5735.0,2.270,2.266
9044,train,3.1445,0.1648,5.90,0.0000,nan,4145,5735.6,4.054,4.051
9045,train,2.6528,0.2174,4.94,0.0000,nan,5313,5736.1,3.365,3.359
9046,train,2.0879,0.2800,3.70,0.0000,nan,3675,5736.7,1.597,1.584
9047,train,2.5011,0.2175,4.10,0.0000,nan,4180,5737.3,2.838,2.837
9048,train,3.5822,0.0341,9.84,0.0000,nan,4161,5737.9,8.465,8.464
9049,train,2.0359,0.3787,3.34,0.0000,nan,4040,5738.4,1.533,1.526
9050,train,2.7748,0.1548,5.45,0.0000,nan,3985,5739.0,3.606,3.605
9051,train,3.7108,0.1496,11.49,0.0000,nan,4679,5739.6,9.904,9.903
9052,train,2.2677,0.3479,3.69,0.0000,nan,4513,5740.2,2.431,2.422
9053,train,3.5508,0.0497,8.23,0.0000,nan,4149,5740.8,6.782,6.778
9054,train,2.8236,0.0996,4.98,0.0000,nan,4677,5741.3,2.889,2.888
9055,train,2.0346,0.3122,3.58,0.0000,nan,4074,5741.9,1.885,1.880
9056,train,3.1380,0.1744,5.92,0.0000,nan,3984,5742.5,4.467,4.465
9057,train,3.4493,0.2921,9.08,0.0000,nan,4063,5743.1,9.217,9.217
9058,train,2.7500,0.2183,5.17,0.0000,nan,4980,5743.6,4.163,4.160
9059,train,2.9645,0.2871,6.95,0.0000,nan,4207,5744.2,5.763,5.739
9060,train,2.9108,0.1313,7.93,0.0000,nan,4943,5744.8,6.584,6.582
9061,train,2.7095,0.2387,5.70,0.0000,nan,3925,5745.4,4.611,4.606
9062,train,3.2050,0.1931,5.75,0.0000,nan,4976,5746.0,4.655,4.655
9063,train,2.3809,0.4121,8.87,0.0000,nan,4225,5746.5,6.357,6.353
9064,train,2.5545,0.3139,6.76,0.0000,nan,4023,5747.1,4.446,4.446
9065,train,2.5624,0.1953,5.07,0.0000,nan,4807,5747.7,3.396,3.389
9066,train,2.0998,0.3030,3.83,0.0000,nan,4656,5748.3,1.519,1.503
9067,train,3.0523,0.1000,7.42,0.0000,nan,5071,5748.9,5.778,5.742
9068,train,2.5832,0.1912,4.42,0.0000,nan,4576,5749.4,2.610,2.604
9069,train,2.4830,0.1664,4.85,0.0000,nan,3739,5750.0,3.429,3.423
9070,train,3.3557,0.1632,8.07,0.0000,nan,4338,5750.6,6.796,6.792
9071,train,3.5029,0.1790,13.91,0.0000,nan,4486,5751.2,12.476,12.470
9072,train,3.6935,0.1323,8.91,0.0000,nan,4405,5751.8,6.593,6.592
9073,train,2.6992,0.1583,5.14,0.0000,nan,4668,5752.3,3.850,3.845
9074,train,3.0072,0.1098,7.13,0.0000,nan,5035,5752.9,5.483,5.482
9075,train,2.5806,0.1976,5.14,0.0000,nan,4362,5753.5,4.018,4.015
9076,train,2.8025,0.1808,6.09,0.0000,nan,4281,5754.1,5.819,5.812
9077,train,2.5848,0.1269,5.51,0.0000,nan,4665,5754.7,2.677,2.659
9078,train,2.1441,0.3607,3.72,0.0000,nan,4685,5755.2,1.953,1.926
9079,train,3.2291,0.0540,10.11,0.0000,nan,4609,5755.8,7.385,7.381
9080,train,2.2584,0.3764,3.62,0.0000,nan,4596,5756.4,1.983,1.980
9081,train,2.9794,0.1856,7.03,0.0000,nan,4106,5757.0,5.191,5.184
9082,train,2.8047,0.1868,5.04,0.0000,nan,4230,5757.5,3.626,3.623
9083,train,2.6400,0.1760,4.69,0.0000,nan,4375,5758.1,2.728,2.724
9084,train,3.6425,0.1343,11.37,0.0000,nan,5025,5758.7,9.693,9.693
9085,train,2.8268,0.1549,4.96,0.0000,nan,4467,5759.3,3.557,3.554
9086,train,2.8521,0.0723,6.24,0.0000,nan,4386,5759.9,3.806,3.797
9087,train,3.0437,0.1899,6.88,0.0000,nan,4366,5760.4,5.601,5.601
9088,train,2.4354,0.2594,5.14,0.0000,nan,4260,5761.0,3.614,3.607
9089,train,2.5453,0.2418,5.18,0.0000,nan,4909,5761.6,4.489,4.486
9090,train,3.0051,0.1052,6.12,0.0000,nan,4353,5762.2,4.349,4.344
9091,train,2.7282,0.1418,5.29,0.0000,nan,4239,5762.8,2.988,2.983
9092,train,3.0113,0.1028,6.06,0.0000,nan,3669,5763.3,5.136,5.133
9093,train,2.2180,0.3073,4.22,0.0000,nan,4152,5763.9,2.720,2.709
9094,train,2.7081,0.1557,5.42,0.0000,nan,4213,5764.5,5.054,5.040
9095,train,3.8126,0.0975,9.21,0.0000,nan,5075,5765.1,7.996,7.995
9096,train,3.6189,0.0606,11.19,0.0000,nan,4672,5765.7,9.188,9.183
9097,train,2.9085,0.0910,7.65,0.0000,nan,4515,5766.2,5.057,5.044
9098,train,2.7578,0.2023,5.79,0.0000,nan,4795,5766.8,4.675,4.673
9099,train,2.9059,0.1841,5.28,0.0000,nan,4254,5767.4,3.094,3.068
9100,train,1.9049,0.4270,3.00,0.0000,nan,4274,5768.0,2.609,2.601
9101,train,3.4711,0.0769,7.74,0.0000,nan,4814,5768.5,7.584,7.580
9102,train,2.9700,0.1873,6.88,0.0000,nan,4069,5769.1,5.109,5.102
9103,train,3.2799,0.1371,8.30,0.0000,nan,4120,5769.7,7.458,7.456
9104,train,2.9474,0.2596,8.91,0.0000,nan,4083,5770.3,7.304,7.294
9105,train,2.0749,0.3195,3.99,0.0000,nan,4532,5770.9,2.971,2.962
9106,train,2.6113,0.1846,5.46,0.0000,nan,4703,5771.4,4.073,4.068
9107,train,2.7308,0.1641,5.74,0.0000,nan,3626,5772.0,4.507,4.502
9108,train,2.5816,0.2675,5.16,0.0000,nan,4232,5772.6,5.002,5.000
9109,train,4.0387,0.0355,12.81,0.0000,nan,4789,5773.2,10.478,10.476
9110,train,2.7070,0.2177,5.55,0.0000,nan,4625,5773.8,4.933,4.928
9111,train,2.1099,0.2950,3.58,0.0000,nan,4318,5774.3,1.927,1.922
9112,train,3.4263,0.0740,9.10,0.0000,nan,4244,5774.9,7.028,7.022
9113,train,2.2989,0.2889,3.99,0.0000,nan,4143,5775.5,2.536,2.536
9114,train,2.8367,0.1337,5.69,0.0000,nan,4510,5776.1,4.041,4.038
9115,train,2.4100,0.2811,4.24,0.0000,nan,4038,5776.6,3.041,3.030
9116,train,2.5010,0.2544,4.49,0.0000,nan,4473,5777.2,3.954,3.946
9117,train,2.3443,0.2886,3.99,0.0000,nan,4533,5777.8,2.937,2.933
9118,train,2.7718,0.1743,7.51,0.0000,nan,4476,5778.4,5.695,5.685
9119,train,3.0257,0.0706,5.85,0.0000,nan,4408,5779.0,5.229,5.227
9120,train,2.9240,0.1866,5.58,0.0000,nan,3956,5779.5,4.186,4.183
9121,train,3.1333,0.2357,6.35,0.0000,nan,4399,5780.1,6.064,6.057
9122,train,2.5427,0.2870,4.36,0.0000,nan,4279,5780.7,2.999,2.987
9123,train,2.7106,0.1901,5.00,0.0000,nan,4718,5781.3,3.095,3.093
9124,train,2.5893,0.1389,4.82,0.0000,nan,4931,5781.9,2.558,2.555
9125,train,2.1627,0.3030,3.77,0.0000,nan,4558,5782.4,1.965,1.953
9126,train,2.7348,0.3157,5.56,0.0000,nan,4026,5783.0,4.927,4.921
9127,train,3.1437,0.1491,10.11,0.0000,nan,4233,5783.6,7.581,7.579
9128,train,2.7063,0.1592,5.19,0.0000,nan,4234,5784.2,3.858,3.857
9129,train,3.1873,0.2179,7.44,0.0000,nan,4420,5784.7,3.776,3.772
9130,train,2.2890,0.2474,4.47,0.0000,nan,5149,5785.3,4.037,4.033
9131,train,2.9733,0.1922,5.64,0.0000,nan,4870,5785.9,4.747,4.737
9132,train,3.1066,0.1399,7.08,0.0000,nan,4046,5786.5,6.161,6.159
9133,train,4.0311,0.0457,12.15,0.0000,nan,5300,5787.1,11.126,11.122
9134,train,2.4938,0.2214,4.49,0.0000,nan,4146,5787.6,4.023,4.021
9135,train,2.1471,0.4039,4.08,0.0000,nan,4471,5788.2,2.948,2.931
9136,train,3.6510,0.0873,8.38,0.0000,nan,4653,5788.8,6.731,6.731
9137,train,3.6496,0.1241,8.53,0.0000,nan,4753,5789.4,7.422,7.419
9138,train,3.7624,0.0582,8.72,0.0000,nan,3729,5790.0,5.654,5.653
9139,train,2.7230,0.1161,6.85,0.0000,nan,4124,5790.5,5.752,5.744
9140,train,4.1508,0.0335,9.65,0.0000,nan,3878,5791.1,7.530,7.526
9141,train,2.6799,0.2001,6.36,0.0000,nan,3849,5791.7,4.920,4.916
9142,train,3.2562,0.1115,9.32,0.0000,nan,3893,5792.3,8.417,8.415
9143,train,2.6562,0.1750,5.49,0.0000,nan,4782,5792.8,3.935,3.932
9144,train,2.3614,0.1635,4.36,0.0000,nan,3706,5793.4,3.073,3.067
9145,train,2.9625,0.1844,6.16,0.0000,nan,4771,5794.0,3.559,3.541
9146,train,2.3217,0.1656,4.61,0.0000,nan,3992,5794.6,1.977,1.975
9147,train,3.1241,0.1490,7.60,0.0000,nan,5028,5795.2,3.925,3.923
9148,train,3.0152,0.1980,6.99,0.0000,nan,5080,5795.7,3.932,3.927
9149,train,3.0178,0.1300,6.76,0.0000,nan,4616,5796.3,5.411,5.410
9150,train,2.8201,0.1388,5.35,0.0000,nan,4994,5796.9,3.593,3.590
9151,train,2.6101,0.1763,5.42,0.0000,nan,3947,5797.5,2.547,2.538
9152,train,2.6421,0.2389,8.13,0.0000,nan,4496,5798.0,6.353,6.350
9153,train,3.5554,0.0686,11.85,0.0000,nan,4971,5798.6,11.121,11.117
9154,train,3.0591,0.1469,9.43,0.0000,nan,4623,5799.2,5.374,5.367
9155,train,3.5563,0.1757,8.91,0.0000,nan,4525,5799.8,7.855,7.850
9156,train,3.5257,0.1792,7.75,0.0000,nan,4353,5800.4,5.673,5.670
9157,train,3.2536,0.1084,7.95,0.0000,nan,4086,5800.9,6.219,6.211
9158,train,2.9344,0.2487,5.16,0.0000,nan,4587,5801.5,2.863,2.855
9159,train,3.1373,0.2633,6.76,0.0000,nan,4690,5802.1,6.370,6.365
9160,train,2.8660,0.1930,5.35,0.0000,nan,4311,5802.7,3.034,3.032
9161,train,2.7253,0.1482,5.47,0.0000,nan,4865,5803.3,3.751,3.749
9162,train,2.4574,0.1867,4.77,0.0000,nan,4569,5803.8,2.676,2.670
9163,train,2.3456,0.2193,3.96,0.0000,nan,4883,5804.4,2.565,2.561
9164,train,3.9020,0.0512,9.35,0.0000,nan,4665,5805.0,7.082,7.079
9165,train,1.9281,0.4270,3.35,0.0000,nan,3930,5805.6,1.709,1.689
9166,train,2.2038,0.3604,4.24,0.0000,nan,4819,5806.2,3.670,3.665
9167,train,2.8943,0.0648,10.49,0.0000,nan,4446,5806.7,8.859,8.851
9168,train,3.2862,0.0775,6.83,0.0000,nan,4631,5807.3,3.655,3.652
9169,train,2.7906,0.1795,5.24,0.0000,nan,3888,5807.9,4.742,4.739
9170,train,3.1605,0.1327,7.58,0.0000,nan,4106,5808.5,5.856,5.854
9171,train,2.6408,0.1938,4.88,0.0000,nan,4112,5809.0,3.718,3.712
9172,train,3.2220,0.1991,4.83,0.0000,nan,4330,5809.6,3.317,3.315
9173,train,2.1009,0.2943,3.65,0.0000,nan,4016,5810.2,2.101,2.094
9174,train,2.6451,0.2494,5.31,0.0000,nan,4010,5810.8,4.901,4.794
9175,train,2.5493,0.1870,4.43,0.0000,nan,4133,5811.4,3.687,3.682
9176,train,2.6257,0.2030,9.04,0.0000,nan,4276,5811.9,7.259,7.252
9177,train,3.2029,0.1494,8.00,0.0000,nan,5115,5812.5,7.568,7.566
9178,train,1.9910,0.3783,3.33,0.0000,nan,4380,5813.1,2.043,2.031
9179,train,4.4141,0.0139,12.79,0.0000,nan,4905,5813.7,10.673,10.671
9180,train,2.5458,0.2352,6.61,0.0000,nan,4676,5814.3,4.556,4.551
9181,train,2.6775,0.1768,5.19,0.0000,nan,4905,5814.8,4.235,4.231
9182,train,2.4735,0.2773,4.42,0.0000,nan,4623,5815.4,2.475,2.465
9183,train,2.6681,0.1728,4.65,0.0000,nan,4462,5816.0,3.086,3.086
9184,train,2.3641,0.2254,4.13,0.0000,nan,5293,5816.6,3.125,3.119
9185,train,2.8172,0.1282,5.37,0.0000,nan,4198,5817.2,3.654,3.652
9186,train,2.1937,0.2541,5.33,0.0000,nan,4117,5817.7,3.660,3.636
9187,train,3.7159,0.0341,14.48,0.0000,nan,4020,5818.3,12.036,12.031
9188,train,2.9256,0.2106,5.15,0.0000,nan,4140,5818.9,3.972,3.970
9189,train,2.7166,0.2095,5.18,0.0000,nan,3738,5819.5,5.951,5.942
9190,train,2.9797,0.2259,8.53,0.0000,nan,4842,5820.1,5.944,5.942
9191,train,3.1881,0.1885,7.17,0.0000,nan,4366,5820.6,6.619,6.617
9192,train,2.8291,0.2520,7.47,0.0000,nan,4326,5821.2,6.137,6.133
9193,train,2.4423,0.3353,3.48,0.0000,nan,4671,5821.8,2.300,2.292
9194,train,3.4157,0.0437,6.50,0.0000,nan,5330,5822.4,4.945,4.940
9195,train,2.5399,0.2512,5.76,0.0000,nan,3857,5822.9,4.897,4.893
9196,train,3.1713,0.1667,6.38,0.0000,nan,4583,5823.5,6.415,6.413
9197,train,4.1924,0.1909,8.28,0.0000,nan,4893,5824.1,6.371,6.370
9198,train,3.0366,0.1545,6.81,0.0000,nan,4368,5824.7,5.835,5.830
9199,train,3.1114,0.0565,6.14,0.0000,nan,4426,5825.3,5.126,5.123
9200,train,3.2423,0.0715,6.57,0.0000,nan,4529,5825.8,5.100,5.099
9201,train,3.4781,0.3118,10.62,0.0000,nan,4333,5826.4,8.609,8.608
9202,train,3.9118,0.1173,8.64,0.0000,nan,4119,5827.0,7.147,7.130
9203,train,3.0572,0.1478,6.73,0.0000,nan,4695,5827.6,4.748,4.747
9204,train,2.6424,0.2983,5.19,0.0000,nan,4207,5828.2,4.546,4.544
9205,train,3.6651,0.0517,7.38,0.0000,nan,4161,5828.7,4.698,4.697
9206,train,2.5909,0.2514,5.76,0.0000,nan,5132,5829.3,3.483,3.475
9207,train,2.9615,0.1023,5.39,0.0000,nan,5486,5829.9,4.321,4.319
9208,train,3.2521,0.1321,9.22,0.0000,nan,5973,5830.5,6.830,6.809
9209,train,3.8376,0.0699,9.11,0.0000,nan,4337,5831.1,7.692,7.689
9210,train,2.5622,0.2610,4.96,0.0000,nan,4490,5831.6,3.517,3.511
9211,train,3.6951,0.1713,7.98,0.0000,nan,4893,5832.2,6.692,6.682
9212,train,2.8153,0.2399,7.44,0.0000,nan,4147,5832.8,5.279,5.276
9213,train,3.1289,0.0852,6.19,0.0000,nan,3827,5833.4,3.968,3.960
9214,train,2.5085,0.2885,4.35,0.0000,nan,5144,5833.9,2.584,2.566
9215,train,3.3337,0.1297,6.91,0.0000,nan,5166,5834.5,5.545,5.542
9216,train,2.2944,0.2386,3.98,0.0000,nan,5377,5835.1,2.130,2.110
9217,train,3.4069,0.1424,9.55,0.0000,nan,5062,5835.7,6.554,6.552
9218,train,2.2828,0.2075,4.07,0.0000,nan,3875,5836.3,2.578,2.576
9219,train,2.3754,0.4048,4.51,0.0000,nan,4172,5836.8,2.882,2.876
9220,train,2.5562,0.2488,4.73,0.0000,nan,4554,5837.4,3.086,3.082
9221,train,2.0510,0.3261,3.80,0.0000,nan,4406,5838.0,2.216,2.199
9222,train,3.0161,0.2869,5.59,0.0000,nan,4820,5838.6,5.213,5.204
9223,train,3.4538,0.0457,8.01,0.0000,nan,4113,5839.2,6.086,6.086
9224,train,2.0025,0.4237,3.02,0.0000,nan,4970,5839.7,1.742,1.734
9225,train,2.7616,0.1608,5.87,0.0000,nan,4800,5840.3,3.335,3.322
9226,train,2.7952,0.1343,6.86,0.0000,nan,3797,5840.9,5.216,5.211
9227,train,2.6174,0.1125,5.17,0.0000,nan,4373,5841.5,3.826,3.823
9228,train,2.6716,0.1760,5.03,0.0000,nan,4512,5842.1,3.325,3.321
9229,train,3.8413,0.1019,12.34,0.0000,nan,4320,5842.6,10.757,10.757
9230,train,2.3638,0.2053,4.12,0.0000,nan,4534,5843.2,2.177,2.171
9231,train,2.4157,0.2764,4.04,0.0000,nan,4729,5843.8,2.265,2.262
9232,train,2.7422,0.1923,7.03,0.0000,nan,4856,5844.4,6.532,6.527
9233,train,2.2454,0.2519,3.78,0.0000,nan,4525,5844.9,1.898,1.894
9234,train,2.8365,0.2302,5.03,0.0000,nan,4427,5845.5,2.952,2.942
9235,train,2.5823,0.1988,5.03,0.0000,nan,5036,5846.1,3.272,3.266
9236,train,2.8539,0.2596,7.53,0.0000,nan,3740,5846.7,6.605,6.594
9237,train,3.4780,0.1312,9.40,0.0000,nan,4474,5847.3,8.744,8.736
9238,train,2.9739,0.1404,8.96,0.0000,nan,4586,5847.8,7.192,7.184
9239,train,2.8217,0.1688,5.34,0.0000,nan,4229,5848.4,4.929,4.924
9240,train,2.6639,0.1548,5.36,0.0000,nan,5265,5849.0,3.617,3.612
9241,train,2.4726,0.2612,4.60,0.0000,nan,4988,5849.6,3.658,3.656
9242,train,3.4425,0.0346,8.89,0.0000,nan,4967,5850.2,7.019,7.007
9243,train,2.8323,0.0725,5.59,0.0000,nan,5129,5850.7,3.633,3.622
9244,train,2.6824,0.1900,5.04,0.0000,nan,4431,5851.3,3.548,3.542
9245,train,3.0769,0.1115,8.26,0.0000,nan,5122,5851.9,6.234,6.231
9246,train,3.7703,0.1361,9.53,0.0000,nan,4467,5852.5,7.855,7.854
9247,train,2.9364,0.3015,6.30,0.0000,nan,4099,5853.1,5.140,5.138
9248,train,2.6988,0.2224,4.73,0.0000,nan,3984,5853.6,3.806,3.802
9249,train,3.5103,0.1690,8.08,0.0000,nan,4557,5854.2,5.460,5.436
9250,train,4.0657,0.0871,11.62,0.0000,nan,4362,5854.8,10.786,10.779
9251,train,2.4820,0.2381,4.49,0.0000,nan,4514,5855.4,3.162,3.160
9252,train,2.4801,0.3756,5.32,0.0000,nan,4345,5855.9,4.690,4.685
9253,train,2.7665,0.1765,5.10,0.0000,nan,4430,5856.5,3.597,3.593
9254,train,2.3280,0.3462,4.03,0.0000,nan,4026,5857.1,2.101,2.097
9255,train,3.9987,0.0732,14.81,0.0000,nan,4739,5857.7,10.311,10.310
9256,train,3.0294,0.0956,7.59,0.0000,nan,4927,5858.3,4.478,4.475
9257,train,2.5726,0.1829,5.65,0.0000,nan,4007,5858.8,3.872,3.865
9258,train,2.0772,0.3403,3.44,0.0000,nan,4466,5859.4,2.675,2.673
9259,train,3.4886,0.1350,12.97,0.0000,nan,4377,5860.0,9.068,9.064
9260,train,3.9413,0.1270,10.09,0.0000,nan,5700,5860.6,7.910,7.908
9261,train,2.2044,0.2850,3.90,0.0000,nan,4899,5861.2,2.336,2.327
9262,train,2.9970,0.0516,5.63,0.0000,nan,4514,5861.7,4.275,4.270
9263,train,3.0725,0.0985,6.13,0.0000,nan,4874,5862.3,4.852,4.851
9264,train,3.0069,0.1022,5.70,0.0000,nan,4755,5862.9,3.859,3.857
9265,train,3.0048,0.1986,8.72,0.0000,nan,4148,5863.5,6.720,6.719
9266,train,1.9723,0.3804,3.31,0.0000,nan,3565,5864.1,1.976,1.964
9267,train,2.1306,0.3367,3.63,0.0000,nan,4084,5864.6,2.292,2.277
9268,train,2.4941,0.1828,4.63,0.0000,nan,4333,5865.2,2.807,2.799
9269,train,2.0114,0.3219,3.56,0.0000,nan,4297,5865.8,1.679,1.672
9270,train,2.4458,0.1918,4.49,0.0000,nan,4687,5866.4,2.948,2.946
9271,train,2.7848,0.2504,5.13,0.0000,nan,5148,5867.0,2.660,2.659
9272,train,2.8154,0.2492,11.61,0.0000,nan,5072,5867.5,7.386,7.372
9273,train,2.6106,0.2052,4.84,0.0000,nan,4356,5868.1,1.978,1.977
9274,train,2.5456,0.1830,4.76,0.0000,nan,4180,5868.7,2.525,2.512
9275,train,2.9000,0.2025,6.47,0.0000,nan,4929,5869.3,5.227,5.226
9276,train,2.3883,0.2043,4.55,0.0000,nan,4235,5869.8,3.525,3.523
9277,train,3.5931,0.0166,7.99,0.0000,nan,5012,5870.4,6.371,6.369
9278,train,2.3973,0.1695,4.28,0.0000,nan,4490,5871.0,2.225,2.223
9279,train,3.0572,0.2118,7.36,0.0000,nan,4414,5871.6,5.224,5.222
9280,train,3.6268,0.1129,9.24,0.0000,nan,5068,5872.2,9.679,9.675
9281,train,3.1299,0.1474,7.27,0.0000,nan,4626,5872.7,6.104,6.099
9282,train,3.3830,0.2154,9.99,0.0000,nan,4879,5873.3,9.622,9.620
9283,train,2.8002,0.2530,5.17,0.0000,nan,5992,5873.9,4.628,4.622
9284,train,3.1859,0.1222,8.20,0.0000,nan,4615,5874.5,6.244,6.228
9285,train,2.8544,0.1506,5.85,0.0000,nan,4501,5875.1,4.672,4.668
9286,train,2.8314,0.1810,5.15,0.0000,nan,4436,5875.6,4.825,4.822
9287,train,3.0979,0.2583,9.00,0.0000,nan,4503,5876.2,6.984,6.981
9288,train,2.9263,0.1768,6.07,0.0000,nan,4701,5876.8,4.400,4.398
9289,train,3.5068,0.1549,12.73,0.0000,nan,4537,5877.4,8.094,8.093
9290,train,2.0714,0.3544,3.67,0.0000,nan,4215,5878.0,2.490,2.489
9291,train,2.5068,0.2710,4.39,0.0000,nan,4532,5878.5,2.559,2.549
9292,train,1.7105,0.5040,2.71,0.0000,nan,3885,5879.1,1.015,0.995
9293,train,3.3626,0.0789,6.59,0.0000,nan,4119,5879.7,5.040,5.039
9294,train,3.4841,0.0900,7.46,0.0000,nan,4632,5880.3,6.432,6.427
9295,train,2.8203,0.1542,7.17,0.0000,nan,4351,5880.8,4.974,4.970
9296,train,2.7926,0.1983,4.99,0.0000,nan,5682,5881.4,3.780,3.773
9297,train,1.6536,0.5680,2.42,0.0000,nan,3736,5882.0,1.524,1.520
9298,train,2.0366,0.3979,3.61,0.0000,nan,4418,5882.6,2.111,2.110
9299,train,2.6343,0.2120,5.27,0.0000,nan,4816,5883.2,4.794,4.784
9300,train,2.8841,0.2299,8.34,0.0000,nan,4455,5883.7,7.162,7.153
9301,train,2.8931,0.1665,5.06,0.0000,nan,5633,5884.3,3.771,3.763
9302,train,2.4292,0.2805,4.68,0.0000,nan,4410,5884.9,2.775,2.767
9303,train,3.0382,0.1734,5.83,0.0000,nan,4332,5885.5,5.676,5.675
9304,train,3.4402,0.1123,8.58,0.0000,nan,4515,5886.1,6.967,6.954
9305,train,2.4766,0.1867,5.20,0.0000,nan,4194,5886.6,3.839,3.812
9306,train,2.2995,0.3329,3.57,0.0000,nan,4942,5887.2,2.289,2.280
9307,train,2.7540,0.2076,5.01,0.0000,nan,5430,5887.8,3.910,3.902
9308,train,2.6115,0.2316,5.95,0.0000,nan,5163,5888.4,3.759,3.756
9309,train,3.0610,0.1672,6.30,0.0000,nan,4061,5888.9,4.140,4.138
9310,train,2.8988,0.2113,6.44,0.0000,nan,5262,5889.5,5.312,5.310
9311,train,2.6195,0.0958,5.34,0.0000,nan,4406,5890.1,4.769,4.766
9312,train,2.3793,0.3140,4.27,0.0000,nan,4475,5890.7,2.395,2.370
9313,train,3.2645,0.1675,7.40,0.0000,nan,4471,5891.3,5.867,5.864
9314,train,2.1149,0.1911,4.02,0.0000,nan,4658,5891.8,2.172,2.168
9315,train,2.5266,0.2571,4.86,0.0000,nan,5174,5892.4,4.120,4.111
9316,train,2.7790,0.0838,9.17,0.0000,nan,4103,5893.0,6.813,6.812
9317,train,2.2646,0.2782,8.45,0.0000,nan,5176,5893.6,6.154,6.151
9318,train,2.0489,0.3401,3.46,0.0000,nan,4502,5894.1,2.257,2.254
9319,train,3.2917,0.1065,6.91,0.0000,nan,4602,5894.7,5.102,5.079
9320,train,2.7060,0.1537,5.23,0.0000,nan,4132,5895.3,4.058,4.048
9321,train,3.1453,0.0839,7.65,0.0000,nan,4983,5895.9,5.847,5.844
9322,train,2.6580,0.2258,5.16,0.0000,nan,4717,5896.5,4.598,4.594
9323,train,2.3435,0.1021,4.73,0.0000,nan,4084,5897.0,3.255,3.252
9324,train,2.4212,0.2612,4.25,0.0000,nan,4081,5897.6,3.325,3.321
9325,train,2.8518,0.1268,5.94,0.0000,nan,5063,5898.2,4.365,4.362
9326,train,2.4566,0.2471,4.43,0.0000,nan,4702,5898.8,2.633,2.631
9327,train,2.1695,0.3713,3.79,0.0000,nan,3972,5899.3,2.269,2.265
9328,train,2.5938,0.2085,5.31,0.0000,nan,4610,5899.9,3.779,3.757
9329,train,2.5756,0.2283,5.37,0.0000,nan,4302,5900.5,3.077,3.065
9330,train,2.7989,0.2390,5.24,0.0000,nan,4440,5901.1,4.513,4.507
9331,train,2.5708,0.2016,5.07,0.0000,nan,4261,5901.7,3.117,3.109
9332,train,4.6226,0.0236,14.47,0.0000,nan,5089,5902.2,11.752,11.714
9333,train,4.4683,0.0350,14.34,0.0000,nan,4110,5902.8,13.598,13.596
9334,train,2.4543,0.2729,4.53,0.0000,nan,4620,5903.4,3.643,3.635
9335,train,2.6084,0.1451,4.57,0.0000,nan,4135,5904.0,3.129,3.122
9336,train,2.9565,0.2165,6.93,0.0000,nan,4618,5904.5,6.094,6.074
9337,train,3.1432,0.0867,8.19,0.0000,nan,4787,5905.1,6.504,6.502
9338,train,2.6157,0.2194,5.35,0.0000,nan,4230,5905.7,4.222,4.220
9339,train,2.5921,0.1101,5.11,0.0000,nan,4885,5906.3,3.793,3.791
9340,train,2.2910,0.2105,4.36,0.0000,nan,4019,5906.9,2.940,2.925
9341,train,2.1709,0.2680,3.75,0.0000,nan,4997,5907.4,2.649,2.643
9342,train,3.4237,0.1323,7.27,0.0000,nan,4241,5908.0,7.209,7.204
9343,train,2.2573,0.1677,4.75,0.0000,nan,5111,5908.6,2.702,2.697
9344,train,3.7225,0.0202,9.45,0.0000,nan,4908,5909.2,9.241,9.239
9345,train,3.0649,0.1109,11.23,0.0000,nan,5267,5909.8,10.737,10.725
9346,train,2.5752,0.2827,5.00,0.0000,nan,4776,5910.3,2.108,2.004
9347,train,3.0859,0.0855,6.31,0.0000,nan,5309,5910.9,5.138,5.136
9348,train,1.9952,0.4173,4.07,0.0000,nan,4481,5911.5,2.802,2.797
9349,train,3.0962,0.2299,7.54,0.0000,nan,4006,5912.1,2.430,2.415
9350,train,2.5803,0.1869,5.16,0.0000,nan,3879,5912.6,4.316,4.314
9351,train,3.4915,0.1139,8.93,0.0000,nan,4926,5913.2,6.307,6.300
9352,train,2.6435,0.3236,4.75,0.0000,nan,4515,5913.8,2.975,2.965
9353,train,3.1672,0.0712,5.26,0.0000,nan,4933,5914.4,4.465,4.463
9354,train,2.3937,0.2241,5.79,0.0000,nan,4591,5915.0,3.407,3.404
9355,train,3.1864,0.1310,8.92,0.0000,nan,4527,5915.5,7.512,7.510
9356,train,3.2837,0.1272,6.73,0.0000,nan,4332,5916.1,5.615,5.614
9357,train,2.0994,0.3985,3.37,0.0000,nan,4218,5916.7,1.276,1.275
9358,train,3.9760,0.0644,6.62,0.0000,nan,4284,5917.3,4.515,4.502
9359,train,2.4358,0.3507,4.81,0.0000,nan,3909,5917.8,3.881,3.879
9360,train,2.9847,0.2261,5.30,0.0000,nan,4061,5918.4,3.207,3.206
9361,train,2.6044,0.2251,4.70,0.0000,nan,4349,5919.0,3.831,3.830
9362,train,2.1283,0.2204,4.10,0.0000,nan,4315,5919.6,2.014,2.008
9363,train,2.7158,0.2372,5.20,0.0000,nan,5345,5920.2,4.088,4.070
9364,train,2.7186,0.1692,5.21,0.0000,nan,4048,5920.7,4.095,4.056
9365,train,2.0932,0.2703,3.90,0.0000,nan,4435,5921.3,2.906,2.902
9366,train,4.1245,0.0177,10.85,0.0000,nan,4454,5921.9,8.317,8.314
9367,train,2.5291,0.1824,6.89,0.0000,nan,3826,5922.5,5.127,5.123
9368,train,2.4870,0.1869,5.41,0.0000,nan,4987,5923.0,3.641,3.632
9369,train,3.0411,0.1558,8.07,0.0000,nan,4878,5923.6,4.810,4.804
9370,train,3.2543,0.1050,11.30,0.0000,nan,4667,5924.2,9.006,9.003
9371,train,2.5172,0.2035,4.71,0.0000,nan,4807,5924.8,2.754,2.752
9372,train,2.6247,0.2364,6.92,0.0000,nan,5314,5925.4,4.962,4.960
9373,train,2.6717,0.1886,5.12,0.0000,nan,3828,5925.9,3.491,3.475
9374,train,3.7768,0.0227,8.43,0.0000,nan,4802,5926.5,5.866,5.860
9375,train,2.5467,0.1638,4.96,0.0000,nan,4152,5927.1,3.573,3.570
9376,train,3.6329,0.1072,9.41,0.0000,nan,4926,5927.7,7.334,7.332
9377,train,2.6631,0.3026,4.94,0.0000,nan,4775,5928.3,3.166,3.163
9378,train,2.7536,0.1963,6.40,0.0000,nan,4321,5928.8,4.242,4.230
9379,train,2.3148,0.3598,3.90,0.0000,nan,3860,5929.4,3.129,3.125
9380,train,3.5999,0.1513,12.84,0.0000,nan,5308,5930.0,9.534,9.531
9381,train,2.9494,0.1722,4.81,0.0000,nan,4570,5930.6,3.446,3.440
9382,train,4.1772,0.1145,9.23,0.0000,nan,4531,5931.1,7.463,7.460
9383,train,2.5983,0.1779,4.96,0.0000,nan,4362,5931.7,3.794,3.787
9384,train,2.4394,0.2926,4.19,0.0000,nan,4669,5932.3,1.992,1.990
9385,train,3.7095,0.1459,9.46,0.0000,nan,4297,5932.9,7.594,7.584
9386,train,2.8937,0.1490,5.38,0.0000,nan,4758,5933.5,4.488,4.484
9387,train,2.7233,0.1056,6.67,0.0000,nan,4412,5934.0,5.560,5.558
9388,train,2.4316,0.2444,4.45,0.0000,nan,5050,5934.6,3.507,3.504
9389,train,2.9656,0.2428,6.47,0.0000,nan,4596,5935.2,4.489,4.476
9390,train,3.5661,0.0923,11.15,0.0000,nan,4810,5935.8,9.256,9.251
9391,train,2.8613,0.1093,6.29,0.0000,nan,4392,5936.3,5.362,5.356
9392,train,2.5253,0.2499,4.20,0.0000,nan,4389,5936.9,2.637,2.632
9393,train,3.2098,0.1168,7.14,0.0000,nan,4812,5937.5,5.573,5.567
9394,train,3.1555,0.0731,6.53,0.0000,nan,5051,5938.1,5.486,5.482
9395,train,3.0016,0.2185,6.99,0.0000,nan,4347,5938.7,5.763,5.758
9396,train,4.3118,0.0715,12.61,0.0000,nan,4574,5939.2,10.404,10.400
9397,train,2.5292,0.1743,8.13,0.0000,nan,4314,5939.8,6.439,6.428
9398,train,3.2932,0.1740,7.25,0.0000,nan,4384,5940.4,5.658,5.655
9399,train,2.8512,0.2042,10.28,0.0000,nan,4010,5941.0,9.353,9.350
9400,train,2.8868,0.0915,7.23,0.0000,nan,4110,5941.5,5.533,5.532
9401,train,3.0290,0.2097,7.43,0.0000,nan,4283,5942.1,6.254,6.253
9402,train,2.3680,0.3459,7.48,0.0000,nan,4308,5942.7,6.004,6.000
9403,train,3.5387,0.2376,7.34,0.0000,nan,4559,5943.3,4.974,4.972
9404,train,1.9485,0.3517,3.64,0.0000,nan,4430,5943.8,2.082,2.058
9405,train,2.6432,0.2028,5.31,0.0000,nan,4521,5944.4,4.239,4.225
9406,train,2.4042,0.3434,4.02,0.0000,nan,3955,5945.0,2.730,2.726
9407,train,3.0873,0.1911,11.28,0.0000,nan,4454,5945.6,8.966,8.958
9408,train,3.6717,0.0340,10.74,0.0000,nan,4915,5946.2,8.692,8.692
9409,train,3.0076,0.0356,10.88,0.0000,nan,4547,5946.7,8.572,8.569
9410,train,2.9395,0.1177,7.00,0.0000,nan,4622,5947.3,5.364,5.357
9411,train,2.5088,0.1956,4.65,0.0000,nan,5250,5947.9,3.631,3.629
9412,train,2.2483,0.2381,4.50,0.0000,nan,4570,5948.5,2.461,2.456
9413,train,3.4813,0.0963,8.82,0.0000,nan,4767,5949.1,6.626,6.623
9414,train,3.3123,0.1362,7.28,0.0000,nan,4421,5949.6,4.693,4.693
9415,train,3.9278,0.0884,7.72,0.0000,nan,4527,5950.2,7.694,7.691
9416,train,3.4136,0.1419,9.37,0.0000,nan,4699,5950.8,6.148,6.147
9417,train,3.7887,0.1032,8.02,0.0000,nan,4148,5951.4,7.189,7.182
9418,train,3.1956,0.1348,7.01,0.0000,nan,4309,5951.9,5.287,5.277
9419,train,2.7581,0.2059,5.33,0.0000,nan,4477,5952.5,4.166,4.163
9420,train,2.8003,0.1796,6.25,0.0000,nan,4421,5953.1,5.997,5.989
9421,train,2.6654,0.2041,4.63,0.0000,nan,4184,5953.7,3.319,3.318
9422,train,2.1508,0.2764,4.30,0.0000,nan,4497,5954.3,3.412,3.405
9423,train,2.6588,0.1409,4.95,0.0000,nan,4032,5954.8,4.602,4.597
9424,train,2.5483,0.2274,4.82,0.0000,nan,4920,5955.4,3.437,3.436
9425,train,3.3988,0.1055,6.74,0.0000,nan,5138,5956.0,5.135,5.135
9426,train,2.7102,0.1977,6.01,0.0000,nan,4081,5956.6,4.488,4.483
9427,train,3.5716,0.0182,7.57,0.0000,nan,4622,5957.1,5.849,5.848
9428,train,2.8118,0.2124,6.49,0.0000,nan,4323,5957.7,4.839,4.823
9429,train,2.1462,0.3036,4.40,0.0000,nan,4434,5958.3,2.300,2.298
9430,train,2.7242,0.2794,5.00,0.0000,nan,4928,5958.9,4.926,4.905
9431,train,2.3670,0.2216,4.17,0.0000,nan,4500,5959.5,2.447,2.435
9432,train,2.7051,0.1961,5.15,0.0000,nan,5017,5960.0,3.640,3.636
9433,train,2.2705,0.2283,4.23,0.0000,nan,4446,5960.6,2.013,1.980
9434,train,3.1644,0.0729,6.30,0.0000,nan,5024,5961.2,4.715,4.707
9435,train,3.0850,0.0916,7.95,0.0000,nan,4541,5961.8,6.701,6.698
9436,train,2.7099,0.2402,8.00,0.0000,nan,4238,5962.3,6.259,6.253
9437,train,2.4370,0.3364,4.40,0.0000,nan,4418,5962.9,2.678,2.671
9438,train,3.4921,0.1138,6.15,0.0000,nan,5034,5963.5,4.864,4.844
9439,train,3.6239,0.0394,11.40,0.0000,nan,4823,5964.1,9.727,9.724
9440,train,2.5032,0.1835,4.33,0.0000,nan,4534,5964.7,3.256,3.249
9441,train,2.3979,0.1480,4.67,0.0000,nan,5109,5965.2,3.898,3.891
9442,train,2.6776,0.2000,7.08,0.0000,nan,4250,5965.8,5.342,5.339
9443,train,2.9761,0.1048,7.26,0.0000,nan,4826,5966.4,4.006,4.004
9444,train,2.9977,0.1479,6.52,0.0000,nan,4840,5967.0,4.059,4.038
9445,train,3.7857,0.0488,10.36,0.0000,nan,4674,5967.5,8.011,8.009
9446,train,2.5997,0.2659,5.71,0.0000,nan,3919,5968.1,3.720,3.718
9447,train,2.4628,0.3467,3.88,0.0000,nan,4274,5968.7,2.070,2.060
9448,train,2.4015,0.2915,5.28,0.0000,nan,4179,5969.3,3.023,3.022
9449,train,3.4559,0.0366,10.34,0.0000,nan,4622,5969.9,7.275,7.253
9450,train,2.3527,0.2601,5.43,0.0000,nan,4083,5970.4,3.681,3.677
9451,train,2.9371,0.1186,9.37,0.0000,nan,4629,5971.0,7.433,7.432
9452,train,2.8803,0.2292,6.70,0.0000,nan,4712,5971.6,4.527,4.526
9453,train,3.2711,0.0805,12.15,0.0000,nan,4237,5972.2,9.440,9.437
9454,train,2.9175,0.1634,6.54,0.0000,nan,5007,5972.8,5.833,5.826
9455,train,2.4177,0.1986,4.58,0.0000,nan,4205,5973.3,2.604,2.601
9456,train,2.0168,0.3281,3.70,0.0000,nan,4553,5973.9,1.537,1.533
9457,train,2.6878,0.2004,5.52,0.0000,nan,4202,5974.5,3.451,3.447
9458,train,2.8488,0.0916,9.93,0.0000,nan,4660,5975.1,8.113,8.112
9459,train,2.7414,0.2625,7.02,0.0000,nan,4434,5975.6,5.002,4.993
9460,train,3.2264,0.1019,8.10,0.0000,nan,4368,5976.2,6.452,6.450
9461,train,2.2573,0.3024,8.36,0.0000,nan,4051,5976.8,6.319,6.313
9462,train,2.3151,0.2280,4.24,0.0000,nan,4245,5977.4,2.589,2.588
9463,train,2.6008,0.1293,7.49,0.0000,nan,4455,5978.0,5.240,5.233
9464,train,3.5108,0.0417,9.84,0.0000,nan,3955,5978.5,9.273,9.272
9465,train,3.7521,0.1122,6.24,0.0000,nan,4172,5979.1,4.350,4.346
9466,train,3.2870,0.0817,6.89,0.0000,nan,3916,5979.7,4.787,4.783
9467,train,2.4266,0.2948,4.27,0.0000,nan,4542,5980.3,3.350,3.348
9468,train,2.8013,0.2488,8.84,0.0000,nan,4691,5980.9,6.201,6.199
9469,train,2.4666,0.2831,3.87,0.0000,nan,3938,5981.4,1.661,1.657
9470,train,2.3894,0.1959,5.00,0.0000,nan,5053,5982.0,4.150,4.146
9471,train,3.6645,0.1357,8.94,0.0000,nan,5241,5982.6,7.242,7.241
9472,train,2.6829,0.1511,5.42,0.0000,nan,4360,5983.2,4.415,4.413
9473,train,3.8025,0.1417,12.12,0.0000,nan,4918,5983.7,11.854,11.851
9474,train,2.6340,0.1856,6.18,0.0000,nan,4794,5984.3,3.647,3.640
9475,train,3.8726,0.0931,11.90,0.0000,nan,4973,5984.9,10.779,10.778
9476,train,2.3940,0.2237,4.25,0.0000,nan,4350,5985.5,2.237,2.233
9477,train,2.6682,0.2399,5.29,0.0000,nan,4235,5986.1,3.741,3.736
9478,train,4.3771,0.1229,10.71,0.0000,nan,5331,5986.6,8.069,8.064
9479,train,3.2464,0.0530,6.69,0.0000,nan,4431,5987.2,4.664,4.647
9480,train,2.1371,0.2766,3.67,0.0000,nan,4140,5987.8,1.757,1.755
9481,train,2.3670,0.1816,4.57,0.0000,nan,4333,5988.4,2.824,2.807
9482,train,2.4384,0.2703,7.69,0.0000,nan,4762,5989.0,4.776,4.768
9483,train,3.1154,0.2028,5.50,0.0000,nan,4738,5989.5,4.315,4.312
9484,train,3.8486,0.1033,6.91,0.0000,nan,4751,5990.1,5.089,5.085
9485,train,3.2392,0.1501,6.15,0.0000,nan,4656,5990.7,3.720,3.719
9486,train,2.8624,0.1031,6.19,0.0000,nan,5133,5991.3,4.577,4.575
9487,train,2.2767,0.1970,4.44,0.0000,nan,4279,5991.9,2.338,2.288
9488,train,2.5488,0.1579,5.01,0.0000,nan,4402,5992.4,3.331,3.331
9489,train,3.1383,0.1503,7.25,0.0000,nan,4864,5993.0,6.645,6.640
9490,train,2.1887,0.2437,3.94,0.0000,nan,4001,5993.6,2.431,2.423
9491,train,3.3722,0.1132,7.87,0.0000,nan,3958,5994.2,6.382,6.380
9492,train,3.6705,0.0221,11.53,0.0000,nan,4215,5994.7,10.281,10.280
9493,train,3.2816,0.1132,10.90,0.0000,nan,4964,5995.3,9.585,9.584
9494,train,2.5469,0.1847,5.51,0.0000,nan,4228,5995.9,4.532,4.531
9495,train,3.4153,0.0592,8.10,0.0000,nan,4591,5996.5,7.221,7.217
9496,train,2.6736,0.2376,6.82,0.0000,nan,4756,5997.1,4.512,4.507
9497,train,2.4207,0.3308,4.81,0.0000,nan,3993,5997.6,3.283,3.282
9498,train,3.0531,0.2352,10.71,0.0000,nan,4899,5998.2,8.945,8.944
9499,train,2.7416,0.1431,4.91,0.0000,nan,4605,5998.8,3.894,3.893
9500,train,2.3012,0.3403,3.67,0.0000,nan,5492,5999.4,2.129,2.125
9500,val,2.9794,0.1742,7.11,0.0000,0.00,222066,6026.8,5.441,5.436
9501,train,3.7790,0.0214,8.11,0.0000,nan,4303,6027.4,5.792,5.791
9502,train,3.4494,0.0648,8.49,0.0000,nan,4444,6028.0,4.869,4.863
9503,train,3.1707,0.0948,7.04,0.0000,nan,4948,6028.6,4.465,4.456
9504,train,2.8603,0.1883,5.38,0.0000,nan,4536,6029.1,3.565,3.561
9505,train,2.8648,0.1145,5.79,0.0000,nan,4375,6029.7,4.171,4.169
9506,train,2.6490,0.1757,5.75,0.0000,nan,4474,6030.3,4.280,4.274
9507,train,2.7915,0.2633,4.87,0.0000,nan,3938,6030.9,2.835,2.832
9508,train,1.7311,0.5838,2.38,0.0000,nan,4349,6031.5,1.233,1.229
9509,train,2.6853,0.1772,4.82,0.0000,nan,4470,6032.0,4.320,4.319
9510,train,2.9032,0.0813,6.37,0.0000,nan,4331,6032.6,4.987,4.980
9511,train,3.0710,0.2844,6.31,0.0000,nan,4258,6033.2,4.528,4.526
9512,train,2.9228,0.1297,7.10,0.0000,nan,5428,6033.8,6.567,6.558
9513,train,3.0557,0.1675,5.70,0.0000,nan,5288,6034.4,4.078,4.070
9514,train,2.8051,0.2255,9.19,0.0000,nan,4181,6034.9,6.247,6.241
9515,train,2.5517,0.1648,5.19,0.0000,nan,4212,6035.5,3.358,3.354
9516,train,2.7100,0.2231,4.99,0.0000,nan,4388,6036.1,3.662,3.657
9517,train,2.3633,0.3249,3.94,0.0000,nan,4272,6036.7,3.050,3.045
9518,train,2.8790,0.2528,6.33,0.0000,nan,4343,6037.2,6.095,6.089
9519,train,2.7468,0.1493,5.11,0.0000,nan,4280,6037.8,2.782,2.772
9520,train,2.3008,0.2896,4.08,0.0000,nan,4996,6038.4,2.982,2.967
9521,train,2.3962,0.1481,4.49,0.0000,nan,3923,6039.0,2.950,2.941
9522,train,3.2332,0.2022,8.38,0.0000,nan,4248,6039.6,6.056,6.055
9523,train,2.9130,0.0798,7.39,0.0000,nan,4062,6040.1,5.667,5.613
9524,train,2.2649,0.3783,4.57,0.0000,nan,4010,6040.7,3.466,3.463
9525,train,4.4157,0.0567,10.15,0.0000,nan,4024,6041.3,8.153,8.150
9526,train,4.1033,0.0488,9.73,0.0000,nan,4306,6041.9,8.507,8.499
9527,train,3.1674,0.1739,9.58,0.0000,nan,4824,6042.4,6.945,6.891
9528,train,3.3484,0.0934,9.44,0.0000,nan,4454,6043.0,6.640,6.637
9529,train,2.6257,0.2520,11.64,0.0000,nan,4544,6043.6,10.743,10.733
9530,train,2.5953,0.1372,5.13,0.0000,nan,4927,6044.2,4.050,4.048
9531,train,1.9563,0.3570,3.30,0.0000,nan,4148,6044.8,1.528,1.517
9532,train,3.6334,0.1541,13.13,0.0000,nan,4511,6045.3,8.622,8.621
9533,train,2.5191,0.2568,4.38,0.0000,nan,4209,6045.9,2.830,2.825
9534,train,2.0173,0.3799,3.17,0.0000,nan,4393,6046.5,2.365,2.363
9535,train,2.6197,0.1991,4.87,0.0000,nan,4687,6047.1,4.059,4.058
9536,train,3.0897,0.0736,6.19,0.0000,nan,5397,6047.7,4.764,4.764
9537,train,2.2042,0.2953,3.92,0.0000,nan,4534,6048.2,2.203,2.194
9538,train,2.4154,0.3024,5.36,0.0000,nan,4686,6048.8,3.341,3.321
9539,train,2.5294,0.3032,4.96,0.0000,nan,4284,6049.4,4.039,4.029
9540,train,2.8600,0.2498,6.34,0.0000,nan,4679,6050.0,4.796,4.789
9541,train,3.2919,0.0323,7.44,0.0000,nan,4370,6050.5,5.925,5.923
9542,train,3.4962,0.0805,7.34,0.0000,nan,4634,6051.1,5.696,5.695
9543,train,3.2271,0.0836,7.05,0.0000,nan,3589,6051.7,4.304,4.302
9544,train,3.2211,0.1666,8.15,0.0000,nan,4508,6052.3,6.693,6.690
9545,train,2.9757,0.1915,6.36,0.0000,nan,4459,6052.9,5.463,5.457
9546,train,3.0720,0.0827,6.22,0.0000,nan,4388,6053.4,2.974,2.972
9547,train,3.0358,0.1437,5.89,0.0000,nan,5163,6054.0,3.836,3.790
9548,train,3.0139,0.2066,6.49,0.0000,nan,4685,6054.6,4.011,4.008
9549,train,3.9222,0.1372,11.90,0.0000,nan,4760,6055.2,9.285,9.281
9550,train,3.8522,0.1092,8.61,0.0000,nan,4852,6055.8,7.191,7.189
9551,train,2.2787,0.4125,3.75,0.0000,nan,4293,6056.3,2.057,2.053
9552,train,2.7995,0.2148,7.89,0.0000,nan,4363,6056.9,4.664,4.654
9553,train,1.8722,0.4999,2.60,0.0000,nan,4051,6057.5,1.538,1.534
9554,train,3.1540,0.0826,6.12,0.0000,nan,4673,6058.1,4.336,4.329
9555,train,2.5938,0.1407,5.42,0.0000,nan,4087,6058.6,4.422,4.420
9556,train,2.9162,0.1075,5.29,0.0000,nan,5127,6059.2,3.572,3.570
9557,train,2.8244,0.0712,6.27,0.0000,nan,4328,6059.8,5.003,5.002
9558,train,2.9102,0.0877,5.28,0.0000,nan,4707,6060.4,3.250,3.250
9559,train,2.8010,0.1094,5.15,0.0000,nan,4544,6061.0,4.029,4.022
9560,train,3.4512,0.0987,9.90,0.0000,nan,4896,6061.5,7.390,7.382
9561,train,2.5488,0.2994,4.64,0.0000,nan,4553,6062.1,3.927,3.922
9562,train,2.5838,0.3665,8.35,0.0000,nan,4453,6062.7,5.515,5.496
9563,train,2.6025,0.1995,4.67,0.0000,nan,4587,6063.3,2.570,2.565
9564,train,3.2851,0.1105,11.94,0.0000,nan,4225,6063.8,9.579,9.570
9565,train,3.6777,0.2406,14.79,0.0000,nan,4161,6064.4,12.778,12.768
9566,train,2.8191,0.1912,5.67,0.0000,nan,5272,6065.0,4.522,4.516
9567,train,2.6707,0.1917,9.81,0.0000,nan,5154,6065.6,7.485,7.480
9568,train,2.1935,0.3869,3.67,0.0000,nan,3926,6066.2,1.639,1.638
9569,train,2.9313,0.2009,8.84,0.0000,nan,4416,6066.7,6.764,6.757
9570,train,2.4014,0.2293,4.36,0.0000,nan,4109,6067.3,2.409,2.370
9571,train,2.7326,0.1733,6.29,0.0000,nan,4448,6067.9,4.101,4.097
9572,train,2.3281,0.3183,4.67,0.0000,nan,4012,6068.5,4.180,4.152
9573,train,4.2784,0.0698,11.34,0.0000,nan,4310,6069.0,10.399,10.399
9574,train,1.9771,0.4488,3.33,0.0000,nan,3815,6069.6,2.400,2.387
9575,train,2.2152,0.3627,4.28,0.0000,nan,4318,6070.2,3.211,3.200
9576,train,2.2689,0.2462,3.93,0.0000,nan,4277,6070.8,2.013,2.012
9577,train,3.2444,0.1214,7.77,0.0000,nan,5073,6071.4,5.945,5.944
9578,train,2.3361,0.3352,3.94,0.0000,nan,4645,6071.9,1.426,1.421
9579,train,2.4565,0.2053,4.49,0.0000,nan,4165,6072.5,2.988,2.986
9580,train,2.3917,0.1910,4.37,0.0000,nan,4121,6073.1,2.707,2.703
9581,train,3.7110,0.0745,11.05,0.0000,nan,3787,6073.7,9.371,9.367
9582,train,2.8297,0.1609,6.33,0.0000,nan,4474,6074.2,4.764,4.763
9583,train,2.3902,0.2766,3.97,0.0000,nan,4501,6074.8,2.578,2.570
9584,train,4.7352,0.0304,12.75,0.0000,nan,5008,6075.4,11.970,11.962
9585,train,2.1672,0.3128,3.67,0.0000,nan,4942,6076.0,2.332,2.327
9586,train,2.5812,0.1926,5.31,0.0000,nan,3997,6076.6,3.943,3.940
9587,train,3.2511,0.1233,11.66,0.0000,nan,4672,6077.1,8.201,8.195
9588,train,2.4263,0.3142,4.07,0.0000,nan,4296,6077.7,2.377,2.362
9589,train,3.5889,0.1920,10.65,0.0000,nan,4718,6078.3,7.435,7.432
9590,train,1.9806,0.3107,3.52,0.0000,nan,4551,6078.9,1.696,1.693
9591,train,3.3815,0.0791,7.21,0.0000,nan,5148,6079.4,4.879,4.875
9592,train,3.9606,0.0581,10.37,0.0000,nan,4511,6080.0,9.892,9.888
9593,train,2.1932,0.2825,4.03,0.0000,nan,4396,6080.6,2.614,2.595
9594,train,2.8836,0.2403,4.98,0.0000,nan,4823,6081.2,2.729,2.721
9595,train,2.5130,0.1406,5.31,0.0000,nan,4338,6081.8,3.615,3.608
9596,train,3.6206,0.0734,7.19,0.0000,nan,3870,6082.3,5.918,5.912
9597,train,2.3565,0.3117,6.31,0.0000,nan,4492,6082.9,5.022,5.021
9598,train,3.4420,0.2291,9.00,0.0000,nan,4444,6083.5,8.165,8.154
9599,train,2.6205,0.3320,5.14,0.0000,nan,4699,6084.1,3.409,3.392
9600,train,2.7057,0.2112,4.93,0.0000,nan,4120,6084.7,3.372,3.370
9601,train,2.6193,0.2956,5.15,0.0000,nan,4110,6085.2,4.509,4.506
9602,train,2.3903,0.3515,3.71,0.0000,nan,4740,6085.8,1.778,1.771
9603,train,2.5029,0.1916,5.10,0.0000,nan,4926,6086.4,3.239,3.237
9604,train,2.1832,0.3625,3.67,0.0000,nan,4345,6087.0,2.388,2.383
9605,train,4.3785,0.0237,14.48,0.0000,nan,4901,6087.5,10.739,10.732
9606,train,3.7765,0.0132,15.00,0.0000,nan,5016,6088.1,12.362,12.355
9607,train,2.8531,0.1583,5.41,0.0000,nan,4334,6088.7,3.391,3.386
9608,train,2.8066,0.2489,6.43,0.0000,nan,4383,6089.3,4.427,4.423
9609,train,2.4911,0.2518,4.68,0.0000,nan,3931,6089.9,3.916,3.906
9610,train,3.8656,0.1148,11.45,0.0000,nan,4163,6090.4,9.295,9.292
9611,train,2.5248,0.2254,4.54,0.0000,nan,4632,6091.0,3.670,3.666
9612,train,2.6825,0.3088,5.63,0.0000,nan,4582,6091.6,4.249,4.246
9613,train,2.3184,0.3062,4.07,0.0000,nan,4739,6092.2,2.999,2.995
9614,train,2.7458,0.2206,6.30,0.0000,nan,4479,6092.7,4.293,4.292
9615,train,2.6564,0.2534,5.47,0.0000,nan,4530,6093.3,4.899,4.897
9616,train,2.1647,0.3580,3.54,0.0000,nan,4735,6093.9,1.972,1.972
9617,train,2.3273,0.2414,4.23,0.0000,nan,4792,6094.5,2.369,2.368
9618,train,2.7641,0.1624,5.48,0.0000,nan,3997,6095.1,4.777,4.777
9619,train,2.0207,0.3589,3.59,0.0000,nan,4213,6095.6,1.795,1.787
9620,train,3.8545,0.1016,9.57,0.0000,nan,4411,6096.2,7.572,7.567
9621,train,2.3074,0.4487,4.16,0.0000,nan,4493,6096.8,4.384,4.380
9622,train,3.1582,0.1006,8.66,0.0000,nan,4912,6097.4,7.712,7.710
9623,train,3.0635,0.2974,9.42,0.0000,nan,4217,6097.9,6.676,6.643
9624,train,2.1702,0.3671,3.63,0.0000,nan,4953,6098.5,1.973,1.973
9625,train,2.4718,0.2124,9.22,0.0000,nan,4746,6099.1,6.211,6.205
9626,train,3.1256,0.2363,5.96,0.0000,nan,4465,6099.7,4.744,4.739
9627,train,2.7428,0.2594,4.73,0.0000,nan,4483,6100.3,3.683,3.679
9628,train,2.9070,0.0698,5.31,0.0000,nan,4569,6100.8,3.983,3.982
9629,train,2.9370,0.1372,7.11,0.0000,nan,4314,6101.4,4.568,4.558
9630,train,3.5170,0.0649,9.36,0.0000,nan,5039,6102.0,8.756,8.754
9631,train,2.4083,0.2782,4.28,0.0000,nan,5780,6102.6,3.276,3.270
9632,train,2.1860,0.3228,3.64,0.0000,nan,4631,6103.2,1.954,1.933
9633,train,3.0801,0.2126,6.18,0.0000,nan,4507,6103.7,4.572,4.565
9634,train,2.9601,0.1145,7.54,0.0000,nan,4131,6104.3,5.839,5.835
9635,train,2.5063,0.2343,6.66,0.0000,nan,4221,6104.9,5.150,5.146
9636,train,2.4608,0.1913,4.52,0.0000,nan,4695,6105.5,2.785,2.775
9637,train,2.9289,0.0469,6.28,0.0000,nan,4410,6106.0,4.951,4.948
9638,train,3.2298,0.1467,7.68,0.0000,nan,5543,6106.6,4.682,4.680
9639,train,3.3430,0.0696,8.15,0.0000,nan,4939,6107.2,6.544,6.542
9640,train,2.8669,0.2609,6.40,0.0000,nan,4465,6107.8,5.029,5.027
9641,train,3.6030,0.1066,8.24,0.0000,nan,5581,6108.4,5.312,5.307
9642,train,2.5401,0.3480,4.72,0.0000,nan,4388,6108.9,3.876,3.868
9643,train,3.7085,0.0308,6.94,0.0000,nan,3965,6109.5,5.156,5.154
9644,train,4.0104,0.1675,10.44,0.0000,nan,5296,6110.1,8.078,8.075
9645,train,3.0885,0.1417,11.12,0.0000,nan,4510,6110.7,8.207,8.199
9646,train,2.6038,0.1669,4.53,0.0000,nan,4536,6111.3,3.474,3.473
9647,train,2.3403,0.3774,6.45,0.0000,nan,4899,6111.8,4.049,3.924
9648,train,2.3373,0.2484,3.89,0.0000,nan,4331,6112.4,2.703,2.701
9649,train,2.5891,0.2209,5.30,0.0000,nan,3808,6113.0,4.064,4.040
9650,train,3.0301,0.0823,6.94,0.0000,nan,4361,6113.6,4.058,4.055
9651,train,1.9119,0.4337,3.05,0.0000,nan,4390,6114.1,1.014,1.004
9652,train,5.0920,0.1095,10.44,0.0000,nan,4072,6114.7,9.587,9.575
9653,train,3.4513,0.3041,7.10,0.0000,nan,4722,6115.3,5.849,5.846
9654,train,2.7229,0.1734,5.43,0.0000,nan,3957,6115.9,3.932,3.928
9655,train,2.3217,0.3085,3.87,0.0000,nan,4636,6116.5,2.201,2.197
9656,train,2.8219,0.1568,5.73,0.0000,nan,4394,6117.0,4.963,4.963
9657,train,3.5262,0.2030,10.48,0.0000,nan,4902,6117.6,9.820,9.815
9658,train,2.9052,0.2130,5.66,0.0000,nan,4733,6118.2,3.599,3.596
9659,train,2.5385,0.1803,4.63,0.0000,nan,3761,6118.8,2.516,2.503
9660,train,2.9009,0.1988,5.55,0.0000,nan,4739,6119.3,3.781,3.778
9661,train,2.9519,0.1627,6.48,0.0000,nan,5268,6119.9,4.981,4.979
9662,train,2.2728,0.3101,3.72,0.0000,nan,4302,6120.5,2.326,2.321
9663,train,3.1834,0.1143,8.08,0.0000,nan,3892,6121.1,5.491,5.490
9664,train,3.0221,0.0575,10.84,0.0000,nan,3793,6121.6,9.275,9.273
9665,train,3.0332,0.1345,7.59,0.0000,nan,4446,6122.2,6.847,6.847
9666,train,4.0565,0.2354,12.30,0.0000,nan,4948,6122.8,9.741,9.733
9667,train,2.3808,0.2368,5.60,0.0000,nan,4501,6123.4,3.574,3.554
9668,train,2.7547,0.1729,5.75,0.0000,nan,4378,6124.0,4.435,4.428
9669,train,2.6875,0.1905,5.12,0.0000,nan,3990,6124.5,3.863,3.860
9670,train,3.0237,0.2931,7.95,0.0000,nan,4316,6125.1,6.175,6.173
9671,train,2.5448,0.2110,4.84,0.0000,nan,4303,6125.7,3.486,3.476
9672,train,2.3257,0.1719,4.41,0.0000,nan,4147,6126.3,1.690,1.670
9673,train,2.3831,0.2059,4.71,0.0000,nan,4372,6126.9,3.105,3.103
9674,train,3.2397,0.1650,7.48,0.0000,nan,4588,6127.4,4.466,4.459
9675,train,2.5367,0.2860,5.73,0.0000,nan,4210,6128.0,4.767,4.764
9676,train,2.6509,0.1914,5.26,0.0000,nan,4562,6128.6,4.370,4.369
9677,train,2.7135,0.2103,5.42,0.0000,nan,4541,6129.2,3.832,3.832
9678,train,1.9625,0.4740,3.07,0.0000,nan,4181,6129.7,1.379,1.329
9679,train,2.5913,0.2072,5.14,0.0000,nan,4788,6130.3,3.541,3.538
9680,train,2.7303,0.3680,5.88,0.0000,nan,4419,6130.9,4.727,4.718
9681,train,3.0280,0.1584,6.52,0.0000,nan,5056,6131.5,4.547,4.530
9682,train,2.1735,0.2875,3.93,0.0000,nan,4303,6132.1,1.920,1.918
9683,train,3.0602,0.0949,5.63,0.0000,nan,4382,6132.6,4.684,4.682
9684,train,2.7736,0.2479,5.87,0.0000,nan,4764,6133.2,3.642,3.632
9685,train,3.0954,0.2282,9.10,0.0000,nan,5176,6133.8,8.314,8.310
9686,train,3.7427,0.1904,9.15,0.0000,nan,5230,6134.4,8.063,8.055
9687,train,2.1891,0.3205,3.57,0.0000,nan,4918,6134.9,2.010,2.007
9688,train,2.9067,0.1789,5.76,0.0000,nan,4589,6135.5,3.897,3.889
9689,train,4.5417,0.0293,11.04,0.0000,nan,4603,6136.1,8.662,8.660
9690,train,2.4397,0.2165,4.40,0.0000,nan,4268,6136.7,2.624,2.615
9691,train,1.8700,0.3775,3.20,0.0000,nan,4024,6137.3,2.035,2.032
9692,train,2.5908,0.3277,5.75,0.0000,nan,4526,6137.8,5.826,5.822
9693,train,2.5178,0.1970,4.54,0.0000,nan,4351,6138.4,3.081,3.077
9694,train,3.0113,0.0951,6.16,0.0000,nan,4964,6139.0,3.612,3.601
9695,train,2.6061,0.2134,4.68,0.0000,nan,4447,6139.6,2.793,2.777
9696,train,4.2432,0.0117,13.18,0.0000,nan,5035,6140.2,12.169,12.168
9697,train,2.9143,0.2000,6.36,0.0000,nan,5310,6140.7,2.465,2.460
9698,train,2.7741,0.2291,5.97,0.0000,nan,4596,6141.3,4.715,4.703
9699,train,2.4870,0.1956,4.35,0.0000,nan,4601,6141.9,2.200,2.197
9700,train,3.5681,0.0433,11.03,0.0000,nan,4736,6142.5,8.620,8.619
9701,train,2.5172,0.1907,4.54,0.0000,nan,5297,6143.0,3.362,3.354
9702,train,2.6053,0.1919,4.85,0.0000,nan,4236,6143.6,3.742,3.737
9703,train,3.0358,0.1575,7.44,0.0000,nan,4672,6144.2,5.837,5.836
9704,train,2.5905,0.1728,4.58,0.0000,nan,4052,6144.8,2.984,2.982
9705,train,3.0140,0.2069,7.78,0.0000,nan,4447,6145.4,6.187,6.156
9706,train,3.3470,0.1803,6.20,0.0000,nan,4055,6145.9,4.528,4.527
9707,train,2.3304,0.2450,4.60,0.0000,nan,3890,6146.5,3.419,3.418
9708,train,2.0334,0.2886,3.71,0.0000,nan,4602,6147.1,1.528,1.508
9709,train,2.4300,0.2226,4.73,0.0000,nan,4502,6147.7,3.652,3.647
9710,train,2.9411,0.1110,8.05,0.0000,nan,4639,6148.2,5.014,5.012
9711,train,2.1050,0.3351,3.80,0.0000,nan,4106,6148.8,2.662,2.661
9712,train,3.1142,0.1795,10.32,0.0000,nan,4957,6149.4,5.933,5.921
9713,train,2.9812,0.2459,7.13,0.0000,nan,4741,6150.0,5.309,5.293
9714,train,2.2266,0.2942,3.90,0.0000,nan,4144,6150.6,2.983,2.978
9715,train,3.1311,0.0546,6.22,0.0000,nan,4744,6151.1,5.118,5.114
9716,train,2.7940,0.1788,7.15,0.0000,nan,4547,6151.7,5.905,5.900
9717,train,3.1988,0.1465,9.38,0.0000,nan,4676,6152.3,7.010,7.007
9718,train,2.8335,0.0819,5.52,0.0000,nan,4862,6152.9,4.513,4.506
9719,train,2.6279,0.2011,5.10,0.0000,nan,4774,6153.4,3.302,3.265
9720,train,2.3624,0.2540,3.93,0.0000,nan,4330,6154.0,2.618,2.605
9721,train,3.0060,0.1011,5.53,0.0000,nan,4192,6154.6,3.903,3.901
9722,train,2.6273,0.2349,8.61,0.0000,nan,4746,6155.2,6.713,6.691
9723,train,2.5188,0.2804,4.31,0.0000,nan,5118,6155.8,3.179,3.169
9724,train,2.9507,0.2014,8.37,0.0000,nan,4554,6156.3,7.170,7.167
9725,train,2.2649,0.2679,3.75,0.0000,nan,4535,6156.9,2.033,2.026
9726,train,3.0337,0.2970,10.01,0.0000,nan,4841,6157.5,7.683,7.677
9727,train,3.2660,0.1016,10.10,0.0000,nan,4498,6158.1,5.577,5.573
9728,train,3.3688,0.2328,11.93,0.0000,nan,4472,6158.6,10.559,10.558
9729,train,3.8753,0.0427,11.10,0.0000,nan,4429,6159.2,7.550,7.545
9730,train,2.8088,0.1904,5.68,0.0000,nan,4628,6159.8,3.361,3.356
9731,train,2.8405,0.2538,5.49,0.0000,nan,3511,6160.4,3.163,3.151
9732,train,2.6736,0.1278,6.66,0.0000,nan,5196,6161.0,2.685,2.682
9733,train,2.9112,0.2011,6.19,0.0000,nan,4883,6161.5,4.997,4.995
9734,train,3.1962,0.1520,7.32,0.0000,nan,4579,6162.1,6.234,6.231
9735,train,2.6785,0.0969,6.28,0.0000,nan,4428,6162.7,4.803,4.800
9736,train,2.9576,0.2171,6.72,0.0000,nan,4616,6163.3,4.696,4.695
9737,train,3.3465,0.0686,7.51,0.0000,nan,4561,6163.9,5.025,5.021
9738,train,2.3506,0.2965,4.01,0.0000,nan,4307,6164.4,2.473,2.464
9739,train,2.3827,0.2889,4.45,0.0000,nan,4369,6165.0,2.694,2.683
9740,train,2.2672,0.1760,4.66,0.0000,nan,4120,6165.6,3.218,3.208
9741,train,2.2259,0.3543,3.86,0.0000,nan,4092,6166.2,3.088,3.076
9742,train,2.7596,0.2064,5.47,0.0000,nan,4482,6166.7,2.487,2.480
9743,train,2.7568,0.0964,5.73,0.0000,nan,4614,6167.3,3.889,3.886
9744,train,2.7897,0.2163,5.30,0.0000,nan,4295,6167.9,4.487,4.483
9745,train,3.7565,0.0926,10.88,0.0000,nan,4862,6168.5,5.431,5.417
9746,train,3.1026,0.1035,7.90,0.0000,nan,4037,6169.1,5.619,5.614
9747,train,2.2041,0.2142,4.15,0.0000,nan,4347,6169.6,2.453,2.430
9748,train,3.7238,0.0661,8.21,0.0000,nan,3873,6170.2,6.096,6.095
9749,train,2.8195,0.2918,5.51,0.0000,nan,3712,6170.8,4.045,4.042
9750,train,2.6638,0.1907,4.95,0.0000,nan,4846,6171.4,3.502,3.501
9751,train,3.3907,0.0689,7.62,0.0000,nan,4714,6171.9,5.955,5.952
9752,train,3.0076,0.1248,7.05,0.0000,nan,3791,6172.5,5.950,5.948
9753,train,3.7973,0.1229,11.10,0.0000,nan,4330,6173.1,6.666,6.645
9754,train,2.2458,0.3462,4.09,0.0000,nan,4154,6173.7,2.779,2.776
9755,train,2.7646,0.1974,7.53,0.0000,nan,4302,6174.3,3.741,3.737
9756,train,3.7359,0.1200,10.86,0.0000,nan,5115,6174.8,10.023,10.015
9757,train,2.5429,0.1796,5.28,0.0000,nan,4604,6175.4,2.872,2.861
9758,train,3.7654,0.1114,11.71,0.0000,nan,4326,6176.0,8.398,8.397
9759,train,3.2690,0.0447,7.68,0.0000,nan,3870,6176.6,5.224,5.223
9760,train,2.6146,0.1474,6.35,0.0000,nan,4036,6177.1,4.319,4.318
9761,train,3.0055,0.1055,6.15,0.0000,nan,4302,6177.7,4.382,4.376
9762,train,3.9903,0.0891,9.67,0.0000,nan,4668,6178.3,6.537,6.534
9763,train,2.3441,0.2713,4.55,0.0000,nan,4113,6178.9,2.822,2.819
9764,train,2.3720,0.3033,5.49,0.0000,nan,4112,6179.5,3.863,3.858
9765,train,2.3121,0.1940,4.45,0.0000,nan,4701,6180.0,2.829,2.823
9766,train,3.3746,0.1663,9.52,0.0000,nan,4750,6180.6,6.981,6.980
9767,train,2.8492,0.1755,6.32,0.0000,nan,4724,6181.2,3.727,3.721
9768,train,2.5749,0.2199,4.74,0.0000,nan,4284,6181.8,3.080,3.074
9769,train,3.2433,0.2665,7.72,0.0000,nan,4214,6182.3,5.609,5.606
9770,train,2.9157,0.1415,5.34,0.0000,nan,4100,6182.9,2.767,2.759
9771,train,2.9970,0.2612,7.38,0.0000,nan,4606,6183.5,5.705,5.705
9772,train,3.2467,0.1820,6.85,0.0000,nan,4236,6184.1,5.438,5.432
9773,train,3.0901,0.1913,5.30,0.0000,nan,3983,6184.6,3.975,3.973
9774,train,3.0366,0.2511,8.72,0.0000,nan,4022,6185.2,5.900,5.896
9775,train,2.8156,0.2543,5.94,0.0000,nan,4007,6185.8,4.747,4.746
9776,train,2.2698,0.2528,4.24,0.0000,nan,4411,6186.4,2.797,2.785
9777,train,3.0367,0.1118,5.14,0.0000,nan,4364,6187.0,3.726,3.726
9778,train,2.6980,0.1666,4.97,0.0000,nan,4502,6187.5,3.386,3.379
9779,train,3.7770,0.1299,8.91,0.0000,nan,4633,6188.1,7.017,7.011
9780,train,4.5539,0.0315,11.82,0.0000,nan,4923,6188.7,8.098,8.095
9781,train,3.6626,0.0777,11.07,0.0000,nan,4365,6189.3,10.538,10.536
9782,train,2.3020,0.3434,3.84,0.0000,nan,4548,6189.8,2.075,2.066
9783,train,3.1921,0.0825,10.74,0.0000,nan,4899,6190.4,9.056,9.053
9784,train,3.5527,0.0916,15.52,0.0000,nan,4726,6191.0,14.857,14.856
9785,train,2.0338,0.3865,3.46,0.0000,nan,4606,6191.6,1.589,1.583
9786,train,2.0021,0.3285,3.62,0.0000,nan,4246,6192.2,2.162,2.158
9787,train,2.6250,0.1533,4.91,0.0000,nan,3796,6192.7,3.227,3.225
9788,train,4.0752,0.0200,11.61,0.0000,nan,4949,6193.3,9.354,9.352
9789,train,2.4373,0.1587,5.88,0.0000,nan,4303,6193.9,3.802,3.797
9790,train,3.1252,0.0898,8.92,0.0000,nan,4655,6194.5,7.247,7.246
9791,train,3.5824,0.1223,8.69,0.0000,nan,3999,6195.1,6.566,6.564
9792,train,2.5812,0.2746,7.66,0.0000,nan,4668,6195.6,5.438,5.437
9793,train,2.5183,0.1910,4.86,0.0000,nan,4838,6196.2,3.098,3.091
9794,train,4.4249,0.0256,12.69,0.0000,nan,4641,6196.8,12.436,12.435
9795,train,2.2516,0.2602,4.17,0.0000,nan,4482,6197.4,1.510,1.494
9796,train,2.4185,0.2872,4.64,0.0000,nan,4672,6197.9,2.727,2.724
9797,train,3.0064,0.2002,8.94,0.0000,nan,4395,6198.5,6.779,6.777
9798,train,4.3514,0.0196,10.91,0.0000,nan,5157,6199.1,8.414,8.409
9799,train,2.7953,0.1996,6.02,0.0000,nan,4238,6199.7,4.795,4.794
9800,train,3.0739,0.0614,5.97,0.0000,nan,4267,6200.3,4.658,4.656
9801,train,2.3010,0.3018,6.15,0.0000,nan,4119,6200.8,4.723,4.707
9802,train,2.6044,0.2191,5.13,0.0000,nan,4241,6201.4,3.544,3.539
9803,train,3.5098,0.1397,11.95,0.0000,nan,4029,6202.0,8.419,8.417
9804,train,2.6602,0.1768,5.86,0.0000,nan,4405,6202.6,4.260,4.255
9805,train,2.4543,0.2972,4.61,0.0000,nan,4596,6203.1,1.566,1.543
9806,train,3.4485,0.1136,9.87,0.0000,nan,5080,6203.7,5.336,5.320
9807,train,3.1336,0.2069,8.48,0.0000,nan,4094,6204.3,6.689,6.687
9808,train,2.4092,0.2326,4.43,0.0000,nan,4217,6204.9,2.810,2.806
9809,train,3.4554,0.1374,6.23,0.0000,nan,3938,6205.5,5.274,5.269
9810,train,2.2517,0.3009,5.94,0.0000,nan,3779,6206.0,5.082,5.076
9811,train,2.2829,0.3597,3.71,0.0000,nan,4937,6206.6,1.832,1.803
9812,train,2.4608,0.2162,4.91,0.0000,nan,4279,6207.2,3.713,3.710
9813,train,2.8848,0.1558,5.43,0.0000,nan,4614,6207.8,4.147,4.144
9814,train,3.4322,0.2071,8.55,0.0000,nan,4670,6208.3,10.026,10.010
9815,train,2.5391,0.2393,5.59,0.0000,nan,5165,6208.9,4.822,4.817
9816,train,2.4361,0.2173,4.94,0.0000,nan,4367,6209.5,3.073,3.054
9817,train,2.4048,0.2887,4.61,0.0000,nan,4288,6210.1,2.318,2.304
9818,train,2.0907,0.3953,3.47,0.0000,nan,4103,6210.7,1.235,1.227
9819,train,3.0250,0.1428,6.13,0.0000,nan,4349,6211.2,5.326,5.324
9820,train,2.6289,0.1259,5.95,0.0000,nan,4251,6211.8,2.084,1.948
9821,train,3.4725,0.0431,7.40,0.0000,nan,4918,6212.4,4.859,4.854
9822,train,2.9845,0.1566,5.80,0.0000,nan,4789,6213.0,2.751,2.750
9823,train,2.6621,0.1851,4.57,0.0000,nan,4306,6213.6,3.153,3.139
9824,train,3.0717,0.2620,7.16,0.0000,nan,4290,6214.1,6.378,6.357
9825,train,2.3462,0.2232,4.27,0.0000,nan,4311,6214.7,2.936,2.927
9826,train,2.9549,0.1281,5.58,0.0000,nan,4420,6215.3,4.075,4.072
9827,train,2.6268,0.2606,5.41,0.0000,nan,4255,6215.9,2.814,2.811
9828,train,3.7743,0.0206,8.16,0.0000,nan,3978,6216.4,7.469,7.465
9829,train,4.1083,0.0314,12.24,0.0000,nan,4940,6217.0,11.650,11.648
9830,train,2.4703,0.2631,4.46,0.0000,nan,4367,6217.6,3.321,3.318
9831,train,2.9445,0.1667,7.00,0.0000,nan,4864,6218.2,5.149,5.146
9832,train,2.6287,0.1522,5.59,0.0000,nan,4474,6218.8,4.164,4.161
9833,train,2.9686,0.2019,5.59,0.0000,nan,4602,6219.3,4.700,4.698
9834,train,4.9850,0.1263,13.98,0.0000,nan,4466,6219.9,11.049,11.045
9835,train,2.6931,0.2174,5.27,0.0000,nan,4513,6220.5,4.149,4.147
9836,train,3.0892,0.2305,7.62,0.0000,nan,3930,6221.1,7.143,7.141
9837,train,3.3312,0.1074,8.40,0.0000,nan,4564,6221.6,6.330,6.326
9838,train,2.5830,0.1958,4.41,0.0000,nan,5241,6222.2,2.631,2.616
9839,train,2.6139,0.1512,5.53,0.0000,nan,4511,6222.8,3.513,3.510
9840,train,3.0161,0.0972,5.66,0.0000,nan,4340,6223.4,3.023,3.022
9841,train,3.9922,0.1337,10.54,0.0000,nan,4255,6224.0,9.703,9.703
9842,train,2.8184,0.1965,5.15,0.0000,nan,3944,6224.5,3.609,3.609
9843,train,2.6075,0.1545,10.95,0.0000,nan,4506,6225.1,8.515,8.514
9844,train,2.4981,0.3183,4.79,0.0000,nan,4556,6225.7,3.821,3.811
9845,train,2.5408,0.2694,5.68,0.0000,nan,4525,6226.3,4.014,4.008
9846,train,2.0622,0.3928,3.27,0.0000,nan,4638,6226.9,1.274,1.270
9847,train,3.1297,0.1126,6.19,0.0000,nan,4573,6227.4,4.509,4.505
9848,train,3.2734,0.1173,10.30,0.0000,nan,4681,6228.0,7.676,7.670
9849,train,3.3256,0.0631,6.45,0.0000,nan,4788,6228.6,4.952,4.944
9850,train,2.6213,0.2912,4.37,0.0000,nan,4993,6229.2,2.344,2.321
9851,train,3.4990,0.0476,8.46,0.0000,nan,4288,6229.7,6.953,6.951
9852,train,2.4227,0.2017,4.67,0.0000,nan,4934,6230.3,2.910,2.908
9853,train,1.9885,0.3950,3.32,0.0000,nan,4089,6230.9,1.694,1.688
9854,train,2.6476,0.1574,5.20,0.0000,nan,4752,6231.5,4.604,4.600
9855,train,2.7014,0.1366,5.01,0.0000,nan,4692,6232.1,3.125,3.122
9856,train,3.3521,0.1190,10.50,0.0000,nan,4512,6232.6,7.600,7.598
9857,train,2.3589,0.2629,4.23,0.0000,nan,3549,6233.2,2.615,2.610
9858,train,3.0425,0.1226,10.57,0.0000,nan,4672,6233.8,7.943,7.934
9859,train,3.2471,0.1019,6.79,0.0000,nan,4209,6234.4,3.576,3.554
9860,train,2.9796,0.2094,5.45,0.0000,nan,4785,6235.0,3.099,3.072
9861,train,2.7830,0.1359,5.94,0.0000,nan,4106,6235.5,3.083,3.071
9862,train,2.9095,0.2994,4.73,0.0000,nan,4128,6236.1,3.304,3.299
9863,train,3.4239,0.0439,11.48,0.0000,nan,4811,6236.7,8.952,8.950
9864,train,3.1186,0.1309,6.32,0.0000,nan,4088,6237.3,4.819,4.814
9865,train,2.4237,0.3216,3.93,0.0000,nan,5293,6237.8,2.034,2.020
9866,train,2.4360,0.3364,4.81,0.0000,nan,4126,6238.4,3.017,3.012
9867,train,3.8865,0.0699,10.04,0.0000,nan,4923,6239.0,6.814,6.810
9868,train,2.8315,0.1278,5.42,0.0000,nan,4797,6239.6,3.177,3.171
9869,train,2.4315,0.2307,4.74,0.0000,nan,4590,6240.2,3.397,3.395
9870,train,3.4556,0.0710,8.10,0.0000,nan,4001,6240.7,5.751,5.749
9871,train,2.7870,0.1204,5.60,0.0000,nan,4368,6241.3,3.958,3.949
9872,train,2.7961,0.1531,6.23,0.0000,nan,4253,6241.9,4.475,4.473
9873,train,2.6235,0.2497,4.66,0.0000,nan,4129,6242.5,3.570,3.569
9874,train,3.1095,0.0806,8.42,0.0000,nan,4191,6243.0,5.888,5.884
9875,train,2.3220,0.3418,4.18,0.0000,nan,4219,6243.6,2.621,2.618
9876,train,2.9484,0.1041,5.23,0.0000,nan,4505,6244.2,2.929,2.921
9877,train,3.5453,0.2070,15.26,0.0000,nan,5150,6244.8,11.303,11.296
9878,train,2.8775,0.2188,9.38,0.0000,nan,4626,6245.4,8.078,8.075
9879,train,2.3006,0.3159,4.11,0.0000,nan,4289,6245.9,2.773,2.761
9880,train,4.1011,0.0291,10.63,0.0000,nan,5119,6246.5,9.479,9.475
9881,train,2.5770,0.3165,5.65,0.0000,nan,5216,6247.1,5.637,5.625
9882,train,2.8008,0.1621,6.59,0.0000,nan,4663,6247.7,4.356,4.341
9883,train,2.3965,0.2255,4.87,0.0000,nan,4642,6248.2,2.685,2.679
9884,train,1.9301,0.3283,3.50,0.0000,nan,4977,6248.8,2.079,2.078
9885,train,2.0827,0.3306,3.76,0.0000,nan,4174,6249.4,2.512,2.509
9886,train,2.3193,0.2558,4.09,0.0000,nan,3905,6250.0,2.425,2.424
9887,train,2.9083,0.2954,7.32,0.0000,nan,4157,6250.6,5.852,5.847
9888,train,2.4904,0.2660,4.53,0.0000,nan,4342,6251.1,3.406,3.402
9889,train,2.2734,0.2829,3.98,0.0000,nan,4532,6251.7,1.926,1.924
9890,train,1.9622,0.4488,2.92,0.0000,nan,3864,6252.3,2.118,2.116
9891,train,2.8129,0.1553,8.87,0.0000,nan,4185,6252.9,7.406,7.403
9892,train,3.2147,0.1113,6.82,0.0000,nan,3962,6253.5,5.566,5.563
9893,train,3.6278,0.0291,10.70,0.0000,nan,5118,6254.0,8.241,8.241
9894,train,3.1545,0.1773,7.36,0.0000,nan,4169,6254.6,5.801,5.787
9895,train,2.3486,0.2258,4.37,0.0000,nan,5141,6255.2,2.998,2.966
9896,train,3.2994,0.1096,7.04,0.0000,nan,4388,6255.8,5.603,5.599
9897,train,2.6822,0.1249,5.29,0.0000,nan,4546,6256.3,3.145,3.125
9898,train,3.2235,0.2670,6.87,0.0000,nan,4681,6256.9,4.269,4.239
9899,train,3.7043,0.0755,11.07,0.0000,nan,5219,6257.5,9.473,9.471
9900,train,2.7558,0.0914,5.48,0.0000,nan,4485,6258.1,3.716,3.705
9901,train,2.5835,0.1541,4.77,0.0000,nan,3699,6258.7,2.896,2.895
9902,train,3.3805,0.0715,10.91,0.0000,nan,4937,6259.2,7.575,7.572
9903,train,2.5770,0.3338,4.94,0.0000,nan,3916,6259.8,4.972,4.967
9904,train,2.1297,0.3230,3.85,0.0000,nan,3861,6260.4,1.899,1.875
9905,train,3.1256,0.1988,6.58,0.0000,nan,4340,6261.0,5.599,5.589
9906,train,3.7580,0.1186,7.58,0.0000,nan,4723,6261.5,6.443,6.441
9907,train,2.5109,0.2774,4.20,0.0000,nan,4373,6262.1,4.046,4.045
9908,train,2.8894,0.1133,5.33,0.0000,nan,4104,6262.7,3.987,3.982
9909,train,3.1133,0.1623,10.89,0.0000,nan,4535,6263.3,7.577,7.571
9910,train,2.6259,0.1227,5.03,0.0000,nan,5102,6263.9,2.856,2.853
9911,train,3.3070,0.1459,8.85,0.0000,nan,5176,6264.4,6.713,6.713
9912,train,3.0403,0.1780,6.65,0.0000,nan,4956,6265.0,4.262,4.256
9913,train,2.0888,0.3660,3.22,0.0000,nan,4243,6265.6,1.901,1.882
9914,train,2.6706,0.2092,6.78,0.0000,nan,4235,6266.2,4.179,4.161
9915,train,4.3488,0.0275,12.88,0.0000,nan,4371,6266.8,10.589,10.588
9916,train,3.4642,0.1581,5.99,0.0000,nan,4175,6267.3,4.279,4.268
9917,train,2.7268,0.3317,4.25,0.0000,nan,5345,6267.9,3.454,3.451
9918,train,3.2663,0.2293,6.65,0.0000,nan,3760,6268.5,4.498,4.493
9919,train,2.4697,0.2018,4.26,0.0000,nan,4325,6269.1,3.070,3.069
9920,train,3.0244,0.0971,7.02,0.0000,nan,4623,6269.6,5.288,5.285
9921,train,2.4180,0.1712,5.00,0.0000,nan,4777,6270.2,2.991,2.973
9922,train,3.5553,0.1466,9.20,0.0000,nan,4843,6270.8,8.010,8.008
9923,train,1.8797,0.3451,3.12,0.0000,nan,4848,6271.4,1.927,1.922
9924,train,3.0550,0.2125,10.00,0.0000,nan,4559,6272.0,6.964,6.960
9925,train,4.1628,0.0325,9.16,0.0000,nan,4394,6272.5,8.065,8.062
9926,train,2.4678,0.3471,7.59,0.0000,nan,4909,6273.1,5.459,5.454
9927,train,2.4225,0.1981,4.68,0.0000,nan,4438,6273.7,2.925,2.914
9928,train,3.0892,0.1654,7.14,0.0000,nan,4595,6274.3,6.069,6.053
9929,train,3.5733,0.0229,12.12,0.0000,nan,4717,6274.9,8.460,8.457
9930,train,2.6761,0.3315,3.98,0.0000,nan,4585,6275.4,3.055,3.045
9931,train,2.9770,0.1449,6.37,0.0000,nan,5024,6276.0,4.523,4.520
9932,train,2.7059,0.0877,4.82,0.0000,nan,4253,6276.6,3.391,3.389
9933,train,2.1607,0.2821,4.03,0.0000,nan,3896,6277.2,1.992,1.985
9934,train,2.6070,0.2127,9.64,0.0000,nan,4724,6277.7,7.184,7.180
9935,train,2.5903,0.1818,6.25,0.0000,nan,4944,6278.3,4.283,4.281
9936,train,3.8039,0.1531,13.91,0.0000,nan,4410,6278.9,12.778,12.774
9937,train,3.0400,0.1972,5.25,0.0000,nan,4097,6279.5,3.118,3.101
9938,train,3.0713,0.1714,6.95,0.0000,nan,4120,6280.1,5.629,5.626
9939,train,3.0223,0.2473,5.21,0.0000,nan,4121,6280.6,3.905,3.902
9940,train,2.6654,0.1724,5.05,0.0000,nan,4583,6281.2,3.071,3.068
9941,train,2.7758,0.0812,6.40,0.0000,nan,4323,6281.8,2.889,2.887
9942,train,2.7321,0.1277,5.63,0.0000,nan,4731,6282.4,4.217,4.214
9943,train,3.1192,0.1014,5.76,0.0000,nan,4850,6282.9,4.917,4.917
9944,train,3.2011,0.1620,11.27,0.0000,nan,4075,6283.5,8.599,8.596
9945,train,2.2375,0.3328,4.00,0.0000,nan,3771,6284.1,2.362,2.357
9946,train,3.2209,0.0857,8.81,0.0000,nan,5378,6284.7,6.908,6.906
9947,train,3.1175,0.0642,13.01,0.0000,nan,4611,6285.3,7.808,7.798
9948,train,2.5548,0.2154,4.83,0.0000,nan,4415,6285.8,2.393,2.390
9949,train,3.0022,0.1130,5.40,0.0000,nan,5202,6286.4,2.886,2.884
9950,train,2.9599,0.2398,11.91,0.0000,nan,4567,6287.0,8.736,8.736
9951,train,2.1647,0.2738,4.07,0.0000,nan,4182,6287.6,2.284,2.282
9952,train,2.6190,0.1378,5.31,0.0000,nan,4457,6288.2,3.591,3.590
9953,train,4.2271,0.1145,13.43,0.0000,nan,4735,6288.7,10.464,10.463
9954,train,2.5494,0.2285,4.90,0.0000,nan,3842,6289.3,2.448,2.445
9955,train,2.6294,0.2449,5.70,0.0000,nan,4189,6289.9,5.347,5.342
9956,train,3.4573,0.2257,9.56,0.0000,nan,5157,6290.5,6.996,6.992
9957,train,2.6092,0.1396,5.56,0.0000,nan,3840,6291.0,3.338,3.330
9958,train,2.6824,0.1602,5.10,0.0000,nan,4350,6291.6,4.029,4.028
9959,train,2.7221,0.2243,5.38,0.0000,nan,4547,6292.2,2.894,2.865
9960,train,3.4498,0.0418,8.23,0.0000,nan,4548,6292.8,6.042,6.037
9961,train,2.8327,0.0712,5.69,0.0000,nan,4310,6293.3,4.504,4.502
9962,train,3.6894,0.0588,8.66,0.0000,nan,4843,6293.9,5.746,5.744
9963,train,2.8443,0.2462,6.00,0.0000,nan,3984,6294.5,5.258,5.257
9964,train,2.8256,0.2557,5.99,0.0000,nan,3946,6295.1,4.503,4.500
9965,train,2.1427,0.2694,3.76,0.0000,nan,4618,6295.7,2.307,2.305
9966,train,2.3246,0.3310,3.85,0.0000,nan,4354,6296.2,2.565,2.557
9967,train,2.0155,0.3557,3.37,0.0000,nan,4122,6296.8,1.702,1.695
9968,train,2.8112,0.2167,4.83,0.0000,nan,4269,6297.4,3.154,3.150
9969,train,2.9325,0.1852,7.56,0.0000,nan,4621,6298.0,5.698,5.695
9970,train,2.9348,0.1127,5.45,0.0000,nan,4642,6298.5,4.493,4.489
9971,train,2.4307,0.2706,4.27,0.0000,nan,4671,6299.1,2.755,2.750
9972,train,2.9942,0.2024,6.87,0.0000,nan,5189,6299.7,3.433,3.429
9973,train,3.1083,0.2673,6.13,0.0000,nan,4732,6300.3,3.963,3.959
9974,train,2.4420,0.3683,4.50,0.0000,nan,4597,6300.9,3.009,3.000
9975,train,3.2795,0.0761,7.04,0.0000,nan,4903,6301.4,5.002,5.001
9976,train,3.2989,0.1307,6.39,0.0000,nan,4115,6302.0,5.429,5.428
9977,train,2.4766,0.2776,3.95,0.0000,nan,4142,6302.6,2.520,2.515
9978,train,3.2195,0.1528,7.68,0.0000,nan,4809,6303.2,4.860,4.856
9979,train,3.2401,0.1328,11.89,0.0000,nan,4668,6303.8,10.978,10.976
9980,train,2.0467,0.4517,2.98,0.0000,nan,4691,6304.3,1.266,1.210
9981,train,3.7235,0.0574,9.46,0.0000,nan,4898,6304.9,8.419,8.417
9982,train,3.0135,0.0971,7.77,0.0000,nan,4749,6305.5,6.080,6.061
9983,train,2.6718,0.1924,5.50,0.0000,nan,4397,6306.1,3.466,3.462
9984,train,2.7390,0.2046,5.74,0.0000,nan,5009,6306.7,4.425,4.423
9985,train,2.6710,0.1237,6.31,0.0000,nan,4899,6307.2,5.096,5.096
9986,train,2.8577,0.2181,5.71,0.0000,nan,4274,6307.8,5.659,5.652
9987,train,3.4280,0.0679,9.63,0.0000,nan,4509,6308.4,7.409,7.408
9988,train,2.1962,0.3323,3.62,0.0000,nan,4932,6309.0,1.512,1.506
9989,train,2.5721,0.2713,7.96,0.0000,nan,4674,6309.5,6.036,6.033
9990,train,2.5749,0.2678,4.93,0.0000,nan,4712,6310.1,3.670,3.666
9991,train,2.5586,0.2074,4.87,0.0000,nan,4354,6310.7,2.871,2.864
9992,train,3.8026,0.0706,9.89,0.0000,nan,4676,6311.3,8.801,8.800
9993,train,3.3028,0.0917,10.88,0.0000,nan,5192,6311.9,8.162,8.148
9994,train,3.4545,0.1177,8.42,0.0000,nan,5107,6312.4,5.953,5.951
9995,train,2.9742,0.1862,8.10,0.0000,nan,4737,6313.0,6.519,6.514
9996,train,2.3887,0.2573,4.53,0.0000,nan,4947,6313.6,2.889,2.877
9997,train,2.1357,0.3910,3.33,0.0000,nan,4471,6314.2,1.785,1.781
9998,train,2.2513,0.3302,7.52,0.0000,nan,4428,6314.7,5.384,5.375
9999,train,2.0008,0.4129,3.51,0.0000,nan,4536,6315.3,1.856,1.853
10000,train,3.6880,0.1697,9.85,0.0000,nan,4549,6315.9,7.203,7.200
10000,val,3.0287,0.1628,7.14,0.0000,0.00,222066,6343.4,5.370,5.363
