crop_offset_m,crop_rot_deg,err_deg,err_m,frame_id,gt_e,gt_n,gt_yaw,mode,ok,pred_e,pred_n,pred_yaw,t_m,year
"[-0.7013724185329772, 6.038118504983925]",2.725570345245515,0.0,5.232141071909289,2095057974553082,360026.3821716677,504344.61452205386,81.42574118763453,oracle,True,360022.2751054844,504347.8560197883,81.42574118763453,"[2.282745838165283, 4.344513416290283]",2025
"[-0.7013724185329772, 6.038118504983925]",2.725570345245515,0.0,2.258038384621048,2095057974553082,360026.3821716677,504344.61452205386,81.42574118763453,oracle,True,360024.4295945643,504343.48042329197,81.42574118763453,"[3.9801390171051025, -0.22785186767578125]",2024
"[8.115408845156463, -8.374954229637217]",2.7334306631946674,0.0,3.3620155628815844,2134127433808624,360032.84761322686,504307.9422390545,69.43286538919972,oracle,True,360030.3385940241,504310.18008875573,69.43286538919972,"[-10.078060150146484, -5.216688632965088]",2025
"[8.115408845156463, -8.374954229637217]",2.7334306631946674,0.0,5.1907433163974686,2134127433808624,360032.84761322686,504307.9422390545,69.43286538919972,oracle,True,360028.83149876323,504311.23080117063,69.43286538919972,"[-11.19095230102539, -3.7549076080322266]",2024
"[-1.133279822959001, -14.963625628760429]",-0.9760247201908214,0.0,2.460185993519203,28398706986416513,360060.1043976202,504303.69896460697,354.88874202101726,oracle,True,360058.94463366194,504301.5292958111,354.88874202101726,"[-16.998075485229492, 2.5165834426879883]",2025
"[-1.133279822959001, -14.963625628760429]",-0.9760247201908214,0.0,2.4794436704772425,28398706986416513,360060.1043976202,504303.69896460697,354.88874202101726,oracle,True,360059.2920575906,504301.3563710461,354.88874202101726,"[-17.206867218017578, 2.189455986022949]",2024
"[21.204633430018426, 1.3555494009277769]",-2.161816277693731,0.0,15.386136881842512,1100804636233191,360094.6966482403,504308.69749890827,349.42166902017294,oracle,True,360079.4488871814,504306.63861794106,349.42166902017294,"[2.709941864013672, -5.878223896026611]",2025
"[21.204633430018426, 1.3555494009277769]",-2.161816277693731,0.0,14.8830785489855,1100804636233191,360094.6966482403,504308.69749890827,349.42166902017294,oracle,True,360080.1421211307,504305.5875523314,349.42166902017294,"[1.5318745374679565, -6.322599411010742]",2024
"[8.305919575556576, 16.901215188335286]",-5.31579783024938,0.0,3.513162494761408,1794136951725433,360128.5122393634,504314.32278087456,350.37814580786244,oracle,True,360125.2869080992,504312.9301039735,350.37814580786244,"[16.386987686157227, -4.830595016479492]",2025
"[8.305919575556576, 16.901215188335286]",-5.31579783024938,0.0,4.732089933610987,1794136951725433,360128.5122393634,504314.32278087456,350.37814580786244,oracle,True,360127.08892448415,504309.80981622875,350.37814580786244,"[12.907642364501953, -5.767405986785889]",2024
"[21.03613453507614, -21.68917681153607]",-8.90746811004847,0.0,23.727740613132653,2250285992180932,360142.6419883799,504291.9622382168,80.71202241156853,oracle,True,360155.56690880464,504311.860783556,80.71202241156853,"[-3.1970348358154297, -6.168506622314453]",2025
"[21.03613453507614, -21.68917681153607]",-8.90746811004847,0.0,21.27115811910193,2250285992180932,360142.6419883799,504291.9622382168,80.71202241156853,oracle,True,360153.5689492511,504310.2122709249,80.71202241156853,"[-5.609853744506836, -7.110706806182861]",2024
"[6.9744131358126795, -16.08341062960909]",-2.1963602555590036,0.0,0.9053121176779897,1113377307836084,360152.59731493844,504260.3036048608,31.148380222847756,oracle,True,360151.78514800704,504260.703573492,31.148380222847756,"[-16.12657928466797, -6.070130825042725]",2025
"[6.9744131358126795, -16.08341062960909]",-2.1963602555590036,0.0,0.855255506209455,1113377307836084,360152.59731493844,504260.3036048608,31.148380222847756,oracle,True,360151.7871218624,504260.02965384244,31.148380222847756,"[-16.715320587158203, -6.398087024688721]",2024
"[20.17341767884459, 17.374219498782733]",-3.8132556254095675,0.0,9.188775757809914,2163701757795311,360185.94907221664,504266.20596416295,348.4601985591976,oracle,True,360177.0521850915,504263.9083568402,348.4601985591976,"[17.514202117919922, -10.985708236694336]",2025
"[20.17341767884459, 17.374219498782733]",-3.8132556254095675,0.0,6.269595555781996,2163701757795311,360185.94907221664,504266.20596416295,348.4601985591976,oracle,True,360180.23409307573,504263.6278171826,348.4601985591976,"[16.401212692260742, -13.979784965515137]",2024
"[2.2926142021927127, 16.039621129795535]",3.2101088841156695,0.0,1.4506030017727147,1407730031543039,360163.45460668084,504260.85942704603,167.10602898892608,oracle,True,360162.518420249,504261.9674902363,167.10602898892608,"[14.78986930847168, -3.029071569442749]",2025
"[2.2926142021927127, 16.039621129795535]",3.2101088841156695,0.0,0.4758552424748954,1407730031543039,360163.45460668084,504260.85942704603,167.10602898892608,oracle,True,360163.69984750584,504261.26722006896,167.10602898892608,"[15.6788911819458, -1.9822722673416138]",2024
"[-6.7332259006550625, -1.4645712256825976]",-0.6694210753320533,0.0,0.9901071553422031,4644665985853547,360145.23046914255,504280.3795425352,256.1522303114766,oracle,True,360144.2855426043,504280.67522144265,256.1522303114766,"[-0.6239318251609802, 6.210122108459473]",2025
"[-6.7332259006550625, -1.4645712256825976]",-0.6694210753320533,0.0,0.5211588316559422,4644665985853547,360145.23046914255,504280.3795425352,256.1522303114766,oracle,True,360145.3894585391,504280.8758578579,256.1522303114766,"[-1.7428960800170898, 6.2926106452941895]",2024
"[21.02346540948644, -20.40484444916969]",8.674834325535244,0.0,19.389322031128646,2298484727642838,360140.65024008346,504313.04823736195,285.4108410359246,oracle,True,360122.8761799642,504305.3004250446,285.4108410359246,"[-7.340160369873047, -6.696573257446289]",2025
"[21.02346540948644, -20.40484444916969]",8.674834325535244,0.0,31.211235015620915,2298484727642838,360140.65024008346,504313.04823736195,285.4108410359246,oracle,True,360111.00635950046,504303.28189028736,285.4108410359246,"[2.6724603176116943, -0.009679555892944336]",2024
"[-10.05750509546924, 1.788326163802377]",-8.74934191626511,0.0,0.9900739778403843,978411255289595,360172.54386717896,504320.6193851456,353.22410338906485,oracle,True,360171.57846837497,504320.83904768416,353.22410338906485,"[2.2583751678466797, 10.92888355255127]",2025
"[-10.05750509546924, 1.788326163802377]",-8.74934191626511,0.0,1.4078084641995487,978411255289595,360172.54386717896,504320.6193851456,353.22410338906485,oracle,True,360172.4582437756,504319.2141829165,353.22410338906485,"[0.45731425285339355, 10.516124725341797]",2024
"[-19.90672728380378, 13.535871274686622]",5.465485206348241,0.0,2.174536645166388,1394833675537922,360205.21622605325,504314.60090983845,23.92590491563239,oracle,True,360203.24592873984,504313.6808347774,23.92590491563239,"[11.767252922058105, 21.171875]",2025
"[-19.90672728380378, 13.535871274686622]",5.465485206348241,0.0,0.8818585821171632,1394833675537922,360205.21622605325,504314.60090983845,23.92590491563239,oracle,True,360204.5062568426,504314.0778244929,23.92590491563239,"[12.731679916381836, 20.268598556518555]",2024
"[-16.224927146505873, 0.6582395475880436]",-5.775530422128938,0.0,10.050695038589463,1395652132772836,360212.6186717645,504285.4790996788,104.2002610016034,oracle,True,360208.77315374796,504276.1931715107,104.2002610016034,"[-1.7853007316589355, 6.475794792175293]",2025
"[-16.224927146505873, 0.6582395475880436]",-5.775530422128938,0.0,9.378463827609739,1395652132772836,360212.6186717645,504285.4790996788,104.2002610016034,oracle,True,360210.1135646907,504276.4413996221,104.2002610016034,"[-0.49572181701660156, 6.917727947235107]",2024
"[21.642101925448152, -7.447692520139791]",4.523762939345843,0.0,11.974599808334608,1400355921620343,360205.4759034122,504254.55547422264,107.0257488016855,oracle,True,360208.1485164592,504266.2280137951,107.0257488016855,"[-9.249277114868164, -9.803802490234375]",2025
"[21.642101925448152, -7.447692520139791]",4.523762939345843,0.0,16.375576586296912,1400355921620343,360205.4759034122,504254.55547422264,107.0257488016855,oracle,True,360212.75177489966,504269.22589352925,107.0257488016855,"[-6.068920612335205, -5.324672698974609]",2024
"[22.10099813340277, 17.670836432946412]",1.8236946770203843,0.0,9.288266403976134,1659474219043827,360194.59397493093,504220.8789819656,105.45750862113835,oracle,True,360195.2040223781,504230.1471929528,105.45750862113835,"[15.500115394592285, -13.069948196411133]",2025
"[22.10099813340277, 17.670836432946412]",1.8236946770203843,0.0,18.4338269202323,1659474219043827,360194.59397493093,504220.8789819656,105.45750862113835,oracle,True,360198.78967902827,504238.8289692094,105.45750862113835,"[16.344886779785156, -3.714920997619629]",2024
"[-15.639476100865458, 4.45529918940695]",0.30327979300933805,0.0,1.3345517317141908,3757320467753222,360184.3176811162,504190.7261088975,109.89330425369523,oracle,True,360183.4511289289,504189.7111627751,109.89330425369523,"[3.9924304485321045, 14.387764930725098]",2025
"[-15.639476100865458, 4.45529918940695]",0.30327979300933805,0.0,1.3324009710612623,3757320467753222,360184.3176811162,504190.7261088975,109.89330425369523,oracle,True,360183.38728755317,504189.77234783437,109.89330425369523,"[3.911390781402588, 14.423147201538086]",2024
"[9.297640638060578, 10.158821544457352]",-2.4876025192762796,0.0,1.5850955900117687,1084706981111921,360172.7961192918,504159.78433716483,109.07841537892595,oracle,True,360173.5171558836,504158.372730186,109.07841537892595,"[11.25290298461914, -10.444599151611328]",2025
"[9.297640638060578, 10.158821544457352]",-2.4876025192762796,0.0,2.176357754654321,1084706981111921,360172.7961192918,504159.78433716483,109.07841537892595,oracle,True,360174.4459029013,504158.3649192848,109.07841537892595,"[12.145215034484863, -10.186895370483398]",2024
"[9.017100483187487, -9.152984699147565]",-5.274329366226681,0.0,0.2987880572728752,1569936184813606,360163.02569056407,504128.34509992413,107.55053766241267,oracle,True,360162.91924428573,504128.06591630535,107.55053766241267,"[-9.197635650634766, -9.312533378601074]",2025
"[9.017100483187487, -9.152984699147565]",-5.274329366226681,0.0,1.874916188298127,1569936184813606,360163.02569056407,504128.34509992413,107.55053766241267,oracle,True,360163.6280839469,504126.5695907224,107.55053766241267,"[-8.186848640441895, -10.623927116394043]",2024
"[-1.1630540344222786, -2.7159837447329123]",0.46948384629791917,0.0,2.896829324313047,1966035434037497,360152.2255144523,504096.58446743246,108.93797822619024,oracle,True,360155.08352752303,504096.11183499405,108.93797822619024,"[0.13668346405029297, 1.6669487953186035]",2025
"[-1.1630540344222786, -2.7159837447329123]",0.46948384629791917,0.0,3.3105829834241858,1966035434037497,360152.2255144523,504096.58446743246,108.93797822619024,oracle,True,360155.53344991204,504096.7168407096,108.93797822619024,"[0.36000728607177734, 2.3870797157287598]",2024
"[-15.268952315602943, 4.794894687504384]",-5.851287951340339,0.0,3.7541612994316247,1897080597943369,360140.1340845268,504063.5842964947,110.06125082140551,oracle,True,360139.9886900671,504059.8329517341,110.06125082140551,"[5.5748138427734375, 11.596697807312012]",2025
"[-15.268952315602943, 4.794894687504384]",-5.851287951340339,0.0,5.76664060707152,1897080597943369,360140.1340845268,504063.5842964947,110.06125082140551,oracle,True,360138.00311070925,504058.22583640995,110.06125082140551,"[4.044496059417725, 9.55134391784668]",2024
"[10.469114869393197, 13.34702891313972]",8.473188058930717,0.0,5.961431122744474,962616489483305,360128.71088285104,504033.5532297725,111.37466616997419,oracle,True,360130.74247242586,504039.15780868893,111.37466616997419,"[12.319737434387207, -4.596863746643066]",2025
"[10.469114869393197, 13.34702891313972]",8.473188058930717,0.0,1.4972345703422796,962616489483305,360128.71088285104,504033.5532297725,111.37466616997419,oracle,True,360129.0451603955,504035.0126714061,111.37466616997419,"[12.910602569580078, -9.036898612976074]",2024
"[-5.652434896943626, 1.9847414070431375]",3.7164785849764,0.0,1.850733576284123,2210288512880939,360119.1444854562,504000.351743727,91.05155375073208,oracle,True,360118.4507337868,503998.6359572043,91.05155375073208,"[1.4360098838806152, 3.884920120239258]",2025
"[-5.652434896943626, 1.9847414070431375]",3.7164785849764,0.0,0.8515604492695277,2210288512880939,360119.1444854562,504000.351743727,91.05155375073208,oracle,True,360119.75504840584,503999.7581377269,91.05155375073208,"[2.64253306388855, 5.111634254455566]",2024
"[7.773867505604718, -8.245769001847187]",-4.413916958369704,0.0,7.500254032536377,1039518862467428,360133.0528596273,503973.5716151353,35.618167811678525,oracle,True,360127.4805430875,503978.59188394615,35.618167811678525,"[-6.8387675285339355, -0.4067678451538086]",2025
"[7.773867505604718, -8.245769001847187]",-4.413916958369704,0.0,4.729562967927951,1039518862467428,360133.0528596273,503973.5716151353,35.618167811678525,oracle,True,360128.4251210822,503974.54773081804,35.618167811678525,"[-9.808459281921387, -3.309926986694336]",2024
"[-10.194681050653115, -6.727040739177349]",2.886426762550684,0.0,6.4930817973940105,1068673502542792,360165.8632651619,503970.6280462332,350.15053243802794,oracle,True,360172.35225246096,503970.3974924203,350.15053243802794,"[-7.742547988891602, 3.7815027236938477]",2025
"[-10.194681050653115, -6.727040739177349]",2.886426762550684,0.0,5.940810051799767,1068673502542792,360165.8632651619,503970.6280462332,350.15053243802794,oracle,True,360171.79065825476,503971.0270890813,350.15053243802794,"[-7.049513339996338, 4.262629508972168]",2024
"[1.0219342644104032, -15.011705890403265]",-2.6424565998051435,0.0,2.074264572134997,1614796256716672,360199.6908804353,503976.64319369476,347.084474668747,oracle,True,360198.1543114179,503975.24980603514,347.084474668747,"[-15.941910743713379, 0.832059383392334]",2025
"[1.0219342644104032, -15.011705890403265]",-2.6424565998051435,0.0,2.367588495363593,1614796256716672,360199.6908804353,503976.64319369476,347.084474668747,oracle,True,360198.4021824409,503974.65705856273,347.084474668747,"[-16.579421997070312, 0.7522532939910889]",2024
"[1.4442267734420333, 1.131627803218461]",9.178986444773386,0.0,1.0182725770056877,1623097549539635,360230.81751104794,503983.41809891164,347.18431886247004,oracle,True,360229.83872631215,503983.1372796066,347.18431886247004,"[0.913457989692688, -0.4496007263660431]",2025
"[1.4442267734420333, 1.131627803218461]",9.178986444773386,0.0,2.4891541265474517,1623097549539635,360230.81751104794,503983.41809891164,347.18431886247004,oracle,True,360228.56731675274,503982.3539025484,347.18431886247004,"[0.2123035192489624, 0.8689379692077637]",2024
"[-2.812121635170165, -15.467142452495873]",-6.842024136820726,0.0,0.3050404587290888,1585086595814553,360265.8288479847,503990.3496837346,348.28538668930594,oracle,True,360265.55083989486,503990.4752272865,348.28538668930594,"[-15.259652137756348, 3.0357227325439453]",2025
"[-2.812121635170165, -15.467142452495873]",-6.842024136820726,0.0,1.296926903160139,1585086595814553,360265.8288479847,503990.3496837346,348.28538668930594,oracle,True,360264.7878172256,503991.12316569994,348.28538668930594,"[-14.40257453918457, 3.5528743267059326]",2024
"[-9.577031251108462, -17.390953763095656]",-0.20381848934039226,0.0,0.5668841024594429,1605463537903045,360296.4594195853,503997.18667273317,346.64073882745475,oracle,True,360297.02226161776,503997.2542481141,346.64073882745475,"[-17.457258224487305, 9.0140380859375]",2025
"[-9.577031251108462, -17.390953763095656]",-0.20381848934039226,0.0,0.7053560982335607,1605463537903045,360296.4594195853,503997.18667273317,346.64073882745475,oracle,True,360296.7182370742,503997.8428287609,346.64073882745475,"[-16.813793182373047, 9.171552658081055]",2024
"[4.011350637514551, -22.1488080101692]",-7.035245201361761,0.0,3.947078453243636,3789502397873420,360329.7389217006,504003.7331037838,344.91925715035035,oracle,True,360325.892454944,504004.61861030915,344.91925715035035,"[-19.880325317382812, -0.7812709808349609]",2025
"[4.011350637514551, -22.1488080101692]",-7.035245201361761,0.0,2.97476020482104,3789502397873420,360329.7389217006,504003.7331037838,344.91925715035035,oracle,True,360326.8006381901,504004.19752631563,344.91925715035035,"[-20.612342834472656, -1.4641025066375732]",2024
"[-9.383877659630407, 9.198665835074074]",-8.337062201042443,0.0,4.491076966156171,1950003419008286,360363.1358821056,504010.94987133984,349.8785002006545,oracle,True,360367.62695484713,504010.95603140385,349.8785002006545,"[7.782551288604736, 5.1219072341918945]",2025
"[-9.383877659630407, 9.198665835074074]",-8.337062201042443,0.0,2.2298502695216467,1950003419008286,360363.1358821056,504010.94987133984,349.8785002006545,oracle,True,360364.671141324,504009.3327098275,349.8785002006545,"[7.178610801696777, 8.439626693725586]",2024
"[-10.29522087913502, 6.675698879311712]",-6.495003192321349,0.0,1.7254848942997916,1783034616269773,360394.11981327285,504016.33189696353,349.3653990519746,oracle,True,360393.01696724066,504015.0048593794,349.3653990519746,"[5.732353210449219, 11.74000358581543]",2025
"[-10.29522087913502, 6.675698879311712]",-6.495003192321349,0.0,1.8534828211183279,1783034616269773,360394.11981327285,504016.33189696353,349.3653990519746,oracle,True,360394.7276875743,504014.5809294019,349.3653990519746,"[4.823362827301025, 10.23003101348877]",2024
"[7.698768933538071, -1.13922588843421]",9.077511800668105,0.0,2.7439185517528917,1751971182727263,360428.991711286,504022.2797679808,350.0611522646833,oracle,True,360426.6449904039,504020.857800991,350.0611522646833,"[-2.525754928588867, -5.330937385559082]",2025
"[7.698768933538071, -1.13922588843421]",9.077511800668105,0.0,1.2142440799973944,1751971182727263,360428.991711286,504022.2797679808,350.0611522646833,oracle,True,360429.23098827654,504021.0893330991,350.0611522646833,"[-2.333123207092285, -7.92012357711792]",2024
"[22.105495707256036, -5.929749576871264]",-7.590121279440325,0.0,14.768721908892832,1041946372000040,360460.61334308796,504027.6650502281,349.5307363918364,oracle,True,360446.43490687327,504023.5313964777,349.5307363918364,"[-5.464410305023193, -7.344106674194336]",2025
"[22.105495707256036, -5.929749576871264]",-7.590121279440325,0.0,28.230855988307027,1041946372000040,360460.61334308796,504027.6650502281,349.5307363918364,oracle,True,360433.2950789129,504020.54510133114,349.5307363918364,"[-4.230207443237305, 6.074156284332275]",2024
"[19.399206536562957, 12.666797588300454]",-5.987298730694533,0.0,9.267994771356982,1058349307017059,360492.22805497993,504032.4493259415,350.455605222158,oracle,True,360483.15399903554,504030.5632623689,350.455605222158,"[13.279380798339844, -10.15147876739502]",2025
"[19.399206536562957, 12.666797588300454]",-5.987298730694533,0.0,9.050742810056537,1058349307017059,360492.22805497993,504032.4493259415,350.455605222158,oracle,True,360483.657468901,504029.540546184,350.455605222158,"[12.159196853637695, -10.362709045410156]",2024
"[9.990700789957582, 21.56896421529277]",-9.875916858056655,0.0,2.2701780005693557,1588073185524588,360526.7575126549,504038.45668191835,349.1696028052205,oracle,True,360524.55770897516,504037.8958147995,349.1696028052205,"[21.822128295898438, -7.734683036804199]",2025
"[9.990700789957582, 21.56896421529277]",-9.875916858056655,0.0,2.277332569845205,1588073185524588,360526.7575126549,504038.45668191835,349.1696028052205,oracle,True,360524.5441400775,504037.9207477178,349.1696028052205,"[21.850248336791992, -7.730806350708008]",2024
"[-15.543694028917498, 10.294708703762648]",-7.000634216850983,0.0,6.514204601953869,1098905325943467,360560.68061371776,504043.917289393,350.5254085542267,oracle,True,360567.19306350773,504043.7660963731,350.5254085542267,"[8.302787780761719, 9.341507911682129]",2025
"[-15.543694028917498, 10.294708703762648]",-7.000634216850983,0.0,4.199326466863864,1098905325943467,360560.68061371776,504043.917289393,350.5254085542267,oracle,True,360564.7156306628,504042.7541122661,350.5254085542267,"[8.034955024719238, 12.004222869873047]",2024
"[18.076574921618757, -17.185993658359532]",-6.065126177072614,0.0,7.513914991453712,3499536660219793,360594.0596022819,504048.21201448794,352.13471761739805,oracle,True,360586.6608549322,504046.901496974,352.13471761739805,"[-16.676769256591797, -10.579935073852539]",2025
"[18.076574921618757, -17.185993658359532]",-6.065126177072614,0.0,6.1133264050701,3499536660219793,360594.0596022819,504048.21201448794,352.13471761739805,oracle,True,360588.0404226889,504047.1432597163,352.13471761739805,"[-16.77423858642578, -11.977130889892578]",2024
"[5.486853695913439, -11.331978526720269]",9.418000040432787,0.0,2.728617414575666,2175866539657391,360627.0786677387,504052.1780074034,348.42048951318594,oracle,True,360624.75354137586,504053.60599213437,348.42048951318594,"[-9.817314147949219, -3.217240333557129]",2025
"[5.486853695913439, -11.331978526720269]",9.418000040432787,0.0,3.190931174050041,2175866539657391,360627.0786677387,504052.1780074034,348.42048951318594,oracle,True,360623.9090343363,504051.80995054403,348.42048951318594,"[-11.580225944519043, -2.305593729019165]",2024
"[14.086886065756218, -9.34706784717905]",2.896819021986232,0.0,2.6637144736758143,1470108621835604,360656.9868018321,504057.98584541585,350.7771210413869,oracle,True,360654.3376590816,504058.26408539293,350.7771210413869,"[-8.7786226272583, -11.484532356262207]",2025
"[14.086886065756218, -9.34706784717905]",2.896819021986232,0.0,2.8474506844150014,1470108621835604,360656.9868018321,504057.98584541585,350.7771210413869,oracle,True,360654.14361976204,504057.82998933917,350.7771210413869,"[-9.188694953918457, -11.243843078613281]",2024
"[-14.603838088014886, 13.266986094762176]",-9.677281498632837,0.0,3.539988671276474,1261127602821029,360680.909761988,504040.49847353157,76.3375943069395,oracle,True,360677.38693464524,504040.150325135,76.3375943069395,"[9.89449405670166, 15.67985725402832]",2025
"[-14.603838088014886, 13.266986094762176]",-9.677281498632837,0.0,3.7235031923556963,1261127602821029,360680.909761988,504040.49847353157,76.3375943069395,oracle,True,360677.2728236861,504041.2966939345,76.3375943069395,"[10.243890762329102, 16.777629852294922]",2024
"[-20.23471658962561, 14.297910119920719]",5.206673465197966,0.0,3.6825605004195423,1810167326654101,360686.993854056,504006.6269094348,79.55305043736588,oracle,True,360684.37943592615,504004.0334427044,79.55305043736588,"[11.457551002502441, 17.890871047973633]",2025
"[-20.23471658962561, 14.297910119920719]",5.206673465197966,0.0,3.6268079328953657,1810167326654101,360686.993854056,504006.6269094348,79.55305043736588,oracle,True,360683.4219186638,504007.2554102987,79.55305043736588,"[10.798306465148926, 21.186824798583984]",2024
"[-19.60683630695939, -10.357094099626048]",4.956407896206599,0.0,12.799939412969172,28353982287585850,360692.8649872906,503972.47876364924,79.66269750615494,oracle,True,360695.74770189304,503960.00766083127,79.66269750615494,"[-8.656577110290527, 6.9203596115112305]",2025
"[-19.60683630695939, -10.357094099626048]",4.956407896206599,0.0,6.548529961513513,28353982287585850,360692.8649872906,503972.47876364924,79.66269750615494,oracle,True,360693.131594462,503965.93566306366,79.66269750615494,"[-10.705249786376953, 13.067567825317383]",2024
"[8.326672226500795, 8.46639494519839]",-6.63715471041823,0.0,4.812951266561382,3724194881070199,360698.43418773764,503941.5210407255,79.67306387451882,oracle,True,360694.39864622557,503944.143807318,79.67306387451882,"[5.371699333190918, -4.640568733215332]",2025
"[8.326672226500795, 8.46639494519839]",-6.63715471041823,0.0,5.122802289465511,3724194881070199,360698.43418773764,503941.5210407255,79.67306387451882,oracle,True,360693.695368205,503943.46698335937,79.67306387451882,"[4.501543998718262, -5.082745552062988]",2024
"[-9.611242006991011, 17.919267455706436]",-1.2523605222595222,0.0,4.417832679236417,2127011918227183,360690.3178709857,503914.0249450132,113.26557597296303,oracle,True,360686.1650644724,503915.53207594476,113.26557597296303,"[13.504307746887207, 9.451942443847656]",2025
"[-9.611242006991011, 17.919267455706436]",-1.2523605222595222,0.0,4.1144394925298045,2127011918227183,360690.3178709857,503914.0249450132,113.26557597296303,oracle,True,360686.45927048574,503915.4531657662,113.26557597296303,"[13.806642532348633, 9.489059448242188]",2024
"[-18.975016216217117, -16.26337671432852]",-1.1804938458912488,0.0,8.641047827261955,1050395951111401,360694.0420611825,503880.718190806,80.30233984358654,oracle,True,360693.09763784177,503872.12890840834,80.30233984358654,"[-18.81180763244629, 10.71830940246582]",2025
"[-18.975016216217117, -16.26337671432852]",-1.1804938458912488,0.0,14.026783443894793,1050395951111401,360694.0420611825,503880.718190806,80.30233984358654,oracle,True,360693.88888356707,503866.6922437649,80.30233984358654,"[-19.060792922973633, 5.230012893676758]",2024
"[11.475311369664535, 12.498861531686416]",1.851528985061421,0.0,9.7073641851344,1833929260931559,360699.44298365375,503847.9524849532,78.503812065449,oracle,True,360696.4684330717,503857.19288365985,78.503812065449,"[11.11446475982666, -1.867170810699463]",2025
"[11.475311369664535, 12.498861531686416]",1.851528985061421,0.0,10.229715564529448,1833929260931559,360699.44298365375,503847.9524849532,78.503812065449,oracle,True,360696.1961190063,503857.65325556655,78.503812065449,"[10.923129081726074, -1.3676831722259521]",2024
"[8.635009457750929, 18.195445338001814]",-3.9964615209487704,0.0,6.601779400020021,1547432720042956,360704.86164560367,503815.27723250724,80.3573212672232,oracle,True,360701.5718001502,503821.00090336945,80.3573212672232,"[16.34804916381836, -2.2969799041748047]",2025
"[8.635009457750929, 18.195445338001814]",-3.9964615209487704,0.0,5.443599272736466,1547432720042956,360704.86164560367,503815.27723250724,80.3573212672232,oracle,True,360702.0186165466,503819.9194258275,80.3573212672232,"[16.527246475219727, -3.453321933746338]",2024
"[7.492472609835791, -9.434891861941013]",-0.7030893339949209,0.0,4.588669825849664,948728088280240,360720.42209097266,503787.8620452555,31.342302735199002,oracle,True,360716.46275887865,503790.18143744743,31.342302735199002,"[-9.457098007202148, -2.9038565158843994]",2025
"[7.492472609835791, -9.434891861941013]",-0.7030893339949209,0.0,4.345691221416801,948728088280240,360720.42209097266,503787.8620452555,31.342302735199002,oracle,True,360716.1832815642,503788.8199215475,31.342302735199002,"[-10.770967483520508, -3.3572659492492676]",2024
"[-2.4283554286088402, -10.583814695662005]",1.9243925147662821,0.0,1.1243419823385057,1085515110888108,360727.5431572441,503758.03646339476,81.9371883405536,oracle,True,360726.4215848046,503758.11533136165,81.9371883405536,"[-11.690523147583008, 2.626701831817627]",2025
"[-2.4283554286088402, -10.583814695662005]",1.9243925147662821,0.0,1.6106702256097185,1085515110888108,360727.5431572441,503758.03646339476,81.9371883405536,oracle,True,360726.07269129436,503757.3792050998,81.9371883405536,"[-12.116130828857422, 1.9321036338806152]",2024
"[20.41699145426255, -20.54485871757297]",-7.359073565521157,0.0,2.636629317374671,1414526570784660,360749.53874211723,503742.96506125573,350.7055676122848,oracle,True,360747.23293179314,503741.68636938254,350.7055676122848,"[-21.10910987854004, -17.841445922851562]",2025
"[20.41699145426255, -20.54485871757297]",-7.359073565521157,0.0,2.5293190010607676,1414526570784660,360749.53874211723,503742.96506125573,350.7055676122848,oracle,True,360747.01066491334,503742.8858131626,350.7055676122848,"[-19.896278381347656, -17.97224235534668]",2024
"[-6.584306878376098, 5.371765511729749]",-5.604337084580777,0.0,1.4831141891331554,4655499598016038,360783.9939634348,503748.48009199556,350.10718637867046,oracle,True,360783.4138399847,503747.11514346884,350.10718637867046,"[4.211444854736328, 7.508040428161621]",2025
"[-6.584306878376098, 5.371765511729749]",-5.604337084580777,0.0,2.365954996890159,4655499598016038,360783.9939634348,503748.48009199556,350.10718637867046,oracle,True,360783.36331986624,503746.19973418664,350.10718637867046,"[3.3428149223327637, 7.801312446594238]",2024
"[22.196450411523166, -9.8485845846794]",-4.479097542094394,0.0,17.59520457060971,3033300290207352,360817.63395764213,503753.72948514856,351.99106902931936,oracle,True,360800.24521487695,503751.0419493017,351.99106902931936,"[-8.712471008300781, -4.63796329498291]",2025
"[22.196450411523166, -9.8485845846794]",-4.479097542094394,0.0,21.2853502317458,3033300290207352,360817.63395764213,503753.72948514856,351.99106902931936,oracle,True,360796.896401952,503748.93157742877,351.99106902931936,"[-10.048781394958496, -0.9120416641235352]",2024
"[-20.15321615261748, -6.972581954166941]",9.87751076958628,0.0,5.790402859770366,1423796489689610,360849.0187159285,503754.3348842468,5.7238110324634,oracle,True,360854.5651027863,503752.6716470112,5.7238110324634,"[-7.082882881164551, 14.363863945007324]",2025
"[-20.15321615261748, -6.972581954166941]",9.87751076958628,0.0,11.017633844589252,1423796489689610,360849.0187159285,503754.3348842468,5.7238110324634,oracle,True,360858.8792383279,503749.41976944206,5.7238110324634,"[-9.054697036743164, 9.334110260009766]",2024
"[-5.0720761154305585, -4.8038378582824075]",6.4609772203970905,0.0,0.7723364198781613,2132600394311539,360880.1354032153,503744.7996306652,26.658949271794334,oracle,True,360879.3803389693,503744.96205458546,26.658949271794334,"[-5.080365180969238, 5.793211460113525]",2025
"[-5.0720761154305585, -4.8038378582824075]",6.4609772203970905,0.0,2.4804238239251064,2132600394311539,360880.1354032153,503744.7996306652,26.658949271794334,oracle,True,360878.2220337656,503743.22117582103,26.658949271794334,"[-7.171291351318359, 5.8121209144592285]",2024
"[-13.178596342717057, -14.644036274350091]",-4.744037194425189,0.0,2.190301439487567,989523250818847,360908.6289439254,503724.0568379499,34.753324911071644,oracle,True,360907.249246667,503725.7579716516,34.753324911071644,"[-13.860991477966309, 15.224143028259277]",2025
"[-13.178596342717057, -14.644036274350091]",-4.744037194425189,0.0,2.1986487474226726,989523250818847,360908.6289439254,503724.0568379499,34.753324911071644,oracle,True,360906.6376027855,503724.98883407604,34.753324911071644,"[-14.832929611206055, 15.369115829467773]",2024
"[7.3784720206529135, 3.7930748855464085]",-4.238741015149117,0.0,3.9809969249145936,1632250488424820,360931.21201359126,503742.673667931,307.71114265255073,oracle,True,360928.14641369745,503745.21343835513,307.71114265255073,"[7.751022815704346, -7.806239128112793]",2025
"[7.3784720206529135, 3.7930748855464085]",-4.238741015149117,0.0,5.025755861678076,1632250488424820,360931.21201359126,503742.673667931,307.71114265255073,oracle,True,360926.1951458535,503742.9724321911,307.71114265255073,"[8.142682075500488, -4.8607072830200195]",2024
"[8.736475112867462, 13.069658871790176]",0.8628324443774247,0.0,3.6350594238588965,2077858049513350,360958.9264981925,503738.99869255535,36.57943141067384,oracle,True,360955.4186431072,503738.04548233957,36.57943141067384,"[10.180200576782227, -6.530871391296387]",2025
"[8.736475112867462, 13.069658871790176]",0.8628324443774247,0.0,1.9714912703723024,2077858049513350,360958.9264981925,503738.99869255535,36.57943141067384,oracle,True,360957.30570667237,503737.8762787825,36.57943141067384,"[11.193120956420898, -8.13200569152832]",2024
"[8.884607174691105, -10.323826831994145]",3.791449615632061,0.0,1.2063538844103057,1589393802867647,360989.10427757644,503724.1385183977,3.2836355909824206,oracle,True,360987.92302207544,503724.38331450836,3.2836355909824206,"[-10.22638988494873, -7.682194709777832]",2025
"[8.884607174691105, -10.323826831994145]",3.791449615632061,0.0,1.7010136467435415,1589393802867647,360989.10427757644,503724.1385183977,3.2836355909824206,oracle,True,360987.6607447998,503723.2387070012,3.2836355909824206,"[-11.394586563110352, -7.562895774841309]",2024
"[-1.6306637639617565, 2.1752882465777383]",4.1328737014398484,0.0,4.120618570492962,1390751626576697,361021.37273823074,503733.2989859199,327.7075825822231,oracle,True,361017.8442190629,503735.42714237224,327.7075825822231,"[5.716757774353027, 3.737199068069458]",2025
"[-1.6306637639617565, 2.1752882465777383]",4.1328737014398484,0.0,3.0858342270601313,1390751626576697,361021.37273823074,503733.2989859199,327.7075825822231,oracle,True,361018.53169551806,503734.50349792966,327.7075825822231,"[4.577999114990234, 3.566988468170166]",2024
"[-13.70168690954445, -18.81080620695019]",6.206946733515508,0.0,5.319348777925294,1779130370087030,361045.8460264687,503753.44114216417,320.3654600271832,oracle,True,361049.16996989277,503757.5940774556,320.3654600271832,"[-17.175941467285156, 8.639801025390625]",2025
"[-13.70168690954445, -18.81080620695019]",6.206946733515508,0.0,1.7742594612696978,1779130370087030,361045.8460264687,503753.44114216417,320.3654600271832,oracle,True,361046.6780044641,503755.0082443469,320.3654600271832,"[-17.961252212524414, 12.14404296875]",2024
"[-9.89745164967179, 10.98922350297926]",-7.209987336558186,0.0,5.377889981019481,1081892811088637,361071.6103484227,503775.00968521927,319.9919728113934,oracle,True,361076.38364452665,503777.48705175496,319.9919728113934,"[9.168547630310059, 4.837131500244141]",2025
"[-9.89745164967179, 10.98922350297926]",-7.209987336558186,0.0,3.8937968260075686,1081892811088637,361071.6103484227,503775.00968521927,319.9919728113934,oracle,True,361074.8871615833,503777.1130513864,319.9919728113934,"[10.012856483459473, 6.128053665161133]",2024
"[9.781886754801041, 10.840431785030324]",-8.181697797323295,0.0,0.7103292790030681,1571657080838112,361097.6871538623,503796.1688923789,321.71023488531455,oracle,True,361098.1645522687,503796.69487569254,321.71023488531455,"[10.856555938720703, -10.492033004760742]",2025
"[9.781886754801041, 10.840431785030324]",-8.181697797323295,0.0,0.7387736675440484,1571657080838112,361097.6871538623,503796.1688923789,321.71023488531455,oracle,True,361097.0550246136,503795.78653241135,321.71023488531455,"[11.035408020019531, -9.069306373596191]",2024
"[2.7017782858972272, 2.532055035695402]",-7.783075920117881,0.0,1.065774916437526,952888117221424,361123.05922481813,503818.2571096383,316.61607292312294,oracle,True,361123.5919058937,503819.180216915,316.61607292312294,"[2.6959455013275146, -3.7548766136169434]",2025
"[2.7017782858972272, 2.532055035695402]",-7.783075920117881,0.0,0.9199337140202949,952888117221424,361123.05922481813,503818.2571096383,316.61607292312294,oracle,True,361122.1517670294,503818.10611824814,316.61607292312294,"[3.1442642211914062, -2.0151357650756836]",2024
"[5.824948763298288, -17.260860732610684]",-8.863630300116938,0.0,0.8195297024500172,1088755186866756,361149.29993063095,503840.03393467236,320.98889387954176,oracle,True,361148.991545701,503839.27464048157,320.98889387954176,"[-17.54143714904785, -5.05494499206543]",2025
"[5.824948763298288, -17.260860732610684]",-8.863630300116938,0.0,2.902663342781386,1088755186866756,361149.29993063095,503840.03393467236,320.98889387954176,oracle,True,361147.24088823906,503837.9880121641,320.98889387954176,"[-17.106019973754883, -2.9264183044433594]",2024
"[13.092077865657128, -1.3773407010115992]",6.397136339237818,0.0,0.6068888975996138,1666620238369939,361173.00583708816,503862.9563626265,292.94851285843356,oracle,True,361172.3999488284,503862.9215265719,292.94851285843356,"[-0.8662729263305664, -12.764780044555664]",2025
"[13.092077865657128, -1.3773407010115992]",6.397136339237818,0.0,1.2195131322739405,1666620238369939,361173.00583708816,503862.9563626265,292.94851285843356,oracle,True,361173.54982644535,503864.0478239676,292.94851285843356,"[-1.316624641418457, -14.310078620910645]",2024
"[-11.97797709474916, -20.34085041782736]",3.1326421045083066,0.0,1.752852340094178,1762029464919045,361156.16527727724,503890.4513906976,230.02804423733778,oracle,True,361157.80622170644,503891.0676639377,230.02804423733778,"[-22.023632049560547, 12.468626976013184]",2025
"[-11.97797709474916, -20.34085041782736]",3.1326421045083066,0.0,2.4202230138493817,1762029464919045,361156.16527727724,503890.4513906976,230.02804423733778,oracle,True,361158.5298045696,503889.93516388664,230.02804423733778,"[-21.92371368408203, 13.808830261230469]",2024
"[3.813146462549279, 0.20840710798602416]",-8.058651102678024,0.0,2.10205815631314,1132839019071351,361142.207623885,503903.8411272457,30.809075166005442,oracle,True,361142.6414590516,503905.89792950667,30.809075166005442,"[2.2729580402374268, -3.4178264141082764]",2025
"[3.813146462549279, 0.20840710798602416]",-8.058651102678024,0.0,1.526730367243606,1132839019071351,361142.207623885,503903.8411272457,30.809075166005442,oracle,True,361142.1179539389,503905.36522203113,30.809075166005442,"[1.5792474746704102, -3.1410584449768066]",2024
"[-4.974901620180892, -20.255314878865168]",-7.311398965044141,0.0,1.6199602943715208,1796949328283937,361165.4447950305,503879.9005597392,49.11875024070156,oracle,True,361166.6307351595,503878.79701211187,49.11875024070156,"[-20.287307739257812, 3.355257272720337]",2025
"[-4.974901620180892, -20.255314878865168]",-7.311398965044141,0.0,0.9935899268773085,1796949328283937,361165.4447950305,503879.9005597392,49.11875024070156,oracle,True,361166.2919857305,503879.38143657404,49.11875024070156,"[-20.077503204345703, 3.99735164642334]",2024
"[12.04178437396226, -20.362945361056795]",-6.666266701522943,0.0,14.564522352125294,1457053619817270,361163.461901341,503852.34058410395,137.93171992162561,oracle,True,361172.79124385293,503841.1562790455,137.93171992162561,"[-5.973841190338135, -14.295446395874023]",2025
"[12.04178437396226, -20.362945361056795]",-6.666266701522943,0.0,16.326824662761542,1457053619817270,361163.461901341,503852.34058410395,137.93171992162561,oracle,True,361177.7477619283,503844.4361934982,137.93171992162561,"[-4.411478042602539, -8.560995101928711]",2024
"[16.22900250698316, -17.144636582746475]",-3.9298710488354516,0.0,2.056941750224346,1837757387401780,361139.2848980101,503832.87409963924,140.0515130566729,oracle,True,361141.00748375844,503833.99824718444,140.0515130566729,"[-16.760961532592773, -14.208160400390625]",2025
"[16.22900250698316, -17.144636582746475]",-3.9298710488354516,0.0,5.52168547514083,1837757387401780,361139.2848980101,503832.87409963924,140.0515130566729,oracle,True,361144.38376644027,503834.99319171323,140.0515130566729,"[-15.13792896270752, -11.084866523742676]",2024
"[-7.2283916834803925, 9.748106095797377]",-3.0993717870329647,0.0,3.2059301308051675,910305541902539,361113.2990068514,503811.5212163888,139.70288319418458,oracle,True,361113.58456194855,503814.71440387,139.70288319418458,"[7.62407112121582, 9.629737854003906]",2025
"[-7.2283916834803925, 9.748106095797377]",-3.0993717870329647,0.0,2.775898684258851,910305541902539,361113.2990068514,503811.5212163888,139.70288319418458,oracle,True,361113.7591597312,503814.2587102851,139.70288319418458,"[8.075141906738281, 9.443522453308105]",2024
"[-11.276615996568587, -12.748281908217397]",-6.015722885447353,0.0,0.4862804317198759,943623705468611,361124.27563437924,503784.4712108318,49.80342135264164,oracle,True,361124.6753259909,503784.1942356093,49.80342135264164,"[-12.671650886535645, 10.796411514282227]",2025
"[-11.276615996568587, -12.748281908217397]",-6.015722885447353,0.0,0.49168371713213377,943623705468611,361124.27563437924,503784.4712108318,49.80342135264164,oracle,True,361124.12705626385,503784.00251325197,49.80342135264164,"[-13.189453125, 11.059542655944824]",2024
"[11.822710830034913, 7.4034712346972995]",4.316161634599496,0.0,2.371346710170408,29302096676059304,361152.32174410915,503793.66742612515,319.9515651069156,oracle,True,361152.49963305413,503791.3027610869,319.9515651069156,"[5.380056381225586, -10.586152076721191]",2025
"[11.822710830034913, 7.4034712346972995]",4.316161634599496,0.0,2.2682524890359694,29302096676059304,361152.32174410915,503793.66742612515,319.9515651069156,oracle,True,361152.755966961,503791.44112428825,319.9515651069156,"[5.342674732208252, -10.875036239624023]",2024
"[19.675566544924987, -18.855618373876258]",5.641812144021799,0.0,17.40591972559547,945959455229054,361178.48574524716,503815.7914123349,319.40193817603665,oracle,True,361161.40274752496,503819.12866124936,319.40193817603665,"[-6.33272647857666, -7.58659553527832]",2025
"[19.675566544924987, -18.855618373876258]",5.641812144021799,0.0,11.984182390409456,945959455229054,361178.48574524716,503815.7914123349,319.40193817603665,oracle,True,361167.43212083174,503820.4215327274,319.40193817603665,"[-8.727636337280273, -13.268959999084473]",2024
"[15.694241990105827, 0.5714288867385787]",-6.271234669343528,0.0,1.393413406346916,1673666160842107,361202.9486604999,503836.40604008455,318.7916284373411,oracle,True,361204.23425775534,503836.94347902783,318.7916284373411,"[-0.012874126434326172, -16.959228515625]",2025
"[15.694241990105827, 0.5714288867385787]",-6.271234669343528,0.0,1.0913052757506252,1673666160842107,361202.9486604999,503836.40604008455,318.7916284373411,oracle,True,361204.02618017345,503836.2331280897,318.7916284373411,"[-0.33960580825805664, -16.2950439453125]",2024
"[-12.8878649426532, 11.024208618557221]",-0.549489801134257,0.0,1.76974836054687,1090951123865054,361229.35377108154,503858.7442823788,319.919795509785,oracle,True,361229.74862598506,503857.01914503216,319.919795509785,"[9.457826614379883, 13.711549758911133]",2025
"[-12.8878649426532, 11.024208618557221]",-0.549489801134257,0.0,1.8268764588474913,1090951123865054,361229.35377108154,503858.7442823788,319.919795509785,oracle,True,361229.3798588523,503856.91759219597,319.919795509785,"[9.62088394165039, 14.057547569274902]",2024
"[-11.461201826528697, 4.413267914973244]",-7.442632084407023,0.0,2.74926398616288,2599151813871531,361254.8027265823,503880.00557597354,319.1352500356382,oracle,True,361257.39183553006,503879.08093154343,319.1352500356382,"[1.864905834197998, 10.429551124572754]",2025
"[-11.461201826528697, 4.413267914973244]",-7.442632084407023,0.0,3.2013967615715675,2599151813871531,361254.8027265823,503880.00557597354,319.1352500356382,oracle,True,361257.4666036274,503881.7811604726,319.1352500356382,"[3.6050891876220703, 8.363494873046875]",2024
"[-10.468036497617108, -0.3444398084585272]",-9.68035871207644,0.0,4.922465341689063,1597452008592561,361281.9459420293,503902.72692003846,319.49911736546557,oracle,True,361285.8455337442,503899.7229477521,319.49911736546557,"[-5.263241767883301, 10.278162002563477]",2025
"[-10.468036497617108, -0.3444398084585272]",-9.68035871207644,0.0,4.340523349528822,1597452008592561,361281.9459420293,503902.72692003846,319.49911736546557,oracle,True,361285.54449005023,503900.2998652206,319.49911736546557,"[-4.6625823974609375, 10.027823448181152]",2024
"[-20.213651420934394, 11.571069783037148]",3.222610575580063,0.0,6.999849943238389,1591043065903450,361306.3013394185,503923.1993527394,319.37232726574774,oracle,True,361313.05201953975,503925.0503570961,319.37232726574774,"[8.94076156616211, 13.726789474487305]",2025
"[-20.213651420934394, 11.571069783037148]",3.222610575580063,0.0,4.242664628225904,1591043065903450,361306.3013394185,503923.1993527394,319.37232726574774,oracle,True,361310.4286160744,503924.18209917337,319.37232726574774,"[9.844627380371094, 16.338138580322266]",2024
"[-10.350248143354342, 3.736893062002209]",-4.960667802704165,0.0,3.767736959406161,1112966985014802,361331.9141680186,503944.78736955114,319.4289408658014,oracle,True,361335.6562508633,503944.3484415628,319.4289408658014,"[0.7589235305786133, 8.042101860046387]",2025
"[-10.350248143354342, 3.736893062002209]",-4.960667802704165,0.0,1.767298093747656,1112966985014802,361331.9141680186,503944.78736955114,319.4289408658014,oracle,True,361333.4140850475,503943.8527084047,319.4289408658014,"[2.011751174926758, 9.966545104980469]",2024
"[-2.665306848605527, 19.752181761741465]",-2.790270094327809,0.0,1.3337130517896028,2366348720838280,361357.22639762436,503965.9155402966,319.33710303448834,oracle,True,361358.3328786079,503965.1708992169,319.33710303448834,"[18.450624465942383, 2.374207019805908]",2025
"[-2.665306848605527, 19.752181761741465]",-2.790270094327809,0.0,0.7095203539262258,2366348720838280,361357.22639762436,503965.9155402966,319.33710303448834,oracle,True,361357.63142620894,503965.33298473846,319.33710303448834,"[19.05072021484375, 2.7719409465789795]",2024
"[-15.180506662264232, -20.760030409622797]",-7.467504438691435,0.0,6.980949392852373,1572977703746490,361381.6841147716,503988.2561406791,315.26503124108785,oracle,True,361385.1079589085,503994.33980287815,315.26503124108785,"[-19.736976623535156, 8.274928092956543]",2025
"[-15.180506662264232, -20.760030409622797]",-7.467504438691435,0.0,10.840156497063425,1572977703746490,361381.6841147716,503988.2561406791,315.26503124108785,oracle,True,361387.14687977213,503997.61921663897,315.26503124108785,"[-19.33823013305664, 4.433996677398682]",2024
"[3.8418838446128434, 8.975842907820113]",-1.5941689526003415,0.0,4.86699231741306,1579563780527774,361404.36574653024,504011.34464292694,313.0300471049002,oracle,True,361405.09389896016,504006.5324284412,313.0300471049002,"[5.245315074920654, -0.7160597443580627]",2025
"[3.8418838446128434, 8.975842907820113]",-1.5941689526003415,0.0,4.969274121626558,1579563780527774,361404.36574653024,504011.34464292694,313.0300471049002,oracle,True,361406.10914407833,504006.69123017014,313.0300471049002,"[4.58928108215332, -1.5069832801818848]",2024
"[-0.9156872710138902, 3.8700631844360847]",8.05048991485512,0.0,4.505796311221916,1077445214894446,361428.2353577773,504036.8110457519,310.8947311561234,oracle,True,361424.424980666,504034.40621173097,310.8947311561234,"[4.559201717376709, 5.368471622467041]",2025
"[-0.9156872710138902, 3.8700631844360847]",8.05048991485512,0.0,3.4370018243096037,1077445214894446,361428.2353577773,504036.8110457519,310.8947311561234,oracle,True,361425.41521258117,504034.84641789575,310.8947311561234,"[4.240788459777832, 4.332636833190918]",2024
"[-2.3703861307547918, 6.525314471023872]",6.734626208630061,0.0,4.4756647982193885,1714471442944128,361449.2520025681,504060.74706808943,311.00182836492553,oracle,True,361446.52865089575,504057.1953176682,311.00182836492553,"[5.728376865386963, 6.7745280265808105]",2025
"[-2.3703861307547918, 6.525314471023872]",6.734626208630061,0.0,3.829003360906807,1714471442944128,361449.2520025681,504060.74706808943,311.00182836492553,oracle,True,361447.4705547505,504057.3577155833,311.00182836492553,"[5.215091228485107, 5.9682440757751465]",2024
"[-4.691469755920563, 11.713938112228861]",4.674407105501302,0.0,3.411961759605768,1347449930528506,361472.5967279173,504087.4096917212,309.77782126276634,oracle,True,361471.2032712307,504084.295247708,309.77782126276634,"[10.527545928955078, 7.8905253410339355]",2025
"[-4.691469755920563, 11.713938112228861]",4.674407105501302,0.0,3.3334903951333272,1347449930528506,361472.5967279173,504087.4096917212,309.77782126276634,oracle,True,361472.2844338899,504084.09086200956,309.77782126276634,"[9.612640380859375, 7.279269218444824]",2024
"[21.85696033033859, -4.616226480955835]",8.229073075739507,0.0,10.136606624517446,1413652087402340,361492.29492151755,504113.28688474465,303.597875428812,oracle,True,361485.27902266505,504105.97060446354,303.597875428812,"[-4.267345428466797, -11.726359367370605]",2025
"[21.85696033033859, -4.616226480955835]",8.229073075739507,0.0,6.671641220462912,1413652087402340,361492.29492151755,504113.28688474465,303.597875428812,oracle,True,361488.2685412712,504107.96719878714,303.597875428812,"[-5.163527488708496, -15.207805633544922]",2024
"[1.807920885132568, -5.9829505428826915]",3.041536533574515,0.0,4.688580935643843,921953573931750,361509.1497128202,504141.219079501,297.86871804825813,oracle,True,361506.1401562792,504137.6238937455,297.86871804825813,"[-5.2476606369018555, 2.8226449489593506]",2025
"[1.807920885132568, -5.9829505428826915]",3.041536533574515,0.0,3.7644007109965787,921953573931750,361509.1497128202,504141.219079501,297.86871804825813,oracle,True,361506.84134413407,504138.2455047631,297.86871804825813,"[-5.529942512512207, 1.9291229248046875]",2024
"[14.290793043574853, -4.09787538843863]",1.6537922372540947,0.0,6.824943315087633,1403478994512518,361523.51524609205,504173.20255651977,288.43829113615783,oracle,True,361520.2962496142,504167.18442450644,288.43829113615783,"[-3.1421899795532227, -7.533092498779297]",2025
"[14.290793043574853, -4.09787538843863]",1.6537922372540947,0.0,8.713251887530507,1403478994512518,361523.51524609205,504173.20255651977,288.43829113615783,oracle,True,361519.1058766538,504165.68735728005,288.43829113615783,"[-2.538548469543457, -5.718205451965332]",2024
"[3.425541372242276, -4.9186617686979615]",-6.150188741466479,0.0,6.668002802264906,1794731371773449,361531.8882455436,504204.8006149186,281.7546367960357,oracle,True,361526.14855249564,504201.40676974144,281.7546367960357,"[0.46215105056762695, 0.5126199722290039]",2025
"[3.425541372242276, -4.9186617686979615]",-6.150188741466479,0.0,10.251193473121134,1794731371773449,361531.8882455436,504204.8006149186,281.7546367960357,oracle,True,361527.91688342055,504195.34994031244,281.7546367960357,"[-1.889237880706787, 6.367801189422607]",2024
"[-12.282947992184967, -14.546217653743128]",2.940754486831679,0.0,6.533761121264095,3059374137740657,361537.029446159,504237.8977794815,274.71356777171735,oracle,True,361531.9371147777,504241.9914569837,274.71356777171735,"[-8.953998565673828, 8.904025077819824]",2025
"[-12.282947992184967, -14.546217653743128]",2.940754486831679,0.0,10.2296367950659,3059374137740657,361537.029446159,504237.8977794815,274.71356777171735,oracle,True,361528.08536038635,504242.86253513006,274.71356777171735,"[-5.020540237426758, 8.553747177124023]",2024
"[13.339669498681284, -21.706434582203386]",-7.299063866086158,0.0,4.750953097892503,1613002776844852,361536.4232422584,504266.85521835927,272.2808270468631,oracle,True,361536.9481920478,504262.1333561147,272.2808270468631,"[-21.81633758544922, -8.589987754821777]",2025
"[13.339669498681284, -21.706434582203386]",-7.299063866086158,0.0,4.3877391100875,1613002776844852,361536.4232422584,504266.85521835927,272.2808270468631,oracle,True,361536.06113707245,504262.4824464315,272.2808270468631,"[-20.963218688964844, -9.01533317565918]",2024
"[0.16254938120721715, -9.52103808964995]",-7.182659188113973,0.0,1.1802047226417185,981836188268787,361538.0477937769,504300.5927658677,272.513291319393,oracle,True,361538.6431004926,504301.6118306849,272.513291319393,"[-10.19732666015625, -1.1297706365585327]",2025
"[0.16254938120721715, -9.52103808964995]",-7.182659188113973,0.0,1.6972859812171854,981836188268787,361538.0477937769,504300.5927658677,272.513291319393,oracle,True,361537.57312666223,504298.9632043217,272.513291319393,"[-8.915290832519531, 1.4229631423950195]",2024
"[-11.261350540310643, -9.386088318712178]",9.904899376608512,0.0,3.0968665172511884,1093658489977921,361539.8923210439,504335.836993712,272.28727856222014,oracle,True,361540.6825892448,504338.8313314345,272.28727856222014,"[-9.526153564453125, 8.16765308380127]",2025
"[-11.261350540310643, -9.386088318712178]",9.904899376608512,0.0,4.134764938428583,1093658489977921,361539.8923210439,504335.836993712,272.28727856222014,oracle,True,361540.46502602525,504339.9319039797,272.28727856222014,"[-9.081066131591797, 7.137851715087891]",2024
"[-11.493360635269232, -12.47024661665097]",5.896318191475984,0.0,4.396429150613946,1619687222851775,361541.55438086914,504368.50681948196,272.37270993829156,oracle,True,361540.6068624469,504372.7999300228,272.37270993829156,"[-10.915138244628906, 7.381155967712402]",2025
"[-11.493360635269232, -12.47024661665097]",5.896318191475984,0.0,10.65151790652087,1619687222851775,361541.55438086914,504368.50681948196,272.37270993829156,oracle,True,361540.57161432557,504379.1129028134,272.37270993829156,"[-9.97231674194336, 1.1388843059539795]",2024
"[1.22423288343586, 3.05647053038437]",-3.973653395355086,0.0,1.2653402449453954,1391865393135267,361544.367099523,504400.577955069,277.8347799880502,oracle,True,361543.2147454518,504401.1006079462,277.8347799880502,"[4.241403579711914, -1.6681017875671387]",2025
"[1.22423288343586, 3.05647053038437]",-3.973653395355086,0.0,1.475095949265777,1391865393135267,361544.367099523,504400.577955069,277.8347799880502,oracle,True,361542.9633388468,504401.0311261443,277.8347799880502,"[4.487560749053955, -1.581848382949829]",2024
"[-20.613878824855693, -2.831159327268716]",-8.711957542347193,0.0,10.184547523393652,1316675827064189,361552.2189105195,504434.41134184506,287.1074839647609,oracle,True,361554.88842321356,504444.23980613163,287.1074839647609,"[-4.037052154541016, 10.500974655151367]",2025
"[-20.613878824855693, -2.831159327268716]",-8.711957542347193,0.0,11.806203080951459,1316675827064189,361552.2189105195,504434.41134184506,287.1074839647609,oracle,True,361554.5998538513,504445.97497189965,287.1074839647609,"[-3.4982309341430664, 8.826536178588867]",2024
"[-14.771054981948497, 15.77090082015507]",-1.1825195596875346,0.0,3.660491228790804,28263711263284815,361563.71273511497,504464.28748197947,292.85422022979816,oracle,True,361565.40936152864,504467.53103787516,292.85422022979816,"[15.392005920410156, 11.130226135253906]",2025
"[-14.771054981948497, 15.77090082015507]",-1.1825195596875346,0.0,1.056477823721038,28263711263284815,361563.71273511497,504464.28748197947,292.85422022979816,oracle,True,361562.88718506857,504463.6282305002,292.85422022979816,"[16.29464340209961, 15.688572883605957]",2024
"[21.88382035108236, 22.033927542930545]",4.646418907159841,0.0,8.675587766319653,3489296377898570,361571.625468986,504493.47068203054,299.5680585925597,oracle,True,361576.5075516414,504486.29913463566,299.5680585925597,"[13.964239120483398, -18.698549270629883]",2025
"[21.88382035108236, 22.033927542930545]",4.646418907159841,0.0,7.692065641975599,3489296377898570,361571.625468986,504493.47068203054,299.5680585925597,oracle,True,361575.86221004825,504487.05056528613,299.5680585925597,"[14.92042064666748, -18.95706558227539]",2024
"[12.614483320674895, -3.112253503575876]",4.978490127356963,0.0,5.7334373152692395,1131727186478749,361588.8523000926,504518.82913805824,307.4974744287967,oracle,True,361592.7511790615,504514.6254437028,307.4974744287967,"[-8.826587677001953, -12.146842002868652]",2025
"[12.614483320674895, -3.112253503575876]",4.978490127356963,0.0,6.671557440270989,1131727186478749,361588.8523000926,504518.82913805824,307.4974744287967,oracle,True,361591.5308203953,504512.71888375364,307.4974744287967,"[-9.21396255493164, -9.916553497314453]",2024
"[-16.216054215682405, -1.2430379314025282]",-0.5885879537345886,0.0,7.398093557555398,1599642875223994,361610.9469463425,504543.66361937486,313.92116788058945,oracle,True,361618.21451831254,504542.2800782854,313.92116788058945,"[-7.478774070739746, 12.235177040100098]",2025
"[-16.216054215682405, -1.2430379314025282]",-0.5885879537345886,0.0,5.590047061643351,1599642875223994,361610.9469463425,504543.66361937486,313.92116788058945,oracle,True,361616.2150526451,504545.5332937144,313.92116788058945,"[-3.7919366359710693, 11.240942001342773]",2024
"[3.787675493447888, 6.899037210842066]",-6.625193360644289,0.0,2.765738339773765,1073713638614184,361636.8629086914,504567.6693398636,318.45576423936296,oracle,True,361639.2384395667,504566.2529495132,318.45576423936296,"[4.184347629547119, -4.316607475280762]",2025
"[3.787675493447888, 6.899037210842066]",-6.625193360644289,0.0,3.196790557496439,1073713638614184,361636.8629086914,504567.6693398636,318.45576423936296,oracle,True,361640.03808537277,504567.29822948837,318.45576423936296,"[4.285644054412842, -5.628774642944336]",2024
"[8.866978558605986, 20.237809983122048]",-4.294805491446198,0.0,4.246638719374783,1120440463974740,361660.74811106944,504589.6475856835,311.0860382163991,oracle,True,361663.520936602,504586.4311623627,311.0860382163991,"[16.0909481048584, -7.951840877532959]",2025
"[8.866978558605986, 20.237809983122048]",-4.294805491446198,0.0,4.5194637097466694,1120440463974740,361660.74811106944,504589.6475856835,311.0860382163991,oracle,True,361662.6968752726,504585.56985711184,311.0860382163991,"[16.23503875732422, -6.768556594848633]",2024
"[-6.220504505473644, -2.5026410451839936]",-5.243072536293141,0.0,4.672405799320782,1396740292671110,361683.0279493844,504613.3827825114,318.1565499517186,oracle,True,361683.69558911514,504608.75832220307,318.1565499517186,"[-6.140372276306152, 9.152788162231445]",2025
"[-6.220504505473644, -2.5026410451839936]",-5.243072536293141,0.0,5.513502122674277,1396740292671110,361683.0279493844,504613.3827825114,318.1565499517186,oracle,True,361684.0012442182,504607.95586784254,318.1565499517186,"[-6.910614490509033, 9.532373428344727]",2024
"[-16.46797373570818, 7.350824607197848]",6.408059954103123,0.0,5.90060257527573,1100290906086001,361707.85448543716,504638.3282890087,290.3221943299974,oracle,True,361709.14302394126,504632.57009664696,290.3221943299974,"[3.6100058555603027, 21.031238555908203]",2025
"[-16.46797373570818, 7.350824607197848]",6.408059954103123,0.0,7.092938668523611,1100290906086001,361707.85448543716,504638.3282890087,290.3221943299974,oracle,True,361709.0555001086,504631.33777095104,290.3221943299974,"[3.133887767791748, 22.17123794555664]",2024
"[7.168739275293269, 5.8669665943642215]",-9.664194314343604,0.0,8.176130398998792,1436906631667845,361697.4136276352,504666.51541773695,211.2542456606379,oracle,True,361701.6745174898,504659.53731441667,211.2542456606379,"[10.787638664245605, -0.6391072273254395]",2025
"[7.168739275293269, 5.8669665943642215]",-9.664194314343604,0.0,6.646607402779509,1436906631667845,361697.4136276352,504666.51541773695,211.2542456606379,oracle,True,361699.43698368827,504660.1842709017,211.2542456606379,"[11.00940227508545, -2.9577126502990723]",2024
"[-10.810232063398356, -13.397772773815259]",-6.061627934747776,0.0,4.226255769845499,1609692443937868,361668.9486892873,504682.8453561375,210.79401582028814,oracle,True,361664.73520268605,504682.51707501826,210.79401582028814,"[-11.336763381958008, 7.120587348937988]",2025
"[-10.810232063398356, -13.397772773815259]",-6.061627934747776,0.0,2.838538210464082,1609692443937868,361668.9486892873,504682.8453561375,210.79401582028814,oracle,True,361668.0171198888,504680.16403600964,210.79401582028814,"[-10.572654724121094, 11.085926055908203]",2024
"[7.562227604454721, 15.941724628702616]",-3.4487666741794385,0.0,11.92789719309245,2140812226473784,361641.04399474245,504701.4222107101,213.78021034732328,oracle,True,361648.947004001,504692.4881648121,213.78021034732328,"[19.661834716796875, 3.770711660385132]",2025
"[7.562227604454721, 15.941724628702616]",-3.4487666741794385,0.0,6.947995114873878,2140812226473784,361641.04399474245,504701.4222107101,213.78021034732328,oracle,True,361644.77850626566,504695.5631954516,213.78021034732328,"[19.112815856933594, -1.3800907135009766]",2024
"[-15.306993316803963, -12.755886075089178]",8.804444454854377,0.0,6.161976283676617,1770134364187132,361614.59098087926,504722.44381314795,220.41034254713298,oracle,True,361614.9072312713,504716.28995765647,220.41034254713298,"[-8.975485801696777, 20.173051834106445]",2025
"[-15.306993316803963, -12.755886075089178]",8.804444454854377,0.0,2.6448502650815655,1770134364187132,361614.59098087926,504722.44381314795,220.41034254713298,oracle,True,361614.40497683885,504719.80551153107,220.41034254713298,"[-10.891645431518555, 17.183116912841797]",2024
"[-14.216656572837929, -6.687306402628027]",8.361483200621052,0.0,1.8153197738053066,3960386027436480,361591.5952234963,504746.5269450778,230.05124253896744,oracle,True,361592.12966267136,504744.7920789016,230.05124253896744,"[-6.233847618103027, 15.974428176879883]",2025
"[-14.216656572837929, -6.687306402628027]",8.361483200621052,0.0,2.1625410171710353,3960386027436480,361591.5952234963,504746.5269450778,230.05124253896744,oracle,True,361591.5321800181,504744.3653231935,230.05124253896744,"[-5.501352787017822, 16.02499771118164]",2024
"[-18.69173623942365, 11.424448995468548]",8.243739053374185,0.0,1.4691940575969127,1799341664552833,361572.6457602309,504774.8962715687,239.07370792608288,oracle,True,361572.00433146686,504776.2180507937,239.07370792608288,"[11.506555557250977, 17.224838256835938]",2025
"[-18.69173623942365, 11.424448995468548]",8.243739053374185,0.0,1.7041230431423158,1799341664552833,361572.6457602309,504774.8962715687,239.07370792608288,oracle,True,361572.29823805136,504776.56458319456,239.07370792608288,"[11.101749420166016, 17.01844596862793]",2024
"[12.891213435585813, -12.385337119810517]",9.474083171671651,0.0,4.188819283633571,1388036546256933,361558.7140618083,504804.42107867356,249.01867383618352,oracle,True,361559.3568134806,504800.2818665168,249.01867383618352,"[-12.189430236816406, -8.706977844238281]",2025
"[12.891213435585813, -12.385337119810517]",9.474083171671651,0.0,1.0580627145981059,1388036546256933,361558.7140618083,504804.42107867356,249.01867383618352,oracle,True,361558.18038117053,504803.5074695203,249.01867383618352,"[-11.680126190185547, -12.102433204650879]",2024
"[-1.9485704308244332, -10.521843348861974]",7.06268696714011,0.0,2.893771128998957,1392556546281046,361548.052834857,504835.79213500954,250.87378567541663,oracle,True,361550.9359623733,504835.5441691408,250.87378567541663,"[-13.289477348327637, 2.7936227321624756]",2025
"[-1.9485704308244332, -10.521843348861974]",7.06268696714011,0.0,1.7539276027180635,1392556546281046,361548.052834857,504835.79213500954,250.87378567541663,oracle,True,361549.7660986634,504835.41664976964,250.87378567541663,"[-12.118797302246094, 2.6738290786743164]",2024
"[-18.9939175093881, -16.549866013262484]",3.186497801348793,0.0,5.241443228523489,1400716081531820,361537.2392487183,504867.6496268753,251.32015210508467,oracle,True,361542.0991620024,504869.61277994857,251.32015210508467,"[-21.757587432861328, 18.400314331054688]",2025
"[-18.9939175093881, -16.549866013262484]",3.186497801348793,0.0,3.85824986416204,1400716081531820,361537.2392487183,504867.6496268753,251.32015210508467,oracle,True,361540.23698922404,504870.07854512724,251.32015210508467,"[-20.087501525878906, 17.454038619995117]",2024
"[-0.466412824372406, -21.305233036239088]",-9.0737365324849,0.0,4.236437639335315,1892217645152325,361527.15932734055,504899.9309961172,251.75060327783478,oracle,True,361524.734959692,504903.40516441717,251.75060327783478,"[-20.74601936340332, -3.732954263687134]",2025
"[-0.466412824372406, -21.305233036239088]",-9.0737365324849,0.0,2.7941539455381394,1892217645152325,361527.15932734055,504899.9309961172,251.75060327783478,oracle,True,361526.80538021185,504897.15935081133,251.75060327783478,"[-19.71856689453125, 2.766366481781006]",2024
"[-10.450067842028302, 18.6526650592975]",-2.310200403180687,0.0,3.6554896452994967,845278345272909,361517.99783600273,504929.75817886833,251.94198824508135,oracle,True,361521.4032240213,504931.08706448786,251.94198824508135,"[14.997676849365234, 10.389522552490234]",2025
"[-10.450067842028302, 18.6526650592975]",-2.310200403180687,0.0,3.050211437109716,845278345272909,361517.99783600273,504929.75817886833,251.94198824508135,oracle,True,361520.2019112652,504931.86669541994,251.94198824508135,"[15.85252571105957, 9.240518569946289]",2024
"[20.990573122275723, 19.670934770107394]",-7.259085832096645,0.0,4.297032373807323,2612096309208434,361509.8059636109,504962.64188964665,260.82867997460966,oracle,True,361514.0076088725,504963.5422586361,260.82867997460966,"[15.386198043823242, -20.66573715209961]",2025
"[20.990573122275723, 19.670934770107394]",-7.259085832096645,0.0,2.5614432335808246,2612096309208434,361509.8059636109,504962.64188964665,260.82867997460966,oracle,True,361512.3052670093,504963.2026694265,260.82867997460966,"[17.115076065063477, -20.821523666381836]",2024
"[13.30236292953214, -18.91836271280538]",0.9030756828793471,0.0,1.4531171277503787,1645304160505212,361502.2519723498,504994.43547046836,252.93062506393304,oracle,True,361500.84229269857,504994.08283373207,252.93062506393304,"[-17.46624183654785, -13.356162071228027]",2025
"[13.30236292953214, -18.91836271280538]",0.9030756828793471,0.0,2.2758175670884295,1645304160505212,361502.2519723498,504994.43547046836,252.93062506393304,oracle,True,361500.20151233574,504993.4480701801,252.93062506393304,"[-16.67406463623047, -12.924908638000488]",2024
"[-22.33891279988536, -22.174374869973114]",-1.6750923090158665,0.0,7.675527210868835,1368742985247867,361492.2334559488,505028.35266217124,253.1819735066803,oracle,True,361486.3227214743,505033.24928712484,253.1819735066803,"[-18.122024536132812, 15.820310592651367]",2025
"[-22.33891279988536, -22.174374869973114]",-1.6750923090158665,0.0,7.997769737061929,1368742985247867,361492.2334559488,505028.35266217124,253.1819735066803,oracle,True,361485.865270347,505033.19110540306,253.1819735066803,"[-17.669740676879883, 15.730388641357422]",2024
"[21.588183285185856, -10.09772976705251]",-8.858758712488594,0.0,1.805612781218401,1094966510141854,361482.8214742172,505058.37402536254,250.83743577092525,oracle,True,361484.4362235399,505059.1819994591,250.83743577092525,"[-11.902772903442383, -21.542831420898438]",2025
"[21.588183285185856, -10.09772976705251]",-8.858758712488594,0.0,3.1064961861118645,1094966510141854,361482.8214742172,505058.37402536254,250.83743577092525,oracle,True,361484.6176736882,505055.83946701547,250.83743577092525,"[-10.492630004882812, -18.50688934326172]",2024
"[-5.422528386100246, 17.918561961805572]",3.049221332387475,0.0,3.289369508053803,1576088213452988,361471.7362748644,505091.2981349118,251.55647181361104,oracle,True,361474.5955863713,505089.6720077744,251.55647181361104,"[15.593509674072266, 7.749346733093262]",2025
"[-5.422528386100246, 17.918561961805572]",3.049221332387475,0.0,1.824319418048036,1576088213452988,361471.7362748644,505091.2981349118,251.55647181361104,oracle,True,361472.7059224608,505089.75284371665,251.55647181361104,"[17.393917083740234, 7.169780254364014]",2024
"[-16.873559549222676, -20.667114626365443]",1.0527138412930412,0.0,4.660912176170214,2326419104828349,361463.87377641036,505123.49797958974,285.5099973265701,oracle,True,361463.24230744666,505128.1159173613,285.5099973265701,"[-18.74543571472168, 12.627237319946289]",2025
"[-16.873559549222676, -20.667114626365443]",1.0527138412930412,0.0,2.127287377187757,2326419104828349,361463.87377641036,505123.49797958974,285.5099973265701,oracle,True,361463.1720418269,505125.50619276555,285.5099973265701,"[-19.422025680541992, 15.148710250854492]",2024
"[7.098893564394898, 0.6642824073944724]",5.1298490002480435,0.0,2.3575559076789983,1611154070401669,361493.0522768595,505138.26740477607,322.2927948363659,oracle,True,361493.90878031857,505140.46387277776,322.2927948363659,"[2.0539958477020264, -9.003300666809082]",2025
"[7.098893564394898, 0.6642824073944724]",5.1298490002480435,0.0,1.5007106020868923,1611154070401669,361493.0522768595,505138.26740477607,322.2927948363659,oracle,True,361492.04285032314,505139.3778958291,322.2927948363659,"[2.1435680389404297, -6.84621524810791]",2024
"[-2.8891673409189225, 12.827703644860701]",2.600160673080495,0.0,4.019497225514637,2044825309733264,361517.82771305204,505160.52887198236,318.5141274465706,oracle,True,361518.08291324956,505164.5402596232,318.5141274465706,"[15.789959907531738, 0.17229491472244263]",2025
"[-2.8891673409189225, 12.827703644860701]",2.600160673080495,0.0,2.6993801758600364,2044825309733264,361517.82771305204,505160.52887198236,318.5141274465706,oracle,True,361517.20601156366,505163.155683851,318.5141274465706,"[15.26269817352295, 1.7240686416625977]",2024
"[6.4407865918714045, -18.80744506510454]",2.817757957417797,0.0,4.795401304729572,1353979803178810,361530.3587487028,505170.9117681952,148.200596317521,oracle,True,361529.57467971777,505175.6426359275,148.200596317521,"[-23.325794219970703, -4.834425926208496]",2025
"[6.4407865918714045, -18.80744506510454]",2.817757957417797,0.0,3.4000559436750546,1353979803178810,361530.3587487028,505170.9117681952,148.200596317521,oracle,True,361530.01345931564,505174.29424593487,148.200596317521,"[-21.93365478515625, -5.103927135467529]",2024
"[9.914111193410001, 2.950134858763949]",3.930005124713489,0.0,4.560677508853084,1112299907902984,361505.03398144763,505148.4196676966,135.10897763472872,oracle,True,361503.35322422243,505152.65934156254,135.10897763472872,"[-1.3532919883728027, -8.404046058654785]",2025
"[9.914111193410001, 2.950134858763949]",3.930005124713489,0.0,3.5142553057794412,1112299907902984,361505.03398144763,505148.4196676966,135.10897763472872,oracle,True,361501.89697830984,505150.0037136769,135.10897763472872,"[-0.30251455307006836, -11.244623184204102]",2024
"[16.72997652304776, -11.127622915398554]",8.887178876421416,0.0,4.005151918541568,1099992155940572,361476.9349046636,505130.8601407418,162.9595274769371,oracle,True,361476.76830223354,505134.86182607687,162.9595274769371,"[-15.11248779296875, -16.327367782592773]",2025
"[16.72997652304776, -11.127622915398554]",8.887178876421416,0.0,3.394630374981794,1099992155940572,361476.9349046636,505130.8601407418,162.9595274769371,oracle,True,361474.61362002586,505133.3370648451,162.9595274769371,"[-13.908720016479492, -18.676515579223633]",2024
"[-4.8430410798679775, 5.354011200087835]",-3.947619285778174,0.0,2.265354630303848,2090069028562856,361462.71241398016,505108.46205451246,77.33940240615863,oracle,True,361460.7437218599,505109.5828055716,77.33940240615863,"[3.7877893447875977, 6.479739189147949]",2025
"[-4.8430410798679775, 5.354011200087835]",-3.947619285778174,0.0,2.7811385523281302,2090069028562856,361462.71241398016,505108.46205451246,77.33940240615863,oracle,True,361459.9330113593,505108.5603027614,77.33940240615863,"[2.7186427116394043, 5.7316155433654785]",2024
"[21.00711731925958, 11.480405888756563]",8.123714022458287,0.0,6.678711653534894,28071381109150220,361468.2257658363,505078.0853922805,76.58461707839409,oracle,True,361465.5605489996,505084.2092643043,76.58461707839409,"[9.391326904296875, -14.663542747497559]",2025
"[21.00711731925958, 11.480405888756563]",8.123714022458287,0.0,6.171370176901422,28071381109150220,361468.2257658363,505078.0853922805,76.58461707839409,oracle,True,361464.9597018181,505083.32167299197,76.58461707839409,"[8.711181640625, -15.491937637329102]",2024
"[-9.183907072270761, -12.816188964356215]",7.635560614031732,0.0,1.09808338195949,1120045207649869,361477.51365528506,505045.06929584127,72.0560999263658,oracle,True,361476.54812160437,505044.54629314033,72.0560999263658,"[-13.859726905822754, 8.842123985290527]",2025
"[-9.183907072270761, -12.816188964356215]",7.635560614031732,0.0,3.5369382125384137,1120045207649869,361477.51365528506,505045.06929584127,72.0560999263658,oracle,True,361475.2785017094,505042.3281244835,72.0560999263658,"[-15.50578498840332, 6.886951446533203]",2024
"[-6.991068377133267, 12.025432859281265]",-1.7980828454648474,0.0,2.315616211163569,2176435617086201,361465.31389726076,505019.4838384604,159.3120439262325,oracle,True,361463.00612656696,505019.6742928179,159.3120439262325,"[10.966832160949707, 4.931591987609863]",2025
"[-6.991068377133267, 12.025432859281265]",-1.7980828454648474,0.0,1.180120182721672,2176435617086201,361465.31389726076,505019.4838384604,159.3120439262325,oracle,True,361464.8960385193,505020.58750404284,159.3120439262325,"[10.84586238861084, 7.0270843505859375]",2024
"[9.559458131626851, -6.639901814822776]",5.457368974822998,0.0,2.900794311496572,1476656934564153,361435.5440886696,505009.21059400775,161.60204431611461,oracle,True,361436.9566277554,505011.7442358468,161.60204431611461,"[-8.792871475219727, -7.615408420562744]",2025
"[9.559458131626851, -6.639901814822776]",5.457368974822998,0.0,3.174188076081373,1476656934564153,361435.5440886696,505009.21059400775,161.60204431611461,oracle,True,361437.0550631019,505012.00208576076,161.60204431611461,"[-9.02212905883789, -7.461730003356934]",2024
"[18.51122417624114, 8.176151644495496]",-0.36491725174775524,0.0,6.3364662397428475,1555312799214362,361402.0505830572,504999.5467164507,164.80215097186715,oracle,True,361406.34032526216,505004.21028978267,164.80215097186715,"[4.834469795227051, -13.127548217773438]",2025
"[18.51122417624114, 8.176151644495496]",-0.36491725174775524,0.0,8.164561761222814,1555312799214362,361402.0505830572,504999.5467164507,164.80215097186715,oracle,True,361407.1367089119,505005.9335304094,164.80215097186715,"[3.388072967529297, -11.898027420043945]",2024
"[-0.28325672466389795, 14.412907323523132]",-2.573595983101029,0.0,1.7364353718651335,1626801685484071,361370.61223184236,504993.5602959525,175.96341037533338,oracle,True,361369.8841919383,504995.1367367851,175.96341037533338,"[12.763138771057129, -0.25847339630126953]",2025
"[-0.28325672466389795, 14.412907323523132]",-2.573595983101029,0.0,2.077866404600195,1626801685484071,361370.61223184236,504993.5602959525,175.96341037533338,oracle,True,361372.0849874778,504995.0260788947,175.96341037533338,"[13.126402854919434, 1.9149537086486816]",2024
"[-15.16416293827427, -22.00239075779039]",2.207815164005268,0.0,4.226405750854889,1613966733737828,361336.7890929675,504998.1562380204,197.05928498559814,oracle,True,361333.61214905593,504995.3688498247,197.05928498559814,"[-18.322818756103516, 13.084918975830078]",2025
"[-15.16416293827427, -22.00239075779039]",2.207815164005268,0.0,2.744328789010592,1613966733737828,361336.7890929675,504998.1562380204,197.05928498559814,oracle,True,361334.52187318244,504996.60993438,197.05928498559814,"[-19.794574737548828, 13.53416633605957]",2024
"[16.5321344859229, -1.6806759409656504]",-8.225999577309977,0.0,3.576780496195102,1597169132134158,361306.71443197003,505011.736835639,207.23425306814022,oracle,True,361310.2452794647,505012.30821527407,207.23425306814022,"[-3.3709115982055664, -13.379919052124023]",2025
"[16.5321344859229, -1.6806759409656504]",-8.225999577309977,0.0,3.6141352420401143,1597169132134158,361306.71443197003,505011.736835639,207.23425306814022,oracle,True,361309.47044335224,505009.39880766463,207.23425306814022,"[-0.3677816390991211, -13.164897918701172]",2024
"[-7.406179535432214, 4.855090602437623]",8.65965665409513,0.0,2.861410216978489,1402659124563537,361277.040160692,505027.92995291576,208.03905708647943,oracle,True,361279.19374061585,505026.04587172286,208.03905708647943,"[5.078731536865234, 10.25883674621582]",2025
"[-7.406179535432214, 4.855090602437623]",8.65965665409513,0.0,2.3916040186232066,1402659124563537,361277.040160692,505027.92995291576,208.03905708647943,oracle,True,361278.67800781346,505026.1871888501,208.03905708647943,"[5.273630619049072, 9.760875701904297]",2024
"[-7.057048186113406, -14.63707289859567]",1.7435768371426832,0.0,2.137727063287606,1791234278691271,361248.69493693695,505043.69381941203,209.6648863003122,oracle,True,361250.4046083832,505042.41050318326,209.6648863003122,"[-14.432766914367676, 9.184989929199219]",2025
"[-7.057048186113406, -14.63707289859567]",1.7435768371426832,0.0,0.7524688091727464,1791234278691271,361248.69493693695,505043.69381941203,209.6648863003122,oracle,True,361249.1165365632,505043.0705513606,209.6648863003122,"[-14.324840545654297, 7.741679668426514]",2024
"[-22.3606067718821, -11.666780427622237]",6.056737534159993,0.0,11.0370851350533,1405846657542303,361219.375578727,505062.97825993877,214.96344899372846,oracle,True,361209.461302606,505067.8284534684,214.96344899372846,"[-8.819160461425781, 11.697196960449219]",2025
"[-22.3606067718821, -11.666780427622237]",6.056737534159993,0.0,16.90785735144714,1405846657542303,361219.375578727,505062.97825993877,214.96344899372846,oracle,True,361205.66998498456,505072.8793881767,214.96344899372846,"[-10.141645431518555, 5.5216755867004395]",2024
"[-7.625215961354158, 7.175039502071983]",1.3895225455157458,0.0,1.2844762993822927,1998492840812168,361193.17285884917,505080.8191491077,211.75623618199398,oracle,True,361193.92051205825,505079.7746903758,211.75623618199398,"[7.640751361846924, 8.82229232788086]",2025
"[-7.625215961354158, 7.175039502071983]",1.3895225455157458,0.0,3.4791603292128706,1998492840812168,361193.17285884917,505080.8191491077,211.75623618199398,oracle,True,361193.7865909752,505077.39454847784,211.75623618199398,"[9.706826210021973, 10.011554718017578]",2024
"[-20.199766291765982, -7.83732550730458]",8.009280813364882,0.0,14.044945984075078,1805068834011537,361163.0245726018,505098.3813070329,208.45031946885874,oracle,True,361150.93726499716,505105.533754346,208.45031946885874,"[-6.406914710998535, 6.227850437164307]",2025
"[-20.199766291765982, -7.83732550730458]",8.009280813364882,0.0,6.931627330232437,1805068834011537,361163.0245726018,505098.3813070329,208.45031946885874,oracle,True,361156.9920271231,505101.7953738883,208.45031946885874,"[-6.998302459716797, 13.31910514831543]",2024
"[-16.339006712607052, -10.398486634085454]",-9.746158045026704,0.0,3.4667952105266258,1577342996632443,361134.2897713471,505114.6866960563,208.9614748458836,oracle,True,361133.3156115589,505111.35958293243,208.9614748458836,"[-6.936117649078369, 16.514135360717773]",2025
"[-16.339006712607052, -10.398486634085454]",-9.746158045026704,0.0,4.033936260782693,1577342996632443,361134.2897713471,505114.6866960563,208.9614748458836,oracle,True,361130.8663496907,505112.55296085274,208.9614748458836,"[-7.256911754608154, 13.808562278747559]",2024
"[2.668196650039222, 17.743399645169774]",-9.51871752746277,0.0,1.8025686337300753,1627218468984037,361104.2994642516,505131.69463421684,208.56185229796802,oracle,True,361105.34276919934,505130.2246789572,208.56185229796802,"[18.792499542236328, -1.202371597290039]",2025
"[2.668196650039222, 17.743399645169774]",-9.51871752746277,0.0,2.8266498833237086,1627218468984037,361104.2994642516,505131.69463421684,208.56185229796802,oracle,True,361105.0430808591,505128.9675508107,208.56185229796802,"[20.078611373901367, -1.0754833221435547]",2024
"[-10.957351024580536, 5.413305025942839]",-2.7639669859896685,0.0,3.001477416388998,2978326649172208,361076.50747162476,505147.5510879224,209.39059915242893,oracle,True,361073.72700379184,505146.4206608743,209.39059915242893,"[7.669981002807617, 8.978391647338867]",2025
"[-10.957351024580536, 5.413305025942839]",-2.7639669859896685,0.0,5.51743167271927,2978326649172208,361076.50747162476,505147.5510879224,209.39059915242893,oracle,True,361071.0411372996,505146.8019275198,209.39059915242893,"[8.532886505126953, 6.406497955322266]",2024
"[3.466081980000062, -2.5855472251612817]",-7.323402347842261,0.0,5.491409565959196,3754424991393145,361046.96864898404,505164.47608940955,209.01011630305157,oracle,True,361047.8534765818,505159.056434518,209.01011630305157,"[2.123523712158203, -0.6411519050598145]",2025
"[3.466081980000062, -2.5855472251612817]",-7.323402347842261,0.0,5.636974129187413,3754424991393145,361046.96864898404,505164.47608940955,209.01011630305157,oracle,True,361047.15926958655,505158.84233922703,209.01011630305157,"[2.578996181488037, -1.2071068286895752]",2024
"[13.466613692823111, -15.064082447314984]",9.974654424802111,0.0,8.31764804564006,1260741202845756,361019.00799381535,505180.367778033,209.07188553601975,oracle,True,361019.664411348,505172.0760722354,209.07188553601975,"[-9.037968635559082, -7.733445167541504]",2025
"[13.466613692823111, -15.064082447314984]",9.974654424802111,0.0,4.789125129698515,1260741202845756,361019.00799381535,505180.367778033,209.07188553601975,oracle,True,361019.0873645841,505175.5793106593,209.07188553601975,"[-11.395193099975586, -10.388469696044922]",2024
"[-14.95486067664294, 18.724212164533377]",3.866426053039504,0.0,1.1885780767446983,1556200629076514,360989.4216288107,505197.2621762613,208.21983132523448,oracle,True,360989.7618327166,505198.4010261842,208.21983132523448,"[17.5786075592041, 14.63814640045166]",2025
"[-14.95486067664294, 18.724212164533377]",3.866426053039504,0.0,6.851569247113336,1556200629076514,360989.4216288107,505197.2621762613,208.21983132523448,oracle,True,360989.3092098697,505190.41152934806,208.21983132523448,"[24.588134765625, 18.498645782470703]",2024
"[-10.15496909451267, 11.93898808414911]",-4.616044715374443,0.0,11.128178314917031,1058757126920400,360824.89545035467,505384.04269541893,252.00850508478257,oracle,True,360817.65812794,505392.4959502285,252.00850508478257,"[15.37061882019043, -0.43088293075561523]",2025
"[-10.15496909451267, 11.93898808414911]",-4.616044715374443,0.0,11.702669335571965,1058757126920400,360824.89545035467,505384.04269541893,252.00850508478257,oracle,True,360817.4152282913,505393.0426258331,252.00850508478257,"[15.384702682495117, -1.0289264917373657]",2024
"[0.1930501770988831, -9.065878106353317]",-3.755703873765384,0.0,6.781556575499252,1100362855725571,360978.4813495051,505203.05984292924,206.0181185359829,oracle,True,360978.0116872929,505196.2945693211,206.0181185359829,"[-2.626967430114746, 1.9353151321411133]",2025
"[0.1930501770988831, -9.065878106353317]",-3.755703873765384,0.0,7.188567077773478,1100362855725571,360978.4813495051,505203.05984292924,206.0181185359829,oracle,True,360978.3252828316,505195.8729701862,206.0181185359829,"[-2.355600357055664, 2.3852572441101074]",2024
"[-13.228437028786086, -16.567138890183784]",0.2674387768103088,0.0,10.404183001696438,1041328292272541,360824.0357951551,505387.0502379555,253.4884275094645,oracle,True,360815.23106051685,505392.593131774,253.4884275094645,"[-9.664420127868652, 5.443869113922119]",2025
"[-13.228437028786086, -16.567138890183784]",0.2674387768103088,0.0,11.559877601796215,1041328292272541,360824.0357951551,505387.0502379555,253.4884275094645,oracle,True,360815.1927220324,505394.4954261946,253.4884275094645,"[-10.15974235534668, 3.606792688369751]",2024
"[0.6277810541367993, 12.938607714699852]",9.644586374877946,0.0,7.077920488547861,1978181079545268,360981.2749126579,505201.62867444754,206.61423474529838,oracle,True,360980.6836789032,505194.575490692,206.61423474529838,"[18.975643157958984, 3.0669667720794678]",2025
"[0.6277810541367993, 12.938607714699852]",9.644586374877946,0.0,7.606646580316663,1978181079545268,360981.2749126579,505201.62867444754,206.61423474529838,oracle,True,360980.82339180977,505194.0354405435,206.61423474529838,"[19.32848358154297, 3.4990286827087402]",2024
"[-13.948800062456423, -19.34993529795661]",7.1797413139955495,0.0,14.562280121033657,1624858092548608,360823.1726704277,505390.1981357848,254.17234934972836,oracle,True,360812.74428919447,505400.36223275296,254.17234934972836,"[-10.568408966064453, 2.332225799560547]",2025
"[-13.948800062456423, -19.34993529795661]",7.1797413139955495,0.0,16.08514008150947,1624858092548608,360823.1726704277,505390.1981357848,254.17234934972836,oracle,True,360813.8738685382,505403.32307444606,254.17234934972836,"[-12.13034439086914, -0.4251081943511963]",2024
"[20.891731911325596, 5.531680632774103]",-8.78091025217077,0.0,9.277885580922531,1132747332749947,360984.0406199746,505200.1745466972,207.17550998792115,oracle,True,360985.17777802126,505190.96661357244,207.17550998792115,"[13.910300254821777, -16.907024383544922]",2025
"[20.891731911325596, 5.531680632774103]",-8.78091025217077,0.0,8.634010541663478,1132747332749947,360984.0406199746,505200.1745466972,207.17550998792115,oracle,True,360984.49550243426,505191.55252721324,207.17550998792115,"[13.569622039794922, -17.739330291748047]",2024
"[-16.012887253274815, -1.7487562680668527]",4.525898695169161,0.0,9.173662490170312,1999264247459733,360822.3839241866,505393.22124050464,254.44886624505065,oracle,True,360818.4266425089,505401.4974718455,254.44886624505065,"[0.5527286529541016, 7.1326141357421875]",2025
"[-16.012887253274815, -1.7487562680668527]",4.525898695169161,0.0,6.23199213297262,1999264247459733,360822.3839241866,505393.22124050464,254.44886624505065,oracle,True,360821.51298641105,505399.39207459224,254.44886624505065,"[-2.07401180267334, 9.789388656616211]",2024
"[3.1135084662257, -9.561621945548989]",5.634211228274609,0.0,15.141812525379763,1069879799117962,360820.8094764566,505399.36092613544,254.80554887126746,oracle,True,360818.93567610893,505384.3355023873,254.80554887126746,"[-5.218356132507324, 11.3920259475708]",2025
"[3.1135084662257, -9.561621945548989]",5.634211228274609,0.0,15.141323021937577,1069879799117962,360820.8094764566,505399.36092613544,254.80554887126746,oracle,True,360818.51331681624,505384.39472041186,254.80554887126746,"[-4.811697959899902, 11.263483047485352]",2024
"[-16.389911588946564, -21.54180721313728]",-3.0094849031974036,0.0,16.60784068440032,946071411273849,360812.4749577944,505432.53320290986,255.0794710465457,oracle,True,360802.1950933859,505445.5771578293,255.0794710465457,"[-15.776849746704102, 0.8147506713867188]",2025
"[-16.389911588946564, -21.54180721313728]",-3.0094849031974036,0.0,17.678212953203868,946071411273849,360812.4749577944,505432.53320290986,255.0794710465457,oracle,True,360802.9573726497,505447.4306787441,255.0794710465457,"[-17.072723388671875, -0.7140792608261108]",2024
"[2.7187035047991444, 2.1577516418228484]",-6.098766869888834,0.0,9.681209679301478,28630049443257593,360803.7528703903,505466.15015777014,254.4464986745188,oracle,True,360798.4217047274,505458.0690381986,254.4464986745188,"[10.094463348388672, 2.825160503387451]",2025
"[2.7187035047991444, 2.1577516418228484]",-6.098766869888834,0.0,6.597395115003835,28630049443257593,360803.7528703903,505466.15015777014,254.4464986745188,oracle,True,360798.7369533941,505461.8645774138,254.4464986745188,"[8.401008605957031, -0.5862483978271484]",2024
"[17.728422737446536, 4.292678286241916]",6.214781891097573,0.0,18.346849377482236,2325916388183213,360795.28008992714,505498.1880449727,254.86163925606502,oracle,True,360794.4478882755,505479.86007938755,254.86163925606502,"[7.957785129547119, 0.24861466884613037]",2025
"[17.728422737446536, 4.292678286241916]",6.214781891097573,0.0,18.116841599316725,2325916388183213,360795.28008992714,505498.1880449727,254.86163925606502,oracle,True,360793.64768924407,505480.1448962025,254.86163925606502,"[8.704118728637695, -0.15687918663024902]",2024
"[-14.325862618756199, 1.3009466154202158]",-9.310324339458248,0.0,1.321534207283921,1975241993146792,360790.9305160588,505531.0259289183,275.5645292688212,oracle,True,360789.6093409739,505530.9951221654,275.5645292688212,"[2.621311902999878, 14.270291328430176]",2025
"[-14.325862618756199, 1.3009466154202158]",-9.310324339458248,0.0,3.6773613910434073,1975241993146792,360790.9305160588,505531.0259289183,275.5645292688212,oracle,True,360790.58384885587,505534.6869135742,275.5645292688212,"[1.4077014923095703, 10.65005111694336]",2024
"[-11.413329245613133, -16.70035654547607]",6.541867417117373,0.0,10.997919335130515,2266652857522078,360801.94835124625,505561.35963224806,291.8080147247711,oracle,True,360808.7305314539,505570.0173606645,291.8080147247711,"[-18.55794906616211, 0.5734224319458008]",2025
"[-11.413329245613133, -16.70035654547607]",6.541867417117373,0.0,18.178017803858552,2266652857522078,360801.94835124625,505561.35963224806,291.8080147247711,oracle,True,360807.188759374,505578.76590852794,291.8080147247711,"[-13.046802520751953, -6.393744468688965]",2024
"[-2.5686480654650703, -18.91183780422615]",-7.8540605103696635,0.0,9.396508232132513,2664235027388592,360814.3610915972,505591.13648182247,292.5960751883997,oracle,True,360808.3584475492,505583.90719199635,292.5960751883997,"[-14.946409225463867, 11.087435722351074]",2025
"[-2.5686480654650703, -18.91183780422615]",-7.8540605103696635,0.0,11.118116971398635,2664235027388592,360814.3610915972,505591.13648182247,292.5960751883997,oracle,True,360807.4224039711,505582.44929936685,292.5960751883997,"[-14.412164688110352, 12.735528945922852]",2024
"[-13.177854780905475, 3.4779216296365414]",-0.596773663281283,0.0,3.584395895177244,2298332014341910,360828.7860962364,505620.79880488664,298.88369572152936,oracle,True,360826.0255165421,505618.5125210712,298.88369572152936,"[4.8254075050354, 16.499326705932617]",2025
"[-13.177854780905475, 3.4779216296365414]",-0.596773663281283,0.0,1.204958809329813,2298332014341910,360828.7860962364,505620.79880488664,298.88369572152936,oracle,True,360829.5935990398,505619.9044531915,298.88369572152936,"[2.343024492263794, 13.582742691040039]",2024
"[13.822819253251868, 8.666681097714168]",-6.696610376305955,0.0,7.311798477319544,2664985677254720,360846.2640029569,505652.54278573673,296.3486771705366,oracle,True,360841.8934028674,505646.6810239,296.3486771705366,"[10.811348915100098, -6.8326263427734375]",2025
"[13.822819253251868, 8.666681097714168]",-6.696610376305955,0.0,7.049165033171505,2664985677254720,360846.2640029569,505652.54278573673,296.3486771705366,oracle,True,360840.9690746567,505647.88935023587,296.3486771705366,"[12.08820629119873, -7.659711837768555]",2024
"[18.914417339655646, -4.574217223679298]",-6.584251183212814,0.0,5.520505279115795,2190862265201212,360858.074267425,505681.2016031267,287.6809987164796,oracle,True,360853.91073451494,505677.57655523135,287.6809987164796,"[-1.1862268447875977, -14.555805206298828]",2025
"[18.914417339655646, -4.574217223679298]",-6.584251183212814,0.0,7.5152520624481625,2190862265201212,360858.074267425,505681.2016031267,287.6809987164796,oracle,True,360852.115687348,505676.6218283475,287.6809987164796,"[0.3915066719055176, -13.273442268371582]",2024
"[19.89465599078738, -16.140781556592984]",-9.689798420543354,0.0,3.580791821903923,1803778274142674,360866.5628902905,505714.5663897488,280.4521159059846,oracle,True,360863.5531047275,505712.62647713826,280.4521159059846,"[-13.157072067260742, -17.914871215820312]",2025
"[19.89465599078738, -16.140781556592984]",-9.689798420543354,0.0,4.354560865602971,1803778274142674,360866.5628902905,505714.5663897488,280.4521159059846,oracle,True,360862.4039345696,505713.27592950384,280.4521159059846,"[-11.99936294555664, -18.54897689819336]",2024
"[-11.176849066095617, -20.32797614403331]",-7.6361577110843655,0.0,8.904185338539346,1595260398958253,360876.16708211036,505747.10174129903,294.28648085219186,oracle,True,360867.4852596815,505749.07923361415,294.28648085219186,"[-11.443560600280762, 11.769872665405273]",2025
"[-11.176849066095617, -20.32797614403331]",-7.6361577110843655,0.0,8.709051083710444,1595260398958253,360876.16708211036,505747.10174129903,294.28648085219186,oracle,True,360867.4953557796,505747.90718106896,294.28648085219186,"[-11.789061546325684, 12.88988971710205]",2024
"[6.99650302306548, 14.440277050367206]",-4.400738283139276,0.0,7.8811636663976214,1618478246297464,360897.08296487853,505770.6888914574,359.2443918729163,oracle,True,360889.2025459366,505770.79723367747,359.2443918729163,"[15.256423950195312, 0.8422880172729492]",2025
"[6.99650302306548, 14.440277050367206]",-4.400738283139276,0.0,8.559262251871756,1618478246297464,360897.08296487853,505770.6888914574,359.2443918729163,oracle,True,360888.53488804126,505771.12633023085,359.2443918729163,"[15.644193649291992, 1.4776668548583984]",2024
"[1.7938020361166567, -1.0851491656211878]",6.246018061213743,0.0,7.034558445998504,1411397654284692,360928.39490721177,505760.7714622654,17.352959867827888,oracle,True,360921.550534709,505762.3961399484,17.352959867827888,"[-2.336369514465332, 5.128586292266846]",2025
"[1.7938020361166567, -1.0851491656211878]",6.246018061213743,0.0,7.4027212817554835,1411397654284692,360928.39490721177,505760.7714622654,17.352959867827888,oracle,True,360921.1332863789,505762.20991464745,17.352959867827888,"[-2.6740589141845703, 5.43638801574707]",2024
"[-11.219370824832485, 20.409309687012644]",7.773469456953347,0.0,3.219647422182143,2199725277275110,360959.47657312726,505750.6162178423,17.29410753099758,oracle,True,360960.9907641501,505747.7748528412,17.29410753099758,"[18.47711944580078, 8.643954277038574]",2025
"[-11.219370824832485, 20.409309687012644]",7.773469456953347,0.0,7.6769567133859296,2199725277275110,360959.47657312726,505750.6162178423,17.29410753099758,oracle,True,360963.8592035364,505744.3131856295,17.29410753099758,"[16.55683135986328, 4.579033851623535]",2024
"[-6.424020021985121, -13.718254960209203]",-2.240261776981299,0.0,3.754131345734091,1630029038733543,360977.76595758327,505730.73830788117,109.2852212235517,oracle,True,360974.5761482779,505732.7178580211,109.2852212235517,"[-17.348201751708984, 7.381615161895752]",2025
"[-6.424020021985121, -13.718254960209203]",-2.240261776981299,0.0,4.550672849615377,1630029038733543,360977.76595758327,505730.73830788117,109.2852212235517,oracle,True,360974.3452007119,505733.7394819533,109.2852212235517,"[-17.868465423583984, 8.290668487548828]",2024
"[2.486765203849204, -9.255822965458037]",-5.522416923790388,0.0,2.929270544266086,1029541690071867,360965.52086601197,505699.5423200922,110.60057777067044,oracle,True,360962.7343746504,505700.4456980936,110.60057777067044,"[-12.181382179260254, -2.3393568992614746]",2025
"[2.486765203849204, -9.255822965458037]",-5.522416923790388,0.0,3.088208597715031,1029541690071867,360965.52086601197,505699.5423200922,110.60057777067044,oracle,True,360963.1361846259,505701.50454511243,110.60057777067044,"[-12.06885051727295, -1.2124385833740234]",2024
"[-5.59864642639337, 8.003562305458077]",3.6021032489483247,0.0,3.255908549745078,1110169474745368,360954.2398640532,505667.78448765073,105.04909601937412,oracle,True,360951.1429359626,505668.78946371307,105.04909601937412,"[4.747878074645996, 5.560427665710449]",2025
"[-5.59864642639337, 8.003562305458077]",3.6021032489483247,0.0,2.9553363634185263,1110169474745368,360954.2398640532,505667.78448765073,105.04909601937412,oracle,True,360951.6006400406,505669.1143408878,105.04909601937412,"[5.0776472091674805, 6.014619827270508]",2024
"[-17.14129388922036, 9.610647711723304]",4.559382584696987,0.0,8.942880722566235,2143531059567041,360980.2035497979,505651.34399289545,21.80630224487809,oracle,True,360988.6220916305,505648.3268304817,21.80630224487809,"[10.645999908447266, 8.258548736572266]",2025
"[-17.14129388922036, 9.610647711723304]",4.559382584696987,0.0,0.2782682099904263,2143531059567041,360980.2035497979,505651.34399289545,21.80630224487809,oracle,True,360980.44875395397,505651.2124325727,21.80630224487809,"[9.601667404174805, 16.863170623779297]",2024
"[9.43027199776955, -1.5651253427892569]",-6.3497481432418965,0.0,4.380535135414265,1885191899114432,361009.02305004245,505639.24162336625,22.564392727789823,oracle,True,361004.91871452535,505640.7724786944,22.564392727789823,"[-1.2412443161010742, -5.0617265701293945]",2025
"[9.43027199776955, -1.5651253427892569]",-6.3497481432418965,0.0,1.8254111613224744,1885191899114432,361009.02305004245,505639.24162336625,22.564392727789823,oracle,True,361007.33798697736,505639.9435410071,22.564392727789823,"[-1.3616595268249512, -7.616235733032227]",2024
"[14.030219388144536, 11.757552264236924]",5.329842515423419,0.0,0.40242792260746363,1566349148627059,361039.9677668257,505626.0771525111,22.528355738064644,oracle,True,361040.03599209856,505626.47375501366,22.528355738064644,"[12.140071868896484, -13.905211448669434]",2025
"[14.030219388144536, 11.757552264236924]",5.329842515423419,0.0,0.6123344627709106,1566349148627059,361039.9677668257,505626.0771525111,22.528355738064644,oracle,True,361039.5713082414,505626.54381522146,22.528355738064644,"[11.984872817993164, -13.46164321899414]",2024
"[-6.200388045434693, 13.280501442652435]",7.538995750061545,0.0,2.631073780214417,2343542236381893,361071.1612371945,505613.02524712496,21.688621760325894,oracle,True,361073.3329477157,505611.5399112542,21.688621760325894,"[13.044672012329102, 3.579904556274414]",2025
"[-6.200388045434693, 13.280501442652435]",7.538995750061545,0.0,2.095975467078383,2343542236381893,361071.1612371945,505613.02524712496,21.688621760325894,oracle,True,361072.9920491378,505612.0048350578,21.688621760325894,"[13.283950805664062, 4.104415416717529]",2024
"[-12.726977300534902, -14.328437005369587]",6.441785557255869,0.0,2.1242813804295584,1843956966766764,361101.9827967382,505599.7779691089,22.536645763096583,oracle,True,361104.05772230675,505600.2332220806,22.536645763096583,"[-12.924920082092285, 11.132389068603516]",2025
"[-12.726977300534902, -14.328437005369587]",6.441785557255869,0.0,1.426617921917025,1843956966766764,361101.9827967382,505599.7779691089,22.536645763096583,oracle,True,361103.4049853525,505599.8903000512,22.536645763096583,"[-13.541147232055664, 11.53726577758789]",2024
"[17.967344385329593, -3.4247622440865033]",9.19654775307659,0.0,0.8156122732745247,1378668397810037,361133.45828977134,505587.590027526,18.889311079430556,oracle,True,361134.27076888183,505587.5186057133,18.889311079430556,"[-3.1052632331848145, -18.7177734375]",2025
"[17.967344385329593, -3.4247622440865033]",9.19654775307659,0.0,0.8755232603946278,1378668397810037,361133.45828977134,505587.590027526,18.889311079430556,oracle,True,361134.3310979708,505587.6589247429,18.889311079430556,"[-2.9530651569366455, -18.704936981201172]",2024
"[-10.269007860881993, 0.23538704693943643]",-3.138304440327204,0.0,3.6464313243435136,1640881657746457,361164.7459236542,505574.790562897,22.57263785958171,oracle,True,361168.31196053035,505574.0290890623,22.57263785958171,"[0.7038135528564453, 6.652789115905762]",2025
"[-10.269007860881993, 0.23538704693943643]",-3.138304440327204,0.0,2.5861326656830532,1640881657746457,361164.7459236542,505574.790562897,22.57263785958171,oracle,True,361167.2721005919,505574.23692741786,22.57263785958171,"[0.5538212656974792, 7.702554702758789]",2024
"[20.531221434974118, 3.158077754683054]",0.7450062186188795,0.0,15.36158635250442,1329442135766852,361195.54057250504,505562.247072299,20.64097160126914,oracle,True,361181.3701514525,505568.17813480576,20.64097160126914,"[3.513528823852539, -5.173748016357422]",2025
"[20.531221434974118, 3.158077754683054]",0.7450062186188795,0.0,8.772129640568108,1329442135766852,361195.54057250504,505562.247072299,20.64097160126914,oracle,True,361187.8072736651,505566.38788713224,20.64097160126914,"[4.193838119506836, -11.820454597473145]",2024
"[-6.864538894628934, -14.522114298772456]",-7.744703053850381,0.0,10.692883371878006,1877539553208523,361226.3647825685,505550.4629049683,19.144616178197545,oracle,True,361235.867781558,505545.5607865477,19.144616178197545,"[-17.44919776916504, -3.419912338256836]",2025
"[-6.864538894628934, -14.522114298772456]",-7.744703053850381,0.0,9.757492954428624,1877539553208523,361226.3647825685,505550.4629049683,19.144616178197545,oracle,True,361234.6904801492,505545.3745428988,19.144616178197545,"[-17.86446762084961, -2.30264949798584]",2024
"[11.790299131720802, 5.717441248120253]",0.1511464765484405,0.0,6.875450914710989,971140639343305,361257.99184614775,505539.6962324716,20.161977218906035,oracle,True,361251.1322701808,505540.1631830409,20.161977218906035,"[3.7740468978881836, -5.195221900939941]",2025
"[11.790299131720802, 5.717441248120253]",0.1511464765484405,0.0,3.8304724216246964,971140639343305,361257.99184614775,505539.6962324716,20.161977218906035,oracle,True,361254.16252903687,505539.7903039186,20.161977218906035,"[4.47631311416626, -8.166472434997559]",2024
"[-14.016530395205207, 16.9647014273432]",-9.004017419140517,0.0,8.309615776960248,1426839858986128,361288.8926168677,505527.25597672444,27.06509414953422,oracle,True,361294.4240351997,505521.05491829885,27.06509414953422,"[12.784099578857422, 6.835145950317383]",2025
"[-14.016530395205207, 16.9647014273432]",-9.004017419140517,0.0,9.005625582825102,1426839858986128,361288.8926168677,505527.25597672444,27.06509414953422,oracle,True,361294.90565898945,505520.5519020992,27.06509414953422,"[12.45518684387207, 6.2213029861450195]",2024
"[10.887598407011353, -9.541542905734568]",-0.4548197651768717,0.0,5.985070963908113,1419645030041727,361318.3638489618,505515.4230037108,14.89806713836782,oracle,True,361324.04426519596,505513.53781251376,14.89806713836782,"[-9.950338363647461, -16.858692169189453]",2025
"[10.887598407011353, -9.541542905734568]",-0.4548197651768717,0.0,6.339929922098196,1419645030041727,361318.3638489618,505515.4230037108,14.89806713836782,oracle,True,361321.85524834215,505510.1310436029,14.89806713836782,"[-13.79542350769043, -15.588578224182129]",2024
"[16.73665834805401, -5.92326488704632]",-6.189305251400814,0.0,8.154876571236192,4510807879135648,361351.93503453897,505507.6781751616,10.412533002251346,oracle,True,361353.3526543999,505499.6474612567,10.412533002251346,"[-13.827775955200195, -18.741830825805664]",2025
"[16.73665834805401, -5.92326488704632]",-6.189305251400814,0.0,9.081900651509512,4510807879135648,361351.93503453897,505507.6781751616,10.412533002251346,oracle,True,361354.1001795651,505498.8581373805,10.412533002251346,"[-14.559906959533691, -19.545454025268555]",2024
"[-2.6854282955706292, -16.987337206551096]",9.315541297746691,0.0,10.526709499589382,929538789876463,361382.61629521067,505499.73874528706,54.501828891654704,oracle,True,361384.374202368,505489.3598544352,54.501828891654704,"[-19.989322662353516, -7.404155254364014]",2025
"[-2.6854282955706292, -16.987337206551096]",9.315541297746691,0.0,10.713841125498076,929538789876463,361382.61629521067,505499.73874528706,54.501828891654704,oracle,True,361386.309728214,505489.6816610022,54.501828891654704,"[-18.11040496826172, -7.969388008117676]",2024
"[-21.705961502488265, 20.008417324743075]",-4.190006797842443,0.0,12.213815734458079,1736493034133252,361376.68114395306,505464.6876076674,100.01794967969442,oracle,True,361365.04017016914,505460.99098432204,100.01794967969442,"[8.802972793579102, 16.846403121948242]",2025
"[-21.705961502488265, 20.008417324743075]",-4.190006797842443,0.0,7.478861037075675,1736493034133252,361376.68114395306,505464.6876076674,100.01794967969442,oracle,True,361371.64459718636,505459.15890446695,100.01794967969442,"[15.559295654296875, 15.694416046142578]",2024
"[-6.004024945026893, -0.8389909248801578]",2.812619304964123,0.0,5.0071843473587485,2001244650439529,361378.1259606169,505432.5480952319,60.5864528032553,oracle,True,361378.12816771556,505427.54091137095,60.5864528032553,"[-3.079102039337158, 1.5258783102035522]",2025
"[-6.004024945026893, -0.8389909248801578]",2.812619304964123,0.0,4.6582070316080415,2001244650439529,361378.1259606169,505432.5480952319,60.5864528032553,oracle,True,361377.2122540736,505427.98037883284,60.5864528032553,"[-3.7012815475463867, 2.328948736190796]",2024
"[-1.8816789147459898, 13.786885438324799]",4.786739326289158,0.0,5.64978734838914,2042982259659935,361402.5514528438,505412.2859219806,34.54901273914318,oracle,True,361402.7853815027,505406.6409796014,34.54901273914318,"[9.569112777709961, -1.877375602722168]",2025
"[-1.8816789147459898, 13.786885438324799]",4.786739326289158,0.0,5.012938777303836,2042982259659935,361402.5514528438,505412.2859219806,34.54901273914318,oracle,True,361402.4606704443,505407.27380528796,34.54901273914318,"[9.85274600982666, -1.2251043319702148]",2024
"[-10.261595929687246, 14.264821912571048]",1.7316749937805653,0.0,5.149618011641231,1414668144105202,361429.77660105436,505392.94916052837,36.35041238830319,oracle,True,361428.50182116387,505387.9598217048,36.35041238830319,"[9.551302909851074, 8.187637329101562]",2025
"[-10.261595929687246, 14.264821912571048]",1.7316749937805653,0.0,4.680291739665904,1414668144105202,361429.77660105436,505392.94916052837,36.35041238830319,oracle,True,361426.46783131175,505389.63899836334,36.35041238830319,"[9.618485450744629, 10.824346542358398]",2024
"[-21.583156322665396, 19.903824292168288]",7.844000921557267,0.0,4.638516431303273,1618985639622967,361660.73672209936,505384.5892911423,341.9133629584468,oracle,True,361665.37466118403,505384.5161082867,341.9133629584468,"[19.007102966308594, 17.032142639160156]",2025
"[-21.583156322665396, 19.903824292168288]",7.844000921557267,0.0,4.818385457615883,1618985639622967,361660.73672209936,505384.5892911423,341.9133629584468,oracle,True,361664.18797935545,505381.2269018474,341.9133629584468,"[15.981327056884766, 18.7847900390625]",2024
"[-19.036418320161097, -19.823485569797896]",1.73382380245949,0.0,5.220033343212054,1474764354670842,361440.31565603625,505384.64882748015,38.95936464265365,oracle,True,361436.55234352365,505381.0313384288,38.95936464265365,"[-25.02001953125, 19.531173706054688]",2025
"[-19.036418320161097, -19.823485569797896]",1.73382380245949,0.0,4.383150826210182,1474764354670842,361440.31565603625,505384.64882748015,38.95936464265365,oracle,True,361436.0627537118,505383.5882460433,38.95936464265365,"[-23.400558471679688, 21.56951141357422]",2024
"[9.493472187243514, -8.194657986803746]",2.6500842519182015,0.0,13.638275174279649,1068392369135122,361663.91543647763,505385.67106408905,341.2056764857247,oracle,True,361651.3362915656,505380.4015609804,341.2056764857247,"[-9.758645057678223, 4.054830074310303]",2025
"[9.493472187243514, -8.194657986803746]",2.6500842519182015,0.0,14.011638712494992,1068392369135122,361663.91543647763,505385.67106408905,341.2056764857247,oracle,True,361650.7419404008,505380.89769834536,341.2056764857247,"[-9.116809844970703, 4.487788677215576]",2024
"[4.225478629020705, -20.496584641419943]",1.9030999254935423,0.0,5.4278980936316295,1564945198650080,361437.8867985086,505386.64270352945,38.26679697796344,oracle,True,361433.6889013358,505383.2018116332,38.26679697796344,"[-25.833770751953125, -3.2372872829437256]",2025
"[4.225478629020705, -20.496584641419943]",1.9030999254935423,0.0,6.013346207041024,1564945198650080,361437.8867985086,505386.64270352945,38.26679697796344,oracle,True,361432.69146343897,505383.61469657434,38.26679697796344,"[-26.16167449951172, -2.2087759971618652]",2024
"[-2.0460728998499476, -12.169742138288829]",-2.3483484034853177,0.0,12.448481989709991,4615440378688443,361667.09693574253,505386.74030265305,341.80319371641906,oracle,True,361655.2662697792,505382.8673132764,341.80319371641906,"[-11.644474983215332, 14.483468055725098]",2025
"[-2.0460728998499476, -12.169742138288829]",-2.3483484034853177,0.0,11.371713882765652,4615440378688443,361667.09693574253,505386.74030265305,341.80319371641906,oracle,True,361656.3242149789,505383.0982751984,341.80319371641906,"[-11.799484252929688, 13.411757469177246]",2024
"[-4.107864679936929, -21.472469137492176]",6.561074116439073,0.0,5.365577445734848,2475590072940447,361435.191131282,505388.7912223553,37.60874143036869,oracle,True,361430.9704929448,505385.4782730118,37.60874143036869,"[-26.789661407470703, 4.826813697814941]",2025
"[-4.107864679936929, -21.472469137492176]",6.561074116439073,0.0,5.704248905009396,2475590072940447,361435.191131282,505388.7912223553,37.60874143036869,oracle,True,361430.2243936659,505385.98587513564,37.60874143036869,"[-26.94544219970703, 5.715664863586426]",2024
"[12.663089229435002, -1.8862895590266118]",4.9904432314068,0.0,16.20829984857205,1396114019377954,361670.2548139775,505387.72986708675,342.5975018495259,oracle,True,361655.01559837884,505382.209423996,342.5975018495259,"[-4.002174377441406, 3.4065098762512207]",2025
"[12.663089229435002, -1.8862895590266118]",4.9904432314068,0.0,12.773881472989032,1396114019377954,361670.2548139775,505387.72986708675,342.5975018495259,oracle,True,361658.2002026611,505383.50394779077,342.5975018495259,"[-3.4224088191986084, 0.018093109130859375]",2024
"[-6.834018793560591, 11.17177956360317]",8.285998239926982,0.0,11.242776736895719,2297705431003261,361692.0407925941,505395.04660389107,341.62760906800236,oracle,True,361682.2125429541,505389.5871590686,341.62760906800236,"[7.517961502075195, 17.46649932861328]",2025
"[-6.834018793560591, 11.17177956360317]",8.285998239926982,0.0,12.898487021837546,2297705431003261,361692.0407925941,505395.04660389107,341.62760906800236,oracle,True,361680.5617373798,505389.16423541907,341.62760906800236,"[7.390684604644775, 19.16585922241211]",2024
"[-4.635469211193236, -16.772433217924945]",9.194914049966599,0.0,13.865980403371928,3578370962341082,361722.43283607205,505405.1593217058,341.70905350321345,oracle,True,361710.3335255379,505398.3864274098,341.70905350321345,"[-21.547380447387695, 17.653352737426758]",2025
"[-4.635469211193236, -16.772433217924945]",9.194914049966599,0.0,13.093663074684075,3578370962341082,361722.43283607205,505405.1593217058,341.70905350321345,oracle,True,361710.524873346,505399.7146512449,341.70905350321345,"[-20.266109466552734, 17.254432678222656]",2024
"[-0.7013724185329772, 6.038118504983925]",2.725570345245515,2.9460596335706555,4.520322728766385,2095057974553082,360026.3821716677,504344.61452205386,81.42574118763453,native,True,360022.50114179944,504346.9320476166,78.47968155406386,"[2.4134511947631836, 3.402317523956299]",2025
"[-0.7013724185329772, 6.038118504983925]",2.725570345245515,0.7281721908024679,2.140679027712604,2095057974553082,360026.3821716677,504344.61452205386,81.42574118763453,native,True,360024.568863425,504343.47679628874,82.15391337843701,"[4.118313312530518, -0.2456517219543457]",2024
"[8.115408845156463, -8.374954229637217]",2.7334306631946674,1.3840721040157007,2.8028843105677796,2134127433808624,360032.84761322686,504307.9422390545,69.43286538919972,native,True,360030.7769620377,504309.8313034026,68.04879328518402,"[-9.767573356628418, -5.682967185974121]",2025
"[8.115408845156463, -8.374954229637217]",2.7334306631946674,4.560664157114331,4.791122085220447,2134127433808624,360032.84761322686,504307.9422390545,69.43286538919972,native,True,360029.1714552237,504311.0148134102,64.87220123208537,"[-10.933478355407715, -4.064630508422852]",2024
"[-1.133279822959001, -14.963625628760429]",-0.9760247201908214,0.15107747373770053,2.5034031603978537,28398706986416513,360060.1043976202,504303.69896460697,354.88874202101726,native,True,360058.77069516556,504301.5804120006,355.03981949475497,"[-16.928802490234375, 2.6841206550598145]",2025
"[-1.133279822959001, -14.963625628760429]",-0.9760247201908214,1.0841991314101733,2.5646747183802847,28398706986416513,360060.1043976202,504303.69896460697,354.88874202101726,native,True,360059.28533801896,504301.2685947214,355.97294115242744,"[-17.29343605041504, 2.2054457664489746]",2024
"[21.204633430018426, 1.3555494009277769]",-2.161816277693731,0.08636422433556845,14.868950903581675,1100804636233191,360094.6966482403,504308.69749890827,349.42166902017294,native,True,360079.992146112,504306.49220570055,349.3353047958374,"[2.447329521179199, -6.375819683074951]",2025
"[21.204633430018426, 1.3555494009277769]",-2.161816277693731,11.467700765860286,14.830182925190025,1100804636233191,360094.6966482403,504308.69749890827,349.42166902017294,native,True,360080.2487389253,504305.35201807285,0.8893697860332281,"[1.2786266803741455, -6.374650001525879]",2024
"[8.305919575556576, 16.901215188335286]",-5.31579783024938,4.221301091186319,3.496424324445424,1794136951725433,360128.5122393634,504314.32278087456,350.37814580786244,native,True,360125.284812013,504312.9779032763,346.1568447166761,"[16.433712005615234, -4.840890884399414]",2025
"[8.305919575556576, 16.901215188335286]",-5.31579783024938,1.0525262658246106,4.386033304110003,1794136951725433,360128.5122393634,504314.32278087456,350.37814580786244,native,True,360127.0953896411,504310.17189843714,349.3256195420378,"[13.25582218170166, -5.86698579788208]",2024
"[21.03613453507614, -21.68917681153607]",-8.90746811004847,1.5279047659254275,23.684108310804692,2250285992180932,360142.6419883799,504291.9622382168,80.71202241156853,native,True,360155.74286823085,504311.6930246585,82.23992717749397,"[-3.0822582244873047, -6.382822036743164]",2025
"[21.03613453507614, -21.68917681153607]",-8.90746811004847,0.49589467922785957,21.028122164918013,2250285992180932,360142.6419883799,504291.9622382168,80.71202241156853,native,True,360152.6462744813,504310.45808048965,81.20791709079639,"[-6.409635543823242, -6.589074611663818]",2024
"[6.9744131358126795, -16.08341062960909]",-2.1963602555590036,4.413473738810069,0.8822469165536833,1113377307836084,360152.59731493844,504260.3036048608,31.148380222847756,native,True,360151.87460813264,504260.8096231358,26.73490648403769,"[-15.990477561950684, -6.097074508666992]",2025
"[6.9744131358126795, -16.08341062960909]",-2.1963602555590036,3.7844009109292642,0.8765686575041194,1113377307836084,360152.59731493844,504260.3036048608,31.148380222847756,native,True,360152.0160077381,504259.6475145087,27.36397931191849,"[-16.93890380859375, -6.783352851867676]",2024
"[20.17341767884459, 17.374219498782733]",-3.8132556254095675,11.186075072727476,7.598821487666278,2163701757795311,360185.94907221664,504266.20596416295,348.4601985591976,native,True,360178.6091762171,504264.23923725827,359.64627363192506,"[17.421035766601562, -12.574740409851074]",2025
"[20.17341767884459, 17.374219498782733]",-3.8132556254095675,5.97105073253789,5.945404794196547,2163701757795311,360185.94907221664,504266.20596416295,348.4601985591976,native,True,360180.57494075183,504263.6630231165,354.43124929173547,"[16.34491729736328, -14.317790031433105]",2024
"[2.2926142021927127, 16.039621129795535]",3.2101088841156695,2.1098632401529187,1.4361779673906008,1407730031543039,360163.45460668084,504260.85942704603,167.10602898892608,native,True,360162.6609847327,504262.0564113222,169.215892229079,"[14.7261962890625, -2.8735809326171875]",2025
"[2.2926142021927127, 16.039621129795535]",3.2101088841156695,0.2879947097273714,0.4442186928416541,1407730031543039,360163.45460668084,504260.85942704603,167.10602898892608,native,True,360163.70448204124,504261.2267042592,167.39402369865346,"[15.719609260559082, -1.9845190048217773]",2024
"[-6.7332259006550625, -1.4645712256825976]",-0.6694210753320533,1.8886903742061918,0.8862228355387958,4644665985853547,360145.23046914255,504280.3795425352,256.1522303114766,native,True,360144.37144801137,504280.5974269321,254.26353993727042,"[-0.6875936985015869, 6.306966781616211]",2025
"[-6.7332259006550625, -1.4645712256825976]",-0.6694210753320533,0.49074375331002784,0.5815788576259412,4644665985853547,360145.23046914255,504280.3795425352,256.1522303114766,native,True,360145.3282624435,504280.9528403966,256.64297406478664,"[-1.7029510736465454, 6.2027459144592285]",2024
"[21.02346540948644, -20.40484444916969]",8.674834325535244,12.14826454361912,19.271401616923875,2298484727642838,360140.65024008346,504313.04823736195,285.4108410359246,native,True,360122.7478572092,504305.9144019487,273.26257649230547,"[-6.972444534301758, -7.204726219177246]",2025
"[21.02346540948644, -20.40484444916969]",8.674834325535244,19.990345859409956,31.466237242664775,2298484727642838,360140.65024008346,504313.04823736195,285.4108410359246,native,True,360110.7885682203,504303.12832608476,305.40118689533455,"[2.808619976043701, 0.21939587593078613]",2024
"[-10.05750509546924, 1.788326163802377]",-8.74934191626511,8.225617089652928,1.0568887130408022,978411255289595,360172.54386717896,504320.6193851456,353.22410338906485,native,True,360171.5031105971,504320.8033402734,344.9984862994119,"[2.244141101837158, 11.011049270629883]",2025
"[-10.05750509546924, 1.788326163802377]",-8.74934191626511,7.759922329355561,1.4604467763448226,978411255289595,360172.54386717896,504320.6193851456,353.22410338906485,native,True,360172.4538771373,504319.1617135163,345.4641810597093,"[0.40792810916900635, 10.53437614440918]",2024
"[-19.90672728380378, 13.535871274686622]",5.465485206348241,5.902150173100694,1.5221964223803461,1394833675537922,360205.21622605325,504314.60090983845,23.92590491563239,native,True,360203.73493585683,504314.2503940723,29.828055088733077,"[12.503494262695312, 21.025333404541016]",2025
"[-19.90672728380378, 13.535871274686622]",5.465485206348241,3.7276972277271625,0.5952094493150507,1394833675537922,360205.21622605325,504314.60090983845,23.92590491563239,native,True,360204.7538114973,504314.22614715755,27.653602143359542,"[12.982404708862305, 20.125699996948242]",2024
"[-16.224927146505873, 0.6582395475880436]",-5.775530422128938,1.666592773018067,9.656638636879254,1395652132772836,360212.6186717645,504285.4790996788,104.2002610016034,native,True,360208.33826481056,504276.8229581555,105.86685377462146,"[-2.307766914367676, 7.035069942474365]",2025
"[-16.224927146505873, 0.6582395475880436]",-5.775530422128938,0.7858447842051248,8.859703315211435,1395652132772836,360212.6186717645,504285.4790996788,104.2002610016034,native,True,360210.3484774399,504276.9151893242,104.98610578580852,"[-0.33275890350341797, 7.4208221435546875]",2024
"[21.642101925448152, -7.447692520139791]",4.523762939345843,11.420801717645787,12.8062437834933,1400355921620343,360205.4759034122,504254.55547422264,107.0257488016855,native,True,360208.1838599624,504267.0721371631,95.60494708403971,"[-9.52645492553711, -9.005701065063477]",2025
"[21.642101925448152, -7.447692520139791]",4.523762939345843,12.082672121461997,16.38321672036616,1400355921620343,360205.4759034122,504254.55547422264,107.0257488016855,native,True,360212.8801390375,504269.17009309935,119.1084209231475,"[-5.929033279418945, -5.329423904418945]",2024
"[22.10099813340277, 17.670836432946412]",1.8236946770203843,1.8107754173257717,9.685171640677696,1659474219043827,360194.59397493093,504220.8789819656,105.45750862113835,native,True,360195.6014260049,504230.51161359163,103.64673320381259,"[15.771324157714844, -12.603924751281738]",2025
"[22.10099813340277, 17.670836432946412]",1.8236946770203843,0.5846556921237891,18.572742409155417,1659474219043827,360194.59397493093,504220.8789819656,105.45750862113835,native,True,360199.2706363374,504238.85328580986,104.87285292901456,"[16.79690933227539, -3.548828125]",2024
"[-15.639476100865458, 4.45529918940695]",0.30327979300933805,2.82942703576407,1.5766035364146003,3757320467753222,360184.3176811162,504190.7261088975,109.89330425369523,native,True,360183.4058012755,504189.4399697654,107.06387721793118,"[4.043517112731934, 14.117597579956055]",2025
"[-15.639476100865458, 4.45529918940695]",0.30327979300933805,2.3902383945627435,1.4841918091318351,3757320467753222,360184.3176811162,504190.7261088975,109.89330425369523,native,True,360183.28983113146,504189.6554316655,107.5030658591325,"[3.860291004180908, 14.279773712158203]",2024
"[9.297640638060578, 10.158821544457352]",-2.4876025192762796,4.757730784060982,1.2324907633954172,1084706981111921,360172.7961192918,504159.78433716483,109.07841537892595,native,True,360173.3573762509,504158.6870568416,104.32068459486499,"[11.010024070739746, -10.188981056213379]",2025
"[9.297640638060578, 10.158821544457352]",-2.4876025192762796,2.5170594115123777,2.177485301762364,1084706981111921,360172.7961192918,504159.78433716483,109.07841537892595,native,True,360174.25844865147,504158.1709447503,106.56135596741358,"[12.020951271057129, -10.426319122314453]",2024
"[9.017100483187487, -9.152984699147565]",-5.274329366226681,7.079299385295997,1.0317544248084325,1569936184813606,360163.02569056407,504128.34509992413,107.55053766241267,native,True,360163.14657045144,504127.3204510838,100.47123827711668,"[-8.81700325012207, -9.9926176071167]",2025
"[9.017100483187487, -9.152984699147565]",-5.274329366226681,7.004157864552212,1.9426076074174805,1569936184813606,360163.02569056407,504128.34509992413,107.55053766241267,native,True,360163.8057766966,504126.56600185425,100.54637979786047,"[-8.012455940246582, -10.589652061462402]",2024
"[-1.1630540344222786, -2.7159837447329123]",0.46948384629791917,1.6261998561979283,2.932083247388859,1966035434037497,360152.2255144523,504096.58446743246,108.93797822619024,native,True,360155.07006763807,504095.8733912459,107.31177836999231,"[0.20321941375732422, 1.4375810623168945]",2025
"[-1.1630540344222786, -2.7159837447329123]",0.46948384629791917,1.826551720071052,3.2413019517360793,1966035434037497,360152.2255144523,504096.58446743246,108.93797822619024,native,True,360155.4573310901,504096.8322567825,107.1114265061192,"[0.2498626708984375, 2.47064471244812]",2024
"[-15.268952315602943, 4.794894687504384]",-5.851287951340339,6.650609955325166,3.495452280187155,1897080597943369,360140.1340845268,504063.5842964947,110.06125082140551,native,True,360140.0067784432,504060.09116325877,103.41064086608034,"[5.528964042663574, 11.851449012756348]",2025
"[-15.268952315602943, 4.794894687504384]",-5.851287951340339,4.607070465509082,5.285773279696373,1897080597943369,360140.1340845268,504063.5842964947,110.06125082140551,native,True,360138.247039119,504058.646841807,114.66832128691458,"[4.177614212036133, 10.019346237182617]",2024
"[10.469114869393197, 13.34702891313972]",8.473188058930717,9.215921718515773,6.059196895484585,962616489483305,360128.71088285104,504033.5532297725,111.37466616997419,native,True,360130.7251426908,504039.2678272488,120.59058788848996,"[12.249950408935547, -4.510064125061035]",2025
"[10.469114869393197, 13.34702891313972]",8.473188058930717,9.85741375713036,1.5354848865113824,962616489483305,360128.71088285104,504033.5532297725,111.37466616997419,native,True,360129.1853807466,504035.01356041443,121.23207992710456,"[13.031780242919922, -8.966340065002441]",2024
"[-5.652434896943626, 1.9847414070431375]",3.7164785849764,1.1044081770033074,1.807710164173033,2210288512880939,360119.1444854562,504000.351743727,91.05155375073208,native,True,360118.7892653279,503998.5792780156,92.15596192773539,"[1.7780811786651611, 3.856576442718506]",2025
"[-5.652434896943626, 1.9847414070431375]",3.7164785849764,1.3461628356429856,1.013149671231618,2210288512880939,360119.1444854562,504000.351743727,91.05155375073208,native,True,360119.28747132677,503999.3487346058,92.39771658637507,"[2.210604429244995, 4.6647820472717285]",2024
"[7.773867505604718, -8.245769001847187]",-4.413916958369704,1.588535642823274,7.751383036687955,1039518862467428,360133.0528596273,503973.5716151353,35.618167811678525,native,True,360127.59780222824,503979.0785460187,34.02963216885524,"[-6.361762046813965, -0.2549276351928711]",2025
"[7.773867505604718, -8.245769001847187]",-4.413916958369704,2.006755710440359,4.611565227670501,1039518862467428,360133.0528596273,503973.5716151353,35.618167811678525,native,True,360128.51276120555,503974.38034263573,33.611412101238166,"[-9.906225204467773, -3.4716100692749023]",2024
"[-10.194681050653115, -6.727040739177349]",2.886426762550684,1.9009949356236007,5.205538706866498,1068673502542792,360165.8632651619,503970.6280462332,350.15053243802794,native,True,360171.0656415999,503970.446627859,352.05152737365154,"[-7.537800312042236, 5.052667617797852]",2025
"[-10.194681050653115, -6.727040739177349]",2.886426762550684,7.424488805640863,5.834924101438159,1068673502542792,360165.8632651619,503970.6280462332,350.15053243802794,native,True,360171.68440274044,503971.0289159895,357.5750212436688,"[-7.034818649291992, 4.367879867553711]",2024
"[1.0219342644104032, -15.011705890403265]",-2.6424565998051435,0.20257808952806045,2.0581166888627695,1614796256716672,360199.6908804353,503976.64319369476,347.084474668747,native,True,360198.1251124215,503975.3074486472,346.88189657921896,"[-15.878548622131348, 0.8447279930114746]",2025
"[1.0219342644104032, -15.011705890403265]",-2.6424565998051435,1.5411225297178248,2.3687686150747713,1614796256716672,360199.6908804353,503976.64319369476,347.084474668747,native,True,360198.28029952646,503974.7402154365,345.5433521390292,"[-16.46662139892578, 0.8473665714263916]",2024
"[1.4442267734420333, 1.131627803218461]",9.178986444773386,9.36789268557851,0.48714703342762444,1623097549539635,360230.81751104794,503983.41809891164,347.18431886247004,native,True,360230.3439310451,503983.3039314334,356.55221154804855,"[1.047729253768921, -0.9643588066101074]",2025
"[1.4442267734420333, 1.131627803218461]",9.178986444773386,9.648717425396228,2.5605072982624772,1623097549539635,360230.81751104794,503983.41809891164,347.18431886247004,native,True,360228.4933516559,503982.34363125515,356.83303628786626,"[0.2067444920539856, 0.9434056282043457]",2024
"[-2.812121635170165, -15.467142452495873]",-6.842024136820726,6.647911534812295,0.48268455534381444,1585086595814553,360265.8288479847,503990.3496837346,348.28538668930594,native,True,360265.37578990066,503990.5161852434,341.63747515449364,"[-15.165115356445312, 3.1886372566223145]",2025
"[-2.812121635170165, -15.467142452495873]",-6.842024136820726,8.168498457564624,1.1738294033489782,1585086595814553,360265.8288479847,503990.3496837346,348.28538668930594,native,True,360264.9236015432,503991.0969483117,340.1168882317413,"[-14.470641136169434, 3.432492971420288]",2024
"[-9.577031251108462, -17.390953763095656]",-0.20381848934039226,0.30892038588399373,0.7477682122788345,1605463537903045,360296.4594195853,503997.18667273317,346.64073882745475,native,True,360297.2067396364,503997.1607875915,346.94965921333875,"[-17.59137535095215, 8.856622695922852]",2025
"[-9.577031251108462, -17.390953763095656]",-0.20381848934039226,0.4374542187478596,0.8011026772700429,1605463537903045,360296.4594195853,503997.18667273317,346.64073882745475,native,True,360296.54258199234,503997.9834471765,346.2032846087069,"[-16.635902404785156, 9.309331893920898]",2024
"[4.011350637514551, -22.1488080101692]",-7.035245201361761,9.70631921836872,3.7641166778853554,3789502397873420,360329.7389217006,504003.7331037838,344.91925715035035,native,True,360326.0325623983,504004.3899714164,335.2129379319816,"[-20.14488983154297, -0.8249912261962891]",2025
"[4.011350637514551, -22.1488080101692]",-7.035245201361761,6.8766447788952405,3.436001572156461,3789502397873420,360329.7389217006,504003.7331037838,344.91925715035035,native,True,360326.3360592528,504004.20916466747,338.0426123714551,"[-20.426654815673828, -1.038087248802185]",2024
"[-9.383877659630407, 9.198665835074074]",-8.337062201042443,6.5893990722256035,4.377710001450329,1950003419008286,360363.1358821056,504010.94987133984,349.8785002006545,native,True,360367.5135566774,504010.96748385084,343.2891011284289,"[7.829318523406982, 5.2258453369140625]",2025
"[-9.383877659630407, 9.198665835074074]",-8.337062201042443,8.981997386164437,2.187641548176332,1950003419008286,360363.1358821056,504010.94987133984,349.8785002006545,native,True,360364.62194649875,504009.3444467347,340.8965028144901,"[7.205319881439209, 8.482574462890625]",2024
"[-10.29522087913502, 6.675698879311712]",-6.495003192321349,4.6474873431417905,1.6555814130448754,1783034616269773,360394.11981327285,504016.33189696353,349.3653990519746,native,True,360393.2334227251,504014.93359026895,344.7179117088328,"[5.600492000579834, 11.5541410446167]",2025
"[-10.29522087913502, 6.675698879311712]",-6.495003192321349,5.122963940322336,1.6162949936791593,1783034616269773,360394.11981327285,504016.33189696353,349.3653990519746,native,True,360394.5356541626,504014.7700116089,344.24243511165224,"[5.060617923736572, 10.357854843139648]",2024
"[7.698768933538071, -1.13922588843421]",9.077511800668105,4.994738648176451,2.1379446237595516,1751971182727263,360428.991711286,504022.2797679808,350.0611522646833,native,True,360427.34181522584,504020.920117215,355.05589091285975,"[-2.4739208221435547, -6.02862024307251]",2025
"[7.698768933538071, -1.13922588843421]",9.077511800668105,8.210707933463027,1.231809548430087,1751971182727263,360428.991711286,504022.2797679808,350.0611522646833,native,True,360429.3286433674,504021.09493401094,358.2718601981463,"[-2.328990936279297, -8.017851829528809]",2024
"[22.105495707256036, -5.929749576871264]",-7.590121279440325,8.861409120749897,15.060027808965195,1041946372000040,360460.61334308796,504027.6650502281,349.5307363918364,native,True,360446.1912934477,504023.3281248448,340.6693272710865,"[-5.582147121429443, -7.049479961395264]",2025
"[22.105495707256036, -5.929749576871264]",-7.590121279440325,18.727332033417042,27.855507573551993,1041946372000040,360460.61334308796,504027.6650502281,349.5307363918364,native,True,360433.6155610397,504020.80581800756,330.80340435841936,"[-4.0816850662231445, 5.6886396408081055]",2024
"[19.399206536562957, 12.666797588300454]",-5.987298730694533,4.214497722419537,8.102462267903453,1058349307017059,360492.22805497993,504032.4493259415,350.455605222158,native,True,360484.2301988198,504031.1515618473,346.24110749973846,"[13.558021545410156, -11.345908164978027]",2025
"[19.399206536562957, 12.666797588300454]",-5.987298730694533,7.391854377438165,9.551546521312632,1058349307017059,360492.22805497993,504032.4493259415,350.455605222158,native,True,360483.1512518808,504029.4754923133,343.06375084471983,"[12.23206901550293, -9.857558250427246]",2024
"[9.990700789957582, 21.56896421529277]",-9.875916858056655,9.239354718004222,2.289177083359098,1588073185524588,360526.7575126549,504038.45668191835,349.1696028052205,native,True,360524.5760096416,504037.7628690315,339.9302480872163,"[21.691299438476562, -7.704794883728027]",2025
"[9.990700789957582, 21.56896421529277]",-9.875916858056655,9.947285535845538,2.1785250983465554,1588073185524588,360526.7575126549,504038.45668191835,349.1696028052205,native,True,360524.62706194824,504038.00154304865,339.22231726937497,"[21.89650535583496, -7.836939334869385]",2024
"[-15.543694028917498, 10.294708703762648]",-7.000634216850983,6.94436068116687,7.027559761652851,1098905325943467,360560.68061371776,504043.917289393,350.5254085542267,native,True,360567.7081703781,504043.9238916003,357.4697692353936,"[8.308019638061523, 8.802799224853516]",2025
"[-15.543694028917498, 10.294708703762648]",-7.000634216850983,0.22981509479893703,3.7615058998595408,1098905325943467,360560.68061371776,504043.917289393,350.5254085542267,native,True,360564.03216469905,504042.2096498952,350.2955934594278,"[7.70667839050293, 12.814037322998047]",2024
"[18.076574921618757, -17.185993658359532]",-6.065126177072614,6.39189103156491,7.303107064530356,3499536660219793,360594.0596022819,504048.21201448794,352.13471761739805,native,True,360586.8322341858,504047.162956244,345.74282658583314,"[-16.464258193969727, -10.809218406677246]",2025
"[18.076574921618757, -17.185993658359532]",-6.065126177072614,9.793264303782962,6.229093201593892,3499536660219793,360594.0596022819,504048.21201448794,352.13471761739805,native,True,360587.99462874996,504046.791557459,342.3414533136151,"[-17.104572296142578, -11.848013877868652]",2024
"[5.486853695913439, -11.331978526720269]",9.418000040432787,9.91820095277086,2.799319487510624,2175866539657391,360627.0786677387,504052.1780074034,348.42048951318594,native,True,360624.6141501896,504053.5055400182,358.3386904659568,"[-9.912437438964844, -3.074159622192383]",2025
"[5.486853695913439, -11.331978526720269]",9.418000040432787,7.926988623221632,3.2216251652331187,2175866539657391,360627.0786677387,504052.1780074034,348.42048951318594,native,True,360623.8923314394,504051.70247644425,356.3474781364076,"[-11.686993598937988, -2.284849166870117]",2024
"[14.086886065756218, -9.34706784717905]",2.896819021986232,2.768337927112384,3.101954842332319,1470108621835604,360656.9868018321,504057.98584541585,350.7771210413869,native,True,360653.9158751601,504058.42349049915,353.5454589684993,"[-8.573713302612305, -11.082880973815918]",2025
"[14.086886065756218, -9.34706784717905]",2.896819021986232,2.365847770395874,2.6223026898209887,1470108621835604,360656.9868018321,504057.98584541585,350.7771210413869,native,True,360654.36590478884,504057.89999621286,353.1429688117828,"[-9.143607139587402, -11.472488403320312]",2024
"[-14.603838088014886, 13.266986094762176]",-9.677281498632837,7.759926235607111,3.423662593096099,1261127602821029,360680.909761988,504040.49847353157,76.3375943069395,native,True,360677.50558311155,504040.13373838295,68.57766807133238,"[9.996862411499023, 15.617621421813965]",2025
"[-14.603838088014886, 13.266986094762176]",-9.677281498632837,5.503804221089183,3.7498327805588443,1261127602821029,360680.909761988,504040.49847353157,76.3375943069395,native,True,360677.2443836922,504041.2898317508,70.8337900858503,"[10.215059280395508, 16.782596588134766]",2024
"[-20.23471658962561, 14.297910119920719]",5.206673465197966,5.860024333734486,3.799268402513708,1810167326654101,360686.993854056,504006.6269094348,79.55305043736588,native,True,360684.0644745794,504004.20757558505,85.41307477110038,"[11.159810066223145, 18.093042373657227]",2025
"[-20.23471658962561, 14.297910119920719]",5.206673465197966,6.7764745909860835,4.117676071201173,1810167326654101,360686.993854056,504006.6269094348,79.55305043736588,native,True,360682.9502323563,504007.4043280976,86.32952502835195,"[10.342192649841309, 21.37820053100586]",2024
"[-19.60683630695939, -10.357094099626048]",4.956407896206599,13.43314154079917,11.980400371600474,28353982287585850,360692.8649872906,503972.47876364924,79.66269750615494,native,True,360696.0597899723,503960.93219580903,66.22955596535576,"[-8.259164810180664, 7.811553955078125]",2025
"[-19.60683630695939, -10.357094099626048]",4.956407896206599,3.2668390425396012,6.220880678286996,28353982287585850,360692.8649872906,503972.47876364924,79.66269750615494,native,True,360693.5658629508,503966.297491149,76.39585846361534,"[-10.238964080810547, 13.387077331542969]",2024
"[8.326672226500795, 8.46639494519839]",-6.63715471041823,8.522470044080876,4.738133119035874,3724194881070199,360698.43418773764,503941.5210407255,79.67306387451882,native,True,360694.3861917277,503943.9834853964,71.15059383043796,"[5.313009262084961, -4.790280818939209]",2025
"[8.326672226500795, 8.46639494519839]",-6.63715471041823,8.926676037555353,5.105472278776599,3724194881070199,360698.43418773764,503941.5210407255,79.67306387451882,native,True,360693.7207087618,503943.4829181767,70.74638783696345,"[4.530431270599365, -5.074897766113281]",2024
"[-9.611242006991011, 17.919267455706436]",-1.2523605222595222,3.6483911458456078,4.469095804359377,2127011918227183,360690.3178709857,503914.0249450132,113.26557597296303,native,True,360686.1293353383,503915.58346560627,116.91396711880863,"[13.451921463012695, 9.486193656921387]",2025
"[-9.611242006991011, 17.919267455706436]",-1.2523605222595222,2.6724151034935346,3.98554976806721,2127011918227183,360690.3178709857,503914.0249450132,113.26557597296303,native,True,360686.6243566221,503915.5224624921,115.93799107645657,"[13.933719635009766, 9.615181922912598]",2024
"[-18.975016216217117, -16.26337671432852]",-1.1804938458912488,0.7461818646137885,7.826712995944568,1050395951111401,360694.0420611825,503880.718190806,80.30233984358654,native,True,360692.75909221696,503872.9973471374,79.55615797897276,"[-18.980377197265625, 11.63503360748291]",2025
"[-18.975016216217117, -16.26337671432852]",-1.1804938458912488,0.7070329724153908,13.369707218724063,1050395951111401,360694.0420611825,503880.718190806,80.30233984358654,native,True,360693.69172321603,503867.3530744794,79.59530687117115,"[-19.129697799682617, 5.916177272796631]",2024
"[11.475311369664535, 12.498861531686416]",1.851528985061421,3.2803028092204727,9.234060394394506,1833929260931559,360699.44298365375,503847.9524849532,78.503812065449,native,True,360696.60048186645,503856.7381582317,81.78411487466946,"[11.168463706970215, -2.337592124938965]",2025
"[11.475311369664535, 12.498861531686416]",1.851528985061421,3.2398479363842796,9.116472160389009,1833929260931559,360699.44298365375,503847.9524849532,78.503812065449,native,True,360696.34143741673,503856.52514356014,81.74366000183328,"[10.877392768859863, -2.5041964054107666]",2024
"[8.635009457750929, 18.195445338001814]",-3.9964615209487704,3.854776715743526,7.177886899091139,1547432720042956,360704.86164560367,503815.27723250724,80.3573212672232,native,True,360701.57835378504,503821.6601828572,76.50254455147967,"[16.50988006591797, -1.6578373908996582]",2025
"[8.635009457750929, 18.195445338001814]",-3.9964615209487704,0.9269786938545792,5.795115464221721,1547432720042956,360704.86164560367,503815.27723250724,80.3573212672232,native,True,360702.05433901655,503820.34698525956,79.43034257336862,"[16.662782669067383, -3.046243190765381]",2024
"[7.492472609835791, -9.434891861941013]",-0.7030893339949209,5.6812011662083535,4.354471635826042,948728088280240,360720.42209097266,503787.8620452555,31.342302735199002,native,True,360716.61525379313,503789.976144098,25.66110156899064,"[-9.556015014648438, -3.139685869216919]",2025
"[7.492472609835791, -9.434891861941013]",-0.7030893339949209,7.64932149749896,4.5290902342731965,948728088280240,360720.42209097266,503787.8620452555,31.342302735199002,native,True,360716.05505432066,503789.06273223815,23.692981237700046,"[-10.627403259277344, -3.1231963634490967]",2024
"[-2.4283554286088402, -10.583814695662005]",1.9243925147662821,1.0107157793296722,1.2053060760146144,1085515110888108,360727.5431572441,503758.03646339476,81.9371883405536,native,True,360726.34471006994,503757.9080612623,82.94790411988328,"[-11.7891206741333, 2.428840398788452]",2025
"[-2.4283554286088402, -10.583814695662005]",1.9243925147662821,1.4668653210183038,1.4330909452844078,1085515110888108,360727.5431572441,503758.03646339476,81.9371883405536,native,True,360726.1841842768,503757.5815544681,83.40405366157192,"[-11.98363971710205, 2.121370792388916]",2024
"[20.41699145426255, -20.54485871757297]",-7.359073565521157,8.004335140578917,2.698122138960282,1414526570784660,360749.53874211723,503742.96506125573,350.7055676122848,native,True,360746.9924111007,503742.0728385083,342.7012324717059,"[-20.669921875, -17.721769332885742]",2025
"[20.41699145426255, -20.54485871757297]",-7.359073565521157,3.639963144305625,2.2751056158434477,1414526570784660,360749.53874211723,503742.96506125573,350.7055676122848,native,True,360747.26633541624,503742.85427611007,347.0656044679792,"[-19.99976348876953, -18.20815086364746]",2024
"[-6.584306878376098, 5.371765511729749]",-5.604337084580777,5.269942899107889,1.4987724232977047,4655499598016038,360783.9939634348,503748.48009199556,350.10718637867046,native,True,360783.6112574467,503747.03100438486,344.8372434795626,"[4.0776166915893555, 7.3402814865112305]",2025
"[-6.584306878376098, 5.371765511729749]",-5.604337084580777,7.070925194625374,2.3924325146988763,4655499598016038,360783.9939634348,503748.48009199556,350.10718637867046,native,True,360783.43127196206,503746.1547723092,343.0362611840451,"[3.2813315391540527, 7.747844219207764]",2024
"[22.196450411523166, -9.8485845846794]",-4.479097542094394,12.099106472686515,16.897842828788843,3033300290207352,360817.63395764213,503753.72948514856,351.99106902931936,native,True,360800.9396907645,503751.1144238327,339.89196255663285,"[-8.791881561279297, -5.3316802978515625]",2025
"[22.196450411523166, -9.8485845846794]",-4.479097542094394,12.268126426310687,21.419949946596738,3033300290207352,360817.63395764213,503753.72948514856,351.99106902931936,native,True,360796.74932905094,503748.9706466009,339.7229426030087,"[-9.97883415222168, -0.7768964767456055]",2024
"[-20.15321615261748, -6.972581954166941]",9.87751076958628,17.6936680386913,6.675084924788672,1423796489689610,360849.0187159285,503754.3348842468,5.7238110324634,native,True,360855.51862386113,503752.8156885319,23.41747907115471,"[-6.687706470489502, 13.484212875366211]",2025
"[-20.15321615261748, -6.972581954166941]",9.87751076958628,27.251015009456722,11.135441228255752,1423796489689610,360849.0187159285,503754.3348842468,5.7238110324634,native,True,360858.98613696295,503749.3701516992,32.97482604192013,"[-9.073737144470215, 9.217805862426758]",2024
"[-5.0720761154305585, -4.8038378582824075]",6.4609772203970905,9.135415519151195,0.6442908989728329,2132600394311539,360880.1354032153,503744.7996306652,26.658949271794334,native,True,360879.505407914,503744.66466147307,35.794364790945544,"[-5.261103630065918, 5.5259690284729]",2025
"[-5.0720761154305585, -4.8038378582824075]",6.4609772203970905,6.79472429643198,2.2796807091722315,2132600394311539,360880.1354032153,503744.7996306652,26.658949271794334,native,True,360878.3859254799,503743.33803161315,33.45367356822631,"[-6.983871936798096, 5.738706111907959]",2024
"[-13.178596342717057, -14.644036274350091]",-4.744037194425189,6.700752554655907,1.964064057368261,989523250818847,360908.6289439254,503724.0568379499,34.753324911071644,native,True,360907.3415203855,503725.54010739626,28.052572356415734,"[-14.003499984741211, 15.035276412963867]",2025
"[-13.178596342717057, -14.644036274350091]",-4.744037194425189,6.787815405342116,2.1556635575321765,989523250818847,360908.6289439254,503724.0568379499,34.753324911071644,native,True,360906.5642250162,503724.6763709994,27.965509505729518,"[-15.140204429626465, 15.276381492614746]",2024
"[7.3784720206529135, 3.7930748855464085]",-4.238741015149117,2.2162501561138015,3.8378975750482693,1632250488424820,360931.21201359126,503742.673667931,307.71114265255073,native,True,360928.3570999119,503745.23860958335,305.49489249643693,"[7.589161396026611, -7.943436622619629]",2025
"[7.3784720206529135, 3.7930748855464085]",-4.238741015149117,2.8359003189654004,4.813048391082699,1632250488424820,360931.21201359126,503742.673667931,307.71114265255073,native,True,360926.4353325819,503743.2642213579,304.87524233358533,"[8.103261947631836, -5.236575126647949]",2024
"[8.736475112867462, 13.069658871790176]",0.8628324443774247,1.4869619379115875,4.321943789804512,2077858049513350,360958.9264981925,503738.99869255535,36.57943141067384,native,True,360954.78935459565,503737.7483961979,35.092469472762254,"[9.56174087524414, -6.211854457855225]",2025
"[8.736475112867462, 13.069658871790176]",0.8628324443774247,1.3100616550231052,1.8964486209341531,2077858049513350,360958.9264981925,503738.99869255535,36.57943141067384,native,True,360957.37371711864,503737.9099371611,37.88949306569693,"[11.261192321777344, -8.16554069519043]",2024
"[8.884607174691105, -10.323826831994145]",3.791449615632061,5.577068370598312,1.2595738732906967,1589393802867647,360989.10427757644,503724.1385183977,3.2836355909824206,native,True,360987.8511931879,503724.2662127884,8.86070396158074,"[-10.351447105407715, -7.625336170196533]",2025
"[8.884607174691105, -10.323826831994145]",3.791449615632061,5.68373231093517,1.7362499173943478,1589393802867647,360989.10427757644,503724.1385183977,3.2836355909824206,native,True,360987.5892881356,503723.2903611188,8.967367901917582,"[-11.352127075195312, -7.485620975494385]",2024
"[-1.6306637639617565, 2.1752882465777383]",4.1328737014398484,7.941406756638855,4.168932579238023,1390751626576697,361021.37273823074,503733.2989859199,327.7075825822231,native,True,361017.7339348582,503735.33346591884,335.64898933886195,"[5.686215400695801, 3.87863826751709]",2025
"[-1.6306637639617565, 2.1752882465777383]",4.1328737014398484,0.7303447262240752,3.0927198773821445,1390751626576697,361021.37273823074,503733.2989859199,327.7075825822231,native,True,361018.5485829714,503734.55956646515,328.4379273084472,"[4.619461536407471, 3.525639533996582]",2024
"[-13.70168690954445, -18.81080620695019]",6.206946733515508,6.46523614450598,5.320357132353275,1779130370087030,361045.8460264687,503753.44114216417,320.3654600271832,native,True,361049.1285491725,503757.62817508914,326.83069617168917,"[-17.124666213989258, 8.655586242675781]",2025
"[-13.70168690954445, -18.81080620695019]",6.206946733515508,6.819007311088569,1.594444187548311,1779130370087030,361045.8460264687,503753.44114216417,320.3654600271832,native,True,361046.5213866139,503754.8854900937,327.18446733827176,"[-17.9774227142334, 12.342376708984375]",2024
"[-9.89745164967179, 10.98922350297926]",-7.209987336558186,10.063361870088272,7.122815138648248,1081892811088637,361071.6103484227,503775.00968521927,319.9919728113934,native,True,361077.70283527015,503778.6996851533,309.9286109413051,"[9.023969650268555, 3.051118850708008]",2025
"[-9.89745164967179, 10.98922350297926]",-7.209987336558186,4.321582764806067,3.5220942635264083,1081892811088637,361071.6103484227,503775.00968521927,319.9919728113934,native,True,361074.4875975529,503777.0410850923,315.67039004658733,"[10.257233619689941, 6.452260971069336]",2024
"[9.781886754801041, 10.840431785030324]",-8.181697797323295,8.617819962519377,0.7423428402364672,1571657080838112,361097.6871538623,503796.1688923789,321.71023488531455,native,True,361098.2498180571,503796.6531256867,313.0924149227952,"[10.765981674194336, -10.520486831665039]",2025
"[9.781886754801041, 10.840431785030324]",-8.181697797323295,7.299740064337868,0.7028829812837937,1571657080838112,361097.6871538623,503796.1688923789,321.71023488531455,native,True,361097.0845639149,503795.8070500919,314.4104948209767,"[11.028121948242188, -9.10452651977539]",2024
"[2.7017782858972272, 2.532055035695402]",-7.783075920117881,5.942505975849713,0.9631142767793437,952888117221424,361123.05922481813,503818.2571096383,316.61607292312294,native,True,361123.48249310977,503819.1222298978,310.67356694727323,"[2.74481463432312, -3.6410984992980957]",2025
"[2.7017782858972272, 2.532055035695402]",-7.783075920117881,8.886474098866472,0.893720607255609,952888117221424,361123.05922481813,503818.2571096383,316.61607292312294,native,True,361122.17577405326,503818.1220123775,307.72959882425647,"[3.1355297565460205, -2.0425705909729004]",2024
"[5.824948763298288, -17.260860732610684]",-8.863630300116938,9.422147125510662,0.7695697754664734,1088755186866756,361149.29993063095,503840.03393467236,320.98889387954176,native,True,361148.8371620587,503839.41905022156,311.5667467540311,"[-17.33007049560547, -5.058497428894043]",2025
"[5.824948763298288, -17.260860732610684]",-8.863630300116938,9.744162889242205,3.3213441907323595,1088755186866756,361149.29993063095,503840.03393467236,320.98889387954176,native,True,361146.7703357179,503837.8816157348,311.24473099029956,"[-16.828386306762695, -2.531881332397461]",2024
"[13.092077865657128, -1.3773407010115992]",6.397136339237818,10.513813792557642,0.2928238282890736,1666620238369939,361173.00583708816,503862.9563626265,292.94851285843356,native,True,361172.77050340164,503863.13061488734,303.4623266509912,"[-1.086808204650879, -13.12863826751709]",2025
"[13.092077865657128, -1.3773407010115992]",6.397136339237818,8.122276058914167,1.2570933683233294,1666620238369939,361173.00583708816,503862.9563626265,292.94851285843356,native,True,361173.5601924009,503864.0846240873,301.0707889173477,"[-1.3076255321502686, -14.347236633300781]",2024
"[-11.97797709474916, -20.34085041782736]",3.1326421045083066,3.5822225895328756,1.8061622340368464,1762029464919045,361156.16527727724,503890.4513906976,230.02804423733778,native,True,361157.7385125869,503891.3386069486,233.61026682687066,"[-22.131893157958984, 12.211189270019531]",2025
"[-11.97797709474916, -20.34085041782736]",3.1326421045083066,0.9220835949388686,2.598044244069351,1762029464919045,361156.16527727724,503890.4513906976,230.02804423733778,native,True,361158.6298547947,503889.62938610243,230.95012783227665,"[-21.820449829101562, 14.113537788391113]",2024
"[3.813146462549279, 0.20840710798602416]",-8.058651102678024,8.169687826774236,2.0343233580736597,1132839019071351,361142.207623885,503903.8411272457,30.809075166005442,native,True,361142.55408341315,503905.84573127655,22.63938733923122,"[2.1910312175750732, -3.3574347496032715]",2025
"[3.813146462549279, 0.20840710798602416]",-8.058651102678024,9.797686053071175,1.5964277443031303,1132839019071351,361142.207623885,503903.8411272457,30.809075166005442,native,True,361142.0010809324,503905.42413752724,21.01138911293427,"[1.588382363319397, -3.0104947090148926]",2024
"[-4.974901620180892, -20.255314878865168]",-7.311398965044141,6.502822803891149,1.6037727370984216,1796949328283937,361165.4447950305,503879.9005597392,49.11875024070156,native,True,361166.51399585744,503878.70519511536,42.61592743681041,"[-20.433568954467773, 3.381065845489502]",2025
"[-4.974901620180892, -20.255314878865168]",-7.311398965044141,7.116404373649033,1.0588431579256323,1796949328283937,361165.4447950305,503879.9005597392,49.11875024070156,native,True,361166.3012011768,503879.2778902075,42.00234586705253,"[-20.148542404174805, 3.9214556217193604]",2024
"[12.04178437396226, -20.362945361056795]",-6.666266701522943,16.62704552843425,14.284113715782333,1457053619817270,361163.461901341,503852.34058410395,137.93171992162561,native,True,361172.08991198754,503840.9566771767,154.55876545005987,"[-6.369358539581299, -14.908041954040527]",2025
"[12.04178437396226, -20.362945361056795]",-6.666266701522943,10.7405763696936,16.891799624629108,1457053619817270,361163.461901341,503852.34058410395,137.93171992162561,native,True,361177.71583578555,503843.27646542597,127.19114355193202,"[-3.670578718185425, -9.453775405883789]",2024
"[16.22900250698316, -17.144636582746475]",-3.9298710488354516,8.061277973740061,3.089032735730642,1837757387401780,361139.2848980101,503832.87409963924,140.0515130566729,native,True,361142.0430680818,503834.2650062134,131.99023508293283,"[-16.235450744628906, -13.276799201965332]",2025
"[16.22900250698316, -17.144636582746475]",-3.9298710488354516,14.012002615037659,5.7016401282102205,1837757387401780,361139.2848980101,503832.87409963924,140.0515130566729,native,True,361144.68094008684,503834.71568321256,126.03951044163522,"[-14.731917381286621, -11.063009262084961]",2024
"[-7.2283916834803925, 9.748106095797377]",-3.0993717870329647,3.464608277252836,3.43424610488858,910305541902539,361113.2990068514,503811.5212163888,139.70288319418458,native,True,361113.75852697145,503814.9245805433,136.23827491693174,"[7.590874671936035, 9.900544166564941]",2025
"[-7.2283916834803925, 9.748106095797377]",-3.0993717870329647,3.2829009468975414,2.5892197934203462,910305541902539,361113.2990068514,503811.5212163888,139.70288319418458,native,True,361113.6755024042,503814.08291704213,136.41998224728704,"[8.145400047302246, 9.261958122253418]",2024
"[-11.276615996568587, -12.748281908217397]",-6.015722885447353,9.06304729848324,0.6605863397544233,943623705468611,361124.27563437924,503784.4712108318,49.80342135264164,native,True,361124.90486819117,503784.2701160228,40.74037405415839,"[-12.45803165435791, 10.683211326599121]",2025
"[-11.276615996568587, -12.748281908217397]",-6.015722885447353,8.1059665251953,0.7311664615368361,943623705468611,361124.27563437924,503784.4712108318,49.80342135264164,native,True,361124.0894634043,503783.7641431104,41.69745482744635,"[-13.387548446655273, 10.921731948852539]",2024
"[11.822710830034913, 7.4034712346972995]",4.316161634599496,4.472686224671463,2.414089203351193,29302096676059304,361152.32174410915,503793.66742612515,319.9515651069156,native,True,361152.38714665873,503791.25422302797,324.4242513315871,"[5.406347274780273, -10.4664945602417]",2025
"[11.822710830034913, 7.4034712346972995]",4.316161634599496,4.37652345582984,2.117189026282503,29302096676059304,361152.32174410915,503793.66742612515,319.9515651069156,native,True,361152.80355147173,503791.6057881748,324.32808856274545,"[5.448552131652832, -11.00982666015625]",2024
"[19.675566544924987, -18.855618373876258]",5.641812144021799,7.7532503545646705,16.90801216076556,945959455229054,361178.48574524716,503815.7914123349,319.40193817603665,native,True,361161.64902117325,503817.342411267,327.1551885306013,"[-7.937821388244629, -6.765005588531494]",2025
"[19.675566544924987, -18.855618373876258]",5.641812144021799,16.854959939448122,10.64638866489169,945959455229054,361178.48574524716,503815.7914123349,319.40193817603665,native,True,361168.8313927031,503820.2790696925,336.2568981154848,"[-9.646111488342285, -14.3341646194458]",2024
"[15.694241990105827, 0.5714288867385787]",-6.271234669343528,7.87548858873572,1.739093949321876,1673666160842107,361202.9486604999,503836.40604008455,318.7916284373411,native,True,361204.5883460032,503836.98559095786,310.9161398486054,"[-0.24538874626159668, -17.229578018188477]",2025
"[15.694241990105827, 0.5714288867385787]",-6.271234669343528,8.822496425476857,1.1374291546972672,1673666160842107,361202.9486604999,503836.40604008455,318.7916284373411,native,True,361204.0849874803,503836.35597936634,309.96913201186425,"[-0.29991960525512695, -16.425334930419922]",2024
"[-12.8878649426532, 11.024208618557221]",-0.549489801134257,5.387483291113313,1.8193271939419822,1090951123865054,361229.35377108154,503858.7442823788,319.919795509785,native,True,361229.93582809356,503857.0205767562,325.3072788008983,"[9.337013244628906, 13.568543434143066]",2025
"[-12.8878649426532, 11.024208618557221]",-0.549489801134257,1.916894471407602,1.948333419951385,1090951123865054,361229.35377108154,503858.7442823788,319.919795509785,native,True,361229.46567294694,503856.7991651361,321.8366899811926,"[9.475126266479492, 14.069536209106445]",2024
"[-11.461201826528697, 4.413267914973244]",-7.442632084407023,6.845382928201104,2.7221821273317404,2599151813871531,361254.8027265823,503880.00557597354,319.1352500356382,native,True,361257.42901402735,503879.28941273084,312.2898671074371,"[1.9758117198944092, 10.249144554138184]",2025
"[-11.461201826528697, 4.413267914973244]",-7.442632084407023,8.546035319083728,3.3715280716492084,2599151813871531,361254.8027265823,503880.00557597354,319.1352500356382,native,True,361257.7779445297,503881.59153930953,310.58921471655447,"[3.2464799880981445, 8.298006057739258]",2024
"[-10.468036497617108, -0.3444398084585272]",-9.68035871207644,9.992977896074422,4.708103277962495,1597452008592561,361281.9459420293,503902.72692003846,319.49911736546557,native,True,361285.6540208008,503899.82581881643,309.50613946939114,"[-5.050271034240723, 10.321786880493164]",2025
"[-10.468036497617108, -0.3444398084585272]",-9.68035871207644,9.782890170695396,4.233475122293787,1597452008592561,361281.9459420293,503902.72692003846,319.49911736546557,native,True,361285.46901935537,503900.37953047437,309.71622719477017,"[-4.553600788116455, 10.014963150024414]",2024
"[-20.213651420934394, 11.571069783037148]",3.222610575580063,2.0931469095692137,7.4740925715617,1591043065903450,361306.3013394185,503923.1993527394,319.37232726574774,native,True,361313.342223095,503925.70694457664,321.46547417531696,"[9.286046028137207, 13.097421646118164]",2025
"[-20.213651420934394, 11.571069783037148]",3.222610575580063,1.329302380808599,4.428795982552691,1591043065903450,361306.3013394185,503923.1993527394,319.37232726574774,native,True,361310.5679268626,503924.38698291616,320.70162964655634,"[9.922755241394043, 16.10301971435547]",2024
"[-10.350248143354342, 3.736893062002209]",-4.960667802704165,1.518473508660236,3.2936283664972756,1112966985014802,361331.9141680186,503944.78736955114,319.4289408658014,native,True,361335.0867347528,503943.9026051002,317.91046735714116,"[0.8530373573303223, 8.759222030639648]",2025
"[-10.350248143354342, 3.736893062002209]",-4.960667802704165,1.7162290452198476,2.1955919731390376,1112966985014802,361331.9141680186,503944.78736955114,319.4289408658014,native,True,361333.92534786335,503943.9065859542,317.71271182058155,"[1.6846363544464111, 9.56994915008545]",2024
"[-2.665306848605527, 19.752181761741465]",-2.790270094327809,5.2478567420431546,1.2958484767355467,2366348720838280,361357.22639762436,503965.9155402966,319.33710303448834,native,True,361358.29028522695,503965.1756981217,314.0892462924452,"[18.483402252197266, 2.4018266201019287]",2025
"[-2.665306848605527, 19.752181761741465]",-2.790270094327809,3.7888407063045975,0.7719418537667172,2366348720838280,361357.22639762436,503965.9155402966,319.33710303448834,native,True,361357.6628770816,503965.2788457788,315.54826232818374,"[18.989788055419922, 2.786344289779663]",2024
"[-15.180506662264232, -20.760030409622797]",-7.467504438691435,8.727147131598883,6.640007923350789,1572977703746490,361381.6841147716,503988.2561406791,315.26503124108785,native,True,361384.42478581547,503994.3041508851,323.99217837268674,"[-19.218996047973633, 8.721797943115234]",2025
"[-15.180506662264232, -20.760030409622797]",-7.467504438691435,17.625751627324632,10.915334556487133,1572977703746490,361381.6841147716,503988.2561406791,315.26503124108785,native,True,361386.6041620162,503997.9997367089,332.8907828684125,"[-18.67617416381836, 4.465933799743652]",2024
"[3.8418838446128434, 8.975842907820113]",-1.5941689526003415,3.8279454811944333,5.471549814044884,1579563780527774,361404.36574653024,504011.34464292694,313.0300471049002,native,True,361404.99793708697,504005.90973791695,316.8579925860946,"[4.905172348022461, -0.18572485446929932]",2025
"[3.8418838446128434, 8.975842907820113]",-1.5941689526003415,1.1630638583461064,4.852326445873155,1579563780527774,361404.36574653024,504011.34464292694,313.0300471049002,native,True,361406.0819656231,504006.80595765886,311.86698324655407,"[4.685581207275391, -1.5750079154968262]",2024
"[-0.9156872710138902, 3.8700631844360847]",8.05048991485512,5.6060291977316865,4.720765685011249,1077445214894446,361428.2353577773,504036.8110457519,310.8947311561234,native,True,361424.1781214131,504034.39765358774,316.50076035385507,"[4.714880466461182, 5.560244560241699]",2025
"[-0.9156872710138902, 3.8700631844360847]",8.05048991485512,7.362838188793376,3.14926151431208,1077445214894446,361428.2353577773,504036.8110457519,310.8947311561234,native,True,361425.5796084012,504035.11846094247,318.25756934491676,"[4.337959289550781, 4.029996395111084]",2024
"[-2.3703861307547918, 6.525314471023872]",6.734626208630061,6.9891625290898105,4.538626729330428,1714471442944128,361449.2520025681,504060.74706808943,311.00182836492553,native,True,361446.47243903903,504057.15914958756,317.99099089401534,"[5.739415168762207, 6.840452671051025]",2025
"[-2.3703861307547918, 6.525314471023872]",6.734626208630061,6.684075131899704,3.850441437861778,1714471442944128,361449.2520025681,504060.74706808943,311.00182836492553,native,True,361447.48563654756,504057.3256867386,317.68590349682523,"[5.181244850158691, 5.978623390197754]",2024
"[-4.691469755920563, 11.713938112228861]",4.674407105501302,2.536234233182313,3.371918015360489,1347449930528506,361472.5967279173,504087.4096917212,309.77782126276634,native,True,361471.19863617735,504084.341276725,312.31405549594865,"[10.563089370727539, 7.86091423034668]",2025
"[-4.691469755920563, 11.713938112228861]",4.674407105501302,4.59276921277575,3.410692054419311,1347449930528506,361472.5967279173,504087.4096917212,309.77782126276634,native,True,361472.41989755956,504084.0035867148,314.3705904755421,"[9.454821586608887, 7.246702194213867]",2024
"[21.85696033033859, -4.616226480955835]",8.229073075739507,11.889174686151932,9.262172303672749,1413652087402340,361492.29492151755,504113.28688474465,303.597875428812,native,True,361485.8025415772,504106.6810662115,315.48705011496395,"[-4.183657169342041, -12.604894638061523]",2025
"[21.85696033033859, -4.616226480955835]",8.229073075739507,1.5171001937238202,6.796634492549992,1413652087402340,361492.29492151755,504113.28688474465,303.597875428812,native,True,361488.27693659515,504107.8050932867,305.11497562253584,"[-5.277888774871826, -15.092609405517578]",2024
"[1.807920885132568, -5.9829505428826915]",3.041536533574515,2.5157595297556554,4.881457167566218,921953573931750,361509.1497128202,504141.219079501,297.86871804825813,native,True,361506.52945252566,504137.1004802163,295.3529585185025,"[-5.850541114807129, 3.07174015045166]",2025
"[1.807920885132568, -5.9829505428826915]",3.041536533574515,0.7172114030693137,3.8541172478770043,921953573931750,361509.1497128202,504141.219079501,297.86871804825813,native,True,361506.8499116076,504138.1263243954,298.58592945132744,"[-5.598515510559082, 2.026975393295288]",2024
"[14.290793043574853, -4.09787538843863]",1.6537922372540947,3.226753955061895,6.843865365263483,1403478994512518,361523.51524609205,504173.20255651977,288.43829113615783,native,True,361520.17772913654,504167.22765286284,285.21153718109593,"[-3.0160322189331055, -7.532974720001221]",2025
"[14.290793043574853, -4.09787538843863]",1.6537922372540947,2.5950570148342536,8.633384983709616,1403478994512518,361523.51524609205,504173.20255651977,288.43829113615783,native,True,361519.0822253498,504165.7942055983,291.0333481509921,"[-2.479630947113037, -5.810426235198975]",2024
"[3.425541372242276, -4.9186617686979615]",-6.150188741466479,14.109994496875345,6.478864746336198,1794731371773449,361531.8882455436,504204.8006149186,281.7546367960357,native,True,361526.1969105093,504201.7047476848,267.64464229916035,"[0.44312477111816406, 0.21134376525878906]",2025
"[3.425541372242276, -4.9186617686979615]",-6.150188741466479,6.231607597718437,10.56695717002803,1794731371773449,361531.8882455436,504204.8006149186,281.7546367960357,native,True,361527.8304358939,504195.04383447213,275.52302919831726,"[-1.8330979347229004, 6.680886268615723]",2024
"[-12.282947992184967, -14.546217653743128]",2.940754486831679,16.09287452359831,6.580431639868555,3059374137740657,361537.029446159,504237.8977794815,274.71356777171735,native,True,361531.68162370735,504241.73221237207,290.80644229531566,"[-8.73531436920166, 9.194990158081055]",2025
"[-12.282947992184967, -14.546217653743128]",2.940754486831679,12.206640878245139,10.482779062110737,3059374137740657,361537.029446159,504237.8977794815,274.71356777171735,native,True,361527.603009117,504242.48372993455,286.9202086499625,"[-4.592942237854004, 8.993424415588379]",2024
"[13.339669498681284, -21.706434582203386]",-7.299063866086158,8.485669384682126,4.276711926665213,1613002776844852,361536.4232422584,504266.85521835927,272.2808270468631,native,True,361536.99155881983,504262.6164353748,263.795157662181,"[-21.90179443359375, -9.067421913146973]",2025
"[13.339669498681284, -21.706434582203386]",-7.299063866086158,9.620724111514846,4.59005651889635,1613002776844852,361536.4232422584,504266.85521835927,272.2808270468631,native,True,361536.0823509364,504262.2778378908,262.6601029353483,"[-20.966453552246094, -8.809653282165527]",2024
"[0.16254938120721715, -9.52103808964995]",-7.182659188113973,7.385825316751095,1.1334675860133792,981836188268787,361538.0477937769,504300.5927658677,272.513291319393,native,True,361538.68335895345,504301.5312783476,265.1274660026419,"[-10.230894088745117, -1.046208381652832]",2025
"[0.16254938120721715, -9.52103808964995]",-7.182659188113973,6.810298432548109,1.8166389945347228,981836188268787,361538.0477937769,504300.5927658677,272.513291319393,native,True,361537.57458452147,504298.83884162846,265.70299288684487,"[-8.906620025634766, 1.5470317602157593]",2024
"[-11.261350540310643, -9.386088318712178]",9.904899376608512,16.54520146678027,2.5138404396245853,1093658489977921,361539.8923210439,504335.836993712,272.28727856222014,native,True,361540.6686941058,504338.2279430265,288.8324800290004,"[-9.640002250671387, 8.760366439819336]",2025
"[-11.261350540310643, -9.386088318712178]",9.904899376608512,20.605290594711903,3.955075623085643,1093658489977921,361539.8923210439,504335.836993712,272.28727856222014,native,True,361540.4624529665,504339.7507607944,292.89256915693204,"[-9.116806983947754, 7.315452575683594]",2024
"[-11.493360635269232, -12.47024661665097]",5.896318191475984,4.231472325235416,4.973934337973671,1619687222851775,361541.55438086914,504368.50681948196,272.37270993829156,native,True,361540.5831481493,504373.38500867493,276.604182263527,"[-10.807523727416992, 6.805570602416992]",2025
"[-11.493360635269232, -12.47024661665097]",5.896318191475984,12.206277931555917,13.44753655274839,1619687222851775,361541.55438086914,504368.50681948196,272.37270993829156,native,True,361540.5028207882,504381.9131784483,284.5789878698475,"[-9.50149917602539, -1.622384786605835]",2024
"[1.22423288343586, 3.05647053038437]",-3.973653395355086,2.403193549855075,1.3627970337314717,1391865393135267,361544.367099523,504400.577955069,277.8347799880502,native,True,361543.120396678,504401.12836198334,275.4315864381951,"[4.337407112121582, -1.6894395351409912]",2025
"[1.22423288343586, 3.05647053038437]",-3.973653395355086,2.320294647301182,1.390513353376104,1391865393135267,361544.367099523,504400.577955069,277.8347799880502,native,True,361543.11437612935,504401.1814544351,275.514485340749,"[4.346989154815674, -1.7420060634613037]",2024
"[-20.613878824855693, -2.831159327268716]",-8.711957542347193,3.379546175842904,9.807295010557574,1316675827064189,361552.2189105195,504434.41134184506,287.1074839647609,native,True,361554.63122777524,504443.9173273743,283.727937788918,"[-3.8296966552734375, 10.857549667358398]",2025
"[-20.613878824855693, -2.831159327268716]",-8.711957542347193,0.33291325433248176,10.274595908982649,1316675827064189,361552.2189105195,504434.41134184506,287.1074839647609,native,True,361554.6839321459,504444.3858588496,286.7745707104284,"[-3.8134279251098633, 10.386343955993652]",2024
"[-14.771054981948497, 15.77090082015507]",-1.1825195596875346,0.4018951996083615,4.252631299551079,28263711263284815,361563.71273511497,504464.28748197947,292.85422022979816,native,True,361565.6087196584,504468.09407042334,292.4523250301898,"[15.414660453796387, 10.533370971679688]",2025
"[-14.771054981948497, 15.77090082015507]",-1.1825195596875346,0.28894055261110907,0.908255893547849,28263711263284815,361563.71273511497,504464.28748197947,292.85422022979816,native,True,361562.95094733156,504463.7929032282,293.14316078240927,"[16.296199798583984, 15.511993408203125]",2024
"[21.88382035108236, 22.033927542930545]",4.646418907159841,0.29409480305804436,9.225842239177414,3489296377898570,361571.625468986,504493.47068203054,299.5680585925597,native,True,361575.3362391331,504485.0240051729,299.27396378950164,"[14.21584701538086, -16.985475540161133]",2025
"[21.88382035108236, 22.033927542930545]",4.646418907159841,0.4293626645689983,7.878508086116286,3489296377898570,361571.625468986,504493.47068203054,299.5680585925597,native,True,361576.36916993104,504487.1803568397,299.1386959279907,"[14.574176788330078, -19.349454879760742]",2024
"[12.614483320674895, -3.112253503575876]",4.978490127356963,2.4084789355664498,5.9086692191561765,1131727186478749,361588.8523000926,504518.82913805824,307.4974744287967,native,True,361592.7537060656,504514.39163838216,309.90595336436314,"[-8.986335754394531, -11.976102828979492]",2025
"[12.614483320674895, -3.112253503575876]",4.978490127356963,0.39104737966221137,6.691387903646746,1131727186478749,361588.8523000926,504518.82913805824,307.4974744287967,native,True,361592.06383916363,504512.95881533524,307.8885218084589,"[-9.445075035095215, -10.453454971313477]",2024
"[-16.216054215682405, -1.2430379314025282]",-0.5885879537345886,6.664537440775064,7.503782412886943,1599642875223994,361610.9469463425,504543.66361937486,313.92116788058945,native,True,361618.3285528695,504542.315051401,320.5857053213645,"[-7.537721157073975, 12.131484031677246]",2025
"[-16.216054215682405, -1.2430379314025282]",-0.5885879537345886,1.6895743944388641,5.782735112292099,1599642875223994,361610.9469463425,504543.66361937486,313.92116788058945,native,True,361616.6322707268,504544.72055457823,315.6107422750283,"[-4.653141498565674, 11.545805931091309]",2024
"[3.787675493447888, 6.899037210842066]",-6.625193360644289,5.194333907678413,2.728930449079097,1073713638614184,361636.8629086914,504567.6693398636,318.45576423936296,native,True,361639.15678507637,504566.1911001921,313.26143033168455,"[4.2039408683776855, -4.216064453125]",2025
"[3.787675493447888, 6.899037210842066]",-6.625193360644289,6.19767331483223,3.5496891509939257,1073713638614184,361636.8629086914,504567.6693398636,318.45576423936296,native,True,361640.4105313025,504567.5482329775,312.25809092453073,"[4.174861907958984, -6.06345272064209]",2024
"[8.866978558605986, 20.237809983122048]",-4.294805491446198,3.1157413535512433,4.1272134394013404,1120440463974740,361660.74811106944,504589.6475856835,311.0860382163991,native,True,361663.19976073434,504586.32744943706,307.9702968628479,"[16.286039352416992, -7.6764326095581055]",2025
"[8.866978558605986, 20.237809983122048]",-4.294805491446198,3.180346944234998,4.738747706322164,1120440463974740,361660.74811106944,504589.6475856835,311.0860382163991,native,True,361663.00911093736,504585.48301974917,307.9056912721641,"[15.93298625946045, -6.886013507843018]",2024
"[-6.220504505473644, -2.5026410451839936]",-5.243072536293141,14.20243470016527,4.232583241680807,1396740292671110,361683.0279493844,504613.3827825114,318.1565499517186,native,True,361683.50245928904,504609.17688174604,303.95411525155333,"[-5.713932991027832, 8.977743148803711]",2025
"[-6.220504505473644, -2.5026410451839936]",-5.243072536293141,11.177066637322525,5.7024674971204,1396740292671110,361683.0279493844,504613.3827825114,318.1565499517186,native,True,361684.12169519,504607.78618929157,306.9794833143961,"[-7.114363670349121, 9.574628829956055]",2024
"[-16.46797373570818, 7.350824607197848]",6.408059954103123,5.339150282699052,5.729910879006495,1100290906086001,361707.85448543716,504638.3282890087,290.3221943299974,native,True,361708.777244342,504632.6731679061,295.66134461269644,"[3.9830565452575684, 21.10370635986328]",2025
"[-16.46797373570818, 7.350824607197848]",6.408059954103123,7.990776728879723,7.185471130517781,1100290906086001,361707.85448543716,504638.3282890087,290.3221943299974,native,True,361709.12189075205,504631.2554763337,298.3129710588771,"[3.037576675415039, 22.214876174926758]",2024
"[7.168739275293269, 5.8669665943642215]",-9.664194314343604,18.04371868413031,8.508859306290963,1436906631667845,361697.4136276352,504666.51541773695,211.2542456606379,native,True,361702.05308235914,504659.3826660548,193.2105269765076,"[10.792139053344727, -0.23019742965698242]",2025
"[7.168739275293269, 5.8669665943642215]",-9.664194314343604,14.85106449712569,7.003997054892017,1436906631667845,361697.4136276352,504666.51541773695,211.2542456606379,native,True,361700.00919122784,504660.01011033595,196.40318116351222,"[10.960792541503906, -2.3615663051605225]",2024
"[-10.810232063398356, -13.397772773815259]",-6.061627934747776,10.434486581720535,3.960001206735848,1609692443937868,361668.9486892873,504682.8453561375,210.79401582028814,native,True,361665.00313156855,504682.5074451353,200.3595292385676,"[-11.440113067626953, 7.367968559265137]",2025
"[-10.810232063398356, -13.397772773815259]",-6.061627934747776,6.974456172572786,2.6503789569163954,1609692443937868,361668.9486892873,504682.8453561375,210.79401582028814,native,True,361667.427983004,504680.674650949,203.81955964771535,"[-10.789948463439941, 10.337198257446289]",2024
"[7.562227604454721, 15.941724628702616]",-3.4487666741794385,4.522652266502632,11.099571883667226,2140812226473784,361641.04399474245,504701.4222107101,213.78021034732328,native,True,361648.2433496699,504692.9741467527,209.25755808082064,"[19.597721099853516, 2.9179530143737793]",2025
"[7.562227604454721, 15.941724628702616]",-3.4487666741794385,0.9583266466991347,6.704030384344646,2140812226473784,361641.04399474245,504701.4222107101,213.78021034732328,native,True,361644.56078874297,504695.7146557737,212.82188370062414,"[19.0920352935791, -1.6444944143295288]",2024
"[-15.306993316803963, -12.755886075089178]",8.804444454854377,7.393713006320866,6.352380364106613,1770134364187132,361614.59098087926,504722.44381314795,220.41034254713298,native,True,361614.71244586335,504716.0925941667,227.80405555345385,"[-8.699078559875488, 20.195249557495117]",2025
"[-15.306993316803963, -12.755886075089178]",8.804444454854377,11.384182936230957,3.20074471308879,1770134364187132,361614.59098087926,504722.44381314795,220.41034254713298,native,True,361614.37923069485,504719.250080445,231.79452548336394,"[-10.509329795837402, 17.586851119995117]",2024
"[-14.216656572837929, -6.687306402628027]",8.361483200621052,10.202681514817101,1.8894219922656532,3960386027436480,361591.5952234963,504746.5269450778,230.05124253896744,native,True,361592.16019176715,504744.723968007,240.25392405378454,"[-6.224177360534668, 16.048439025878906]",2025
"[-14.216656572837929, -6.687306402628027]",8.361483200621052,14.670281744250161,2.365699854380797,3960386027436480,361591.5952234963,504746.5269450778,230.05124253896744,native,True,361591.4018671778,504744.16916028375,244.7215242832176,"[-5.287597179412842, 16.12384033203125]",2024
"[-18.69173623942365, 11.424448995468548]",8.243739053374185,12.396257643296593,0.7445855805812082,1799341664552833,361572.6457602309,504774.8962715687,239.07370792608288,native,True,361572.71666300145,504775.6374736221,251.46996556937947,"[11.073204040527344, 18.03520393371582]",2025
"[-18.69173623942365, 11.424448995468548]",8.243739053374185,15.402568524870873,2.0469036738885475,1799341664552833,361572.6457602309,504774.8962715687,239.07370792608288,native,True,361572.24087162607,504776.9027311043,254.47627645095375,"[11.024280548095703, 16.684329986572266]",2024
"[12.891213435585813, -12.385337119810517]",9.474083171671651,11.94972255876499,4.329349962976045,1388036546256933,361558.7140618083,504804.42107867356,249.01867383618352,native,True,361559.45815392793,504800.1561521772,260.9683963949485,"[-12.263654708862305, -8.563573837280273]",2025
"[12.891213435585813, -12.385337119810517]",9.474083171671651,15.08082585925834,0.7313749083745701,1388036546256933,361558.7140618083,504804.42107867356,249.01867383618352,native,True,361558.4020466073,504803.7595986883,264.09949969544186,"[-11.947633743286133, -12.30527400970459]",2024
"[-1.9485704308244332, -10.521843348861974]",7.06268696714011,9.129524433019355,2.832890704135142,1392556546281046,361548.052834857,504835.79213500954,250.87378567541663,native,True,361550.864922205,504835.44944785046,260.003310108436,"[-13.200209617614746, 2.8714051246643066]",2025
"[-1.9485704308244332, -10.521843348861974]",7.06268696714011,9.192526588974658,1.7698813879321174,1392556546281046,361548.052834857,504835.79213500954,250.87378567541663,native,True,361549.80314401106,504835.52965073835,260.0663122643913,"[-12.178641319274902, 2.571065902709961]",2024
"[-18.9939175093881, -16.549866013262484]",3.186497801348793,8.486201298849608,5.028114749508178,1400716081531820,361537.2392487183,504867.6496268753,251.32015210508467,native,True,361542.0004016032,504869.2662162298,259.8063534039343,"[-21.569839477539062, 18.707902908325195]",2025
"[-18.9939175093881, -16.549866013262484]",3.186497801348793,5.170231575117839,3.9516388361610346,1400716081531820,361537.2392487183,504867.6496268753,251.32015210508467,native,True,361540.4480905083,504869.955875747,256.4903836802025,"[-20.258163452148438, 17.62864112854004]",2024
"[-0.466412824372406, -21.305233036239088]",-9.0737365324849,10.0271004906852,3.2754614865582576,1892217645152325,361527.15932734055,504899.9309961172,251.75060327783478,native,True,361525.54995417193,504902.78381331323,261.77770376852,"[-21.18488121032715, -2.8068368434906006]",2025
"[-0.466412824372406, -21.305233036239088]",-9.0737365324849,10.436668927266822,1.8865732639283772,1892217645152325,361527.15932734055,504899.9309961172,251.75060327783478,native,True,361526.8738367217,504898.06614926376,241.31393435056796,"[-20.195613861083984, 1.9921598434448242]",2024
"[-10.450067842028302, 18.6526650592975]",-2.310200403180687,0.4857435302770625,3.7546550942141534,845278345272909,361517.99783600273,504929.75817886833,251.94198824508135,native,True,361521.54231404845,504930.99677091575,252.4277317753584,"[14.898710250854492, 10.522581100463867]",2025
"[-10.450067842028302, 18.6526650592975]",-2.310200403180687,2.379707859601865,3.109155599706294,845278345272909,361517.99783600273,504929.75817886833,251.94198824508135,native,True,361520.2016986583,504931.95131314115,249.56228038547948,"[15.823273658752441, 9.161117553710938]",2024
"[20.990573122275723, 19.670934770107394]",-7.259085832096645,6.130349709148135,4.253861877562151,2612096309208434,361509.8059636109,504962.64188964665,260.82867997460966,native,True,361513.98766639474,504963.42208366154,254.69833026546152,"[15.43931770324707, -20.556110382080078]",2025
"[20.990573122275723, 19.670934770107394]",-7.259085832096645,8.98312324378739,2.825773789485265,2612096309208434,361509.8059636109,504962.64188964665,260.82867997460966,native,True,361512.53256753855,504963.38393312984,251.84555673082227,"[16.845787048339844, -20.931093215942383]",2024
"[13.30236292953214, -18.91836271280538]",0.9030756828793471,1.431262526117564,1.5468978467662327,1645304160505212,361502.2519723498,504994.43547046836,252.93062506393304,native,True,361500.71074564627,504994.5678079029,251.49936253781547,"[-17.474925994873047, -13.858585357666016]",2025
"[13.30236292953214, -18.91836271280538]",0.9030756828793471,1.3456458696792595,2.251938605354416,1645304160505212,361502.2519723498,504994.43547046836,252.93062506393304,native,True,361500.27046065475,504993.36549902736,251.58497919425378,"[-16.717296600341797, -12.82640552520752]",2024
"[-22.33891279988536, -22.174374869973114]",-1.6750923090158665,4.303295263613563,7.963149726285017,1368742985247867,361492.2334559488,505028.35266217124,253.1819735066803,native,True,361486.0102840089,505033.3209500624,248.87867824306673,"[-17.848451614379883, 15.65324592590332]",2025
"[-22.33891279988536, -22.174374869973114]",-1.6750923090158665,1.064858733432004,8.00619964831637,1368742985247867,361492.2334559488,505028.35266217124,253.1819735066803,native,True,361485.7441017976,505033.0417468909,254.2468322401123,"[-17.50745391845703, 15.833600997924805]",2024
"[21.588183285185856, -10.09772976705251]",-8.858758712488594,8.8844205791398,1.6526210120991964,1094966510141854,361482.8214742172,505058.37402536254,250.83743577092525,native,True,361484.26678058814,505059.17542769836,241.95301519178545,"[-11.750105857849121, -21.616634368896484]",2025
"[21.588183285185856, -10.09772976705251]",-8.858758712488594,10.338573212223082,3.005612954256425,1094966510141854,361482.8214742172,505058.37402536254,250.83743577092525,native,True,361484.6296544233,505055.9731518604,240.49886255870217,"[-10.566011428833008, -18.619274139404297]",2024
"[-5.422528386100246, 17.918561961805572]",3.049221332387475,1.6819198302131895,3.4413840006699936,1576088213452988,361471.7362748644,505091.2981349118,251.55647181361104,native,True,361474.69537540694,505089.54119216395,253.23839164382423,"[15.532027244567871, 7.90195894241333]",2025
"[-5.422528386100246, 17.918561961805572]",3.049221332387475,3.760047784476882,2.3083106051098765,1576088213452988,361471.7362748644,505091.2981349118,251.55647181361104,native,True,361472.76227972505,505089.2303796372,255.31651959808792,"[17.478275299072266, 7.688459873199463]",2024
"[-16.873559549222676, -20.667114626365443]",1.0527138412930412,3.133344774671855,4.845697880925439,2326419104828349,361463.87377641036,505123.49797958974,285.5099973265701,native,True,361463.2122283116,505128.29830687714,288.64334210124196,"[-18.66461181640625, 12.460989952087402]",2025
"[-16.873559549222676, -20.667114626365443]",1.0527138412930412,3.8491534934279343,2.309279938933471,2326419104828349,361463.87377641036,505123.49797958974,285.5099973265701,native,True,361463.11355664785,505125.6785390934,289.35915081999804,"[-19.316837310791016, 15.000186920166016]",2024
"[7.098893564394898, 0.6642824073944724]",5.1298490002480435,3.9322075082848755,2.5887226234257104,1611154070401669,361493.0522768595,505138.26740477607,322.2927948363659,native,True,361494.1300916042,505140.62108279084,326.22500234465076,"[2.0673089027404785, -9.274439811706543]",2025
"[7.098893564394898, 0.6642824073944724]",5.1298490002480435,3.398011471888026,1.436417206174306,1611154070401669,361493.0522768595,505138.26740477607,322.2927948363659,native,True,361492.1777617302,505139.4069299749,325.6908063082539,"[2.0953927040100098, -6.975533485412598]",2024
"[-2.8891673409189225, 12.827703644860701]",2.600160673080495,1.391456886177366,4.0438138050505605,2044825309733264,361517.82771305204,505160.52887198236,318.5141274465706,native,True,361517.9839022963,505164.569668316,319.905584332748,"[15.875007629394531, 0.23090314865112305]",2025
"[-2.8891673409189225, 12.827703644860701]",2.600160673080495,0.8882645475289905,2.8839634910804413,2044825309733264,361517.82771305204,505160.52887198236,318.5141274465706,native,True,361517.4488849605,505163.3878463955,317.62586289904164,"[15.290945053100586, 1.38927161693573]",2024
"[6.4407865918714045, -18.80744506510454]",2.817757957417797,0.37768353451943426,5.010222166285951,1353979803178810,361530.3587487028,505170.9117681952,148.200596317521,native,True,361529.74787706905,505175.8846106422,147.82291278300156,"[-23.453548431396484, -4.565673351287842]",2025
"[6.4407865918714045, -18.80744506510454]",2.817757957417797,1.9945350238836852,3.5157835416704835,1353979803178810,361530.3587487028,505170.9117681952,148.200596317521,native,True,361530.0673386822,505174.41545398475,150.19513134140468,"[-22.013578414916992, -4.998065948486328]",2024
"[9.914111193410001, 2.950134858763949]",3.930005124713489,1.9189743535858668,4.605295898882484,1112299907902984,361505.03398144763,505148.4196676966,135.10897763472872,native,True,361503.1970645243,505152.64275738696,137.02795198831458,"[-1.4431381225585938, -8.532842636108398]",2025
"[9.914111193410001, 2.950134858763949]",3.930005124713489,3.619510004970408,3.2691866645923713,1112299907902984,361505.03398144763,505148.4196676966,135.10897763472872,native,True,361502.1743701184,505150.0040301847,138.72848763969913,"[-0.12091064453125, -11.034941673278809]",2024
"[16.72997652304776, -11.127622915398554]",8.887178876421416,8.59324042729321,3.9983410439514517,1099992155940572,361476.9349046636,505130.8601407418,162.9595274769371,native,True,361476.74061926553,505134.85375868645,171.5527679042303,"[-15.108428001403809, -16.355915069580078]",2025
"[16.72997652304776, -11.127622915398554]",8.887178876421416,7.18888727415748,3.429435309092182,1099992155940572,361476.9349046636,505130.8601407418,162.9595274769371,native,True,361474.53286324703,505133.3078383482,170.14841475109458,"[-13.891242027282715, -18.760601043701172]",2024
"[-4.8430410798679775, 5.354011200087835]",-3.947619285778174,3.88949177912815,2.1466361527618814,2090069028562856,361462.71241398016,505108.46205451246,77.33940240615863,native,True,361460.8444368313,505109.51974451606,73.44991062703046,"[3.8662781715393066, 6.390522003173828]",2025
"[-4.8430410798679775, 5.354011200087835]",-3.947619285778174,2.83996826027402,2.689101208863627,2090069028562856,361462.71241398016,505108.46205451246,77.33940240615863,native,True,361460.02392667334,505108.51951156236,74.49943414588459,"[2.7941060066223145, 5.666540145874023]",2024
"[21.00711731925958, 11.480405888756563]",8.123714022458287,6.047134614054244,6.467380060810984,28071381109150220,361468.2257658363,505078.0853922805,76.58461707839409,native,True,361465.5935874879,505083.9928995376,82.63175169244835,"[9.40427017211914, -14.88203239440918]",2025
"[21.00711731925958, 11.480405888756563]",8.123714022458287,7.24094769653243,6.182645907614063,28071381109150220,361468.2257658363,505078.0853922805,76.58461707839409,native,True,361465.07394603017,505083.4043341234,83.82556477492652,"[8.832562446594238, -15.420165061950684]",2024
"[-9.183907072270761, -12.816188964356215]",7.635560614031732,6.430509832366226,1.076107316218979,1120045207649869,361477.51365528506,505045.06929584127,72.0560999263658,native,True,361476.5554426849,505044.5795657432,78.48660975873204,"[-13.846570014953613, 8.873549461364746]",2025
"[-9.183907072270761, -12.816188964356215]",7.635560614031732,8.497484637207151,3.3226367042865195,1120045207649869,361477.51365528506,505045.06929584127,72.0560999263658,native,True,361475.32008674537,505042.57366531366,80.55358456357297,"[-15.42093276977539, 7.121087551116943]",2024
"[-6.991068377133267, 12.025432859281265]",-1.7980828454648474,5.852606774247391,2.351685877045701,2176435617086201,361465.31389726076,505019.4838384604,159.3120439262325,native,True,361462.9685846224,505019.656856068,153.4594371519851,"[10.968585014343262, 4.890235424041748]",2025
"[-6.991068377133267, 12.025432859281265]",-1.7980828454648474,3.7282779847317045,1.3361247452295282,2176435617086201,361465.31389726076,505019.4838384604,159.3120439262325,native,True,361464.54928657925,505020.5795573297,155.5837659415008,"[10.720586776733398, 6.70365571975708]",2024
"[9.559458131626851, -6.639901814822776]",5.457368974822998,6.61841770465449,2.6734567708931616,1476656934564153,361435.5440886696,505009.21059400775,161.60204431611461,native,True,361436.7248911396,505011.60915120586,168.2204620207691,"[-8.713112831115723, -7.8715105056762695]",2025
"[9.559458131626851, -6.639901814822776]",5.457368974822998,4.04341218625828,2.92683553755619,1476656934564153,361435.5440886696,505009.21059400775,161.60204431611461,native,True,361436.7649092422,505011.8706623139,165.6454565023729,"[-8.959020614624023, -7.7739458084106445]",2024
"[18.51122417624114, 8.176151644495496]",-0.36491725174775524,0.5524984460581379,6.201485219593091,1555312799214362,361402.0505830572,504999.5467164507,164.80215097186715,native,True,361406.3072211711,505004.0566444874,165.3546494179253,"[4.973600387573242, -13.200660705566406]",2025
"[18.51122417624114, 8.176151644495496]",-0.36491725174775524,1.5205692468991572,7.951459949108724,1555312799214362,361402.0505830572,504999.5467164507,164.80215097186715,native,True,361406.6849056829,505006.00804519356,163.281581724968,"[3.1950740814208984, -12.313274383544922]",2024
"[-0.28325672466389795, 14.412907323523132]",-2.573595983101029,0.6242856244310246,1.4966662551085497,1626801685484071,361370.61223184236,504993.5602959525,175.96341037533338,native,True,361370.43129097245,504995.0459844396,176.5876959997644,"[12.916266441345215, 0.27454185485839844]",2025
"[-0.28325672466389795, 14.412907323523132]",-2.573595983101029,8.239367758222443,2.2621699756795635,1626801685484071,361370.61223184236,504993.5602959525,175.96341037533338,native,True,361372.3461634453,504995.01318761916,167.72404261711094,"[13.169273376464844, 2.1729094982147217]",2024
"[-15.16416293827427, -22.00239075779039]",2.207815164005268,8.136205808263412,4.424923051965039,1613966733737828,361336.7890929675,504998.1562380204,197.05928498559814,native,True,361333.3695845178,504995.34787444386,188.92307917733473,"[-18.222978591918945, 12.862861633300781]",2025
"[-15.16416293827427, -22.00239075779039]",2.207815164005268,5.1421367435726495,2.7103395298643895,1613966733737828,361336.7890929675,504998.1562380204,197.05928498559814,native,True,361334.47401927825,504996.74685014604,191.9171482420255,"[-19.908031463623047, 13.443814277648926]",2024
"[16.5321344859229, -1.6806759409656504]",-8.225999577309977,15.53522556317651,4.205137721216129,1597169132134158,361306.71443197003,505011.736835639,207.23425306814022,native,True,361310.8892278329,505012.24108037894,191.6990275049637,"[-3.517174243927002, -12.749217987060547]",2025
"[16.5321344859229, -1.6806759409656504]",-8.225999577309977,11.914527040066048,3.381197553985074,1597169132134158,361306.71443197003,505011.736835639,207.23425306814022,native,True,361309.2428494075,505009.49192981445,195.31972602807417,"[-0.3816976547241211, -13.410411834716797]",2024
"[-7.406179535432214, 4.855090602437623]",8.65965665409513,9.523049310297722,2.7941780707348567,1402659124563537,361277.040160692,505027.92995291576,208.03905708647943,native,True,361279.14248521434,505026.0893924865,217.56210639677715,"[5.074467658996582, 10.191732406616211]",2025
"[-7.406179535432214, 4.855090602437623]",8.65965665409513,9.43626255197006,2.5869991381987782,1402659124563537,361277.040160692,505027.92995291576,208.03905708647943,native,True,361278.8855998876,505026.1169667833,217.4753196384495,"[5.205875396728516, 9.96928596496582]",2024
"[-7.057048186113406, -14.63707289859567]",1.7435768371426832,1.4508183051157175,1.9882583556556979,1791234278691271,361248.69493693695,505043.69381941203,209.6648863003122,native,True,361250.2043169387,505042.3996234071,211.1157046054279,"[-14.31910228729248, 9.019716262817383]",2025
"[-7.057048186113406, -14.63707289859567]",1.7435768371426832,4.125223853582696,0.43985169351228603,1791234278691271,361248.69493693695,505043.69381941203,209.6648863003122,native,True,361248.9982571272,505043.37528154225,213.7901101538949,"[-14.523280143737793, 7.4819254875183105]",2024
"[-22.3606067718821, -11.666780427622237]",6.056737534159993,26.460920413617828,11.136984360790171,1405846657542303,361219.375578727,505062.97825993877,214.96344899372846,native,True,361209.5393029423,505068.2012953914,188.50252858011063,"[-9.151655197143555, 11.511341094970703]",2025
"[-22.3606067718821, -11.666780427622237]",6.056737534159993,15.760501719535057,18.602482706635648,1405846657542303,361219.375578727,505062.97825993877,214.96344899372846,native,True,361204.35170634196,505073.948019344,199.2029472741934,"[-10.082685470581055, 3.8256936073303223]",2024
"[-7.625215961354158, 7.175039502071983]",1.3895225455157458,1.1361405154937643,1.4201994002158815,1998492840812168,361193.17285884917,505080.8191491077,211.75623618199398,native,True,361194.06511909416,505079.7142337301,212.89237669748775,"[7.612303733825684, 8.976425170898438]",2025
"[-7.625215961354158, 7.175039502071983]",1.3895225455157458,1.2954767445644109,3.8982336283831445,1998492840812168,361193.17285884917,505080.8191491077,211.75623618199398,native,True,361193.8554301135,505076.9811389604,213.0517129265584,"[10.015327453613281, 10.295232772827148]",2024
"[-20.199766291765982, -7.83732550730458]",8.009280813364882,1.4100245757913399,13.942944475157411,1805068834011537,361163.0245726018,505098.3813070329,208.45031946885874,native,True,361150.9705763697,505105.38893683726,207.0402948930674,"[-6.310236930847168, 6.340700626373291]",2025
"[-20.199766291765982, -7.83732550730458]",8.009280813364882,2.145031453482403,8.050834157878873,1805068834011537,361163.0245726018,505098.3813070329,208.45031946885874,native,True,361156.06702793605,505102.4320480592,210.59535092234114,"[-6.9606781005859375, 12.196803092956543]",2024
"[-16.339006712607052, -10.398486634085454]",-9.746158045026704,11.573508521740735,3.5851620817209775,1577342996632443,361134.2897713471,505114.6866960563,208.9614748458836,native,True,361133.02040308196,505111.3337732478,197.38796632414287,"[-6.814587116241455, 16.243867874145508]",2025
"[-16.339006712607052, -10.398486634085454]",-9.746158045026704,12.631230387995032,2.930302005173396,1577342996632443,361134.2897713471,505114.6866960563,208.9614748458836,native,True,361131.9614092576,505112.90753900254,196.33024445788857,"[-7.952140808105469, 14.725915908813477]",2024
"[2.668196650039222, 17.743399645169774]",-9.51871752746277,11.80529714967011,1.8473538133493554,1627218468984037,361104.2994642516,505131.69463421684,208.56185229796802,native,True,361105.3027202847,505130.1434432409,196.7565551482979,"[18.882356643676758, -1.2137231826782227]",2025
"[2.668196650039222, 17.743399645169774]",-9.51871752746277,9.959366825517549,2.784229460681061,1627218468984037,361104.2994642516,505131.69463421684,208.56185229796802,native,True,361105.04040916206,505129.01080591953,198.60248547245047,"[20.03859519958496, -1.0921220779418945]",2024
"[-10.957351024580536, 5.413305025942839]",-2.7639669859896685,6.600062699939997,2.798479291825402,2978326649172208,361076.50747162476,505147.5510879224,209.39059915242893,native,True,361073.82832027716,505146.7426113282,202.79053645248894,"[7.336767196655273, 8.924673080444336]",2025
"[-10.957351024580536, 5.413305025942839]",-2.7639669859896685,11.553616390629259,5.268992738220569,2978326649172208,361076.50747162476,505147.5510879224,209.39059915242893,native,True,361071.2762129933,505146.9216297377,197.83698276179967,"[8.320524215698242, 6.562995433807373]",2024
"[3.466081980000062, -2.5855472251612817]",-7.323402347842261,11.691387079349568,5.327214759598015,3754424991393145,361046.96864898404,505164.47608940955,209.01011630305157,native,True,361047.6219154252,505159.18908079865,197.318729223702,"[2.0858354568481445, -0.9053397178649902]",2025
"[3.466081980000062, -2.5855472251612817]",-7.323402347842261,11.929314006576192,5.679180072920726,3754424991393145,361046.96864898404,505164.47608940955,209.01011630305157,native,True,361047.07649058005,505158.7979333276,197.08080229647538,"[2.650848388671875, -1.2676172256469727]",2024
"[13.466613692823111, -15.064082447314984]",9.974654424802111,13.095673373482299,8.140419489047607,1260741202845756,361019.00799381535,505180.367778033,209.07188553601975,native,True,361019.52986424044,505172.24410394323,222.16755890950205,"[-9.083709716796875, -7.943790912628174]",2025
"[13.466613692823111, -15.064082447314984]",9.974654424802111,10.863140383111585,4.705036371676477,1260741202845756,361019.00799381535,505180.367778033,209.07188553601975,native,True,361018.8576356664,505175.66514476156,219.93502591913133,"[-11.317136764526367, -10.620956420898438]",2024
"[-14.95486067664294, 18.724212164533377]",3.866426053039504,4.330019840726891,1.660707950259301,1556200629076514,360989.4216288107,505197.2621762613,208.21983132523448,native,True,360988.9826040437,505198.8638029812,203.8898114845076,"[17.60044288635254, 13.732120513916016]",2025
"[-14.95486067664294, 18.724212164533377]",3.866426053039504,1.6424039007946192,6.825985482380691,1556200629076514,360989.4216288107,505197.2621762613,208.21983132523448,native,True,360989.3610735821,505190.4364593854,209.8622352260291,"[24.53946304321289, 18.52934455871582]",2024
"[-10.15496909451267, 11.93898808414911]",-4.616044715374443,6.746066872736037,11.365940651457493,1058757126920400,360824.89545035467,505384.04269541893,252.00850508478257,native,True,360817.5760469849,505392.7381506228,245.26243821204653,"[15.353286743164062, -0.686025857925415]",2025
"[-10.15496909451267, 11.93898808414911]",-4.616044715374443,4.06279592241043,9.638424431548092,1058757126920400,360824.89545035467,505384.04269541893,252.00850508478257,native,True,360818.2388703796,505391.01328854705,247.94570916237214,"[15.404460906982422, 1.1610976457595825]",2024
"[0.1930501770988831, -9.065878106353317]",-3.755703873765384,8.75273748615578,6.739379047796783,1100362855725571,360978.4813495051,505203.05984292924,206.0181185359829,native,True,360977.89461362065,505196.3460533174,197.2653810498271,"[-2.630260467529297, 1.8074636459350586]",2025
"[0.1930501770988831, -9.065878106353317]",-3.755703873765384,8.06707198918781,7.17926866716845,1100362855725571,360978.4813495051,505203.05984292924,206.0181185359829,native,True,360978.3446373409,505195.88187605975,197.95104654679508,"[-2.3711748123168945, 2.3997950553894043]",2024
"[-13.228437028786086, -16.567138890183784]",0.2674387768103088,9.848361991963856,10.35986268904892,1041328292272541,360824.0357951551,505387.0502379555,253.4884275094645,native,True,360814.92910127563,505391.9893554396,243.64006551750063,"[-9.205620765686035, 5.939074516296387]",2025
"[-13.228437028786086, -16.567138890183784]",0.2674387768103088,11.19632325132153,11.507900939313133,1041328292272541,360824.0357951551,505387.0502379555,253.4884275094645,native,True,360814.82628302183,505393.9507212934,242.29210425814296,"[-9.655561447143555, 4.027247905731201]",2024
"[0.6277810541367993, 12.938607714699852]",9.644586374877946,6.894738387396757,6.973031721358716,1978181079545268,360981.2749126579,505201.62867444754,206.61423474529838,native,True,360980.6191844269,505194.6865427955,213.50897313269513,"[18.924240112304688, 2.9492814540863037]",2025
"[0.6277810541367993, 12.938607714699852]",9.644586374877946,7.62417885261587,7.455009448754349,1978181079545268,360981.2749126579,505201.62867444754,206.61423474529838,native,True,360980.6591176998,505194.19914132287,214.23841359791425,"[19.29364013671875, 3.269747495651245]",2024
"[-13.948800062456423, -19.34993529795661]",7.1797413139955495,14.131400966268927,14.620195264517703,1624858092548608,360823.1726704277,505390.1981357848,254.17234934972836,native,True,360812.9994828523,505400.69843883417,240.04094838345944,"[-10.871253967285156, 2.0382134914398193]",2025
"[-13.948800062456423, -19.34993529795661]",7.1797413139955495,6.465118450794847,14.226505005302208,1624858092548608,360823.1726704277,505390.1981357848,254.17234934972836,native,True,360814.3301909547,505401.342820681,247.70723089893352,"[-12.283723831176758, 1.601245641708374]",2024
"[20.891731911325596, 5.531680632774103]",-8.78091025217077,7.337767296369719,9.495134353120571,1132747332749947,360984.0406199746,505200.1745466972,207.17550998792115,native,True,360985.36741717317,505190.772568949,199.83774269155143,"[14.034587860107422, -16.665842056274414]",2025
"[20.891731911325596, 5.531680632774103]",-8.78091025217077,9.468586694895265,8.555960081509053,1132747332749947,360984.0406199746,505200.1745466972,207.17550998792115,native,True,360984.5293115191,505191.63255433645,197.70692329302588,"[13.483015060424805, -17.732501983642578]",2024
"[-16.012887253274815, -1.7487562680668527]",4.525898695169161,5.6223866578475,12.133633886087411,1999264247459733,360822.3839241866,505393.22124050464,254.44886624505065,native,True,360814.588108373,505402.5191073074,260.07125290289815,"[4.125036239624023, 5.395748615264893]",2025
"[-16.012887253274815, -1.7487562680668527]",4.525898695169161,21.034958820636717,7.392662505509164,1999264247459733,360822.3839241866,505393.22124050464,254.44886624505065,native,True,360818.018359247,505399.1872527137,275.48382506568737,"[1.3952856063842773, 9.322113037109375]",2024
"[3.1135084662257, -9.561621945548989]",5.634211228274609,5.677181642711531,15.09676501770437,1069879799117962,360820.8094764566,505399.36092613544,254.80554887126746,native,True,360818.8230048466,505384.3954243215,260.482730513979,"[-5.117201805114746, 11.314223289489746]",2025
"[3.1135084662257, -9.561621945548989]",5.634211228274609,4.897158678023658,15.133425580348337,1069879799117962,360820.8094764566,505399.36092613544,254.80554887126746,native,True,360818.49048595247,505384.4062327973,259.7027075492911,"[-4.791096210479736, 11.24833869934082]",2024
"[-16.389911588946564, -21.54180721313728]",-3.0094849031974036,3.0299435007730438,16.573340190713054,946071411273849,360812.4749577944,505432.53320290986,255.0794710465457,native,True,360802.17271936656,505445.51547884487,258.10941454731875,"[-15.736574172973633, 0.8665461540222168]",2025
"[-16.389911588946564, -21.54180721313728]",-3.0094849031974036,2.0512447624986123,16.89408017719176,946071411273849,360812.4749577944,505432.53320290986,255.0794710465457,native,True,360803.14890233544,505446.61988579156,253.0282262840471,"[-17.00534439086914, 0.11629951000213623]",2024
"[2.7187035047991444, 2.1577516418228484]",-6.098766869888834,7.87500029217955,9.521986338601378,28630049443257593,360803.7528703903,505466.15015777014,254.4464986745188,native,True,360798.17734084936,505458.43123982975,246.57149838233926,"[10.187942504882812, 2.3983521461486816]",2025
"[2.7187035047991444, 2.1577516418228484]",-6.098766869888834,4.922238675988922,6.521881581364785,28630049443257593,360803.7528703903,505466.15015777014,254.4464986745188,native,True,360798.83096873394,505461.8711598213,249.52425999852989,"[8.311198234558105, -0.5576772689819336]",2024
"[17.728422737446536, 4.292678286241916]",6.214781891097573,6.671926179573859,18.66111994636631,2325916388183213,360795.28008992714,505498.1880449727,254.86163925606502,native,True,360794.83856807067,505479.53214895824,261.5335654356389,"[7.622701644897461, 0.6331769227981567]",2025
"[17.728422737446536, 4.292678286241916]",6.214781891097573,5.245513109918079,17.959258638714065,2325916388183213,360795.28008992714,505498.1880449727,254.86163925606502,native,True,360793.5331558956,505480.31395220297,260.1071523659831,"[8.79104232788086, -0.34165501594543457]",2024
"[-14.325862618756199, 1.3009466154202158]",-9.310324339458248,9.972513909906013,1.0969089077883103,1975241993146792,360790.9305160588,505531.0259289183,275.5645292688212,native,True,360790.08739767876,505531.72761299904,265.5920153589152,"[2.0964229106903076, 13.570596694946289]",2025
"[-14.325862618756199, 1.3009466154202158]",-9.310324339458248,2.5437941064899974,4.724334857184328,1975241993146792,360790.9305160588,505531.0259289183,275.5645292688212,native,True,360791.42407026433,505535.72441208723,278.1083233753112,"[0.501495361328125, 9.669660568237305]",2024
"[-11.413329245613133, -16.70035654547607]",6.541867417117373,33.425998929143475,9.520379174611232,2266652857522078,360801.94835124625,505561.35963224806,291.8080147247711,native,True,360807.94625302975,505568.75306134584,325.2340136539146,"[-18.46809196472168, 2.0585052967071533]",2025
"[-11.413329245613133, -16.70035654547607]",6.541867417117373,12.672154351230688,16.07206481704578,2266652857522078,360801.94835124625,505561.35963224806,291.8080147247711,native,True,360806.26281856303,505576.84177161107,304.4801690760018,"[-13.145600318908691, -4.260693073272705]",2024
"[-2.5686480654650703, -18.91183780422615]",-7.8540605103696635,12.634352275516903,9.362292519207397,2664235027388592,360814.3610915972,505591.13648182247,292.5960751883997,native,True,360808.62821288465,505583.73468319763,279.9617229128828,"[-15.251192092895508, 11.185619354248047]",2025
"[-2.5686480654650703, -18.91183780422615]",-7.8540605103696635,15.847500007011604,10.8419150953544,2664235027388592,360814.3610915972,505591.13648182247,292.5960751883997,native,True,360807.6061982068,505582.6560019882,276.7485751813881,"[-14.537309646606445, 12.488861083984375]",2024
"[-13.177854780905475, 3.4779216296365414]",-0.596773663281283,0.08689838330025168,3.510131802418399,2298332014341910,360828.7860962364,505620.79880488664,298.88369572152936,native,True,360826.0977793753,505618.5418206765,298.7967973382291,"[4.77565860748291, 16.439281463623047]",2025
"[-13.177854780905475, 3.4779216296365414]",-0.596773663281283,0.6714088569978003,1.6354077481739475,2298332014341910,360828.7860962364,505620.79880488664,298.88369572152936,native,True,360829.9447790703,505619.64467638725,299.55510457852716,"[1.9106755256652832, 13.645078659057617]",2024
"[13.822819253251868, 8.666681097714168]",-6.696610376305955,8.362909247857203,6.980470952623575,2664985677254720,360846.2640029569,505652.54278573673,296.3486771705366,native,True,360841.97121043626,505647.0383414328,287.9857679226794,"[10.85824203491211, -7.195298194885254]",2025
"[13.822819253251868, 8.666681097714168]",-6.696610376305955,8.532989278475213,7.021433644481745,2664985677254720,360846.2640029569,505652.54278573673,296.3486771705366,native,True,360841.1560688227,505647.72515776183,287.81568789206136,"[11.856884956359863, -7.5679707527160645]",2024
"[18.914417339655646, -4.574217223679298]",-6.584251183212814,6.293241122264078,5.945909940782385,2190862265201212,360858.074267425,505681.2016031267,287.6809987164796,native,True,360853.46942913864,505677.44004635053,281.38775759421554,"[-0.7794456481933594, -14.336912155151367]",2025
"[18.914417339655646, -4.574217223679298]",-6.584251183212814,5.080769543454267,7.569551558255227,2190862265201212,360858.074267425,505681.2016031267,287.6809987164796,native,True,360852.05782259384,505676.60807481105,282.60022917302535,"[0.44564247131347656, -13.248808860778809]",2024
"[19.89465599078738, -16.140781556592984]",-9.689798420543354,11.582939254218218,3.7879757282346938,1803778274142674,360866.5628902905,505714.5663897488,280.4521159059846,native,True,360863.40383828955,505712.4761384307,268.8691766517664,"[-13.009819030761719, -17.76255989074707]",2025
"[19.89465599078738, -16.140781556592984]",-9.689798420543354,11.101198675878322,4.126604878008326,1803778274142674,360866.5628902905,505714.5663897488,280.4521159059846,native,True,360862.6264613909,505713.328086338,269.3509172301063,"[-12.221176147460938, -18.604089736938477]",2024
"[-11.176849066095617, -20.32797614403331]",-7.6361577110843655,6.223970683634377,9.473356189625484,1595260398958253,360876.16708211036,505747.10174129903,294.28648085219186,native,True,360866.88599309686,505749.0006526237,288.0625101685575,"[-10.891936302185059, 12.016866683959961]",2025
"[-11.176849066095617, -20.32797614403331]",-7.6361577110843655,7.236697733128949,8.702910103561125,1595260398958253,360876.16708211036,505747.10174129903,294.28648085219186,native,True,360867.52050200815,505748.0903245311,287.0497831190629,"[-11.760677337646484, 12.707220077514648]",2024
"[6.99650302306548, 14.440277050367206]",-4.400738283139276,7.629933195772992,7.681790462968358,1618478246297464,360897.08296487853,505770.6888914574,359.2443918729163,native,True,360889.4011759105,505770.6840990186,351.6144586771433,"[15.125895500183105, 0.6546297073364258]",2025
"[6.99650302306548, 14.440277050367206]",-4.400738283139276,4.21553050307034,8.447570810364862,1618478246297464,360897.08296487853,505770.6888914574,359.2443918729163,native,True,360888.6454600951,505771.10116033256,355.02886136984597,"[15.609188079833984, 1.3698043823242188]",2024
"[1.7938020361166567, -1.0851491656211878]",6.246018061213743,2.678526257126748,6.991555867070995,1411397654284692,360928.39490721177,505760.7714622654,17.352959867827888,native,True,360921.5936818602,505762.39170519763,20.031486124954643,"[-2.323160171508789, 5.0872721672058105]",2025
"[1.7938020361166567, -1.0851491656211878]",6.246018061213743,3.720898893556921,7.4027860251744615,1411397654284692,360928.39490721177,505760.7714622654,17.352959867827888,native,True,360921.1374048594,505762.23088014254,21.073858761384805,"[-2.653198003768921, 5.441007137298584]",2024
"[-11.219370824832485, 20.409309687012644]",7.773469456953347,7.579921444045908,2.570606216962112,2199725277275110,360959.47657312726,505750.6162178423,17.29410753099758,native,True,360959.8200918054,505748.0686677956,24.874028975043473,"[18.24726104736328, 9.828845024108887]",2025
"[-11.219370824832485, 20.409309687012644]",7.773469456953347,4.672199737926263,7.05091716239842,2199725277275110,360959.47657312726,505750.6162178423,17.29410753099758,native,True,360963.2027126274,505744.6302912427,21.96630726892383,"[16.565921783447266, 5.308042526245117]",2024
"[-6.424020021985121, -13.718254960209203]",-2.240261776981299,3.2590995690509317,3.726637617994133,1630029038733543,360977.76595758327,505730.73830788117,109.2852212235517,native,True,360974.64737576054,505732.7784734016,106.02612165450078,"[-17.297870635986328, 7.460446357727051]",2025
"[-6.424020021985121, -13.718254960209203]",-2.240261776981299,5.130878336009431,4.553830667199166,1630029038733543,360977.76595758327,505730.73830788117,109.2852212235517,native,True,360974.3535880976,505733.75378599233,104.15434288754227,"[-17.864639282226562, 8.306802749633789]",2024
"[2.486765203849204, -9.255822965458037]",-5.522416923790388,6.635043799851843,2.9282039347949564,1029541690071867,360965.52086601197,505699.5423200922,110.60057777067044,native,True,360962.7209997844,505700.39971579524,103.9655339708186,"[-12.182334899902344, -2.387235403060913]",2025
"[2.486765203849204, -9.255822965458037]",-5.522416923790388,6.266076217420078,3.1737706814555193,1029541690071867,360965.52086601197,505699.5423200922,110.60057777067044,native,True,360963.14029701747,505701.64129879646,104.33450155325036,"[-12.100454330444336, -1.0793232917785645]",2024
"[-5.59864642639337, 8.003562305458077]",3.6021032489483247,0.7505426000611806,3.1689799098943,1110169474745368,360954.2398640532,505667.78448765073,105.04909601937412,native,True,360951.1911379917,505668.64918590506,105.79963861943531,"[4.838410377502441, 5.44293212890625]",2025
"[-5.59864642639337, 8.003562305458077]",3.6021032489483247,3.2737076352662484,2.9158892313207967,1110169474745368,360954.2398640532,505667.78448765073,105.04909601937412,native,True,360951.6673626898,505669.15731201845,108.32280365464038,"[5.1271233558654785, 6.076672554016113]",2024
"[-17.14129388922036, 9.610647711723304]",4.559382584696987,5.335556697875802,8.337685188227946,2143531059567041,360980.2035497979,505651.34399289545,21.80630224487809,native,True,360988.07208342233,505648.5866077394,27.141858942753885,"[10.634496688842773, 8.866710662841797]",2025
"[-17.14129388922036, 9.610647711723304]",4.559382584696987,6.6379979082306875,0.12024515350860222,2143531059567041,360980.2035497979,505651.34399289545,21.80630224487809,native,True,360980.2368886869,505651.22846188047,28.44430015310878,"[9.521940231323242, 17.060115814208984]",2024
"[9.43027199776955, -1.5651253427892569]",-6.3497481432418965,6.215096786771937,4.347457568307625,1885191899114432,361009.02305004245,505639.24162336625,22.564392727789823,native,True,361004.9941312342,505640.8750861129,16.3492959410179,"[-1.121659278869629, -5.105491638183594]",2025
"[9.43027199776955, -1.5651253427892569]",-6.3497481432418965,6.114246878637175,2.0170761366540577,1885191899114432,361009.02305004245,505639.24162336625,22.564392727789823,native,True,361007.18516173546,505640.07274472446,16.450145849152648,"[-1.2802696228027344, -7.433411121368408]",2024
"[14.030219388144536, 11.757552264236924]",5.329842515423419,6.707828995450825,0.3929154308137296,1566349148627059,361039.9677668257,505626.0771525111,22.528355738064644,native,True,361040.0948809749,505626.44893810636,29.236184733515465,"[12.145648956298828, -13.9688720703125]",2025
"[14.030219388144536, 11.757552264236924]",5.329842515423419,6.654002883265434,0.3119822682862614,1566349148627059,361039.9677668257,505626.0771525111,22.528355738064644,native,True,361039.80427708203,505626.34286671743,29.18235862133008,"[11.916075706481934, -13.761512756347656]",2024
"[-6.200388045434693, 13.280501442652435]",7.538995750061545,7.188328363773081,2.3497771016530353,2343542236381893,361071.1612371945,505613.02524712496,21.688621760325894,native,True,361072.94761861773,505611.49871712585,28.87695012409897,"[12.820573806762695, 3.896061897277832]",2025
"[-6.200388045434693, 13.280501442652435]",7.538995750061545,7.076446065926575,1.695507978297032,2343542236381893,361071.1612371945,505613.02524712496,21.688621760325894,native,True,361072.585582281,505612.1054708592,28.765067826252476,"[13.173304557800293, 4.508272171020508]",2024
"[-12.726977300534902, -14.328437005369587]",6.441785557255869,6.479481374833625,2.3535766262217015,1843956966766764,361101.9827967382,505599.7779691089,22.536645763096583,native,True,361104.30778555106,505600.1436875192,29.016127137930212,"[-12.882094383239746, 10.870255470275879]",2025
"[-12.726977300534902, -14.328437005369587]",6.441785557255869,6.842462962652462,1.3836415473176946,1843956966766764,361101.9827967382,505599.7779691089,22.536645763096583,native,True,361103.3622113692,505599.88603948994,29.37910872574906,"[-13.565597534179688, 11.572620391845703]",2024
"[17.967344385329593, -3.4247622440865033]",9.19654775307659,4.676785977850642,0.773935784901636,1378668397810037,361133.45828977134,505587.590027526,18.889311079430556,native,True,361134.2159338396,505587.43206529965,23.56609705728119,"[-3.2074289321899414, -18.71013832092285]",2025
"[17.967344385329593, -3.4247622440865033]",9.19654775307659,6.514953192024677,0.9248446406729859,1378668397810037,361133.45828977134,505587.590027526,18.889311079430556,native,True,361134.3794609263,505587.67237625207,25.404264271455244,"[-2.918428659439087, -18.74127197265625]",2024
"[-10.269007860881993, 0.23538704693943643]",-3.138304440327204,0.2036562020692827,3.701724738849643,1640881657746457,361164.7459236542,505574.790562897,22.57263785958171,native,True,361168.38340873754,505574.1039273965,22.77629406165098,"[0.7981605529785156, 6.610312461853027]",2025
"[-10.269007860881993, 0.23538704693943643]",-3.138304440327204,1.1468868942320967,2.6598231460689474,1640881657746457,361164.7459236542,505574.790562897,22.57263785958171,native,True,361167.35468323634,505574.27187936066,23.719524753813797,"[0.6142591834068298, 7.6363067626953125]",2024
"[20.531221434974118, 3.158077754683054]",0.7450062186188795,6.946227674387899,13.067151650888617,1329442135766852,361195.54057250504,505562.247072299,20.64097160126914,native,True,361183.46368906996,505567.23699602217,27.587199275657035,"[3.4005982875823975, -7.466320514678955]",2025
"[20.531221434974118, 3.158077754683054]",0.7450062186188795,10.392752631066742,9.809168007871063,1329442135766852,361195.54057250504,505562.247072299,20.64097160126914,native,True,361186.9151369106,505566.9184358915,31.03372423233588,"[4.362539291381836, -10.796281814575195]",2024
"[-6.864538894628934, -14.522114298772456]",-7.744703053850381,6.6623914899138015,10.684157689965188,1877539553208523,361226.3647825685,505550.4629049683,19.144616178197545,native,True,361235.8173197558,505545.4828681947,12.482224688283747,"[-17.535552978515625, -3.3858470916748047]",2025
"[-6.864538894628934, -14.522114298772456]",-7.744703053850381,5.579437899228594,10.320963827561679,1877539553208523,361226.3647825685,505550.4629049683,19.144616178197545,native,True,361235.1531326489,505545.05114026595,13.565178278968947,"[-18.090044021606445, -2.820096969604492]",2024
"[11.790299131720802, 5.717441248120253]",0.1511464765484405,2.2883356411096827,7.242294405018917,971140639343305,361257.99184614775,505539.6962324716,20.161977218906035,native,True,361250.7664691522,505540.19096019556,17.873641577796356,"[3.6731085777282715, -4.842527389526367]",2025
"[11.790299131720802, 5.717441248120253]",0.1511464765484405,2.701680273740493,4.005251413572474,971140639343305,361257.99184614775,505539.6962324716,20.161977218906035,native,True,361253.9921396285,505539.9069138563,17.460296945165535,"[4.526520252227783, -7.966198444366455]",2024
"[-14.016530395205207, 16.9647014273432]",-9.004017419140517,8.536317721146645,7.975347172408645,1426839858986128,361288.8926168677,505527.25597672444,27.06509414953422,native,True,361294.1263157378,505521.23812339804,18.528776428387573,"[12.865975379943848, 7.174994945526123]",2025
"[-14.016530395205207, 16.9647014273432]",-9.004017419140517,10.507385614453057,8.831848755150228,1426839858986128,361288.8926168677,505527.25597672444,27.06509414953422,native,True,361294.9640219611,505520.84196139657,16.557708535081154,"[12.749048233032227, 6.255743026733398]",2024
"[10.887598407011353, -9.541542905734568]",-0.4548197651768717,18.381285346644887,5.108311787112058,1419645030041727,361318.3638489618,505515.4230037108,14.89806713836782,native,True,361323.37326743186,505514.4227157993,33.27935248501271,"[-9.260763168334961, -15.988187789916992]",2025
"[10.887598407011353, -9.541542905734568]",-0.4548197651768717,5.487582126677381,6.2086854603621315,1419645030041727,361318.3638489618,505515.4230037108,14.89806713836782,native,True,361321.910259706,505510.32685359736,20.385649265045213,"[-13.592081069946289, -15.593011856079102]",2024
"[16.73665834805401, -5.92326488704632]",-6.189305251400814,4.957684606936709,8.30379931300023,4510807879135648,361351.93503453897,505507.6781751616,10.412533002251346,native,True,361353.3017223067,505499.48761672055,5.454848395314644,"[-13.990937232971191, -18.702808380126953]",2025
"[16.73665834805401, -5.92326488704632]",-6.189305251400814,6.12313949133835,9.077370029421203,4510807879135648,361351.93503453897,505507.6781751616,10.412533002251346,native,True,361354.4491145487,505498.955902043,4.289393510913007,"[-14.436711311340332, -19.886241912841797]",2024
"[-2.6854282955706292, -16.987337206551096]",9.315541297746691,13.273253135092773,10.459107939423559,929538789876463,361382.61629521067,505499.73874528706,54.501828891654704,native,True,361384.38811407296,505489.4308067537,67.77508202674748,"[-19.945531845092773, -7.346621513366699]",2025
"[-2.6854282955706292, -16.987337206551096]",9.315541297746691,13.088243042436403,10.5857528151125,929538789876463,361382.61629521067,505499.73874528706,54.501828891654704,native,True,361385.1596349493,505489.4630659598,67.59007193409111,"[-19.238941192626953, -7.658093452453613]",2024
"[-21.705961502488265, 20.008417324743075]",-4.190006797842443,0.4781998665783931,11.984524773748353,1736493034133252,361376.68114395306,505464.6876076674,100.01794967969442,native,True,361365.2465787386,505461.0987983371,100.49614954627282,"[8.997366905212402, 16.974618911743164]",2025
"[-21.705961502488265, 20.008417324743075]",-4.190006797842443,2.5931981417280667,7.71861958493206,1736493034133252,361376.68114395306,505464.6876076674,100.01794967969442,native,True,361371.090076113,505459.36623108754,102.6111478214225,"[14.986588478088379, 15.844364166259766]",2024
"[-6.004024945026893, -0.8389909248801578]",2.812619304964123,4.37670320482988,4.897194868628034,2001244650439529,361378.1259606169,505432.5480952319,60.5864528032553,native,True,361378.2295963103,505427.6519970686,64.96315600808518,"[-2.938668727874756, 1.5797882080078125]",2025
"[-6.004024945026893, -0.8389909248801578]",2.812619304964123,2.8370833393698263,4.751571492192347,2001244650439529,361378.1259606169,505432.5480952319,60.5864528032553,native,True,361377.33604378876,505427.8626429538,63.42353614262512,"[-3.6433143615722656, 2.168245792388916]",2024
"[-1.8816789147459898, 13.786885438324799]",4.786739326289158,2.8355544096501717,5.457554328424272,2042982259659935,361402.5514528438,505412.2859219806,34.54901273914318,native,True,361402.67945393035,505406.8298689228,37.38456714879335,"[9.648064613342285, -1.6757164001464844]",2025
"[-1.8816789147459898, 13.786885438324799]",4.786739326289158,0.8957613472278467,4.973059661344396,2042982259659935,361402.5514528438,505412.2859219806,34.54901273914318,native,True,361402.43805176165,505407.31415543443,35.444774086371034,"[9.869617462158203, -1.1820335388183594]",2024
"[-10.261595929687246, 14.264821912571048]",1.7316749937805653,2.7386553509051907,5.1742761602092395,1414668144105202,361429.77660105436,505392.94916052837,36.35041238830319,native,True,361428.5185419589,505387.9301545417,33.61175703739799,"[9.538264274597168, 8.156177520751953]",2025
"[-10.261595929687246, 14.264821912571048]",1.7316749937805653,0.4608209703097259,4.722246149881856,1414668144105202,361429.77660105436,505392.94916052837,36.35041238830319,native,True,361426.58828291664,505389.4657374773,35.88959141799346,"[9.556400299072266, 10.62267017364502]",2024
"[-21.583156322665396, 19.903824292168288]",7.844000921557267,10.83981831154199,4.730140429303354,1618985639622967,361660.73672209936,505384.5892911423,341.9133629584468,native,True,361665.3475593948,505383.5336359353,352.7531812699888,"[18.045106887817383, 17.23351287841797]",2025
"[-21.583156322665396, 19.903824292168288]",7.844000921557267,19.122672240197403,5.481959256909621,1618985639622967,361660.73672209936,505384.5892911423,341.9133629584468,native,True,361664.1504342671,505380.2999501055,1.0360351986441856,"[15.075823783874512, 18.98656463623047]",2024
"[-19.036418320161097, -19.823485569797896]",1.73382380245949,1.7947712651379106,4.966066337693187,1474764354670842,361440.31565603625,505384.64882748015,38.95936464265365,native,True,361436.64326625125,505381.305869488,37.16459337751572,"[-24.75258445739746, 19.641231536865234]",2025
"[-19.036418320161097, -19.823485569797896]",1.73382380245949,1.2431861836170697,5.317198043536287,1474764354670842,361440.31565603625,505384.64882748015,38.95936464265365,native,True,361435.60840505664,505382.17609958386,37.71617845903657,"[-24.76750373840332, 20.99327278137207]",2024
"[9.493472187243514, -8.194657986803746]",2.6500842519182015,0.6766792723550452,13.634352449816495,1068392369135122,361663.91543647763,505385.67106408905,341.2056764857247,native,True,361651.3605107597,505380.3541658445,340.5289972133697,"[-9.810905456542969, 4.044744491577148]",2025
"[9.493472187243514, -8.194657986803746]",2.6500842519182015,2.9677358392402198,13.682963993127863,1068392369135122,361663.91543647763,505385.67106408905,341.2056764857247,native,True,361651.04828813625,505381.0170338788,344.17341232496494,"[-9.087362289428711, 4.160339832305908]",2024
"[4.225478629020705, -20.496584641419943]",1.9030999254935423,2.220710532302462,5.401110197926337,1564945198650080,361437.8867985086,505386.64270352945,38.26679697796344,native,True,361433.9536669387,505382.9410191258,40.487507510265914,"[-25.862262725830078, -3.6078298091888428]",2025
"[4.225478629020705, -20.496584641419943]",1.9030999254935423,2.7147987011292116,5.7985015492192025,1564945198650080,361437.8867985086,505386.64270352945,38.26679697796344,native,True,361433.05041369214,505383.44395344175,40.98159567909265,"[-26.06060218811035, -2.5932013988494873]",2024
"[-2.0460728998499476, -12.169742138288829]",-2.3483484034853177,4.6936173817477425,12.48608430421985,4615440378688443,361667.09693574253,505386.74030265305,341.80319371641906,native,True,361655.2058356016,505382.931885831,337.1095763346713,"[-11.562800407409668, 14.517396926879883]",2025
"[-2.0460728998499476, -12.169742138288829]",-2.3483484034853177,3.197971477162298,11.893646305397795,4615440378688443,361667.09693574253,505386.74030265305,341.80319371641906,native,True,361655.7268853538,505383.25020572095,338.60522223925676,"[-11.447587013244629, 13.91777515411377]",2024
"[-4.107864679936929, -21.472469137492176]",6.561074116439073,8.73730307292118,5.341140986954542,2475590072940447,361435.191131282,505388.7912223553,37.60874143036869,native,True,361430.97945812205,505385.50647027395,46.346044503289875,"[-26.7631893157959, 4.840030670166016]",2025
"[-4.107864679936929, -21.472469137492176]",6.561074116439073,9.190095051989772,5.676643415962515,2475590072940447,361435.191131282,505388.7912223553,37.60874143036869,native,True,361430.2282178685,505386.0355425986,46.79883648235846,"[-26.90715217590332, 5.74752950668335]",2024
"[12.663089229435002, -1.8862895590266118]",4.9904432314068,0.9379984411140185,16.013830493525422,1396114019377954,361670.2548139775,505387.72986708675,342.5975018495259,native,True,361655.2556842788,505382.1201544955,341.65950340841187,"[-4.140961647033691, 3.19122314453125]",2025
"[12.663089229435002, -1.8862895590266118]",4.9904432314068,7.368056254993348,12.632807284908106,1396114019377954,361670.2548139775,505387.72986708675,342.5975018495259,native,True,361658.356932964,505383.4838987301,349.96555810451923,"[-3.475677013397217, -0.13066458702087402]",2024
"[-6.834018793560591, 11.17177956360317]",8.285998239926982,10.665250932325705,10.922213257287886,2297705431003261,361692.0407925941,505395.04660389107,341.62760906800236,native,True,361682.51121117914,505389.70976770343,352.29286000032806,"[7.586368560791016, 17.15097427368164]",2025
"[-6.834018793560591, 11.17177956360317]",8.285998239926982,10.897004936439146,12.411683942418328,2297705431003261,361692.0407925941,505395.04660389107,341.62760906800236,native,True,361681.0084450162,505389.3600227382,352.5246140044415,"[7.505212783813477, 18.6917667388916]",2024
"[-4.635469211193236, -16.772433217924945]",9.194914049966599,4.464617300879979,13.452551042808912,3578370962341082,361722.43283607205,505405.1593217058,341.70905350321345,native,True,361710.66974300466,505398.63239509007,346.17367080409343,"[-21.35765838623047, 17.28247833251953]",2025
"[-4.635469211193236, -16.772433217924945]",9.194914049966599,9.13438318161144,11.673271091095577,3578370962341082,361722.43283607205,505405.1593217058,341.70905350321345,native,True,361711.99222810555,505399.9383099977,350.8434366848249,"[-20.277236938476562, 15.770172119140625]",2024
