crop_offset_m,crop_rot_deg,err_deg,err_m,frame_id,gt_e,gt_n,gt_yaw,mode,ok,pred_e,pred_n,pred_yaw,scale,t_m,year
"[-0.7013724185329772, 6.038118504983925]",2.725570345245515,0.0,2.1653330920350187,2095057974553082,360026.3821716677,504344.61452205386,81.42574118763453,oracle,True,360025.4077283617,504342.680839649,81.42574118763453,1.0499361753463745,"[-4.871702194213867, 1.1229467391967773]",2025
"[-0.7013724185329772, 6.038118504983925]",2.725570345245515,0.0,4.3545192441933285,2095057974553082,360026.3821716677,504344.61452205386,81.42574118763453,oracle,True,360026.7352159646,504340.27433800563,81.42574118763453,1.0482394695281982,"[-5.947052955627441, 3.6521944999694824]",2024
"[8.115408845156463, -8.374954229637217]",2.7334306631946674,0.0,2.9932960652125753,2134127433808624,360032.84761322686,504307.9422390545,69.43286538919972,oracle,True,360029.9586865515,504307.15870603133,69.43286538919972,1.270316481590271,"[11.36502742767334, 7.976543426513672]",2025
"[8.115408845156463, -8.374954229637217]",2.7334306631946674,0.0,2.4823842354996253,2134127433808624,360032.84761322686,504307.9422390545,69.43286538919972,oracle,True,360030.59037744836,504306.90922495344,69.43286538919972,1.2998042106628418,"[10.840094566345215, 8.407495498657227]",2024
"[-1.133279822959001, -14.963625628760429]",-0.9760247201908214,0.0,2.6742106814623905,28398706986416513,360060.1043976202,504303.69896460697,354.88874202101726,oracle,True,360058.672496202,504301.44041173015,354.88874202101726,1.401250958442688,"[17.057600021362305, -2.796612024307251]",2025
"[-1.133279822959001, -14.963625628760429]",-0.9760247201908214,0.0,3.597450608874351,28398706986416513,360060.1043976202,504303.69896460697,354.88874202101726,oracle,True,360057.3607074256,504301.37220398337,354.88874202101726,1.4291912317276,"[16.986316680908203, -4.108237266540527]",2024
"[21.204633430018426, 1.3555494009277769]",-2.161816277693731,0.0,24.713529553200935,1100804636233191,360094.6966482403,504308.69749890827,349.42166902017294,oracle,True,360070.56850658567,504303.35041341523,349.42166902017294,1.4350857734680176,"[-1.4610798358917236, -3.5086708068847656]",2025
"[21.204633430018426, 1.3555494009277769]",-2.161816277693731,0.0,27.657685776482847,1100804636233191,360094.6966482403,504308.69749890827,349.42166902017294,oracle,True,360067.5931871332,504303.18841744895,349.42166902017294,1.6900722980499268,"[-1.9592185020446777, -6.446463584899902]",2024
"[8.305919575556576, 16.901215188335286]",-5.31579783024938,0.0,2.954913034967387,1794136951725433,360128.5122393634,504314.32278087456,350.37814580786244,oracle,True,360126.02119856223,504312.7333700494,350.37814580786244,1.157241940498352,"[-16.007625579833984, 5.4893598556518555]",2025
"[8.305919575556576, 16.901215188335286]",-5.31579783024938,0.0,3.835082345765484,1794136951725433,360128.5122393634,504314.32278087456,350.37814580786244,oracle,True,360131.4715617669,504311.8834638573,350.37814580786244,1.0424498319625854,"[-13.781512260437012, 10.536459922790527]",2024
"[21.03613453507614, -21.68917681153607]",-8.90746811004847,0.0,28.31348489013462,2250285992180932,360142.6419883799,504291.9622382168,80.71202241156853,oracle,True,360154.3922832151,504317.7223623995,80.71202241156853,0.9984296560287476,"[2.4825923442840576, 0.2332371473312378]",2025
"[21.03613453507614, -21.68917681153607]",-8.90746811004847,0.0,4.996206271892153,2250285992180932,360142.6419883799,504291.9622382168,80.71202241156853,oracle,True,360137.78744823346,504293.1435582742,80.71202241156853,0.9716212749481201,"[25.932096481323242, 18.398008346557617]",2024
"[6.9744131358126795, -16.08341062960909]",-2.1963602555590036,0.0,2.0584411545896795,1113377307836084,360152.59731493844,504260.3036048608,31.148380222847756,oracle,True,360151.02872396767,504258.97067487263,31.148380222847756,1.4701998233795166,"[18.009077072143555, 6.247097015380859]",2025
"[6.9744131358126795, -16.08341062960909]",-2.1963602555590036,0.0,2.39730361415382,1113377307836084,360152.59731493844,504260.3036048608,31.148380222847756,oracle,True,360150.94070393604,504258.57077347685,31.148380222847756,1.2713004350662231,"[18.401609420776367, 6.3636603355407715]",2024
"[20.17341767884459, 17.374219498782733]",-3.8132556254095675,0.0,33.2342003976284,2163701757795311,360185.94907221664,504266.20596416295,348.4601985591976,oracle,True,360160.0078118064,504245.43186768686,348.4601985591976,0.9930854439735413,"[-4.20986270904541, -10.342345237731934]",2025
"[20.17341767884459, 17.374219498782733]",-3.8132556254095675,0.0,33.37677259691062,2163701757795311,360185.94907221664,504266.20596416295,348.4601985591976,oracle,True,360160.79107459664,504244.2723346243,348.4601985591976,0.8063530921936035,"[-2.884328842163086, -9.89404010772705]",2024
"[2.2926142021927127, 16.039621129795535]",3.2101088841156695,0.0,1.9315742843615782,1407730031543039,360163.45460668084,504260.85942704603,167.10602898892608,oracle,True,360161.74345230847,504259.9633634713,167.10602898892608,1.4737205505371094,"[-16.635080337524414, 4.130114555358887]",2025
"[2.2926142021927127, 16.039621129795535]",3.2101088841156695,0.0,1.8029447596595352,1407730031543039,360163.45460668084,504260.85942704603,167.10602898892608,oracle,True,360164.1217801323,504259.1844675265,167.10602898892608,1.3581912517547607,"[-17.802940368652344, 1.916695237159729]",2024
"[-6.7332259006550625, -1.4645712256825976]",-0.6694210753320533,0.0,2.3864423819590828,4644665985853547,360145.23046914255,504280.3795425352,256.1522303114766,oracle,True,360145.5885046958,504278.0201108695,256.1522303114766,1.22845458984375,"[1.2197357416152954, -9.107075691223145]",2025
"[-6.7332259006550625, -1.4645712256825976]",-0.6694210753320533,0.0,2.25159722985122,4644665985853547,360145.23046914255,504280.3795425352,256.1522303114766,oracle,True,360146.0947295939,504278.30042157724,256.1522303114766,1.323583960533142,"[1.7800637483596802, -8.962610244750977]",2024
"[21.02346540948644, -20.40484444916969]",8.674834325535244,0.0,0.4347139546712148,2298484727642838,360140.65024008346,504313.04823736195,285.4108410359246,oracle,True,360140.94441242487,504313.3682980686,285.4108410359246,1.2465252876281738,"[20.542787551879883, 21.435712814331055]",2025
"[21.02346540948644, -20.40484444916969]",8.674834325535244,0.0,44.9072287016148,2298484727642838,360140.65024008346,504313.04823736195,285.4108410359246,oracle,True,360097.56388312153,504300.39023462025,285.4108410359246,1.286148190498352,"[-13.764492988586426, -8.116122245788574]",2024
"[-10.05750509546924, 1.788326163802377]",-8.74934191626511,0.0,1.3674811012121122,978411255289595,360172.54386717896,504320.6193851456,353.22410338906485,oracle,True,360171.26026999275,504320.14781030983,353.22410338906485,1.2017269134521484,"[-1.6775290966033936, -11.420490264892578]",2025
"[-10.05750509546924, 1.788326163802377]",-8.74934191626511,0.0,1.842328836405141,978411255289595,360172.54386717896,504320.6193851456,353.22410338906485,oracle,True,360172.2072299991,504318.8080732038,353.22410338906485,1.0623619556427002,"[-0.1332094669342041, -10.866680145263672]",2024
"[-19.90672728380378, 13.535871274686622]",5.465485206348241,0.0,1.1798886237522255,1394833675537922,360205.21622605325,504314.60090983845,23.92590491563239,oracle,True,360204.80463035713,504313.4951403564,23.92590491563239,1.0933277606964111,"[-12.370428085327148, -19.72266387939453]",2025
"[-19.90672728380378, 13.535871274686622]",5.465485206348241,0.0,1.576210339616643,1394833675537922,360205.21622605325,504314.60090983845,23.92590491563239,oracle,True,360205.0228426425,504313.0366074728,23.92590491563239,1.130732536315918,"[-12.078006744384766, -19.30750274658203]",2024
"[-16.224927146505873, 0.6582395475880436]",-5.775530422128938,0.0,4.412147848521173,1395652132772836,360212.6186717645,504285.4790996788,104.2002610016034,oracle,True,360209.2147920356,504282.67184988083,104.2002610016034,1.3473881483078003,"[2.297619342803955, -12.949267387390137]",2025
"[-16.224927146505873, 0.6582395475880436]",-5.775530422128938,0.0,5.322991898723884,1395652132772836,360212.6186717645,504285.4790996788,104.2002610016034,oracle,True,360210.5242788977,504280.5854546903,104.2002610016034,1.2699226140975952,"[0.6965851187705994, -11.077239036560059]",2024
"[21.642101925448152, -7.447692520139791]",4.523762939345843,0.0,22.679691361808015,1400355921620343,360205.4759034122,504254.55547422264,107.0257488016855,oracle,True,360210.36676273023,504276.70153245877,107.0257488016855,1.5402125120162964,"[11.033061981201172, -0.752395749092102]",2025
"[21.642101925448152, -7.447692520139791]",4.523762939345843,0.0,21.470171520470387,1400355921620343,360205.4759034122,504254.55547422264,107.0257488016855,oracle,True,360211.19578233914,504275.2497065152,107.0257488016855,1.3130295276641846,"[9.728727340698242, 0.2934451699256897]",2024
"[22.10099813340277, 17.670836432946412]",1.8236946770203843,0.0,1.8514204523877094,1659474219043827,360194.59397493093,504220.8789819656,105.45750862113835,oracle,True,360194.76906595734,504222.7221045399,105.45750862113835,1.4237686395645142,"[-17.290502548217773, 20.289064407348633]",2025
"[22.10099813340277, 17.670836432946412]",1.8236946770203843,0.0,4.792689324137372,1659474219043827,360194.59397493093,504220.8789819656,105.45750862113835,oracle,True,360196.35587995127,504225.33606191294,105.45750862113835,1.4281550645828247,"[-18.029178619384766, 17.32172393798828]",2024
"[-15.639476100865458, 4.45529918940695]",0.30327979300933805,0.0,1.504114468354783,3757320467753222,360184.3176811162,504190.7261088975,109.89330425369523,oracle,True,360183.22739922197,504191.7622776699,109.89330425369523,1.3343244791030884,"[-3.0743255615234375, -16.235523223876953]",2025
"[-15.639476100865458, 4.45529918940695]",0.30327979300933805,0.0,0.5461589421754313,3757320467753222,360184.3176811162,504190.7261088975,109.89330425369523,oracle,True,360183.79391975637,504190.8809107968,109.89330425369523,1.2632678747177124,"[-3.9102978706359863, -15.603935241699219]",2024
"[9.297640638060578, 10.158821544457352]",-2.4876025192762796,0.0,2.761046827090635,1084706981111921,360172.7961192918,504159.78433716483,109.07841537892595,oracle,True,360171.18991499575,504157.53856617457,109.07841537892595,1.3529349565505981,"[-9.26073169708252, 11.908543586730957]",2025
"[9.297640638060578, 10.158821544457352]",-2.4876025192762796,0.0,3.7076561496819873,1084706981111921,360172.7961192918,504159.78433716483,109.07841537892595,oracle,True,360171.05574884574,504156.51052824635,109.07841537892595,1.297644019126892,"[-9.425691604614258, 12.93209171295166]",2024
"[9.017100483187487, -9.152984699147565]",-5.274329366226681,0.0,23.267030237723862,1569936184813606,360163.02569056407,504128.34509992413,107.55053766241267,oracle,True,360167.4805920721,504151.1816615882,107.55053766241267,1.7036389112472534,"[9.65556526184082, -14.244501113891602]",2025
"[9.017100483187487, -9.152984699147565]",-5.274329366226681,0.0,3.952036696356702,1569936184813606,360163.02569056407,504128.34509992413,107.55053766241267,oracle,True,360159.74564739707,504126.1405793704,107.55053766241267,1.1478567123413086,"[11.889290809631348, 11.868630409240723]",2024
"[-1.1630540344222786, -2.7159837447329123]",0.46948384629791917,0.0,6.487153204397076,1966035434037497,360152.2255144523,504096.58446743246,108.93797822619024,oracle,True,360148.2007646631,504091.4967817276,108.93797822619024,1.3028173446655273,"[4.821488380432129, 4.972906112670898]",2025
"[-1.1630540344222786, -2.7159837447329123]",0.46948384629791917,0.0,2.614415995216692,1966035434037497,360152.2255144523,504096.58446743246,108.93797822619024,oracle,True,360150.0635185832,504095.11445217475,108.93797822619024,1.2739506959915161,"[4.266671180725098, 0.9418306350708008]",2024
"[-15.268952315602943, 4.794894687504384]",-5.851287951340339,0.0,4.207842076908177,1897080597943369,360140.1340845268,504063.5842964947,110.06125082140551,oracle,True,360137.17407832906,504060.59359452804,110.06125082140551,1.119386911392212,"[-2.659602165222168, -11.643147468566895]",2025
"[-15.268952315602943, 4.794894687504384]",-5.851287951340339,0.0,3.094435493855242,1897080597943369,360140.1340845268,504063.5842964947,110.06125082140551,oracle,True,360137.7789426679,504061.5770999797,110.06125082140551,1.1521046161651611,"[-3.0045323371887207, -12.745039939880371]",2024
"[10.469114869393197, 13.34702891313972]",8.473188058930717,0.0,23.73467292037332,962616489483305,360128.71088285104,504033.5532297725,111.37466616997419,oracle,True,360136.0052337678,504056.1392241792,111.37466616997419,1.2633068561553955,"[-8.432767868041992, -12.751236915588379]",2025
"[10.469114869393197, 13.34702891313972]",8.473188058930717,0.0,2.446226604479624,962616489483305,360128.71088285104,504033.5532297725,111.37466616997419,oracle,True,360126.60471495084,504032.309010589,111.37466616997419,1.259824275970459,"[-12.139490127563477, 12.596525192260742]",2024
"[-5.652434896943626, 1.9847414070431375]",3.7164785849764,0.0,3.680744730128435,2210288512880939,360119.1444854562,504000.351743727,91.05155375073208,oracle,True,360115.5481065587,504001.1352873401,91.05155375073208,1.2597500085830688,"[1.6643214225769043, -6.134329319000244]",2025
"[-5.652434896943626, 1.9847414070431375]",3.7164785849764,0.0,3.2210828821431883,2210288512880939,360119.1444854562,504000.351743727,91.05155375073208,oracle,True,360115.97623140947,504000.93272671197,91.05155375073208,1.2415906190872192,"[1.2208409309387207, -5.9680562019348145]",2024
"[7.773867505604718, -8.245769001847187]",-4.413916958369704,0.0,0.5960770738476585,1039518862467428,360133.0528596273,503973.5716151353,35.618167811678525,oracle,True,360132.48569850944,503973.3882135422,35.618167811678525,1.1827205419540405,"[8.696477890014648, 7.3837785720825195]",2025
"[7.773867505604718, -8.245769001847187]",-4.413916958369704,0.0,0.5056694159368136,1039518862467428,360133.0528596273,503973.5716151353,35.618167811678525,oracle,True,360132.5806436319,503973.39074608893,35.618167811678525,1.2938377857208252,"[8.645121574401855, 7.463675498962402]",2024
"[-10.194681050653115, -6.727040739177349]",2.886426762550684,0.0,4.88145565331627,1068673502542792,360165.8632651619,503970.6280462332,350.15053243802794,oracle,True,360170.5989172033,503969.4438971555,350.15053243802794,1.3668947219848633,"[8.476554870605469, -5.637509822845459]",2025
"[-10.194681050653115, -6.727040739177349]",2.886426762550684,0.0,2.6364805396955866,1068673502542792,360165.8632651619,503970.6280462332,350.15053243802794,oracle,True,360165.40783159033,503968.03120008874,350.15053243802794,1.191249966621399,"[9.24952220916748, -10.961568832397461]",2024
"[1.0219342644104032, -15.011705890403265]",-2.6424565998051435,0.0,1.9220957122903897,1614796256716672,360199.6908804353,503976.64319369476,347.084474668747,oracle,True,360199.5502687025,503974.72624813794,347.084474668747,1.4092676639556885,"[16.82069969177246, 0.3723241090774536]",2025
"[1.0219342644104032, -15.011705890403265]",-2.6424565998051435,0.0,2.1461493487617176,1614796256716672,360199.6908804353,503976.64319369476,347.084474668747,oracle,True,360200.2630106849,503974.57471019117,347.084474668747,1.5536580085754395,"[17.157852172851562, 1.0183063745498657]",2024
"[1.4442267734420333, 1.131627803218461]",9.178986444773386,0.0,1.0640147770605066,1623097549539635,360230.81751104794,503983.41809891164,347.18431886247004,oracle,True,360231.8621820211,503983.6200642643,347.18431886247004,1.0910897254943848,"[-1.2669233083724976, 2.4996047019958496]",2025
"[1.4442267734420333, 1.131627803218461]",9.178986444773386,0.0,1.3235957495034418,1623097549539635,360230.81751104794,503983.41809891164,347.18431886247004,oracle,True,360231.80735547695,503982.53939889773,347.18431886247004,1.0554057359695435,"[-0.1919116973876953, 2.376342296600342]",2024
"[-2.812121635170165, -15.467142452495873]",-6.842024136820726,0.0,0.5395474511255358,1585086595814553,360265.8288479847,503990.3496837346,348.28538668930594,oracle,True,360266.2061916908,503989.96403729095,348.28538668930594,1.2580180168151855,"[15.952825546264648, -2.577125072479248]",2025
"[-2.812121635170165, -15.467142452495873]",-6.842024136820726,0.0,1.263265664120646,1585086595814553,360265.8288479847,503990.3496837346,348.28538668930594,oracle,True,360265.1296594463,503989.2975546903,348.28538668930594,1.270532250404358,"[16.2420597076416, -3.80979061126709]",2024
"[-9.577031251108462, -17.390953763095656]",-0.20381848934039226,0.0,1.4033938656743266,1605463537903045,360296.4594195853,503997.18667273317,346.64073882745475,oracle,True,360296.40574612265,503995.7843056266,346.64073882745475,1.4238049983978271,"[18.74162483215332, -9.958085060119629]",2025
"[-9.577031251108462, -17.390953763095656]",-0.20381848934039226,0.0,1.8345199148177398,1605463537903045,360296.4594195853,503997.18667273317,346.64073882745475,oracle,True,360298.1951720535,503996.5928489488,346.64073882745475,1.3179709911346436,"[18.37527847290039, -8.028945922851562]",2024
"[4.011350637514551, -22.1488080101692]",-7.035245201361761,0.0,5.0312399756880275,3789502397873420,360329.7389217006,504003.7331037838,344.91925715035035,oracle,True,360327.1997983066,503999.3895766361,344.91925715035035,1.3598530292510986,"[25.21681785583496, 0.023783549666404724]",2025
"[4.011350637514551, -22.1488080101692]",-7.035245201361761,0.0,4.726979744672642,3789502397873420,360329.7389217006,504003.7331037838,344.91925715035035,oracle,True,360326.58477489476,504000.2123516719,344.91925715035035,1.2433607578277588,"[24.223033905029297, -0.23622801899909973]",2024
"[-9.383877659630407, 9.198665835074074]",-8.337062201042443,0.0,25.020842790592447,1950003419008286,360363.1358821056,504010.94987133984,349.8785002006545,oracle,True,360387.72525318235,504015.57646879397,349.8785002006545,1.5166372060775757,"[-5.801783084869385, 15.405308723449707]",2025
"[-9.383877659630407, 9.198665835074074]",-8.337062201042443,0.0,2.2735461453330066,1950003419008286,360363.1358821056,504010.94987133984,349.8785002006545,oracle,True,360361.80993141566,504009.10301811266,349.8785002006545,1.0350550413131714,"[-7.8666486740112305, -11.226360321044922]",2024
"[-10.29522087913502, 6.675698879311712]",-6.495003192321349,0.0,1.0834696858180686,1783034616269773,360394.11981327285,504016.33189696353,349.3653990519746,oracle,True,360393.31255428377,504015.6092355735,349.3653990519746,1.1832078695297241,"[-6.2228593826293945, -11.279519081115723]",2025
"[-10.29522087913502, 6.675698879311712]",-6.495003192321349,0.0,1.3435599607055864,1783034616269773,360394.11981327285,504016.33189696353,349.3653990519746,oracle,True,360393.191845297,504015.3602855166,349.3653990519746,1.1656323671340942,"[-6.020505428314209, -11.4681978225708]",2024
"[7.698768933538071, -1.13922588843421]",9.077511800668105,0.0,1.5988623208677337,1751971182727263,360428.991711286,504022.2797679808,350.0611522646833,oracle,True,360428.00351833407,504021.02285294357,350.0611522646833,1.4383577108383179,"[2.381143808364868, 6.691792964935303]",2025
"[7.698768933538071, -1.13922588843421]",9.077511800668105,0.0,1.9114733418171221,1751971182727263,360428.991711286,504022.2797679808,350.0611522646833,oracle,True,360428.46849851595,504020.4412961334,350.0611522646833,1.2352958917617798,"[2.9696247577667236, 7.14797830581665]",2024
"[22.105495707256036, -5.929749576871264]",-7.590121279440325,0.0,23.70437087558215,1041946372000040,360460.61334308796,504027.6650502281,349.5307363918364,oracle,True,360437.3143488531,504023.29995386605,349.5307363918364,0.9081411957740784,"[2.8570547103881836, -1.398881435394287]",2025
"[22.105495707256036, -5.929749576871264]",-7.590121279440325,0.0,26.952414256721703,1041946372000040,360460.61334308796,504027.6650502281,349.5307363918364,oracle,True,360434.3116637774,504021.7782599558,349.5307363918364,0.9912416934967041,"[3.37294340133667, -4.725370407104492]",2024
"[19.399206536562957, 12.666797588300454]",-5.987298730694533,0.0,3.485868255809585,1058349307017059,360492.22805497993,504032.4493259415,350.455605222158,oracle,True,360488.82655848714,504033.21162450925,350.455605222158,1.2831093072891235,"[-14.312082290649414, 16.326045989990234]",2025
"[19.399206536562957, 12.666797588300454]",-5.987298730694533,0.0,5.017024943547275,1058349307017059,360492.22805497993,504032.4493259415,350.455605222158,oracle,True,360487.44517650676,504030.9345280028,350.455605222158,1.313664436340332,"[-12.48803424835205, 14.385367393493652]",2024
"[9.990700789957582, 21.56896421529277]",-9.875916858056655,0.0,5.536654392626255,1588073185524588,360526.7575126549,504038.45668191835,349.1696028052205,oracle,True,360521.26709191984,504037.7426637003,349.1696028052205,1.129467487335205,"[-22.84235954284668, 4.602472305297852]",2025
"[9.990700789957582, 21.56896421529277]",-9.875916858056655,0.0,3.533132584040069,1588073185524588,360526.7575126549,504038.45668191835,349.1696028052205,oracle,True,360523.2283759253,504038.28869441827,349.1696028052205,1.2553025484085083,"[-22.659652709960938, 6.630131721496582]",2024
"[-15.543694028917498, 10.294708703762648]",-7.000634216850983,0.0,9.627115708586535,1098905325943467,360560.68061371776,504043.917289393,350.5254085542267,oracle,True,360570.2651664314,504044.8215604511,350.5254085542267,0.998353898525238,"[-8.443666458129883, -6.096207618713379]",2025
"[-15.543694028917498, 10.294708703762648]",-7.000634216850983,0.0,2.8170259389529844,1098905325943467,360560.68061371776,504043.917289393,350.5254085542267,oracle,True,360558.0467241978,504042.9181592026,350.5254085542267,1.1113901138305664,"[-10.083573341369629, -18.35279655456543]",2024
"[18.076574921618757, -17.185993658359532]",-6.065126177072614,0.0,5.350663042872558,3499536660219793,360594.0596022819,504048.21201448794,352.13471761739805,oracle,True,360588.80481044506,504047.2036704247,352.13471761739805,1.3513976335525513,"[16.899625778198242, 12.733580589294434]",2025
"[18.076574921618757, -17.185993658359532]",-6.065126177072614,0.0,4.233072649569592,3499536660219793,360594.0596022819,504048.21201448794,352.13471761739805,oracle,True,360590.07665827585,504046.7784660579,352.13471761739805,1.2548648118972778,"[17.618513107299805, 13.865656852722168]",2024
"[5.486853695913439, -11.331978526720269]",9.418000040432787,0.0,2.192557752129672,2175866539657391,360627.0786677387,504052.1780074034,348.42048951318594,oracle,True,360625.00871000875,504051.45510734624,348.42048951318594,1.2364070415496826,"[11.976292610168457, 3.391103506088257]",2025
"[5.486853695913439, -11.331978526720269]",9.418000040432787,0.0,1.9662411127515955,2175866539657391,360627.0786677387,504052.1780074034,348.42048951318594,oracle,True,360625.6089058138,504050.871904805,348.42048951318594,1.226560354232788,"[12.581717491149902, 3.9688758850097656]",2024
"[14.086886065756218, -9.34706784717905]",2.896819021986232,0.0,0.7316867338229339,1470108621835604,360656.9868018321,504057.98584541585,350.7771210413869,oracle,True,360656.336909147,504058.32200754085,350.7771210413869,1.0340766906738281,"[8.941343307495117, 13.477991104125977]",2025
"[14.086886065756218, -9.34706784717905]",2.896819021986232,0.0,0.7608798868345249,1470108621835604,360656.9868018321,504057.98584541585,350.7771210413869,oracle,True,360656.4866574352,504057.4124399882,350.7771210413869,1.1223876476287842,"[9.861872673034668, 13.526605606079102]",2024
"[-14.603838088014886, 13.266986094762176]",-9.677281498632837,0.0,2.675473433830996,1261127602821029,360680.909761988,504040.49847353157,76.3375943069395,oracle,True,360678.5090688765,504039.31744403165,76.3375943069395,1.1105167865753174,"[-10.594834327697754, -14.470560073852539]",2025
"[-14.603838088014886, 13.266986094762176]",-9.677281498632837,0.0,3.1928008668852352,1261127602821029,360680.909761988,504040.49847353157,76.3375943069395,oracle,True,360677.8341572131,504039.6413663945,76.3375943069395,1.1778132915496826,"[-10.10348129272461, -15.035364151000977]",2024
"[-20.23471658962561, 14.297910119920719]",5.206673465197966,0.0,2.0858091362605657,1810167326654101,360686.993854056,504006.6269094348,79.55305043736588,oracle,True,360685.09910213493,504005.75483437465,79.55305043736588,1.0570095777511597,"[-12.331428527832031, -19.539339065551758]",2025
"[-20.23471658962561, 14.297910119920719]",5.206673465197966,0.0,1.7315518001485253,1810167326654101,360686.993854056,504006.6269094348,79.55305043736588,oracle,True,360685.65844014793,504005.5246656638,79.55305043736588,1.0710095167160034,"[-12.867406845092773, -19.25904655456543]",2024
"[-19.60683630695939, -10.357094099626048]",4.956407896206599,0.0,1.5847451068714382,28353982287585850,360692.8649872906,503972.47876364924,79.66269750615494,oracle,True,360691.33076973906,503972.87574420084,79.66269750615494,1.1719920635223389,"[11.847323417663574, -20.14594078063965]",2025
"[-19.60683630695939, -10.357094099626048]",4.956407896206599,0.0,19.838471633209064,28353982287585850,360692.8649872906,503972.47876364924,79.66269750615494,oracle,True,360694.23047290184,503952.6873411186,79.66269750615494,1.2109498977661133,"[10.853592872619629, 0.22542139887809753]",2024
"[8.326672226500795, 8.46639494519839]",-6.63715471041823,0.0,5.1480692946378825,3724194881070199,360698.43418773764,503941.5210407255,79.67306387451882,oracle,True,360694.96114364924,503945.32111733296,79.67306387451882,1.443561315536499,"[-6.253227710723877, 3.678607225418091]",2025
"[8.326672226500795, 8.46639494519839]",-6.63715471041823,0.0,5.588544960027003,3724194881070199,360698.43418773764,503941.5210407255,79.67306387451882,oracle,True,360695.0148948762,503945.94147861085,79.67306387451882,1.3685733079910278,"[-6.485644340515137, 3.1009223461151123]",2024
"[-9.611242006991011, 17.919267455706436]",-1.2523605222595222,0.0,2.0335030827848075,2127011918227183,360690.3178709857,503914.0249450132,113.26557597296303,oracle,True,360688.29299300007,503914.2120383881,113.26557597296303,1.3037205934524536,"[-15.971881866455078, -9.02573013305664]",2025
"[-9.611242006991011, 17.919267455706436]",-1.2523605222595222,0.0,1.4124826581376744,2127011918227183,360690.3178709857,503914.0249450132,113.26557597296303,oracle,True,360689.01110465714,503914.5611063901,113.26557597296303,1.2122018337249756,"[-16.506803512573242, -9.618513107299805]",2024
"[-18.975016216217117, -16.26337671432852]",-1.1804938458912488,0.0,4.916056033156133,1050395951111401,360694.0420611825,503880.718190806,80.30233984358654,oracle,True,360690.074803774,503877.8150071094,80.30233984358654,1.0627561807632446,"[20.707237243652344, -16.872705459594727]",2025
"[-18.975016216217117, -16.26337671432852]",-1.1804938458912488,0.0,23.194865133532666,1050395951111401,360694.0420611825,503880.718190806,80.30233984358654,oracle,True,360692.6009608243,503857.56813684665,80.30233984358654,0.9265705943107605,"[22.047483444213867, 3.4870824813842773]",2024
"[11.475311369664535, 12.498861531686416]",1.851528985061421,0.0,24.832624631502124,1833929260931559,360699.44298365375,503847.9524849532,78.503812065449,oracle,True,360693.5949753216,503872.08669396525,78.503812065449,1.1175718307495117,"[-10.776888847351074, -13.297537803649902]",2025
"[11.475311369664535, 12.498861531686416]",1.851528985061421,0.0,18.661800990568334,1833929260931559,360699.44298365375,503847.9524849532,78.503812065449,oracle,True,360694.75026007707,503866.0146321579,78.503812065449,1.220535397529602,"[-10.898548126220703, -7.117746829986572]",2024
"[8.635009457750929, 18.195445338001814]",-3.9964615209487704,0.0,3.8898582932444694,1547432720042956,360704.86164560367,503815.27723250724,80.3573212672232,oracle,True,360700.9721361324,503815.3293248731,80.3573212672232,1.1323707103729248,"[-14.427903175354004, 7.6672163009643555]",2025
"[8.635009457750929, 18.195445338001814]",-3.9964615209487704,0.0,3.8545551046032624,1547432720042956,360704.86164560367,503815.27723250724,80.3573212672232,oracle,True,360701.0330479083,503815.7238136771,80.3573212672232,1.2093937397003174,"[-14.580120086669922, 7.298215389251709]",2024
"[7.492472609835791, -9.434891861941013]",-0.7030893339949209,0.0,2.1825369042285443,948728088280240,360720.42209097266,503787.8620452555,31.342302735199002,oracle,True,360720.51425673504,503785.68145524117,31.342302735199002,1.2269688844680786,"[11.264086723327637, 8.683066368103027]",2025
"[7.492472609835791, -9.434891861941013]",-0.7030893339949209,0.0,3.8298608347713876,948728088280240,360720.42209097266,503787.8620452555,31.342302735199002,oracle,True,360719.37784828455,503784.17729408044,31.342302735199002,1.2982933521270752,"[13.137405395507812, 8.471874237060547]",2024
"[-2.4283554286088402, -10.583814695662005]",1.9243925147662821,0.0,0.7650732624737808,1085515110888108,360727.5431572441,503758.03646339476,81.9371883405536,oracle,True,360727.42795120546,503758.7928129605,81.9371883405536,1.398923635482788,"[10.617483139038086, -3.192687511444092]",2025
"[-2.4283554286088402, -10.583814695662005]",1.9243925147662821,0.0,0.8523706414580917,1085515110888108,360727.5431572441,503758.03646339476,81.9371883405536,oracle,True,360726.7791506786,503757.6585352557,81.9371883405536,1.247821569442749,"[11.3838529586792, -2.1342899799346924]",2024
"[20.41699145426255, -20.54485871757297]",-7.359073565521157,0.0,7.633904787409415,1414526570784660,360749.53874211723,503742.96506125573,350.7055676122848,oracle,True,360741.906445936,503742.8083535492,350.7055676122848,1.3187493085861206,"[18.507705688476562, 13.059919357299805]",2025
"[20.41699145426255, -20.54485871757297]",-7.359073565521157,0.0,4.530511367326623,1414526570784660,360749.53874211723,503742.96506125573,350.7055676122848,oracle,True,360745.03072408534,503742.51416584256,350.7055676122848,1.220664143562317,"[19.684919357299805, 15.968841552734375]",2024
"[-6.584306878376098, 5.371765511729749]",-5.604337084580777,0.0,0.945143163414006,4655499598016038,360783.9939634348,503748.48009199556,350.10718637867046,oracle,True,360784.2254180967,503749.3964567367,350.10718637867046,1.0872762203216553,"[-6.192972183227539, -6.1164231300354]",2025
"[-6.584306878376098, 5.371765511729749]",-5.604337084580777,0.0,0.45761060265068076,4655499598016038,360783.9939634348,503748.48009199556,350.10718637867046,oracle,True,360784.29871656856,503748.13872270705,350.10718637867046,1.088456630706787,"[-4.9613800048828125, -6.3818440437316895]",2024
"[22.196450411523166, -9.8485845846794]",-4.479097542094394,0.0,8.458278923091042,3033300290207352,360817.63395764213,503753.72948514856,351.99106902931936,oracle,True,360809.2003951863,503753.0833376076,351.99106902931936,1.1159025430679321,"[8.655808448791504, 13.8226957321167]",2025
"[22.196450411523166, -9.8485845846794]",-4.479097542094394,0.0,11.947337738623439,3033300290207352,360817.63395764213,503753.72948514856,351.99106902931936,oracle,True,360805.92156259395,503751.3717995724,351.99106902931936,1.2175434827804565,"[9.617853164672852, 10.251340866088867]",2024
"[-20.15321615261748, -6.972581954166941]",9.87751076958628,0.0,5.609308783029556,1423796489689610,360849.0187159285,503754.3348842468,5.7238110324634,oracle,True,360854.6160528496,503753.9685996381,5.7238110324634,1.3749433755874634,"[5.820012092590332, -14.663596153259277]",2025
"[-20.15321615261748, -6.972581954166941]",9.87751076958628,0.0,1.4778039730334844,1423796489689610,360849.0187159285,503754.3348842468,5.7238110324634,oracle,True,360849.4458838118,503752.9201644222,5.7238110324634,1.3623253107070923,"[8.220294952392578, -19.361309051513672]",2024
"[-5.0720761154305585, -4.8038378582824075]",6.4609772203970905,0.0,2.3978284257207956,2132600394311539,360880.1354032153,503744.7996306652,26.658949271794334,oracle,True,360877.7973152915,503745.33153857046,26.658949271794334,1.4197956323623657,"[5.635865211486816, -7.3209228515625]",2025
"[-5.0720761154305585, -4.8038378582824075]",6.4609772203970905,0.0,2.7056052990064936,2132600394311539,360880.1354032153,503744.7996306652,26.658949271794334,oracle,True,360877.51816049806,503744.11381684715,26.658949271794334,1.2828437089920044,"[6.808270454406738, -6.889368057250977]",2024
"[-13.178596342717057, -14.644036274350091]",-4.744037194425189,0.0,2.139043962037621,989523250818847,360908.6289439254,503724.0568379499,34.753324911071644,oracle,True,360906.91537938383,503725.3371526118,34.753324911071644,1.2081632614135742,"[14.392377853393555, -15.30278491973877]",2025
"[-13.178596342717057, -14.644036274350091]",-4.744037194425189,0.0,4.064002693751083,989523250818847,360908.6289439254,503724.0568379499,34.753324911071644,oracle,True,360904.57213183306,503724.2984855083,34.753324911071644,1.2621402740478516,"[16.46375846862793, -16.812427520751953]",2024
"[7.3784720206529135, 3.7930748855464085]",-4.238741015149117,0.0,1.9239576555375992,1632250488424820,360931.21201359126,503742.673667931,307.71114265255073,oracle,True,360930.46922622033,503744.44845805434,307.71114265255073,1.3521299362182617,"[-5.391531467437744, 8.44924259185791]",2025
"[7.3784720206529135, 3.7930748855464085]",-4.238741015149117,0.0,2.538440989864298,1632250488424820,360931.21201359126,503742.673667931,307.71114265255073,oracle,True,360928.98317995964,503743.8885684626,307.71114265255073,1.2806355953216553,"[-6.322320461273193, 7.16260290145874]",2024
"[8.736475112867462, 13.069658871790176]",0.8628324443774247,0.0,2.0858540462254336,2077858049513350,360958.9264981925,503738.99869255535,36.57943141067384,oracle,True,360957.8801333843,503740.8031059754,36.57943141067384,1.047642469406128,"[-13.8661527633667, 6.808682441711426]",2025
"[8.736475112867462, 13.069658871790176]",0.8628324443774247,0.0,2.1701840117960245,2077858049513350,360958.9264981925,503738.99869255535,36.57943141067384,oracle,True,360957.12334871374,503740.20631443424,36.57943141067384,1.1509429216384888,"[-12.93222427368164, 6.570647239685059]",2024
"[8.884607174691105, -10.323826831994145]",3.791449615632061,0.0,2.750049253893181,1589393802867647,360989.10427757644,503724.1385183977,3.2836355909824206,oracle,True,360986.4327754572,503724.7910881839,3.2836355909824206,1.102710247039795,"[10.005274772644043, 6.153069972991943]",2025
"[8.884607174691105, -10.323826831994145]",3.791449615632061,0.0,2.8646272027475344,1589393802867647,360989.10427757644,503724.1385183977,3.2836355909824206,oracle,True,360986.61571103276,503722.719671835,3.2836355909824206,1.115792155265808,"[12.038386344909668, 6.589748859405518]",2024
"[-1.6306637639617565, 2.1752882465777383]",4.1328737014398484,0.0,2.622808194482806,1390751626576697,361021.37273823074,503733.2989859199,327.7075825822231,oracle,True,361018.7952048765,503733.78421229275,327.7075825822231,1.1417174339294434,"[-3.819492816925049, -3.6741201877593994]",2025
"[-1.6306637639617565, 2.1752882465777383]",4.1328737014398484,0.0,3.484310236264942,1390751626576697,361021.37273823074,503733.2989859199,327.7075825822231,oracle,True,361017.99273537105,503732.4528189795,327.7075825822231,1.1883004903793335,"[-3.02439546585083, -5.009929180145264]",2024
"[-13.70168690954445, -18.81080620695019]",6.206946733515508,0.0,2.8613926540024415,1779130370087030,361045.8460264687,503753.44114216417,320.3654600271832,oracle,True,361047.06220808014,503756.03121363197,320.3654600271832,1.2619446516036987,"[17.319150924682617, -11.259857177734375]",2025
"[-13.70168690954445, -18.81080620695019]",6.206946733515508,0.0,9.34609893379402,1779130370087030,361045.8460264687,503753.44114216417,320.3654600271832,oracle,True,361052.61803563894,503759.8823731861,320.3654600271832,1.0382511615753174,"[17.1656494140625, -4.501522541046143]",2024
"[-9.89745164967179, 10.98922350297926]",-7.209987336558186,0.0,1.7091794739158042,1081892811088637,361071.6103484227,503775.00968521927,319.9919728113934,oracle,True,361072.38154024276,503776.53499097575,319.9919728113934,1.420064926147461,"[-11.459216117858887, -8.254161834716797]",2025
"[-9.89745164967179, 10.98922350297926]",-7.209987336558186,0.0,2.4697978629631385,1081892811088637,361071.6103484227,503775.00968521927,319.9919728113934,oracle,True,361073.52016948594,503776.5757264034,319.9919728113934,1.4056977033615112,"[-10.65119457244873, -7.450895309448242]",2024
"[9.781886754801041, 10.840431785030324]",-8.181697797323295,0.0,1.647617253502423,1571657080838112,361097.6871538623,503796.1688923789,321.71023488531455,oracle,True,361098.8340006863,503797.3518484121,321.71023488531455,1.3154730796813965,"[-10.823652267456055, 11.429418563842773]",2025
"[9.781886754801041, 10.840431785030324]",-8.181697797323295,0.0,0.24557251694570462,1571657080838112,361097.6871538623,503796.1688923789,321.71023488531455,oracle,True,361097.6990030375,503796.41417886066,321.71023488531455,1.3024671077728271,"[-11.000773429870605, 9.967887878417969]",2024
"[2.7017782858972272, 2.532055035695402]",-7.783075920117881,0.0,2.4336336923112256,952888117221424,361123.05922481813,503818.2571096383,316.61607292312294,oracle,True,361124.6956676509,503820.05839468056,316.61607292312294,1.3028477430343628,"[-2.3868041038513184, 5.131073474884033]",2025
"[2.7017782858972272, 2.532055035695402]",-7.783075920117881,0.0,1.825075685816645,952888117221424,361123.05922481813,503818.2571096383,316.61607292312294,oracle,True,361124.2683343505,503819.62420707365,316.61607292312294,1.3375639915466309,"[-2.4474284648895264, 4.524890899658203]",2024
"[5.824948763298288, -17.260860732610684]",-8.863630300116938,0.0,3.7234506747089555,1088755186866756,361149.29993063095,503840.03393467236,320.98889387954176,oracle,True,361152.88099130243,503841.05378240324,320.98889387954176,1.3859273195266724,"[19.23279571533203, 8.983359336853027]",2025
"[5.824948763298288, -17.260860732610684]",-8.863630300116938,0.0,1.9236571606771597,1088755186866756,361149.29993063095,503840.03393467236,320.98889387954176,oracle,True,361151.16046823293,503840.52266435575,320.98889387954176,1.3030973672866821,"[18.31296730041504, 7.435392379760742]",2024
"[13.092077865657128, -1.3773407010115992]",6.397136339237818,0.0,2.7982501093769074,1666620238369939,361173.00583708816,503862.9563626265,292.94851285843356,oracle,True,361175.7022254683,503863.70448920544,292.94851285843356,1.1391810178756714,"[3.361086368560791, 15.065642356872559]",2025
"[13.092077865657128, -1.3773407010115992]",6.397136339237818,0.0,2.0152457564078987,1666620238369939,361173.00583708816,503862.9563626265,292.94851285843356,oracle,True,361174.6369984024,503864.13980177813,292.94851285843356,1.112106442451477,"[2.2192134857177734, 14.923051834106445]",2024
"[-11.97797709474916, -20.34085041782736]",3.1326421045083066,0.0,3.9688707145998996,1762029464919045,361156.16527727724,503890.4513906976,230.02804423733778,oracle,True,361157.93383266876,503894.0044382031,230.02804423733778,1.24053955078125,"[23.886571884155273, -10.194779396057129]",2025
"[-11.97797709474916, -20.34085041782736]",3.1326421045083066,0.0,3.396652269700555,1762029464919045,361156.16527727724,503890.4513906976,230.02804423733778,oracle,True,361158.0405795873,503893.2834372875,230.02804423733778,1.2645736932754517,"[23.539710998535156, -10.835813522338867]",2024
"[3.813146462549279, 0.20840710798602416]",-8.058651102678024,0.0,2.0598736032631226,1132839019071351,361142.207623885,503903.8411272457,30.809075166005442,oracle,True,361142.83696180506,503905.8025076381,30.809075166005442,1.308959722518921,"[-2.2605645656585693, 3.6350200176239014]",2025
"[3.813146462549279, 0.20840710798602416]",-8.058651102678024,0.0,1.5527488053637,1132839019071351,361142.207623885,503903.8411272457,30.809075166005442,oracle,True,361142.8769330202,503905.2422175833,30.809075166005442,1.3783506155014038,"[-1.7593237161636353, 3.8885555267333984]",2024
"[-4.974901620180892, -20.255314878865168]",-7.311398965044141,0.0,0.8064731813698621,1796949328283937,361165.4447950305,503879.9005597392,49.11875024070156,oracle,True,361164.7073419556,503879.57412145316,49.11875024070156,1.296431303024292,"[20.990245819091797, -5.306979179382324]",2025
"[-4.974901620180892, -20.255314878865168]",-7.311398965044141,0.0,1.194628714967328,1796949328283937,361165.4447950305,503879.9005597392,49.11875024070156,oracle,True,361164.62912373076,503879.027737823,49.11875024070156,1.2270734310150146,"[21.449657440185547, -5.001047611236572]",2024
"[12.04178437396226, -20.362945361056795]",-6.666266701522943,0.0,1.3893624608078663,1457053619817270,361163.461901341,503852.34058410395,137.93171992162561,oracle,True,361162.1642376275,503852.83696796175,137.93171992162561,1.089318037033081,"[21.665739059448242, 12.524543762207031]",2025
"[12.04178437396226, -20.362945361056795]",-6.666266701522943,0.0,2.561413377315092,1457053619817270,361163.461901341,503852.34058410395,137.93171992162561,oracle,True,361163.78672722465,503854.88131758757,137.93171992162561,1.3555973768234253,"[21.794523239135742, 9.917773246765137]",2024
"[16.22900250698316, -17.144636582746475]",-3.9298710488354516,0.0,2.4459305809187675,1837757387401780,361139.2848980101,503832.87409963924,140.0515130566729,oracle,True,361139.59427771025,503835.30038499093,140.0515130566729,1.4059605598449707,"[18.679094314575195, 14.324267387390137]",2025
"[16.22900250698316, -17.144636582746475]",-3.9298710488354516,0.0,3.9559267368495354,1837757387401780,361139.2848980101,503832.87409963924,140.0515130566729,oracle,True,361141.87756524916,503835.86198065005,140.0515130566729,1.2923972606658936,"[17.501285552978516, 12.289185523986816]",2024
"[-7.2283916834803925, 9.748106095797377]",-3.0993717870329647,0.0,3.2369421021563674,910305541902539,361113.2990068514,503811.5212163888,139.70288319418458,oracle,True,361114.11659301334,503814.65320410277,139.70288319418458,1.2977806329727173,"[-8.03406810760498, -9.974273681640625]",2025
"[-7.2283916834803925, 9.748106095797377]",-3.0993717870329647,0.0,0.7991247708761038,910305541902539,361113.2990068514,503811.5212163888,139.70288319418458,oracle,True,361113.44241430453,503812.30736822006,139.70288319418458,1.3433634042739868,"[-9.275402069091797, -7.872714042663574]",2024
"[-11.276615996568587, -12.748281908217397]",-6.015722885447353,0.0,1.216882605687426,943623705468611,361124.27563437924,503784.4712108318,49.80342135264164,oracle,True,361123.9215763234,503783.3069745288,49.80342135264164,1.3602381944656372,"[13.833758354187012, -10.72657585144043]",2025
"[-11.276615996568587, -12.748281908217397]",-6.015722885447353,0.0,2.1145538650280753,943623705468611,361124.27563437924,503784.4712108318,49.80342135264164,oracle,True,361123.38388902234,503782.5538876283,49.80342135264164,1.3362901210784912,"[14.749491691589355, -10.593609809875488]",2024
"[11.822710830034913, 7.4034712346972995]",4.316161634599496,0.0,1.313796629341371,29302096676059304,361152.32174410915,503793.66742612515,319.9515651069156,oracle,True,361153.4624215957,503793.0155699639,319.9515651069156,1.359023928642273,"[-6.208169937133789, 12.3679780960083]",2025
"[11.822710830034913, 7.4034712346972995]",4.316161634599496,0.0,3.1741121029336345,29302096676059304,361152.32174410915,503793.66742612515,319.9515651069156,oracle,True,361155.24356116727,503794.9075764067,319.9515651069156,1.3506990671157837,"[-6.703832149505615, 14.918755531311035]",2024
"[19.675566544924987, -18.855618373876258]",5.641812144021799,0.0,43.28323724878485,945959455229054,361178.48574524716,503815.7914123349,319.40193817603665,oracle,True,361137.23760061536,503828.90740223916,319.40193817603665,1.3567992448806763,"[-15.52726936340332, -6.616174697875977]",2025
"[19.675566544924987, -18.855618373876258]",5.641812144021799,0.0,37.99027511259215,945959455229054,361178.48574524716,503815.7914123349,319.40193817603665,oracle,True,361145.5076826,503834.6516452913,319.40193817603665,1.3775877952575684,"[-15.496842384338379, 3.453068494796753]",2024
"[15.694241990105827, 0.5714288867385787]",-6.271234669343528,0.0,3.5783790172110894,1673666160842107,361202.9486604999,503836.40604008455,318.7916284373411,oracle,True,361206.3608808721,503837.48379168956,318.7916284373411,1.2414052486419678,"[1.215101957321167, 18.794742584228516]",2025
"[15.694241990105827, 0.5714288867385787]",-6.271234669343528,0.0,2.94630890307808,1673666160842107,361202.9486604999,503836.40604008455,318.7916284373411,oracle,True,361205.84196125885,503836.96240944974,318.7916284373411,1.293805480003357,"[1.1850166320800781, 18.059751510620117]",2024
"[-12.8878649426532, 11.024208618557221]",-0.549489801134257,0.0,1.2535259859843095,1090951123865054,361229.35377108154,503858.7442823788,319.919795509785,oracle,True,361230.0560743557,503857.70596763433,319.919795509785,1.3543404340744019,"[-9.778879165649414, -13.030980110168457]",2025
"[-12.8878649426532, 11.024208618557221]",-0.549489801134257,0.0,2.105441667692358,1090951123865054,361229.35377108154,503858.7442823788,319.919795509785,oracle,True,361230.2824995307,503856.85474590556,319.919795509785,1.3412166833877563,"[-8.985417366027832, -13.413426399230957]",2024
"[-11.461201826528697, 4.413267914973244]",-7.442632084407023,0.0,2.4103470896847954,2599151813871531,361254.8027265823,503880.00557597354,319.1352500356382,oracle,True,361257.20015116135,503879.75632012024,319.1352500356382,1.2681628465652466,"[-2.4572651386260986, -10.052718162536621]",2025
"[-11.461201826528697, 4.413267914973244]",-7.442632084407023,0.0,1.1823254297498018,2599151813871531,361254.8027265823,503880.00557597354,319.1352500356382,oracle,True,361255.94440348004,503879.69822066947,319.1352500356382,1.2823786735534668,"[-3.3563179969787598, -10.931343078613281]",2024
"[-10.468036497617108, -0.3444398084585272]",-9.68035871207644,0.0,5.3369674714230495,1597452008592561,361281.9459420293,503902.72692003846,319.49911736546557,oracle,True,361283.92262737575,503897.76950772636,319.49911736546557,1.259917974472046,"[5.037214756011963, -13.009902954101562]",2025
"[-10.468036497617108, -0.3444398084585272]",-9.68035871207644,0.0,2.971480718479817,1597452008592561,361281.9459420293,503902.72692003846,319.49911736546557,oracle,True,361283.58914945053,503900.2511237966,319.49911736546557,1.1884642839431763,"[3.191948413848877, -11.317384719848633]",2024
"[-20.213651420934394, 11.571069783037148]",3.222610575580063,0.0,3.435560886891337,1591043065903450,361306.3013394185,503923.1993527394,319.37232726574774,oracle,True,361309.6979936178,503923.7149289782,319.37232726574774,1.1777143478393555,"[-9.917339324951172, -17.20229721069336]",2025
"[-20.213651420934394, 11.571069783037148]",3.222610575580063,0.0,3.1222777695401063,1591043065903450,361306.3013394185,503923.1993527394,319.37232726574774,oracle,True,361309.3168490053,503924.0088713631,319.37232726574774,1.2228714227676392,"[-10.382360458374023, -17.326509475708008]",2024
"[-10.350248143354342, 3.736893062002209]",-4.960667802704165,0.0,4.711114882608906,1112966985014802,361331.9141680186,503944.78736955114,319.4289408658014,oracle,True,361330.7569784956,503940.22058557934,319.4289408658014,1.161725640296936,"[-1.3636109828948975, -14.41990852355957]",2025
"[-10.350248143354342, 3.736893062002209]",-4.960667802704165,0.0,3.5864774618691935,1112966985014802,361331.9141680186,503944.78736955114,319.4289408658014,oracle,True,361331.5325414,503941.22125377785,319.4289408658014,1.112122654914856,"[-1.5111217498779297, -13.162500381469727]",2024
"[-2.665306848605527, 19.752181761741465]",-2.790270094327809,0.0,3.077258249355755,2366348720838280,361357.22639762436,503965.9155402966,319.33710303448834,oracle,True,361355.9134863858,503963.1324157193,319.33710303448834,1.2748626470565796,"[-18.63477897644043, -5.532523155212402]",2025
"[-2.665306848605527, 19.752181761741465]",-2.790270094327809,0.0,3.3709895026652927,2366348720838280,361357.22639762436,503965.9155402966,319.33710303448834,oracle,True,361355.56779369817,503962.98081658845,319.33710303448834,1.3045833110809326,"[-18.762481689453125, -5.887738227844238]",2024
"[-15.180506662264232, -20.760030409622797]",-7.467504438691435,0.0,42.817047555608816,1572977703746490,361381.6841147716,503988.2561406791,315.26503124108785,oracle,True,361372.0641001722,504029.9784953644,315.26503124108785,1.1545342206954956,"[-12.412029266357422, 11.891878128051758]",2025
"[-15.180506662264232, -20.760030409622797]",-7.467504438691435,0.0,28.26629805479021,1572977703746490,361381.6841147716,503988.2561406791,315.26503124108785,oracle,True,361391.367942406,504014.81187618145,315.26503124108785,1.4485154151916504,"[12.136719703674316, 11.738299369812012]",2024
"[3.8418838446128434, 8.975842907820113]",-1.5941689526003415,0.0,16.10398705933941,1579563780527774,361404.36574653024,504011.34464292694,313.0300471049002,oracle,True,361394.24782437197,503998.8160336503,313.0300471049002,1.2303590774536133,"[-8.270015716552734, -12.246627807617188]",2025
"[3.8418838446128434, 8.975842907820113]",-1.5941689526003415,0.0,3.164557501550066,1579563780527774,361404.36574653024,504011.34464292694,313.0300471049002,oracle,True,361407.4402564655,504012.09418467927,313.0300471049002,1.1952401399612427,"[-7.166925430297852, 6.438466548919678]",2024
"[-0.9156872710138902, 3.8700631844360847]",8.05048991485512,0.0,1.8882999750887648,1077445214894446,361428.2353577773,504036.8110457519,310.8947311561234,oracle,True,361428.8179637813,504035.0148700812,310.8947311561234,1.327478051185608,"[-2.132955312728882, -1.6560473442077637]",2025
"[-0.9156872710138902, 3.8700631844360847]",8.05048991485512,0.0,2.675131936815888,1077445214894446,361428.2353577773,504036.8110457519,310.8947311561234,oracle,True,361427.42047589394,504034.2630468517,310.8947311561234,1.402906894683838,"[-2.4838614463806152, -3.20365047454834]",2024
"[-2.3703861307547918, 6.525314471023872]",6.734626208630061,0.0,3.5220788795484492,1714471442944128,361449.2520025681,504060.74706808943,311.00182836492553,oracle,True,361447.3488634197,504057.78343838657,311.00182836492553,1.2309346199035645,"[-5.611993789672852, -5.771986484527588]",2025
"[-2.3703861307547918, 6.525314471023872]",6.734626208630061,0.0,3.349168191175387,1714471442944128,361449.2520025681,504060.74706808943,311.00182836492553,oracle,True,361448.23400313954,504057.55636209605,311.00182836492553,1.330295443534851,"[-4.8486504554748535, -5.269649028778076]",2024
"[-4.691469755920563, 11.713938112228861]",4.674407105501302,0.0,4.220467183498872,1347449930528506,361472.5967279173,504087.4096917212,309.77782126276634,oracle,True,361471.9277082466,504083.24258769955,309.77782126276634,1.2779147624969482,"[-9.273224830627441, -8.13461685180664]",2025
"[-4.691469755920563, 11.713938112228861]",4.674407105501302,0.0,4.245102603970588,1347449930528506,361472.5967279173,504087.4096917212,309.77782126276634,oracle,True,361471.5359664819,504083.2992560636,309.77782126276634,1.2824194431304932,"[-9.592549324035645, -8.368507385253906]",2024
"[21.85696033033859, -4.616226480955835]",8.229073075739507,0.0,3.53681025394057,1413652087402340,361492.29492151755,504113.28688474465,303.597875428812,oracle,True,361491.92088503926,504109.7699082754,303.597875428812,1.320512056350708,"[6.682920455932617, 18.98680305480957]",2025
"[21.85696033033859, -4.616226480955835]",8.229073075739507,0.0,2.3694873921839594,1413652087402340,361492.29492151755,504113.28688474465,303.597875428812,oracle,True,361493.7770602781,504111.438172978,303.597875428812,1.2149864435195923,"[6.953535079956055, 21.467782974243164]",2024
"[1.807920885132568, -5.9829505428826915]",3.041536533574515,0.0,5.511289523631783,921953573931750,361509.1497128202,504141.219079501,297.86871804825813,oracle,True,361508.43387515453,504135.75447625376,297.86871804825813,1.1897810697555542,"[8.175919532775879, -3.2482831478118896]",2025
"[1.807920885132568, -5.9829505428826915]",3.041536533574515,0.0,3.9267068496286677,921953573931750,361509.1497128202,504141.219079501,297.86871804825813,oracle,True,361509.3678623517,504137.29843701987,297.86871804825813,1.1564584970474243,"[8.184130668640137, -1.4438221454620361]",2024
"[14.290793043574853, -4.09787538843863]",1.6537922372540947,0.0,4.257935275567663,1403478994512518,361523.51524609205,504173.20255651977,288.43829113615783,oracle,True,361522.8311505208,504168.99993518775,288.43829113615783,1.338486909866333,"[4.899138927459717, 10.108928680419922]",2025
"[14.290793043574853, -4.09787538843863]",1.6537922372540947,0.0,6.790978326201294,1403478994512518,361523.51524609205,504173.20255651977,288.43829113615783,oracle,True,361521.38678519015,504166.7537550175,288.43829113615783,1.4176528453826904,"[4.314305305480957, 7.503264427185059]",2024
"[3.425541372242276, -4.9186617686979615]",-6.150188741466479,0.0,13.43634681904035,1794731371773449,361531.8882455436,504204.8006149186,281.7546367960357,oracle,True,361522.09818075044,504214.0033344725,281.7546367960357,1.3763455152511597,"[-5.723343849182129, 11.62817096710205]",2025
"[3.425541372242276, -4.9186617686979615]",-6.150188741466479,0.0,6.9713051694210035,1794731371773449,361531.8882455436,504204.8006149186,281.7546367960357,oracle,True,361530.67929126124,504197.93493758066,281.7546367960357,1.2565513849258423,"[4.385989665985107, -3.525383472442627]",2024
"[-12.282947992184967, -14.546217653743128]",2.940754486831679,0.0,6.674167583146429,3059374137740657,361537.029446159,504237.8977794815,274.71356777171735,oracle,True,361535.87071019836,504231.3249685226,274.71356777171735,1.2282408475875854,"[14.273279190063477, -18.9515323638916]",2025
"[-12.282947992184967, -14.546217653743128]",2.940754486831679,0.0,9.49641510174417,3059374137740657,361537.029446159,504237.8977794815,274.71356777171735,oracle,True,361527.53574290744,504237.6708469906,274.71356777171735,2.0363430976867676,"[5.167332649230957, -13.772382736206055]",2024
"[13.339669498681284, -21.706434582203386]",-7.299063866086158,0.0,11.292367159024833,1613002776844852,361536.4232422584,504266.85521835927,272.2808270468631,oracle,True,361525.2509821895,504265.21261036966,272.2808270468631,1.5162941217422485,"[10.43331527709961, 12.68062686920166]",2025
"[13.339669498681284, -21.706434582203386]",-7.299063866086158,0.0,11.367100391163,1613002776844852,361536.4232422584,504266.85521835927,272.2808270468631,oracle,True,361525.13977664436,504265.4788553839,272.2808270468631,2.0424253940582275,"[10.3458251953125, 12.955578804016113]",2024
"[0.16254938120721715, -9.52103808964995]",-7.182659188113973,0.0,3.476808252653031,981836188268787,361538.0477937769,504300.5927658677,272.513291319393,oracle,True,361540.41251457453,504303.1415481603,272.513291319393,1.3921103477478027,"[12.085395812988281, 2.5103707313537598]",2025
"[0.16254938120721715, -9.52103808964995]",-7.182659188113973,0.0,3.0885262348700557,981836188268787,361538.0477937769,504300.5927658677,272.513291319393,oracle,True,361539.39607236866,504297.8140720842,272.513291319393,1.2517677545547485,"[10.638640403747559, -2.716679573059082]",2024
"[-11.261350540310643, -9.386088318712178]",9.904899376608512,0.0,1.5154989274197352,1093658489977921,361539.8923210439,504335.836993712,272.28727856222014,oracle,True,361541.4051455654,504335.746999456,272.28727856222014,1.3098409175872803,"[10.883796691894531, -11.02981948852539]",2025
"[-11.261350540310643, -9.386088318712178]",9.904899376608512,0.0,1.8507049094932775,1093658489977921,361539.8923210439,504335.836993712,272.28727856222014,oracle,True,361541.3311974844,504334.6730593277,272.28727856222014,1.3318167924880981,"[11.038323402404785, -12.09515380859375]",2024
"[-11.493360635269232, -12.47024661665097]",5.896318191475984,0.0,1.441460946460513,1619687222851775,361541.55438086914,504368.50681948196,272.37270993829156,oracle,True,361542.8444863594,504367.86382843676,272.37270993829156,1.2738821506500244,"[13.839415550231934, -11.944122314453125]",2025
"[-11.493360635269232, -12.47024661665097]",5.896318191475984,0.0,23.024495390922127,1619687222851775,361541.55438086914,504368.50681948196,272.37270993829156,oracle,True,361544.0581711512,504391.39477313077,272.37270993829156,1.1833703517913818,"[11.656231880187988, 11.516740798950195]",2024
"[1.22423288343586, 3.05647053038437]",-3.973653395355086,0.0,2.3358435074952415,1391865393135267,361544.367099523,504400.577955069,277.8347799880502,oracle,True,361546.6362210215,504401.1322587013,277.8347799880502,1.217698335647583,"[-0.8298254013061523, 1.930077314376831]",2025
"[1.22423288343586, 3.05647053038437]",-3.973653395355086,0.0,3.1021465346470487,1391865393135267,361544.367099523,504400.577955069,277.8347799880502,oracle,True,361546.0857028167,504403.1605343691,277.8347799880502,1.2564839124679565,"[-1.5156748294830322, 3.9166781902313232]",2024
"[-20.613878824855693, -2.831159327268716]",-8.711957542347193,0.0,1.3519746740086065,1316675827064189,361552.2189105195,504434.41134184506,287.1074839647609,oracle,True,361552.6812962566,504435.6817885969,287.1074839647609,1.1573026180267334,"[3.103097438812256, -19.289535522460938]",2025
"[-20.613878824855693, -2.831159327268716]",-8.711957542347193,0.0,16.99561846583727,1316675827064189,361552.2189105195,504434.41134184506,287.1074839647609,oracle,True,361541.0551723183,504447.2262548924,287.1074839647609,1.0616788864135742,"[-10.083996772766113, -9.566264152526855]",2024
"[-14.771054981948497, 15.77090082015507]",-1.1825195596875346,0.0,0.33067334330246234,28263711263284815,361563.71273511497,504464.28748197947,292.85422022979816,oracle,True,361563.52141423913,504464.0177762464,292.85422022979816,1.1319692134857178,"[-15.849099159240723, -15.0923490524292]",2025
"[-14.771054981948497, 15.77090082015507]",-1.1825195596875346,0.0,1.3857420362228896,28263711263284815,361563.71273511497,504464.28748197947,292.85422022979816,oracle,True,361562.7771577319,504463.2652413272,292.85422022979816,1.1970648765563965,"[-16.262845993041992, -16.06653594970703]",2024
"[21.88382035108236, 22.033927542930545]",4.646418907159841,0.0,8.14985218465512,3489296377898570,361571.625468986,504493.47068203054,299.5680585925597,oracle,True,361575.1346272749,504486.1150108351,299.5680585925597,1.2619796991348267,"[-14.996031761169434, 17.77430534362793]",2025
"[21.88382035108236, 22.033927542930545]",4.646418907159841,0.0,6.747281254192429,3489296377898570,361571.625468986,504493.47068203054,299.5680585925597,oracle,True,361575.54165735125,504487.97620543937,299.5680585925597,1.263009786605835,"[-15.705978393554688, 19.542268753051758]",2024
"[12.614483320674895, -3.112253503575876]",4.978490127356963,0.0,7.161073670209114,1131727186478749,361588.8523000926,504518.82913805824,307.4974744287967,oracle,True,361595.8122498436,504517.1438856815,307.4974744287967,1.2433156967163086,"[9.383657455444336, 16.071428298950195]",2025
"[12.614483320674895, -3.112253503575876]",4.978490127356963,0.0,7.250956834161349,1131727186478749,361588.8523000926,504518.82913805824,307.4974744287967,oracle,True,361595.8439965599,504516.90753572696,307.4974744287967,1.3246053457260132,"[9.566675186157227, 15.918543815612793]",2024
"[-16.216054215682405, -1.2430379314025282]",-0.5885879537345886,0.0,7.108737734983043,1599642875223994,361610.9469463425,504543.66361937486,313.92116788058945,oracle,True,361617.2823393643,504540.439189589,313.92116788058945,1.0545284748077393,"[8.064000129699707, -14.213898658752441]",2025
"[-16.216054215682405, -1.2430379314025282]",-0.5885879537345886,0.0,21.125149350145346,1599642875223994,361610.9469463425,504543.66361937486,313.92116788058945,oracle,True,361613.8474901213,504564.5886947834,313.92116788058945,1.1875635385513306,"[-11.006614685058594, 0.9949290752410889]",2024
"[3.787675493447888, 6.899037210842066]",-6.625193360644289,0.0,5.504908791844457,1073713638614184,361636.8629086914,504567.6693398636,318.45576423936296,oracle,True,361641.65978003386,504564.9685906841,318.45576423936296,0.5865317583084106,"[-1.5235801935195923, 4.974470615386963]",2025
"[3.787675493447888, 6.899037210842066]",-6.625193360644289,0.0,6.378358332901153,1073713638614184,361636.8629086914,504567.6693398636,318.45576423936296,oracle,True,361642.04180939414,504563.94610974257,318.45576423936296,0.6874006390571594,"[-0.5569990277290344, 4.467386245727539]",2024
"[8.866978558605986, 20.237809983122048]",-4.294805491446198,0.0,7.049886452401529,1120440463974740,361660.74811106944,504589.6475856835,311.0860382163991,oracle,True,361667.54476904107,504587.77506347845,311.0860382163991,1.2278180122375488,"[-13.673434257507324, 11.437945365905762]",2025
"[8.866978558605986, 20.237809983122048]",-4.294805491446198,0.0,5.653680768110134,1120440463974740,361660.74811106944,504589.6475856835,311.0860382163991,oracle,True,361665.7143140117,504586.94556152297,311.0860382163991,1.233946442604065,"[-14.642515182495117, 9.677399635314941]",2024
"[-6.220504505473644, -2.5026410451839936]",-5.243072536293141,0.0,7.94704459979269,1396740292671110,361683.0279493844,504613.3827825114,318.1565499517186,oracle,True,361687.52297884895,504606.8291401666,318.1565499517186,1.3546885251998901,"[10.25705337524414, -7.959644317626953]",2025
"[-6.220504505473644, -2.5026410451839936]",-5.243072536293141,0.0,9.348065047815014,1396740292671110,361683.0279493844,504613.3827825114,318.1565499517186,oracle,True,361685.5614104263,504604.3845662833,318.1565499517186,1.4564107656478882,"[10.484928131103516, -11.085626602172852]",2024
"[-16.46797373570818, 7.350824607197848]",6.408059954103123,0.0,4.200526973524195,1100290906086001,361707.85448543716,504638.3282890087,290.3221943299974,oracle,True,361710.40222545067,504634.988611228,290.3221943299974,1.4920347929000854,"[-3.573195457458496, -18.3048038482666]",2025
"[-16.46797373570818, 7.350824607197848]",6.408059954103123,0.0,2.911647401165483,1100290906086001,361707.85448543716,504638.3282890087,290.3221943299974,oracle,True,361709.24438314285,504635.76979825116,290.3221943299974,1.5648428201675415,"[-4.958674430847168, -18.127885818481445]",2024
"[7.168739275293269, 5.8669665943642215]",-9.664194314343604,0.0,8.806170869483152,1436906631667845,361697.4136276352,504666.51541773695,211.2542456606379,oracle,True,361701.88044468587,504658.92620230856,211.2542456606379,1.248410701751709,"[-11.280101776123047, 0.2227610945701599]",2025
"[7.168739275293269, 5.8669665943642215]",-9.664194314343604,0.0,8.496813979364935,1436906631667845,361697.4136276352,504666.51541773695,211.2542456606379,oracle,True,361700.64245206397,504658.65599405527,211.2542456606379,1.276121973991394,"[-11.98688793182373, 1.2744699716567993]",2024
"[-10.810232063398356, -13.397772773815259]",-6.061627934747776,0.0,5.502146312173142,1609692443937868,361668.9486892873,504682.8453561375,210.79401582028814,oracle,True,361665.16107040824,504678.8544217522,210.79401582028814,1.3271405696868896,"[8.188253402709961, -9.039773941040039]",2025
"[-10.810232063398356, -13.397772773815259]",-6.061627934747776,0.0,5.107415951976391,1609692443937868,361668.9486892873,504682.8453561375,210.79401582028814,oracle,True,361668.89747181546,504677.7381969979,210.79401582028814,1.257401466369629,"[8.737655639648438, -12.9004487991333]",2024
"[7.562227604454721, 15.941724628702616]",-3.4487666741794385,0.0,1.3978077484207734,2140812226473784,361641.04399474245,504701.4222107101,213.78021034732328,oracle,True,361640.3001361832,504700.2387661844,213.78021034732328,1.0165413618087769,"[-17.33882713317871, 7.606624603271484]",2025
"[7.562227604454721, 15.941724628702616]",-3.4487666741794385,0.0,2.978749840700644,2140812226473784,361641.04399474245,504701.4222107101,213.78021034732328,oracle,True,361639.0017669307,504699.25374208495,213.78021034732328,1.0267876386642456,"[-18.844697952270508, 8.229832649230957]",2024
"[-15.306993316803963, -12.755886075089178]",8.804444454854377,0.0,4.9361261280321305,1770134364187132,361614.59098087926,504722.44381314795,220.41034254713298,oracle,True,361614.4053492212,504717.51117875654,220.41034254713298,1.194100022315979,"[9.393211364746094, -18.92054557800293]",2025
"[-15.306993316803963, -12.755886075089178]",8.804444454854377,0.0,4.8948373842488735,1770134364187132,361614.59098087926,504722.44381314795,220.41034254713298,oracle,True,361615.25799631915,504717.5946355454,220.41034254713298,1.1676833629608154,"[10.093320846557617, -19.414325714111328]",2024
"[-14.216656572837929, -6.687306402628027]",8.361483200621052,0.0,1.6930351967502097,3960386027436480,361591.5952234963,504746.5269450778,230.05124253896744,oracle,True,361591.9905826347,504744.88071929466,230.05124253896744,1.24650239944458,"[6.161802768707275, -15.826070785522461]",2025
"[-14.216656572837929, -6.687306402628027]",8.361483200621052,0.0,3.3553103894389253,3960386027436480,361591.5952234963,504746.5269450778,230.05124253896744,oracle,True,361592.54331702605,504743.30836985447,230.05124253896744,1.162124752998352,"[5.809054374694824, -17.454986572265625]",2024
"[-18.69173623942365, 11.424448995468548]",8.243739053374185,0.0,0.5942932974977898,1799341664552833,361572.6457602309,504774.8962715687,239.07370792608288,oracle,True,361572.7152207372,504775.48649166455,239.07370792608288,1.408417820930481,"[-11.132757186889648, -18.173952102661133]",2025
"[-18.69173623942365, 11.424448995468548]",8.243739053374185,0.0,0.7898337681954788,1799341664552833,361572.6457602309,504774.8962715687,239.07370792608288,oracle,True,361572.65242053,504774.1064658826,239.07370792608288,1.4443596601486206,"[-11.722872734069824, -19.423023223876953]",2024
"[12.891213435585813, -12.385337119810517]",9.474083171671651,0.0,0.4151451441510897,1388036546256933,361558.7140618083,504804.42107867356,249.01867383618352,oracle,True,361559.1132246807,504804.3069975971,249.01867383618352,1.1284029483795166,"[12.753718376159668, 12.699795722961426]",2025
"[12.891213435585813, -12.385337119810517]",9.474083171671651,0.0,1.2509707440397955,1388036546256933,361558.7140618083,504804.42107867356,249.01867383618352,oracle,True,361559.9644751555,504804.38373883476,249.01867383618352,1.2132012844085693,"[13.603167533874512, 12.60517692565918]",2024
"[-1.9485704308244332, -10.521843348861974]",7.06268696714011,0.0,4.134080512896374,1392556546281046,361548.052834857,504835.79213500954,250.87378567541663,oracle,True,361551.44282492803,504833.4260012421,250.87378567541663,1.3954432010650635,"[13.34245777130127, -4.970946311950684]",2025
"[-1.9485704308244332, -10.521843348861974]",7.06268696714011,0.0,2.990324623420613,1392556546281046,361548.052834857,504835.79213500954,250.87378567541663,oracle,True,361550.55104412016,504834.1486655602,250.87378567541663,1.3548418283462524,"[12.621404647827148, -4.07786226272583]",2024
"[-18.9939175093881, -16.549866013262484]",3.186497801348793,0.0,4.648669320199595,1400716081531820,361537.2392487183,504867.6496268753,251.32015210508467,oracle,True,361540.87849516346,504870.54203275277,251.32015210508467,1.536899447441101,"[20.829505920410156, -17.178756713867188]",2025
"[-18.9939175093881, -16.549866013262484]",3.186497801348793,0.0,3.6578629923365282,1400716081531820,361537.2392487183,504867.6496268753,251.32015210508467,oracle,True,361539.66687288124,504870.38579254906,251.32015210508467,1.454318881034851,"[19.620176315307617, -17.00566291809082]",2024
"[-0.466412824372406, -21.305233036239088]",-9.0737365324849,0.0,3.1233411046232296,1892217645152325,361527.15932734055,504899.9309961172,251.75060327783478,oracle,True,361529.58023382636,504901.9044376397,251.75060327783478,1.410043478012085,"[24.36186981201172, 0.1756395697593689]",2025
"[-0.466412824372406, -21.305233036239088]",-9.0737365324849,0.0,1.9504738502609442,1892217645152325,361527.15932734055,504899.9309961172,251.75060327783478,oracle,True,361528.4006223842,504901.435500971,251.75060327783478,1.0261690616607666,"[23.09861946105957, 0.3004726767539978]",2024
"[-10.450067842028302, 18.6526650592975]",-2.310200403180687,0.0,3.0648675715159803,845278345272909,361517.99783600273,504929.75817886833,251.94198824508135,oracle,True,361519.76393347135,504932.263036741,251.94198824508135,1.250453233718872,"[-16.125171661376953, -8.716519355773926]",2025
"[-10.450067842028302, 18.6526650592975]",-2.310200403180687,0.0,1.8960298112832519,845278345272909,361517.99783600273,504929.75817886833,251.94198824508135,oracle,True,361519.8923286718,504929.83451085404,251.94198824508135,1.314552664756775,"[-16.85005760192871, -11.037890434265137]",2024
"[20.990573122275723, 19.670934770107394]",-7.259085832096645,0.0,4.192217213334317,2612096309208434,361509.8059636109,504962.64188964665,260.82867997460966,oracle,True,361513.8442595027,504961.5163446881,260.82867997460966,1.2478632926940918,"[-16.115907669067383, 18.768756866455078]",2025
"[20.990573122275723, 19.670934770107394]",-7.259085832096645,0.0,4.233493695567303,2612096309208434,361509.8059636109,504962.64188964665,260.82867997460966,oracle,True,361512.8326470187,504959.6818801164,260.82867997460966,1.1494170427322388,"[-17.60508918762207, 17.295339584350586]",2024
"[13.30236292953214, -18.91836271280538]",0.9030756828793471,0.0,1.5150347723286277,1645304160505212,361502.2519723498,504994.43547046836,252.93062506393304,oracle,True,361501.54386455804,504993.0960998264,252.93062506393304,1.4597139358520508,"[17.865339279174805, 12.213109970092773]",2025
"[13.30236292953214, -18.91836271280538]",0.9030756828793471,0.0,1.9799730010481913,1645304160505212,361502.2519723498,504994.43547046836,252.93062506393304,oracle,True,361502.0280546883,504992.4681997789,252.93062506393304,1.4078501462936401,"[18.155559539794922, 11.475227355957031]",2024
"[-22.33891279988536, -22.174374869973114]",-1.6750923090158665,0.0,5.449947834762593,1368742985247867,361492.2334559488,505028.35266217124,253.1819735066803,oracle,True,361489.36086165655,505032.98409104726,253.1819735066803,1.41232430934906,"[20.91916275024414, -17.03548240661621]",2025
"[-22.33891279988536, -22.174374869973114]",-1.6750923090158665,0.0,3.0717286460373368,1368742985247867,361492.2334559488,505028.35266217124,253.1819735066803,oracle,True,361490.57686440635,505030.9394016897,253.1819735066803,1.3359806537628174,"[21.423816680908203, -19.360292434692383]",2024
"[21.588183285185856, -10.09772976705251]",-8.858758712488594,0.0,0.5530998580547861,1094966510141854,361482.8214742172,505058.37402536254,250.83743577092525,oracle,True,361483.2361122033,505058.7400783553,250.83743577092525,1.2402563095092773,"[10.635732650756836, 21.716527938842773]",2025
"[21.588183285185856, -10.09772976705251]",-8.858758712488594,0.0,1.751236120364437,1094966510141854,361482.8214742172,505058.37402536254,250.83743577092525,oracle,True,361483.5503869096,505056.7816955487,250.83743577092525,1.2657711505889893,"[9.993117332458496, 19.84007453918457]",2024
"[-5.422528386100246, 17.918561961805572]",3.049221332387475,0.0,5.891485358274622,1576088213452988,361471.7362748644,505091.2981349118,251.55647181361104,oracle,True,361476.7801768875,505088.25368880323,251.55647181361104,1.4978320598602295,"[-13.863805770874023, -9.696701049804688]",2025
"[-5.422528386100246, 17.918561961805572]",3.049221332387475,0.0,2.978053873218795,1576088213452988,361471.7362748644,505091.2981349118,251.55647181361104,oracle,True,361473.4315789655,505088.8497172847,251.55647181361104,1.3785401582717896,"[-16.934040069580078, -8.233137130737305]",2024
"[-16.873559549222676, -20.667114626365443]",1.0527138412930412,0.0,3.480347899301384,2326419104828349,361463.87377641036,505123.49797958974,285.5099973265701,oracle,True,361464.1060195079,505126.97057007,285.5099973265701,1.2368617057800293,"[19.899808883666992, -13.478848457336426]",2025
"[-16.873559549222676, -20.667114626365443]",1.0527138412930412,0.0,3.3861701507624526,2326419104828349,361463.87377641036,505123.49797958974,285.5099973265701,oracle,True,361462.99091804196,505126.76703287644,285.5099973265701,1.164227843284607,"[18.888996124267578, -13.991816520690918]",2024
"[7.098893564394898, 0.6642824073944724]",5.1298490002480435,0.0,2.0560721938613944,1611154070401669,361493.0522768595,505138.26740477607,322.2927948363659,oracle,True,361494.0874176125,505140.0438947107,322.2927948363659,1.2749497890472412,"[-1.6039098501205444, 8.92770004272461]",2025
"[7.098893564394898, 0.6642824073944724]",5.1298490002480435,0.0,0.28989463282754074,1611154070401669,361493.0522768595,505138.26740477607,322.2927948363659,oracle,True,361492.99411632447,505138.55140521674,322.2927948363659,1.2752095460891724,"[-0.9349155426025391, 7.202800273895264]",2024
"[-2.8891673409189225, 12.827703644860701]",2.600160673080495,0.0,7.188493655324223,2044825309733264,361517.82771305204,505160.52887198236,318.5141274465706,oracle,True,361522.3233202377,505166.1381461836,318.5141274465706,1.2048711776733398,"[-14.371758460998535, 4.131540298461914]",2025
"[-2.8891673409189225, 12.827703644860701]",2.600160673080495,0.0,3.5640143123181973,2044825309733264,361517.82771305204,505160.52887198236,318.5141274465706,oracle,True,361519.1256999359,505163.8481231129,318.5141274465706,1.1956846714019775,"[-14.596571922302246, 0.20490813255310059]",2024
"[6.4407865918714045, -18.80744506510454]",2.817757957417797,0.0,4.44961180799645,1353979803178810,361530.3587487028,505170.9117681952,148.200596317521,oracle,True,361526.877768197,505173.6833778286,148.200596317521,1.31088387966156,"[22.918617248535156, 8.142934799194336]",2025
"[6.4407865918714045, -18.80744506510454]",2.817757957417797,0.0,3.876932102370076,1353979803178810,361530.3587487028,505170.9117681952,148.200596317521,oracle,True,361528.30698474654,505174.20127685065,148.200596317521,1.189979910850525,"[22.67916488647461, 6.641754627227783]",2024
"[9.914111193410001, 2.950134858763949]",3.930005124713489,0.0,4.740102494921784,1112299907902984,361505.03398144763,505148.4196676966,135.10897763472872,oracle,True,361501.352468148,505151.4054726947,135.10897763472872,1.2116538286209106,"[1.7180120944976807, 10.736896514892578]",2025
"[9.914111193410001, 2.950134858763949]",3.930005124713489,0.0,4.30832250284661,1112299907902984,361505.03398144763,505148.4196676966,135.10897763472872,oracle,True,361500.81471498107,505149.29112238425,135.10897763472872,1.1948782205581665,"[0.47386986017227173, 12.529036521911621]",2024
"[16.72997652304776, -11.127622915398554]",8.887178876421416,0.0,4.529866094753669,1099992155940572,361476.9349046636,505130.8601407418,162.9595274769371,oracle,True,361474.2674864402,505134.52136551746,162.9595274769371,1.2277854681015015,"[15.130139350891113, 18.8511905670166]",2025
"[16.72997652304776, -11.127622915398554]",8.887178876421416,0.0,2.6556784036516006,1099992155940572,361476.9349046636,505130.8601407418,162.9595274769371,oracle,True,361474.7981273337,505132.43710314657,162.9595274769371,1.1341952085494995,"[12.991687774658203, 18.62150764465332]",2024
"[-4.8430410798679775, 5.354011200087835]",-3.947619285778174,0.0,1.8883225218836548,2090069028562856,361462.71241398016,505108.46205451246,77.33940240615863,oracle,True,361461.724497525,505110.07133479393,77.33940240615863,1.3048137426376343,"[-4.867282867431641, -6.6675567626953125]",2025
"[-4.8430410798679775, 5.354011200087835]",-3.947619285778174,0.0,1.5893269498401013,2090069028562856,361462.71241398016,505108.46205451246,77.33940240615863,oracle,True,361461.27362121904,505109.137210453,77.33940240615863,1.277705430984497,"[-4.168219566345215, -5.901274681091309]",2024
"[21.00711731925958, 11.480405888756563]",8.123714022458287,0.0,7.04015223836222,28071381109150220,361468.2257658363,505078.0853922805,76.58461707839409,oracle,True,361465.72441624437,505084.66619722807,76.58461707839409,1.2261406183242798,"[-9.596636772155762, 14.22367000579834]",2025
"[21.00711731925958, 11.480405888756563]",8.123714022458287,0.0,6.919973086681799,28071381109150220,361468.2257658363,505078.0853922805,76.58461707839409,oracle,True,361466.4624834088,505084.7769438645,76.58461707839409,1.0863877534866333,"[-10.341772079467773, 14.181464195251465]",2024
"[-9.183907072270761, -12.816188964356215]",7.635560614031732,0.0,4.863885852812459,1120045207649869,361477.51365528506,505045.06929584127,72.0560999263658,oracle,True,361477.9521666314,505049.9133740186,72.0560999263658,1.057145118713379,"[11.517930030822754, -13.87132740020752]",2025
"[-9.183907072270761, -12.816188964356215]",7.635560614031732,0.0,2.980266524676219,1120045207649869,361477.51365528506,505045.06929584127,72.0560999263658,oracle,True,361477.670262422,505048.0454448232,72.0560999263658,1.1318633556365967,"[12.129541397094727, -12.083993911743164]",2024
"[-6.991068377133267, 12.025432859281265]",-1.7980828454648474,0.0,5.834559337482615,2176435617086201,361465.31389726076,505019.4838384604,159.3120439262325,oracle,True,361459.6411068126,505020.84821787744,159.3120439262325,1.3731104135513306,"[-8.59517765045166, -2.2713828086853027]",2025
"[-6.991068377133267, 12.025432859281265]",-1.7980828454648474,0.0,2.6473920760681784,2176435617086201,361465.31389726076,505019.4838384604,159.3120439262325,oracle,True,361463.07636615366,505020.8988081948,159.3120439262325,1.3319514989852905,"[-9.862277030944824, -5.464817523956299]",2024
"[9.559458131626851, -6.639901814822776]",5.457368974822998,0.0,1.283838928351732,1476656934564153,361435.5440886696,505009.21059400775,161.60204431611461,oracle,True,361435.59713105264,505010.49333673314,161.60204431611461,1.3469289541244507,"[7.878188133239746, 9.220504760742188]",2025
"[9.559458131626851, -6.639901814822776]",5.457368974822998,0.0,2.8293034050968213,1476656934564153,361435.5440886696,505009.21059400775,161.60204431611461,oracle,True,361436.37204480363,505011.91604154895,161.60204431611461,1.4193992614746094,"[9.091225624084473, 8.1466703414917]",2024
"[18.51122417624114, 8.176151644495496]",-0.36491725174775524,0.0,3.562863026285939,1555312799214362,361402.0505830572,504999.5467164507,164.80215097186715,oracle,True,361405.3128674527,505000.97902000346,164.80215097186715,1.2608305215835571,"[-7.671611309051514, 14.98426628112793]",2025
"[18.51122417624114, 8.176151644495496]",-0.36491725174775524,0.0,2.2790185559531015,1555312799214362,361402.0505830572,504999.5467164507,164.80215097186715,oracle,True,361403.85235814145,505000.94225653406,164.80215097186715,1.289605975151062,"[-7.315181255340576, 16.401092529296875]",2024
"[-0.28325672466389795, 14.412907323523132]",-2.573595983101029,0.0,12.098626371560492,1626801685484071,361370.61223184236,504993.5602959525,175.96341037533338,oracle,True,361358.75731220073,504995.9764168868,175.96341037533338,1.1475099325180054,"[-10.648183822631836, 11.214726448059082]",2025
"[-0.28325672466389795, 14.412907323523132]",-2.573595983101029,0.0,4.874418581774619,1626801685484071,361370.61223184236,504993.5602959525,175.96341037533338,oracle,True,361366.2419542755,504995.7191452986,175.96341037533338,1.2197041511535645,"[-11.76533031463623, 3.809455394744873]",2024
"[-15.16416293827427, -22.00239075779039]",2.207815164005268,0.0,0.42239985973221694,1613966733737828,361336.7890929675,504998.1562380204,197.05928498559814,oracle,True,361337.204749361,504998.08106219926,197.05928498559814,1.441094994544983,"[22.068580627441406, -15.581344604492188]",2025
"[-15.16416293827427, -22.00239075779039]",2.207815164005268,0.0,4.621317552571854,1613966733737828,361336.7890929675,504998.1562380204,197.05928498559814,oracle,True,361332.22339664976,504998.8710758032,197.05928498559814,1.313895583152771,"[21.170637130737305, -10.618311882019043]",2024
"[16.5321344859229, -1.6806759409656504]",-8.225999577309977,0.0,7.29123404915166,1597169132134158,361306.71443197003,505011.736835639,207.23425306814022,oracle,True,361313.3559963152,505008.72822848475,207.23425306814022,1.3142409324645996,"[0.9993095397949219, 9.272807121276855]",2025
"[16.5321344859229, -1.6806759409656504]",-8.225999577309977,0.0,3.658930447281026,1597169132134158,361306.71443197003,505011.736835639,207.23425306814022,oracle,True,361310.0297695894,505010.18883418955,207.23425306814022,1.3936249017715454,"[1.2969043254852295, 12.893385887145996]",2024
"[-7.406179535432214, 4.855090602437623]",8.65965665409513,0.0,2.8659199842962613,1402659124563537,361277.040160692,505027.92995291576,208.03905708647943,oracle,True,361279.8154545307,505027.2149414017,208.03905708647943,1.3474639654159546,"[-3.769843578338623, -10.058675765991211]",2025
"[-7.406179535432214, 4.855090602437623]",8.65965665409513,0.0,2.209896301898834,1402659124563537,361277.040160692,505027.92995291576,208.03905708647943,oracle,True,361279.1099337337,505027.1555620448,208.03905708647943,1.2906794548034668,"[-4.239077568054199, -9.528482437133789]",2024
"[-7.057048186113406, -14.63707289859567]",1.7435768371426832,0.0,1.2451686461472191,1791234278691271,361248.69493693695,505043.69381941203,209.6648863003122,oracle,True,361249.8133427294,505043.146449847,209.6648863003122,1.3003507852554321,"[14.752748489379883, -8.296832084655762]",2025
"[-7.057048186113406, -14.63707289859567]",1.7435768371426832,0.0,0.42681570725112966,1791234278691271,361248.69493693695,505043.69381941203,209.6648863003122,oracle,True,361248.291750505,505043.5537753153,209.6648863003122,1.291244387626648,"[14.30743408203125, -6.785921096801758]",2024
"[-22.3606067718821, -11.666780427622237]",6.056737534159993,0.0,35.34740645508404,1405846657542303,361219.375578727,505062.97825993877,214.96344899372846,oracle,True,361191.1703504825,505084.2832885184,214.96344899372846,1.1644424200057983,"[9.229170799255371, 12.90264892578125]",2025
"[-22.3606067718821, -11.666780427622237]",6.056737534159993,0.0,33.15431393939568,1405846657542303,361219.375578727,505062.97825993877,214.96344899372846,oracle,True,361193.7993479941,505084.07482255663,214.96344899372846,1.229448676109314,"[10.797364234924316, 10.782305717468262]",2024
"[-7.625215961354158, 7.175039502071983]",1.3895225455157458,0.0,3.176493314732793,1998492840812168,361193.17285884917,505080.8191491077,211.75623618199398,oracle,True,361195.3561238845,505078.5118858882,211.75623618199398,1.260560154914856,"[-7.9131245613098145, -10.71476936340332]",2025
"[-7.625215961354158, 7.175039502071983]",1.3895225455157458,0.0,0.43887466889560695,1998492840812168,361193.17285884917,505080.8191491077,211.75623618199398,oracle,True,361193.35985645076,505081.2161917653,211.75623618199398,1.1243212223052979,"[-6.740357875823975, -7.564694404602051]",2024
"[-20.199766291765982, -7.83732550730458]",8.009280813364882,0.0,5.394515278830181,1805068834011537,361163.0245726018,505098.3813070329,208.45031946885874,oracle,True,361157.91700565873,505100.1172664264,208.45031946885874,1.4084792137145996,"[6.198314666748047, -15.06026840209961]",2025
"[-20.199766291765982, -7.83732550730458]",8.009280813364882,0.0,3.1129085306523603,1805068834011537,361163.0245726018,505098.3813070329,208.45031946885874,oracle,True,361159.9725104348,505098.993774215,208.45031946885874,1.1687778234481812,"[6.516212463378906, -17.381103515625]",2024
"[-16.339006712607052, -10.398486634085454]",-9.746158045026704,0.0,2.939922931536238,1577342996632443,361134.2897713471,505114.6866960563,208.9614748458836,oracle,True,361136.3606479474,505112.5999241594,208.9614748458836,1.0692815780639648,"[9.109537124633789, -18.981307983398438]",2025
"[-16.339006712607052, -10.398486634085454]",-9.746158045026704,0.0,1.6469274957112439,1577342996632443,361134.2897713471,505114.6866960563,208.9614748458836,oracle,True,361135.07449003786,505113.2387365429,208.9614748458836,1.1623624563217163,"[9.289461135864258, -17.55655860900879]",2024
"[2.668196650039222, 17.743399645169774]",-9.51871752746277,0.0,2.0901206259155094,1627218468984037,361104.2994642516,505131.69463421684,208.56185229796802,oracle,True,361106.22443103377,505130.8803203225,208.56185229796802,1.188955545425415,"[-17.88507080078125, 0.5828828811645508]",2025
"[2.668196650039222, 17.743399645169774]",-9.51871752746277,0.0,2.3233511770099073,1627218468984037,361104.2994642516,505131.69463421684,208.56185229796802,oracle,True,361106.29527484084,505130.50522226817,208.56185229796802,1.247625470161438,"[-18.21652603149414, 0.39352917671203613]",2024
"[-10.957351024580536, 5.413305025942839]",-2.7639669859896685,0.0,2.195260027136925,2978326649172208,361076.50747162476,505147.5510879224,209.39059915242893,oracle,True,361074.83510531735,505146.12899175106,209.39059915242893,1.4163135290145874,"[-7.434094429016113, -10.099693298339844]",2025
"[-10.957351024580536, 5.413305025942839]",-2.7639669859896685,0.0,2.8905472583418916,2978326649172208,361076.50747162476,505147.5510879224,209.39059915242893,oracle,True,361076.1356517994,505144.6845545683,209.39059915242893,1.326639175415039,"[-8.142471313476562, -11.909671783447266]",2024
"[3.466081980000062, -2.5855472251612817]",-7.323402347842261,0.0,4.208146209507061,3754424991393145,361046.96864898404,505164.47608940955,209.01011630305157,oracle,True,361044.664652718,505160.954712445,209.01011630305157,1.3409065008163452,"[-1.5379793643951416, 4.30573844909668]",2025
"[3.466081980000062, -2.5855472251612817]",-7.323402347842261,0.0,4.766980739495079,3754424991393145,361046.96864898404,505164.47608940955,209.01011630305157,oracle,True,361043.2775617318,505161.45947205444,209.01011630305157,1.2968130111694336,"[-1.5815210342407227, 5.781173229217529]",2024
"[13.466613692823111, -15.064082447314984]",9.974654424802111,0.0,27.109276023746926,1260741202845756,361019.00799381535,505180.367778033,209.07188553601975,oracle,True,361040.3385612107,505163.63697586686,209.07188553601975,1.236497163772583,"[15.507585525512695, -13.639034271240234]",2025
"[13.466613692823111, -15.064082447314984]",9.974654424802111,0.0,10.064445542510436,1260741202845756,361019.00799381535,505180.367778033,209.07188553601975,oracle,True,361024.69360148854,505172.063145021,209.07188553601975,1.2334394454956055,"[12.196074485778809, 3.8194589614868164]",2024
"[-14.95486067664294, 18.724212164533377]",3.866426053039504,0.0,3.323794295529043,1556200629076514,360989.4216288107,505197.2621762613,208.21983132523448,oracle,True,360992.7107851937,505197.7407771462,208.21983132523448,1.1406811475753784,"[-16.571533203125, -17.48736572265625]",2025
"[-14.95486067664294, 18.724212164533377]",3.866426053039504,0.0,2.273034368232715,1556200629076514,360989.4216288107,505197.2621762613,208.21983132523448,oracle,True,360991.29408074345,505198.5508224496,208.21983132523448,1.0713980197906494,"[-16.63776969909668, -15.856771469116211]",2024
"[-10.15496909451267, 11.93898808414911]",-4.616044715374443,0.0,26.289835166132008,1058757126920400,360824.89545035467,505384.04269541893,252.00850508478257,oracle,True,360812.14791315264,505407.03521003446,252.00850508478257,1.0944106578826904,"[-14.868290901184082, 15.971159934997559]",2025
"[-10.15496909451267, 11.93898808414911]",-4.616044715374443,0.0,26.297720052703788,1058757126920400,360824.89545035467,505384.04269541893,252.00850508478257,oracle,True,360812.2800692899,505407.1169720178,252.00850508478257,1.2428882122039795,"[-14.714859008789062, 15.99583625793457]",2024
"[0.1930501770988831, -9.065878106353317]",-3.755703873765384,0.0,8.259406014826066,1100362855725571,360978.4813495051,505203.05984292924,206.0181185359829,oracle,True,360979.7008586997,505194.8909638726,206.0181185359829,1.2839691638946533,"[1.9679300785064697, -4.030327796936035]",2025
"[0.1930501770988831, -9.065878106353317]",-3.755703873765384,0.0,8.214515186739288,1100362855725571,360978.4813495051,505203.05984292924,206.0181185359829,oracle,True,360980.59937988414,505195.1230799199,206.0181185359829,1.2098885774612427,"[2.5231478214263916, -4.773934841156006]",2024
"[-13.228437028786086, -16.567138890183784]",0.2674387768103088,0.0,28.21601537320911,1041328292272541,360824.0357951551,505387.0502379555,253.4884275094645,oracle,True,360810.24933954753,505411.6688724693,253.4884275094645,1.2563667297363281,"[10.217647552490234, 14.263879776000977]",2025
"[-13.228437028786086, -16.567138890183784]",0.2674387768103088,0.0,29.486700691359314,1041328292272541,360824.0357951551,505387.0502379555,253.4884275094645,oracle,True,360810.447723481,505413.2194914,253.4884275094645,1.3165347576141357,"[10.841867446899414, 15.697101593017578]",2024
"[0.6277810541367993, 12.938607714699852]",9.644586374877946,0.0,7.039428861256589,1978181079545268,360981.2749126579,505201.62867444754,206.61423474529838,oracle,True,360983.2688999131,505194.8775579829,206.61423474529838,1.124173641204834,"[-17.203083038330078, -4.972916126251221]",2025
"[0.6277810541367993, 12.938607714699852]",9.644586374877946,0.0,7.256119924322362,1978181079545268,360981.2749126579,505201.62867444754,206.61423474529838,oracle,True,360982.5951999343,505194.4936819553,206.61423474529838,1.1776500940322876,"[-17.91107177734375, -4.656713008880615]",2024
"[-13.948800062456423, -19.34993529795661]",7.1797413139955495,0.0,27.106551390174644,1624858092548608,360823.1726704277,505390.1981357848,254.17234934972836,oracle,True,360809.441471061,505413.5694706252,254.17234934972836,1.1646451950073242,"[9.289008140563965, 11.221477508544922]",2025
"[-13.948800062456423, -19.34993529795661]",7.1797413139955495,0.0,27.559345215364285,1624858092548608,360823.1726704277,505390.1981357848,254.17234934972836,oracle,True,360809.6711834857,505414.2236921583,254.17234934972836,1.2195484638214111,"[9.614479064941406, 11.833721160888672]",2024
"[20.891731911325596, 5.531680632774103]",-8.78091025217077,0.0,11.187774784298218,1132747332749947,360984.0406199746,505200.1745466972,207.17550998792115,oracle,True,360988.630939944,505189.97183788026,207.17550998792115,1.1896557807922363,"[-13.764570236206055, 13.316388130187988]",2025
"[20.891731911325596, 5.531680632774103]",-8.78091025217077,0.0,8.601528561390078,1132747332749947,360984.0406199746,505200.1745466972,207.17550998792115,oracle,True,360986.7277221885,505192.0035140033,207.17550998792115,1.2036304473876953,"[-12.43727970123291, 15.763477325439453]",2024
"[-16.012887253274815, -1.7487562680668527]",4.525898695169161,0.0,32.594015651638664,1999264247459733,360822.3839241866,505393.22124050464,254.44886624505065,oracle,True,360807.4947338144,505422.21575492306,254.44886624505065,1.3218508958816528,"[-7.320675849914551, 15.293905258178711]",2025
"[-16.012887253274815, -1.7487562680668527]",4.525898695169161,0.0,33.89433977929826,1999264247459733,360822.3839241866,505393.22124050464,254.44886624505065,oracle,True,360806.8550948628,505423.34899728984,254.44886624505065,1.4107812643051147,"[-7.731786251068115, 16.52855682373047]",2024
"[3.1135084662257, -9.561621945548989]",5.634211228274609,0.0,13.727257370766424,1069879799117962,360820.8094764566,505399.36092613544,254.80554887126746,oracle,True,360817.6085828823,505386.0120731791,254.80554887126746,1.2305001020431519,"[4.188146591186523, -9.518330574035645]",2025
"[3.1135084662257, -9.561621945548989]",5.634211228274609,0.0,14.889481532236163,1069879799117962,360820.8094764566,505399.36092613544,254.80554887126746,oracle,True,360817.55410926277,505384.83167134615,254.80554887126746,1.220294713973999,"[3.938383102416992, -10.673291206359863]",2024
"[-16.389911588946564, -21.54180721313728]",-3.0094849031974036,0.0,8.044810656138507,946071411273849,360812.4749577944,505432.53320290986,255.0794710465457,oracle,True,360804.58304540353,505434.094195321,255.0794710465457,1.1118528842926025,"[14.513738632202148, -12.475166320800781]",2025
"[-16.389911588946564, -21.54180721313728]",-3.0094849031974036,0.0,28.3693329776636,946071411273849,360812.4749577944,505432.53320290986,255.0794710465457,oracle,True,360798.08891528146,505456.98439581355,255.0794710465457,1.1934157609939575,"[15.381871223449707, 11.302582740783691]",2024
"[2.7187035047991444, 2.1577516418228484]",-6.098766869888834,0.0,8.881566278915619,28630049443257593,360803.7528703903,505466.15015777014,254.4464986745188,oracle,True,360797.8174347786,505459.5431294165,254.4464986745188,0.8872770667076111,"[-10.112196922302246, -1.2321217060089111]",2025
"[2.7187035047991444, 2.1577516418228484]",-6.098766869888834,0.0,7.931363796948673,28630049443257593,360803.7528703903,505466.15015777014,254.4464986745188,oracle,True,360795.9902537639,505464.5227934006,254.4464986745188,1.0368937253952026,"[-9.973093032836914, 4.0703582763671875]",2024
"[17.728422737446536, 4.292678286241916]",6.214781891097573,0.0,10.999252774391257,2325916388183213,360795.28008992714,505498.1880449727,254.86163925606502,oracle,True,360791.05112730566,505488.0342556928,254.86163925606502,1.2092725038528442,"[-10.045478820800781, 8.353517532348633]",2025
"[17.728422737446536, 4.292678286241916]",6.214781891097573,0.0,12.740632810934184,2325916388183213,360795.28008992714,505498.1880449727,254.86163925606502,oracle,True,360790.9434353456,505486.20818055514,254.86163925606502,1.1791507005691528,"[-10.4351224899292, 6.566249847412109]",2024
"[-14.325862618756199, 1.3009466154202158]",-9.310324339458248,0.0,6.411518731927015,1975241993146792,360790.9305160588,505531.0259289183,275.5645292688212,oracle,True,360786.7910712808,505526.1297498591,275.5645292688212,1.0725810527801514,"[-5.751415252685547, -18.941152572631836]",2025
"[-14.325862618756199, 1.3009466154202158]",-9.310324339458248,0.0,5.228834338637803,1975241993146792,360790.9305160588,505531.0259289183,275.5645292688212,oracle,True,360786.20350614993,505528.7907363399,275.5645292688212,1.1364474296569824,"[-6.163883209228516, -16.247465133666992]",2024
"[-11.413329245613133, -16.70035654547607]",6.541867417117373,0.0,5.123920635269312,2266652857522078,360801.94835124625,505561.35963224806,291.8080147247711,oracle,True,360798.12734473305,505557.94576759014,291.8080147247711,1.2715413570404053,"[14.958714485168457, -16.2321720123291]",2025
"[-11.413329245613133, -16.70035654547607]",6.541867417117373,0.0,5.5415611766439055,2266652857522078,360801.94835124625,505561.35963224806,291.8080147247711,oracle,True,360799.2628538333,505556.5122614226,291.8080147247711,1.2418009042739868,"[16.638742446899414, -16.954547882080078]",2024
"[-2.5686480654650703, -18.91183780422615]",-7.8540605103696635,0.0,9.584809294298728,2664235027388592,360814.3610915972,505591.13648182247,292.5960751883997,oracle,True,360807.13338846795,505584.84133474843,292.5960751883997,1.2546076774597168,"[13.523968696594238, -10.495780944824219]",2025
"[-2.5686480654650703, -18.91183780422615]",-7.8540605103696635,0.0,8.390034682981055,2664235027388592,360814.3610915972,505591.13648182247,292.5960751883997,oracle,True,360810.0957538847,505583.9115544055,292.5960751883997,1.238148808479309,"[16.625415802001953, -10.641129493713379]",2024
"[-13.177854780905475, 3.4779216296365414]",-0.596773663281283,0.0,3.1797746501156583,2298332014341910,360828.7860962364,505620.79880488664,298.88369572152936,oracle,True,360825.6128835815,505621.00298194797,298.88369572152936,1.1542670726776123,"[-6.368963718414307, -14.50180435180664]",2025
"[-13.177854780905475, 3.4779216296365414]",-0.596773663281283,0.0,6.055255208288783,2298332014341910,360828.7860962364,505620.79880488664,298.88369572152936,oracle,True,360822.75685775065,505620.2380920192,298.88369572152936,1.190593957901001,"[-8.521467208862305, -16.528789520263672]",2024
"[13.822819253251868, 8.666681097714168]",-6.696610376305955,0.0,6.90356342945369,2664985677254720,360846.2640029569,505652.54278573673,296.3486771705366,oracle,True,360840.5464131014,505648.673889994,296.3486771705366,1.1338852643966675,"[-12.75009536743164, 8.256409645080566]",2025
"[13.822819253251868, 8.666681097714168]",-6.696610376305955,0.0,14.927309945789116,2664985677254720,360846.2640029569,505652.54278573673,296.3486771705366,oracle,True,360837.6702342406,505640.33738850977,296.3486771705366,1.5712653398513794,"[-12.655115127563477, -0.5617897510528564]",2024
"[18.914417339655646, -4.574217223679298]",-6.584251183212814,0.0,5.307187587793919,2190862265201212,360858.074267425,505681.2016031267,287.6809987164796,oracle,True,360854.14092044445,505677.6385957421,287.6809987164796,1.3155262470245361,"[1.4001684188842773, 14.660988807678223]",2025
"[18.914417339655646, -4.574217223679298]",-6.584251183212814,0.0,5.26965597519537,2190862265201212,360858.074267425,505681.2016031267,287.6809987164796,oracle,True,360853.2717642998,505679.032447109,287.6809987164796,1.2526918649673462,"[0.27899301052093506, 15.861496925354004]",2024
"[19.89465599078738, -16.140781556592984]",-9.689798420543354,0.0,7.103439995908397,1803778274142674,360866.5628902905,505714.5663897488,280.4521159059846,oracle,True,360860.19108163216,505711.42649895506,280.4521159059846,1.169355869293213,"[9.811311721801758, 16.670269012451172]",2025
"[19.89465599078738, -16.140781556592984]",-9.689798420543354,0.0,6.077503107388487,1803778274142674,360866.5628902905,505714.5663897488,280.4521159059846,oracle,True,360861.12919911963,505711.84406642494,280.4521159059846,1.2805689573287964,"[10.743790626525879, 17.10028076171875]",2024
"[-11.176849066095617, -20.32797614403331]",-7.6361577110843655,0.0,6.466948371385013,1595260398958253,360876.16708211036,505747.10174129903,294.28648085219186,oracle,True,360869.7098202539,505746.7479185254,294.28648085219186,1.438901662826538,"[14.242839813232422, -13.366035461425781]",2025
"[-11.176849066095617, -20.32797614403331]",-7.6361577110843655,0.0,7.776489990939471,1595260398958253,360876.16708211036,505747.10174129903,294.28648085219186,oracle,True,360868.39482130855,505746.84530688665,294.28648085219186,1.3346357345581055,"[12.955072402954102, -13.649517059326172]",2024
"[6.99650302306548, 14.440277050367206]",-4.400738283139276,0.0,7.711113978264439,1618478246297464,360897.08296487853,505770.6888914574,359.2443918729163,oracle,True,360889.37981702806,505770.33847459184,359.2443918729163,1.2627668380737305,"[-14.783589363098145, -0.7069647312164307]",2025
"[6.99650302306548, 14.440277050367206]",-4.400738283139276,0.0,8.673853651319584,1618478246297464,360897.08296487853,505770.6888914574,359.2443918729163,oracle,True,360888.4769240128,505769.6063953686,359.2443918729163,1.1859501600265503,"[-14.135619163513184, -1.6719986200332642]",2024
"[1.7938020361166567, -1.0851491656211878]",6.246018061213743,0.0,5.395481983896365,1411397654284692,360928.39490721177,505760.7714622654,17.352959867827888,oracle,True,360923.2623408411,505762.43518949347,17.352959867827888,1.1586018800735474,"[1.6152937412261963, -3.5755715370178223]",2025
"[1.7938020361166567, -1.0851491656211878]",6.246018061213743,0.0,4.7095511830998005,1411397654284692,360928.39490721177,505760.7714622654,17.352959867827888,oracle,True,360923.70175379264,505761.1641241184,17.352959867827888,1.1111440658569336,"[2.6041483879089355, -2.664057731628418]",2024
"[-11.219370824832485, 20.409309687012644]",7.773469456953347,0.0,4.243652908729084,2199725277275110,360959.47657312726,505750.6162178423,17.29410753099758,oracle,True,360956.07445086195,505753.1527812856,17.29410753099758,1.2272900342941284,"[-21.26551628112793, -15.375751495361328]",2025
"[-11.219370824832485, 20.409309687012644]",7.773469456953347,0.0,3.4159486813592124,2199725277275110,360959.47657312726,505750.6162178423,17.29410753099758,oracle,True,360957.9236969069,505753.6587958344,17.29410753099758,0.9434821605682373,"[-22.507369995117188, -13.915080070495605]",2024
"[-6.424020021985121, -13.718254960209203]",-2.240261776981299,0.0,5.175989454024866,1630029038733543,360977.76595758327,505730.73830788117,109.2852212235517,oracle,True,360973.45857222425,505733.60837725265,109.2852212235517,1.2013767957687378,"[18.677719116210938, -7.905432224273682]",2025
"[-6.424020021985121, -13.718254960209203]",-2.240261776981299,0.0,5.144408682518948,1630029038733543,360977.76595758327,505730.73830788117,109.2852212235517,oracle,True,360973.07856379775,505732.85804375913,109.2852212235517,1.3488028049468994,"[18.821096420288086, -7.0766682624816895]",2024
"[2.486765203849204, -9.255822965458037]",-5.522416923790388,0.0,3.8836202513436358,1029541690071867,360965.52086601197,505699.5423200922,110.60057777067044,oracle,True,360961.994113984,505701.1685200768,110.60057777067044,1.2503877878189087,"[13.084189414978027, 1.833989143371582]",2025
"[2.486765203849204, -9.255822965458037]",-5.522416923790388,0.0,3.8955620665836146,1029541690071867,360965.52086601197,505699.5423200922,110.60057777067044,oracle,True,360962.1475478622,505701.4906856829,110.60057777067044,1.1320308446884155,"[13.019845008850098, 1.4830013513565063]",2024
"[-5.59864642639337, 8.003562305458077]",3.6021032489483247,0.0,3.366722875462031,1110169474745368,360954.2398640532,505667.78448765073,105.04909601937412,oracle,True,360950.8932333983,505668.15175619005,105.04909601937412,1.280956506729126,"[-4.715231895446777, -4.876354217529297]",2025
"[-5.59864642639337, 8.003562305458077]",3.6021032489483247,0.0,2.307570582191681,1110169474745368,360954.2398640532,505667.78448765073,105.04909601937412,oracle,True,360951.958143663,505667.44005470694,105.04909601937412,1.29460871219635,"[-5.951822757720947, -4.542593955993652]",2024
"[-17.14129388922036, 9.610647711723304]",4.559382584696987,0.0,13.0061020671902,2143531059567041,360980.2035497979,505651.34399289545,21.80630224487809,oracle,True,360992.42561941524,505646.8965548407,21.80630224487809,1.14960515499115,"[-11.053646087646484, -4.215488433837891]",2025
"[-17.14129388922036, 9.610647711723304]",4.559382584696987,0.0,0.87535747794989,2143531059567041,360980.2035497979,505651.34399289545,21.80630224487809,oracle,True,360980.8918709692,505651.8847929318,21.80630224487809,1.0258901119232178,"[-10.400875091552734, -16.764741897583008]",2024
"[9.43027199776955, -1.5651253427892569]",-6.3497481432418965,0.0,3.7349376713890043,1885191899114432,361009.02305004245,505639.24162336625,22.564392727789823,oracle,True,361005.9396967024,505641.349392706,22.564392727789823,1.0500714778900146,"[0.40218305587768555, 5.881000995635986]",2025
"[9.43027199776955, -1.5651253427892569]",-6.3497481432418965,0.0,1.8587721387799667,1885191899114432,361009.02305004245,505639.24162336625,22.564392727789823,oracle,True,361007.7436153449,505640.58998560195,22.564392727789823,0.939548134803772,"[0.627662718296051, 7.825218200683594]",2024
"[14.030219388144536, 11.757552264236924]",5.329842515423419,0.0,1.3318465053957507,1566349148627059,361039.9677668257,505626.0771525111,22.528355738064644,oracle,True,361038.9717810372,505626.9613625671,22.528355738064644,1.1606286764144897,"[-12.07387924194336, 12.736483573913574]",2025
"[14.030219388144536, 11.757552264236924]",5.329842515423419,0.0,1.790952108897334,1566349148627059,361039.9677668257,505626.0771525111,22.528355738064644,oracle,True,361038.73779271025,505627.37894862867,22.528355738064644,1.246557354927063,"[-12.333730697631836, 12.334481239318848]",2024
"[-6.200388045434693, 13.280501442652435]",7.538995750061545,0.0,3.897369159768078,2343542236381893,361071.1612371945,505613.02524712496,21.688621760325894,oracle,True,361074.89725830324,505611.9154576663,21.688621760325894,1.144464373588562,"[-14.136228561401367, -2.398123264312744]",2025
"[-6.200388045434693, 13.280501442652435]",7.538995750061545,0.0,2.3185306956658835,2343542236381893,361071.1612371945,505613.02524712496,21.688621760325894,oracle,True,361073.4616232772,505613.31474402844,21.688621760325894,1.016628384590149,"[-14.65637493133545, -4.334227085113525]",2024
"[-12.726977300534902, -14.328437005369587]",6.441785557255869,0.0,3.9084246329295578,1843956966766764,361101.9827967382,505599.7779691089,22.536645763096583,oracle,True,361098.5756873051,505601.6930117774,22.536645763096583,1.1044214963912964,"[14.303831100463867, -16.635324478149414]",2025
"[-12.726977300534902, -14.328437005369587]",6.441785557255869,0.0,1.0559395844421504,1843956966766764,361101.9827967382,505599.7779691089,22.536645763096583,oracle,True,361101.5199808223,505600.72707913094,22.536645763096583,1.1506388187408447,"[13.722378730773926, -13.5916748046875]",2024
"[17.967344385329593, -3.4247622440865033]",9.19654775307659,0.0,1.2700698305591007,1378668397810037,361133.45828977134,505587.590027526,18.889311079430556,oracle,True,361134.58344897407,505587.00088056386,18.889311079430556,1.2287338972091675,"[3.4148147106170654, 19.237375259399414]",2025
"[17.967344385329593, -3.4247622440865033]",9.19654775307659,0.0,2.0469035714509305,1378668397810037,361133.45828977134,505587.590027526,18.889311079430556,oracle,True,361135.3326072132,505586.76738036104,18.889311079430556,1.2476561069488525,"[3.2681193351745605, 20.00824546813965]",2024
"[-10.269007860881993, 0.23538704693943643]",-3.138304440327204,0.0,3.9873520243267335,1640881657746457,361164.7459236542,505574.790562897,22.57263785958171,oracle,True,361168.64078873507,505573.9367466594,22.57263785958171,1.1860425472259521,"[-0.7261422872543335, -6.311971664428711]",2025
"[-10.269007860881993, 0.23538704693943643]",-3.138304440327204,0.0,3.665551548382919,1640881657746457,361164.7459236542,505574.790562897,22.57263785958171,oracle,True,361168.25389274495,505573.72735030676,22.57263785958171,1.1107993125915527,"[-0.3999461531639099, -6.607151985168457]",2024
"[20.531221434974118, 3.158077754683054]",0.7450062186188795,0.0,37.039608027758014,1329442135766852,361195.54057250504,505562.247072299,20.64097160126914,oracle,True,361161.1503095667,505576.0036117578,20.64097160126914,1.1042290925979614,"[-3.427039861679077, -16.507410049438477]",2025
"[20.531221434974118, 3.158077754683054]",0.7450062186188795,0.0,35.946833973080665,1329442135766852,361195.54057250504,505562.247072299,20.64097160126914,oracle,True,361162.31290596304,505575.9619200511,20.64097160126914,1.1676287651062012,"[-3.8121583461761475, -15.409661293029785]",2024
"[-6.864538894628934, -14.522114298772456]",-7.744703053850381,0.0,13.774807971830704,1877539553208523,361226.3647825685,505550.4629049683,19.144616178197545,oracle,True,361238.9485218309,505544.8597950429,19.144616178197545,0.9753441214561462,"[17.527433395385742, 6.578429222106934]",2025
"[-6.864538894628934, -14.522114298772456]",-7.744703053850381,0.0,12.647051805352048,1877539553208523,361226.3647825685,505550.4629049683,19.144616178197545,oracle,True,361237.2871403667,505544.0871681877,19.144616178197545,0.9843000173568726,"[18.61319923400879, 5.102538585662842]",2024
"[11.790299131720802, 5.717441248120253]",0.1511464765484405,0.0,15.645789108903099,971140639343305,361257.99184614775,505539.6962324716,20.161977218906035,oracle,True,361242.8564372804,505543.6598312479,20.161977218906035,0.9806995987892151,"[-4.180277347564697, -3.7797954082489014]",2025
"[11.790299131720802, 5.717441248120253]",0.1511464765484405,0.0,5.094957509960852,971140639343305,361257.99184614775,505539.6962324716,20.161977218906035,oracle,True,361259.87784554117,505534.96319979517,20.161977218906035,0.9665932655334473,"[-1.9334840774536133, 15.202081680297852]",2024
"[-14.016530395205207, 16.9647014273432]",-9.004017419140517,0.0,5.4264214244753814,1426839858986128,361288.8926168677,505527.25597672444,27.06509414953422,oracle,True,361289.8724207093,505521.91874580306,27.06509414953422,1.0952118635177612,"[-12.194223403930664, -11.430299758911133]",2025
"[-14.016530395205207, 16.9647014273432]",-9.004017419140517,0.0,4.269757221682008,1426839858986128,361288.8926168677,505527.25597672444,27.06509414953422,oracle,True,361288.51722664706,505523.00275336864,27.06509414953422,1.1786460876464844,"[-12.804666519165039, -13.054794311523438]",2024
"[10.887598407011353, -9.541542905734568]",-0.4548197651768717,0.0,9.90192262421918,1419645030041727,361318.3638489618,505515.4230037108,14.89806713836782,oracle,True,361323.140105177,505506.7491667154,14.89806713836782,1.2587640285491943,"[16.74994659423828, 17.67633819580078]",2025
"[10.887598407011353, -9.541542905734568]",-0.4548197651768717,0.0,8.323025877190778,1419645030041727,361318.3638489618,505515.4230037108,14.89806713836782,oracle,True,361322.35460260994,505508.1191249418,14.89806713836782,1.1261228322982788,"[15.619206428527832, 16.573965072631836]",2024
"[16.73665834805401, -5.92326488704632]",-6.189305251400814,0.0,9.114643275928367,4510807879135648,361351.93503453897,505507.6781751616,10.412533002251346,oracle,True,361352.145085252,505498.56595255976,10.412533002251346,1.18461275100708,"[14.99527645111084, 17.617185592651367]",2025
"[16.73665834805401, -5.92326488704632]",-6.189305251400814,0.0,9.06909953714838,4510807879135648,361351.93503453897,505507.6781751616,10.412533002251346,oracle,True,361354.24413419724,505498.907962782,10.412533002251346,1.3155698776245117,"[14.499615669250488, 19.685348510742188]",2024
"[-2.6854282955706292, -16.987337206551096]",9.315541297746691,0.0,9.831206123751846,929538789876463,361382.61629521067,505499.73874528706,54.501828891654704,oracle,True,361385.629432396,505490.3806675918,54.501828891654704,1.2245476245880127,"[18.412471771240234, 7.041935443878174]",2025
"[-2.6854282955706292, -16.987337206551096]",9.315541297746691,0.0,9.936578105629163,929538789876463,361382.61629521067,505499.73874528706,54.501828891654704,oracle,True,361385.0042798857,505490.09337781655,54.501828891654704,1.1596853733062744,"[19.10024070739746, 7.023908615112305]",2024
"[-21.705961502488265, 20.008417324743075]",-4.190006797842443,0.0,6.216058144517883,1736493034133252,361376.68114395306,505464.6876076674,100.01794967969442,oracle,True,361372.42994468217,505460.1525571037,100.01794967969442,1.397707223892212,"[-16.239686965942383, -16.762678146362305]",2025
"[-21.705961502488265, 20.008417324743075]",-4.190006797842443,0.0,5.666172168306405,1736493034133252,361376.68114395306,505464.6876076674,100.01794967969442,oracle,True,361374.77109741984,505459.3530758902,100.01794967969442,1.2090915441513062,"[-18.649919509887695, -16.205053329467773]",2024
"[-6.004024945026893, -0.8389909248801578]",2.812619304964123,0.0,4.405999856856671,2001244650439529,361378.1259606169,505432.5480952319,60.5864528032553,oracle,True,361378.09063851467,505428.14223696274,60.5864528032553,1.4133639335632324,"[2.8434009552001953, -2.0803563594818115]",2025
"[-6.004024945026893, -0.8389909248801578]",2.812619304964123,0.0,5.455598886380393,2001244650439529,361378.1259606169,505432.5480952319,60.5864528032553,oracle,True,361377.7003176775,505427.1091259088,60.5864528032553,1.3482729196548462,"[3.6550049781799316, -1.3313785791397095]",2024
"[-1.8816789147459898, 13.786885438324799]",4.786739326289158,0.0,4.943278675442498,2042982259659935,361402.5514528438,505412.2859219806,34.54901273914318,oracle,True,361403.4902010316,505407.432597769,34.54901273914318,1.3343404531478882,"[-10.628145217895508, 1.9207366704940796]",2025
"[-1.8816789147459898, 13.786885438324799]",4.786739326289158,0.0,4.156521327983367,2042982259659935,361402.5514528438,505412.2859219806,34.54901273914318,oracle,True,361403.1545450375,505408.1733863448,34.54901273914318,1.2817734479904175,"[-10.988344192504883, 1.1915663480758667]",2024
"[-10.261595929687246, 14.264821912571048]",1.7316749937805653,0.0,3.9708233360724177,1414668144105202,361429.77660105436,505392.94916052837,36.35041238830319,oracle,True,361426.03121050575,505391.63026416977,36.35041238830319,1.0728631019592285,"[-10.916563034057617, -12.396215438842773]",2025
"[-10.261595929687246, 14.264821912571048]",1.7316749937805653,0.0,4.9143458810727925,1414668144105202,361429.77660105436,505392.94916052837,36.35041238830319,oracle,True,361424.8970209356,505393.5326785688,36.35041238830319,1.0711315870285034,"[-11.714449882507324, -14.462357521057129]",2024
"[-21.583156322665396, 19.903824292168288]",7.844000921557267,0.0,3.5378349544500978,1618985639622967,361660.73672209936,505384.5892911423,341.9133629584468,oracle,True,361661.68869868485,505387.99663860706,341.9133629584468,0.7071778178215027,"[-23.08759307861328, -20.04046630859375]",2025
"[-21.583156322665396, 19.903824292168288]",7.844000921557267,0.0,6.898490689481909,1618985639622967,361660.73672209936,505384.5892911423,341.9133629584468,oracle,True,361666.7786619955,505387.91857576283,341.9133629584468,0.8109744191169739,"[-22.10569190979004, -15.045499801635742]",2024
"[-19.036418320161097, -19.823485569797896]",1.73382380245949,0.0,11.065693174639085,1474764354670842,361440.31565603625,505384.64882748015,38.95936464265365,oracle,True,361446.00844649295,505375.15979685256,38.95936464265365,0.9098544716835022,"[23.306434631347656, -8.533150672912598]",2025
"[-19.036418320161097, -19.823485569797896]",1.73382380245949,0.0,8.637897772635217,1474764354670842,361440.31565603625,505384.64882748015,38.95936464265365,oracle,True,361442.90979113954,505376.409668482,38.95936464265365,0.8935051560401917,"[24.37911605834961, -11.697514533996582]",2024
"[9.493472187243514, -8.194657986803746]",2.6500842519182015,0.0,12.312161875831352,1068392369135122,361663.91543647763,505385.67106408905,341.2056764857247,oracle,True,361652.59658144874,505380.8261852576,341.2056764857247,1.1211249828338623,"[9.701197624206543, -2.726170539855957]",2025
"[9.493472187243514, -8.194657986803746]",2.6500842519182015,0.0,10.785621513597519,1068392369135122,361663.91543647763,505385.67106408905,341.2056764857247,oracle,True,361653.74203571846,505382.08894901164,341.2056764857247,1.0308729410171509,"[8.806732177734375, -1.2747679948806763]",2024
"[4.225478629020705, -20.496584641419943]",1.9030999254935423,0.0,4.026652474801404,1564945198650080,361437.8867985086,505386.64270352945,38.26679697796344,oracle,True,361435.0112510102,505383.82398808846,38.26679697796344,1.301920771598816,"[24.505353927612305, 3.846402168273926]",2025
"[4.225478629020705, -20.496584641419943]",1.9030999254935423,0.0,4.526091106617298,1564945198650080,361437.8867985086,505386.64270352945,38.26679697796344,oracle,True,361435.11166476767,505383.06721287424,38.26679697796344,1.0765581130981445,"[25.01885986328125, 4.411294460296631]",2024
"[-2.0460728998499476, -12.169742138288829]",-2.3483484034853177,0.0,12.652643475895106,4615440378688443,361667.09693574253,505386.74030265305,341.80319371641906,oracle,True,361655.42490249977,505381.8563465816,341.80319371641906,1.1010552644729614,"[12.646811485290527, -14.689719200134277]",2025
"[-2.0460728998499476, -12.169742138288829]",-2.3483484034853177,0.0,10.829551840333796,4615440378688443,361667.09693574253,505386.74030265305,341.80319371641906,oracle,True,361656.8490299184,505383.2389287396,341.80319371641906,1.0711193084716797,"[11.851958274841309, -12.87096118927002]",2024
"[-4.107864679936929, -21.472469137492176]",6.561074116439073,0.0,7.832401672437315,2475590072940447,361435.191131282,505388.7912223553,37.60874143036869,oracle,True,361441.133658434,505393.8934656861,37.60874143036869,1.0370445251464844,"[13.672065734863281, -3.4006004333496094]",2025
"[-4.107864679936929, -21.472469137492176]",6.561074116439073,0.0,20.03934550985238,2475590072940447,361435.191131282,505388.7912223553,37.60874143036869,oracle,True,361445.8710192098,505371.83494439366,37.60874143036869,0.8720557689666748,"[26.193220138549805, 15.367501258850098]",2024
"[12.663089229435002, -1.8862895590266118]",4.9904432314068,0.0,12.253445759549507,1396114019377954,361670.2548139775,505387.72986708675,342.5975018495259,oracle,True,361659.0144523944,505382.85121927585,342.5975018495259,1.1815247535705566,"[4.234896659851074, 0.6368272304534912]",2025
"[12.663089229435002, -1.8862895590266118]",4.9904432314068,0.0,12.90624394814602,1396114019377954,361670.2548139775,505387.72986708675,342.5975018495259,oracle,True,361658.05460188794,505383.519646449,342.5975018495259,1.0233734846115112,"[3.375781536102295, -0.15691648423671722]",2024
"[-6.834018793560591, 11.17177956360317]",8.285998239926982,0.0,8.015651747813163,2297705431003261,361692.0407925941,505395.04660389107,341.62760906800236,oracle,True,361685.5212361113,505390.38333720237,341.62760906800236,1.0077872276306152,"[-7.7223734855651855, -14.06950569152832]",2025
"[-6.834018793560591, 11.17177956360317]",8.285998239926982,0.0,10.040582757518182,2297705431003261,361692.0407925941,505395.04660389107,341.62760906800236,oracle,True,361682.4525640984,505392.0668091959,341.62760906800236,0.9944251775741577,"[-9.917252540588379, -16.79591941833496]",2024
"[-4.635469211193236, -16.772433217924945]",9.194914049966599,0.0,10.662050145177487,3578370962341082,361722.43283607205,505405.1593217058,341.70905350321345,oracle,True,361733.0810784981,505405.7017666656,341.70905350321345,1.4513444900512695,"[17.92018699645996, 5.964623928070068]",2025
"[-4.635469211193236, -16.772433217924945]",9.194914049966599,0.0,15.25326506515901,3578370962341082,361722.43283607205,505405.1593217058,341.70905350321345,oracle,True,361737.5567849291,505407.1413071035,341.70905350321345,1.522066593170166,"[17.20631217956543, 10.611623764038086]",2024
"[-0.7013724185329772, 6.038118504983925]",2.725570345245515,5.498205653977209,1.856057782572162,2095057974553082,360026.3821716677,504344.61452205386,81.42574118763453,native,True,360025.25754635455,504343.13798272243,86.92394684161172,1.0309590101242065,"[-4.768885612487793, 0.652879536151886]",2025
"[-0.7013724185329772, 6.038118504983925]",2.725570345245515,11.65171837535621,4.874440456875332,2095057974553082,360026.3821716677,504344.61452205386,81.42574118763453,native,True,360027.3513278649,504339.8373988575,93.07745956299073,1.019529938697815,"[-6.515432834625244, 4.149641990661621]",2024
"[8.115408845156463, -8.374954229637217]",2.7334306631946674,6.5427728913388705,2.8490583113380796,2134127433808624,360032.84761322686,504307.9422390545,69.43286538919972,native,True,360030.1091427714,504307.1561647412,75.97563828053858,1.291052222251892,"[11.222579002380371, 8.025040626525879]",2025
"[8.115408845156463, -8.374954229637217]",2.7334306631946674,5.709795965132628,2.4980140569356832,2134127433808624,360032.84761322686,504307.9422390545,69.43286538919972,native,True,360030.5059760935,504307.07229091553,75.14266135433233,1.3056292533874512,"[10.870500564575195, 8.22641658782959]",2024
"[-1.133279822959001, -14.963625628760429]",-0.9760247201908214,8.510192951238992,2.6183903222665648,28398706986416513,360060.1043976202,504303.69896460697,354.88874202101726,native,True,360058.80738707277,504301.4243807946,346.3785490697783,1.3529744148254395,"[17.087844848632812, -2.664181709289551]",2025
"[-1.133279822959001, -14.963625628760429]",-0.9760247201908214,4.9766014856751895,3.5988891142163775,28398706986416513,360060.1043976202,504303.69896460697,354.88874202101726,native,True,360057.33988492243,504301.3947353648,349.9121405353421,1.3733423948287964,"[16.96170425415039, -4.126553058624268]",2024
"[21.204633430018426, 1.3555494009277769]",-2.161816277693731,0.056421434683613825,24.65893760866653,1100804636233191,360094.6966482403,504308.69749890827,349.42166902017294,native,True,360070.65440482803,504303.2171945652,349.47809045485656,1.440395712852478,"[-1.3121976852416992, -3.45426607131958]",2025
"[21.204633430018426, 1.3555494009277769]",-2.161816277693731,12.167590854774346,26.754986722787525,1100804636233191,360094.6966482403,504308.69749890827,349.42166902017294,native,True,360068.4911763898,504303.302820083,337.2540781653986,1.6266778707504272,"[-1.8727712631225586, -5.545353412628174]",2024
"[8.305919575556576, 16.901215188335286]",-5.31579783024938,2.263863978310667,3.008817247396412,1794136951725433,360128.5122393634,504314.32278087456,350.37814580786244,native,True,360125.980334964,504312.6972220966,348.11428182955177,1.164902925491333,"[-15.983232498168945, 5.440559387207031]",2025
"[8.305919575556576, 16.901215188335286]",-5.31579783024938,11.31159724455398,4.041016598390228,1794136951725433,360128.5122393634,504314.32278087456,350.37814580786244,native,True,360131.70791732875,504311.8494314269,339.06654856330846,1.0665982961654663,"[-13.687705039978027, 10.75605583190918]",2024
"[21.03613453507614, -21.68917681153607]",-8.90746811004847,48.523814567263514,29.52516735962848,2250285992180932,360142.6419883799,504291.9622382168,80.71202241156853,native,True,360155.30924261216,504318.6319997048,32.18820784430501,0.8807490468025208,"[1.3274409770965576, -0.34458625316619873]",2025
"[21.03613453507614, -21.68917681153607]",-8.90746811004847,1.0919712125305523,5.309282004809604,2250285992180932,360142.6419883799,504291.9622382168,80.71202241156853,native,True,360137.64714598964,504293.76224513433,79.62005119903799,0.8430156707763672,"[25.8721923828125, 17.766447067260742]",2024
"[6.9744131358126795, -16.08341062960909]",-2.1963602555590036,2.29374854756054,1.6461849008442415,1113377307836084,360152.59731493844,504260.3036048608,31.148380222847756,native,True,360151.4760603448,504259.09831947385,28.854631675287223,1.4444705247879028,"[17.68083953857422, 6.576737880706787]",2025
"[6.9744131358126795, -16.08341062960909]",-2.1963602555590036,7.864096137776187,2.3929448965588644,1113377307836084,360152.59731493844,504260.3036048608,31.148380222847756,native,True,360151.0796998683,504258.4534616834,23.28428408507156,1.2559759616851807,"[18.436975479125977, 6.5420732498168945]",2024
"[20.17341767884459, 17.374219498782733]",-3.8132556254095675,8.002391729134104,32.99830057547546,2163701757795311,360185.94907221664,504266.20596416295,348.4601985591976,native,True,360160.20808271196,504245.55918959185,340.4578068300635,1.079373836517334,"[-4.279615879058838, -10.115510940551758]",2025
"[20.17341767884459, 17.374219498782733]",-3.8132556254095675,13.989354839151645,32.90981759226556,2163701757795311,360185.94907221664,504266.20596416295,348.4601985591976,native,True,360161.6860364034,504243.97172958916,334.47084372004593,0.8424162268638611,"[-2.3574960231781006, -9.110607147216797]",2024
"[2.2926142021927127, 16.039621129795535]",3.2101088841156695,0.1837565191163435,3.4286246271262755,1407730031543039,360163.45460668084,504260.85942704603,167.10602898892608,native,True,360160.16286801,504259.9003006953,167.28978550804243,1.3796464204788208,"[-16.431371688842773, 5.698784828186035]",2025
"[2.2926142021927127, 16.039621129795535]",3.2101088841156695,3.43585448780064,1.85636790539132,1407730031543039,360163.45460668084,504260.85942704603,167.10602898892608,native,True,360163.7817672832,504259.03211543045,170.54188347672672,1.266885757446289,"[-17.89592742919922, 2.2774906158447266]",2024
"[-6.7332259006550625, -1.4645712256825976]",-0.6694210753320533,3.5608901012184333,2.0466586808377447,4644665985853547,360145.23046914255,504280.3795425352,256.1522303114766,native,True,360145.65973654785,504278.3784075446,252.59134021025818,1.260093092918396,"[1.3785077333450317, -8.778074264526367]",2025
"[-6.7332259006550625, -1.4645712256825976]",-0.6694210753320533,5.2458297628975,1.9632919650726846,4644665985853547,360145.23046914255,504280.3795425352,256.1522303114766,native,True,360145.99546398455,504278.5714224529,250.90640054857911,1.3053685426712036,"[1.7518993616104126, -8.675378799438477]",2024
"[21.02346540948644, -20.40484444916969]",8.674834325535244,13.146097457105725,0.24281974057503233,2298484727642838,360140.65024008346,504313.04823736195,285.4108410359246,native,True,360140.70882053924,504312.8125898357,298.5569384930303,1.141625165939331,"[20.554492950439453, 20.83224105834961]",2025
"[21.02346540948644, -20.40484444916969]",8.674834325535244,13.454841346940157,44.96653183514831,2298484727642838,360140.65024008346,504313.04823736195,285.4108410359246,native,True,360097.3451114879,504300.9381249511,298.86568238286475,1.1800212860107422,"[-14.187812805175781, -7.705214500427246]",2024
"[-10.05750509546924, 1.788326163802377]",-8.74934191626511,7.8750915391210015,1.2911013953696144,978411255289595,360172.54386717896,504320.6193851456,353.22410338906485,native,True,360171.32500883524,504320.1935598868,345.34901184994385,1.1359649896621704,"[-1.704281210899353, -11.345868110656738]",2025
"[-10.05750509546924, 1.788326163802377]",-8.74934191626511,10.008473169627393,1.7940133318046194,978411255289595,360172.54386717896,504320.6193851456,353.22410338906485,native,True,360172.29007131146,504318.84341456805,343.21563021943746,1.0700302124023438,"[-0.14508777856826782, -10.7774019241333]",2024
"[-19.90672728380378, 13.535871274686622]",5.465485206348241,6.3419074341497605,1.355915928457275,1394833675537922,360205.21622605325,504314.60090983845,23.92590491563239,native,True,360205.13202792266,504313.24761065503,30.267812349782144,1.1230756044387817,"[-12.315436363220215, -19.31592559814453]",2025
"[-19.90672728380378, 13.535871274686622]",5.465485206348241,5.953418424520436,1.5374983682557741,1394833675537922,360205.21622605325,504314.60090983845,23.92590491563239,native,True,360204.9605495931,504313.0848192145,29.879323340152826,1.1686891317367554,"[-12.089441299438477, -19.385438919067383]",2024
"[-16.224927146505873, 0.6582395475880436]",-5.775530422128938,4.82220161813072,4.995752959745423,1395652132772836,360212.6186717645,504285.4790996788,104.2002610016034,native,True,360209.2035339909,504281.83295354596,99.37805938347267,1.25619637966156,"[2.185849189758301, -12.11777400970459]",2025
"[-16.224927146505873, 0.6582395475880436]",-5.775530422128938,7.807118172006113,7.7231481775453075,1395652132772836,360212.6186717645,504285.4790996788,104.2002610016034,native,True,360209.638825636,504278.3539656574,96.39314282959728,1.2919342517852783,"[1.245548129081726, -8.74010181427002]",2024
"[21.642101925448152, -7.447692520139791]",4.523762939345843,0.8190093967081395,22.34358245065353,1400355921620343,360205.4759034122,504254.55547422264,107.0257488016855,native,True,360210.415809675,504276.34613742604,107.84475819839363,1.4530959129333496,"[10.856904983520508, -0.4398578405380249]",2025
"[21.642101925448152, -7.447692520139791]",4.523762939345843,1.3615248615634528,22.922164220684223,1400355921620343,360205.4759034122,504254.55547422264,107.0257488016855,native,True,360211.79884447024,504276.5883140064,108.38727366324895,1.3439934253692627,"[9.659496307373047, -1.1731021404266357]",2024
"[22.10099813340277, 17.670836432946412]",1.8236946770203843,7.296424017673786,2.3101628925547693,1659474219043827,360194.59397493093,504220.8789819656,105.45750862113835,native,True,360194.9573763619,504223.1603832872,112.75393263881213,1.4713826179504395,"[-17.340116500854492, 19.81463050842285]",2025
"[22.10099813340277, 17.670836432946412]",1.8236946770203843,5.3650729027012005,3.2633582221589483,1659474219043827,360194.59397493093,504220.8789819656,105.45750862113835,native,True,360195.58371160843,504223.98863278126,110.82258152383955,1.4776711463928223,"[-17.692136764526367, 18.837709426879883]",2024
"[-15.639476100865458, 4.45529918940695]",0.30327979300933805,0.3124544445335573,1.5969492343715108,3757320467753222,360184.3176811162,504190.7261088975,109.89330425369523,native,True,360183.28183852695,504191.941541737,110.20575869822878,1.3518486022949219,"[-3.063528060913086, -16.42255973815918]",2025
"[-15.639476100865458, 4.45529918940695]",0.30327979300933805,0.7227203448004502,0.7158704998254505,3757320467753222,360184.3176811162,504190.7261088975,109.89330425369523,native,True,360183.65632251673,504190.45211003727,110.61602459849567,1.2884314060211182,"[-3.929201126098633, -15.153995513916016]",2024
"[9.297640638060578, 10.158821544457352]",-2.4876025192762796,1.1457606549180355,2.496979075843588,1084706981111921,360172.7961192918,504159.78433716483,109.07841537892595,native,True,360171.3227371171,504157.7683883876,107.9326547240079,1.3428502082824707,"[-9.322402000427246, 11.65036392211914]",2025
"[9.297640638060578, 10.158821544457352]",-2.4876025192762796,2.615550845444602,3.6610617981255738,1084706981111921,360172.7961192918,504159.78433716483,109.07841537892595,native,True,360171.05225913774,504156.5652805868,106.46286453348135,1.2723668813705444,"[-9.406713485717773, 12.880615234375]",2024
"[9.017100483187487, -9.152984699147565]",-5.274329366226681,16.111338081318934,23.470653376932937,1569936184813606,360163.02569056407,504128.34509992413,107.55053766241267,native,True,360167.3333634686,504151.41706395167,91.43919958109375,1.8214792013168335,"[9.849479675292969, -14.443216323852539]",2025
"[9.017100483187487, -9.152984699147565]",-5.274329366226681,7.2824509788459295,3.969392115326188,1569936184813606,360163.02569056407,504128.34509992413,107.55053766241267,native,True,360159.7413968134,504126.115865005,100.26808668356674,1.1481666564941406,"[11.888189315795898, 11.893683433532715]",2024
"[-1.1630540344222786, -2.7159837447329123]",0.46948384629791917,5.222981545807102,6.569795148990882,1966035434037497,360152.2255144523,504096.58446743246,108.93797822619024,native,True,360148.3396992601,504091.28704838245,103.71499668038312,1.2680445909500122,"[4.620757102966309, 5.124556541442871]",2025
"[-1.1630540344222786, -2.7159837447329123]",0.46948384629791917,0.4393729583192396,3.4074356237850423,1966035434037497,360152.2255144523,504096.58446743246,108.93797822619024,native,True,360149.61697435717,504094.39217728237,109.37735118450948,1.2787837982177734,"[4.447842121124268, 1.7714449167251587]",2024
"[-15.268952315602943, 4.794894687504384]",-5.851287951340339,8.012913208424521,4.491823738323455,1897080597943369,360140.1340845268,504063.5842964947,110.06125082140551,native,True,360136.97506860923,504060.3910068228,102.04833761298099,1.1896754503250122,"[-2.5164120197296143, -11.397906303405762]",2025
"[-15.268952315602943, 4.794894687504384]",-5.851287951340339,7.127844626981982,4.388251413017282,1897080597943369,360140.1340845268,504063.5842964947,110.06125082140551,native,True,360137.38340068155,504060.16516080755,102.93340619442354,1.1130436658859253,"[-2.9676899909973145, -11.279206275939941]",2024
"[10.469114869393197, 13.34702891313972]",8.473188058930717,6.63109635981084,23.377921562533018,962616489483305,360128.71088285104,504033.5532297725,111.37466616997419,native,True,360135.960191884,504055.77877217595,118.00576252978503,1.2035913467407227,"[-8.573097229003906, -12.416181564331055]",2025
"[10.469114869393197, 13.34702891313972]",8.473188058930717,11.348685086480543,2.087841663953082,962616489483305,360128.71088285104,504033.5532297725,111.37466616997419,native,True,360126.6919872674,504033.02111753233,122.72335125645473,1.2386521100997925,"[-11.860771179199219, 11.935443878173828]",2024
"[-5.652434896943626, 1.9847414070431375]",3.7164785849764,3.2173611599006335,4.228554985372073,2210288512880939,360119.1444854562,504000.351743727,91.05155375073208,native,True,360115.40484968055,504002.3255222175,94.26891491063272,1.2695692777633667,"[1.9060170650482178, -7.308537483215332]",2025
"[-5.652434896943626, 1.9847414070431375]",3.7164785849764,2.528751523878924,3.6207611137986313,2210288512880939,360119.1444854562,504000.351743727,91.05155375073208,native,True,360115.5249381646,504000.2579970094,93.580305274611,1.3074475526809692,"[1.614487648010254, -5.258149147033691]",2024
"[7.773867505604718, -8.245769001847187]",-4.413916958369704,6.506079638285797,0.4086273381398362,1039518862467428,360133.0528596273,503973.5716151353,35.618167811678525,native,True,360132.76448891795,503973.282100653,29.112088173392735,1.214188575744629,"[8.642800331115723, 7.677211284637451]",2025
"[7.773867505604718, -8.245769001847187]",-4.413916958369704,6.778681157680637,0.7965057989037148,1039518862467428,360133.0528596273,503973.5716151353,35.618167811678525,native,True,360132.3583231408,503973.18169135216,28.839486653997902,1.2299058437347412,"[8.93911361694336, 7.381828308105469]",2024
"[-10.194681050653115, -6.727040739177349]",2.886426762550684,6.778312948393591,4.831079056420637,1068673502542792,360165.8632651619,503970.6280462332,350.15053243802794,native,True,360170.53184133774,503969.3855804027,356.92884538642153,1.3873012065887451,"[8.526309967041016, -5.711160659790039]",2025
"[-10.194681050653115, -6.727040739177349]",2.886426762550684,2.7267826627768272,2.7022601382450033,1068673502542792,360165.8632651619,503970.6280462332,350.15053243802794,native,True,360165.0368503477,503968.05525622825,352.87731510080476,1.1701279878616333,"[9.180669784545898, -11.326897621154785]",2024
"[1.0219342644104032, -15.011705890403265]",-2.6424565998051435,6.055802160400447,2.0186903877508944,1614796256716672,360199.6908804353,503976.64319369476,347.084474668747,native,True,360199.387056733,503974.64749781624,341.0286725083466,1.4356720447540283,"[16.8527889251709, 0.19397041201591492]",2025
"[1.0219342644104032, -15.011705890403265]",-2.6424565998051435,4.2274203048984305,2.3213970189202264,1614796256716672,360199.6908804353,503976.64319369476,347.084474668747,native,True,360199.96939265385,503974.3385646436,342.8570543638486,1.4984937906265259,"[17.30659294128418, 0.6721092462539673]",2024
"[1.4442267734420333, 1.131627803218461]",9.178986444773386,4.281249593920904,1.3047076749511517,1623097549539635,360230.81751104794,503983.41809891164,347.18431886247004,native,True,360232.0654646748,503983.798721904,351.46556845639094,1.0425108671188354,"[-1.4323270320892334, 2.7138102054595947]",2025
"[1.4442267734420333, 1.131627803218461]",9.178986444773386,6.016986460330884,1.2340687622451234,1623097549539635,360230.81751104794,503983.41809891164,347.18431886247004,native,True,360231.70731483767,503982.5630112403,353.2013053228009,1.0864105224609375,"[-0.22182203829288483, 2.278000831604004]",2024
"[-2.812121635170165, -15.467142452495873]",-6.842024136820726,4.6959274119831775,0.5264549744407448,1585086595814553,360265.8288479847,503990.3496837346,348.28538668930594,native,True,360266.0896583144,503989.89237332356,343.58945927732276,1.3932898044586182,"[15.983677864074707, -2.7104063034057617]",2025
"[-2.812121635170165, -15.467142452495873]",-6.842024136820726,4.114319330996295,1.1448985067924875,1585086595814553,360265.8288479847,503990.3496837346,348.28538668930594,native,True,360265.266983769,503989.35213614476,344.17106735830964,1.321742296218872,"[16.234018325805664, -3.662235736846924]",2024
"[-9.577031251108462, -17.390953763095656]",-0.20381848934039226,0.4122934596927621,1.3912733510226811,1605463537903045,360296.4594195853,503997.18667273317,346.64073882745475,native,True,360296.0773527279,503995.84888857504,346.228445367762,1.454838752746582,"[18.601829528808594, -10.262174606323242]",2025
"[-9.577031251108462, -17.390953763095656]",-0.20381848934039226,2.4880364864675357,1.5869854254085292,1605463537903045,360296.4594195853,503997.18667273317,346.64073882745475,native,True,360297.91575732856,503996.5561149499,344.1527023409872,1.3979945182800293,"[18.345460891723633, -8.309183120727539]",2024
"[4.011350637514551, -22.1488080101692]",-7.035245201361761,11.129677421527163,4.830792665242935,3789502397873420,360329.7389217006,504003.7331037838,344.91925715035035,native,True,360327.4699737337,503999.468313883,333.7895797288232,1.3068536520004272,"[25.245590209960938, 0.30372366309165955]",2025
"[4.011350637514551, -22.1488080101692]",-7.035245201361761,4.119669747317971,5.450856565187583,3789502397873420,360329.7389217006,504003.7331037838,344.91925715035035,native,True,360325.7903348264,503999.97537854227,340.7995874030324,1.2974939346313477,"[24.143478393554688, -1.0614323616027832]",2024
"[-9.383877659630407, 9.198665835074074]",-8.337062201042443,13.676316327929214,24.804611756727965,1950003419008286,360363.1358821056,504010.94987133984,349.8785002006545,native,True,360387.4383256362,504015.91575523344,336.2021838727253,1.745717167854309,"[-6.214460849761963, 15.240567207336426]",2025
"[-9.383877659630407, 9.198665835074074]",-8.337062201042443,6.86549678190778,1.753208564859706,1950003419008286,360363.1358821056,504010.94987133984,349.8785002006545,native,True,360362.62653983117,504009.27228059137,343.01300341874673,1.0772117376327515,"[-7.768649578094482, -10.398172378540039]",2024
"[-10.29522087913502, 6.675698879311712]",-6.495003192321349,6.2932090334657005,0.8426117927814856,1783034616269773,360394.11981327285,504016.33189696353,349.3653990519746,native,True,360393.6756890259,504015.6158325205,343.0721900185089,1.143320918083191,"[-6.122208118438721, -10.930549621582031]",2025
"[-10.29522087913502, 6.675698879311712]",-6.495003192321349,6.928622008373679,1.168793373096718,1783034616269773,360394.11981327285,504016.33189696353,349.3653990519746,native,True,360393.48242309515,504015.3521971573,342.4367770436009,1.2451775074005127,"[-5.927190780639648, -11.192892074584961]",2024
"[7.698768933538071, -1.13922588843421]",9.077511800668105,14.074528190935268,1.0821912934450684,1751971182727263,360428.991711286,504022.2797679808,350.0611522646833,native,True,360428.4328554923,504021.35304353555,4.135680455618569,1.353241205215454,"[2.0574445724487305, 7.126045227050781]",2025
"[7.698768933538071, -1.13922588843421]",9.077511800668105,13.011237988440598,1.7470892550895325,1751971182727263,360428.991711286,504022.2797679808,350.0611522646833,native,True,360428.6849003025,504020.55982964305,3.072390253123899,1.1966352462768555,"[2.8543577194213867, 7.366137504577637]",2024
"[22.105495707256036, -5.929749576871264]",-7.590121279440325,0.47296475197691734,23.356888173040353,1041946372000040,360460.61334308796,504027.6650502281,349.5307363918364,native,True,360437.6952110364,504023.15911543096,350.0037011438133,0.8907439708709717,"[3.109023094177246, -1.0804424285888672]",2025
"[22.105495707256036, -5.929749576871264]",-7.590121279440325,11.730300169256168,26.376569034925183,1041946372000040,360460.61334308796,504027.6650502281,349.5307363918364,native,True,360434.89755706035,504021.798045623,1.261036561092567,1.0328576564788818,"[3.5357608795166016, -4.162207126617432]",2024
"[19.399206536562957, 12.666797588300454]",-5.987298730694533,7.839340366272893,4.608017126448046,1058349307017059,360492.22805497993,504032.4493259415,350.455605222158,native,True,360487.6951098613,504033.27771618124,342.6162648558851,1.410523772239685,"[-14.678730010986328, 15.253612518310547]",2025
"[19.399206536562957, 12.666797588300454]",-5.987298730694533,6.313310132263666,5.207829451597059,1058349307017059,360492.22805497993,504032.4493259415,350.455605222158,native,True,360487.27198082075,504030.84969582,344.14229508989433,1.370948076248169,"[-12.452676773071289, 14.195780754089355]",2024
"[9.990700789957582, 21.56896421529277]",-9.875916858056655,7.3042543458137175,6.3950270506557505,1588073185524588,360526.7575126549,504038.45668191835,349.1696028052205,native,True,360520.4181174033,504037.6149938391,341.8653484594068,1.2142997980117798,"[-23.023115158081055, 3.7631959915161133]",2025
"[9.990700789957582, 21.56896421529277]",-9.875916858056655,3.949270918909235,4.4328160509916845,1588073185524588,360526.7575126549,504038.45668191835,349.1696028052205,native,True,360522.3280575701,504038.2840963054,345.22033188631127,1.1944782733917236,"[-22.973684310913086, 5.786343574523926]",2024
"[-15.543694028917498, 10.294708703762648]",-7.000634216850983,18.255052680085498,8.42896501538587,1098905325943467,360560.68061371776,504043.917289393,350.5254085542267,native,True,360569.10560078354,504044.1762182868,332.2703558741412,1.0501782894134521,"[-8.153674125671387, -7.391183853149414]",2025
"[-15.543694028917498, 10.294708703762648]",-7.000634216850983,3.302421216276514,3.1064399196088477,1098905325943467,360560.68061371776,504043.917289393,350.5254085542267,native,True,360557.7581254776,504042.8641837667,347.2229873379502,1.1333564519882202,"[-10.11366081237793, -18.644853591918945]",2024
"[18.076574921618757, -17.185993658359532]",-6.065126177072614,2.974384870180927,5.640217238532968,3499536660219793,360594.0596022819,504048.21201448794,352.13471761739805,native,True,360588.5178276907,504047.1628315305,349.1603327472171,1.319948434829712,"[16.870174407958984, 12.445206642150879]",2025
"[18.076574921618757, -17.185993658359532]",-6.065126177072614,1.0061809513464937,4.761441551896845,3499536660219793,360594.0596022819,504048.21201448794,352.13471761739805,native,True,360589.5432099189,504046.70419298805,351.12853666605156,1.2730783224105835,"[17.562177658081055, 13.33001708984375]",2024
"[5.486853695913439, -11.331978526720269]",9.418000040432787,9.7994587277841,2.4140929197657277,2175866539657391,360627.0786677387,504052.1780074034,348.42048951318594,native,True,360624.820867116,504051.3235011288,358.21994824097004,1.21475088596344,"[12.100720405578613, 3.1984305381774902]",2025
"[5.486853695913439, -11.331978526720269]",9.418000040432787,10.519283812824312,2.0849058447228805,2175866539657391,360627.0786677387,504052.1780074034,348.42048951318594,native,True,360625.495315876,504050.8216043438,358.93977332601025,1.1858776807785034,"[12.627697944641113, 3.8534696102142334]",2024
"[14.086886065756218, -9.34706784717905]",2.896819021986232,3.9928810949724607,0.5046103916431465,1470108621835604,360656.9868018321,504057.98584541585,350.7771210413869,native,True,360656.56078277004,504058.2562883971,354.7700021363594,1.0867558717727661,"[9.031330108642578, 13.693260192871094]",2025
"[14.086886065756218, -9.34706784717905]",2.896819021986232,3.3411546417203795,0.658029335224558,1470108621835604,360656.9868018321,504057.98584541585,350.7771210413869,native,True,360656.5850633167,504057.46468443185,354.1182756831073,1.124251365661621,"[9.820789337158203, 13.630168914794922]",2024
"[-14.603838088014886, 13.266986094762176]",-9.677281498632837,10.385040200320304,3.2041105226725906,1261127602821029,360680.909761988,504040.49847353157,76.3375943069395,native,True,360678.549536836,504038.33152603026,65.95255410661917,1.1731605529785156,"[-10.241388320922852, -13.549284934997559]",2025
"[-14.603838088014886, 13.266986094762176]",-9.677281498632837,10.694385491636183,3.1944021685588644,1261127602821029,360680.909761988,504040.49847353157,76.3375943069395,native,True,360677.83437373734,504039.63464928884,65.6432088153033,1.2008981704711914,"[-10.101018905639648, -15.0291109085083]",2024
"[-20.23471658962561, 14.297910119920719]",5.206673465197966,7.862661369618792,1.8372920201919496,1810167326654101,360686.993854056,504006.6269094348,79.55305043736588,native,True,360685.18728213233,504006.29233529937,87.41571180698467,1.0518652200698853,"[-12.468331336975098, -20.066539764404297]",2025
"[-20.23471658962561, 14.297910119920719]",5.206673465197966,11.70525263632976,1.6628775401483427,1810167326654101,360686.993854056,504006.6269094348,79.55305043736588,native,True,360685.6933531334,504005.59063772147,91.25830307369564,1.022544264793396,"[-12.908199310302734, -19.32155418395996]",2024
"[-19.60683630695939, -10.357094099626048]",4.956407896206599,2.7066847131077907,1.42573064854988,28353982287585850,360692.8649872906,503972.47876364924,79.66269750615494,native,True,360691.44392180035,503972.36352149246,82.36938221926273,1.1675113439559937,"[11.78270435333252, -19.625364303588867]",2025
"[-19.60683630695939, -10.357094099626048]",4.956407896206599,6.328251245389481,21.05704618412001,28353982287585850,360692.8649872906,503972.47876364924,79.66269750615494,native,True,360694.45062125014,503951.4815029006,85.99094875154442,1.076003909111023,"[10.747493743896484, 1.446590542793274]",2024
"[8.326672226500795, 8.46639494519839]",-6.63715471041823,7.9631649398734226,4.789895591265861,3724194881070199,360698.43418773764,503941.5210407255,79.67306387451882,native,True,360695.16532666865,503945.02213299606,71.70989893464541,1.3398739099502563,"[-6.36129093170166, 4.0241570472717285]",2025
"[8.326672226500795, 8.46639494519839]",-6.63715471041823,7.622385401627753,5.65838379760633,3724194881070199,360698.43418773764,503941.5210407255,79.67306387451882,native,True,360694.8695454801,503945.915427233,72.05067847289105,1.4213743209838867,"[-6.33901834487915, 3.0834312438964844]",2024
"[-9.611242006991011, 17.919267455706436]",-1.2523605222595222,0.6202443871708851,2.0725931391001216,2127011918227183,360690.3178709857,503914.0249450132,113.26557597296303,native,True,360688.24841241183,503914.1388903125,113.88582036013392,1.1777458190917969,"[-15.957968711853027, -8.941205024719238]",2025
"[-9.611242006991011, 17.919267455706436]",-1.2523605222595222,0.20479036064358525,1.2898698328867426,2127011918227183,360690.3178709857,503914.0249450132,113.26557597296303,native,True,360689.3055565482,503914.8243095517,113.47036633360663,1.2261078357696533,"[-16.681135177612305, -9.972894668579102]",2024
"[-18.975016216217117, -16.26337671432852]",-1.1804938458912488,0.796676370370335,4.538202903920695,1050395951111401,360694.0420611825,503880.718190806,80.30233984358654,native,True,360690.0043295753,503878.6464743521,81.09901621395686,0.9622300267219543,"[20.619529724121094, -17.702531814575195]",2025
"[-18.975016216217117, -16.26337671432852]",-1.1804938458912488,2.787218489158363,22.600981941336745,1050395951111401,360694.0420611825,503880.718190806,80.30233984358654,native,True,360692.835753458,503858.1494246371,83.0895583327449,1.0144293308258057,"[21.70720863342285, 2.960550308227539]",2024
"[11.475311369664535, 12.498861531686416]",1.851528985061421,7.002187662378759,24.84402242636352,1833929260931559,360699.44298365375,503847.9524849532,78.503812065449,native,True,360693.6701293649,503872.1164995965,85.50599972782776,0.9521848559379578,"[-10.855974197387695, -13.3143310546875]",2025
"[11.475311369664535, 12.498861531686416]",1.851528985061421,9.470792003660335,19.77273328232812,1833929260931559,360699.44298365375,503847.9524849532,78.503812065449,native,True,360694.6392589097,503867.1328188929,87.97460406910932,1.2737003564834595,"[-10.97645378112793, -8.238725662231445]",2024
"[8.635009457750929, 18.195445338001814]",-3.9964615209487704,2.2302980254748093,4.028383813062489,1547432720042956,360704.86164560367,503815.27723250724,80.3573212672232,native,True,360700.9446222362,503816.2178727594,78.12702324174839,1.1554977893829346,"[-14.610690116882324, 6.797237396240234]",2025
"[8.635009457750929, 18.195445338001814]",-3.9964615209487704,1.2493042800109038,3.942122198966262,1547432720042956,360704.86164560367,503815.27723250724,80.3573212672232,native,True,360700.9793568563,503815.9614557996,81.6066255472341,1.2005674839019775,"[-14.583980560302734, 7.054614067077637]",2024
"[7.492472609835791, -9.434891861941013]",-0.7030893339949209,0.12763120842612352,2.1714975183857885,948728088280240,360720.42209097266,503787.8620452555,31.342302735199002,native,True,360720.60238182504,503785.69804509816,31.214671526772864,1.2274796962738037,"[11.204901695251465, 8.750433921813965]",2025
"[7.492472609835791, -9.434891861941013]",-0.7030893339949209,1.0095955703278605,3.941478761412266,948728088280240,360720.42209097266,503787.8620452555,31.342302735199002,native,True,360719.5740049012,503784.0128888749,30.332707164871128,1.2293643951416016,"[13.1788911819458, 8.724431991577148]",2024
"[-2.4283554286088402, -10.583814695662005]",1.9243925147662821,7.320716644517745,0.9339653412413915,1085515110888108,360727.5431572441,503758.03646339476,81.9371883405536,native,True,360727.43066490034,503758.96362936223,89.25790498507136,1.3530582189559937,"[10.596519470214844, -3.362234354019165]",2025
"[-2.4283554286088402, -10.583814695662005]",1.9243925147662821,6.159699802884234,0.7777647011179328,1085515110888108,360727.5431572441,503758.03646339476,81.9371883405536,native,True,360726.77773281897,503757.8984656422,88.09688814343785,1.255129098892212,"[11.359606742858887, -2.3729963302612305]",2024
"[20.41699145426255, -20.54485871757297]",-7.359073565521157,16.656148244117276,7.650169399015066,1414526570784660,360749.53874211723,503742.96506125573,350.7055676122848,native,True,360741.8937178516,503742.6845335181,334.04941936816755,1.2967815399169922,"[18.622684478759766, 13.012240409851074]",2025
"[20.41699145426255, -20.54485871757297]",-7.359073565521157,12.72712896551667,4.223129471130592,1414526570784660,360749.53874211723,503742.96506125573,350.7055676122848,native,True,360745.32393052365,503742.70013530285,337.97843864676815,1.1475520133972168,"[19.590778350830078, 16.30304527282715]",2024
"[-6.584306878376098, 5.371765511729749]",-5.604337084580777,7.338000461378101,0.9580554947375605,4655499598016038,360783.9939634348,503748.48009199556,350.10718637867046,native,True,360783.96419055585,503749.4376847622,342.76918591729236,1.1178985834121704,"[-6.302498817443848, -6.357137680053711]",2025
"[-6.584306878376098, 5.371765511729749]",-5.604337084580777,7.303382845003284,0.4211130591477679,4655499598016038,360783.9939634348,503748.48009199556,350.10718637867046,native,True,360783.88840219186,503748.07242419873,342.8038035336672,1.1136953830718994,"[-5.007123947143555, -6.794955253601074]",2024
"[22.196450411523166, -9.8485845846794]",-4.479097542094394,5.627400359926071,9.12162122608606,3033300290207352,360817.63395764213,503753.72948514856,351.99106902931936,native,True,360808.54521003587,503752.9557663742,346.3636686693933,1.1159170866012573,"[8.638687133789062, 13.155426025390625]",2025
"[22.196450411523166, -9.8485845846794]",-4.479097542094394,1.963001092578338,10.9135766326286,3033300290207352,360817.63395764213,503753.72948514856,351.99106902931936,native,True,360806.935593331,503751.5728312629,350.028067936741,1.3228137493133545,"[9.640847206115723, 11.28485107421875]",2024
"[-20.15321615261748, -6.972581954166941]",9.87751076958628,5.851559311698509,5.174933696308612,1423796489689610,360849.0187159285,503754.3348842468,5.7238110324634,native,True,360854.18978626415,503754.1349583986,11.575370344161897,1.332779049873352,"[5.774423599243164, -15.118898391723633]",2025
"[-20.15321615261748, -6.972581954166941]",9.87751076958628,11.320535511963186,1.1719243500479357,1423796489689610,360849.0187159285,503754.3348842468,5.7238110324634,native,True,360848.82902492554,503753.1784137519,17.044346544426574,1.2738465070724487,"[8.137459754943848, -20.02489471435547]",2024
"[-5.0720761154305585, -4.8038378582824075]",6.4609772203970905,7.016776453845921,2.0467261237292145,2132600394311539,360880.1354032153,503744.7996306652,26.658949271794334,native,True,360878.1386414516,503745.2491084562,33.67572572564026,1.4234849214553833,"[5.518404483795166, -6.990013122558594]",2025
"[-5.0720761154305585, -4.8038378582824075]",6.4609772203970905,8.691225620942362,2.9024382157609985,2132600394311539,360880.1354032153,503744.7996306652,26.658949271794334,native,True,360877.3407540377,503744.01599582005,35.35017489273669,1.3741532564163208,"[6.9871320724487305, -6.98450231552124]",2024
"[-13.178596342717057, -14.644036274350091]",-4.744037194425189,5.5789528477132535,2.240438693310471,989523250818847,360908.6289439254,503724.0568379499,34.753324911071644,native,True,360906.8077199058,503725.3617167217,29.1743720633584,1.207916498184204,"[14.424951553344727, -15.408297538757324]",2025
"[-13.178596342717057, -14.644036274350091]",-4.744037194425189,4.791628242579662,3.8680189287578295,989523250818847,360908.6289439254,503724.0568379499,34.753324911071644,native,True,360904.76664226595,503724.2670671697,29.961696668491992,1.2008460760116577,"[16.3936824798584, -16.628278732299805]",2024
"[7.3784720206529135, 3.7930748855464085]",-4.238741015149117,5.142846133824207,2.101744923449036,1632250488424820,360931.21201359126,503742.673667931,307.71114265255073,native,True,360930.5993969804,503744.6841486226,302.5682965187265,1.3674590587615967,"[-5.412940979003906, 8.71763801574707]",2025
"[7.3784720206529135, 3.7930748855464085]",-4.238741015149117,5.847905265834299,2.630613179277436,1632250488424820,360931.21201359126,503742.673667931,307.71114265255073,native,True,360928.76582104986,503743.64127722685,301.86323738671643,1.3424413204193115,"[-6.367240905761719, 6.8364434242248535]",2024
"[8.736475112867462, 13.069658871790176]",0.8628324443774247,4.577714237298977,2.188791738747649,2077858049513350,360958.9264981925,503738.99869255535,36.57943141067384,native,True,360957.7649260588,503740.8538366074,41.15714564797282,0.9792608618736267,"[-13.836389541625977, 6.6863694190979]",2025
"[8.736475112867462, 13.069658871790176]",0.8628324443774247,0.5758231113345857,1.0904532790779933,2077858049513350,360958.9264981925,503738.99869255535,36.57943141067384,native,True,360958.00716983585,503739.5851426611,36.00360829933926,1.1988615989685059,"[-12.976364135742188, 7.650020122528076]",2024
"[8.884607174691105, -10.323826831994145]",3.791449615632061,3.4043884542942067,2.693872495341017,1589393802867647,360989.10427757644,503724.1385183977,3.2836355909824206,native,True,360986.47681179014,503724.7329698785,6.688024045276629,1.1086440086364746,"[10.057526588439941, 6.203929424285889]",2025
"[8.884607174691105, -10.323826831994145]",3.791449615632061,4.100031986158484,2.837530815364676,1589393802867647,360989.10427757644,503724.1385183977,3.2836355909824206,native,True,360986.6777643433,503722.66759533464,7.383667577140903,1.1277050971984863,"[12.082423210144043, 6.65774393081665]",2024
"[-1.6306637639617565, 2.1752882465777383]",4.1328737014398484,1.143905499930554,3.575066645557533,1390751626576697,361021.37273823074,503733.2989859199,327.7075825822231,native,True,361017.79771247617,503733.3160848765,326.56367708229254,1.2177661657333374,"[-3.877519369125366, -4.774468898773193]",2025
"[-1.6306637639617565, 2.1752882465777383]",4.1328737014398484,3.4860043803749363,3.4456599000403663,1390751626576697,361021.37273823074,503733.2989859199,327.7075825822231,native,True,361018.0534860969,503732.3742495149,331.19358696259803,1.1066064834594727,"[-2.9264557361602783, -4.993448257446289]",2024
"[-13.70168690954445, -18.81080620695019]",6.206946733515508,10.976249810406443,3.474387228917763,1779130370087030,361045.8460264687,503753.44114216417,320.3654600271832,native,True,361047.4752745025,503756.50984180096,331.34170983758963,1.2403990030288696,"[17.147247314453125, -10.651451110839844]",2025
"[-13.70168690954445, -18.81080620695019]",6.206946733515508,11.488767156599295,9.111328770641624,1779130370087030,361045.8460264687,503753.44114216417,320.3654600271832,native,True,361052.4213809527,503759.7483622631,331.8542271837825,1.0203255414962769,"[17.169158935546875, -4.739471435546875]",2024
"[-9.89745164967179, 10.98922350297926]",-7.209987336558186,8.802836203351205,2.0301619227044774,1081892811088637,361071.6103484227,503775.00968521927,319.9919728113934,native,True,361072.68819875567,503776.73009101214,311.1891366080422,1.3497185707092285,"[-11.366660118103027, -7.902683734893799]",2025
"[-9.89745164967179, 10.98922350297926]",-7.209987336558186,5.107559188150674,3.2454528676449423,1081892811088637,361071.6103484227,503775.00968521927,319.9919728113934,native,True,361074.1048959608,503777.0857865888,314.8844136232427,1.4426649808883667,"[-10.568476676940918, -6.67938756942749]",2024
"[9.781886754801041, 10.840431785030324]",-8.181697797323295,7.198284991232924,1.6886171327180188,1571657080838112,361097.6871538623,503796.1688923789,321.71023488531455,native,True,361098.8602604775,503797.3834905389,314.5119498940816,1.229561448097229,"[-10.82640552520752, 11.47044563293457]",2025
"[9.781886754801041, 10.840431785030324]",-8.181697797323295,8.580490211837969,0.2966904316233099,1571657080838112,361097.6871538623,503796.1688923789,321.71023488531455,native,True,361097.75528628094,503796.4576538475,313.1297446734766,1.3719180822372437,"[-10.989908218383789, 10.038171768188477]",2024
"[2.7017782858972272, 2.532055035695402]",-7.783075920117881,10.416921459923003,2.5696448323116114,952888117221424,361123.05922481813,503818.2571096383,316.61607292312294,native,True,361124.71154381684,503820.22508232377,306.19915146319994,1.2965656518936157,"[-2.47895884513855, 5.270874500274658]",2025
"[2.7017782858972272, 2.532055035695402]",-7.783075920117881,5.855197201405588,1.9526472075364845,952888117221424,361123.05922481813,503818.2571096383,316.61607292312294,native,True,361124.33559360204,503819.7348490756,310.76087572171735,1.4035824537277222,"[-2.4644134044647217, 4.653253555297852]",2024
"[5.824948763298288, -17.260860732610684]",-8.863630300116938,8.964771780974445,4.381666207507017,1088755186866756,361149.29993063095,503840.03393467236,320.98889387954176,native,True,361153.4230780536,503841.5167205926,312.0241220985673,1.3182034492492676,"[19.32433319091797, 9.69031810760498]",2025
"[5.824948763298288, -17.260860732610684]",-8.863630300116938,8.089035985769101,1.8435101248141208,1088755186866756,361149.29993063095,503840.03393467236,320.98889387954176,native,True,361151.0983224773,503840.43929420074,312.89985789377266,1.3400390148162842,"[18.322795867919922, 7.331873893737793]",2024
"[13.092077865657128, -1.3773407010115992]",6.397136339237818,6.730060411344539,2.793955005919912,1666620238369939,361173.00583708816,503862.9563626265,292.94851285843356,native,True,361175.71404653013,503863.6432295667,299.6785732697781,1.157796859741211,"[3.4014124870300293, 15.018036842346191]",2025
"[13.092077865657128, -1.3773407010115992]",6.397136339237818,6.224872812805415,1.8692865517625699,1666620238369939,361173.00583708816,503862.9563626265,292.94851285843356,native,True,361174.55864465627,503863.9970455124,299.173385671239,1.1085799932479858,"[2.2208757400512695, 14.760214805603027]",2024
"[-11.97797709474916, -20.34085041782736]",3.1326421045083066,4.386189934892684,4.141718142436409,1762029464919045,361156.16527727724,503890.4513906976,230.02804423733778,native,True,361157.57893728826,503894.3443837036,234.41423417223046,1.326112985610962,"[23.806364059448242, -9.709928512573242]",2025
"[-11.97797709474916, -20.34085041782736]",3.1326421045083066,5.908361966125284,3.3862934316164837,1762029464919045,361156.16527727724,503890.4513906976,230.02804423733778,native,True,361158.7204848332,503892.67352875613,235.93640620346306,1.3548197746276855,"[23.718168258666992, -11.731588363647461]",2024
"[3.813146462549279, 0.20840710798602416]",-8.058651102678024,6.264141752114313,2.0966130530110108,1132839019071351,361142.207623885,503903.8411272457,30.809075166005442,native,True,361142.75784615066,503905.8642539724,24.54493341389112,1.3094574213027954,"[-2.2869114875793457, 3.5381813049316406]",2025
"[3.813146462549279, 0.20840710798602416]",-8.058651102678024,6.192990105367329,1.5119720929135136,1132839019071351,361142.207623885,503903.8411272457,30.809075166005442,native,True,361142.8799740158,503905.1953816204,24.616085060638124,1.3577747344970703,"[-1.717307686805725, 3.9094722270965576]",2024
"[-4.974901620180892, -20.255314878865168]",-7.311398965044141,7.61464009441309,0.8592363550759777,1796949328283937,361165.4447950305,503879.9005597392,49.11875024070156,native,True,361164.68791719223,503879.4938374116,41.50411014628847,1.2964600324630737,"[21.063037872314453, -5.267938613891602]",2025
"[-4.974901620180892, -20.255314878865168]",-7.311398965044141,5.346310950539674,1.5738410543211718,1796949328283937,361165.4447950305,503879.9005597392,49.11875024070156,native,True,361164.9927292492,503878.39304118423,43.77243929016189,1.1283127069473267,"[21.68036460876465, -4.306912899017334]",2024
"[12.04178437396226, -20.362945361056795]",-6.666266701522943,7.629821327080094,1.510127211082562,1457053619817270,361163.461901341,503852.34058410395,137.93171992162561,native,True,361161.9896731023,503852.6767807827,130.30189859454552,1.146307110786438,"[21.691301345825195, 12.76008415222168]",2025
"[12.04178437396226, -20.362945361056795]",-6.666266701522943,5.448304470556934,2.3233573577227635,1457053619817270,361163.461901341,503852.34058410395,137.93171992162561,native,True,361163.5571324442,503854.6619889477,132.48341545106868,1.3308820724487305,"[21.82244300842285, 10.234063148498535]",2024
"[16.22900250698316, -17.144636582746475]",-3.9298710488354516,3.626204605095211,2.79381787378019,1837757387401780,361139.2848980101,503832.87409963924,140.0515130566729,native,True,361140.0356061859,503835.5651692308,136.42530845157768,1.4463400840759277,"[18.564056396484375, 13.822622299194336]",2025
"[16.22900250698316, -17.144636582746475]",-3.9298710488354516,2.470915090921295,4.020316479102186,1837757387401780,361139.2848980101,503832.87409963924,140.0515130566729,native,True,361141.91643182386,503835.9135032615,137.5805979657516,1.2815624475479126,"[17.511484146118164, 12.225458145141602]",2024
"[-7.2283916834803925, 9.748106095797377]",-3.0993717870329647,0.6578473460701275,3.425901765443733,910305541902539,361113.2990068514,503811.5212163888,139.70288319418458,native,True,361114.2167759673,503814.8218985541,139.04503584811445,1.3341028690338135,"[-7.980321884155273, -10.162968635559082]",2025
"[-7.2283916834803925, 9.748106095797377]",-3.0993717870329647,0.14122935200057896,1.1241934265797278,910305541902539,361113.2990068514,503811.5212163888,139.70288319418458,native,True,361113.913901035,503812.46234124945,139.561653842184,1.2953821420669556,"[-9.486727714538574, -8.32177734375]",2024
"[-11.276615996568587, -12.748281908217397]",-6.015722885447353,2.439477769067139,1.2273073112838557,943623705468611,361124.27563437924,503784.4712108318,49.80342135264164,native,True,361124.16236253036,503783.2491417975,47.363943583574496,1.3148937225341797,"[13.708887100219727, -10.512730598449707]",2025
"[-11.276615996568587, -12.748281908217397]",-6.015722885447353,2.6100303411460004,2.1751095667762548,943623705468611,361124.27563437924,503784.4712108318,49.80342135264164,native,True,361123.41057880584,503782.4755203542,47.19339101149564,1.38521146774292,"[14.787596702575684, -10.520112991333008]",2024
"[11.822710830034913, 7.4034712346972995]",4.316161634599496,7.086964966858432,1.5091250192733427,29302096676059304,361152.32174410915,503793.66742612515,319.9515651069156,native,True,361153.8105245074,503793.4204620599,327.03853007377404,1.3101166486740112,"[-6.333551406860352, 12.887008666992188]",2025
"[11.822710830034913, 7.4034712346972995]",4.316161634599496,5.322557845661947,3.302115433362684,29302096676059304,361152.32174410915,503793.66742612515,319.9515651069156,native,True,361155.3653284413,503794.94826988934,325.27412295257756,1.3747997283935547,"[-6.665753364562988, 15.041365623474121]",2024
"[19.675566544924987, -18.855618373876258]",5.641812144021799,2.682798610544637,43.418877176534856,945959455229054,361178.48574524716,503815.7914123349,319.40193817603665,native,True,361137.0307419003,503828.70193489536,322.0847367865813,1.5066202878952026,"[-15.47739028930664, -6.903436660766602]",2025
"[19.675566544924987, -18.855618373876258]",5.641812144021799,3.261736341046685,37.4755694323643,945959455229054,361178.48574524716,503815.7914123349,319.40193817603665,native,True,361146.6248557705,503835.52215043653,322.66367451708334,1.5040572881698608,"[-15.57021427154541, 4.867448806762695]",2024
"[15.694241990105827, 0.5714288867385787]",-6.271234669343528,9.332986441822584,3.7422179549580696,1673666160842107,361202.9486604999,503836.40604008455,318.7916284373411,native,True,361206.48096818913,503837.6417575324,309.4586419955185,1.240091323852539,"[1.1968491077423096, 18.99233055114746]",2025
"[15.694241990105827, 0.5714288867385787]",-6.271234669343528,6.873808559408303,2.891240200463428,1673666160842107,361202.9486604999,503836.40604008455,318.7916284373411,native,True,361205.78516522405,503836.9659604776,311.9178198779328,1.2915849685668945,"[1.1407558917999268, 18.023983001708984]",2024
"[-12.8878649426532, 11.024208618557221]",-0.549489801134257,1.7114096365374394,1.2415596822997135,1090951123865054,361229.35377108154,503858.7442823788,319.919795509785,native,True,361230.1255740432,503857.7717647013,321.63120514632243,1.377472162246704,"[-9.78355884552002, -12.935389518737793]",2025
"[-12.8878649426532, 11.024208618557221]",-0.549489801134257,1.8283448678033665,2.0576898980375993,1090951123865054,361229.35377108154,503858.7442823788,319.919795509785,native,True,361230.19784495153,503856.8676825231,321.74814037758836,1.3780170679092407,"[-9.050359725952148, -13.469249725341797]",2024
"[-11.461201826528697, 4.413267914973244]",-7.442632084407023,10.049368306407473,2.562723565569702,2599151813871531,361254.8027265823,503880.00557597354,319.1352500356382,native,True,361257.35642681655,503879.79071046447,309.0858817292307,1.2960541248321533,"[-2.3634445667266846, -9.923093795776367]",2025
"[-11.461201826528697, 4.413267914973244]",-7.442632084407023,6.786443223340541,1.3879033371205933,2599151813871531,361254.8027265823,503880.00557597354,319.1352500356382,native,True,361256.18896285695,503879.9375710916,312.34880681229765,1.2580268383026123,"[-3.332899808883667, -10.589949607849121]",2024
"[-10.468036497617108, -0.3444398084585272]",-9.68035871207644,8.025277600497702,5.375939644999897,1597452008592561,361281.9459420293,503902.72692003846,319.49911736546557,native,True,361284.13003136974,503897.8146414613,311.47383976496786,1.2587053775787354,"[5.167614459991455, -12.842423439025879]",2025
"[-10.468036497617108, -0.3444398084585272]",-9.68035871207644,6.070653105935094,2.947281597617405,1597452008592561,361281.9459420293,503902.72692003846,319.49911736546557,native,True,361283.6472406849,503900.3202518644,313.4284642595305,1.1948708295822144,"[3.1922998428344727, -11.227089881896973]",2024
"[-20.213651420934394, 11.571069783037148]",3.222610575580063,2.4297504934963854,3.4433732543280673,1591043065903450,361306.3013394185,503923.1993527394,319.37232726574774,native,True,361309.69820344326,503923.76338657347,321.8020777592441,1.154677152633667,"[-9.955704689025879, -17.17269515991211]",2025
"[-20.213651420934394, 11.571069783037148]",3.222610575580063,1.783415882896577,2.9958710572604326,1591043065903450,361306.3013394185,503923.1993527394,319.37232726574774,native,True,361309.24581528566,503923.7518970901,317.58891138285117,1.2383486032485962,"[-10.221379280090332, -17.539033889770508]",2024
"[-10.350248143354342, 3.736893062002209]",-4.960667802704165,2.1486710453812634,5.330801183692171,1112966985014802,361331.9141680186,503944.78736955114,319.4289408658014,native,True,361330.3406533944,503939.69409035327,321.57761191118266,1.2016199827194214,"[-1.2918992042541504, -15.08727741241455]",2025
"[-10.350248143354342, 3.736893062002209]",-4.960667802704165,0.8522473187773585,3.6103095180385867,1112966985014802,361331.9141680186,503944.78736955114,319.4289408658014,native,True,361331.68042281375,503941.1846347572,320.28118818457875,1.1119788885116577,"[-1.3799357414245605, -13.085040092468262]",2024
"[-2.665306848605527, 19.752181761741465]",-2.790270094327809,2.8708280141486284,3.0855807657040253,2366348720838280,361357.22639762436,503965.9155402966,319.33710303448834,native,True,361355.95481229335,503963.1041564011,322.20793104863696,1.3353089094161987,"[-18.58584213256836, -5.521958827972412]",2025
"[-2.665306848605527, 19.752181761741465]",-2.790270094327809,3.8981685528371486,3.4566234397115148,2366348720838280,361357.22639762436,503965.9155402966,319.33710303448834,native,True,361355.5203790458,503962.9092558434,323.2352715873255,1.345482587814331,"[-18.74314308166504, -5.971374988555908]",2024
"[-15.180506662264232, -20.760030409622797]",-7.467504438691435,14.912916957233449,42.89934107144224,1572977703746490,361381.6841147716,503988.2561406791,315.26503124108785,native,True,361372.537737174,504030.16911290976,330.1779481983213,1.3045204877853394,"[-12.154594421386719, 12.332779884338379]",2025
"[-15.180506662264232, -20.760030409622797]",-7.467504438691435,16.810979111278698,28.546407254053765,1572977703746490,361381.6841147716,503988.2561406791,315.26503124108785,native,True,361391.75237734645,504014.968075387,298.45405212980916,1.3118969202041626,"[12.344762802124023, 12.097334861755371]",2024
"[3.8418838446128434, 8.975842907820113]",-1.5941689526003415,6.472074645111036,15.412746329124039,1579563780527774,361404.36574653024,504011.34464292694,313.0300471049002,native,True,361394.64223422046,503999.38612889854,306.55797245978914,1.2064100503921509,"[-8.351606369018555, -11.558216094970703]",2025
"[3.8418838446128434, 8.975842907820113]",-1.5941689526003415,1.5609273470435028,2.332271465899891,1579563780527774,361404.36574653024,504011.34464292694,313.0300471049002,native,True,361406.6876969198,504011.5638154142,314.5909744519437,1.2788459062576294,"[-7.380128383636475, 5.542820453643799]",2024
"[-0.9156872710138902, 3.8700631844360847]",8.05048991485512,8.75873356508049,1.9494766921113564,1077445214894446,361428.2353577773,504036.8110457519,310.8947311561234,native,True,361428.6851038616,504034.91415676393,319.6534647212039,1.4149819612503052,"[-2.1442689895629883, -1.8223811388015747]",2025
"[-0.9156872710138902, 3.8700631844360847]",8.05048991485512,11.881775280436614,2.488227563699227,1077445214894446,361428.2353577773,504036.8110457519,310.8947311561234,native,True,361427.327570316,504034.4943242896,322.77650643656,1.5296924114227295,"[-2.7192821502685547, -3.1218104362487793]",2024
"[-2.3703861307547918, 6.525314471023872]",6.734626208630061,7.277152758044451,3.345361735834118,1714471442944128,361449.2520025681,504060.74706808943,311.00182836492553,native,True,361447.5908240392,504057.84328933776,318.27898112297,1.2614895105361938,"[-5.493558406829834, -5.552669048309326]",2025
"[-2.3703861307547918, 6.525314471023872]",6.734626208630061,5.481231423075542,3.212600231121971,1714471442944128,361449.2520025681,504060.74706808943,311.00182836492553,native,True,361448.3728705924,504057.6570960484,316.48305978800107,1.3366403579711914,"[-4.829805374145508, -5.099131107330322]",2024
"[-4.691469755920563, 11.713938112228861]",4.674407105501302,5.287890988315155,4.363891026585219,1347449930528506,361472.5967279173,504087.4096917212,309.77782126276634,native,True,361471.64684192237,504083.1504357429,315.0657122510815,1.1837105751037598,"[-9.409181594848633, -8.397092819213867]",2025
"[-4.691469755920563, 11.713938112228861]",4.674407105501302,0.9630852575900803,4.162358681701939,1347449930528506,361472.5967279173,504087.4096917212,309.77782126276634,native,True,361471.6342404363,504083.36014265445,310.7409065203564,1.2614549398422241,"[-9.565037727355957, -8.256221771240234]",2024
"[21.85696033033859, -4.616226480955835]",8.229073075739507,10.173840255546281,4.615687392485003,1413652087402340,361492.29492151755,504113.28688474465,303.597875428812,native,True,361491.4444976002,504108.7502175466,313.7717156843583,1.3966925144195557,"[7.007948875427246, 17.909273147583008]",2025
"[21.85696033033859, -4.616226480955835]",8.229073075739507,5.5195743229638765,2.260904622221932,1413652087402340,361492.29492151755,504113.28688474465,303.597875428812,native,True,361493.7911119707,504111.5918614886,309.1174497517759,1.171373963356018,"[6.861513614654541, 21.591676712036133]",2024
"[1.807920885132568, -5.9829505428826915]",3.041536533574515,2.331042170637886,5.957368670172163,921953573931750,361509.1497128202,504141.219079501,297.86871804825813,native,True,361508.2218638017,504135.3344097846,300.199760218896,1.2132757902145386,"[8.209805488586426, -3.7175979614257812]",2025
"[1.807920885132568, -5.9829505428826915]",3.041536533574515,8.058024865367713,4.460487008144353,921953573931750,361509.1497128202,504141.219079501,297.86871804825813,native,True,361509.0300854257,504136.7601969463,305.92674291362584,1.2222058773040771,"[8.170818328857422, -2.079131841659546]",2024
"[14.290793043574853, -4.09787538843863]",1.6537922372540947,0.1673709126914673,4.698028776933956,1403478994512518,361523.51524609205,504173.20255651977,288.43829113615783,native,True,361522.55044952134,504168.60466113535,288.6056620488493,1.3428574800491333,"[4.7713093757629395, 9.641281127929688]",2025
"[14.290793043574853, -4.09787538843863]",1.6537922372540947,1.3294145149774295,6.85849703701093,1403478994512518,361523.51524609205,504173.20255651977,288.43829113615783,native,True,361521.3432139862,504166.6970774338,289.76770565113526,1.3777142763137817,"[4.292856216430664, 7.435068130493164]",2024
"[3.425541372242276, -4.9186617686979615]",-6.150188741466479,5.829401973776498,2.9399319174177143,1794731371773449,361531.8882455436,504204.8006149186,281.7546367960357,native,True,361531.22256252373,504201.93703921745,275.9252348222592,1.2890757322311401,"[4.535818099975586, 0.5106433629989624]",2025
"[3.425541372242276, -4.9186617686979615]",-6.150188741466479,9.366757770667107,7.041156366814619,1794731371773449,361531.8882455436,504204.8006149186,281.7546367960357,native,True,361530.7500037027,504197.85206913593,272.3878790253686,1.2176146507263184,"[4.464457035064697, -3.600950002670288]",2024
"[-12.282947992184967, -14.546217653743128]",2.940754486831679,3.958386394883064,5.806339658475377,3059374137740657,361537.029446159,504237.8977794815,274.71356777171735,native,True,361535.9548975232,504232.1917365918,278.6719541666004,1.2429767847061157,"[14.241266250610352, -18.081274032592773]",2025
"[-12.282947992184967, -14.546217653743128]",2.940754486831679,16.366754310689373,10.555228980065166,3059374137740657,361537.029446159,504237.8977794815,274.71356777171735,native,True,361526.4744044846,504237.96066090255,258.346813461028,2.1252024173736572,"[4.076848983764648, -13.626517295837402]",2024
"[13.339669498681284, -21.706434582203386]",-7.299063866086158,17.640272276412986,10.88857513747852,1613002776844852,361536.4232422584,504266.85521835927,272.2808270468631,native,True,361525.6556453602,504265.2365999476,289.9210993232761,1.4832229614257812,"[10.838525772094727, 12.669127464294434]",2025
"[13.339669498681284, -21.706434582203386]",-7.299063866086158,11.530420214510059,12.01097833367163,1613002776844852,361536.4232422584,504266.85521835927,272.2808270468631,native,True,361524.46241243,504265.7587921885,260.75040683235306,1.4586187601089478,"[9.695544242858887, 13.293693542480469]",2024
"[0.16254938120721715, -9.52103808964995]",-7.182659188113973,5.407769588821282,3.179155547836633,981836188268787,361538.0477937769,504300.5927658677,272.513291319393,native,True,361540.29359938984,504302.8429630027,267.1055217305717,1.4267578125,"[11.9425687789917, 2.222456932067871]",2025
"[0.16254938120721715, -9.52103808964995]",-7.182659188113973,8.618207935839905,2.839788750720698,981836188268787,361538.0477937769,504300.5927658677,272.513291319393,native,True,361539.1596944343,504297.9797069176,263.8950833835531,1.2852742671966553,"[10.41653060913086, -2.5323519706726074]",2024
"[-11.261350540310643, -9.386088318712178]",9.904899376608512,9.908085072124152,1.9333758440720539,1093658489977921,361539.8923210439,504335.836993712,272.28727856222014,native,True,361541.6129457413,504336.7186925297,282.1953636343443,1.2932947874069214,"[10.881696701049805, -10.036157608032227]",2025
"[-11.261350540310643, -9.386088318712178]",9.904899376608512,9.734638732482722,2.2324422688774597,1093658489977921,361539.8923210439,504335.836993712,272.28727856222014,native,True,361541.37275175785,504334.16602890537,282.02191729470286,1.252181053161621,"[11.186020851135254, -12.581972122192383]",2024
"[-11.493360635269232, -12.47024661665097]",5.896318191475984,6.0490004248079,1.6390500671184918,1619687222851775,361541.55438086914,504368.50681948196,272.37270993829156,native,True,361542.83917134674,504367.48907759367,278.42171036309946,1.2002232074737549,"[13.888052940368652, -12.315741539001465]",2025
"[-11.493360635269232, -12.47024661665097]",5.896318191475984,11.119585226965455,22.84428207495058,1619687222851775,361541.55438086914,504368.50681948196,272.37270993829156,native,True,361544.16443471925,504391.20150701934,283.492295165257,1.1978113651275635,"[11.789186477661133, 11.340766906738281]",2024
"[1.22423288343586, 3.05647053038437]",-3.973653395355086,4.052239856010829,2.597172646494638,1391865393135267,361544.367099523,504400.577955069,277.8347799880502,native,True,361546.77450184536,504401.5524907606,273.78254013203934,1.211369514465332,"[-0.720156192779541, 2.3586671352386475]",2025
"[1.22423288343586, 3.05647053038437]",-3.973653395355086,6.41970218511301,2.5354721191071175,1391865393135267,361544.367099523,504400.577955069,277.8347799880502,native,True,361545.9069401553,504402.5922811831,271.41507780293716,1.3434807062149048,"[-1.655766487121582, 3.337677240371704]",2024
"[-20.613878824855693, -2.831159327268716]",-8.711957542347193,6.526383127093538,0.473599165829715,1316675827064189,361552.2189105195,504434.41134184506,287.1074839647609,native,True,361552.5642935435,504434.7353892746,280.58110083766735,1.162629246711731,"[3.125528335571289, -20.242876052856445]",2025
"[-20.613878824855693, -2.831159327268716]",-8.711957542347193,14.50583077395595,16.511428479536395,1316675827064189,361552.2189105195,504434.41134184506,287.1074839647609,native,True,361540.93560062064,504446.46597531775,272.60165319080494,1.082373857498169,"[-10.09128189086914, -10.335854530334473]",2024
"[-14.771054981948497, 15.77090082015507]",-1.1825195596875346,0.6127170594580207,0.3943047679165879,28263711263284815,361563.71273511497,504464.28748197947,292.85422022979816,native,True,361563.4902455863,504463.961944486,292.24150317034014,1.1406984329223633,"[-15.857446670532227, -15.155744552612305]",2025
"[-14.771054981948497, 15.77090082015507]",-1.1825195596875346,0.6320950508287524,1.3513866439126285,28263711263284815,361563.71273511497,504464.28748197947,292.85422022979816,native,True,361562.8098367523,504463.28198687354,292.2221251789694,1.1626707315444946,"[-16.23866081237793, -16.03890609741211]",2024
"[21.88382035108236, 22.033927542930545]",4.646418907159841,5.775022203589685,8.05873976330374,3489296377898570,361571.625468986,504493.47068203054,299.5680585925597,native,True,361575.3093735237,504486.3032463713,305.34308079614937,1.2709717750549316,"[-14.95737075805664, 18.028223037719727]",2025
"[21.88382035108236, 22.033927542930545]",4.646418907159841,8.941899540594477,6.727002558058328,3489296377898570,361571.625468986,504493.47068203054,299.5680585925597,native,True,361575.6340622642,504488.0684840199,308.50995813315416,1.2382766008377075,"[-15.681452751159668, 19.670536041259766]",2024
"[12.614483320674895, -3.112253503575876]",4.978490127356963,6.289637354265892,7.043641846258408,1131727186478749,361588.8523000926,504518.82913805824,307.4974744287967,native,True,361595.6191283382,504516.8739076491,313.7871117830626,1.2540063858032227,"[9.423529624938965, 15.741891860961914]",2025
"[12.614483320674895, -3.112253503575876]",4.978490127356963,5.795598032571888,7.286242433086309,1131727186478749,361588.8523000926,504518.82913805824,307.4974744287967,native,True,361595.8640960252,504516.8482174154,313.2930724613686,1.3796916007995605,"[9.621556282043457, 15.888365745544434]",2024
"[-16.216054215682405, -1.2430379314025282]",-0.5885879537345886,5.646034656281927,18.7712877896315,1599642875223994,361610.9469463425,504543.66361937486,313.92116788058945,native,True,361611.8659220741,504562.4123987721,308.2751332243075,1.0556055307388306,"[-10.95452880859375, -1.9478864669799805]",2025
"[-16.216054215682405, -1.2430379314025282]",-0.5885879537345886,1.9079552811310805,21.249632880376865,1599642875223994,361610.9469463425,504543.66361937486,313.92116788058945,native,True,361613.84621325735,504564.71453738114,312.01321259945837,1.1267905235290527,"[-11.093900680541992, 1.0855885744094849]",2024
"[3.787675493447888, 6.899037210842066]",-6.625193360644289,0.19188830466697482,6.240820002029619,1073713638614184,361636.8629086914,504567.6693398636,318.45576423936296,native,True,361642.0222209645,504564.1580251288,318.64765254402994,0.631083607673645,"[-0.712927520275116, 4.612224578857422]",2025
"[3.787675493447888, 6.899037210842066]",-6.625193360644289,2.2710468970608417,6.607692707312707,1073713638614184,361636.8629086914,504567.6693398636,318.45576423936296,native,True,361641.9443734141,504563.4455596626,320.7268111364238,0.7010645270347595,"[-0.2957686185836792, 4.029433250427246]",2024
"[8.866978558605986, 20.237809983122048]",-4.294805491446198,8.96871308473294,7.265193064669232,1120440463974740,361660.74811106944,504589.6475856835,311.0860382163991,native,True,361667.83731806267,504588.05819131015,302.1173251316662,1.2414957284927368,"[-13.608719825744629, 11.839888572692871]",2025
"[8.866978558605986, 20.237809983122048]",-4.294805491446198,5.389177471850019,5.640005729599864,1120440463974740,361660.74811106944,504589.6475856835,311.0860382163991,native,True,361665.68501785246,504586.9205697236,305.6968607445491,1.1845097541809082,"[-14.651008605957031, 9.639840126037598]",2024
"[-6.220504505473644, -2.5026410451839936]",-5.243072536293141,4.94694489980111,7.835838337088882,1396740292671110,361683.0279493844,504613.3827825114,318.1565499517186,native,True,361687.4832812618,504606.9368240639,313.2096050519175,1.368865728378296,"[10.154658317565918, -7.907808303833008]",2025
"[-6.220504505473644, -2.5026410451839936]",-5.243072536293141,4.427183231649849,9.909992972122021,1396740292671110,361683.0279493844,504613.3827825114,318.1565499517186,native,True,361685.4742064785,504603.77946084976,313.72936672006875,1.6169346570968628,"[10.833073616027832, -11.58817195892334]",2024
"[-16.46797373570818, 7.350824607197848]",6.408059954103123,14.905092306221832,4.457717774543898,1100290906086001,361707.85448543716,504638.3282890087,290.3221943299974,native,True,361710.30275935703,504634.60307726025,305.2272866362192,1.5121263265609741,"[-3.4886224269866943, -18.693876266479492]",2025
"[-16.46797373570818, 7.350824607197848]",6.408059954103123,13.884496723321718,4.06580898573123,1100290906086001,361707.85448543716,504638.3282890087,290.3221943299974,native,True,361709.32959725737,504634.5395098087,304.2066910533191,1.6202375888824463,"[-4.32919454574585, -19.188369750976562]",2024
"[7.168739275293269, 5.8669665943642215]",-9.664194314343604,3.970647299308581,9.334445388159551,1436906631667845,361697.4136276352,504666.51541773695,211.2542456606379,native,True,361702.2008722953,504658.50204396126,207.28359836132933,1.3094303607940674,"[-11.556595802307129, -0.23126006126403809]",2025
"[7.168739275293269, 5.8669665943642215]",-9.664194314343604,7.966898483359728,8.851790071856135,1436906631667845,361697.4136276352,504666.51541773695,211.2542456606379,native,True,361700.95638951065,504658.40351131675,203.28734717727818,1.265419840812683,"[-12.106139183044434, 0.8896539211273193]",2024
"[-10.810232063398356, -13.397772773815259]",-6.061627934747776,4.12470070985151,5.286585434488321,1609692443937868,361668.9486892873,504682.8453561375,210.79401582028814,native,True,361665.6295089123,504678.73062319425,206.66931511043663,1.4040495157241821,"[8.271796226501465, -9.517038345336914]",2025
"[-10.810232063398356, -13.397772773815259]",-6.061627934747776,5.452488169378654,5.149133597685731,1609692443937868,361668.9486892873,504682.8453561375,210.79401582028814,native,True,361668.8063246949,504677.6981909828,205.34152765090948,1.2182906866073608,"[8.663185119628906, -12.834400177001953]",2024
"[7.562227604454721, 15.941724628702616]",-3.4487666741794385,1.399024997180362,1.382674492805424,2140812226473784,361641.04399474245,504701.4222107101,213.78021034732328,native,True,361640.47355228156,504700.16269328195,212.3811853501429,0.9870834946632385,"[-17.316911697387695, 7.418529033660889]",2025
"[7.562227604454721, 15.941724628702616]",-3.4487666741794385,1.9467761060180635,3.1186100657882285,2140812226473784,361641.04399474245,504701.4222107101,213.78021034732328,native,True,361638.9000352867,504699.1574443658,211.8334342413052,1.0190296173095703,"[-18.979188919067383, 8.26900863647461]",2024
"[-15.306993316803963, -12.755886075089178]",8.804444454854377,10.31062676868055,5.069837558255101,1770134364187132,361614.59098087926,504722.44381314795,220.41034254713298,native,True,361614.64117699023,504717.3742240899,230.72096931581353,1.1808559894561768,"[9.482309341430664, -19.17829132080078]",2025
"[-15.306993316803963, -12.755886075089178]",8.804444454854377,9.236698644143075,4.576694356242006,1770134364187132,361614.59098087926,504722.44381314795,220.41034254713298,native,True,361615.19282959437,504717.90686380345,229.64704119127606,1.2456074953079224,"[10.247934341430664, -19.13534927368164]",2024
"[-14.216656572837929, -6.687306402628027]",8.361483200621052,6.400914902242022,1.7368390159816733,3960386027436480,361591.5952234963,504746.5269450778,230.05124253896744,native,True,361592.02604987763,504744.84438797727,236.45215744120947,1.2725285291671753,"[6.172985076904297, -15.87559700012207]",2025
"[-14.216656572837929, -6.687306402628027]",8.361483200621052,9.062921824321023,3.424088929144656,3960386027436480,361591.5952234963,504746.5269450778,230.05124253896744,native,True,361592.63608644356,504743.26489214756,239.11416436328847,1.2261087894439697,"[5.8653059005737305, -17.54061508178711]",2024
"[-18.69173623942365, 11.424448995468548]",8.243739053374185,5.554212468659159,0.9762525395724327,1799341664552833,361572.6457602309,504774.8962715687,239.07370792608288,native,True,361572.48509143834,504775.85921214847,244.62792039474203,1.368762731552124,"[-11.201356887817383, -17.741315841674805]",2025
"[-18.69173623942365, 11.424448995468548]",8.243739053374185,7.215629600188237,1.176812594322698,1799341664552833,361572.6457602309,504774.8962715687,239.07370792608288,native,True,361572.77289998333,504773.726347056,246.2893375262711,1.402249813079834,"[-11.758295059204102, -19.820201873779297]",2024
"[12.891213435585813, -12.385337119810517]",9.474083171671651,4.71731543496486,0.34102178834030766,1388036546256933,361558.7140618083,504804.42107867356,249.01867383618352,native,True,361558.90553506813,504804.70327337744,253.73598927114838,1.1123743057250977,"[12.629257202148438, 13.129538536071777]",2025
"[12.891213435585813, -12.385337119810517]",9.474083171671651,6.844658639180352,1.3900586415578786,1388036546256933,361558.7140618083,504804.42107867356,249.01867383618352,native,True,361560.07438381243,504804.1350942823,255.86333247536388,1.207647681236267,"[13.661264419555664, 12.339604377746582]",2024
"[-1.9485704308244332, -10.521843348861974]",7.06268696714011,4.48552896544976,4.134861876686736,1392556546281046,361548.052834857,504835.79213500954,250.87378567541663,native,True,361551.51615232165,504833.5332603166,255.3593146408664,1.373835802078247,"[13.436582565307617, -4.881381034851074]",2025
"[-1.9485704308244332, -10.521843348861974]",7.06268696714011,3.563997606160285,2.916481117655807,1392556546281046,361548.052834857,504835.79213500954,250.87378567541663,native,True,361550.6086050711,504834.3871792371,254.4377832815769,1.351101040840149,"[12.727542877197266, -3.8566458225250244]",2024
"[-18.9939175093881, -16.549866013262484]",3.186497801348793,5.070625796122613,4.547731141474389,1400716081531820,361537.2392487183,504867.6496268753,251.32015210508467,native,True,361540.9543032117,504870.27264586993,256.3907779012073,1.49485182762146,"[20.830598831176758, -17.45860481262207]",2025
"[-18.9939175093881, -16.549866013262484]",3.186497801348793,4.577921899962206,3.5989427866381956,1400716081531820,361537.2392487183,504867.6496268753,251.32015210508467,native,True,361539.5593428604,504870.40090882254,255.89807400504688,1.3786382675170898,"[19.520591735839844, -16.962371826171875]",2024
"[-0.466412824372406, -21.305233036239088]",-9.0737365324849,10.917970042058357,2.9889733592069883,1892217645152325,361527.15932734055,504899.9309961172,251.75060327783478,native,True,361529.56883865996,504901.69967272517,240.83263323577643,1.3263863325119019,"[24.25775718688965, -0.0010496526956558228]",2025
"[-0.466412824372406, -21.305233036239088]",-9.0737365324849,8.613927674857933,1.867062139704922,1892217645152325,361527.15932734055,504899.9309961172,251.75060327783478,native,True,361528.38293835125,504901.3412078488,243.13667560297685,1.027299165725708,"[23.039627075195312, 0.22481676936149597]",2024
"[-10.450067842028302, 18.6526650592975]",-2.310200403180687,3.4080443673071272,3.279178340707298,845278345272909,361517.99783600273,504929.75817886833,251.94198824508135,native,True,361519.7295251857,504932.5428266313,248.53394387777422,1.2102196216583252,"[-16.060047149658203, -8.44224739074707]",2025
"[-10.450067842028302, 18.6526650592975]",-2.310200403180687,0.06657778186087171,1.994021017361441,845278345272909,361517.99783600273,504929.75817886833,251.94198824508135,native,True,361519.9880302799,504929.88165581634,252.00856602694222,1.300480842590332,"[-16.74393081665039, -11.027002334594727]",2024
"[20.990573122275723, 19.670934770107394]",-7.259085832096645,0.7185937552291648,4.098154336813611,2612096309208434,361509.8059636109,504962.64188964665,260.82867997460966,native,True,361513.81311658525,504961.78305671277,260.1100862193805,1.2528502941131592,"[-16.07033920288086, 19.03338623046875]",2025
"[20.990573122275723, 19.670934770107394]",-7.259085832096645,3.951373424843382,4.318682558133939,2612096309208434,361509.8059636109,504962.64188964665,260.82867997460966,native,True,361512.8108753006,504959.54003136896,264.78005339945304,1.1674247980117798,"[-17.666093826293945, 17.165441513061523]",2024
"[13.30236292953214, -18.91836271280538]",0.9030756828793471,8.41306307953775,2.1040921970453685,1645304160505212,361502.2519723498,504994.43547046836,252.93062506393304,native,True,361501.6605434091,504992.41620927135,261.3436881434708,1.3830710649490356,"[17.788105010986328, 11.527617454528809]",2025
"[13.30236292953214, -18.91836271280538]",0.9030756828793471,3.584732714878527,2.0216252750393817,1645304160505212,361502.2519723498,504994.43547046836,252.93062506393304,native,True,361501.7880093159,504992.4678050863,256.51535777881156,1.4642088413238525,"[17.924896240234375, 11.541683197021484]",2024
"[-22.33891279988536, -22.174374869973114]",-1.6750923090158665,9.001407433096603,5.291396003389613,1368742985247867,361492.2334559488,505028.35266217124,253.1819735066803,native,True,361489.3338362954,505032.7788430905,262.1833809397769,1.4353346824645996,"[20.82843017578125, -17.221559524536133]",2025
"[-22.33891279988536, -22.174374869973114]",-1.6750923090158665,1.1626143883137843,3.1361038339744387,1368742985247867,361492.2334559488,505028.35266217124,253.1819735066803,native,True,361490.4958535736,505030.9633872129,254.34458789499408,1.286076545715332,"[21.354597091674805, -19.31184959411621]",2024
"[21.588183285185856, -10.09772976705251]",-8.858758712488594,5.304863405830275,0.45076322379076283,1094966510141854,361482.8214742172,505058.37402536254,250.83743577092525,native,True,361483.26412471174,505058.28889003716,245.53257236509498,1.2048759460449219,"[10.448493003845215, 21.305070877075195]",2025
"[21.588183285185856, -10.09772976705251]",-8.858758712488594,6.418526478775618,1.7430027484140125,1094966510141854,361482.8214742172,505058.37402536254,250.83743577092525,native,True,361483.5699517668,505056.7999097573,244.41890929214964,1.3018126487731934,"[10.018945693969727, 19.846961975097656]",2024
"[-5.422528386100246, 17.918561961805572]",3.049221332387475,2.372978719765399,5.839994977067109,1576088213452988,361471.7362748644,505091.2981349118,251.55647181361104,native,True,361476.1053735146,505087.4230196468,253.92945053337644,1.561610221862793,"[-14.734908103942871, -10.31843376159668]",2025
"[-5.422528386100246, 17.918561961805572]",3.049221332387475,5.614108798031168,2.50332192028867,1576088213452988,361471.7362748644,505091.2981349118,251.55647181361104,native,True,361473.0993474262,505089.19845545344,257.1705806116422,1.3312582969665527,"[-17.161775588989258, -7.808716773986816]",2024
"[-16.873559549222676, -20.667114626365443]",1.0527138412930412,3.3296927472140396,3.5770316185566355,2326419104828349,361463.87377641036,505123.49797958974,285.5099973265701,native,True,361464.26752019644,505127.05327437795,288.83969007378414,1.2702502012252808,"[20.03103256225586, -13.353537559509277]",2025
"[-16.873559549222676, -20.667114626365443]",1.0527138412930412,0.13394787160018495,3.0245882324393625,2326419104828349,361463.87377641036,505123.49797958974,285.5099973265701,native,True,361462.893419776,505126.35927909263,285.3760494549699,1.1658105850219727,"[18.911779403686523, -14.410445213317871]",2024
"[7.098893564394898, 0.6642824073944724]",5.1298490002480435,7.109638391272256,1.7156350861917546,1611154070401669,361493.0522768595,505138.26740477607,322.2927948363659,native,True,361493.84774209897,505139.78748332727,329.40243322763814,1.2967092990875244,"[-1.5168912410736084, 8.587672233581543]",2025
"[7.098893564394898, 0.6642824073944724]",5.1298490002480435,7.106299471218051,0.21361944645642147,1611154070401669,361493.0522768595,505138.26740477607,322.2927948363659,native,True,361492.890131906,505138.4064813088,329.39909430758394,1.256213665008545,"[-0.8687823414802551, 7.037143707275391]",2024
"[-2.8891673409189225, 12.827703644860701]",2.600160673080495,0.8304203707839974,6.728577740119982,2044825309733264,361517.82771305204,505160.52887198236,318.5141274465706,native,True,361521.8935148466,505165.89012315834,317.68370707578663,1.170547604560852,"[-14.448515892028809, 3.6412787437438965]",2025
"[-2.8891673409189225, 12.827703644860701]",2.600160673080495,0.141858221893699,3.612440723067833,2044825309733264,361517.82771305204,505160.52887198236,318.5141274465706,native,True,361519.16105231625,505163.8862421413,318.6559856684643,1.1166702508926392,"[-14.604050636291504, 0.2563563585281372]",2024
"[6.4407865918714045, -18.80744506510454]",2.817757957417797,5.686490109560452,4.238932206120626,1353979803178810,361530.3587487028,505170.9117681952,148.200596317521,native,True,361527.206588284,505173.74592255626,153.88708642708144,1.2092264890670776,"[22.814006805419922, 7.824986457824707]",2025
"[6.4407865918714045, -18.80744506510454]",2.817757957417797,6.2866114473061145,3.9187236756740997,1353979803178810,361530.3587487028,505170.9117681952,148.200596317521,native,True,361528.10146661306,505174.1150591301,154.4872077648271,1.2222115993499756,"[22.703323364257812, 6.863311767578125]",2024
"[9.914111193410001, 2.950134858763949]",3.930005124713489,8.148818508187077,4.6852240155139135,1112299907902984,361505.03398144763,505148.4196676966,135.10897763472872,native,True,361501.634986572,505151.6442851795,143.2577961429158,1.2541489601135254,"[1.713149070739746, 10.366998672485352]",2025
"[9.914111193410001, 2.950134858763949]",3.930005124713489,4.074728393134308,4.2648537956707875,1112299907902984,361505.03398144763,505148.4196676966,135.10897763472872,native,True,361500.8704645345,505149.3438456083,139.18370602786302,1.2045903205871582,"[0.4771377444267273, 12.452374458312988]",2024
"[16.72997652304776, -11.127622915398554]",8.887178876421416,4.7423624649190685,4.544548011707066,1099992155940572,361476.9349046636,505130.8601407418,162.9595274769371,native,True,361474.0665733874,505134.38513610646,167.70188994185617,1.2362600564956665,"[15.023780822753906, 19.069393157958984]",2025
"[16.72997652304776, -11.127622915398554]",8.887178876421416,11.468552422737645,2.8403697292416172,1099992155940572,361476.9349046636,505130.8601407418,162.9595274769371,native,True,361474.5857074984,505132.4566910473,174.42807989967474,1.1366972923278809,"[13.041203498840332, 18.829002380371094]",2024
"[-4.8430410798679775, 5.354011200087835]",-3.947619285778174,2.706296739120262,1.904965341820126,2090069028562856,361462.71241398016,505108.46205451246,77.33940240615863,native,True,361461.6793086735,505110.0625501791,74.63310566703836,1.2877446413040161,"[-4.821468353271484, -6.672054767608643]",2025
"[-4.8430410798679775, 5.354011200087835]",-3.947619285778174,1.7760379547256662,1.8608548538234335,2090069028562856,361462.71241398016,505108.46205451246,77.33940240615863,native,True,361461.14552252454,505109.46586323594,75.56336445143297,1.3354570865631104,"[-4.139402389526367, -6.252830505371094]",2024
"[21.00711731925958, 11.480405888756563]",8.123714022458287,11.551914280469589,6.632558318475325,28071381109150220,361468.2257658363,505078.0853922805,76.58461707839409,native,True,361465.53659907414,505084.1483298501,88.13653135886368,1.2219202518463135,"[-9.361859321594238, 14.72200870513916]",2025
"[21.00711731925958, 11.480405888756563]",8.123714022458287,12.498638024491868,5.778264332624824,28071381109150220,361468.2257658363,505078.0853922805,76.58461707839409,native,True,361466.60745605105,505083.63241059094,89.08325510288597,1.1539933681488037,"[-10.380571365356445, 15.334489822387695]",2024
"[-9.183907072270761, -12.816188964356215]",7.635560614031732,12.480682676226252,4.422668245468853,1120045207649869,361477.51365528506,505045.06929584127,72.0560999263658,native,True,361478.04483315523,505049.4599500613,84.53678260259207,1.0738338232040405,"[11.50789737701416, -13.408639907836914]",2025
"[-9.183907072270761, -12.816188964356215]",7.635560614031732,13.414911183183278,3.741667833124622,1120045207649869,361477.51365528506,505045.06929584127,72.0560999263658,native,True,361477.501923626,505048.8109452826,85.4710111095491,1.1368961334228516,"[12.158180236816406, -12.86726188659668]",2024
"[-6.991068377133267, 12.025432859281265]",-1.7980828454648474,4.853319426910161,5.728440671581712,2176435617086201,361465.31389726076,505019.4838384604,159.3120439262325,native,True,361459.72615671635,505020.74565783585,164.16536335314265,1.4039108753204346,"[-8.722468376159668, -2.310741662979126]",2025
"[-6.991068377133267, 12.025432859281265]",-1.7980828454648474,1.9701611552212341,2.9720068202985686,2176435617086201,361465.31389726076,505019.4838384604,159.3120439262325,native,True,361462.5820668502,505020.6542773302,157.34188277101126,1.2867226600646973,"[-9.899168014526367, -4.914575576782227]",2024
"[9.559458131626851, -6.639901814822776]",5.457368974822998,11.098154690638182,1.4206881093184986,1476656934564153,361435.5440886696,505009.21059400775,161.60204431611461,native,True,361436.2774901707,505010.42734252004,172.7001990067528,1.3068389892578125,"[7.661509990692139, 8.572203636169434]",2025
"[9.559458131626851, -6.639901814822776]",5.457368974822998,8.237549707385654,3.6836961224482407,1476656934564153,361435.5440886696,505009.21059400775,161.60204431611461,native,True,361437.20831842953,505012.4969227236,169.83959402350027,1.351546287536621,"[9.470078468322754, 7.201552867889404]",2024
"[18.51122417624114, 8.176151644495496]",-0.36491725174775524,4.632487526057503,4.1561645745643245,1555312799214362,361402.0505830572,504999.5467164507,164.80215097186715,native,True,361405.78973483434,505001.3612268416,160.16966344580965,1.3341453075408936,"[-7.4313578605651855, 14.422338485717773]",2025
"[18.51122417624114, 8.176151644495496]",-0.36491725174775524,3.595704753814232,2.2486924031682687,1555312799214362,361402.0505830572,504999.5467164507,164.80215097186715,native,True,361403.6816146323,505001.0947324471,161.20644621805292,1.2937884330749512,"[-7.122486114501953, 16.524667739868164]",2024
"[-0.28325672466389795, 14.412907323523132]",-2.573595983101029,7.46809626474365,12.153602324669489,1626801685484071,361370.61223184236,504993.5602959525,175.96341037533338,native,True,361358.68060191063,504995.872493314,168.49531411058973,1.1468676328659058,"[-10.742586135864258, 11.302889823913574]",2025
"[-0.28325672466389795, 14.412907323523132]",-2.573595983101029,6.321017680525898,4.714065116830272,1626801685484071,361370.61223184236,504993.5602959525,175.96341037533338,native,True,361366.4405390009,504995.7556065825,169.64239269480748,1.2164522409439087,"[-11.751971244812012, 3.6079936027526855]",2024
"[-15.16416293827427, -22.00239075779039]",2.207815164005268,4.2802785945326605,0.2900559749748318,1613966733737828,361336.7890929675,504998.1562380204,197.05928498559814,native,True,361337.0765230217,504998.19517941977,201.3395635801308,1.4303512573242188,"[22.133995056152344, -15.42264461517334]",2025
"[-15.16416293827427, -22.00239075779039]",2.207815164005268,10.433081663212192,5.004750101698529,1613966733737828,361336.7890929675,504998.1562380204,197.05928498559814,native,True,361331.8396704057,504998.898356532,207.49236664881033,1.348246455192566,"[21.06977081298828, -10.247076034545898]",2024
"[16.5321344859229, -1.6806759409656504]",-8.225999577309977,7.642312374902218,6.329590589819927,1597169132134158,361306.71443197003,505011.736835639,207.23425306814022,native,True,361312.4940344478,505009.15615506336,199.591940693238,1.2648718357086182,"[1.123157262802124, 10.227145195007324]",2025
"[16.5321344859229, -1.6806759409656504]",-8.225999577309977,8.785171582517023,2.903976696553672,1597169132134158,361306.71443197003,505011.736835639,207.23425306814022,native,True,361309.32193865237,505010.4585596298,198.4490814856232,1.3354195356369019,"[1.321378469467163, 13.650470733642578]",2024
"[-7.406179535432214, 4.855090602437623]",8.65965665409513,10.776264314452987,2.8938754952852492,1402659124563537,361277.040160692,505027.92995291576,208.03905708647943,native,True,361279.8366295112,505027.18545474554,218.81532140093242,1.3564881086349487,"[-3.7808313369750977, -10.09327507019043]",2025
"[-7.406179535432214, 4.855090602437623]",8.65965665409513,7.47696206560974,1.9805018944923212,1402659124563537,361277.040160692,505027.92995291576,208.03905708647943,native,True,361278.92997533444,505027.3375102001,215.51601915208917,1.3118797540664673,"[-4.200737953186035, -9.275460243225098]",2024
"[-7.057048186113406, -14.63707289859567]",1.7435768371426832,5.261096164535644,1.5497394825668966,1791234278691271,361248.69493693695,505043.69381941203,209.6648863003122,native,True,361250.0677955333,505042.9748258527,214.92598246484783,1.2486497163772583,"[14.738876342773438, -8.603440284729004]",2025
"[-7.057048186113406, -14.63707289859567]",1.7435768371426832,0.1887718690357758,0.7530857201547814,1791234278691271,361248.69493693695,505043.69381941203,209.6648863003122,native,True,361247.9422962125,505043.719704577,209.85365816934797,1.3304532766342163,"[14.266937255859375, -6.4011993408203125]",2024
"[-22.3606067718821, -11.666780427622237]",6.056737534159993,4.575835689740245,35.847501174411704,1405846657542303,361219.375578727,505062.97825993877,214.96344899372846,native,True,361190.7858847986,505084.6040025048,219.5392846834687,1.3016775846481323,"[9.2188081741333, 13.403212547302246]",2025
"[-22.3606067718821, -11.666780427622237]",6.056737534159993,9.692794688272329,32.859267869458264,1405846657542303,361219.375578727,505062.97825993877,214.96344899372846,native,True,361193.94431326905,505083.786484806,224.6562436820008,1.1917592287063599,"[10.67496395111084, 10.483689308166504]",2024
"[-7.625215961354158, 7.175039502071983]",1.3895225455157458,2.207934800097007,2.4268435158625628,1998492840812168,361193.17285884917,505080.8191491077,211.75623618199398,native,True,361194.92317078705,505079.1380846917,209.54830138189698,1.2646068334579468,"[-7.625545501708984, -10.009878158569336]",2025
"[-7.625215961354158, 7.175039502071983]",1.3895225455157458,1.0875113247934394,0.37945679811570426,1998492840812168,361193.17285884917,505080.8191491077,211.75623618199398,native,True,361193.3950930993,505081.1267192618,210.66872485720054,1.108857274055481,"[-6.7960052490234375, -7.643118381500244]",2024
"[-20.199766291765982, -7.83732550730458]",8.009280813364882,8.695889303024046,5.863269753740687,1805068834011537,361163.0245726018,505098.3813070329,208.45031946885874,native,True,361157.4228460702,505100.11295135855,217.14620877188278,1.3483235836029053,"[5.901186943054199, -14.66539192199707]",2025
"[-20.199766291765982, -7.83732550730458]",8.009280813364882,6.091854673346518,3.353702114092598,1805068834011537,361163.0245726018,505098.3813070329,208.45031946885874,native,True,361159.73940801586,505099.05585244537,214.54217414220525,1.1323190927505493,"[6.427618026733398, -17.156734466552734]",2024
"[-16.339006712607052, -10.398486634085454]",-9.746158045026704,11.603339988592552,2.990922775723049,1577342996632443,361134.2897713471,505114.6866960563,208.9614748458836,native,True,361136.46657310036,505112.635561449,197.35813485729105,1.0871984958648682,"[9.178050994873047, -19.069602966308594]",2025
"[-16.339006712607052, -10.398486634085454]",-9.746158045026704,8.266985383377431,2.403438241649838,1577342996632443,361134.2897713471,505114.6866960563,208.9614748458836,native,True,361135.8183578388,505112.83198887756,200.69448946250617,1.1631948947906494,"[9.150195121765137, -18.392852783203125]",2024
"[2.668196650039222, 17.743399645169774]",-9.51871752746277,5.982919990237605,2.4821329107088252,1627218468984037,361104.2994642516,505131.69463421684,208.56185229796802,native,True,361106.5974398272,505130.75639541977,202.5789323077304,1.2035285234451294,"[-17.880508422851562, 0.1898534595966339]",2025
"[2.668196650039222, 17.743399645169774]",-9.51871752746277,9.335529159703242,1.9512435661057488,1627218468984037,361104.2994642516,505131.69463421684,208.56185229796802,native,True,361105.79051463987,505130.43601584976,199.22632313826477,1.2649133205413818,"[-18.446638107299805, 0.8480848073959351]",2024
"[-10.957351024580536, 5.413305025942839]",-2.7639669859896685,0.00956721052074272,2.476652042968121,2978326649172208,361076.50747162476,505147.5510879224,209.39059915242893,native,True,361075.0406019056,505145.5555682986,209.40016636294968,1.3743751049041748,"[-7.854605674743652, -10.540390014648438]",2025
"[-10.957351024580536, 5.413305025942839]",-2.7639669859896685,0.3155536559662835,3.468009162592239,2978326649172208,361076.50747162476,505147.5510879224,209.39059915242893,native,True,361076.44388145744,505144.0836618104,209.70615280839522,1.2790600061416626,"[-8.541496276855469, -12.454517364501953]",2024
"[3.466081980000062, -2.5855472251612817]",-7.323402347842261,2.9136137334343744,4.200278713013362,3754424991393145,361046.96864898404,505164.47608940955,209.01011630305157,native,True,361043.79427244724,505161.7255122211,206.0965025696172,1.2620649337768555,"[-1.1433708667755127, 5.399346351623535]",2025
"[3.466081980000062, -2.5855472251612817]",-7.323402347842261,1.3367930292389758,4.550714896567926,3754424991393145,361046.96864898404,505164.47608940955,209.01011630305157,native,True,361043.8712041641,505161.14219654124,207.6733232738126,1.3359525203704834,"[-1.6569697856903076, 5.112306594848633]",2024
"[13.466613692823111, -15.064082447314984]",9.974654424802111,10.97780205580355,26.143218220447277,1260741202845756,361019.00799381535,505180.367778033,209.07188553601975,native,True,361039.40260183334,505164.01150025614,220.0496875918233,1.2013754844665527,"[15.208845138549805, -12.676203727722168]",2025
"[13.466613692823111, -15.064082447314984]",9.974654424802111,9.366119024606434,10.43967105614827,1260741202845756,361019.00799381535,505180.367778033,209.07188553601975,native,True,361024.74969981366,505171.6488592933,218.43800456062618,1.1458699703216553,"[11.90966510772705, 3.51491117477417]",2024
"[-14.95486067664294, 18.724212164533377]",3.866426053039504,0.48329208291571035,3.080866818284159,1556200629076514,360989.4216288107,505197.2621762613,208.21983132523448,native,True,360992.4894838447,505197.54502930125,208.7031234081502,1.0758800506591797,"[-16.854934692382812, -17.40384864807129]",2025
"[-14.95486067664294, 18.724212164533377]",3.866426053039504,0.873569235874669,1.2457049400978017,1556200629076514,360989.4216288107,505197.2621762613,208.21983132523448,native,True,360990.6055225452,505197.6497022904,207.3462620893598,1.0453579425811768,"[-17.76700210571289, -15.75206184387207]",2024
"[-10.15496909451267, 11.93898808414911]",-4.616044715374443,5.447172933488162,25.823064935619268,1058757126920400,360824.89545035467,505384.04269541893,252.00850508478257,native,True,360812.3721501248,505406.6258226165,246.5613321512944,1.1729644536972046,"[-14.818659782409668, 15.50702953338623]",2025
"[-10.15496909451267, 11.93898808414911]",-4.616044715374443,5.380367498374113,26.851933109693594,1058757126920400,360824.89545035467,505384.04269541893,252.00850508478257,native,True,360812.0966590516,505407.6481450632,246.62813758640846,1.2254621982574463,"[-14.679984092712402, 16.556699752807617]",2024
"[0.1930501770988831, -9.065878106353317]",-3.755703873765384,2.182727551458953,7.952368580452119,1100362855725571,360978.4813495051,505203.05984292924,206.0181185359829,native,True,360979.0185473824,505195.1256394733,203.83539098452394,1.2844774723052979,"[1.926619529724121, -3.3099703788757324]",2025
"[0.1930501770988831, -9.065878106353317]",-3.755703873765384,2.3776165793533153,8.18648853135628,1100362855725571,360978.4813495051,505203.05984292924,206.0181185359829,native,True,360980.3638504052,505195.09273650125,203.64050195662958,1.2384036779403687,"[2.4058361053466797, -4.567457675933838]",2024
"[-13.228437028786086, -16.567138890183784]",0.2674387768103088,0.06237376978995712,28.600879035913138,1041328292272541,360824.0357951551,505387.0502379555,253.4884275094645,native,True,360810.1076986401,505412.0305984232,253.55080127925444,1.23861563205719,"[10.182847023010254, 14.650786399841309]",2025
"[-13.228437028786086, -16.567138890183784]",0.2674387768103088,1.8527311439181915,29.491420469421136,1041328292272541,360824.0357951551,505387.0502379555,253.4884275094645,native,True,360810.4305690374,505413.21589681576,251.6356963655463,1.2701647281646729,"[10.824392318725586, 15.69844913482666]",2024
"[0.6277810541367993, 12.938607714699852]",9.644586374877946,10.956019306598165,7.079622361690387,1978181079545268,360981.2749126579,505201.62867444754,206.61423474529838,native,True,360983.3680821103,505194.86556167103,217.57025405189654,1.1689140796661377,"[-17.154096603393555, -5.0599870681762695]",2025
"[0.6277810541367993, 12.938607714699852]",9.644586374877946,10.598131609618548,7.177396112184665,1978181079545268,360981.2749126579,505201.62867444754,206.61423474529838,native,True,360983.0498815031,505194.67421540676,217.21236635491692,1.126362681388855,"[-17.496583938598633, -4.916573524475098]",2024
"[-13.948800062456423, -19.34993529795661]",7.1797413139955495,6.4954906189294945,26.917094760185375,1624858092548608,360823.1726704277,505390.1981357848,254.17234934972836,native,True,360809.5196702122,505413.3956696073,260.66783996865786,1.1757818460464478,"[9.340185165405273, 11.037894248962402]",2025
"[-13.948800062456423, -19.34993529795661]",7.1797413139955495,6.164082391058372,28.05625730817896,1624858092548608,360823.1726704277,505390.1981357848,254.17234934972836,native,True,360809.413008971,505414.6486018487,260.33643174078674,1.170243263244629,"[9.42313003540039, 12.292619705200195]",2024
"[20.891731911325596, 5.531680632774103]",-8.78091025217077,7.871731132692986,10.976236463393857,1132747332749947,360984.0406199746,505200.1745466972,207.17550998792115,native,True,360988.4427817537,505190.1197598486,199.30377885522816,1.2102752923965454,"[-13.683581352233887, 13.541610717773438]",2025
"[20.891731911325596, 5.531680632774103]",-8.78091025217077,11.437613324946426,9.417902725727142,1132747332749947,360984.0406199746,505200.1745466972,207.17550998792115,native,True,360987.43612994463,505191.39004877215,195.73789666297472,1.2273863554000854,"[-12.795855522155762, 14.897680282592773]",2024
"[-16.012887253274815, -1.7487562680668527]",4.525898695169161,4.123407727936211,32.38538065632884,1999264247459733,360822.3839241866,505393.22124050464,254.44886624505065,native,True,360807.463177217,505421.9646604495,258.57227397298686,1.274909257888794,"[-7.399669647216797, 15.05348014831543]",2025
"[-16.012887253274815, -1.7487562680668527]",4.525898695169161,4.651936394868557,33.38677819191418,1999264247459733,360822.3839241866,505393.22124050464,254.44886624505065,native,True,360806.91907784436,505422.810351435,259.1008026399192,1.3583149909973145,"[-7.771995544433594, 15.987616539001465]",2024
"[3.1135084662257, -9.561621945548989]",5.634211228274609,7.35811548008931,13.894904502738804,1069879799117962,360820.8094764566,505399.36092613544,254.80554887126746,native,True,360817.71588468977,505385.81478051684,262.1636643513568,1.290582537651062,"[4.261190891265869, -9.730704307556152]",2025
"[3.1135084662257, -9.561621945548989]",5.634211228274609,7.369600738254093,14.89407958662824,1069879799117962,360820.8094764566,505399.36092613544,254.80554887126746,native,True,360817.5941447426,505384.8180499171,262.17514960952155,1.2283507585525513,"[3.975600242614746, -10.69337272644043]",2024
"[-16.389911588946564, -21.54180721313728]",-3.0094849031974036,2.4044170265972866,8.508004041239413,946071411273849,360812.4749577944,505432.53320290986,255.0794710465457,native,True,360804.2072771964,505434.54108495195,252.67505401994842,1.0465035438537598,"[14.293797492980957, -11.934298515319824]",2025
"[-16.389911588946564, -21.54180721313728]",-3.0094849031974036,0.2590514769168806,27.799872626767414,946071411273849,360812.4749577944,505432.53320290986,255.0794710465457,native,True,360798.23378053604,505456.4083319851,254.82041956962883,1.1911687850952148,"[15.34235668182373, 10.709898948669434]",2024
"[2.7187035047991444, 2.1577516418228484]",-6.098766869888834,3.2064692604296567,8.884869091225497,28630049443257593,360803.7528703903,505466.15015777014,254.4464986745188,native,True,360797.9535551705,505459.4189734947,251.24002941408915,0.9543066024780273,"[-10.03149127960205, -1.3977419137954712]",2025
"[2.7187035047991444, 2.1577516418228484]",-6.098766869888834,3.390421037648025,7.8027494425512005,28630049443257593,360803.7528703903,505466.15015777014,254.4464986745188,native,True,360796.1457117774,505464.41405964474,251.05607763687078,1.0257827043533325,"[-9.86872386932373, 3.9119369983673096]",2024
"[17.728422737446536, 4.292678286241916]",6.214781891097573,8.068800003186084,11.102183465720312,2325916388183213,360795.28008992714,505498.1880449727,254.86163925606502,native,True,360790.9979089927,505487.9449300094,262.9304392592511,1.1778874397277832,"[-10.111908912658691, 8.273528099060059]",2025
"[17.728422737446536, 4.292678286241916]",6.214781891097573,7.619516692705304,11.743621339875865,2325916388183213,360795.28008992714,505498.1880449727,254.86163925606502,native,True,360790.6726193719,505487.386014735,262.4811559487703,1.1929538249969482,"[-10.51995849609375, 7.771835803985596]",2024
"[-14.325862618756199, 1.3009466154202158]",-9.310324339458248,4.54626290851121,6.418225801678666,1975241993146792,360790.9305160588,505531.0259289183,275.5645292688212,native,True,360786.9393695979,505525.999561207,271.01826636031,1.1761735677719116,"[-5.611938953399658, -19.080751419067383]",2025
"[-14.325862618756199, 1.3009466154202158]",-9.310324339458248,3.547279441791318,5.654143688591257,1975241993146792,360790.9305160588,505531.0259289183,275.5645292688212,native,True,360786.4786899317,505527.5401599952,272.0172498270299,1.1844221353530884,"[-5.970987319946289, -17.513347625732422]",2024
"[-11.413329245613133, -16.70035654547607]",6.541867417117373,14.838989928359752,5.653074477634292,2266652857522078,360801.94835124625,505561.35963224806,291.8080147247711,native,True,360797.7120749153,505557.61647664115,306.64700465313086,1.3345279693603516,"[14.749615669250488, -16.719161987304688]",2025
"[-11.413329245613133, -16.70035654547607]",6.541867417117373,14.70026488786425,5.221258906559923,2266652857522078,360801.94835124625,505561.35963224806,291.8080147247711,native,True,360799.2176129913,505556.90939482156,306.50827961263536,1.140230417251587,"[16.41034698486328, -16.626527786254883]",2024
"[-2.5686480654650703, -18.91183780422615]",-7.8540605103696635,10.123918112204194,8.087131014207175,2664235027388592,360814.3610915972,505591.13648182247,292.5960751883997,native,True,360808.3444959147,505585.7325698659,282.4721570761955,1.2141703367233276,"[14.46841812133789, -9.32569694519043]",2025
"[-2.5686480654650703, -18.91183780422615]",-7.8540605103696635,5.716001964067004,8.082804060448277,2664235027388592,360814.3610915972,505591.13648182247,292.5960751883997,native,True,360810.13943667477,505584.24377907277,286.8800732243327,1.190094232559204,"[16.583120346069336, -10.308725357055664]",2024
"[-13.177854780905475, 3.4779216296365414]",-0.596773663281283,11.858323151573927,3.0059618164684134,2298332014341910,360828.7860962364,505620.79880488664,298.88369572152936,native,True,360825.79008184426,505621.0431493244,310.7420188731033,1.0941270589828491,"[-6.231960296630859, -14.382461547851562]",2025
"[-13.177854780905475, 3.4779216296365414]",-0.596773663281283,10.95203868304202,5.888513350715943,2298332014341910,360828.7860962364,505620.79880488664,298.88369572152936,native,True,360822.8976079967,505620.81600177195,309.8357344045714,1.0706861019134521,"[-8.671388626098633, -15.953190803527832]",2024
"[13.822819253251868, 8.666681097714168]",-6.696610376305955,6.867002044846004,7.736942914674388,2664985677254720,360846.2640029569,505652.54278573673,296.3486771705366,native,True,360840.3077368776,505647.6048529651,289.4816751256906,1.092016577720642,"[-12.615344047546387, 7.169373035430908]",2025
"[13.822819253251868, 8.666681097714168]",-6.696610376305955,14.667006974238689,15.860057654891198,2664985677254720,360846.2640029569,505652.54278573673,296.3486771705366,native,True,360837.3697623508,505639.4113763357,311.01568414477526,1.5221624374389648,"[-12.626660346984863, -1.5349147319793701]",2024
"[18.914417339655646, -4.574217223679298]",-6.584251183212814,3.2177990427870213,5.303623769300755,2190862265201212,360858.074267425,505681.2016031267,287.6809987164796,native,True,360854.4243903762,505677.3536396894,284.4631996736926,1.3255746364593506,"[1.7331829071044922, 14.435918807983398]",2025
"[18.914417339655646, -4.574217223679298]",-6.584251183212814,2.8090677555624666,5.133661920558789,2190862265201212,360858.074267425,505681.2016031267,287.6809987164796,native,True,360853.3654995821,505679.1566116558,284.87193096091715,1.2573977708816528,"[0.3470782935619354, 16.001380920410156]",2024
"[19.89465599078738, -16.140781556592984]",-9.689798420543354,4.465272990403605,7.4139550196217865,1803778274142674,360866.5628902905,505714.5663897488,280.4521159059846,native,True,360860.05555134016,505711.0137472368,275.986842915581,1.1595133543014526,"[9.68128490447998, 16.25575065612793]",2025
"[19.89465599078738, -16.140781556592984]",-9.689798420543354,4.854925858100444,5.758139613573948,1803778274142674,360866.5628902905,505714.5663897488,280.4521159059846,native,True,360860.94305515,505713.3119477204,275.59719004788417,1.2163819074630737,"[10.53813362121582, 18.565555572509766]",2024
"[-11.176849066095617, -20.32797614403331]",-7.6361577110843655,3.87264319644396,6.444140196306574,1595260398958253,360876.16708211036,505747.10174129903,294.28648085219186,native,True,360869.7248475407,505746.94503578084,298.1591240486358,1.4005666971206665,"[14.200757026672363, -13.172877311706543]",2025
"[-11.176849066095617, -20.32797614403331]",-7.6361577110843655,3.127986226546284,7.755262335084713,1595260398958253,360876.16708211036,505747.10174129903,294.28648085219186,native,True,360868.41786883073,505746.79549395986,291.1584946256456,1.3573769330978394,"[12.991426467895508, -13.690637588500977]",2024
"[6.99650302306548, 14.440277050367206]",-4.400738283139276,3.9763149160479543,7.496384484628876,1618478246297464,360897.08296487853,505770.6888914574,359.2443918729163,native,True,360889.5962006278,505770.30923187913,355.26807695686836,1.254946231842041,"[-14.735017776489258, -0.4940849542617798]",2025
"[6.99650302306548, 14.440277050367206]",-4.400738283139276,2.7568535314844667,8.517462086325345,1618478246297464,360897.08296487853,505770.6888914574,359.2443918729163,native,True,360888.6355889135,505769.5984788301,356.48753834143184,1.2098355293273926,"[-14.11347484588623, -1.5146872997283936]",2024
"[1.7938020361166567, -1.0851491656211878]",6.246018061213743,11.862264873388199,5.28374364619045,1411397654284692,360928.39490721177,505760.7714622654,17.352959867827888,native,True,360923.38760725467,505762.45814363967,29.2152247412161,1.1288079023361206,"[1.5441110134124756, -3.469970464706421]",2025
"[1.7938020361166567, -1.0851491656211878]",6.246018061213743,6.074938631420537,4.890807602541033,1411397654284692,360928.39490721177,505760.7714622654,17.352959867827888,native,True,360923.5138964452,505761.0808696052,23.42789849924843,1.2888689041137695,"[2.755645751953125, -2.80287504196167]",2024
"[-11.219370824832485, 20.409309687012644]",7.773469456953347,9.762825568190038,4.150691478633047,2199725277275110,360959.47657312726,505750.6162178423,17.29410753099758,native,True,360956.22615359875,505753.1974990435,27.056933099187624,1.1841877698898315,"[-21.370296478271484, -15.257284164428711]",2025
"[-11.219370824832485, 20.409309687012644]",7.773469456953347,11.781581205579215,3.2314342225599137,2199725277275110,360959.47657312726,505750.6162178423,17.29410753099758,native,True,360958.16642285755,505753.57014292694,29.075688736576787,0.8991593718528748,"[-22.5299072265625, -13.657655715942383]",2024
"[-6.424020021985121, -13.718254960209203]",-2.240261776981299,1.9997104289265053,5.08485527464855,1630029038733543,360977.76595758327,505730.73830788117,109.2852212235517,native,True,360973.3205703677,505733.2069685844,111.2849316524782,1.1508028507232666,"[18.691997528076172, -7.481204032897949]",2025
"[-6.424020021985121, -13.718254960209203]",-2.240261776981299,6.8862504342433795,5.178310235533608,1630029038733543,360977.76595758327,505730.73830788117,109.2852212235517,native,True,360972.94058629416,505732.6173206054,116.17147165779507,1.3466469049453735,"[18.8824520111084, -6.806074619293213]",2024
"[2.486765203849204, -9.255822965458037]",-5.522416923790388,3.800790592459009,3.851867009656074,1029541690071867,360965.52086601197,505699.5423200922,110.60057777067044,native,True,360961.9999560201,505701.10439316643,106.79978717821142,1.2296890020370483,"[13.061866760253906, 1.8943885564804077]",2025
"[2.486765203849204, -9.255822965458037]",-5.522416923790388,5.668960527045471,3.9417027084123446,1029541690071867,360965.52086601197,505699.5423200922,110.60057777067044,native,True,360961.982932754,505701.28014876717,104.93161724362497,1.1732680797576904,"[13.124024391174316, 1.7291122674942017]",2024
"[-5.59864642639337, 8.003562305458077]",3.6021032489483247,6.414505148357307,3.2764089344892473,1110169474745368,360954.2398640532,505667.78448765073,105.04909601937412,native,True,360950.9817691377,505668.1304255465,111.46360116773143,1.2212340831756592,"[-4.805939674377441, -4.884458065032959]",2025
"[-5.59864642639337, 8.003562305458077]",3.6021032489483247,4.478156950869504,2.1726546686836508,1110169474745368,360954.2398640532,505667.78448765073,105.04909601937412,native,True,360952.1045188039,505667.3835774668,109.52725297024364,1.265081763267517,"[-6.108572483062744, -4.535894393920898]",2024
"[-17.14129388922036, 9.610647711723304]",4.559382584696987,6.2813604957922,12.492079870772823,2143531059567041,360980.2035497979,505651.34399289545,21.80630224487809,native,True,360991.9281073315,505647.032750599,28.087662740670293,1.1529135704040527,"[-10.954730033874512, -4.7217326164245605]",2025
"[-17.14129388922036, 9.610647711723304]",4.559382584696987,7.561841683647174,0.783951937491186,2143531059567041,360980.2035497979,505651.34399289545,21.80630224487809,native,True,360980.74059133016,505651.91510324634,29.368143928525253,1.0546661615371704,"[-10.360849380493164, -16.913745880126953]",2024
"[9.43027199776955, -1.5651253427892569]",-6.3497481432418965,9.36091051488387,2.942203092910062,1885191899114432,361009.02305004245,505639.24162336625,22.564392727789823,native,True,361006.7246681834,505641.07846845227,13.20348221290596,1.0785003900527954,"[0.44313785433769226, 6.710400104522705]",2025
"[9.43027199776955, -1.5651253427892569]",-6.3497481432418965,6.54388125883861,1.3611210083009295,1885191899114432,361009.02305004245,505639.24162336625,22.564392727789823,native,True,361008.241924098,505640.35629491345,16.020511468951202,1.0006380081176758,"[0.7129117250442505, 8.3689603805542]",2024
"[14.030219388144536, 11.757552264236924]",5.329842515423419,1.8944359294353603,1.3696281841449356,1566349148627059,361039.9677668257,505626.0771525111,22.528355738064644,native,True,361038.92717945715,505626.9676912757,24.4227916675,1.2168701887130737,"[-12.058632850646973, 12.694093704223633]",2025
"[14.030219388144536, 11.757552264236924]",5.329842515423419,2.501974160558973,1.715096224806235,1566349148627059,361039.9677668257,505626.0771525111,22.528355738064644,native,True,361038.91193898756,505627.42873774207,25.030329898623602,1.1862452030181885,"[-12.459125518798828, 12.465179443359375]",2024
"[-6.200388045434693, 13.280501442652435]",7.538995750061545,7.754809747387014,4.134586273159069,2343542236381893,361071.1612371945,505613.02524712496,21.688621760325894,native,True,361075.12444857426,505611.84721520287,29.443431507712912,1.2006311416625977,"[-14.187606811523438, -2.1665358543395996]",2025
"[-6.200388045434693, 13.280501442652435]",7.538995750061545,9.941883298585594,2.0091813778871987,2343542236381893,361071.1612371945,505613.02524712496,21.688621760325894,native,True,361073.11377102445,505613.49897853844,31.630505058911496,1.1118618249893188,"[-14.64730453491211, -4.7277512550354]",2024
"[-12.726977300534902, -14.328437005369587]",6.441785557255869,6.9743582288969606,3.560465515444872,1843956966766764,361101.9827967382,505599.7779691089,22.536645763096583,native,True,361098.8307364787,505601.43369577924,29.511003991993533,1.091583013534546,"[14.40711498260498, -16.28657341003418]",2025
"[-12.726977300534902, -14.328437005369587]",6.441785557255869,5.1430808883477255,0.6492168801442679,1843956966766764,361101.9827967382,505599.7779691089,22.536645763096583,native,True,361101.9989748136,505600.426984384,27.6797266514443,1.0820422172546387,"[13.752839088439941, -13.027259826660156]",2024
"[17.967344385329593, -3.4247622440865033]",9.19654775307659,11.651148201781012,1.387966329121104,1378668397810037,361133.45828977134,505587.590027526,18.889311079430556,native,True,361134.6524723408,505586.8826531403,30.54045928121158,1.2486882209777832,"[3.486624240875244, 19.353931427001953]",2025
"[17.967344385329593, -3.4247622440865033]",9.19654775307659,9.187128922295983,2.500117371832617,1378668397810037,361133.45828977134,505587.590027526,18.889311079430556,native,True,361135.70361749106,505586.49044110195,28.076440001726542,1.2441500425338745,"[3.337777614593506, 20.4659481048584]",2024
"[-10.269007860881993, 0.23538704693943643]",-3.138304440327204,3.5784837498646027,4.0016404696483905,1640881657746457,361164.7459236542,505574.790562897,22.57263785958171,native,True,361168.6701307608,505574.00715685124,18.994154109717105,1.1300029754638672,"[-0.8023036122322083, -6.3077287673950195]",2025
"[-10.269007860881993, 0.23538704693943643]",-3.138304440327204,5.39627001249022,3.2431080973201984,1640881657746457,361164.7459236542,505574.790562897,22.57263785958171,native,True,361167.84495179576,505573.83464725816,17.1763678470915,1.0975407361984253,"[-0.3650642931461334, -7.028493404388428]",2024
"[20.531221434974118, 3.158077754683054]",0.7450062186188795,2.327889128284312,36.64109250317616,1329442135766852,361195.54057250504,505562.247072299,20.64097160126914,native,True,361161.53886934434,505575.90188251366,22.96886072955345,1.044404149055481,"[-3.4740030765533447, -16.108509063720703]",2025
"[20.531221434974118, 3.158077754683054]",0.7450062186188795,6.235846472976419,36.84679956537469,1329442135766852,361195.54057250504,505562.247072299,20.64097160126914,native,True,361161.4193462363,505576.1549318082,26.876818074245563,1.1075900793075562,"[-3.6660447120666504, -16.312076568603516]",2024
"[-6.864538894628934, -14.522114298772456]",-7.744703053850381,0.4545226929814987,13.873616939169136,1877539553208523,361226.3647825685,505550.4629049683,19.144616178197545,native,True,361239.03343241534,505544.80759259564,19.59913887117905,0.9746987223625183,"[17.56182289123535, 6.671982765197754]",2025
"[-6.864538894628934, -14.522114298772456]",-7.744703053850381,0.7471261050306452,11.803343327711717,1877539553208523,361226.3647825685,505550.4629049683,19.144616178197545,native,True,361236.56895876763,505544.53047698236,18.3974900731669,1.0026990175247192,"[18.320589065551758, 4.310903072357178]",2024
"[11.790299131720802, 5.717441248120253]",0.1511464765484405,6.063580162941491,16.965481503634123,971140639343305,361257.99184614775,505539.6962324716,20.161977218906035,native,True,361241.60787994444,505544.1000051836,14.098397055964533,1.1615049839019775,"[-4.159639358520508, -5.103510856628418]",2025
"[11.790299131720802, 5.717441248120253]",0.1511464765484405,3.5535246832574785,4.521849797915433,971140639343305,361257.99184614775,505539.6962324716,20.161977218906035,native,True,361259.21669126715,505535.34343107155,23.715501902163517,1.0072853565216064,"[-2.0605485439300537, 14.450047492980957]",2024
"[-14.016530395205207, 16.9647014273432]",-9.004017419140517,10.657087449513284,5.331729444416191,1426839858986128,361288.8926168677,505527.25597672444,27.06509414953422,native,True,361289.49219029915,505521.9580667055,16.408006700020948,1.091217279434204,"[-12.113723754882812, -11.803985595703125]",2025
"[-14.016530395205207, 16.9647014273432]",-9.004017419140517,13.74433659260734,4.155993510877415,1426839858986128,361288.8926168677,505527.25597672444,27.06509414953422,native,True,361287.89779365226,505523.22080524947,13.32075755692687,1.0991861820220947,"[-12.819931030273438, -13.711308479309082]",2024
"[10.887598407011353, -9.541542905734568]",-0.4548197651768717,4.6513538840939646,9.892976993868567,1419645030041727,361318.3638489618,505515.4230037108,14.89806713836782,native,True,361323.2410671145,505506.8158127119,10.246713254273853,1.2567604780197144,"[16.66022491455078, 17.75748634338379]",2025
"[10.887598407011353, -9.541542905734568]",-0.4548197651768717,5.4231059544818265,7.607280127052215,1419645030041727,361318.3638489618,505515.4230037108,14.89806713836782,native,True,361321.74206966703,505508.60696851445,9.474961183886006,1.0295453071594238,"[15.299559593200684, 15.859112739562988]",2024
"[16.73665834805401, -5.92326488704632]",-6.189305251400814,7.752314851568656,9.033020495838297,4510807879135648,361351.93503453897,505507.6781751616,10.412533002251346,native,True,361352.66491094563,505498.6746902969,2.6602181506827,1.2065379619598389,"[14.848552703857422, 18.127592086791992]",2025
"[16.73665834805401, -5.92326488704632]",-6.189305251400814,5.3487809653861405,8.972909187757242,4510807879135648,361351.93503453897,505507.6781751616,10.412533002251346,native,True,361354.15442571754,505498.9840735928,5.063752036865195,1.301803469657898,"[14.430317878723145, 19.59027862548828]",2024
"[-2.6854282955706292, -16.987337206551096]",9.315541297746691,4.521459090300766,10.062367090781505,929538789876463,361382.61629521067,505499.73874528706,54.501828891654704,native,True,361385.4198555391,505490.0748288473,59.023287981955484,1.2176567316055298,"[18.735490798950195, 7.2239203453063965]",2025
"[-2.6854282955706292, -16.987337206551096]",9.315541297746691,8.940661962978027,9.951267354216553,929538789876463,361382.61629521067,505499.73874528706,54.501828891654704,native,True,361384.96578414756,505490.06881128054,63.442490854632744,1.09031081199646,"[19.145626068115234, 7.028968811035156]",2024
"[-21.705961502488265, 20.008417324743075]",-4.190006797842443,1.6408318642477298,6.1059678599696126,1736493034133252,361376.68114395306,505464.6876076674,100.01794967969442,native,True,361372.3847040025,505460.34900797874,101.65878154394214,1.3581221103668213,"[-16.174732208251953, -16.953519821166992]",2025
"[-21.705961502488265, 20.008417324743075]",-4.190006797842443,4.110901229245428,5.879657909363091,1736493034133252,361376.68114395306,505464.6876076674,100.01794967969442,native,True,361374.85042212676,505459.10022592585,95.90704845044901,1.2363420724868774,"[-18.75450897216797, -15.961565017700195]",2024
"[-6.004024945026893, -0.8389909248801578]",2.812619304964123,3.1699583777325415,4.489315903939338,2001244650439529,361378.1259606169,505432.5480952319,60.5864528032553,native,True,361378.1296092437,505428.0587808106,57.41649442552274,1.4971410036087036,"[2.8459248542785645, -1.9882842302322388]",2025
"[-6.004024945026893, -0.8389909248801578]",2.812619304964123,0.1862708485362532,5.207713891944666,2001244650439529,361378.1259606169,505432.5480952319,60.5864528032553,native,True,361377.7037350563,505427.3575259417,60.77272365179156,1.4003362655639648,"[3.540722370147705, -1.5519545078277588]",2024
"[-1.8816789147459898, 13.786885438324799]",4.786739326289158,10.337316895215622,4.726119297272263,2042982259659935,361402.5514528438,505412.2859219806,34.54901273914318,native,True,361403.2647324402,505407.61393783794,44.886329634358816,1.230574369430542,"[-10.62548542022705, 1.6314042806625366]",2025
"[-1.8816789147459898, 13.786885438324799]",4.786739326289158,8.979654227876125,4.183452333736315,2042982259659935,361402.5514528438,505412.2859219806,34.54901273914318,native,True,361403.17654042784,505408.1494332594,43.5286669670193,1.3200691938400269,"[-10.983759880065918, 1.2237615585327148]",2024
"[-10.261595929687246, 14.264821912571048]",1.7316749937805653,0.8827185401918314,4.133708373061858,1414668144105202,361429.77660105436,505392.94916052837,36.35041238830319,native,True,361425.9587183218,505391.3644471934,35.46769384811137,1.1548049449920654,"[-10.662618637084961, -12.289322853088379]",2025
"[-10.261595929687246, 14.264821912571048]",1.7316749937805653,4.67018139771946,4.9595165851839,1414668144105202,361429.77660105436,505392.94916052837,36.35041238830319,native,True,361424.8388188565,505393.4129619141,31.680230990583727,1.150475263595581,"[-11.584319114685059, -14.434329986572266]",2024
"[-21.583156322665396, 19.903824292168288]",7.844000921557267,21.013565063410056,3.2573804251132086,1618985639622967,361660.73672209936,505384.5892911423,341.9133629584468,native,True,361659.8114390023,505387.7124911718,2.9269280218568383,0.6327614784240723,"[-23.141782760620117, -21.938335418701172]",2025
"[-21.583156322665396, 19.903824292168288]",7.844000921557267,12.291812129710877,7.0873341391411175,1618985639622967,361660.73672209936,505384.5892911423,341.9133629584468,native,True,361667.07246172416,505387.7655638961,354.20517508815766,0.7759509682655334,"[-21.902875900268555, -14.783590316772461]",2024
"[-19.036418320161097, -19.823485569797896]",1.73382380245949,24.07985986970033,10.503387899275857,1474764354670842,361440.31565603625,505384.64882748015,38.95936464265365,native,True,361445.64951597725,505375.60056270217,63.03922451235397,0.781510591506958,"[23.206266403198242, -9.092679023742676]",2025
"[-19.036418320161097, -19.823485569797896]",1.73382380245949,8.56833486642762,8.728456682056466,1474764354670842,361440.31565603625,505384.64882748015,38.95936464265365,native,True,361442.95437849185,505376.3287854218,47.527699509081266,0.9138575792312622,"[24.4113712310791, -11.610971450805664]",2024
"[9.493472187243514, -8.194657986803746]",2.6500842519182015,3.5957283970884646,12.120321327662834,1068392369135122,361663.91543647763,505385.67106408905,341.2056764857247,native,True,361652.7541369498,505380.9458570105,344.8014048828132,1.0656700134277344,"[9.630054473876953, -2.541552782058716]",2025
"[9.493472187243514, -8.194657986803746]",2.6500842519182015,1.3214842106240212,10.331625554458252,1068392369135122,361663.91543647763,505385.67106408905,341.2056764857247,native,True,361654.242182733,505382.04192526697,339.8841922751007,0.935599684715271,"[8.990970611572266, -0.8074196577072144]",2024
"[4.225478629020705, -20.496584641419943]",1.9030999254935423,0.3134291070498705,4.106972181257386,1564945198650080,361437.8867985086,505386.64270352945,38.26679697796344,native,True,361435.07138082734,505383.6526125981,38.58022608501331,1.2463194131851196,"[24.59752082824707, 4.002896308898926]",2025
"[4.225478629020705, -20.496584641419943]",1.9030999254935423,0.5535155514436951,4.728021938642924,1564945198650080,361437.8867985086,505386.64270352945,38.26679697796344,native,True,361435.12560758775,505382.80473321286,38.820312529407126,1.1475468873977661,"[25.21043586730957, 4.5912628173828125]",2024
"[-2.0460728998499476, -12.169742138288829]",-2.3483484034853177,0.2264088350867155,13.055719165139168,4615440378688443,361667.09693574253,505386.74030265305,341.80319371641906,native,True,361655.05273342005,505381.7015534696,341.57678488133234,1.1044681072235107,"[12.661148071289062, -15.092540740966797]",2025
"[-2.0460728998499476, -12.169742138288829]",-2.3483484034853177,3.524544835988081,10.815977006864905,4615440378688443,361667.09693574253,505386.74030265305,341.80319371641906,native,True,361656.8337710725,505383.32668147184,338.278648880431,1.0954746007919312,"[11.764431953430176, -12.854453086853027]",2024
"[-4.107864679936929, -21.472469137492176]",6.561074116439073,15.67447376938452,8.743242910796969,2475590072940447,361435.191131282,505388.7912223553,37.60874143036869,native,True,361441.7617378269,505394.55936124315,53.2832151997532,1.119983434677124,"[12.756795883178711, -3.4140806198120117]",2025
"[-4.107864679936929, -21.472469137492176]",6.561074116439073,0.8851181974715701,19.996941955140585,2475590072940447,361435.191131282,505388.7912223553,37.60874143036869,native,True,361445.6057209375,505371.72036971507,38.49385962784025,0.7725125551223755,"[26.46025848388672, 15.25704288482666]",2024
"[12.663089229435002, -1.8862895590266118]",4.9904432314068,8.239007442497666,12.879802655430838,1396114019377954,361670.2548139775,505387.72986708675,342.5975018495259,native,True,361658.42232200666,505382.6424856186,350.83650929202355,1.2421294450759888,"[4.311478614807129, 0.013671278953552246]",2025
"[12.663089229435002, -1.8862895590266118]",4.9904432314068,3.8525048603059986,12.57689144353329,1396114019377954,361670.2548139775,505387.72986708675,342.5975018495259,native,True,361658.3683234107,505383.620178487,346.4500067098319,1.0055360794067383,"[3.3450307846069336, 0.17108088731765747]",2024
"[-6.834018793560591, 11.17177956360317]",8.285998239926982,13.856191405545417,8.35178120542089,2297705431003261,361692.0407925941,505395.04660389107,341.62760906800236,native,True,361684.8046254308,505390.8764559215,355.4838004735478,1.051301121711731,"[-8.333373069763184, -14.688679695129395]",2025
"[-6.834018793560591, 11.17177956360317]",8.285998239926982,10.728771947261919,9.456132195238926,2297705431003261,361692.0407925941,505395.04660389107,341.62760906800236,native,True,361683.1397930675,505391.8543251562,352.3563810152643,1.0354619026184082,"[-9.587696075439453, -16.156524658203125]",2024
"[-4.635469211193236, -16.772433217924945]",9.194914049966599,4.445359745594942,10.771036415761058,3578370962341082,361722.43283607205,505405.1593217058,341.70905350321345,native,True,361733.1868759859,505405.76417788834,346.1544132488084,1.47274911403656,"[17.875286102294922, 6.078957557678223]",2025
"[-4.635469211193236, -16.772433217924945]",9.194914049966599,2.9165511778253403,15.180524851282119,3578370962341082,361722.43283607205,505405.1593217058,341.70905350321345,native,True,361737.4863477672,505407.1189442218,344.6256046810388,1.455701231956482,"[17.21725845336914, 10.53853702545166]",2024
