frame_id,year,method,gt_e,gt_n,gt_yaw,crop_rot_deg,centre_guess_m,heading,ref_up,residual_rot_deg,inliers_peak,inliers_fine,fallback_fine,fine_shift_m,ok,pred_e,pred_n,pred_yaw,err_m,err_deg,error
2095057974553082,2025,panoroma_coarse,360026.3821716677,504344.61452205386,81.42574118763453,2.725570345245515,6.078716834144202,prior,north,-2.725570345245501,0.40077821011673154,0.341796875,True,8.448212994380937,True,360030.77535850555,504326.7238525023,,18.422164574103746,155.43837932454124,
2095057974553082,2025,panoroma_fine,360026.3821716677,504344.61452205386,81.42574118763453,2.725570345245515,6.078716834144202,prior,north,-2.725570345245501,0.40077821011673154,0.341796875,True,8.448212994380937,True,360033.34721707116,504334.77107850363,,12.058409447299704,29.605644989005302,
2095057974553082,2025,panoroma_two_pass,360026.3821716677,504344.61452205386,81.42574118763453,2.725570345245515,6.078716834144202,prior,north,-2.725570345245501,0.40077821011673154,0.341796875,True,8.448212994380937,True,360030.77535850555,504326.7238525023,,18.422164574103746,155.43837932454124,
2095057974553082,2024,panoroma_coarse,360026.3821716677,504344.61452205386,81.42574118763453,2.725570345245515,6.078716834144202,prior,north,-2.725570345245501,0.4642857142857143,0.2860696517412935,False,3.045115419653091,True,360030.62844139524,504341.1660830151,,5.470149760568806,4.500726735581787,
2095057974553082,2024,panoroma_fine,360026.3821716677,504344.61452205386,81.42574118763453,2.725570345245515,6.078716834144202,prior,north,-2.725570345245501,0.4642857142857143,0.2860696517412935,False,3.045115419653091,True,360029.4457309829,504338.360031697,,6.9644845682419305,22.92491220262694,
2095057974553082,2024,panoroma_two_pass,360026.3821716677,504344.61452205386,81.42574118763453,2.725570345245515,6.078716834144202,prior,north,-2.725570345245501,0.4642857142857143,0.2860696517412935,False,3.045115419653091,True,360029.4457309829,504338.360031697,,6.9644845682419305,22.92491220262694,
2134127433808624,2025,panoroma_coarse,360032.84761322686,504307.9422390545,69.43286538919972,2.7334306631946674,11.661891745019847,prior,north,-2.7334306631946674,0.28825622775800713,0.13993174061433447,False,2.122681046240592,True,360030.80754840124,504307.72391366307,,2.0517140320375105,1.4923106658993328,
2134127433808624,2025,panoroma_fine,360032.84761322686,504307.9422390545,69.43286538919972,2.7334306631946674,11.661891745019847,prior,north,-2.7334306631946674,0.28825622775800713,0.13993174061433447,False,2.122681046240592,True,360031.6516062547,504309.6715638278,,2.1026166671637987,42.87618073216477,
2134127433808624,2025,panoroma_two_pass,360032.84761322686,504307.9422390545,69.43286538919972,2.7334306631946674,11.661891745019847,prior,north,-2.7334306631946674,0.28825622775800713,0.13993174061433447,False,2.122681046240592,True,360031.6516062547,504309.6715638278,,2.1026166671637987,42.87618073216477,
2134127433808624,2024,panoroma_coarse,360032.84761322686,504307.9422390545,69.43286538919972,2.7334306631946674,11.661891745019847,prior,north,-2.7334306631946674,0.3132530120481928,0.17391304347826086,False,1.871827774731008,True,360031.70171675715,504306.54211840883,,1.8092585613040655,1.7681435358880986,
2134127433808624,2024,panoroma_fine,360032.84761322686,504307.9422390545,69.43286538919972,2.7334306631946674,11.661891745019847,prior,north,-2.7334306631946674,0.3132530120481928,0.17391304347826086,False,1.871827774731008,True,360030.3806518342,504305.2160238845,,3.6767033693292173,4.725315918458734,
2134127433808624,2024,panoroma_two_pass,360032.84761322686,504307.9422390545,69.43286538919972,2.7334306631946674,11.661891745019847,prior,north,-2.7334306631946674,0.3132530120481928,0.17391304347826086,False,1.871827774731008,True,360030.3806518342,504305.2160238845,,3.6767033693292173,4.725315918458734,
28398706986416513,2025,panoroma_coarse,360060.1043976202,504303.69896460697,354.88874202101726,-0.9760247201908214,15.006479104534213,prior,north,0.9760247201908214,0.33007334963325186,0.18205128205128204,False,2.698189020967162,True,360056.34792510007,504299.04091428453,,5.9840219418729115,11.011231699040612,
28398706986416513,2025,panoroma_fine,360060.1043976202,504303.69896460697,354.88874202101726,-0.9760247201908214,15.006479104534213,prior,north,0.9760247201908214,0.33007334963325186,0.18205128205128204,False,2.698189020967162,True,360056.69335763936,504296.3649284188,,8.088465896557558,14.473022486440604,
28398706986416513,2025,panoroma_two_pass,360060.1043976202,504303.69896460697,354.88874202101726,-0.9760247201908214,15.006479104534213,prior,north,0.9760247201908214,0.33007334963325186,0.18205128205128204,False,2.698189020967162,True,360056.69335763936,504296.3649284188,,8.088465896557558,14.473022486440604,
28398706986416513,2024,panoroma_coarse,360060.1043976202,504303.69896460697,354.88874202101726,-0.9760247201908214,15.006479104534213,prior,north,0.9760247201908214,0.35733333333333334,0.1724137931034483,False,3.3307740444188387,True,360055.9851218844,504298.9777218802,,6.265665604929041,13.952938848353103,
28398706986416513,2024,panoroma_fine,360060.1043976202,504303.69896460697,354.88874202101726,-0.9760247201908214,15.006479104534213,prior,north,0.9760247201908214,0.35733333333333334,0.1724137931034483,False,3.3307740444188387,True,360057.0082974552,504295.8079951591,,8.476628755496948,2.216244939552542,
28398706986416513,2024,panoroma_two_pass,360060.1043976202,504303.69896460697,354.88874202101726,-0.9760247201908214,15.006479104534213,prior,north,0.9760247201908214,0.35733333333333334,0.1724137931034483,False,3.3307740444188387,True,360057.0082974552,504295.8079951591,,8.476628755496948,2.216244939552542,
1100804636233191,2025,panoroma_coarse,360094.6966482403,504308.69749890827,349.42166902017294,-2.161816277693731,21.24791738217679,prior,north,2.161816277693731,0.5852682145716573,0.33094994892747703,False,5.7881843527286865,True,360070.59774589614,504305.4564385793,,24.315870666095403,5.830902578020317,
1100804636233191,2025,panoroma_fine,360094.6966482403,504308.69749890827,349.42166902017294,-2.161816277693731,21.24791738217679,prior,north,2.161816277693731,0.5852682145716573,0.33094994892747703,False,5.7881843527286865,True,360075.7828629657,504302.88396135374,,19.78707892317043,2.3622170403617413,
1100804636233191,2025,panoroma_two_pass,360094.6966482403,504308.69749890827,349.42166902017294,-2.161816277693731,21.24791738217679,prior,north,2.161816277693731,0.5852682145716573,0.33094994892747703,False,5.7881843527286865,True,360075.7828629657,504302.88396135374,,19.78707892317043,2.3622170403617413,
1100804636233191,2024,panoroma_coarse,360094.6966482403,504308.69749890827,349.42166902017294,-2.161816277693731,21.24791738217679,prior,north,2.161816277693731,0.5974178403755869,0.27045454545454545,False,1.8872502285034647,True,360072.0197836039,504302.0998104275,,23.61714807142387,8.688812480513294,
1100804636233191,2024,panoroma_fine,360094.6966482403,504308.69749890827,349.42166902017294,-2.161816277693731,21.24791738217679,prior,north,2.161816277693731,0.5974178403755869,0.27045454545454545,False,1.8872502285034647,True,360070.7008554247,504300.7499430699,,25.277692075330044,3.127796922936127,
1100804636233191,2024,panoroma_two_pass,360094.6966482403,504308.69749890827,349.42166902017294,-2.161816277693731,21.24791738217679,prior,north,2.161816277693731,0.5974178403755869,0.27045454545454545,False,1.8872502285034647,True,360070.7008554247,504300.7499430699,,25.277692075330044,3.127796922936127,
1794136951725433,2025,panoroma_coarse,360128.5122393634,504314.32278087456,350.37814580786244,-5.31579783024938,18.831871251631615,prior,north,5.31579783024938,0.34395973154362414,0.29349736379613356,False,4.655199713791158,True,360122.4194977188,504309.55387782113,,7.73717888385045,3.8372310872228526,
1794136951725433,2025,panoroma_fine,360128.5122393634,504314.32278087456,350.37814580786244,-5.31579783024938,18.831871251631615,prior,north,5.31579783024938,0.34395973154362414,0.29349736379613356,False,4.655199713791158,True,360126.9905003356,504308.6725042043,,5.851607994298607,13.074927404488689,
1794136951725433,2025,panoroma_two_pass,360128.5122393634,504314.32278087456,350.37814580786244,-5.31579783024938,18.831871251631615,prior,north,5.31579783024938,0.34395973154362414,0.29349736379613356,False,4.655199713791158,True,360126.9905003356,504308.6725042043,,5.851607994298607,13.074927404488689,
1794136951725433,2024,panoroma_coarse,360128.5122393634,504314.32278087456,350.37814580786244,-5.31579783024938,18.831871251631615,prior,north,5.31579783024938,0.3506191950464396,0.23765786452353616,False,5.93285580960619,True,360122.3337537893,504308.6362228062,,8.397060596079664,8.181669865412985,
1794136951725433,2024,panoroma_fine,360128.5122393634,504314.32278087456,350.37814580786244,-5.31579783024938,18.831871251631615,prior,north,5.31579783024938,0.3506191950464396,0.23765786452353616,False,5.93285580960619,True,360127.86275932175,504306.4847405544,,7.8649030753531886,11.022071172277974,
1794136951725433,2024,panoroma_two_pass,360128.5122393634,504314.32278087456,350.37814580786244,-5.31579783024938,18.831871251631615,prior,north,5.31579783024938,0.3506191950464396,0.23765786452353616,False,5.93285580960619,True,360127.86275932175,504306.4847405544,,7.8649030753531886,11.022071172277974,
2250285992180932,2025,panoroma_coarse,360142.6419883799,504291.9622382168,80.71202241156853,-8.90746811004847,30.21488618115079,prior,north,8.907468110048455,0.20359281437125748,0.17937853107344634,False,0.15449751114096943,True,360145.92973826977,504307.9797154605,,16.351418182895106,42.75819053119263,
2250285992180932,2025,panoroma_fine,360142.6419883799,504291.9622382168,80.71202241156853,-8.90746811004847,30.21488618115079,prior,north,8.907468110048455,0.20359281437125748,0.17937853107344634,False,0.15449751114096943,True,360145.8963342345,504307.8288723255,,16.196939367706403,7.988033960584912,
2250285992180932,2025,panoroma_two_pass,360142.6419883799,504291.9622382168,80.71202241156853,-8.90746811004847,30.21488618115079,prior,north,8.907468110048455,0.20359281437125748,0.17937853107344634,False,0.15449751114096943,True,360145.8963342345,504307.8288723255,,16.196939367706403,7.988033960584912,
2250285992180932,2024,panoroma_coarse,360142.6419883799,504291.9622382168,80.71202241156853,-8.90746811004847,30.21488618115079,prior,north,8.907468110048455,0.1797752808988764,0.17955801104972377,False,4.608009122563729,True,360139.508917836,504298.26546602865,,7.038949629121725,18.69581237185395,
2250285992180932,2024,panoroma_fine,360142.6419883799,504291.9622382168,80.71202241156853,-8.90746811004847,30.21488618115079,prior,north,8.907468110048455,0.1797752808988764,0.17955801104972377,False,4.608009122563729,True,360134.9273835115,504297.7722203425,,9.657692300763912,26.064339474042555,
2250285992180932,2024,panoroma_two_pass,360142.6419883799,504291.9622382168,80.71202241156853,-8.90746811004847,30.21488618115079,prior,north,8.907468110048455,0.1797752808988764,0.17955801104972377,False,4.608009122563729,True,360134.9273835115,504297.7722203425,,9.657692300763912,26.064339474042555,
1113377307836084,2025,panoroma_coarse,360152.59731493844,504260.3036048608,31.148380222847756,-2.1963602555590036,17.530503018157212,prior,north,2.196360255559,0.3593984962406015,0.1736930860033727,False,4.303133264033787,True,360150.7665082443,504260.12095307105,,1.839895330581024,4.298605186667968,
1113377307836084,2025,panoroma_fine,360152.59731493844,504260.3036048608,31.148380222847756,-2.1963602555590036,17.530503018157212,prior,north,2.196360255559,0.3593984962406015,0.1736930860033727,False,4.303133264033787,True,360149.4691946479,504256.01803541154,,5.305774406841597,1.7867064059135267,
1113377307836084,2025,panoroma_two_pass,360152.59731493844,504260.3036048608,31.148380222847756,-2.1963602555590036,17.530503018157212,prior,north,2.196360255559,0.3593984962406015,0.1736930860033727,False,4.303133264033787,True,360149.4691946479,504256.01803541154,,5.305774406841597,1.7867064059135267,
1113377307836084,2024,panoroma_coarse,360152.59731493844,504260.3036048608,31.148380222847756,-2.1963602555590036,17.530503018157212,prior,north,2.196360255559,0.2727272727272727,0.18262411347517732,True,6.7027339364256875,True,360150.0727963761,504260.5557117494,,2.537075453157759,3.7105838338946078,
1113377307836084,2024,panoroma_fine,360152.59731493844,504260.3036048608,31.148380222847756,-2.1963602555590036,17.530503018157212,prior,north,2.196360255559,0.2727272727272727,0.18262411347517732,True,6.7027339364256875,True,360151.67278891854,504254.0467436218,,6.32479730309425,2.7527400631380834,
1113377307836084,2024,panoroma_two_pass,360152.59731493844,504260.3036048608,31.148380222847756,-2.1963602555590036,17.530503018157212,prior,north,2.196360255559,0.2727272727272727,0.18262411347517732,True,6.7027339364256875,True,360150.0727963761,504260.5557117494,,2.537075453157759,3.7105838338946078,
2163701757795311,2025,panoroma_coarse,360185.94907221664,504266.20596416295,348.4601985591976,-3.8132556254095675,26.62386681226079,prior,north,3.8132556254095675,0.437410071942446,0.35390946502057613,False,0.7055454101905716,True,360153.26917494676,504246.73318963125,,38.0416171256121,26.42731589933222,
2163701757795311,2025,panoroma_fine,360185.94907221664,504266.20596416295,348.4601985591976,-3.8132556254095675,26.62386681226079,prior,north,3.8132556254095675,0.437410071942446,0.35390946502057613,False,0.7055454101905716,True,360153.97016473714,504246.65314189746,,37.482841169364484,52.70650966118764,
2163701757795311,2025,panoroma_two_pass,360185.94907221664,504266.20596416295,348.4601985591976,-3.8132556254095675,26.62386681226079,prior,north,3.8132556254095675,0.437410071942446,0.35390946502057613,False,0.7055454101905716,True,360153.97016473714,504246.65314189746,,37.482841169364484,52.70650966118764,
2163701757795311,2024,panoroma_coarse,360185.94907221664,504266.20596416295,348.4601985591976,-3.8132556254095675,26.62386681226079,prior,north,3.8132556254095675,0.5741379310344827,0.3676222596964587,False,4.459066421286342,True,360180.17427635664,504262.078999042,,7.097894640963036,3.537799924454052,
2163701757795311,2024,panoroma_fine,360185.94907221664,504266.20596416295,348.4601985591976,-3.8132556254095675,26.62386681226079,prior,north,3.8132556254095675,0.5741379310344827,0.3676222596964587,False,4.459066421286342,True,360176.7031943533,504264.87808158377,,9.340745666563864,5.700605766635076,
2163701757795311,2024,panoroma_two_pass,360185.94907221664,504266.20596416295,348.4601985591976,-3.8132556254095675,26.62386681226079,prior,north,3.8132556254095675,0.5741379310344827,0.3676222596964587,False,4.459066421286342,True,360176.7031943533,504264.87808158377,,9.340745666563864,5.700605766635076,
1407730031543039,2025,panoroma_coarse,360163.45460668084,504260.85942704603,167.10602898892608,3.2101088841156695,16.20263947224276,prior,north,-3.2101088841156695,0.4662813102119461,0.17627118644067796,True,7.782160895689084,True,360164.9948613807,504262.5727087689,,2.3038486934644107,3.0212929795750516,
1407730031543039,2025,panoroma_fine,360163.45460668084,504260.85942704603,167.10602898892608,3.2101088841156695,16.20263947224276,prior,north,-3.2101088841156695,0.4662813102119461,0.17627118644067796,True,7.782160895689084,True,360161.349869281,504255.69694984355,,5.575041738716986,51.75033311006521,
1407730031543039,2025,panoroma_two_pass,360163.45460668084,504260.85942704603,167.10602898892608,3.2101088841156695,16.20263947224276,prior,north,-3.2101088841156695,0.4662813102119461,0.17627118644067796,True,7.782160895689084,True,360164.9948613807,504262.5727087689,,2.3038486934644107,3.0212929795750516,
1407730031543039,2024,panoroma_coarse,360163.45460668084,504260.85942704603,167.10602898892608,3.2101088841156695,16.20263947224276,prior,north,-3.2101088841156695,0.4697802197802198,0.1506849315068493,True,7.666060161327022,True,360162.3963692636,504261.47340884176,,1.2234541580131586,6.1544835758962835,
1407730031543039,2024,panoroma_fine,360163.45460668084,504260.85942704603,167.10602898892608,3.2101088841156695,16.20263947224276,prior,north,-3.2101088841156695,0.4697802197802198,0.1506849315068493,True,7.666060161327022,True,360158.7176571788,504254.74767053325,,7.732545393091929,48.46250795808185,
1407730031543039,2024,panoroma_two_pass,360163.45460668084,504260.85942704603,167.10602898892608,3.2101088841156695,16.20263947224276,prior,north,-3.2101088841156695,0.4697802197802198,0.1506849315068493,True,7.666060161327022,True,360162.3963692636,504261.47340884176,,1.2234541580131586,6.1544835758962835,
4644665985853547,2025,panoroma_coarse,360145.23046914255,504280.3795425352,256.1522303114766,-0.6694210753320533,6.890667594968546,prior,north,0.6694210753320533,0.41624365482233505,0.4484848484848485,False,3.824393982424203,True,360135.83035319205,504302.83737214,,24.345765349308643,8.975138058451,
4644665985853547,2025,panoroma_fine,360145.23046914255,504280.3795425352,256.1522303114766,-0.6694210753320533,6.890667594968546,prior,north,0.6694210753320533,0.41624365482233505,0.4484848484848485,False,3.824393982424203,True,360139.13584304554,504300.91390491615,,21.4197223524381,1.5531431179689772,
4644665985853547,2025,panoroma_two_pass,360145.23046914255,504280.3795425352,256.1522303114766,-0.6694210753320533,6.890667594968546,prior,north,0.6694210753320533,0.41624365482233505,0.4484848484848485,False,3.824393982424203,True,360139.13584304554,504300.91390491615,,21.4197223524381,1.5531431179689772,
4644665985853547,2024,panoroma_coarse,360145.23046914255,504280.3795425352,256.1522303114766,-0.6694210753320533,6.890667594968546,prior,north,0.6694210753320533,0.38932686476652517,0.4883936861652739,False,3.8915140527430623,True,360137.08194157184,504301.36585157586,,22.51274458438663,4.430206875699606,
4644665985853547,2024,panoroma_fine,360145.23046914255,504280.3795425352,256.1522303114766,-0.6694210753320533,6.890667594968546,prior,north,0.6694210753320533,0.38932686476652517,0.4883936861652739,False,3.8915140527430623,True,360140.3984815821,504299.3300608246,,19.556846556163606,0.5568426118821294,
4644665985853547,2024,panoroma_two_pass,360145.23046914255,504280.3795425352,256.1522303114766,-0.6694210753320533,6.890667594968546,prior,north,0.6694210753320533,0.38932686476652517,0.4883936861652739,False,3.8915140527430623,True,360140.3984815821,504299.3300608246,,19.556846556163606,0.5568426118821294,
2298484727642838,2025,panoroma_coarse,360140.65024008346,504313.04823736195,285.4108410359246,8.674834325535244,29.29750458347407,prior,north,-8.674834325535244,0.2874132804757185,0.2901376146788991,False,1.7455079806210199,True,360119.80746853683,504297.4822597046,,26.013857579629907,109.82070159697645,
2298484727642838,2025,panoroma_fine,360140.65024008346,504313.04823736195,285.4108410359246,8.674834325535244,29.29750458347407,prior,north,-8.674834325535244,0.2874132804757185,0.2901376146788991,False,1.7455079806210199,True,360121.52925675415,504297.7690408845,,24.475821711964908,43.02394051556316,
2298484727642838,2025,panoroma_two_pass,360140.65024008346,504313.04823736195,285.4108410359246,8.674834325535244,29.29750458347407,prior,north,-8.674834325535244,0.2874132804757185,0.2901376146788991,False,1.7455079806210199,True,360121.52925675415,504297.7690408845,,24.475821711964908,43.02394051556316,
2298484727642838,2024,panoroma_coarse,360140.65024008346,504313.04823736195,285.4108410359246,8.674834325535244,29.29750458347407,prior,north,-8.674834325535244,0.3409378960709759,0.2002212389380531,True,7.145431422061056,True,360127.6369801865,504300.99958525633,,17.734569369108684,31.481079299140067,
2298484727642838,2024,panoroma_fine,360140.65024008346,504313.04823736195,285.4108410359246,8.674834325535244,29.29750458347407,prior,north,-8.674834325535244,0.3409378960709759,0.2002212389380531,True,7.145431422061056,True,360122.67684092105,504306.1429507571,,19.254247857190368,14.049995929682085,
2298484727642838,2024,panoroma_two_pass,360140.65024008346,504313.04823736195,285.4108410359246,8.674834325535244,29.29750458347407,prior,north,-8.674834325535244,0.3409378960709759,0.2002212389380531,True,7.145431422061056,True,360127.6369801865,504300.99958525633,,17.734569369108684,31.481079299140067,
978411255289595,2025,panoroma_coarse,360172.54386717896,504320.6193851456,353.22410338906485,-8.74934191626511,10.215259135897133,prior,north,8.74934191626511,0.40938511326860844,0.18592964824120603,False,4.203832615042498,True,360186.2683921116,504326.427868907,,14.903055667629378,96.13337838414971,
978411255289595,2025,panoroma_fine,360172.54386717896,504320.6193851456,353.22410338906485,-8.74934191626511,10.215259135897133,prior,north,8.74934191626511,0.40938511326860844,0.18592964824120603,False,4.203832615042498,True,360189.4748408439,504323.7092488191,,17.21061087709666,36.16216306331723,
978411255289595,2025,panoroma_two_pass,360172.54386717896,504320.6193851456,353.22410338906485,-8.74934191626511,10.215259135897133,prior,north,8.74934191626511,0.40938511326860844,0.18592964824120603,False,4.203832615042498,True,360189.4748408439,504323.7092488191,,17.21061087709666,36.16216306331723,
978411255289595,2024,panoroma_coarse,360172.54386717896,504320.6193851456,353.22410338906485,-8.74934191626511,10.215259135897133,prior,north,8.74934191626511,0.5924764890282131,0.2335423197492163,True,6.152234830687372,True,360175.01844725735,504321.3924311176,,2.5925174327578047,8.388887455297638,
978411255289595,2024,panoroma_fine,360172.54386717896,504320.6193851456,353.22410338906485,-8.74934191626511,10.215259135897133,prior,north,8.74934191626511,0.5924764890282131,0.2335423197492163,True,6.152234830687372,True,360169.4762952036,504318.7213743931,,3.6072763465808526,20.48064723247065,
978411255289595,2024,panoroma_two_pass,360172.54386717896,504320.6193851456,353.22410338906485,-8.74934191626511,10.215259135897133,prior,north,8.74934191626511,0.5924764890282131,0.2335423197492163,True,6.152234830687372,True,360175.01844725735,504321.3924311176,,2.5925174327578047,8.388887455297638,
1394833675537922,2025,panoroma_coarse,360205.21622605325,504314.60090983845,23.92590491563239,5.465485206348241,24.07275643370788,prior,north,-5.465485206348234,0.6146953405017921,0.2889908256880734,False,5.044462509711238,True,360207.92968327366,504309.0126905709,,6.212169079250288,9.432402823500903,
1394833675537922,2025,panoroma_fine,360205.21622605325,504314.60090983845,23.92590491563239,5.465485206348241,24.07275643370788,prior,north,-5.465485206348234,0.6146953405017921,0.2889908256880734,False,5.044462509711238,True,360207.18233372644,504314.0014850812,,2.0554535806366596,3.162798352729114,
1394833675537922,2025,panoroma_two_pass,360205.21622605325,504314.60090983845,23.92590491563239,5.465485206348241,24.07275643370788,prior,north,-5.465485206348234,0.6146953405017921,0.2889908256880734,False,5.044462509711238,True,360207.18233372644,504314.0014850812,,2.0554535806366596,3.162798352729114,
1394833675537922,2024,panoroma_coarse,360205.21622605325,504314.60090983845,23.92590491563239,5.465485206348241,24.07275643370788,prior,north,-5.465485206348234,0.7126865671641791,0.3602693602693603,False,2.1463245924594485,True,360206.20913914044,504310.86080331705,,3.869660604004535,2.7582074920120547,
1394833675537922,2024,panoroma_fine,360205.21622605325,504314.60090983845,23.92590491563239,5.465485206348241,24.07275643370788,prior,north,-5.465485206348234,0.7126865671641791,0.3602693602693603,False,2.1463245924594485,True,360207.30707920494,504312.70504757174,,2.822403344009953,0.46775785045055934,
1394833675537922,2024,panoroma_two_pass,360205.21622605325,504314.60090983845,23.92590491563239,5.465485206348241,24.07275643370788,prior,north,-5.465485206348234,0.7126865671641791,0.3602693602693603,False,2.1463245924594485,True,360207.30707920494,504312.70504757174,,2.822403344009953,0.46775785045055934,
1395652132772836,2025,panoroma_coarse,360212.6186717645,504285.4790996788,104.2002610016034,-5.775530422128938,16.23827392956013,prior,north,5.775530422128952,0.38548387096774195,0.3490909090909091,False,3.907970839145539,True,360202.004004076,504255.84038117854,,31.482134687395668,4.839670876902001,
1395652132772836,2025,panoroma_fine,360212.6186717645,504285.4790996788,104.2002610016034,-5.775530422128938,16.23827392956013,prior,north,5.775530422128952,0.38548387096774195,0.3490909090909091,False,3.907970839145539,True,360205.6949572854,504257.1245542531,,29.18763554118267,1.5629759593265744,
1395652132772836,2025,panoroma_two_pass,360212.6186717645,504285.4790996788,104.2002610016034,-5.775530422128938,16.23827392956013,prior,north,5.775530422128952,0.38548387096774195,0.3490909090909091,False,3.907970839145539,True,360205.6949572854,504257.1245542531,,29.18763554118267,1.5629759593265744,
1395652132772836,2024,panoroma_coarse,360212.6186717645,504285.4790996788,104.2002610016034,-5.775530422128938,16.23827392956013,prior,north,5.775530422128952,0.46259541984732827,0.4392712550607287,False,3.3357341992501,True,360200.38856063335,504255.05829533085,,32.78720719209228,14.425826716753063,
1395652132772836,2024,panoroma_fine,360212.6186717645,504285.4790996788,104.2002610016034,-5.775530422128938,16.23827392956013,prior,north,5.775530422128952,0.46259541984732827,0.4392712550607287,False,3.3357341992501,True,360201.7817066395,504252.02740984084,,35.163267284708674,15.04898963591326,
1395652132772836,2024,panoroma_two_pass,360212.6186717645,504285.4790996788,104.2002610016034,-5.775530422128938,16.23827392956013,prior,north,5.775530422128952,0.46259541984732827,0.4392712550607287,False,3.3357341992501,True,360201.7817066395,504252.02740984084,,35.163267284708674,15.04898963591326,
1400355921620343,2025,panoroma_coarse,360205.4759034122,504254.55547422264,107.0257488016855,4.523762939345843,22.887741252164506,prior,north,-4.523762939345829,0.5386503067484663,0.34156378600823045,False,0.8725115451711813,True,360206.8059676003,504257.3505180902,,3.095374123752566,2.754650143054171,
1400355921620343,2025,panoroma_fine,360205.4759034122,504254.55547422264,107.0257488016855,4.523762939345843,22.887741252164506,prior,north,-4.523762939345829,0.5386503067484663,0.34156378600823045,False,0.8725115451711813,True,360206.44139331655,504256.557825219,,2.222966546761764,3.7623004074403066,
1400355921620343,2025,panoroma_two_pass,360205.4759034122,504254.55547422264,107.0257488016855,4.523762939345843,22.887741252164506,prior,north,-4.523762939345829,0.5386503067484663,0.34156378600823045,False,0.8725115451711813,True,360206.44139331655,504256.557825219,,2.222966546761764,3.7623004074403066,
1400355921620343,2024,panoroma_coarse,360205.4759034122,504254.55547422264,107.0257488016855,4.523762939345843,22.887741252164506,prior,north,-4.523762939345829,0.5060096153846154,0.4140030441400304,False,2.8293716743977373,True,360210.6080190535,504273.43739118986,,19.566946601676822,6.8505720579929905,
1400355921620343,2024,panoroma_fine,360205.4759034122,504254.55547422264,107.0257488016855,4.523762939345843,22.887741252164506,prior,north,-4.523762939345829,0.5060096153846154,0.4140030441400304,False,2.8293716743977373,True,360211.4477853896,504276.1392676809,,22.39472068144297,3.2734723477424232,
1400355921620343,2024,panoroma_two_pass,360205.4759034122,504254.55547422264,107.0257488016855,4.523762939345843,22.887741252164506,prior,north,-4.523762939345829,0.5060096153846154,0.4140030441400304,False,2.8293716743977373,True,360211.4477853896,504276.1392676809,,22.39472068144297,3.2734723477424232,
1659474219043827,2025,panoroma_coarse,360194.59397493093,504220.8789819656,105.45750862113835,1.8236946770203843,28.29686517500868,prior,north,-1.8236946770203986,0.5769728331177232,0.34545454545454546,False,3.8610617561776657,True,360192.1830592555,504228.415424331,,7.912678302627443,6.417434110002169,
1659474219043827,2025,panoroma_fine,360194.59397493093,504220.8789819656,105.45750862113835,1.8236946770203843,28.29686517500868,prior,north,-1.8236946770203986,0.5769728331177232,0.34545454545454546,False,3.8610617561776657,True,360194.00589594844,504225.01174040383,,4.174389679758083,4.21510232902809,
1659474219043827,2025,panoroma_two_pass,360194.59397493093,504220.8789819656,105.45750862113835,1.8236946770203843,28.29686517500868,prior,north,-1.8236946770203986,0.5769728331177232,0.34545454545454546,False,3.8610617561776657,True,360194.00589594844,504225.01174040383,,4.174389679758083,4.21510232902809,
1659474219043827,2024,panoroma_coarse,360194.59397493093,504220.8789819656,105.45750862113835,1.8236946770203843,28.29686517500868,prior,north,-1.8236946770203986,0.5447916666666667,0.39221140472878996,False,4.372943901074727,True,360193.03837879555,504229.19681596075,,8.46204713455205,7.613484912257274,
1659474219043827,2024,panoroma_fine,360194.59397493093,504220.8789819656,105.45750862113835,1.8236946770203843,28.29686517500868,prior,north,-1.8236946770203986,0.5447916666666667,0.39221140472878996,False,4.372943901074727,True,360194.27364568366,504225.0019674442,,4.135410509666997,4.405778484953043,
1659474219043827,2024,panoroma_two_pass,360194.59397493093,504220.8789819656,105.45750862113835,1.8236946770203843,28.29686517500868,prior,north,-1.8236946770203986,0.5447916666666667,0.39221140472878996,False,4.372943901074727,True,360194.27364568366,504225.0019674442,,4.135410509666997,4.405778484953043,
3757320467753222,2025,panoroma_coarse,360184.3176811162,504190.7261088975,109.89330425369523,0.30327979300933805,16.261700513066646,prior,north,-0.30327979300932384,0.6138728323699422,0.45629820051413883,False,1.29395313183536,True,360185.18987743556,504187.0367760432,,3.79102932318371,5.362419656058276,
3757320467753222,2025,panoroma_fine,360184.3176811162,504190.7261088975,109.89330425369523,0.30327979300933805,16.261700513066646,prior,north,-0.30327979300932384,0.6138728323699422,0.45629820051413883,False,1.29395313183536,True,360185.8369185459,504188.1573350595,,2.984406372871774,1.4141118388378477,
3757320467753222,2025,panoroma_two_pass,360184.3176811162,504190.7261088975,109.89330425369523,0.30327979300933805,16.261700513066646,prior,north,-0.30327979300932384,0.6138728323699422,0.45629820051413883,False,1.29395313183536,True,360185.8369185459,504188.1573350595,,2.984406372871774,1.4141118388378477,
3757320467753222,2024,panoroma_coarse,360184.3176811162,504190.7261088975,109.89330425369523,0.30327979300933805,16.261700513066646,prior,north,-0.30327979300932384,0.6548223350253807,0.39972714870395637,False,1.7329415769992347,True,360183.2070659971,504188.6284111356,,2.3735631112448874,4.003072256458342,
3757320467753222,2024,panoroma_fine,360184.3176811162,504190.7261088975,109.89330425369523,0.30327979300933805,16.261700513066646,prior,north,-0.30327979300932384,0.6548223350253807,0.39972714870395637,False,1.7329415769992347,True,360183.4709832315,504186.9156840112,,3.9033620280594947,2.5580665787737593,
3757320467753222,2024,panoroma_two_pass,360184.3176811162,504190.7261088975,109.89330425369523,0.30327979300933805,16.261700513066646,prior,north,-0.30327979300932384,0.6548223350253807,0.39972714870395637,False,1.7329415769992347,True,360183.4709832315,504186.9156840112,,3.9033620280594947,2.5580665787737593,
1084706981111921,2025,panoroma_coarse,360172.7961192918,504159.78433716483,109.07841537892595,-2.4876025192762796,13.771266339979283,prior,north,2.4876025192762654,0.5631188118811881,0.4114114114114114,False,0.3141976897958772,True,360171.3160387489,504156.04915914853,,4.017734837811134,1.4834265845180334,
1084706981111921,2025,panoroma_fine,360172.7961192918,504159.78433716483,109.07841537892595,-2.4876025192762796,13.771266339979283,prior,north,2.4876025192762654,0.5631188118811881,0.4114114114114114,False,0.3141976897958772,True,360171.03088449297,504156.1810956431,,4.012406180718235,4.999325809259261,
1084706981111921,2025,panoroma_two_pass,360172.7961192918,504159.78433716483,109.07841537892595,-2.4876025192762796,13.771266339979283,prior,north,2.4876025192762654,0.5631188118811881,0.4114114114114114,False,0.3141976897958772,True,360171.03088449297,504156.1810956431,,4.012406180718235,4.999325809259261,
1084706981111921,2024,panoroma_coarse,360172.7961192918,504159.78433716483,109.07841537892595,-2.4876025192762796,13.771266339979283,prior,north,2.4876025192762654,0.5670356703567035,0.4199395770392749,False,2.155207855204441,True,360172.8242548028,504155.15495165135,,4.6294710107586905,3.9793043301264395,
1084706981111921,2024,panoroma_fine,360172.7961192918,504159.78433716483,109.07841537892595,-2.4876025192762796,13.771266339979283,prior,north,2.4876025192762654,0.5670356703567035,0.4199395770392749,False,2.155207855204441,True,360170.96676140395,504156.2479471556,,3.981532943371468,4.7686510111339695,
1084706981111921,2024,panoroma_two_pass,360172.7961192918,504159.78433716483,109.07841537892595,-2.4876025192762796,13.771266339979283,prior,north,2.4876025192762654,0.5670356703567035,0.4199395770392749,False,2.155207855204441,True,360170.96676140395,504156.2479471556,,3.981532943371468,4.7686510111339695,
1569936184813606,2025,panoroma_coarse,360163.02569056407,504128.34509992413,107.55053766241267,-5.274329366226681,12.848549724647116,prior,north,5.274329366226681,0.5902255639097744,0.37925696594427244,False,2.982434730498104,True,360158.82156809786,504126.4719241897,,4.602546365102105,11.436525805713863,
1569936184813606,2025,panoroma_fine,360163.02569056407,504128.34509992413,107.55053766241267,-5.274329366226681,12.848549724647116,prior,north,5.274329366226681,0.5902255639097744,0.37925696594427244,False,2.982434730498104,True,360161.7016267036,504125.69721175975,,2.9604825346002293,3.749401769702089,
1569936184813606,2025,panoroma_two_pass,360163.02569056407,504128.34509992413,107.55053766241267,-5.274329366226681,12.848549724647116,prior,north,5.274329366226681,0.5902255639097744,0.37925696594427244,False,2.982434730498104,True,360161.7016267036,504125.69721175975,,2.9604825346002293,3.749401769702089,
1569936184813606,2024,panoroma_coarse,360163.02569056407,504128.34509992413,107.55053766241267,-5.274329366226681,12.848549724647116,prior,north,5.274329366226681,0.39416058394160586,0.31201248049922,False,4.09466912438907,True,360160.09543149685,504131.3319991454,,4.184254432865145,4.40807667989171,
1569936184813606,2024,panoroma_fine,360163.02569056407,504128.34509992413,107.55053766241267,-5.274329366226681,12.848549724647116,prior,north,5.274329366226681,0.39416058394160586,0.31201248049922,False,4.09466912438907,True,360161.17982345115,504127.38352990686,,2.081307833232361,0.5734869159770855,
1569936184813606,2024,panoroma_two_pass,360163.02569056407,504128.34509992413,107.55053766241267,-5.274329366226681,12.848549724647116,prior,north,5.274329366226681,0.39416058394160586,0.31201248049922,False,4.09466912438907,True,360161.17982345115,504127.38352990686,,2.081307833232361,0.5734869159770855,
1966035434037497,2025,panoroma_coarse,360152.2255144523,504096.58446743246,108.93797822619024,0.46948384629791917,2.954532516091057,prior,north,-0.46948384629791917,0.5153301886792453,0.3988995873452545,False,2.7640486083335913,True,360148.84250947775,504096.0941123817,,3.418357900192776,1.616581030534794,
1966035434037497,2025,panoroma_fine,360152.2255144523,504096.58446743246,108.93797822619024,0.46948384629791917,2.954532516091057,prior,north,-0.46948384629791917,0.5153301886792453,0.3988995873452545,False,2.7640486083335913,True,360151.1982700836,504097.5399189653,,1.4028965124831105,0.013768292996577877,
1966035434037497,2025,panoroma_two_pass,360152.2255144523,504096.58446743246,108.93797822619024,0.46948384629791917,2.954532516091057,prior,north,-0.46948384629791917,0.5153301886792453,0.3988995873452545,False,2.7640486083335913,True,360151.1982700836,504097.5399189653,,1.4028965124831105,0.013768292996577877,
1966035434037497,2024,panoroma_coarse,360152.2255144523,504096.58446743246,108.93797822619024,0.46948384629791917,2.954532516091057,prior,north,-0.46948384629791917,0.46688382193268185,0.46354883081155435,False,3.28234561669032,True,360146.8591205419,504096.1944599826,,5.380547315360047,15.73278213809851,
1966035434037497,2024,panoroma_fine,360152.2255144523,504096.58446743246,108.93797822619024,0.46948384629791917,2.954532516091057,prior,north,-0.46948384629791917,0.46688382193268185,0.46354883081155435,False,3.28234561669032,True,360149.8753290438,504097.4891719276,,2.5183053186839524,0.5012875696816874,
1966035434037497,2024,panoroma_two_pass,360152.2255144523,504096.58446743246,108.93797822619024,0.46948384629791917,2.954532516091057,prior,north,-0.46948384629791917,0.46688382193268185,0.46354883081155435,False,3.28234561669032,True,360149.8753290438,504097.4891719276,,2.5183053186839524,0.5012875696816874,
1897080597943369,2025,panoroma_coarse,360140.1340845268,504063.5842964947,110.06125082140551,-5.851287951340339,16.00412196530676,prior,north,5.851287951340339,0.584051724137931,0.36,False,2.097242214621071,True,360129.5226192344,504045.31637114345,,21.126293860770254,0.8774689424430169,
1897080597943369,2025,panoroma_fine,360140.1340845268,504063.5842964947,110.06125082140551,-5.851287951340339,16.00412196530676,prior,north,5.851287951340339,0.584051724137931,0.36,False,2.097242214621071,True,360131.0066630693,504046.7982749199,,19.10707572530802,6.666896452148782,
1897080597943369,2025,panoroma_two_pass,360140.1340845268,504063.5842964947,110.06125082140551,-5.851287951340339,16.00412196530676,prior,north,5.851287951340339,0.584051724137931,0.36,False,2.097242214621071,True,360131.0066630693,504046.7982749199,,19.10707572530802,6.666896452148782,
1897080597943369,2024,panoroma_coarse,360140.1340845268,504063.5842964947,110.06125082140551,-5.851287951340339,16.00412196530676,prior,north,5.851287951340339,0.6431980906921241,0.42517006802721086,False,2.759449270459639,True,360135.56467284466,504061.9107934746,,4.866223944629455,1.4396222924967277,
1897080597943369,2024,panoroma_fine,360140.1340845268,504063.5842964947,110.06125082140551,-5.851287951340339,16.00412196530676,prior,north,5.851287951340339,0.6431980906921241,0.42517006802721086,False,2.759449270459639,True,360137.82422257244,504063.4947743154,,2.311596086861055,0.06763918347322126,
1897080597943369,2024,panoroma_two_pass,360140.1340845268,504063.5842964947,110.06125082140551,-5.851287951340339,16.00412196530676,prior,north,5.851287951340339,0.6431980906921241,0.42517006802721086,False,2.759449270459639,True,360137.82422257244,504063.4947743154,,2.311596086861055,0.06763918347322126,
962616489483305,2025,panoroma_coarse,360128.71088285104,504033.5532297725,111.37466616997419,8.473188058930717,16.963064197153102,prior,north,-8.473188058930702,0.5583700440528634,0.3615819209039548,False,3.756677817036758,True,360127.9261705959,504033.94470931706,,0.8769433032709367,7.005006953483471,
962616489483305,2025,panoroma_fine,360128.71088285104,504033.5532297725,111.37466616997419,8.473188058930717,16.963064197153102,prior,north,-8.473188058930702,0.5583700440528634,0.3615819209039548,False,3.756677817036758,True,360124.60390038864,504035.69831956184,,4.633434487595159,7.539082581577042,
962616489483305,2025,panoroma_two_pass,360128.71088285104,504033.5532297725,111.37466616997419,8.473188058930717,16.963064197153102,prior,north,-8.473188058930702,0.5583700440528634,0.3615819209039548,False,3.756677817036758,True,360124.60390038864,504035.69831956184,,4.633434487595159,7.539082581577042,
962616489483305,2024,panoroma_coarse,360128.71088285104,504033.5532297725,111.37466616997419,8.473188058930717,16.963064197153102,prior,north,-8.473188058930702,0.5528541226215645,0.37526881720430105,False,3.0462770838057502,True,360126.7088759909,504033.660982967,,2.0049045411321464,4.116003962462762,
962616489483305,2024,panoroma_fine,360128.71088285104,504033.5532297725,111.37466616997419,8.473188058930717,16.963064197153102,prior,north,-8.473188058930702,0.5528541226215645,0.37526881720430105,False,3.0462770838057502,True,360123.73185107287,504034.3068364403,,5.035740308814078,8.711831531939838,
962616489483305,2024,panoroma_two_pass,360128.71088285104,504033.5532297725,111.37466616997419,8.473188058930717,16.963064197153102,prior,north,-8.473188058930702,0.5528541226215645,0.37526881720430105,False,3.0462770838057502,True,360123.73185107287,504034.3068364403,,5.035740308814078,8.711831531939838,
2210288512880939,2025,panoroma_coarse,360119.1444854562,504000.351743727,91.05155375073208,3.7164785849764,5.990761113332569,prior,north,-3.7164785849764144,0.4592274678111588,0.3741573033707865,False,3.7087609211236194,True,360111.49407856795,503996.7037587138,,8.475642761039829,4.036938061125154,
2210288512880939,2025,panoroma_fine,360119.1444854562,504000.351743727,91.05155375073208,3.7164785849764,5.990761113332569,prior,north,-3.7164785849764144,0.4592274678111588,0.3741573033707865,False,3.7087609211236194,True,360115.17890842917,503997.12439687655,,5.112882636108905,0.7883839865700684,
2210288512880939,2025,panoroma_two_pass,360119.1444854562,504000.351743727,91.05155375073208,3.7164785849764,5.990761113332569,prior,north,-3.7164785849764144,0.4592274678111588,0.3741573033707865,False,3.7087609211236194,True,360115.17890842917,503997.12439687655,,5.112882636108905,0.7883839865700684,
2210288512880939,2024,panoroma_coarse,360119.1444854562,504000.351743727,91.05155375073208,3.7164785849764,5.990761113332569,prior,north,-3.7164785849764144,0.49631190727081137,0.3428886438809261,False,3.131861665562076,True,360112.72290662146,503998.8892627573,,6.5860098176165,1.4891317584203452,
2210288512880939,2024,panoroma_fine,360119.1444854562,504000.351743727,91.05155375073208,3.7164785849764,5.990761113332569,prior,north,-3.7164785849764144,0.49631190727081137,0.3428886438809261,False,3.131861665562076,True,360115.7386782271,503998.04446744785,,4.113763083860725,0.04669800188362003,
2210288512880939,2024,panoroma_two_pass,360119.1444854562,504000.351743727,91.05155375073208,3.7164785849764,5.990761113332569,prior,north,-3.7164785849764144,0.49631190727081137,0.3428886438809261,False,3.131861665562076,True,360115.7386782271,503998.04446744785,,4.113763083860725,0.04669800188362003,
1039518862467428,2025,panoroma_coarse,360133.0528596273,503973.5716151353,35.618167811678525,-4.413916958369704,11.332507331853833,prior,north,4.413916958369697,0.42036553524804177,0.3979591836734694,False,4.996127597416973,True,360141.46914264146,503999.041140557,,26.8240665257931,22.33399324874703,
1039518862467428,2025,panoroma_fine,360133.0528596273,503973.5716151353,35.618167811678525,-4.413916958369704,11.332507331853833,prior,north,4.413916958369697,0.42036553524804177,0.3979591836734694,False,4.996127597416973,True,360140.69446351175,504003.976843467,,31.35078977998682,9.808093044109526,
1039518862467428,2025,panoroma_two_pass,360133.0528596273,503973.5716151353,35.618167811678525,-4.413916958369704,11.332507331853833,prior,north,4.413916958369697,0.42036553524804177,0.3979591836734694,False,4.996127597416973,True,360140.69446351175,504003.976843467,,31.35078977998682,9.808093044109526,
1039518862467428,2024,panoroma_coarse,360133.0528596273,503973.5716151353,35.618167811678525,-4.413916958369704,11.332507331853833,prior,north,4.413916958369697,0.312242090784044,0.3645833333333333,False,4.077125777195392,True,360139.5663048674,503999.38582537725,,26.623268381462974,11.718355681483018,
1039518862467428,2024,panoroma_fine,360133.0528596273,503973.5716151353,35.618167811678525,-4.413916958369704,11.332507331853833,prior,north,4.413916958369697,0.312242090784044,0.3645833333333333,False,4.077125777195392,True,360140.6117640294,504003.3266336374,,30.700132928415087,2.0753429637617073,
1039518862467428,2024,panoroma_two_pass,360133.0528596273,503973.5716151353,35.618167811678525,-4.413916958369704,11.332507331853833,prior,north,4.413916958369697,0.312242090784044,0.3645833333333333,False,4.077125777195392,True,360140.6117640294,504003.3266336374,,30.700132928415087,2.0753429637617073,
1068673502542792,2025,panoroma_coarse,360165.8632651619,503970.6280462332,350.15053243802794,2.886426762550684,12.214114737920937,prior,north,-2.886426762550684,0.4342273307790549,0.40387722132471726,False,0.9969083233678572,True,360163.48210338445,503967.87386155885,,3.6408054920541506,1.3236005695599722,
1068673502542792,2025,panoroma_fine,360165.8632651619,503970.6280462332,350.15053243802794,2.886426762550684,12.214114737920937,prior,north,-2.886426762550684,0.4342273307790549,0.40387722132471726,False,0.9969083233678572,True,360164.3417752791,503967.3690938511,,3.5966237073465366,1.2807514409025753,
1068673502542792,2025,panoroma_two_pass,360165.8632651619,503970.6280462332,350.15053243802794,2.886426762550684,12.214114737920937,prior,north,-2.886426762550684,0.4342273307790549,0.40387722132471726,False,0.9969083233678572,True,360164.3417752791,503967.3690938511,,3.5966237073465366,1.2807514409025753,
1068673502542792,2024,panoroma_coarse,360165.8632651619,503970.6280462332,350.15053243802794,2.886426762550684,12.214114737920937,prior,north,-2.886426762550684,0.6593406593406593,0.5182250396196514,False,1.0358316772293223,True,360164.15993699146,503968.68779365486,,2.5818417697639267,0.1199195536653642,
1068673502542792,2024,panoroma_fine,360165.8632651619,503970.6280462332,350.15053243802794,2.886426762550684,12.214114737920937,prior,north,-2.886426762550684,0.6593406593406593,0.5182250396196514,False,1.0358316772293223,True,360165.19574034715,503968.68013389467,,2.0591143380055663,1.1330586833473497,
1068673502542792,2024,panoroma_two_pass,360165.8632651619,503970.6280462332,350.15053243802794,2.886426762550684,12.214114737920937,prior,north,-2.886426762550684,0.6593406593406593,0.5182250396196514,False,1.0358316772293223,True,360165.19574034715,503968.68013389467,,2.0591143380055663,1.1330586833473497,
1614796256716672,2025,panoroma_coarse,360199.6908804353,503976.64319369476,347.084474668747,-2.6424565998051435,15.046450192013534,prior,north,2.6424565998051435,0.6842948717948718,0.45718901453957994,False,0.5479004181514406,True,360197.1499646386,503975.4474696476,,2.8082038891192385,6.921585780687919,
1614796256716672,2025,panoroma_fine,360199.6908804353,503976.64319369476,347.084474668747,-2.6424565998051435,15.046450192013534,prior,north,2.6424565998051435,0.6842948717948718,0.45718901453957994,False,0.5479004181514406,True,360196.80901053624,503975.87635794113,,2.9821487535168933,0.7190110550932769,
1614796256716672,2025,panoroma_two_pass,360199.6908804353,503976.64319369476,347.084474668747,-2.6424565998051435,15.046450192013534,prior,north,2.6424565998051435,0.6842948717948718,0.45718901453957994,False,0.5479004181514406,True,360196.80901053624,503975.87635794113,,2.9821487535168933,0.7190110550932769,
1614796256716672,2024,panoroma_coarse,360199.6908804353,503976.64319369476,347.084474668747,-2.6424565998051435,15.046450192013534,prior,north,2.6424565998051435,0.6972789115646258,0.37367624810892586,False,1.286206268677496,True,360197.01093063736,503975.8022961799,,2.8087790140629214,5.585643220935915,
1614796256716672,2024,panoroma_fine,360199.6908804353,503976.64319369476,347.084474668747,-2.6424565998051435,15.046450192013534,prior,north,2.6424565998051435,0.6972789115646258,0.37367624810892586,False,1.286206268677496,True,360198.29198041605,503975.68723954115,,1.6943345618963257,4.466734748237843,
1614796256716672,2024,panoroma_two_pass,360199.6908804353,503976.64319369476,347.084474668747,-2.6424565998051435,15.046450192013534,prior,north,2.6424565998051435,0.6972789115646258,0.37367624810892586,False,1.286206268677496,True,360198.29198041605,503975.68723954115,,1.6943345618963257,4.466734748237843,
1623097549539635,2025,panoroma_coarse,360230.81751104794,503983.41809891164,347.18431886247004,9.178986444773386,1.8347676850609251,prior,north,-9.178986444773386,0.5278551532033426,0.3630862329803328,False,4.135580028717973,True,360217.6810672626,503973.6274134072,,16.383640559171226,16.725160338900466,
1623097549539635,2025,panoroma_fine,360230.81751104794,503983.41809891164,347.18431886247004,9.178986444773386,1.8347676850609251,prior,north,-9.178986444773386,0.5278551532033426,0.3630862329803328,False,4.135580028717973,True,360221.4841504925,503975.25209187396,,12.401422910162424,4.422464787719126,
1623097549539635,2025,panoroma_two_pass,360230.81751104794,503983.41809891164,347.18431886247004,9.178986444773386,1.8347676850609251,prior,north,-9.178986444773386,0.5278551532033426,0.3630862329803328,False,4.135580028717973,True,360221.4841504925,503975.25209187396,,12.401422910162424,4.422464787719126,
1623097549539635,2024,panoroma_coarse,360230.81751104794,503983.41809891164,347.18431886247004,9.178986444773386,1.8347676850609251,prior,north,-9.178986444773386,0.4744897959183674,0.4025974025974026,False,3.998216240193971,True,360213.6855370194,503972.88921267627,,20.108753802065433,22.652201929012914,
1623097549539635,2024,panoroma_fine,360230.81751104794,503983.41809891164,347.18431886247004,9.178986444773386,1.8347676850609251,prior,north,-9.178986444773386,0.4744897959183674,0.4025974025974026,False,3.998216240193971,True,360212.865229608,503976.8023736561,,19.13249146229865,5.50255158407271,
1623097549539635,2024,panoroma_two_pass,360230.81751104794,503983.41809891164,347.18431886247004,9.178986444773386,1.8347676850609251,prior,north,-9.178986444773386,0.4744897959183674,0.4025974025974026,False,3.998216240193971,True,360212.865229608,503976.8023736561,,19.13249146229865,5.50255158407271,
1585086595814553,2025,panoroma_coarse,360265.8288479847,503990.3496837346,348.28538668930594,-6.842024136820726,15.720703665446791,prior,north,6.842024136820726,0.6507413509060955,0.41500765696784075,False,2.9650216876463262,True,360265.16849235725,503989.44330134743,,1.121427031280648,0.5697138977455274,
1585086595814553,2025,panoroma_fine,360265.8288479847,503990.3496837346,348.28538668930594,-6.842024136820726,15.720703665446791,prior,north,6.842024136820726,0.6507413509060955,0.41500765696784075,False,2.9650216876463262,True,360264.14711721014,503986.65975209925,,4.055097270304991,7.440191237023522,
1585086595814553,2025,panoroma_two_pass,360265.8288479847,503990.3496837346,348.28538668930594,-6.842024136820726,15.720703665446791,prior,north,6.842024136820726,0.6507413509060955,0.41500765696784075,False,2.9650216876463262,True,360264.14711721014,503986.65975209925,,4.055097270304991,7.440191237023522,
1585086595814553,2024,panoroma_coarse,360265.8288479847,503990.3496837346,348.28538668930594,-6.842024136820726,15.720703665446791,prior,north,6.842024136820726,0.6944444444444444,0.43142857142857144,False,2.7416335272158947,True,360267.28986474033,503989.10084879247,,1.9220194257152232,3.851522615724372,
1585086595814553,2024,panoroma_fine,360265.8288479847,503990.3496837346,348.28538668930594,-6.842024136820726,15.720703665446791,prior,north,6.842024136820726,0.6944444444444444,0.43142857142857144,False,2.7416335272158947,True,360265.7087709487,503986.8610504043,,3.4906992147219302,10.348356699984622,
1585086595814553,2024,panoroma_two_pass,360265.8288479847,503990.3496837346,348.28538668930594,-6.842024136820726,15.720703665446791,prior,north,6.842024136820726,0.6944444444444444,0.43142857142857144,False,2.7416335272158947,True,360265.7087709487,503986.8610504043,,3.4906992147219302,10.348356699984622,
1605463537903045,2025,panoroma_coarse,360296.4594195853,503997.18667273317,346.64073882745475,-0.20381848934039226,19.853584068747864,prior,north,0.20381848934039226,0.706436420722135,0.5571895424836601,False,3.7185365830031527,True,360293.34184829245,503997.4454292782,,3.128291181397663,3.947914896272019,
1605463537903045,2025,panoroma_fine,360296.4594195853,503997.18667273317,346.64073882745475,-0.20381848934039226,19.853584068747864,prior,north,0.20381848934039226,0.706436420722135,0.5571895424836601,False,3.7185365830031527,True,360296.6318724,503995.71243888856,,1.4842861590300045,3.2893193072555036,
1605463537903045,2025,panoroma_two_pass,360296.4594195853,503997.18667273317,346.64073882745475,-0.20381848934039226,19.853584068747864,prior,north,0.20381848934039226,0.706436420722135,0.5571895424836601,False,3.7185365830031527,True,360296.6318724,503995.71243888856,,1.4842861590300045,3.2893193072555036,
1605463537903045,2024,panoroma_coarse,360296.4594195853,503997.18667273317,346.64073882745475,-0.20381848934039226,19.853584068747864,prior,north,0.20381848934039226,0.7601351351351351,0.6065573770491803,False,1.8695534073116091,True,360296.07558113075,503997.4273161227,,0.4530355395709631,5.809448658442298,
1605463537903045,2024,panoroma_fine,360296.4594195853,503997.18667273317,346.64073882745475,-0.20381848934039226,19.853584068747864,prior,north,0.20381848934039226,0.7601351351351351,0.6065573770491803,False,1.8695534073116091,True,360296.19054589,503995.56130083685,,1.6474607325634407,2.7791105976893498,
1605463537903045,2024,panoroma_two_pass,360296.4594195853,503997.18667273317,346.64073882745475,-0.20381848934039226,19.853584068747864,prior,north,0.20381848934039226,0.7601351351351351,0.6065573770491803,False,1.8695534073116091,True,360296.19054589,503995.56130083685,,1.6474607325634407,2.7791105976893498,
3789502397873420,2025,panoroma_coarse,360329.7389217006,504003.7331037838,344.91925715035035,-7.035245201361761,22.509123266098655,prior,north,7.035245201361761,0.6862483311081442,0.27794561933534745,False,0.3198777884990556,True,360327.05029182084,504006.20249006315,,3.650561494776767,5.339682832654573,
3789502397873420,2025,panoroma_fine,360329.7389217006,504003.7331037838,344.91925715035035,-7.035245201361761,22.509123266098655,prior,north,7.035245201361761,0.6862483311081442,0.27794561933534745,False,0.3198777884990556,True,360327.3471048611,504006.32175371516,,3.524471061159302,8.35467938618022,
3789502397873420,2025,panoroma_two_pass,360329.7389217006,504003.7331037838,344.91925715035035,-7.035245201361761,22.509123266098655,prior,north,7.035245201361761,0.6862483311081442,0.27794561933534745,False,0.3198777884990556,True,360327.3471048611,504006.32175371516,,3.524471061159302,8.35467938618022,
3789502397873420,2024,panoroma_coarse,360329.7389217006,504003.7331037838,344.91925715035035,-7.035245201361761,22.509123266098655,prior,north,7.035245201361761,0.46534653465346537,0.4172077922077922,False,3.0938774892769354,True,360329.30885220977,504014.1790798638,,10.454825490241113,18.138400601726648,
3789502397873420,2024,panoroma_fine,360329.7389217006,504003.7331037838,344.91925715035035,-7.035245201361761,22.509123266098655,prior,north,7.035245201361761,0.46534653465346537,0.4172077922077922,False,3.0938774892769354,True,360328.9697798003,504017.2543209633,,13.543075473380117,9.804932692800163,
3789502397873420,2024,panoroma_two_pass,360329.7389217006,504003.7331037838,344.91925715035035,-7.035245201361761,22.509123266098655,prior,north,7.035245201361761,0.46534653465346537,0.4172077922077922,False,3.0938774892769354,True,360328.9697798003,504017.2543209633,,13.543075473380117,9.804932692800163,
1950003419008286,2025,panoroma_coarse,360363.1358821056,504010.94987133984,349.8785002006545,-8.337062201042443,13.1404951610002,prior,north,8.337062201042443,0.4711274060494959,0.3777994157740993,False,4.807369054911292,True,360357.8422970928,504006.6701359551,,6.807215087801414,8.019398244096907,
1950003419008286,2025,panoroma_fine,360363.1358821056,504010.94987133984,349.8785002006545,-8.337062201042443,13.1404951610002,prior,north,8.337062201042443,0.4711274060494959,0.3777994157740993,False,4.807369054911292,True,360362.598975338,504007.36641844205,,3.623451882913488,18.083003186810732,
1950003419008286,2025,panoroma_two_pass,360363.1358821056,504010.94987133984,349.8785002006545,-8.337062201042443,13.1404951610002,prior,north,8.337062201042443,0.4711274060494959,0.3777994157740993,False,4.807369054911292,True,360362.598975338,504007.36641844205,,3.623451882913488,18.083003186810732,
1950003419008286,2024,panoroma_coarse,360363.1358821056,504010.94987133984,349.8785002006545,-8.337062201042443,13.1404951610002,prior,north,8.337062201042443,0.7101604278074867,0.4294234592445328,False,3.292292974478317,True,360358.87898338353,504007.4732835254,,5.496166806212936,7.124362669979173,
1950003419008286,2024,panoroma_fine,360363.1358821056,504010.94987133984,349.8785002006545,-8.337062201042443,13.1404951610002,prior,north,8.337062201042443,0.7101604278074867,0.4294234592445328,False,3.292292974478317,True,360361.61602645845,504009.3029797395,,2.2410294802838946,8.011494089105849,
1950003419008286,2024,panoroma_two_pass,360363.1358821056,504010.94987133984,349.8785002006545,-8.337062201042443,13.1404951610002,prior,north,8.337062201042443,0.7101604278074867,0.4294234592445328,False,3.292292974478317,True,360361.61602645845,504009.3029797395,,2.2410294802838946,8.011494089105849,
1783034616269773,2025,panoroma_coarse,360394.11981327285,504016.33189696353,349.3653990519746,-6.495003192321349,12.270147858824737,prior,north,6.495003192321349,0.5780911062906724,0.46051032806804376,False,3.360367852119023,True,360392.16144300916,504018.3413441486,,2.805903077328905,0.821089439784436,
1783034616269773,2025,panoroma_fine,360394.11981327285,504016.33189696353,349.3653990519746,-6.495003192321349,12.270147858824737,prior,north,6.495003192321349,0.5780911062906724,0.46051032806804376,False,3.360367852119023,True,360392.0583128155,504014.98255920986,,2.463837760306758,5.986580117769601,
1783034616269773,2025,panoroma_two_pass,360394.11981327285,504016.33189696353,349.3653990519746,-6.495003192321349,12.270147858824737,prior,north,6.495003192321349,0.5780911062906724,0.46051032806804376,False,3.360367852119023,True,360392.0583128155,504014.98255920986,,2.463837760306758,5.986580117769601,
1783034616269773,2024,panoroma_coarse,360394.11981327285,504016.33189696353,349.3653990519746,-6.495003192321349,12.270147858824737,prior,north,6.495003192321349,0.665314401622718,0.45743473325766176,False,3.286203907748082,True,360394.2815699749,504017.59129851236,,1.2697470188397257,5.8708485456197135,
1783034616269773,2024,panoroma_fine,360394.11981327285,504016.33189696353,349.3653990519746,-6.495003192321349,12.270147858824737,prior,north,6.495003192321349,0.665314401622718,0.45743473325766176,False,3.286203907748082,True,360392.66501320543,504014.7302007625,,2.163763840278212,2.9780428267891192,
1783034616269773,2024,panoroma_two_pass,360394.11981327285,504016.33189696353,349.3653990519746,-6.495003192321349,12.270147858824737,prior,north,6.495003192321349,0.665314401622718,0.45743473325766176,False,3.286203907748082,True,360392.66501320543,504014.7302007625,,2.163763840278212,2.9780428267891192,
1751971182727263,2025,panoroma_coarse,360428.991711286,504022.2797679808,350.0611522646833,9.077511800668105,7.782601025164379,prior,north,-9.077511800668105,0.542502387774594,0.48330058939096265,False,5.0281581905961605,True,360422.21643818024,504019.0543294327,,7.5038509770112105,13.31195935218933,
1751971182727263,2025,panoroma_fine,360428.991711286,504022.2797679808,350.0611522646833,9.077511800668105,7.782601025164379,prior,north,-9.077511800668105,0.542502387774594,0.48330058939096265,False,5.0281581905961605,True,360427.2378231564,504019.3152273254,,3.444506476775225,5.082082377570799,
1751971182727263,2025,panoroma_two_pass,360428.991711286,504022.2797679808,350.0611522646833,9.077511800668105,7.782601025164379,prior,north,-9.077511800668105,0.542502387774594,0.48330058939096265,False,5.0281581905961605,True,360427.2378231564,504019.3152273254,,3.444506476775225,5.082082377570799,
1751971182727263,2024,panoroma_coarse,360428.991711286,504022.2797679808,350.0611522646833,9.077511800668105,7.782601025164379,prior,north,-9.077511800668105,0.7371134020618557,0.369179600886918,False,4.321792275822522,True,360420.98832030117,504017.9538122944,,9.097700800580805,12.913894406618281,
1751971182727263,2024,panoroma_fine,360428.991711286,504022.2797679808,350.0611522646833,9.077511800668105,7.782601025164379,prior,north,-9.077511800668105,0.7371134020618557,0.369179600886918,False,4.321792275822522,True,360424.75451152935,504020.0736453323,,4.77711617171833,8.085434174047908,
1751971182727263,2024,panoroma_two_pass,360428.991711286,504022.2797679808,350.0611522646833,9.077511800668105,7.782601025164379,prior,north,-9.077511800668105,0.7371134020618557,0.369179600886918,False,4.321792275822522,True,360424.75451152935,504020.0736453323,,4.77711617171833,8.085434174047908,
1041946372000040,2025,panoroma_coarse,360460.61334308796,504027.6650502281,349.5307363918364,-7.590121279440325,22.887002217588915,prior,north,7.590121279440325,0.45885634588563456,0.3646341463414634,False,3.7067872336049823,True,360438.4568566106,504023.20412820816,,22.601099935386987,3.4145888905670314,
1041946372000040,2025,panoroma_fine,360460.61334308796,504027.6650502281,349.5307363918364,-7.590121279440325,22.887002217588915,prior,north,7.590121279440325,0.45885634588563456,0.3646341463414634,False,3.7067872336049823,True,360442.11422214174,504022.60084637784,,19.179771542434953,7.102705396191875,
1041946372000040,2025,panoroma_two_pass,360460.61334308796,504027.6650502281,349.5307363918364,-7.590121279440325,22.887002217588915,prior,north,7.590121279440325,0.45885634588563456,0.3646341463414634,False,3.7067872336049823,True,360442.11422214174,504022.60084637784,,19.179771542434953,7.102705396191875,
1041946372000040,2024,panoroma_coarse,360460.61334308796,504027.6650502281,349.5307363918364,-7.590121279440325,22.887002217588915,prior,north,7.590121279440325,0.5868263473053892,0.39586206896551723,False,3.6859261061446813,True,360439.078177389,504022.30305112916,,22.192665365369216,2.6469843416396843,
1041946372000040,2024,panoroma_fine,360460.61334308796,504027.6650502281,349.5307363918364,-7.590121279440325,22.887002217588915,prior,north,7.590121279440325,0.5868263473053892,0.39586206896551723,False,3.6859261061446813,True,360442.75803884957,504022.514406022,,18.583353442898755,11.950308315849044,
1041946372000040,2024,panoroma_two_pass,360460.61334308796,504027.6650502281,349.5307363918364,-7.590121279440325,22.887002217588915,prior,north,7.590121279440325,0.5868263473053892,0.39586206896551723,False,3.6859261061446813,True,360442.75803884957,504022.514406022,,18.583353442898755,11.950308315849044,
1058349307017059,2025,panoroma_coarse,360492.22805497993,504032.4493259415,350.455605222158,-5.987298730694533,23.168447841648806,prior,north,5.987298730694533,0.7226993865030675,0.38865836791147995,False,2.524711924228959,True,360488.12969081366,504031.3654123087,,4.2392755988193525,9.370718547344776,
1058349307017059,2025,panoroma_fine,360492.22805497993,504032.4493259415,350.455605222158,-5.987298730694533,23.168447841648806,prior,north,5.987298730694533,0.7226993865030675,0.38865836791147995,False,2.524711924228959,True,360490.6175555194,504031.79517911345,,1.738279777552855,6.601535339353694,
1058349307017059,2025,panoroma_two_pass,360492.22805497993,504032.4493259415,350.455605222158,-5.987298730694533,23.168447841648806,prior,north,5.987298730694533,0.7226993865030675,0.38865836791147995,False,2.524711924228959,True,360490.6175555194,504031.79517911345,,1.738279777552855,6.601535339353694,
1058349307017059,2024,panoroma_coarse,360492.22805497993,504032.4493259415,350.455605222158,-5.987298730694533,23.168447841648806,prior,north,5.987298730694533,0.6723585912486659,0.44021739130434784,False,3.7337662994990013,True,360487.5219010988,504030.0970736489,,5.261271253342084,2.369635063765376,
1058349307017059,2024,panoroma_fine,360492.22805497993,504032.4493259415,350.455605222158,-5.987298730694533,23.168447841648806,prior,north,5.987298730694533,0.6723585912486659,0.44021739130434784,False,3.7337662994990013,True,360491.16177698574,504030.9291279179,,1.8568658518633954,3.389997369090884,
1058349307017059,2024,panoroma_two_pass,360492.22805497993,504032.4493259415,350.455605222158,-5.987298730694533,23.168447841648806,prior,north,5.987298730694533,0.6723585912486659,0.44021739130434784,False,3.7337662994990013,True,360491.16177698574,504030.9291279179,,1.8568658518633954,3.389997369090884,
1588073185524588,2025,panoroma_coarse,360526.7575126549,504038.45668191835,349.1696028052205,-9.875916858056655,23.77045055515438,prior,north,9.875916858056655,0.5576662143826323,0.39746835443037976,False,5.622866752423664,True,360513.584015746,504033.16146515857,,14.197899187582887,26.196012185678345,
1588073185524588,2025,panoroma_fine,360526.7575126549,504038.45668191835,349.1696028052205,-9.875916858056655,23.77045055515438,prior,north,9.875916858056655,0.5576662143826323,0.39746835443037976,False,5.622866752423664,True,360518.82198282034,504035.2060510442,,8.575502016476669,11.85583958908329,
1588073185524588,2025,panoroma_two_pass,360526.7575126549,504038.45668191835,349.1696028052205,-9.875916858056655,23.77045055515438,prior,north,9.875916858056655,0.5576662143826323,0.39746835443037976,False,5.622866752423664,True,360518.82198282034,504035.2060510442,,8.575502016476669,11.85583958908329,
1588073185524588,2024,panoroma_coarse,360526.7575126549,504038.45668191835,349.1696028052205,-9.875916858056655,23.77045055515438,prior,north,9.875916858056655,0.3662109375,0.5097493036211699,False,3.2664641291870686,True,360523.3688197115,504034.2794521699,,5.378892844805565,9.355954471993968,
1588073185524588,2024,panoroma_fine,360526.7575126549,504038.45668191835,349.1696028052205,-9.875916858056655,23.77045055515438,prior,north,9.875916858056655,0.3662109375,0.5097493036211699,False,3.2664641291870686,True,360524.8093656172,504037.21110961935,,2.3122991225899376,9.175552122536502,
1588073185524588,2024,panoroma_two_pass,360526.7575126549,504038.45668191835,349.1696028052205,-9.875916858056655,23.77045055515438,prior,north,9.875916858056655,0.3662109375,0.5097493036211699,False,3.2664641291870686,True,360524.8093656172,504037.21110961935,,2.3122991225899376,9.175552122536502,
1098905325943467,2025,panoroma_coarse,360560.68061371776,504043.917289393,350.5254085542267,-7.000634216850983,18.643697362914146,prior,north,7.000634216850983,0.664367816091954,0.4219269102990033,False,3.605599012751222,True,360561.83441873814,504044.14853447257,,1.1767498935079874,7.230295441832762,
1098905325943467,2025,panoroma_fine,360560.68061371776,504043.917289393,350.5254085542267,-7.000634216850983,18.643697362914146,prior,north,7.000634216850983,0.664367816091954,0.4219269102990033,False,3.605599012751222,True,360559.0103771331,504041.9068535734,,2.6137219503252953,5.057789262990729,
1098905325943467,2025,panoroma_two_pass,360560.68061371776,504043.917289393,350.5254085542267,-7.000634216850983,18.643697362914146,prior,north,7.000634216850983,0.664367816091954,0.4219269102990033,False,3.605599012751222,True,360559.0103771331,504041.9068535734,,2.6137219503252953,5.057789262990729,
1098905325943467,2024,panoroma_coarse,360560.68061371776,504043.917289393,350.5254085542267,-7.000634216850983,18.643697362914146,prior,north,7.000634216850983,0.7569832402234636,0.5711183496199783,False,3.1892093102361554,True,360559.4601227247,504039.8147870335,,4.280201382434411,11.599378753844384,
1098905325943467,2024,panoroma_fine,360560.68061371776,504043.917289393,350.5254085542267,-7.000634216850983,18.643697362914146,prior,north,7.000634216850983,0.7569832402234636,0.5711183496199783,False,3.1892093102361554,True,360556.75793038285,504041.5086620501,,4.603143515352696,5.111668679662926,
1098905325943467,2024,panoroma_two_pass,360560.68061371776,504043.917289393,350.5254085542267,-7.000634216850983,18.643697362914146,prior,north,7.000634216850983,0.7569832402234636,0.5711183496199783,False,3.1892093102361554,True,360556.75793038285,504041.5086620501,,4.603143515352696,5.111668679662926,
3499536660219793,2025,panoroma_coarse,360594.0596022819,504048.21201448794,352.13471761739805,-6.065126177072614,24.942352313325827,prior,north,6.065126177072614,0.5953488372093023,0.4199134199134199,False,4.506061729808138,True,360584.6318489264,504044.90110249555,,9.992230559436571,3.529301093488709,
3499536660219793,2025,panoroma_fine,360594.0596022819,504048.21201448794,352.13471761739805,-6.065126177072614,24.942352313325827,prior,north,6.065126177072614,0.5953488372093023,0.4199134199134199,False,4.506061729808138,True,360589.1275485422,504045.20651578496,,5.775653776383805,2.9917792799781,
3499536660219793,2025,panoroma_two_pass,360594.0596022819,504048.21201448794,352.13471761739805,-6.065126177072614,24.942352313325827,prior,north,6.065126177072614,0.5953488372093023,0.4199134199134199,False,4.506061729808138,True,360589.1275485422,504045.20651578496,,5.775653776383805,2.9917792799781,
3499536660219793,2024,panoroma_coarse,360594.0596022819,504048.21201448794,352.13471761739805,-6.065126177072614,24.942352313325827,prior,north,6.065126177072614,0.6756152125279642,0.4490216271884655,False,5.615319777952637,True,360586.0977043271,504044.59496927506,,8.744989143210978,1.1722917879166015,
3499536660219793,2024,panoroma_fine,360594.0596022819,504048.21201448794,352.13471761739805,-6.065126177072614,24.942352313325827,prior,north,6.065126177072614,0.6756152125279642,0.4490216271884655,False,5.615319777952637,True,360591.31780547264,504046.6643557153,,3.1484436504150843,2.2894166244075804,
3499536660219793,2024,panoroma_two_pass,360594.0596022819,504048.21201448794,352.13471761739805,-6.065126177072614,24.942352313325827,prior,north,6.065126177072614,0.6756152125279642,0.4490216271884655,False,5.615319777952637,True,360591.31780547264,504046.6643557153,,3.1484436504150843,2.2894166244075804,
2175866539657391,2025,panoroma_coarse,360627.0786677387,504052.1780074034,348.42048951318594,9.418000040432787,12.590444821784821,prior,north,-9.418000040432787,0.6603550295857988,0.38609112709832133,False,1.6355584992706567,True,360624.6524890505,504050.9811403727,,2.7053343076526684,2.9412409243862223,
2175866539657391,2025,panoroma_fine,360627.0786677387,504052.1780074034,348.42048951318594,9.418000040432787,12.590444821784821,prior,north,-9.418000040432787,0.6603550295857988,0.38609112709832133,False,1.6355584992706567,True,360626.11321075686,504051.71690100036,,1.0699188281007734,2.7474539521970427,
2175866539657391,2025,panoroma_two_pass,360627.0786677387,504052.1780074034,348.42048951318594,9.418000040432787,12.590444821784821,prior,north,-9.418000040432787,0.6603550295857988,0.38609112709832133,False,1.6355584992706567,True,360626.11321075686,504051.71690100036,,1.0699188281007734,2.7474539521970427,
2175866539657391,2024,panoroma_coarse,360627.0786677387,504052.1780074034,348.42048951318594,9.418000040432787,12.590444821784821,prior,north,-9.418000040432787,0.4824462061155153,0.4254545454545455,False,2.1648429738860586,True,360623.41458241193,504051.2257528712,,3.7858037424003212,9.562167825305478,
2175866539657391,2024,panoroma_fine,360627.0786677387,504052.1780074034,348.42048951318594,9.418000040432787,12.590444821784821,prior,north,-9.418000040432787,0.4824462061155153,0.4254545454545455,False,2.1648429738860586,True,360625.53405904275,504051.6666200994,,1.6270626903447478,3.519455170416275,
2175866539657391,2024,panoroma_two_pass,360627.0786677387,504052.1780074034,348.42048951318594,9.418000040432787,12.590444821784821,prior,north,-9.418000040432787,0.4824462061155153,0.4254545454545455,False,2.1648429738860586,True,360625.53405904275,504051.6666200994,,1.6270626903447478,3.519455170416275,
1470108621835604,2025,panoroma_coarse,360656.9868018321,504057.98584541585,350.7771210413869,2.896819021986232,16.905858048894327,prior,north,-2.896819021986232,0.6940874035989717,0.38752783964365256,False,1.5176860974081827,True,360653.2782510991,504058.54333387763,,3.7502189168343754,2.540178241957452,
1470108621835604,2025,panoroma_fine,360656.9868018321,504057.98584541585,350.7771210413869,2.896819021986232,16.905858048894327,prior,north,-2.896819021986232,0.6940874035989717,0.38752783964365256,False,1.5176860974081827,True,360654.7533723112,504058.1864186215,,2.2424176764646586,3.6781518842589493,
1470108621835604,2025,panoroma_two_pass,360656.9868018321,504057.98584541585,350.7771210413869,2.896819021986232,16.905858048894327,prior,north,-2.896819021986232,0.6940874035989717,0.38752783964365256,False,1.5176860974081827,True,360654.7533723112,504058.1864186215,,2.2424176764646586,3.6781518842589493,
1470108621835604,2024,panoroma_coarse,360656.9868018321,504057.98584541585,350.7771210413869,2.896819021986232,16.905858048894327,prior,north,-2.896819021986232,0.5976491862567812,0.42417582417582417,False,4.063725486786563,True,360650.2309158738,504059.8693054186,,7.01351671158607,2.4958606095997546,
1470108621835604,2024,panoroma_fine,360656.9868018321,504057.98584541585,350.7771210413869,2.896819021986232,16.905858048894327,prior,north,-2.896819021986232,0.5976491862567812,0.42417582417582417,False,4.063725486786563,True,360654.248501625,504059.25867495465,,3.01966605088541,3.3848610144422913,
1470108621835604,2024,panoroma_two_pass,360656.9868018321,504057.98584541585,350.7771210413869,2.896819021986232,16.905858048894327,prior,north,-2.896819021986232,0.5976491862567812,0.42417582417582417,False,4.063725486786563,True,360654.248501625,504059.25867495465,,3.01966605088541,3.3848610144422913,
1261127602821029,2025,panoroma_coarse,360680.909761988,504040.49847353157,76.3375943069395,-9.677281498632837,19.730306813112847,prior,north,9.677281498632851,0.7764084507042254,0.4158273381294964,False,3.2096908932994435,True,360679.4822880818,504037.56869598944,,3.2590302544209973,2.3568245788198006,
1261127602821029,2025,panoroma_fine,360680.909761988,504040.49847353157,76.3375943069395,-9.677281498632837,19.730306813112847,prior,north,9.677281498632851,0.7764084507042254,0.4158273381294964,False,3.2096908932994435,True,360680.1301667845,504040.7123195065,,0.8083927153701888,1.9004672845260588,
1261127602821029,2025,panoroma_two_pass,360680.909761988,504040.49847353157,76.3375943069395,-9.677281498632837,19.730306813112847,prior,north,9.677281498632851,0.7764084507042254,0.4158273381294964,False,3.2096908932994435,True,360680.1301667845,504040.7123195065,,0.8083927153701888,1.9004672845260588,
1261127602821029,2024,panoroma_coarse,360680.909761988,504040.49847353157,76.3375943069395,-9.677281498632837,19.730306813112847,prior,north,9.677281498632851,0.8172043010752689,0.4591679506933744,False,2.877118121788847,True,360680.07217531785,504038.4152784309,,2.2452735373139965,7.17370534224344,
1261127602821029,2024,panoroma_fine,360680.909761988,504040.49847353157,76.3375943069395,-9.677281498632837,19.730306813112847,prior,north,9.677281498632851,0.8172043010752689,0.4591679506933744,False,2.877118121788847,True,360680.3176324702,504041.28190702095,,0.9820312612568527,9.841906856534422,
1261127602821029,2024,panoroma_two_pass,360680.909761988,504040.49847353157,76.3375943069395,-9.677281498632837,19.730306813112847,prior,north,9.677281498632851,0.8172043010752689,0.4591679506933744,False,2.877118121788847,True,360680.3176324702,504041.28190702095,,0.9820312612568527,9.841906856534422,
1810167326654101,2025,panoroma_coarse,360686.993854056,504006.6269094348,79.55305043736588,5.206673465197966,24.776480566452555,prior,north,-5.20667346519798,0.5611620795107034,0.46097201767304863,False,4.455435730229197,True,360685.87297132757,503974.43453046976,,32.211886649482544,10.413534104612431,
1810167326654101,2025,panoroma_fine,360686.993854056,504006.6269094348,79.55305043736588,5.206673465197966,24.776480566452555,prior,north,-5.20667346519798,0.5611620795107034,0.46097201767304863,False,4.455435730229197,True,360690.16676827363,503975.6237383289,,31.165108747640517,2.4240769055230134,
1810167326654101,2025,panoroma_two_pass,360686.993854056,504006.6269094348,79.55305043736588,5.206673465197966,24.776480566452555,prior,north,-5.20667346519798,0.5611620795107034,0.46097201767304863,False,4.455435730229197,True,360690.16676827363,503975.6237383289,,31.165108747640517,2.4240769055230134,
1810167326654101,2024,panoroma_coarse,360686.993854056,504006.6269094348,79.55305043736588,5.206673465197966,24.776480566452555,prior,north,-5.20667346519798,0.7070552147239264,0.47566718995290425,False,2.7198201697489677,True,360690.74230303813,503972.86871877377,,33.965663639593885,2.7012351386880185,
1810167326654101,2024,panoroma_fine,360686.993854056,504006.6269094348,79.55305043736588,5.206673465197966,24.776480566452555,prior,north,-5.20667346519798,0.7070552147239264,0.47566718995290425,False,2.7198201697489677,True,360692.9501320859,503971.280350853,,35.84489435814092,3.8523621938121027,
1810167326654101,2024,panoroma_two_pass,360686.993854056,504006.6269094348,79.55305043736588,5.206673465197966,24.776480566452555,prior,north,-5.20667346519798,0.7070552147239264,0.47566718995290425,False,2.7198201697489677,True,360692.9501320859,503971.280350853,,35.84489435814092,3.8523621938121027,
28353982287585850,2025,panoroma_coarse,360692.8649872906,503972.47876364924,79.66269750615494,4.956407896206599,22.17425146778149,prior,north,-4.956407896206599,0.6184668989547039,0.41197822141560797,False,1.875048818553778,True,360694.28764302086,503938.4605507519,,34.04794792724775,8.053399890481382,
28353982287585850,2025,panoroma_fine,360692.8649872906,503972.47876364924,79.66269750615494,4.956407896206599,22.17425146778149,prior,north,-4.956407896206599,0.6184668989547039,0.41197822141560797,False,1.875048818553778,True,360695.9993120368,503939.2260553253,,33.40009883955018,3.2605092633287103,
28353982287585850,2025,panoroma_two_pass,360692.8649872906,503972.47876364924,79.66269750615494,4.956407896206599,22.17425146778149,prior,north,-4.956407896206599,0.6184668989547039,0.41197822141560797,False,1.875048818553778,True,360695.9993120368,503939.2260553253,,33.40009883955018,3.2605092633287103,
28353982287585850,2024,panoroma_coarse,360692.8649872906,503972.47876364924,79.66269750615494,4.956407896206599,22.17425146778149,prior,north,-4.956407896206599,0.6713395638629284,0.3805309734513274,False,2.9332808999777598,True,360692.865974701,503940.45159898023,,32.02716468423006,5.748270107440844,
28353982287585850,2024,panoroma_fine,360692.8649872906,503972.47876364924,79.66269750615494,4.956407896206599,22.17425146778149,prior,north,-4.956407896206599,0.6713395638629284,0.3805309734513274,False,2.9332808999777598,True,360695.76165333635,503939.98343012284,,32.62418390048502,6.967906558501294,
28353982287585850,2024,panoroma_two_pass,360692.8649872906,503972.47876364924,79.66269750615494,4.956407896206599,22.17425146778149,prior,north,-4.956407896206599,0.6713395638629284,0.3805309734513274,False,2.9332808999777598,True,360695.76165333635,503939.98343012284,,32.62418390048502,6.967906558501294,
3724194881070199,2025,panoroma_coarse,360698.43418773764,503941.5210407255,79.67306387451882,-6.63715471041823,11.874902683208001,prior,north,6.63715471041823,0.5235404896421846,0.427061310782241,False,2.5630472859503675,True,360695.94065525633,503938.9929691886,,3.550894243866055,1.015460882746133,
3724194881070199,2025,panoroma_fine,360698.43418773764,503941.5210407255,79.67306387451882,-6.63715471041823,11.874902683208001,prior,north,6.63715471041823,0.5235404896421846,0.427061310782241,False,2.5630472859503675,True,360695.81197514915,503941.55278418586,,2.622404718296002,6.38774968440004,
3724194881070199,2025,panoroma_two_pass,360698.43418773764,503941.5210407255,79.67306387451882,-6.63715471041823,11.874902683208001,prior,north,6.63715471041823,0.5235404896421846,0.427061310782241,False,2.5630472859503675,True,360695.81197514915,503941.55278418586,,2.622404718296002,6.38774968440004,
3724194881070199,2024,panoroma_coarse,360698.43418773764,503941.5210407255,79.67306387451882,-6.63715471041823,11.874902683208001,prior,north,6.63715471041823,0.5894160583941606,0.4196078431372549,False,3.9844896036399398,True,360696.1757135312,503940.0404259802,,2.700541754033769,6.4886746630064716,
3724194881070199,2024,panoroma_fine,360698.43418773764,503941.5210407255,79.67306387451882,-6.63715471041823,11.874902683208001,prior,north,6.63715471041823,0.5894160583941606,0.4196078431372549,False,3.9844896036399398,True,360695.36124313175,503943.94078434445,,3.911284665203712,6.940049249962659,
3724194881070199,2024,panoroma_two_pass,360698.43418773764,503941.5210407255,79.67306387451882,-6.63715471041823,11.874902683208001,prior,north,6.63715471041823,0.5894160583941606,0.4196078431372549,False,3.9844896036399398,True,360695.36124313175,503943.94078434445,,3.911284665203712,6.940049249962659,
2127011918227183,2025,panoroma_coarse,360690.3178709857,503914.0249450132,113.26557597296303,-1.2523605222595222,20.33411220255481,prior,north,1.2523605222595222,0.6733668341708543,0.49746192893401014,False,1.2685815529526898,True,360685.98991805385,503914.5787139582,,4.363236943473686,0.19609188065549243,
2127011918227183,2025,panoroma_fine,360690.3178709857,503914.0249450132,113.26557597296303,-1.2523605222595222,20.33411220255481,prior,north,1.2523605222595222,0.6733668341708543,0.49746192893401014,False,1.2685815529526898,True,360686.98763796175,503913.7952255143,,3.338146647785692,2.054825339326707,
2127011918227183,2025,panoroma_two_pass,360690.3178709857,503914.0249450132,113.26557597296303,-1.2523605222595222,20.33411220255481,prior,north,1.2523605222595222,0.6733668341708543,0.49746192893401014,False,1.2685815529526898,True,360686.98763796175,503913.7952255143,,3.338146647785692,2.054825339326707,
2127011918227183,2024,panoroma_coarse,360690.3178709857,503914.0249450132,113.26557597296303,-1.2523605222595222,20.33411220255481,prior,north,1.2523605222595222,0.7168949771689498,0.5076142131979695,False,1.6124736593946183,True,360685.3200452524,503914.6766695385,,5.040139573220253,10.487670095094902,
2127011918227183,2024,panoroma_fine,360690.3178709857,503914.0249450132,113.26557597296303,-1.2523605222595222,20.33411220255481,prior,north,1.2523605222595222,0.7168949771689498,0.5076142131979695,False,1.6124736593946183,True,360686.87765013735,503914.2596104005,,3.4482150932775646,1.2207747168688403,
2127011918227183,2024,panoroma_two_pass,360690.3178709857,503914.0249450132,113.26557597296303,-1.2523605222595222,20.33411220255481,prior,north,1.2523605222595222,0.7168949771689498,0.5076142131979695,False,1.6124736593946183,True,360686.87765013735,503914.2596104005,,3.4482150932775646,1.2207747168688403,
1050395951111401,2025,panoroma_coarse,360694.0420611825,503880.718190806,80.30233984358654,-1.1804938458912488,24.99097162092474,prior,north,1.1804938458912488,0.6392543859649122,0.6124818577648766,False,2.6630603459109814,True,360704.20015301387,503879.394067565,,10.244029090739975,38.60486252309543,
1050395951111401,2025,panoroma_fine,360694.0420611825,503880.718190806,80.30233984358654,-1.1804938458912488,24.99097162092474,prior,north,1.1804938458912488,0.6392543859649122,0.6124818577648766,False,2.6630603459109814,True,360704.35195757565,503882.0527976718,,10.395919349625178,6.712854073081745,
1050395951111401,2025,panoroma_two_pass,360694.0420611825,503880.718190806,80.30233984358654,-1.1804938458912488,24.99097162092474,prior,north,1.1804938458912488,0.6392543859649122,0.6124818577648766,False,2.6630603459109814,True,360704.35195757565,503882.0527976718,,10.395919349625178,6.712854073081745,
1050395951111401,2024,panoroma_coarse,360694.0420611825,503880.718190806,80.30233984358654,-1.1804938458912488,24.99097162092474,prior,north,1.1804938458912488,0.6593785960874569,0.5335235378031383,False,2.2733808800219,True,360704.76598143316,503880.2039374423,,10.73624338698692,24.557475076413528,
1050395951111401,2024,panoroma_fine,360694.0420611825,503880.718190806,80.30233984358654,-1.1804938458912488,24.99097162092474,prior,north,1.1804938458912488,0.6593785960874569,0.5335235378031383,False,2.2733808800219,True,360703.3113560439,503881.9510280532,,9.350920537887918,6.367028538149256,
1050395951111401,2024,panoroma_two_pass,360694.0420611825,503880.718190806,80.30233984358654,-1.1804938458912488,24.99097162092474,prior,north,1.1804938458912488,0.6593785960874569,0.5335235378031383,False,2.2733808800219,True,360703.3113560439,503881.9510280532,,9.350920537887918,6.367028538149256,
1833929260931559,2025,panoroma_coarse,360699.44298365375,503847.9524849532,78.503812065449,1.851528985061421,16.967743238834757,prior,north,-1.8515289850614067,0.708411214953271,0.4302496328928047,False,3.099483184296089,True,360697.61051094695,503843.9631840904,,4.39004300608886,6.975184812386374,
1833929260931559,2025,panoroma_fine,360699.44298365375,503847.9524849532,78.503812065449,1.851528985061421,16.967743238834757,prior,north,-1.8515289850614067,0.708411214953271,0.4302496328928047,False,3.099483184296089,True,360698.7433703788,503846.8482188419,,1.3072346304772546,0.28489669022283626,
1833929260931559,2025,panoroma_two_pass,360699.44298365375,503847.9524849532,78.503812065449,1.851528985061421,16.967743238834757,prior,north,-1.8515289850614067,0.708411214953271,0.4302496328928047,False,3.099483184296089,True,360698.7433703788,503846.8482188419,,1.3072346304772546,0.28489669022283626,
1833929260931559,2024,panoroma_coarse,360699.44298365375,503847.9524849532,78.503812065449,1.851528985061421,16.967743238834757,prior,north,-1.8515289850614067,0.6797040169133193,0.5164319248826291,False,1.6144332275896554,True,360698.4341551389,503845.66112211836,,2.5036131117515135,6.829548673288671,
1833929260931559,2024,panoroma_fine,360699.44298365375,503847.9524849532,78.503812065449,1.851528985061421,16.967743238834757,prior,north,-1.8515289850614067,0.6797040169133193,0.5164319248826291,False,1.6144332275896554,True,360697.81027781893,503847.1501391552,,1.819199582947268,9.103531684090456,
1833929260931559,2024,panoroma_two_pass,360699.44298365375,503847.9524849532,78.503812065449,1.851528985061421,16.967743238834757,prior,north,-1.8515289850614067,0.6797040169133193,0.5164319248826291,False,1.6144332275896554,True,360697.81027781893,503847.1501391552,,1.819199582947268,9.103531684090456,
1547432720042956,2025,panoroma_coarse,360704.86164560367,503815.27723250724,80.3573212672232,-3.9964615209487704,20.14044734815143,prior,north,3.9964615209487704,0.6565656565656566,0.5907046476761619,False,1.3893625741990097,True,360701.25024665415,503812.02062144893,,4.862891933585518,4.782779879883536,
1547432720042956,2025,panoroma_fine,360704.86164560367,503815.27723250724,80.3573212672232,-3.9964615209487704,20.14044734815143,prior,north,3.9964615209487704,0.6565656565656566,0.5907046476761619,False,1.3893625741990097,True,360702.2386720141,503812.9970146435,,3.47554081514115,2.273983678214264,
1547432720042956,2025,panoroma_two_pass,360704.86164560367,503815.27723250724,80.3573212672232,-3.9964615209487704,20.14044734815143,prior,north,3.9964615209487704,0.6565656565656566,0.5907046476761619,False,1.3893625741990097,True,360702.2386720141,503812.9970146435,,3.47554081514115,2.273983678214264,
1547432720042956,2024,panoroma_coarse,360704.86164560367,503815.27723250724,80.3573212672232,-3.9964615209487704,20.14044734815143,prior,north,3.9964615209487704,0.5907626208378088,0.6002994011976048,False,3.1117672310111844,True,360701.38358796644,503811.99268502276,,4.7838412500507665,1.3098297637568046,
1547432720042956,2024,panoroma_fine,360704.86164560367,503815.27723250724,80.3573212672232,-3.9964615209487704,20.14044734815143,prior,north,3.9964615209487704,0.5907626208378088,0.6002994011976048,False,3.1117672310111844,True,360702.71953380614,503814.80308428506,,2.193959773948302,6.56356266966575,
1547432720042956,2024,panoroma_two_pass,360704.86164560367,503815.27723250724,80.3573212672232,-3.9964615209487704,20.14044734815143,prior,north,3.9964615209487704,0.5907626208378088,0.6002994011976048,False,3.1117672310111844,True,360702.71953380614,503814.80308428506,,2.193959773948302,6.56356266966575,
948728088280240,2025,panoroma_coarse,360720.42209097266,503787.8620452555,31.342302735199002,-0.7030893339949209,12.048001089627288,prior,north,0.7030893339949102,0.6469483568075117,0.48109965635738833,False,2.8017614590743065,True,360718.30030848586,503785.7075048251,,3.0239056512250087,7.43497364734546,
948728088280240,2025,panoroma_fine,360720.42209097266,503787.8620452555,31.342302735199002,-0.7030893339949209,12.048001089627288,prior,north,0.7030893339949102,0.6469483568075117,0.48109965635738833,False,2.8017614590743065,True,360719.6227926647,503783.237504244,,4.693107430247769,3.793160149545172,
948728088280240,2025,panoroma_two_pass,360720.42209097266,503787.8620452555,31.342302735199002,-0.7030893339949209,12.048001089627288,prior,north,0.7030893339949102,0.6469483568075117,0.48109965635738833,False,2.8017614590743065,True,360719.6227926647,503783.237504244,,4.693107430247769,3.793160149545172,
948728088280240,2024,panoroma_coarse,360720.42209097266,503787.8620452555,31.342302735199002,-0.7030893339949209,12.048001089627288,prior,north,0.7030893339949102,0.7098623853211009,0.5287730727470141,False,2.4413670431738206,True,360717.73723671254,503785.30504883826,,3.707650614045433,0.5565310141162827,
948728088280240,2024,panoroma_fine,360720.42209097266,503787.8620452555,31.342302735199002,-0.7030893339949209,12.048001089627288,prior,north,0.7030893339949102,0.7098623853211009,0.5287730727470141,False,2.4413670431738206,True,360720.0003931042,503786.22068860714,,1.694662426367611,0.3608958958465376,
948728088280240,2024,panoroma_two_pass,360720.42209097266,503787.8620452555,31.342302735199002,-0.7030893339949209,12.048001089627288,prior,north,0.7030893339949102,0.7098623853211009,0.5287730727470141,False,2.4413670431738206,True,360720.0003931042,503786.22068860714,,1.694662426367611,0.3608958958465376,
1085515110888108,2025,panoroma_coarse,360727.5431572441,503758.03646339476,81.9371883405536,1.9243925147662821,10.85882330640687,prior,north,-1.9243925147662821,0.7344827586206897,0.5247349823321554,False,1.2764629689310054,True,360725.2129473556,503757.2242722583,,2.467697827269522,2.570748275841364,
1085515110888108,2025,panoroma_fine,360727.5431572441,503758.03646339476,81.9371883405536,1.9243925147662821,10.85882330640687,prior,north,-1.9243925147662821,0.7344827586206897,0.5247349823321554,False,1.2764629689310054,True,360726.2615813857,503757.95209392736,,1.2843499865338803,1.1170149458816,
1085515110888108,2025,panoroma_two_pass,360727.5431572441,503758.03646339476,81.9371883405536,1.9243925147662821,10.85882330640687,prior,north,-1.9243925147662821,0.7344827586206897,0.5247349823321554,False,1.2764629689310054,True,360726.2615813857,503757.95209392736,,1.2843499865338803,1.1170149458816,
1085515110888108,2024,panoroma_coarse,360727.5431572441,503758.03646339476,81.9371883405536,1.9243925147662821,10.85882330640687,prior,north,-1.9243925147662821,0.6826446280991736,0.4647887323943662,False,2.122992197631491,True,360724.6944480531,503756.66836516827,,3.160195692095527,1.7306976960307312,
1085515110888108,2024,panoroma_fine,360727.5431572441,503758.03646339476,81.9371883405536,1.9243925147662821,10.85882330640687,prior,north,-1.9243925147662821,0.6826446280991736,0.4647887323943662,False,2.122992197631491,True,360726.69236854865,503757.3862854734,,1.0707813659668988,0.9308167132220732,
1085515110888108,2024,panoroma_two_pass,360727.5431572441,503758.03646339476,81.9371883405536,1.9243925147662821,10.85882330640687,prior,north,-1.9243925147662821,0.6826446280991736,0.4647887323943662,False,2.122992197631491,True,360726.69236854865,503757.3862854734,,1.0707813659668988,0.9308167132220732,
1414526570784660,2025,panoroma_coarse,360749.53874211723,503742.96506125573,350.7055676122848,-7.359073565521157,28.964543147932854,prior,north,7.359073565521157,0.6010016694490818,0.4185606060606061,False,4.1003625551824205,True,360742.31783060357,503741.37953319197,,7.3929332696267895,6.690489550298671,
1414526570784660,2025,panoroma_fine,360749.53874211723,503742.96506125573,350.7055676122848,-7.359073565521157,28.964543147932854,prior,north,7.359073565521157,0.6010016694490818,0.4185606060606061,False,4.1003625551824205,True,360746.3949111624,503740.9431993737,,3.737860155571823,2.367434652725326,
1414526570784660,2025,panoroma_two_pass,360749.53874211723,503742.96506125573,350.7055676122848,-7.359073565521157,28.964543147932854,prior,north,7.359073565521157,0.6010016694490818,0.4185606060606061,False,4.1003625551824205,True,360746.3949111624,503740.9431993737,,3.737860155571823,2.367434652725326,
1414526570784660,2024,panoroma_coarse,360749.53874211723,503742.96506125573,350.7055676122848,-7.359073565521157,28.964543147932854,prior,north,7.359073565521157,0.398970398970399,0.3996316758747698,False,4.673115264882631,True,360742.9824300149,503741.32259062695,,6.758915456635094,0.6265050510338661,
1414526570784660,2024,panoroma_fine,360749.53874211723,503742.96506125573,350.7055676122848,-7.359073565521157,28.964543147932854,prior,north,7.359073565521157,0.398970398970399,0.3996316758747698,False,4.673115264882631,True,360747.6471123286,503741.0419748924,,2.6975033675811564,0.03807473433373195,
1414526570784660,2024,panoroma_two_pass,360749.53874211723,503742.96506125573,350.7055676122848,-7.359073565521157,28.964543147932854,prior,north,7.359073565521157,0.398970398970399,0.3996316758747698,False,4.673115264882631,True,360747.6471123286,503741.0419748924,,2.6975033675811564,0.03807473433373195,
4655499598016038,2025,panoroma_coarse,360783.9939634348,503748.48009199556,350.10718637867046,-5.604337084580777,8.497585644266257,prior,north,5.604337084580777,0.5624036979969184,0.48314606741573035,False,1.2104294792299075,True,360787.69156159175,503747.396995808,,3.852963727005282,4.606396680942322,
4655499598016038,2025,panoroma_fine,360783.9939634348,503748.48009199556,350.10718637867046,-5.604337084580777,8.497585644266257,prior,north,5.604337084580777,0.5624036979969184,0.48314606741573035,False,1.2104294792299075,True,360786.6496883574,503748.0131448871,,2.696463325601126,10.133371847529533,
4655499598016038,2025,panoroma_two_pass,360783.9939634348,503748.48009199556,350.10718637867046,-5.604337084580777,8.497585644266257,prior,north,5.604337084580777,0.5624036979969184,0.48314606741573035,False,1.2104294792299075,True,360786.6496883574,503748.0131448871,,2.696463325601126,10.133371847529533,
4655499598016038,2024,panoroma_coarse,360783.9939634348,503748.48009199556,350.10718637867046,-5.604337084580777,8.497585644266257,prior,north,5.604337084580777,0.6611295681063123,0.5188087774294671,False,2.1856235539553377,True,360788.4637640602,503747.2834995187,,4.627196903743846,5.868942311408039,
4655499598016038,2024,panoroma_fine,360783.9939634348,503748.48009199556,350.10718637867046,-5.604337084580777,8.497585644266257,prior,north,5.604337084580777,0.6611295681063123,0.5188087774294671,False,2.1856235539553377,True,360786.30216337397,503747.6066601491,,2.4679283112439148,5.666030299930841,
4655499598016038,2024,panoroma_two_pass,360783.9939634348,503748.48009199556,350.10718637867046,-5.604337084580777,8.497585644266257,prior,north,5.604337084580777,0.6611295681063123,0.5188087774294671,False,2.1856235539553377,True,360786.30216337397,503747.6066601491,,2.4679283112439148,5.666030299930841,
3033300290207352,2025,panoroma_coarse,360817.63395764213,503753.72948514856,351.99106902931936,-4.479097542094394,24.283266444051378,prior,north,4.479097542094394,0.5521191294387171,0.38866396761133604,False,2.7596211015583303,True,360795.69148456765,503749.1512252883,,22.415008096641976,11.80868577466406,
3033300290207352,2025,panoroma_fine,360817.63395764213,503753.72948514856,351.99106902931936,-4.479097542094394,24.283266444051378,prior,north,4.479097542094394,0.5521191294387171,0.38866396761133604,False,2.7596211015583303,True,360798.44631211634,503748.98864053795,,19.764648958311085,3.4522502870181704,
3033300290207352,2025,panoroma_two_pass,360817.63395764213,503753.72948514856,351.99106902931936,-4.479097542094394,24.283266444051378,prior,north,4.479097542094394,0.5521191294387171,0.38866396761133604,False,2.7596211015583303,True,360798.44631211634,503748.98864053795,,19.764648958311085,3.4522502870181704,
3033300290207352,2024,panoroma_coarse,360817.63395764213,503753.72948514856,351.99106902931936,-4.479097542094394,24.283266444051378,prior,north,4.479097542094394,0.39473684210526316,0.3597733711048159,False,0.11764713190296808,True,360808.9737465927,503754.29716029356,,8.678796603842839,10.742759747562037,
3033300290207352,2024,panoroma_fine,360817.63395764213,503753.72948514856,351.99106902931936,-4.479097542094394,24.283266444051378,prior,north,4.479097542094394,0.39473684210526316,0.3597733711048159,False,0.11764713190296808,True,360808.9019979757,503754.3903964646,,8.756935730243228,4.4678339490766605,
3033300290207352,2024,panoroma_two_pass,360817.63395764213,503753.72948514856,351.99106902931936,-4.479097542094394,24.283266444051378,prior,north,4.479097542094394,0.39473684210526316,0.3597733711048159,False,0.11764713190296808,True,360808.9019979757,503754.3903964646,,8.756935730243228,4.4678339490766605,
1423796489689610,2025,panoroma_coarse,360849.0187159285,503754.3348842468,5.7238110324634,9.87751076958628,21.3253140751009,prior,north,-9.87751076958628,0.34288537549407117,0.4164904862579281,False,5.595618364381238,True,360879.8668222527,503741.8330725334,,33.285146235319154,7.488965383654201,
1423796489689610,2025,panoroma_fine,360849.0187159285,503754.3348842468,5.7238110324634,9.87751076958628,21.3253140751009,prior,north,-9.87751076958628,0.34288537549407117,0.4164904862579281,False,5.595618364381238,True,360875.3671230775,503745.1592794141,,27.90036349829054,13.603149596709363,
1423796489689610,2025,panoroma_two_pass,360849.0187159285,503754.3348842468,5.7238110324634,9.87751076958628,21.3253140751009,prior,north,-9.87751076958628,0.34288537549407117,0.4164904862579281,False,5.595618364381238,True,360875.3671230775,503745.1592794141,,27.90036349829054,13.603149596709363,
1423796489689610,2024,panoroma_coarse,360849.0187159285,503754.3348842468,5.7238110324634,9.87751076958628,21.3253140751009,prior,north,-9.87751076958628,0.5895833333333333,0.33076074972436603,False,4.799592460851325,True,360880.9776397575,503743.3096989367,,33.80721111584577,14.140112146088292,
1423796489689610,2024,panoroma_fine,360849.0187159285,503754.3348842468,5.7238110324634,9.87751076958628,21.3253140751009,prior,north,-9.87751076958628,0.5895833333333333,0.33076074972436603,False,4.799592460851325,True,360876.9342566187,503745.8956495518,,29.163300469352244,12.777136849632303,
1423796489689610,2024,panoroma_two_pass,360849.0187159285,503754.3348842468,5.7238110324634,9.87751076958628,21.3253140751009,prior,north,-9.87751076958628,0.5895833333333333,0.33076074972436603,False,4.799592460851325,True,360876.9342566187,503745.8956495518,,29.163300469352244,12.777136849632303,
2132600394311539,2025,panoroma_coarse,360880.1354032153,503744.7996306652,26.658949271794334,6.4609772203970905,6.985901107902148,prior,north,-6.460977220397098,0.570964247020585,0.36477272727272725,False,3.962829528210649,True,360881.9366667132,503741.46625064046,,3.7889276290786147,7.446107374741854,
2132600394311539,2025,panoroma_fine,360880.1354032153,503744.7996306652,26.658949271794334,6.4609772203970905,6.985901107902148,prior,north,-6.460977220397098,0.570964247020585,0.36477272727272725,False,3.962829528210649,True,360878.7541121776,503743.8274716164,,1.6890998037725447,7.514571818999496,
2132600394311539,2025,panoroma_two_pass,360880.1354032153,503744.7996306652,26.658949271794334,6.4609772203970905,6.985901107902148,prior,north,-6.460977220397098,0.570964247020585,0.36477272727272725,False,3.962829528210649,True,360878.7541121776,503743.8274716164,,1.6890998037725447,7.514571818999496,
2132600394311539,2024,panoroma_coarse,360880.1354032153,503744.7996306652,26.658949271794334,6.4609772203970905,6.985901107902148,prior,north,-6.460977220397098,0.6280137772675086,0.4305396096440873,False,2.6116322780401884,True,360879.0617772339,503741.878974882,,3.111736324292562,11.72384316340017,
2132600394311539,2024,panoroma_fine,360880.1354032153,503744.7996306652,26.658949271794334,6.4609772203970905,6.985901107902148,prior,north,-6.460977220397098,0.6280137772675086,0.4305396096440873,False,2.6116322780401884,True,360877.49684929027,503743.96981769934,,2.7659639140180596,5.394273469620039,
2132600394311539,2024,panoroma_two_pass,360880.1354032153,503744.7996306652,26.658949271794334,6.4609772203970905,6.985901107902148,prior,north,-6.460977220397098,0.6280137772675086,0.4305396096440873,False,2.6116322780401884,True,360877.49684929027,503743.96981769934,,2.7659639140180596,5.394273469620039,
989523250818847,2025,panoroma_coarse,360908.6289439254,503724.0568379499,34.753324911071644,-4.744037194425189,19.700842620780378,prior,north,4.744037194425175,0.5207373271889401,0.41506849315068495,False,4.4461779564313435,True,360911.5076045863,503720.78968109435,,4.354423167263537,1.2655565548337266,
989523250818847,2025,panoroma_fine,360908.6289439254,503724.0568379499,34.753324911071644,-4.744037194425189,19.700842620780378,prior,north,4.744037194425175,0.5207373271889401,0.41506849315068495,False,4.4461779564313435,True,360907.7272569573,503723.13008068077,,1.2930268459075043,2.667849728080319,
989523250818847,2025,panoroma_two_pass,360908.6289439254,503724.0568379499,34.753324911071644,-4.744037194425189,19.700842620780378,prior,north,4.744037194425175,0.5207373271889401,0.41506849315068495,False,4.4461779564313435,True,360907.7272569573,503723.13008068077,,1.2930268459075043,2.667849728080319,
989523250818847,2024,panoroma_coarse,360908.6289439254,503724.0568379499,34.753324911071644,-4.744037194425189,19.700842620780378,prior,north,4.744037194425175,0.5431034482758621,0.4266666666666667,False,5.193580684064654,True,360910.30856496515,503720.5235510965,,3.9121915630085664,2.9930003414760775,
989523250818847,2024,panoroma_fine,360908.6289439254,503724.0568379499,34.753324911071644,-4.744037194425189,19.700842620780378,prior,north,4.744037194425175,0.5431034482758621,0.4266666666666667,False,5.193580684064654,True,360906.4555864535,503724.0060554986,,2.1739506797404293,0.09239074543276284,
989523250818847,2024,panoroma_two_pass,360908.6289439254,503724.0568379499,34.753324911071644,-4.744037194425189,19.700842620780378,prior,north,4.744037194425175,0.5431034482758621,0.4266666666666667,False,5.193580684064654,True,360906.4555864535,503724.0060554986,,2.1739506797404293,0.09239074543276284,
1632250488424820,2025,panoroma_coarse,360931.21201359126,503742.673667931,307.71114265255073,-4.238741015149117,8.296340545500817,prior,north,4.238741015149117,0.38873626373626374,0.3914209115281501,False,3.3184975183496626,True,360927.9609705333,503741.9490766468,,3.3308127377109873,2.6063003410745074,
1632250488424820,2025,panoroma_fine,360931.21201359126,503742.673667931,307.71114265255073,-4.238741015149117,8.296340545500817,prior,north,4.238741015149117,0.38873626373626374,0.3914209115281501,False,3.3184975183496626,True,360931.14675800793,503742.8781535789,,0.2146454550031795,4.112637801186043,
1632250488424820,2025,panoroma_two_pass,360931.21201359126,503742.673667931,307.71114265255073,-4.238741015149117,8.296340545500817,prior,north,4.238741015149117,0.38873626373626374,0.3914209115281501,False,3.3184975183496626,True,360931.14675800793,503742.8781535789,,0.2146454550031795,4.112637801186043,
1632250488424820,2024,panoroma_coarse,360931.21201359126,503742.673667931,307.71114265255073,-4.238741015149117,8.296340545500817,prior,north,4.238741015149117,0.4098984771573604,0.410427807486631,False,0.9262685549610405,True,360929.26285087015,503743.2657606134,,2.037108013308745,3.0844184458662367,
1632250488424820,2024,panoroma_fine,360931.21201359126,503742.673667931,307.71114265255073,-4.238741015149117,8.296340545500817,prior,north,4.238741015149117,0.4098984771573604,0.410427807486631,False,0.9262685549610405,True,360930.0711666328,503742.8134343332,,1.1493765395938447,1.0977978588214656,
1632250488424820,2024,panoroma_two_pass,360931.21201359126,503742.673667931,307.71114265255073,-4.238741015149117,8.296340545500817,prior,north,4.238741015149117,0.4098984771573604,0.410427807486631,False,0.9262685549610405,True,360930.0711666328,503742.8134343332,,1.1493765395938447,1.0977978588214656,
2077858049513350,2025,panoroma_coarse,360958.9264981925,503738.99869255535,36.57943141067384,0.8628324443774247,15.720749995554163,prior,north,-0.8628324443774318,0.6063708759954494,0.3934226552984166,False,0.7288553938577315,True,360955.1368202276,503740.1591440194,,3.963370620808722,1.9059161201410941,
2077858049513350,2025,panoroma_fine,360958.9264981925,503738.99869255535,36.57943141067384,0.8628324443774247,15.720749995554163,prior,north,-0.8628324443774318,0.6063708759954494,0.3934226552984166,False,0.7288553938577315,True,360955.7854255092,503740.4916216485,,3.477811794605974,3.7676052787100884,
2077858049513350,2025,panoroma_two_pass,360958.9264981925,503738.99869255535,36.57943141067384,0.8628324443774247,15.720749995554163,prior,north,-0.8628324443774318,0.6063708759954494,0.3934226552984166,False,0.7288553938577315,True,360955.7854255092,503740.4916216485,,3.477811794605974,3.7676052787100884,
2077858049513350,2024,panoroma_coarse,360958.9264981925,503738.99869255535,36.57943141067384,0.8628324443774247,15.720749995554163,prior,north,-0.8628324443774318,0.621436716077537,0.45869297163995065,False,1.5046232463533327,True,360956.6074134081,503739.21926319436,,2.3295505239996723,1.1389000448842745,
2077858049513350,2024,panoroma_fine,360958.9264981925,503738.99869255535,36.57943141067384,0.8628324443774247,15.720749995554163,prior,north,-0.8628324443774318,0.621436716077537,0.45869297163995065,False,1.5046232463533327,True,360955.2673322905,503739.9034223217,,3.769354195156111,1.3910809669504387,
2077858049513350,2024,panoroma_two_pass,360958.9264981925,503738.99869255535,36.57943141067384,0.8628324443774247,15.720749995554163,prior,north,-0.8628324443774318,0.621436716077537,0.45869297163995065,False,1.5046232463533327,True,360955.2673322905,503739.9034223217,,3.769354195156111,1.3910809669504387,
1589393802867647,2025,panoroma_coarse,360989.10427757644,503724.1385183977,3.2836355909824206,3.791449615632061,13.620486228676821,prior,north,-3.791449615632075,0.7137367915465899,0.5357474466109564,False,0.9003406823736012,True,360986.41007615824,503723.52275527443,,2.7636724671702577,11.019188683706306,
1589393802867647,2025,panoroma_fine,360989.10427757644,503724.1385183977,3.2836355909824206,3.791449615632061,13.620486228676821,prior,north,-3.791449615632075,0.7137367915465899,0.5357474466109564,False,0.9003406823736012,True,360985.6760074055,503724.0440578838,,3.4295712783934893,3.2498628817175828,
1589393802867647,2025,panoroma_two_pass,360989.10427757644,503724.1385183977,3.2836355909824206,3.791449615632061,13.620486228676821,prior,north,-3.791449615632075,0.7137367915465899,0.5357474466109564,False,0.9003406823736012,True,360985.6760074055,503724.0440578838,,3.4295712783934893,3.2498628817175828,
1589393802867647,2024,panoroma_coarse,360989.10427757644,503724.1385183977,3.2836355909824206,3.791449615632061,13.620486228676821,prior,north,-3.791449615632075,0.7343895619757689,0.5584176632934683,False,1.6261711276628437,True,360983.47208746546,503724.98756237736,,5.695826641110113,1.9803524166933708,
1589393802867647,2024,panoroma_fine,360989.10427757644,503724.1385183977,3.2836355909824206,3.791449615632061,13.620486228676821,prior,north,-3.791449615632075,0.7343895619757689,0.5584176632934683,False,1.6261711276628437,True,360984.95880987495,503724.3287080584,,4.149828258023275,0.23781324184582997,
1589393802867647,2024,panoroma_two_pass,360989.10427757644,503724.1385183977,3.2836355909824206,3.791449615632061,13.620486228676821,prior,north,-3.791449615632075,0.7343895619757689,0.5584176632934683,False,1.6261711276628437,True,360984.95880987495,503724.3287080584,,4.149828258023275,0.23781324184582997,
1390751626576697,2025,panoroma_coarse,361021.37273823074,503733.2989859199,327.7075825822231,4.1328737014398484,2.718628931427968,prior,north,-4.1328737014398484,0.7837465564738292,0.46940822467402205,False,0.9436467454331926,True,361021.42194812075,503734.66750546003,,1.3694040108616394,2.4479066376972596,
1390751626576697,2025,panoroma_fine,361021.37273823074,503733.2989859199,327.7075825822231,4.1328737014398484,2.718628931427968,prior,north,-4.1328737014398484,0.7837465564738292,0.46940822467402205,False,0.9436467454331926,True,361020.5324314066,503734.35249880055,,1.3475922782316423,2.0845903521921882,
1390751626576697,2025,panoroma_two_pass,361021.37273823074,503733.2989859199,327.7075825822231,4.1328737014398484,2.718628931427968,prior,north,-4.1328737014398484,0.7837465564738292,0.46940822467402205,False,0.9436467454331926,True,361020.5324314066,503734.35249880055,,1.3475922782316423,2.0845903521921882,
1390751626576697,2024,panoroma_coarse,361021.37273823074,503733.2989859199,327.7075825822231,4.1328737014398484,2.718628931427968,prior,north,-4.1328737014398484,0.7201291711517761,0.4785214785214785,False,1.4240138592362614,True,361019.9269182814,503735.13613438566,,2.337842982544711,5.6404215713608385,
1390751626576697,2024,panoroma_fine,361021.37273823074,503733.2989859199,327.7075825822231,4.1328737014398484,2.718628931427968,prior,north,-4.1328737014398484,0.7201291711517761,0.4785214785214785,False,1.4240138592362614,True,361021.20174238237,503734.5015959842,,1.2147059508005782,1.3310131862307935,
1390751626576697,2024,panoroma_two_pass,361021.37273823074,503733.2989859199,327.7075825822231,4.1328737014398484,2.718628931427968,prior,north,-4.1328737014398484,0.7201291711517761,0.4785214785214785,False,1.4240138592362614,True,361021.20174238237,503734.5015959842,,1.2147059508005782,1.3310131862307935,
1779130370087030,2025,panoroma_coarse,361045.8460264687,503753.44114216417,320.3654600271832,6.206946733515508,23.27192846161696,prior,north,-6.206946733515508,0.306803594351733,0.5930680359435173,True,6.3397239238537,True,361062.2935343266,503787.4714448217,,37.79658732873256,13.669996953490116,
1779130370087030,2025,panoroma_fine,361045.8460264687,503753.44114216417,320.3654600271832,6.206946733515508,23.27192846161696,prior,north,-6.206946733515508,0.306803594351733,0.5930680359435173,True,6.3397239238537,True,361068.4830036901,503786.0993776115,,39.7365459024098,10.285366791183783,
1779130370087030,2025,panoroma_two_pass,361045.8460264687,503753.44114216417,320.3654600271832,6.206946733515508,23.27192846161696,prior,north,-6.206946733515508,0.306803594351733,0.5930680359435173,True,6.3397239238537,True,361062.2935343266,503787.4714448217,,37.79658732873256,13.669996953490116,
1779130370087030,2024,panoroma_coarse,361045.8460264687,503753.44114216417,320.3654600271832,6.206946733515508,23.27192846161696,prior,north,-6.206946733515508,0.4462729912875121,0.5570552147239264,False,3.96557618434648,True,361047.6151671344,503757.81994692504,,4.722688834644564,7.670202214689391,
1779130370087030,2024,panoroma_fine,361045.8460264687,503753.44114216417,320.3654600271832,6.206946733515508,23.27192846161696,prior,north,-6.206946733515508,0.4462729912875121,0.5570552147239264,False,3.96557618434648,True,361045.4365136842,503754.50644973654,,1.1413066828729586,1.0914358394296075,
1779130370087030,2024,panoroma_two_pass,361045.8460264687,503753.44114216417,320.3654600271832,6.206946733515508,23.27192846161696,prior,north,-6.206946733515508,0.4462729912875121,0.5570552147239264,False,3.96557618434648,True,361045.4365136842,503754.50644973654,,1.1413066828729586,1.0914358394296075,
1081892811088637,2025,panoroma_coarse,361071.6103484227,503775.00968521927,319.9919728113934,-7.209987336558186,14.789272543165287,prior,north,7.209987336558186,0.6417489421720733,0.4710860366713681,False,3.78706153418028,True,361072.2555029649,503773.37806016643,,1.7545440137875004,5.19581293667189,
1081892811088637,2025,panoroma_fine,361071.6103484227,503775.00968521927,319.9919728113934,-7.209987336558186,14.789272543165287,prior,north,7.209987336558186,0.6417489421720733,0.4710860366713681,False,3.78706153418028,True,361073.85764009535,503776.8095309413,,2.8791951106154365,10.504809932192604,
1081892811088637,2025,panoroma_two_pass,361071.6103484227,503775.00968521927,319.9919728113934,-7.209987336558186,14.789272543165287,prior,north,7.209987336558186,0.6417489421720733,0.4710860366713681,False,3.78706153418028,True,361073.85764009535,503776.8095309413,,2.8791951106154365,10.504809932192604,
1081892811088637,2024,panoroma_coarse,361071.6103484227,503775.00968521927,319.9919728113934,-7.209987336558186,14.789272543165287,prior,north,7.209987336558186,0.6787974683544303,0.39731543624161075,False,3.0033162452002284,True,361071.14599095477,503771.16846003645,,3.8691909701010903,6.8020726275127865,
1081892811088637,2024,panoroma_fine,361071.6103484227,503775.00968521927,319.9919728113934,-7.209987336558186,14.789272543165287,prior,north,7.209987336558186,0.6787974683544303,0.39731543624161075,False,3.0033162452002284,True,361071.7559617513,503774.1091817329,,0.9122005099521726,8.908171620700614,
1081892811088637,2024,panoroma_two_pass,361071.6103484227,503775.00968521927,319.9919728113934,-7.209987336558186,14.789272543165287,prior,north,7.209987336558186,0.6787974683544303,0.39731543624161075,False,3.0033162452002284,True,361071.7559617513,503774.1091817329,,0.9122005099521726,8.908171620700614,
1571657080838112,2025,panoroma_coarse,361097.6871538623,503796.1688923789,321.71023488531455,-8.181697797323295,14.601379036572121,prior,north,8.181697797323295,0.7744874715261959,0.5181723779854621,False,2.579590790966582,True,361095.55434905743,503797.9633522738,,2.78728230541797,0.012382093693495622,
1571657080838112,2025,panoroma_fine,361097.6871538623,503796.1688923789,321.71023488531455,-8.181697797323295,14.601379036572121,prior,north,8.181697797323295,0.7744874715261959,0.5181723779854621,False,2.579590790966582,True,361097.25385880977,503796.02274534537,,0.45727842501624316,4.9679208136517286,
1571657080838112,2025,panoroma_two_pass,361097.6871538623,503796.1688923789,321.71023488531455,-8.181697797323295,14.601379036572121,prior,north,8.181697797323295,0.7744874715261959,0.5181723779854621,False,2.579590790966582,True,361097.25385880977,503796.02274534537,,0.45727842501624316,4.9679208136517286,
1571657080838112,2024,panoroma_coarse,361097.6871538623,503796.1688923789,321.71023488531455,-8.181697797323295,14.601379036572121,prior,north,8.181697797323295,0.7076923076923077,0.5072604065827686,False,0.6035653815582035,True,361097.31479323027,503794.74743490125,,1.4694195456475885,13.177440736753177,
1571657080838112,2024,panoroma_fine,361097.6871538623,503796.1688923789,321.71023488531455,-8.181697797323295,14.601379036572121,prior,north,8.181697797323295,0.7076923076923077,0.5072604065827686,False,0.6035653815582035,True,361097.1652520117,503795.33218150766,,0.9861372236082087,4.503901801541743,
1571657080838112,2024,panoroma_two_pass,361097.6871538623,503796.1688923789,321.71023488531455,-8.181697797323295,14.601379036572121,prior,north,8.181697797323295,0.7076923076923077,0.5072604065827686,False,0.6035653815582035,True,361097.1652520117,503795.33218150766,,0.9861372236082087,4.503901801541743,
952888117221424,2025,panoroma_coarse,361123.05922481813,503818.2571096383,316.61607292312294,-7.783075920117881,3.7028244098169445,prior,north,7.783075920117881,0.6305418719211823,0.5584415584415584,False,3.7786238767591174,True,361120.2726443255,503813.5621424864,,5.459647186348431,0.7666500454459163,
952888117221424,2025,panoroma_fine,361123.05922481813,503818.2571096383,316.61607292312294,-7.783075920117881,3.7028244098169445,prior,north,7.783075920117881,0.6305418719211823,0.5584415584415584,False,3.7786238767591174,True,361122.9877150748,503816.1901434812,,2.0682027797229665,5.244293026495249,
952888117221424,2025,panoroma_two_pass,361123.05922481813,503818.2571096383,316.61607292312294,-7.783075920117881,3.7028244098169445,prior,north,7.783075920117881,0.6305418719211823,0.5584415584415584,False,3.7786238767591174,True,361122.9877150748,503816.1901434812,,2.0682027797229665,5.244293026495249,
952888117221424,2024,panoroma_coarse,361123.05922481813,503818.2571096383,316.61607292312294,-7.783075920117881,3.7028244098169445,prior,north,7.783075920117881,0.47459349593495936,0.5392038600723763,False,1.5356239991001015,True,361123.07025378535,503815.9313231516,,2.325812636417688,8.026594520608663,
952888117221424,2024,panoroma_fine,361123.05922481813,503818.2571096383,316.61607292312294,-7.783075920117881,3.7028244098169445,prior,north,7.783075920117881,0.47459349593495936,0.5392038600723763,False,1.5356239991001015,True,361123.15820717654,503817.4644263013,,0.798839395644762,2.840055267012237,
952888117221424,2024,panoroma_two_pass,361123.05922481813,503818.2571096383,316.61607292312294,-7.783075920117881,3.7028244098169445,prior,north,7.783075920117881,0.47459349593495936,0.5392038600723763,False,1.5356239991001015,True,361123.15820717654,503817.4644263013,,0.798839395644762,2.840055267012237,
1088755186866756,2025,panoroma_coarse,361149.29993063095,503840.03393467236,320.98889387954176,-8.863630300116938,18.217226499267987,prior,north,8.863630300116938,0.6847710330138446,0.5108932461873639,False,3.134140507222944,True,361148.3876336762,503836.9673383032,,3.199421670385291,3.0443680102655923,
1088755186866756,2025,panoroma_fine,361149.29993063095,503840.03393467236,320.98889387954176,-8.863630300116938,18.217226499267987,prior,north,8.863630300116938,0.6847710330138446,0.5108932461873639,False,3.134140507222944,True,361150.4242970467,503839.34953036817,,1.3162860967141496,9.199872822943503,
1088755186866756,2025,panoroma_two_pass,361149.29993063095,503840.03393467236,320.98889387954176,-8.863630300116938,18.217226499267987,prior,north,8.863630300116938,0.6847710330138446,0.5108932461873639,False,3.134140507222944,True,361150.4242970467,503839.34953036817,,1.3162860967141496,9.199872822943503,
1088755186866756,2024,panoroma_coarse,361149.29993063095,503840.03393467236,320.98889387954176,-8.863630300116938,18.217226499267987,prior,north,8.863630300116938,0.5626459143968872,0.5089285714285714,False,4.333954062746488,True,361137.58595870197,503831.1821578131,,14.68233945660972,6.473315505538361,
1088755186866756,2024,panoroma_fine,361149.29993063095,503840.03393467236,320.98889387954176,-8.863630300116938,18.217226499267987,prior,north,8.863630300116938,0.5626459143968872,0.5089285714285714,False,4.333954062746488,True,361141.6438549903,503832.7042075925,,10.599075114370807,0.924232295206068,
1088755186866756,2024,panoroma_two_pass,361149.29993063095,503840.03393467236,320.98889387954176,-8.863630300116938,18.217226499267987,prior,north,8.863630300116938,0.5626459143968872,0.5089285714285714,False,4.333954062746488,True,361141.6438549903,503832.7042075925,,10.599075114370807,0.924232295206068,
1666620238369939,2025,panoroma_coarse,361173.00583708816,503862.9563626265,292.94851285843356,6.397136339237818,13.164329464393255,prior,north,-6.397136339237818,0.7806215722120659,0.5339366515837104,False,0.8314303325464004,True,361175.2813826425,503863.6214341285,,2.3707441179248527,0.769269589348679,
1666620238369939,2025,panoroma_fine,361173.00583708816,503862.9563626265,292.94851285843356,6.397136339237818,13.164329464393255,prior,north,-6.397136339237818,0.7806215722120659,0.5339366515837104,False,0.8314303325464004,True,361174.49729107623,503863.8979785437,,1.7638241221979112,2.116356520925076,
1666620238369939,2025,panoroma_two_pass,361173.00583708816,503862.9563626265,292.94851285843356,6.397136339237818,13.164329464393255,prior,north,-6.397136339237818,0.7806215722120659,0.5339366515837104,False,0.8314303325464004,True,361174.49729107623,503863.8979785437,,1.7638241221979112,2.116356520925076,
1666620238369939,2024,panoroma_coarse,361173.00583708816,503862.9563626265,292.94851285843356,6.397136339237818,13.164329464393255,prior,north,-6.397136339237818,0.7442273534635879,0.5517241379310345,False,1.4644719804920838,True,361174.7478169875,503862.62330124405,,1.7735342833537826,1.2752368718393636,
1666620238369939,2024,panoroma_fine,361173.00583708816,503862.9563626265,292.94851285843356,6.397136339237818,13.164329464393255,prior,north,-6.397136339237818,0.7442273534635879,0.5517241379310345,False,1.4644719804920838,True,361173.30734052043,503862.3592828178,,0.6688861021423649,6.885746106179665,
1666620238369939,2024,panoroma_two_pass,361173.00583708816,503862.9563626265,292.94851285843356,6.397136339237818,13.164329464393255,prior,north,-6.397136339237818,0.7442273534635879,0.5517241379310345,False,1.4644719804920838,True,361173.30734052043,503862.3592828178,,0.6688861021423649,6.885746106179665,
1762029464919045,2025,panoroma_coarse,361156.16527727724,503890.4513906976,230.02804423733778,3.1326421045083066,23.605552969646,prior,north,-3.1326421045083066,0.46788990825688076,0.4487004103967168,False,3.600414115723656,True,361149.67077533394,503896.6205909919,,8.957543623262174,23.41284811386954,
1762029464919045,2025,panoroma_fine,361156.16527727724,503890.4513906976,230.02804423733778,3.1326421045083066,23.605552969646,prior,north,-3.1326421045083066,0.46788990825688076,0.4487004103967168,False,3.600414115723656,True,361153.18865760637,503895.854114559,,6.168443060241992,3.6175932470977283,
1762029464919045,2025,panoroma_two_pass,361156.16527727724,503890.4513906976,230.02804423733778,3.1326421045083066,23.605552969646,prior,north,-3.1326421045083066,0.46788990825688076,0.4487004103967168,False,3.600414115723656,True,361153.18865760637,503895.854114559,,6.168443060241992,3.6175932470977283,
1762029464919045,2024,panoroma_coarse,361156.16527727724,503890.4513906976,230.02804423733778,3.1326421045083066,23.605552969646,prior,north,-3.1326421045083066,0.48370927318295737,0.46153846153846156,False,3.8762277418653546,True,361150.13113212,503894.6461051497,,7.34891400911677,13.78085086000276,
1762029464919045,2024,panoroma_fine,361156.16527727724,503890.4513906976,230.02804423733778,3.1326421045083066,23.605552969646,prior,north,-3.1326421045083066,0.48370927318295737,0.46153846153846156,False,3.8762277418653546,True,361153.9193803405,503893.82493712375,,4.052760607253189,0.977280886473614,
1762029464919045,2024,panoroma_two_pass,361156.16527727724,503890.4513906976,230.02804423733778,3.1326421045083066,23.605552969646,prior,north,-3.1326421045083066,0.48370927318295737,0.46153846153846156,False,3.8762277418653546,True,361153.9193803405,503893.82493712375,,4.052760607253189,0.977280886473614,
1132839019071351,2025,panoroma_coarse,361142.207623885,503903.8411272457,30.809075166005442,-8.058651102678024,3.8188374497366575,prior,north,8.058651102678027,0.5664451827242525,0.4855195911413969,False,1.2497822005871975,True,361142.4778335087,503907.1827807994,,3.352560471304683,4.586902405686095,
1132839019071351,2025,panoroma_fine,361142.207623885,503903.8411272457,30.809075166005442,-8.058651102678024,3.8188374497366575,prior,north,8.058651102678027,0.5664451827242525,0.4855195911413969,False,1.2497822005871975,True,361142.84323190444,503905.98760735535,,2.2386099292903836,4.16422399207129,
1132839019071351,2025,panoroma_two_pass,361142.207623885,503903.8411272457,30.809075166005442,-8.058651102678024,3.8188374497366575,prior,north,8.058651102678027,0.5664451827242525,0.4855195911413969,False,1.2497822005871975,True,361142.84323190444,503905.98760735535,,2.2386099292903836,4.16422399207129,
1132839019071351,2024,panoroma_coarse,361142.207623885,503903.8411272457,30.809075166005442,-8.058651102678024,3.8188374497366575,prior,north,8.058651102678027,0.8065693430656934,0.5618556701030928,False,1.3592604311270884,True,361140.747675722,503905.27945964393,,2.0494508353546586,2.0026079570600026,
1132839019071351,2024,panoroma_fine,361142.207623885,503903.8411272457,30.809075166005442,-8.058651102678024,3.8188374497366575,prior,north,8.058651102678027,0.8065693430656934,0.5618556701030928,False,1.3592604311270884,True,361142.1027028983,503905.17226696195,,1.335268271792958,4.446356811062533,
1132839019071351,2024,panoroma_two_pass,361142.207623885,503903.8411272457,30.809075166005442,-8.058651102678024,3.8188374497366575,prior,north,8.058651102678027,0.8065693430656934,0.5618556701030928,False,1.3592604311270884,True,361142.1027028983,503905.17226696195,,1.335268271792958,4.446356811062533,
1796949328283937,2025,panoroma_coarse,361165.4447950305,503879.9005597392,49.11875024070156,-7.311398965044141,20.857311115588583,prior,north,7.311398965044134,0.6926605504587156,0.4097560975609756,False,1.953261884837926,True,361169.16618714074,503877.4536019121,,4.45380307667759,6.713389212541871,
1796949328283937,2025,panoroma_fine,361165.4447950305,503879.9005597392,49.11875024070156,-7.311398965044141,20.857311115588583,prior,north,7.311398965044134,0.6926605504587156,0.4097560975609756,False,1.953261884837926,True,361168.66754234134,503879.3421424477,,3.2707690381391172,4.91171787466439,
1796949328283937,2025,panoroma_two_pass,361165.4447950305,503879.9005597392,49.11875024070156,-7.311398965044141,20.857311115588583,prior,north,7.311398965044134,0.6926605504587156,0.4097560975609756,False,1.953261884837926,True,361168.66754234134,503879.3421424477,,3.2707690381391172,4.91171787466439,
1796949328283937,2024,panoroma_coarse,361165.4447950305,503879.9005597392,49.11875024070156,-7.311398965044141,20.857311115588583,prior,north,7.311398965044134,0.7269565217391304,0.4280701754385965,False,5.138175690705372,True,361170.5032158887,503878.35892834596,,5.28812338462706,6.452744565244912,
1796949328283937,2024,panoroma_fine,361165.4447950305,503879.9005597392,49.11875024070156,-7.311398965044141,20.857311115588583,prior,north,7.311398965044134,0.7269565217391304,0.4280701754385965,False,5.138175690705372,True,361165.6455363774,503880.0333832405,,0.2407055687791837,2.7253018243144864,
1796949328283937,2024,panoroma_two_pass,361165.4447950305,503879.9005597392,49.11875024070156,-7.311398965044141,20.857311115588583,prior,north,7.311398965044134,0.7269565217391304,0.4280701754385965,False,5.138175690705372,True,361165.6455363774,503880.0333832405,,0.2407055687791837,2.7253018243144864,
1457053619817270,2025,panoroma_coarse,361163.461901341,503852.34058410395,137.93171992162561,-6.666266701522943,23.65700984246289,prior,north,6.666266701522943,0.6896,0.5568181818181818,False,3.643012331700221,True,361175.80451320816,503863.5416463894,,16.667449235755935,11.235485323513373,
1457053619817270,2025,panoroma_fine,361163.461901341,503852.34058410395,137.93171992162561,-6.666266701522943,23.65700984246289,prior,north,6.666266701522943,0.6896,0.5568181818181818,False,3.643012331700221,True,361176.1950580533,503867.16366427625,,19.541161317966488,4.781812534264407,
1457053619817270,2025,panoroma_two_pass,361163.461901341,503852.34058410395,137.93171992162561,-6.666266701522943,23.65700984246289,prior,north,6.666266701522943,0.6896,0.5568181818181818,False,3.643012331700221,True,361176.1950580533,503867.16366427625,,19.541161317966488,4.781812534264407,
1457053619817270,2024,panoroma_coarse,361163.461901341,503852.34058410395,137.93171992162561,-6.666266701522943,23.65700984246289,prior,north,6.666266701522943,0.6581632653061225,0.5794270833333334,False,2.5792391688663847,True,361174.9068681192,503863.57726902614,,16.03902592413287,0.7439936177465075,
1457053619817270,2024,panoroma_fine,361163.461901341,503852.34058410395,137.93171992162561,-6.666266701522943,23.65700984246289,prior,north,6.666266701522943,0.6581632653061225,0.5794270833333334,False,2.5792391688663847,True,361175.4747737357,503866.09320978477,,18.260444033156517,2.1252441259583548,
1457053619817270,2024,panoroma_two_pass,361163.461901341,503852.34058410395,137.93171992162561,-6.666266701522943,23.65700984246289,prior,north,6.666266701522943,0.6581632653061225,0.5794270833333334,False,2.5792391688663847,True,361175.4747737357,503866.09320978477,,18.260444033156517,2.1252441259583548,
1837757387401780,2025,panoroma_coarse,361139.2848980101,503832.87409963924,140.0515130566729,-3.9298710488354516,23.607606526840335,prior,north,3.9298710488354516,0.5916083916083916,0.3988439306358382,False,3.766843136719878,True,361146.7377292729,503835.43041860336,,7.879052003802405,4.064965178913188,
1837757387401780,2025,panoroma_fine,361139.2848980101,503832.87409963924,140.0515130566729,-3.9298710488354516,23.607606526840335,prior,north,3.9298710488354516,0.5916083916083916,0.3988439306358382,False,3.766843136719878,True,361143.72446664894,503833.170030235,,4.449420705739626,10.74039060565543,
1837757387401780,2025,panoroma_two_pass,361139.2848980101,503832.87409963924,140.0515130566729,-3.9298710488354516,23.607606526840335,prior,north,3.9298710488354516,0.5916083916083916,0.3988439306358382,False,3.766843136719878,True,361143.72446664894,503833.170030235,,4.449420705739626,10.74039060565543,
1837757387401780,2024,panoroma_coarse,361139.2848980101,503832.87409963924,140.0515130566729,-3.9298710488354516,23.607606526840335,prior,north,3.9298710488354516,0.5087514585764294,0.4663402692778458,False,3.400447354271734,True,361146.38439937955,503836.6780114796,,8.0543568945199,8.911842933130508,
1837757387401780,2024,panoroma_fine,361139.2848980101,503832.87409963924,140.0515130566729,-3.9298710488354516,23.607606526840335,prior,north,3.9298710488354516,0.5087514585764294,0.4663402692778458,False,3.400447354271734,True,361145.01245022955,503833.56661344355,,5.769265966818231,6.0851387472595055,
1837757387401780,2024,panoroma_two_pass,361139.2848980101,503832.87409963924,140.0515130566729,-3.9298710488354516,23.607606526840335,prior,north,3.9298710488354516,0.5087514585764294,0.4663402692778458,False,3.400447354271734,True,361145.01245022955,503833.56661344355,,5.769265966818231,6.0851387472595055,
910305541902539,2025,panoroma_coarse,361113.2990068514,503811.5212163888,139.70288319418458,-3.0993717870329647,12.135700176946136,prior,north,3.0993717870329647,0.5608695652173913,0.49515738498789347,False,0.2624334945572877,True,361092.69551633106,503799.72948990297,,23.73917932738476,7.772012585090123,
910305541902539,2025,panoroma_fine,361113.2990068514,503811.5212163888,139.70288319418458,-3.0993717870329647,12.135700176946136,prior,north,3.0993717870329647,0.5608695652173913,0.49515738498789347,False,0.2624334945572877,True,361092.435332494,503799.76377853035,,23.94849165787708,8.814315835584589,
910305541902539,2025,panoroma_two_pass,361113.2990068514,503811.5212163888,139.70288319418458,-3.0993717870329647,12.135700176946136,prior,north,3.0993717870329647,0.5608695652173913,0.49515738498789347,False,0.2624334945572877,True,361092.435332494,503799.76377853035,,23.94849165787708,8.814315835584589,
910305541902539,2024,panoroma_coarse,361113.2990068514,503811.5212163888,139.70288319418458,-3.0993717870329647,12.135700176946136,prior,north,3.0993717870329647,0.4680483592400691,0.6735253772290809,False,3.2806996713195367,True,361114.5462950701,503815.2109607884,,3.894860926283514,9.897128979749985,
910305541902539,2024,panoroma_fine,361113.2990068514,503811.5212163888,139.70288319418458,-3.0993717870329647,12.135700176946136,prior,north,3.0993717870329647,0.4680483592400691,0.6735253772290809,False,3.2806996713195367,True,361112.75537833653,503812.4622142401,,1.0867423422078115,0.8015212882789983,
910305541902539,2024,panoroma_two_pass,361113.2990068514,503811.5212163888,139.70288319418458,-3.0993717870329647,12.135700176946136,prior,north,3.0993717870329647,0.4680483592400691,0.6735253772290809,False,3.2806996713195367,True,361112.75537833653,503812.4622142401,,1.0867423422078115,0.8015212882789983,
943623705468611,2025,panoroma_coarse,361124.27563437924,503784.4712108318,49.80342135264164,-6.015722885447353,17.02001057418736,prior,north,6.01572288544736,0.46190476190476193,0.4549019607843137,False,3.438155282521348,True,361124.12614444015,503781.1258102195,,3.3487389415296827,15.639201285989385,
943623705468611,2025,panoroma_fine,361124.27563437924,503784.4712108318,49.80342135264164,-6.015722885447353,17.02001057418736,prior,north,6.01572288544736,0.46190476190476193,0.4549019607843137,False,3.438155282521348,True,361125.29000960867,503784.36098094395,,1.020346869569153,7.422563283951987,
943623705468611,2025,panoroma_two_pass,361124.27563437924,503784.4712108318,49.80342135264164,-6.015722885447353,17.02001057418736,prior,north,6.01572288544736,0.46190476190476193,0.4549019607843137,False,3.438155282521348,True,361125.29000960867,503784.36098094395,,1.020346869569153,7.422563283951987,
943623705468611,2024,panoroma_coarse,361124.27563437924,503784.4712108318,49.80342135264164,-6.015722885447353,17.02001057418736,prior,north,6.01572288544736,0.5602094240837696,0.42992424242424243,False,3.2560466562667285,True,361122.7009195095,503780.53425859136,,4.240202809330346,4.316915130782807,
943623705468611,2024,panoroma_fine,361124.27563437924,503784.4712108318,49.80342135264164,-6.015722885447353,17.02001057418736,prior,north,6.01572288544736,0.5602094240837696,0.42992424242424243,False,3.2560466562667285,True,361124.26742425456,503783.38871172845,,1.0825302373867824,3.1643190926126237,
943623705468611,2024,panoroma_two_pass,361124.27563437924,503784.4712108318,49.80342135264164,-6.015722885447353,17.02001057418736,prior,north,6.01572288544736,0.5602094240837696,0.42992424242424243,False,3.2560466562667285,True,361124.26742425456,503783.38871172845,,1.0825302373867824,3.1643190926126237,
29302096676059304,2025,panoroma_coarse,361152.32174410915,503793.66742612515,319.9515651069156,4.316161634599496,13.949475893151511,prior,north,-4.316161634599496,0.64171974522293,0.3309143686502177,False,3.521527703891705,True,361153.8816834481,503792.8649660343,,1.7542385637560274,5.750987151276527,
29302096676059304,2025,panoroma_fine,361152.32174410915,503793.66742612515,319.9515651069156,4.316161634599496,13.949475893151511,prior,north,-4.316161634599496,0.64171974522293,0.3309143686502177,False,3.521527703891705,True,361157.22183060553,503793.9805709537,,4.910082214749066,2.190921345071857,
29302096676059304,2025,panoroma_two_pass,361152.32174410915,503793.66742612515,319.9515651069156,4.316161634599496,13.949475893151511,prior,north,-4.316161634599496,0.64171974522293,0.3309143686502177,False,3.521527703891705,True,361157.22183060553,503793.9805709537,,4.910082214749066,2.190921345071857,
29302096676059304,2024,panoroma_coarse,361152.32174410915,503793.66742612515,319.9515651069156,4.316161634599496,13.949475893151511,prior,north,-4.316161634599496,0.7160940325497287,0.42857142857142855,False,2.10538230894065,True,361153.7421838301,503791.8529347878,,2.3043497595172213,9.286898393472864,
29302096676059304,2024,panoroma_fine,361152.32174410915,503793.66742612515,319.9515651069156,4.316161634599496,13.949475893151511,prior,north,-4.316161634599496,0.7160940325497287,0.42857142857142855,False,2.10538230894065,True,361151.70630543574,503792.38943626045,,1.4184579144282086,4.334262756630364,
29302096676059304,2024,panoroma_two_pass,361152.32174410915,503793.66742612515,319.9515651069156,4.316161634599496,13.949475893151511,prior,north,-4.316161634599496,0.7160940325497287,0.42857142857142855,False,2.10538230894065,True,361151.70630543574,503792.38943626045,,1.4184579144282086,4.334262756630364,
945959455229054,2025,panoroma_coarse,361178.48574524716,503815.7914123349,319.40193817603665,5.641812144021799,27.251830454577384,prior,north,-5.641812144021799,0.40894568690095845,0.4412751677852349,False,1.7744480934894133,True,361146.8465803386,503830.37926813937,,34.840239566958815,16.046625283658617,
945959455229054,2025,panoroma_fine,361178.48574524716,503815.7914123349,319.40193817603665,5.641812144021799,27.251830454577384,prior,north,-5.641812144021799,0.40894568690095845,0.4412751677852349,False,1.7744480934894133,True,361145.26959988294,503831.192778237,,36.61303571826929,6.876218402736705,
945959455229054,2025,panoroma_two_pass,361178.48574524716,503815.7914123349,319.40193817603665,5.641812144021799,27.251830454577384,prior,north,-5.641812144021799,0.40894568690095845,0.4412751677852349,False,1.7744480934894133,True,361145.26959988294,503831.192778237,,36.61303571826929,6.876218402736705,
945959455229054,2024,panoroma_coarse,361178.48574524716,503815.7914123349,319.40193817603665,5.641812144021799,27.251830454577384,prior,north,-5.641812144021799,0.4707646176911544,0.38041733547351525,False,2.0277148560400553,True,361166.3990392475,503804.53655181295,,16.515457828681015,4.787306282361239,
945959455229054,2024,panoroma_fine,361178.48574524716,503815.7914123349,319.40193817603665,5.641812144021799,27.251830454577384,prior,north,-5.641812144021799,0.4707646176911544,0.38041733547351525,False,2.0277148560400553,True,361164.87229092815,503803.20213542116,,18.542276874924934,0.16069127167801894,
945959455229054,2024,panoroma_two_pass,361178.48574524716,503815.7914123349,319.40193817603665,5.641812144021799,27.251830454577384,prior,north,-5.641812144021799,0.4707646176911544,0.38041733547351525,False,2.0277148560400553,True,361164.87229092815,503803.20213542116,,18.542276874924934,0.16069127167801894,
1673666160842107,2025,panoroma_coarse,361202.9486604999,503836.40604008455,318.7916284373411,-6.271234669343528,15.70464143546742,prior,north,6.271234669343528,0.5921052631578947,0.4786184210526316,False,3.9704927286948966,True,361204.11538523895,503832.1714672965,,4.392363067204628,13.996608381034438,
1673666160842107,2025,panoroma_fine,361202.9486604999,503836.40604008455,318.7916284373411,-6.271234669343528,15.70464143546742,prior,north,6.271234669343528,0.5921052631578947,0.4786184210526316,False,3.9704927286948966,True,361205.6272877849,503835.8428380487,,2.7371957666798186,6.120494668127998,
1673666160842107,2025,panoroma_two_pass,361202.9486604999,503836.40604008455,318.7916284373411,-6.271234669343528,15.70464143546742,prior,north,6.271234669343528,0.5921052631578947,0.4786184210526316,False,3.9704927286948966,True,361205.6272877849,503835.8428380487,,2.7371957666798186,6.120494668127998,
1673666160842107,2024,panoroma_coarse,361202.9486604999,503836.40604008455,318.7916284373411,-6.271234669343528,15.70464143546742,prior,north,6.271234669343528,0.4533333333333333,0.38184663536776214,False,2.6250477109903465,True,361184.87173086096,503817.22773578257,,26.35493769808342,7.118567794578229,
1673666160842107,2024,panoroma_fine,361202.9486604999,503836.40604008455,318.7916284373411,-6.271234669343528,15.70464143546742,prior,north,6.271234669343528,0.4533333333333333,0.38184663536776214,False,2.6250477109903465,True,361183.69714531174,503819.5753354658,,25.571340500712278,17.730925121763754,
1673666160842107,2024,panoroma_two_pass,361202.9486604999,503836.40604008455,318.7916284373411,-6.271234669343528,15.70464143546742,prior,north,6.271234669343528,0.4533333333333333,0.38184663536776214,False,2.6250477109903465,True,361183.69714531174,503819.5753354658,,25.571340500712278,17.730925121763754,
1090951123865054,2025,panoroma_coarse,361229.35377108154,503858.7442823788,319.919795509785,-0.549489801134257,16.959665045204776,prior,north,0.549489801134257,0.7365771812080537,0.44822485207100593,False,1.5089462622360323,True,361231.7209474872,503858.157399396,,2.438843121463809,5.839568094640346,
1090951123865054,2025,panoroma_fine,361229.35377108154,503858.7442823788,319.919795509785,-0.549489801134257,16.959665045204776,prior,north,0.549489801134257,0.7365771812080537,0.44822485207100593,False,1.5089462622360323,True,361232.6198035668,503859.3694128326,,3.3253204776157355,1.3800568978803402,
1090951123865054,2025,panoroma_two_pass,361229.35377108154,503858.7442823788,319.919795509785,-0.549489801134257,16.959665045204776,prior,north,0.549489801134257,0.7365771812080537,0.44822485207100593,False,1.5089462622360323,True,361232.6198035668,503859.3694128326,,3.3253204776157355,1.3800568978803402,
1090951123865054,2024,panoroma_coarse,361229.35377108154,503858.7442823788,319.919795509785,-0.549489801134257,16.959665045204776,prior,north,0.549489801134257,0.7288135593220338,0.491679273827534,False,1.021448339919209,True,361232.09932243143,503859.8611365683,,2.964020157731418,2.961244083643425,
1090951123865054,2024,panoroma_fine,361229.35377108154,503858.7442823788,319.919795509785,-0.549489801134257,16.959665045204776,prior,north,0.549489801134257,0.7288135593220338,0.491679273827534,False,1.021448339919209,True,361233.0047493955,503860.3339565381,,3.982048038581038,0.2443527604249949,
1090951123865054,2024,panoroma_two_pass,361229.35377108154,503858.7442823788,319.919795509785,-0.549489801134257,16.959665045204776,prior,north,0.549489801134257,0.7288135593220338,0.491679273827534,False,1.021448339919209,True,361233.0047493955,503860.3339565381,,3.982048038581038,0.2443527604249949,
2599151813871531,2025,panoroma_coarse,361254.8027265823,503880.00557597354,319.1352500356382,-7.442632084407023,12.281534146748811,prior,north,7.442632084407023,0.6290322580645161,0.4368421052631579,False,3.2784906727838816,True,361254.7197660599,503874.3231827263,,5.682998809149885,9.811883064728425,
2599151813871531,2025,panoroma_fine,361254.8027265823,503880.00557597354,319.1352500356382,-7.442632084407023,12.281534146748811,prior,north,7.442632084407023,0.6290322580645161,0.4368421052631579,False,3.2784906727838816,True,361254.0354079101,503877.52945080836,,2.592291221732026,1.6853520029815685,
2599151813871531,2025,panoroma_two_pass,361254.8027265823,503880.00557597354,319.1352500356382,-7.442632084407023,12.281534146748811,prior,north,7.442632084407023,0.6290322580645161,0.4368421052631579,False,3.2784906727838816,True,361254.0354079101,503877.52945080836,,2.592291221732026,1.6853520029815685,
2599151813871531,2024,panoroma_coarse,361254.8027265823,503880.00557597354,319.1352500356382,-7.442632084407023,12.281534146748811,prior,north,7.442632084407023,0.6802973977695167,0.4295900178253119,False,1.6886232995450676,True,361255.4446690662,503877.88467720547,,2.215920065581115,12.487839886876495,
2599151813871531,2024,panoroma_fine,361254.8027265823,503880.00557597354,319.1352500356382,-7.442632084407023,12.281534146748811,prior,north,7.442632084407023,0.6802973977695167,0.4295900178253119,False,1.6886232995450676,True,361255.743525179,503879.54664401367,,1.0467667091425683,8.854032245602914,
2599151813871531,2024,panoroma_two_pass,361254.8027265823,503880.00557597354,319.1352500356382,-7.442632084407023,12.281534146748811,prior,north,7.442632084407023,0.6802973977695167,0.4295900178253119,False,1.6886232995450676,True,361255.743525179,503879.54664401367,,1.0467667091425683,8.854032245602914,
1597452008592561,2025,panoroma_coarse,361281.9459420293,503902.72692003846,319.49911736546557,-9.68035871207644,10.473701680738039,prior,north,9.68035871207644,0.7889273356401384,0.5380794701986755,False,1.0147311632291416,True,361282.1564097018,503900.6036682343,,2.133657626001944,8.981936024329332,
1597452008592561,2025,panoroma_fine,361281.9459420293,503902.72692003846,319.49911736546557,-9.68035871207644,10.473701680738039,prior,north,9.68035871207644,0.7889273356401384,0.5380794701986755,False,1.0147311632291416,True,361281.20775076613,503900.96384257736,,1.9113786843180558,5.833570379179254,
1597452008592561,2025,panoroma_two_pass,361281.9459420293,503902.72692003846,319.49911736546557,-9.68035871207644,10.473701680738039,prior,north,9.68035871207644,0.7889273356401384,0.5380794701986755,False,1.0147311632291416,True,361281.20775076613,503900.96384257736,,1.9113786843180558,5.833570379179254,
1597452008592561,2024,panoroma_coarse,361281.9459420293,503902.72692003846,319.49911736546557,-9.68035871207644,10.473701680738039,prior,north,9.68035871207644,0.7739130434782608,0.6086235489220564,False,2.07233313930448,True,361283.02042921016,503899.4499963197,,3.44858692224858,5.899732067361169,
1597452008592561,2024,panoroma_fine,361281.9459420293,503902.72692003846,319.49911736546557,-9.68035871207644,10.473701680738039,prior,north,9.68035871207644,0.7739130434782608,0.6086235489220564,False,2.07233313930448,True,361281.4648208954,503900.8191739603,,1.967478753176117,6.601445707744901,
1597452008592561,2024,panoroma_two_pass,361281.9459420293,503902.72692003846,319.49911736546557,-9.68035871207644,10.473701680738039,prior,north,9.68035871207644,0.7739130434782608,0.6086235489220564,False,2.07233313930448,True,361281.4648208954,503900.8191739603,,1.967478753176117,6.601445707744901,
1591043065903450,2025,panoroma_coarse,361306.3013394185,503923.1993527394,319.37232726574774,3.222610575580063,23.29122924387973,prior,north,-3.222610575580063,0.6252189141856392,0.4709897610921502,False,3.8701849453558395,True,361310.8874101991,503919.9685757892,,5.609809703227599,3.9220483637669004,
1591043065903450,2025,panoroma_fine,361306.3013394185,503923.1993527394,319.37232726574774,3.222610575580063,23.29122924387973,prior,north,-3.222610575580063,0.6252189141856392,0.4709897610921502,False,3.8701849453558395,True,361310.2302081412,503923.78255231853,,3.971917822575159,3.7090351748578883,
1591043065903450,2025,panoroma_two_pass,361306.3013394185,503923.1993527394,319.37232726574774,3.222610575580063,23.29122924387973,prior,north,-3.222610575580063,0.6252189141856392,0.4709897610921502,False,3.8701849453558395,True,361310.2302081412,503923.78255231853,,3.971917822575159,3.7090351748578883,
1591043065903450,2024,panoroma_coarse,361306.3013394185,503923.1993527394,319.37232726574774,3.222610575580063,23.29122924387973,prior,north,-3.222610575580063,0.5750394944707741,0.46114864864864863,False,2.549775499053149,True,361310.57271350693,503921.90753533674,,4.462446504441527,2.5396154017932635,
1591043065903450,2024,panoroma_fine,361306.3013394185,503923.1993527394,319.37232726574774,3.222610575580063,23.29122924387973,prior,north,-3.222610575580063,0.5750394944707741,0.46114864864864863,False,2.549775499053149,True,361308.32818418,503923.11726389977,,2.028506412325395,1.0835973812600188,
1591043065903450,2024,panoroma_two_pass,361306.3013394185,503923.1993527394,319.37232726574774,3.222610575580063,23.29122924387973,prior,north,-3.222610575580063,0.5750394944707741,0.46114864864864863,False,2.549775499053149,True,361308.32818418,503923.11726389977,,2.028506412325395,1.0835973812600188,
1112966985014802,2025,panoroma_coarse,361331.9141680186,503944.78736955114,319.4289408658014,-4.960667802704165,11.004181313748436,prior,north,4.960667802704165,0.7098360655737705,0.48695652173913045,False,2.533890740449894,True,361352.70985046367,503957.35379023844,,24.297640569523573,0.11035112411082301,
1112966985014802,2025,panoroma_fine,361331.9141680186,503944.78736955114,319.4289408658014,-4.960667802704165,11.004181313748436,prior,north,4.960667802704165,0.7098360655737705,0.48695652173913045,False,2.533890740449894,True,361352.2683467547,503959.84892084816,,25.320800135346083,4.791862805409105,
1112966985014802,2025,panoroma_two_pass,361331.9141680186,503944.78736955114,319.4289408658014,-4.960667802704165,11.004181313748436,prior,north,4.960667802704165,0.7098360655737705,0.48695652173913045,False,2.533890740449894,True,361352.2683467547,503959.84892084816,,25.320800135346083,4.791862805409105,
1112966985014802,2024,panoroma_coarse,361331.9141680186,503944.78736955114,319.4289408658014,-4.960667802704165,11.004181313748436,prior,north,4.960667802704165,0.7385321100917431,0.44561933534743203,False,2.2059154470013347,True,361351.7547417013,503959.2738535574,,24.56637097583128,1.6642475956652707,
1112966985014802,2024,panoroma_fine,361331.9141680186,503944.78736955114,319.4289408658014,-4.960667802704165,11.004181313748436,prior,north,4.960667802704165,0.7385321100917431,0.44561933534743203,False,2.2059154470013347,True,361353.0741334384,503961.0416964247,,26.682340202460704,4.201907246389304,
1112966985014802,2024,panoroma_two_pass,361331.9141680186,503944.78736955114,319.4289408658014,-4.960667802704165,11.004181313748436,prior,north,4.960667802704165,0.7385321100917431,0.44561933534743203,False,2.2059154470013347,True,361353.0741334384,503961.0416964247,,26.682340202460704,4.201907246389304,
2366348720838280,2025,panoroma_coarse,361357.22639762436,503965.9155402966,319.33710303448834,-2.790270094327809,19.9311952713854,prior,north,2.790270094327809,0.6415094339622641,0.45898778359511344,False,1.9988574371311951,True,361358.82426276593,503963.15348170255,,3.1909466757586307,7.821102542960432,
2366348720838280,2025,panoroma_fine,361357.22639762436,503965.9155402966,319.33710303448834,-2.790270094327809,19.9311952713854,prior,north,2.790270094327809,0.6415094339622641,0.45898778359511344,False,1.9988574371311951,True,361356.8311790887,503963.0016643471,,2.9405561957016415,2.349714392714099,
2366348720838280,2025,panoroma_two_pass,361357.22639762436,503965.9155402966,319.33710303448834,-2.790270094327809,19.9311952713854,prior,north,2.790270094327809,0.6415094339622641,0.45898778359511344,False,1.9988574371311951,True,361356.8311790887,503963.0016643471,,2.9405561957016415,2.349714392714099,
2366348720838280,2024,panoroma_coarse,361357.22639762436,503965.9155402966,319.33710303448834,-2.790270094327809,19.9311952713854,prior,north,2.790270094327809,0.725897920604915,0.48717948717948717,False,1.2832863448735423,True,361356.8852115965,503964.257601478,,1.6926810188885508,3.235908424149821,
2366348720838280,2024,panoroma_fine,361357.22639762436,503965.9155402966,319.33710303448834,-2.790270094327809,19.9311952713854,prior,north,2.790270094327809,0.725897920604915,0.48717948717948717,False,1.2832863448735423,True,361355.8972881622,503963.4385586641,,2.811044284598882,5.230365282104741,
2366348720838280,2024,panoroma_two_pass,361357.22639762436,503965.9155402966,319.33710303448834,-2.790270094327809,19.9311952713854,prior,north,2.790270094327809,0.725897920604915,0.48717948717948717,False,1.2832863448735423,True,361355.8972881622,503963.4385586641,,2.811044284598882,5.230365282104741,
1572977703746490,2025,panoroma_coarse,361381.6841147716,503988.2561406791,315.26503124108785,-7.467504438691435,25.71821621208423,prior,north,7.467504438691435,0.6563944530046225,0.3979289940828402,False,4.520635476929132,True,361390.0692868012,503997.2409319069,,12.289734878064259,8.366361602852692,
1572977703746490,2025,panoroma_fine,361381.6841147716,503988.2561406791,315.26503124108785,-7.467504438691435,25.71821621208423,prior,north,7.467504438691435,0.6563944530046225,0.3979289940828402,False,4.520635476929132,True,361389.7803875874,503992.7295371825,,9.249914041968106,1.37020171037859,
1572977703746490,2025,panoroma_two_pass,361381.6841147716,503988.2561406791,315.26503124108785,-7.467504438691435,25.71821621208423,prior,north,7.467504438691435,0.6563944530046225,0.3979289940828402,False,4.520635476929132,True,361389.7803875874,503992.7295371825,,9.249914041968106,1.37020171037859,
1572977703746490,2024,panoroma_coarse,361381.6841147716,503988.2561406791,315.26503124108785,-7.467504438691435,25.71821621208423,prior,north,7.467504438691435,0.38421733505821476,0.45294117647058824,False,5.441407354315103,True,361364.4088530097,503998.48914537375,,20.078572011547184,9.648080231237955,
1572977703746490,2024,panoroma_fine,361381.6841147716,503988.2561406791,315.26503124108785,-7.467504438691435,25.71821621208423,prior,north,7.467504438691435,0.38421733505821476,0.45294117647058824,False,5.441407354315103,True,361365.93210273614,503993.26529389556,,16.529292153961833,9.513687438736952,
1572977703746490,2024,panoroma_two_pass,361381.6841147716,503988.2561406791,315.26503124108785,-7.467504438691435,25.71821621208423,prior,north,7.467504438691435,0.38421733505821476,0.45294117647058824,False,5.441407354315103,True,361365.93210273614,503993.26529389556,,16.529292153961833,9.513687438736952,
1579563780527774,2025,panoroma_coarse,361404.36574653024,504011.34464292694,313.0300471049002,-1.5941689526003415,9.763494629555638,prior,north,1.5941689526003415,0.7304492512479202,0.38515901060070673,False,1.2162294654792292,True,361404.2595147516,504007.39472215314,,3.951349049383641,10.1722272212887,
1579563780527774,2025,panoroma_fine,361404.36574653024,504011.34464292694,313.0300471049002,-1.5941689526003415,9.763494629555638,prior,north,1.5941689526003415,0.7304492512479202,0.38515901060070673,False,1.2162294654792292,True,361404.76413965586,504008.50132407737,,2.871093722409412,3.994968262682476,
1579563780527774,2025,panoroma_two_pass,361404.36574653024,504011.34464292694,313.0300471049002,-1.5941689526003415,9.763494629555638,prior,north,1.5941689526003415,0.7304492512479202,0.38515901060070673,False,1.2162294654792292,True,361404.76413965586,504008.50132407737,,2.871093722409412,3.994968262682476,
1579563780527774,2024,panoroma_coarse,361404.36574653024,504011.34464292694,313.0300471049002,-1.5941689526003415,9.763494629555638,prior,north,1.5941689526003415,0.6075418994413407,0.27531645569620256,False,3.614976470075146,True,361400.8838747979,504000.0271160366,,11.841023843968273,6.308428857577419,
1579563780527774,2024,panoroma_fine,361404.36574653024,504011.34464292694,313.0300471049002,-1.5941689526003415,9.763494629555638,prior,north,1.5941689526003415,0.6075418994413407,0.27531645569620256,False,3.614976470075146,True,361401.31374908774,504003.6164422929,,8.309017597076235,4.780506819088882,
1579563780527774,2024,panoroma_two_pass,361404.36574653024,504011.34464292694,313.0300471049002,-1.5941689526003415,9.763494629555638,prior,north,1.5941689526003415,0.6075418994413407,0.27531645569620256,False,3.614976470075146,True,361401.31374908774,504003.6164422929,,8.309017597076235,4.780506819088882,
1077445214894446,2025,panoroma_coarse,361428.2353577773,504036.8110457519,310.8947311561234,8.05048991485512,3.976917428087291,prior,north,-8.05048991485512,0.3291139240506329,0.31762917933130697,False,2.557657188552997,True,361417.44078163384,504020.57057608775,,19.50065970753329,13.971935163411391,
1077445214894446,2025,panoroma_fine,361428.2353577773,504036.8110457519,310.8947311561234,8.05048991485512,3.976917428087291,prior,north,-8.05048991485512,0.3291139240506329,0.31762917933130697,False,2.557657188552997,True,361419.6103549602,504021.92503608187,,17.204184301820767,3.3015729005827654,
1077445214894446,2025,panoroma_two_pass,361428.2353577773,504036.8110457519,310.8947311561234,8.05048991485512,3.976917428087291,prior,north,-8.05048991485512,0.3291139240506329,0.31762917933130697,False,2.557657188552997,True,361419.6103549602,504021.92503608187,,17.204184301820767,3.3015729005827654,
1077445214894446,2024,panoroma_coarse,361428.2353577773,504036.8110457519,310.8947311561234,8.05048991485512,3.976917428087291,prior,north,-8.05048991485512,0.4869791666666667,0.4,False,3.567231351218346,True,361417.94892244006,504019.4570786062,,20.17352045731224,6.968482066918083,
1077445214894446,2024,panoroma_fine,361428.2353577773,504036.8110457519,310.8947311561234,8.05048991485512,3.976917428087291,prior,north,-8.05048991485512,0.4869791666666667,0.4,False,3.567231351218346,True,361416.4385113753,504022.6887651517,,18.401206329551762,0.6788316043024043,
1077445214894446,2024,panoroma_two_pass,361428.2353577773,504036.8110457519,310.8947311561234,8.05048991485512,3.976917428087291,prior,north,-8.05048991485512,0.4869791666666667,0.4,False,3.567231351218346,True,361416.4385113753,504022.6887651517,,18.401206329551762,0.6788316043024043,
1714471442944128,2025,panoroma_coarse,361449.2520025681,504060.74706808943,311.00182836492553,6.734626208630061,6.94251102661193,prior,north,-6.734626208630061,0.5293072824156305,0.43501805054151627,False,3.605691995485014,True,361447.79615411116,504051.79652193544,,9.068173530782731,8.90595534955234,
1714471442944128,2025,panoroma_fine,361449.2520025681,504060.74706808943,311.00182836492553,6.734626208630061,6.94251102661193,prior,north,-6.734626208630061,0.5293072824156305,0.43501805054151627,False,3.605691995485014,True,361448.68143578916,504055.2918461145,,5.484978873706543,5.201740654223806,
1714471442944128,2025,panoroma_two_pass,361449.2520025681,504060.74706808943,311.00182836492553,6.734626208630061,6.94251102661193,prior,north,-6.734626208630061,0.5293072824156305,0.43501805054151627,False,3.605691995485014,True,361448.68143578916,504055.2918461145,,5.484978873706543,5.201740654223806,
1714471442944128,2024,panoroma_coarse,361449.2520025681,504060.74706808943,311.00182836492553,6.734626208630061,6.94251102661193,prior,north,-6.734626208630061,0.5277777777777778,0.35231316725978645,False,2.4119205179067738,True,361448.56868842203,504055.2678161804,,5.521695365068679,6.75569231893404,
1714471442944128,2024,panoroma_fine,361449.2520025681,504060.74706808943,311.00182836492553,6.734626208630061,6.94251102661193,prior,north,-6.734626208630061,0.5277777777777778,0.35231316725978645,False,2.4119205179067738,True,361450.977163824,504055.1389487181,,5.867468299207439,0.9299153218147442,
1714471442944128,2024,panoroma_two_pass,361449.2520025681,504060.74706808943,311.00182836492553,6.734626208630061,6.94251102661193,prior,north,-6.734626208630061,0.5277777777777778,0.35231316725978645,False,2.4119205179067738,True,361450.977163824,504055.1389487181,,5.867468299207439,0.9299153218147442,
1347449930528506,2025,panoroma_coarse,361472.5967279173,504087.4096917212,309.77782126276634,4.674407105501302,12.618487808285318,prior,north,-4.674407105501302,0.49583333333333335,0.47678018575851394,False,3.407791172243622,True,361474.156882163,504084.66217235837,,3.15957970615194,10.118364540841238,
1347449930528506,2025,panoroma_fine,361472.5967279173,504087.4096917212,309.77782126276634,4.674407105501302,12.618487808285318,prior,north,-4.674407105501302,0.49583333333333335,0.47678018575851394,False,3.407791172243622,True,361471.1980706112,504082.9714698787,,4.653391814933252,2.549065884505068,
1347449930528506,2025,panoroma_two_pass,361472.5967279173,504087.4096917212,309.77782126276634,4.674407105501302,12.618487808285318,prior,north,-4.674407105501302,0.49583333333333335,0.47678018575851394,False,3.407791172243622,True,361471.1980706112,504082.9714698787,,4.653391814933252,2.549065884505068,
1347449930528506,2024,panoroma_coarse,361472.5967279173,504087.4096917212,309.77782126276634,4.674407105501302,12.618487808285318,prior,north,-4.674407105501302,0.6570048309178744,0.4431438127090301,False,2.4900784022502904,True,361473.0991632923,504085.26071639196,,2.2069291496878547,3.499034242945278,
1347449930528506,2024,panoroma_fine,361472.5967279173,504087.4096917212,309.77782126276634,4.674407105501302,12.618487808285318,prior,north,-4.674407105501302,0.6570048309178744,0.4431438127090301,False,2.4900784022502904,True,361471.015767825,504083.89691516885,,3.852146663902702,6.30736957001282,
1347449930528506,2024,panoroma_two_pass,361472.5967279173,504087.4096917212,309.77782126276634,4.674407105501302,12.618487808285318,prior,north,-4.674407105501302,0.6570048309178744,0.4431438127090301,False,2.4900784022502904,True,361471.015767825,504083.89691516885,,3.852146663902702,6.30736957001282,
1413652087402340,2025,panoroma_coarse,361492.29492151755,504113.28688474465,303.597875428812,8.229073075739507,22.33911953962091,prior,north,-8.229073075739507,0.5826859045504994,0.5265700483091788,False,5.394216625928574,True,361489.7348142321,504104.588016737,,9.067770063648856,6.369653086100682,
1413652087402340,2025,panoroma_fine,361492.29492151755,504113.28688474465,303.597875428812,8.229073075739507,22.33911953962091,prior,north,-8.229073075739507,0.5826859045504994,0.5265700483091788,False,5.394216625928574,True,361492.0871112433,504109.4423211958,,3.8501758390128917,6.551677719950093,
1413652087402340,2025,panoroma_two_pass,361492.29492151755,504113.28688474465,303.597875428812,8.229073075739507,22.33911953962091,prior,north,-8.229073075739507,0.5826859045504994,0.5265700483091788,False,5.394216625928574,True,361492.0871112433,504109.4423211958,,3.8501758390128917,6.551677719950093,
1413652087402340,2024,panoroma_coarse,361492.29492151755,504113.28688474465,303.597875428812,8.229073075739507,22.33911953962091,prior,north,-8.229073075739507,0.4139004149377593,0.49048152295632697,False,3.7503278646111227,True,361490.68156207394,504105.3534912666,,8.095780430061284,17.289260754119177,
1413652087402340,2024,panoroma_fine,361492.29492151755,504113.28688474465,303.597875428812,8.229073075739507,22.33911953962091,prior,north,-8.229073075739507,0.4139004149377593,0.49048152295632697,False,3.7503278646111227,True,361490.2406519767,504109.0778109868,,4.6836230896105056,5.599654745247791,
1413652087402340,2024,panoroma_two_pass,361492.29492151755,504113.28688474465,303.597875428812,8.229073075739507,22.33911953962091,prior,north,-8.229073075739507,0.4139004149377593,0.49048152295632697,False,3.7503278646111227,True,361490.2406519767,504109.0778109868,,4.6836230896105056,5.599654745247791,
921953573931750,2025,panoroma_coarse,361509.1497128202,504141.219079501,297.86871804825813,3.041536533574515,6.250142008424994,prior,north,-3.041536533574515,0.5276872964169381,0.46471226927252984,False,2.5244667872469018,True,361509.42225821834,504137.59567734547,,3.633637870611565,0.8668204906298896,
921953573931750,2025,panoroma_fine,361509.1497128202,504141.219079501,297.86871804825813,3.041536533574515,6.250142008424994,prior,north,-3.041536533574515,0.5276872964169381,0.46471226927252984,False,2.5244667872469018,True,361507.00820268027,504136.8572544185,,4.8591752108540796,6.611041807253749,
921953573931750,2025,panoroma_two_pass,361509.1497128202,504141.219079501,297.86871804825813,3.041536533574515,6.250142008424994,prior,north,-3.041536533574515,0.5276872964169381,0.46471226927252984,False,2.5244667872469018,True,361507.00820268027,504136.8572544185,,4.8591752108540796,6.611041807253749,
921953573931750,2024,panoroma_coarse,361509.1497128202,504141.219079501,297.86871804825813,3.041536533574515,6.250142008424994,prior,north,-3.041536533574515,0.605,0.4328523862375139,False,1.3122346698131442,True,361507.43524473225,504136.49905367516,,5.021757124867035,3.3929021372171104,
921953573931750,2024,panoroma_fine,361509.1497128202,504141.219079501,297.86871804825813,3.041536533574515,6.250142008424994,prior,north,-3.041536533574515,0.605,0.4328523862375139,False,1.3122346698131442,True,361507.027817936,504137.74643622845,,4.069605533463697,0.6357869049072099,
921953573931750,2024,panoroma_two_pass,361509.1497128202,504141.219079501,297.86871804825813,3.041536533574515,6.250142008424994,prior,north,-3.041536533574515,0.605,0.4328523862375139,False,1.3122346698131442,True,361507.027817936,504137.74643622845,,4.069605533463697,0.6357869049072099,
1403478994512518,2025,panoroma_coarse,361523.51524609205,504173.20255651977,288.43829113615783,1.6537922372540947,14.866719494006015,prior,north,-1.6537922372540947,0.6004036326942482,0.3431192660550459,False,3.1283788528353544,True,361520.17737097613,504170.21488487604,,4.479686611829367,14.402844288958857,
1403478994512518,2025,panoroma_fine,361523.51524609205,504173.20255651977,288.43829113615783,1.6537922372540947,14.866719494006015,prior,north,-1.6537922372540947,0.6004036326942482,0.3431192660550459,False,3.1283788528353544,True,361523.10392256215,504171.3203486074,,1.9266275384008964,7.005445322951513,
1403478994512518,2025,panoroma_two_pass,361523.51524609205,504173.20255651977,288.43829113615783,1.6537922372540947,14.866719494006015,prior,north,-1.6537922372540947,0.6004036326942482,0.3431192660550459,False,3.1283788528353544,True,361523.10392256215,504171.3203486074,,1.9266275384008964,7.005445322951513,
1403478994512518,2024,panoroma_coarse,361523.51524609205,504173.20255651977,288.43829113615783,1.6537922372540947,14.866719494006015,prior,north,-1.6537922372540947,0.6192579505300353,0.5122669283611384,False,0.5984686755288465,True,361519.7246178002,504168.11949016916,,6.340853757308034,4.799622216500675,
1403478994512518,2024,panoroma_fine,361523.51524609205,504173.20255651977,288.43829113615783,1.6537922372540947,14.866719494006015,prior,north,-1.6537922372540947,0.6192579505300353,0.5122669283611384,False,0.5984686755288465,True,361520.10176265135,504167.6548112296,,6.513781313827618,1.8244602993109231,
1403478994512518,2024,panoroma_two_pass,361523.51524609205,504173.20255651977,288.43829113615783,1.6537922372540947,14.866719494006015,prior,north,-1.6537922372540947,0.6192579505300353,0.5122669283611384,False,0.5984686755288465,True,361520.10176265135,504167.6548112296,,6.513781313827618,1.8244602993109231,
1794731371773449,2025,panoroma_coarse,361531.8882455436,504204.8006149186,281.7546367960357,-6.150188741466479,5.99396090142357,prior,north,6.150188741466479,0.4341801385681293,0.6536259541984732,False,1.6327460586317786,True,361513.03206386673,504186.68885816634,,26.145579360244152,19.482650230718,
1794731371773449,2025,panoroma_fine,361531.8882455436,504204.8006149186,281.7546367960357,-6.150188741466479,5.99396090142357,prior,north,6.150188741466479,0.4341801385681293,0.6536259541984732,False,1.6327460586317786,True,361513.687617047,504188.1842209049,,24.64482557635759,7.234648940060991,
1794731371773449,2025,panoroma_two_pass,361531.8882455436,504204.8006149186,281.7546367960357,-6.150188741466479,5.99396090142357,prior,north,6.150188741466479,0.4341801385681293,0.6536259541984732,False,1.6327460586317786,True,361513.687617047,504188.1842209049,,24.64482557635759,7.234648940060991,
1794731371773449,2024,panoroma_coarse,361531.8882455436,504204.8006149186,281.7546367960357,-6.150188741466479,5.99396090142357,prior,north,6.150188741466479,0.4799618320610687,0.45054095826893353,False,0.9226379097692979,True,361512.6033842102,504185.9702947844,,26.953419690331945,17.768921485442487,
1794731371773449,2024,panoroma_fine,361531.8882455436,504204.8006149186,281.7546367960357,-6.150188741466479,5.99396090142357,prior,north,6.150188741466479,0.4799618320610687,0.45054095826893353,False,0.9226379097692979,True,361512.6817661025,504185.0509923361,,27.548801147605253,3.817334293030721,
1794731371773449,2024,panoroma_two_pass,361531.8882455436,504204.8006149186,281.7546367960357,-6.150188741466479,5.99396090142357,prior,north,6.150188741466479,0.4799618320610687,0.45054095826893353,False,0.9226379097692979,True,361512.6817661025,504185.0509923361,,27.548801147605253,3.817334293030721,
3059374137740657,2025,panoroma_coarse,361537.029446159,504237.8977794815,274.71356777171735,2.940754486831679,19.038467885016086,prior,north,-2.940754486831679,0.3510941960038059,0.34151785714285715,False,4.3881219952149255,True,361532.46281904,504234.93263625656,,5.4448285178271885,2.654232208308118,
3059374137740657,2025,panoroma_fine,361537.029446159,504237.8977794815,274.71356777171735,2.940754486831679,19.038467885016086,prior,north,-2.940754486831679,0.3510941960038059,0.34151785714285715,False,4.3881219952149255,True,361528.2967710198,504233.55435524817,,9.753201995116488,1.560760647986753,
3059374137740657,2025,panoroma_two_pass,361537.029446159,504237.8977794815,274.71356777171735,2.940754486831679,19.038467885016086,prior,north,-2.940754486831679,0.3510941960038059,0.34151785714285715,False,4.3881219952149255,True,361528.2967710198,504233.55435524817,,9.753201995116488,1.560760647986753,
3059374137740657,2024,panoroma_coarse,361537.029446159,504237.8977794815,274.71356777171735,2.940754486831679,19.038467885016086,prior,north,-2.940754486831679,0.7126315789473684,0.4020618556701031,False,4.508668973641505,True,361530.8783827787,504234.9738987697,,6.810628394293205,5.415811624221178,
3059374137740657,2024,panoroma_fine,361537.029446159,504237.8977794815,274.71356777171735,2.940754486831679,19.038467885016086,prior,north,-2.940754486831679,0.7126315789473684,0.4020618556701031,False,4.508668973641505,True,361534.99417152174,504233.13314377866,,5.181128856708923,0.4708890901713205,
3059374137740657,2024,panoroma_two_pass,361537.029446159,504237.8977794815,274.71356777171735,2.940754486831679,19.038467885016086,prior,north,-2.940754486831679,0.7126315789473684,0.4020618556701031,False,4.508668973641505,True,361534.99417152174,504233.13314377866,,5.181128856708923,0.4708890901713205,
1613002776844852,2025,panoroma_coarse,361536.4232422584,504266.85521835927,272.2808270468631,-7.299063866086158,25.477756663519706,prior,north,7.299063866086158,0.5263888888888889,0.4312977099236641,False,3.3464422213838803,True,361533.9653764892,504264.3159105318,,3.5340045814777246,0.5908499953698413,
1613002776844852,2025,panoroma_fine,361536.4232422584,504266.85521835927,272.2808270468631,-7.299063866086158,25.477756663519706,prior,north,7.299063866086158,0.5263888888888889,0.4312977099236641,False,3.3464422213838803,True,361537.21428108605,504265.1179669274,,1.9088700753015788,4.70744814324012,
1613002776844852,2025,panoroma_two_pass,361536.4232422584,504266.85521835927,272.2808270468631,-7.299063866086158,25.477756663519706,prior,north,7.299063866086158,0.5263888888888889,0.4312977099236641,False,3.3464422213838803,True,361537.21428108605,504265.1179669274,,1.9088700753015788,4.70744814324012,
1613002776844852,2024,panoroma_coarse,361536.4232422584,504266.85521835927,272.2808270468631,-7.299063866086158,25.477756663519706,prior,north,7.299063866086158,0.5447284345047924,0.4728682170542636,False,2.7965349485285573,True,361534.21061178064,504265.3552676082,,2.6731228715984945,2.3278293163446335,
1613002776844852,2024,panoroma_fine,361536.4232422584,504266.85521835927,272.2808270468631,-7.299063866086158,25.477756663519706,prior,north,7.299063866086158,0.5447284345047924,0.4728682170542636,False,2.7965349485285573,True,361536.9632547304,504265.84879016044,,1.1421519992263391,2.3750469803862444,
1613002776844852,2024,panoroma_two_pass,361536.4232422584,504266.85521835927,272.2808270468631,-7.299063866086158,25.477756663519706,prior,north,7.299063866086158,0.5447284345047924,0.4728682170542636,False,2.7965349485285573,True,361536.9632547304,504265.84879016044,,1.1421519992263391,2.3750469803862444,
981836188268787,2025,panoroma_coarse,361538.0477937769,504300.5927658677,272.513291319393,-7.182659188113973,9.522425563158581,prior,north,7.182659188113973,0.5354141656662665,0.37315634218289084,False,5.0651526258337265,True,361542.340716773,504301.09828453214,,4.3225845243952055,10.738843217224657,
981836188268787,2025,panoroma_fine,361538.0477937769,504300.5927658677,272.513291319393,-7.182659188113973,9.522425563158581,prior,north,7.182659188113973,0.5354141656662665,0.37315634218289084,False,5.0651526258337265,True,361538.4782982679,504304.3750961554,,3.8067514394608186,8.526713608980177,
981836188268787,2025,panoroma_two_pass,361538.0477937769,504300.5927658677,272.513291319393,-7.182659188113973,9.522425563158581,prior,north,7.182659188113973,0.5354141656662665,0.37315634218289084,False,5.0651526258337265,True,361538.4782982679,504304.3750961554,,3.8067514394608186,8.526713608980177,
981836188268787,2024,panoroma_coarse,361538.0477937769,504300.5927658677,272.513291319393,-7.182659188113973,9.522425563158581,prior,north,7.182659188113973,0.5489199491740788,0.4429223744292237,False,2.145913820312176,True,361540.8614992279,504299.59105914604,,2.986696288721604,12.509594404462064,
981836188268787,2024,panoroma_fine,361538.0477937769,504300.5927658677,272.513291319393,-7.182659188113973,9.522425563158581,prior,north,7.182659188113973,0.5489199491740788,0.4429223744292237,False,2.145913820312176,True,361538.9177465572,504300.5003290067,,0.8748499375578376,5.819856380865683,
981836188268787,2024,panoroma_two_pass,361538.0477937769,504300.5927658677,272.513291319393,-7.182659188113973,9.522425563158581,prior,north,7.182659188113973,0.5489199491740788,0.4429223744292237,False,2.145913820312176,True,361538.9177465572,504300.5003290067,,0.8748499375578376,5.819856380865683,
1093658489977921,2025,panoroma_coarse,361539.8923210439,504335.836993712,272.28727856222014,9.904899376608512,14.66003649103303,prior,north,-9.904899376608512,0.4365426695842451,0.5060240963855421,False,5.263029201159304,True,361544.1958291855,504333.1660568179,,5.064986299782806,0.9539559753707624,
1093658489977921,2025,panoroma_fine,361539.8923210439,504335.836993712,272.28727856222014,9.904899376608512,14.66003649103303,prior,north,-9.904899376608512,0.4365426695842451,0.5060240963855421,False,5.263029201159304,True,361539.68987600773,504335.8855902948,,0.20819611072203897,8.184018003854257,
1093658489977921,2025,panoroma_two_pass,361539.8923210439,504335.836993712,272.28727856222014,9.904899376608512,14.66003649103303,prior,north,-9.904899376608512,0.4365426695842451,0.5060240963855421,False,5.263029201159304,True,361539.68987600773,504335.8855902948,,0.20819611072203897,8.184018003854257,
1093658489977921,2024,panoroma_coarse,361539.8923210439,504335.836993712,272.28727856222014,9.904899376608512,14.66003649103303,prior,north,-9.904899376608512,0.6600846262341326,0.4670846394984326,False,0.36567161896354483,True,361540.1728412378,504333.9280392564,,1.9294555430633067,13.453508568826868,
1093658489977921,2024,panoroma_fine,361539.8923210439,504335.836993712,272.28727856222014,9.904899376608512,14.66003649103303,prior,north,-9.904899376608512,0.6600846262341326,0.4670846394984326,False,0.36567161896354483,True,361539.8104460885,504333.87919779157,,1.9595071764048206,6.547030537359076,
1093658489977921,2024,panoroma_two_pass,361539.8923210439,504335.836993712,272.28727856222014,9.904899376608512,14.66003649103303,prior,north,-9.904899376608512,0.6600846262341326,0.4670846394984326,False,0.36567161896354483,True,361539.8104460885,504333.87919779157,,1.9595071764048206,6.547030537359076,
1619687222851775,2025,panoroma_coarse,361541.55438086914,504368.50681948196,272.37270993829156,5.896318191475984,16.958902953093734,prior,north,-5.896318191475984,0.45652173913043476,0.49122807017543857,False,1.5479410433299803,True,361542.8423810214,504386.16488546244,,17.704977790527103,10.559935083446485,
1619687222851775,2025,panoroma_fine,361541.55438086914,504368.50681948196,272.37270993829156,5.896318191475984,16.958902953093734,prior,north,-5.896318191475984,0.45652173913043476,0.49122807017543857,False,1.5479410433299803,True,361542.58809202386,504387.69179691345,,19.212806088600868,0.8361011898848917,
1619687222851775,2025,panoroma_two_pass,361541.55438086914,504368.50681948196,272.37270993829156,5.896318191475984,16.958902953093734,prior,north,-5.896318191475984,0.45652173913043476,0.49122807017543857,False,1.5479410433299803,True,361542.58809202386,504387.69179691345,,19.212806088600868,0.8361011898848917,
1619687222851775,2024,panoroma_coarse,361541.55438086914,504368.50681948196,272.37270993829156,5.896318191475984,16.958902953093734,prior,north,-5.896318191475984,0.6617647058823529,0.4816983894582723,False,1.6836879285867283,True,361540.90852954495,504367.95422870293,,0.849988530530492,6.760514060900634,
1619687222851775,2024,panoroma_fine,361541.55438086914,504368.50681948196,272.37270993829156,5.896318191475984,16.958902953093734,prior,north,-5.896318191475984,0.6617647058823529,0.4816983894582723,False,1.6836879285867283,True,361541.1119565224,504369.6255821981,,1.2030666305713003,1.6831561597737987,
1619687222851775,2024,panoroma_two_pass,361541.55438086914,504368.50681948196,272.37270993829156,5.896318191475984,16.958902953093734,prior,north,-5.896318191475984,0.6617647058823529,0.4816983894582723,False,1.6836879285867283,True,361541.1119565224,504369.6255821981,,1.2030666305713003,1.6831561597737987,
1391865393135267,2025,panoroma_coarse,361544.367099523,504400.577955069,277.8347799880502,-3.973653395355086,3.292530676545595,prior,north,3.973653395355086,0.3983983983983984,0.50066401062417,False,2.556113762080388,True,361548.28673855995,504403.16673541965,,4.697377340992871,1.1930589758010284,
1391865393135267,2025,panoroma_fine,361544.367099523,504400.577955069,277.8347799880502,-3.973653395355086,3.292530676545595,prior,north,3.973653395355086,0.3983983983983984,0.50066401062417,False,2.556113762080388,True,361546.18159405224,504401.7168788177,,2.1423206347033643,1.4865322055244523,
1391865393135267,2025,panoroma_two_pass,361544.367099523,504400.577955069,277.8347799880502,-3.973653395355086,3.292530676545595,prior,north,3.973653395355086,0.3983983983983984,0.50066401062417,False,2.556113762080388,True,361546.18159405224,504401.7168788177,,2.1423206347033643,1.4865322055244523,
1391865393135267,2024,panoroma_coarse,361544.367099523,504400.577955069,277.8347799880502,-3.973653395355086,3.292530676545595,prior,north,3.973653395355086,0.6235138705416117,0.4675,False,0.711319864408618,True,361545.94619529054,504402.90671573614,,2.813657706213325,0.4390211185588344,
1391865393135267,2024,panoroma_fine,361544.367099523,504400.577955069,277.8347799880502,-3.973653395355086,3.292530676545595,prior,north,3.973653395355086,0.6235138705416117,0.4675,False,0.711319864408618,True,361546.6496568826,504402.80127505143,,3.1864117505556426,0.34823550006204484,
1391865393135267,2024,panoroma_two_pass,361544.367099523,504400.577955069,277.8347799880502,-3.973653395355086,3.292530676545595,prior,north,3.973653395355086,0.6235138705416117,0.4675,False,0.711319864408618,True,361546.6496568826,504402.80127505143,,3.1864117505556426,0.34823550006204484,
1316675827064189,2025,panoroma_coarse,361552.2189105195,504434.41134184506,287.1074839647609,-8.711957542347193,20.80738963306581,prior,north,8.711957542347193,0.6316397228637414,0.3473541383989145,False,2.575319389820531,True,361555.96603478206,504438.2917094376,,5.394274083920943,4.287347592044077,
1316675827064189,2025,panoroma_fine,361552.2189105195,504434.41134184506,287.1074839647609,-8.711957542347193,20.80738963306581,prior,north,8.711957542347193,0.6316397228637414,0.3473541383989145,False,2.575319389820531,True,361553.75263455353,504439.60819315864,,5.418447470264803,10.00316195976672,
1316675827064189,2025,panoroma_two_pass,361552.2189105195,504434.41134184506,287.1074839647609,-8.711957542347193,20.80738963306581,prior,north,8.711957542347193,0.6316397228637414,0.3473541383989145,False,2.575319389820531,True,361553.75263455353,504439.60819315864,,5.418447470264803,10.00316195976672,
1316675827064189,2024,panoroma_coarse,361552.2189105195,504434.41134184506,287.1074839647609,-8.711957542347193,20.80738963306581,prior,north,8.711957542347193,0.5590909090909091,0.35537190082644626,False,2.106982089343268,True,361553.4348857135,504440.07918764366,,5.796815649054468,7.730356052415348,
1316675827064189,2024,panoroma_fine,361552.2189105195,504434.41134184506,287.1074839647609,-8.711957542347193,20.80738963306581,prior,north,8.711957542347193,0.5590909090909091,0.35537190082644626,False,2.106982089343268,True,361554.5258050121,504441.88176041853,,7.818498312517872,15.003576179796884,
1316675827064189,2024,panoroma_two_pass,361552.2189105195,504434.41134184506,287.1074839647609,-8.711957542347193,20.80738963306581,prior,north,8.711957542347193,0.5590909090909091,0.35537190082644626,False,2.106982089343268,True,361554.5258050121,504441.88176041853,,7.818498312517872,15.003576179796884,
28263711263284815,2025,panoroma_coarse,361563.71273511497,504464.28748197947,292.85422022979816,-1.1825195596875346,21.60799338112897,prior,north,1.1825195596875346,0.6409495548961425,0.3917525773195876,False,4.941267729214932,True,361567.4643407571,504461.0573905943,,4.950559084676811,3.3493337048181986,
28263711263284815,2025,panoroma_fine,361563.71273511497,504464.28748197947,292.85422022979816,-1.1825195596875346,21.60799338112897,prior,north,1.1825195596875346,0.6409495548961425,0.3917525773195876,False,4.941267729214932,True,361563.77592571045,504464.34550878184,,0.08579138156690407,1.2116249292580152,
28263711263284815,2025,panoroma_two_pass,361563.71273511497,504464.28748197947,292.85422022979816,-1.1825195596875346,21.60799338112897,prior,north,1.1825195596875346,0.6409495548961425,0.3917525773195876,False,4.941267729214932,True,361563.77592571045,504464.34550878184,,0.08579138156690407,1.2116249292580152,
28263711263284815,2024,panoroma_coarse,361563.71273511497,504464.28748197947,292.85422022979816,-1.1825195596875346,21.60799338112897,prior,north,1.1825195596875346,0.6368159203980099,0.4374057315233786,False,3.354584476327079,True,361565.8733855747,504464.3415262548,,2.1613262578677164,6.419249868412025,
28263711263284815,2024,panoroma_fine,361563.71273511497,504464.28748197947,292.85422022979816,-1.1825195596875346,21.60799338112897,prior,north,1.1825195596875346,0.6368159203980099,0.4374057315233786,False,3.354584476327079,True,361562.9810915593,504462.6421521532,,1.800670022469048,2.4450897361949733,
28263711263284815,2024,panoroma_two_pass,361563.71273511497,504464.28748197947,292.85422022979816,-1.1825195596875346,21.60799338112897,prior,north,1.1825195596875346,0.6368159203980099,0.4374057315233786,False,3.354584476327079,True,361562.9810915593,504462.6421521532,,1.800670022469048,2.4450897361949733,
3489296377898570,2025,panoroma_coarse,361571.625468986,504493.47068203054,299.5680585925597,4.646418907159841,31.05471874169141,prior,north,-4.646418907159841,0.3410041841004184,0.30122591943957966,False,3.586543564214162,True,361571.42300399864,504451.1125801078,,42.35858579517601,4.988827452164638,
3489296377898570,2025,panoroma_fine,361571.625468986,504493.47068203054,299.5680585925597,4.646418907159841,31.05471874169141,prior,north,-4.646418907159841,0.3410041841004184,0.30122591943957966,False,3.586543564214162,True,361570.6108088152,504454.6059500742,,38.87797480964818,14.822779818001074,
3489296377898570,2025,panoroma_two_pass,361571.625468986,504493.47068203054,299.5680585925597,4.646418907159841,31.05471874169141,prior,north,-4.646418907159841,0.3410041841004184,0.30122591943957966,False,3.586543564214162,True,361570.6108088152,504454.6059500742,,38.87797480964818,14.822779818001074,
3489296377898570,2024,panoroma_coarse,361571.625468986,504493.47068203054,299.5680585925597,4.646418907159841,31.05471874169141,prior,north,-4.646418907159841,0.34579439252336447,0.38286713286713286,False,2.5072966380620345,True,361573.3367906162,504482.17461796117,,11.424958870016551,1.6319816949157757,
3489296377898570,2024,panoroma_fine,361571.625468986,504493.47068203054,299.5680585925597,4.646418907159841,31.05471874169141,prior,north,-4.646418907159841,0.34579439252336447,0.38286713286713286,False,2.5072966380620345,True,361573.98305597884,504484.59719458787,,9.181339544103855,0.9998967228034016,
3489296377898570,2024,panoroma_two_pass,361571.625468986,504493.47068203054,299.5680585925597,4.646418907159841,31.05471874169141,prior,north,-4.646418907159841,0.34579439252336447,0.38286713286713286,False,2.5072966380620345,True,361573.98305597884,504484.59719458787,,9.181339544103855,0.9998967228034016,
1131727186478749,2025,panoroma_coarse,361588.8523000926,504518.82913805824,307.4974744287967,4.978490127356963,12.992740716188614,prior,north,-4.978490127356963,0.4457070707070707,0.44803370786516855,False,2.53158082241222,True,361583.37551674043,504495.86771579535,,23.605551639836843,1.3019074575600458,
1131727186478749,2025,panoroma_fine,361588.8523000926,504518.82913805824,307.4974744287967,4.978490127356963,12.992740716188614,prior,north,-4.978490127356963,0.4457070707070707,0.44803370786516855,False,2.53158082241222,True,361581.12569770863,504497.0284120454,,23.129462576700856,1.183389567418735,
1131727186478749,2025,panoroma_two_pass,361588.8523000926,504518.82913805824,307.4974744287967,4.978490127356963,12.992740716188614,prior,north,-4.978490127356963,0.4457070707070707,0.44803370786516855,False,2.53158082241222,True,361581.12569770863,504497.0284120454,,23.129462576700856,1.183389567418735,
1131727186478749,2024,panoroma_coarse,361588.8523000926,504518.82913805824,307.4974744287967,4.978490127356963,12.992740716188614,prior,north,-4.978490127356963,0.27605321507760533,0.41316526610644255,False,4.151343230831109,True,361581.84063047956,504495.92448526755,,23.9538437463413,11.31238858240601,
1131727186478749,2024,panoroma_fine,361588.8523000926,504518.82913805824,307.4974744287967,4.978490127356963,12.992740716188614,prior,north,-4.978490127356963,0.27605321507760533,0.41316526610644255,False,4.151343230831109,True,361582.999607235,504499.91076467326,,19.803001419441276,3.1631127992381476,
1131727186478749,2024,panoroma_two_pass,361588.8523000926,504518.82913805824,307.4974744287967,4.978490127356963,12.992740716188614,prior,north,-4.978490127356963,0.27605321507760533,0.41316526610644255,False,4.151343230831109,True,361582.999607235,504499.91076467326,,19.803001419441276,3.1631127992381476,
1599642875223994,2025,panoroma_coarse,361610.9469463425,504543.66361937486,313.92116788058945,-0.5885879537345886,16.26362682875061,prior,north,0.5885879537345886,0.5046554934823091,0.31504424778761064,False,4.730373427890633,True,361611.9299265939,504543.0352362964,,1.1666685338885656,0.8550702125134374,
1599642875223994,2025,panoroma_fine,361610.9469463425,504543.66361937486,313.92116788058945,-0.5885879537345886,16.26362682875061,prior,north,0.5885879537345886,0.5046554934823091,0.31504424778761064,False,4.730373427890633,True,361616.635465955,504542.5511576991,,5.7962769397502,0.6200849486178515,
1599642875223994,2025,panoroma_two_pass,361610.9469463425,504543.66361937486,313.92116788058945,-0.5885879537345886,16.26362682875061,prior,north,0.5885879537345886,0.5046554934823091,0.31504424778761064,False,4.730373427890633,True,361616.635465955,504542.5511576991,,5.7962769397502,0.6200849486178515,
1599642875223994,2024,panoroma_coarse,361610.9469463425,504543.66361937486,313.92116788058945,-0.5885879537345886,16.26362682875061,prior,north,0.5885879537345886,0.5587301587301587,0.3640625,False,1.9042615738571222,True,361616.0239586454,504542.85860267316,,5.140438290084493,17.659129961751354,
1599642875223994,2024,panoroma_fine,361610.9469463425,504543.66361937486,313.92116788058945,-0.5885879537345886,16.26362682875061,prior,north,0.5885879537345886,0.5587301587301587,0.3640625,False,1.9042615738571222,True,361616.9507779527,504541.19510692224,,6.491498111557284,11.50937184754989,
1599642875223994,2024,panoroma_two_pass,361610.9469463425,504543.66361937486,313.92116788058945,-0.5885879537345886,16.26362682875061,prior,north,0.5885879537345886,0.5587301587301587,0.3640625,False,1.9042615738571222,True,361616.9507779527,504541.19510692224,,6.491498111557284,11.50937184754989,
1073713638614184,2025,panoroma_coarse,361636.8629086914,504567.6693398636,318.45576423936296,-6.625193360644289,7.870400249050183,prior,north,6.625193360644289,0.6713483146067416,0.34093264248704663,False,2.961988112419193,True,361625.6985336633,504544.9220857527,,25.339314105808846,11.893255693693169,
1073713638614184,2025,panoroma_fine,361636.8629086914,504567.6693398636,318.45576423936296,-6.625193360644289,7.870400249050183,prior,north,6.625193360644289,0.6713483146067416,0.34093264248704663,False,2.961988112419193,True,361622.7474126997,504545.17557862494,,26.55591312218911,20.41103582674646,
1073713638614184,2025,panoroma_two_pass,361636.8629086914,504567.6693398636,318.45576423936296,-6.625193360644289,7.870400249050183,prior,north,6.625193360644289,0.6713483146067416,0.34093264248704663,False,2.961988112419193,True,361622.7474126997,504545.17557862494,,26.55591312218911,20.41103582674646,
1073713638614184,2024,panoroma_coarse,361636.8629086914,504567.6693398636,318.45576423936296,-6.625193360644289,7.870400249050183,prior,north,6.625193360644289,0.47697974217311234,0.4033790918690602,False,3.0578731290467847,True,361653.4455994198,504551.2988335632,,23.301912117346067,3.4143630787285923,
1073713638614184,2024,panoroma_fine,361636.8629086914,504567.6693398636,318.45576423936296,-6.625193360644289,7.870400249050183,prior,north,6.625193360644289,0.47697974217311234,0.4033790918690602,False,3.0578731290467847,True,361651.6357471608,504548.8340774142,,23.937499200654965,12.49925878953077,
1073713638614184,2024,panoroma_two_pass,361636.8629086914,504567.6693398636,318.45576423936296,-6.625193360644289,7.870400249050183,prior,north,6.625193360644289,0.47697974217311234,0.4033790918690602,False,3.0578731290467847,True,361651.6357471608,504548.8340774142,,23.937499200654965,12.49925878953077,
1120440463974740,2025,panoroma_coarse,361660.74811106944,504589.6475856835,311.0860382163991,-4.294805491446198,22.095073244316996,prior,north,4.294805491446198,0.6675291073738681,0.36152954808806487,False,1.5324293159950186,True,361665.8587284867,504588.1418958071,,5.3278055885567,0.724824456497835,
1120440463974740,2025,panoroma_fine,361660.74811106944,504589.6475856835,311.0860382163991,-4.294805491446198,22.095073244316996,prior,north,4.294805491446198,0.6675291073738681,0.36152954808806487,False,1.5324293159950186,True,361667.0549228469,504587.1840551831,,6.770883053405813,6.052746689434334,
1120440463974740,2025,panoroma_two_pass,361660.74811106944,504589.6475856835,311.0860382163991,-4.294805491446198,22.095073244316996,prior,north,4.294805491446198,0.6675291073738681,0.36152954808806487,False,1.5324293159950186,True,361667.0549228469,504587.1840551831,,6.770883053405813,6.052746689434334,
1120440463974740,2024,panoroma_coarse,361660.74811106944,504589.6475856835,311.0860382163991,-4.294805491446198,22.095073244316996,prior,north,4.294805491446198,0.6409966024915063,0.3690205011389522,False,0.23336696114974143,True,361667.22599800234,504587.1899654931,,6.9284136796034606,2.4834190007855015,
1120440463974740,2024,panoroma_fine,361660.74811106944,504589.6475856835,311.0860382163991,-4.294805491446198,22.095073244316996,prior,north,4.294805491446198,0.6409966024915063,0.3690205011389522,False,0.23336696114974143,True,361667.3004795991,504587.4111274932,,6.923530788950365,4.7745265353536785,
1120440463974740,2024,panoroma_two_pass,361660.74811106944,504589.6475856835,311.0860382163991,-4.294805491446198,22.095073244316996,prior,north,4.294805491446198,0.6409966024915063,0.3690205011389522,False,0.23336696114974143,True,361667.3004795991,504587.4111274932,,6.923530788950365,4.7745265353536785,
1396740292671110,2025,panoroma_coarse,361683.0279493844,504613.3827825114,318.1565499517186,-5.243072536293141,6.705064392208142,prior,north,5.243072536293141,0.5157992565055762,0.4214963119072708,False,1.2032053993423406,True,361686.99989848386,504606.65573954594,,7.812137140881201,2.8079371060861686,
1396740292671110,2025,panoroma_fine,361683.0279493844,504613.3827825114,318.1565499517186,-5.243072536293141,6.705064392208142,prior,north,5.243072536293141,0.5157992565055762,0.4214963119072708,False,1.2032053993423406,True,361685.87986660114,504607.0953209545,,6.904028145987773,8.169075512084857,
1396740292671110,2025,panoroma_two_pass,361683.0279493844,504613.3827825114,318.1565499517186,-5.243072536293141,6.705064392208142,prior,north,5.243072536293141,0.5157992565055762,0.4214963119072708,False,1.2032053993423406,True,361685.87986660114,504607.0953209545,,6.904028145987773,8.169075512084857,
1396740292671110,2024,panoroma_coarse,361683.0279493844,504613.3827825114,318.1565499517186,-5.243072536293141,6.705064392208142,prior,north,5.243072536293141,0.6337448559670782,0.43373493975903615,False,2.5168005099788573,True,361685.26242801733,504607.14573419356,,6.625229541699321,5.07842041704003,
1396740292671110,2024,panoroma_fine,361683.0279493844,504613.3827825114,318.1565499517186,-5.243072536293141,6.705064392208142,prior,north,5.243072536293141,0.6337448559670782,0.43373493975903615,False,2.5168005099788573,True,361687.49059022963,504608.31602388533,,6.7518298474101295,7.139868144918794,
1396740292671110,2024,panoroma_two_pass,361683.0279493844,504613.3827825114,318.1565499517186,-5.243072536293141,6.705064392208142,prior,north,5.243072536293141,0.6337448559670782,0.43373493975903615,False,2.5168005099788573,True,361687.49059022963,504608.31602388533,,6.7518298474101295,7.139868144918794,
1100290906086001,2025,panoroma_coarse,361707.85448543716,504638.3282890087,290.3221943299974,6.408059954103123,18.034100514463145,prior,north,-6.408059954103123,0.6835664335664335,0.4050880626223092,False,1.0301477260355705,True,361710.01699292357,504633.8158442159,,5.003858175117463,3.5390385337750336,
1100290906086001,2025,panoroma_fine,361707.85448543716,504638.3282890087,290.3221943299974,6.408059954103123,18.034100514463145,prior,north,-6.408059954103123,0.6835664335664335,0.4050880626223092,False,1.0301477260355705,True,361710.2151172733,504632.80492825527,,6.006671014671529,7.26340874759599,
1100290906086001,2025,panoroma_two_pass,361707.85448543716,504638.3282890087,290.3221943299974,6.408059954103123,18.034100514463145,prior,north,-6.408059954103123,0.6835664335664335,0.4050880626223092,False,1.0301477260355705,True,361710.2151172733,504632.80492825527,,6.006671014671529,7.26340874759599,
1100290906086001,2024,panoroma_coarse,361707.85448543716,504638.3282890087,290.3221943299974,6.408059954103123,18.034100514463145,prior,north,-6.408059954103123,0.7105263157894737,0.43783783783783786,False,0.42141221166849396,True,361709.6981294343,504633.5502622092,,5.121382946524974,3.310094306057742,
1100290906086001,2024,panoroma_fine,361707.85448543716,504638.3282890087,290.3221943299974,6.408059954103123,18.034100514463145,prior,north,-6.408059954103123,0.7105263157894737,0.43783783783783786,False,0.42141221166849396,True,361709.95762701717,504633.8823002441,,4.918335145181594,9.272226023920654,
1100290906086001,2024,panoroma_two_pass,361707.85448543716,504638.3282890087,290.3221943299974,6.408059954103123,18.034100514463145,prior,north,-6.408059954103123,0.7105263157894737,0.43783783783783786,False,0.42141221166849396,True,361709.95762701717,504633.8823002441,,4.918335145181594,9.272226023920654,
1436906631667845,2025,panoroma_coarse,361697.4136276352,504666.51541773695,211.2542456606379,-9.664194314343604,9.263483136300188,prior,north,9.664194314343604,0.5445544554455446,0.3977777777777778,False,5.137469411276505,True,361694.23384676554,504654.5595849689,,12.371456808192395,5.727012683522387,
1436906631667845,2025,panoroma_fine,361697.4136276352,504666.51541773695,211.2542456606379,-9.664194314343604,9.263483136300188,prior,north,9.664194314343604,0.5445544554455446,0.3977777777777778,False,5.137469411276505,True,361698.9696396391,504656.5510311295,,10.085146197210886,10.650361633523264,
1436906631667845,2025,panoroma_two_pass,361697.4136276352,504666.51541773695,211.2542456606379,-9.664194314343604,9.263483136300188,prior,north,9.664194314343604,0.5445544554455446,0.3977777777777778,False,5.137469411276505,True,361698.9696396391,504656.5510311295,,10.085146197210886,10.650361633523264,
1436906631667845,2024,panoroma_coarse,361697.4136276352,504666.51541773695,211.2542456606379,-9.664194314343604,9.263483136300188,prior,north,9.664194314343604,0.5219206680584552,0.4318975552968568,False,2.9798074593755968,True,361698.65832128056,504655.07351781975,,11.50940206900725,2.7878481330124703,
1436906631667845,2024,panoroma_fine,361697.4136276352,504666.51541773695,211.2542456606379,-9.664194314343604,9.263483136300188,prior,north,9.664194314343604,0.5219206680584552,0.4318975552968568,False,2.9798074593755968,True,361699.9589415551,504657.75449514086,,9.123178595506785,10.72179990509412,
1436906631667845,2024,panoroma_two_pass,361697.4136276352,504666.51541773695,211.2542456606379,-9.664194314343604,9.263483136300188,prior,north,9.664194314343604,0.5219206680584552,0.4318975552968568,False,2.9798074593755968,True,361699.9589415551,504657.75449514086,,9.123178595506785,10.72179990509412,
1609692443937868,2025,panoroma_coarse,361668.9486892873,504682.8453561375,210.79401582028814,-6.061627934747776,17.21515125008524,prior,north,6.061627934747776,0.5251256281407035,0.3816793893129771,False,1.7005901520639364,True,361665.7162148633,504680.0871224664,,4.249322756168943,10.71224724331859,
1609692443937868,2025,panoroma_fine,361668.9486892873,504682.8453561375,210.79401582028814,-6.061627934747776,17.21515125008524,prior,north,6.061627934747776,0.5251256281407035,0.3816793893129771,False,1.7005901520639364,True,361667.01265510026,504678.98655462335,,4.317241885616162,5.0709205847332885,
1609692443937868,2025,panoroma_two_pass,361668.9486892873,504682.8453561375,210.79401582028814,-6.061627934747776,17.21515125008524,prior,north,6.061627934747776,0.5251256281407035,0.3816793893129771,False,1.7005901520639364,True,361667.01265510026,504678.98655462335,,4.317241885616162,5.0709205847332885,
1609692443937868,2024,panoroma_coarse,361668.9486892873,504682.8453561375,210.79401582028814,-6.061627934747776,17.21515125008524,prior,north,6.061627934747776,0.40159271899886234,0.24887556221889057,False,1.8781117723309182,True,361663.2377216589,504684.55804334994,,5.96225198564618,14.931388911165971,
1609692443937868,2024,panoroma_fine,361668.9486892873,504682.8453561375,210.79401582028814,-6.061627934747776,17.21515125008524,prior,north,6.061627934747776,0.40159271899886234,0.24887556221889057,False,1.8781117723309182,True,361662.906481089,504682.7093726074,,6.043738200142036,4.933745908888331,
1609692443937868,2024,panoroma_two_pass,361668.9486892873,504682.8453561375,210.79401582028814,-6.061627934747776,17.21515125008524,prior,north,6.061627934747776,0.40159271899886234,0.24887556221889057,False,1.8781117723309182,True,361662.906481089,504682.7093726074,,6.043738200142036,4.933745908888331,
2140812226473784,2025,panoroma_coarse,361641.04399474245,504701.4222107101,213.78021034732328,-3.4487666741794385,17.644428879364742,prior,north,3.4487666741794385,0.5271867612293144,0.42698191933240615,False,2.2142357267366024,True,361642.738905356,504696.53560733236,,5.172196299386084,5.354390765792738,
2140812226473784,2025,panoroma_fine,361641.04399474245,504701.4222107101,213.78021034732328,-3.4487666741794385,17.644428879364742,prior,north,3.4487666741794385,0.5271867612293144,0.42698191933240615,False,2.2142357267366024,True,361640.781392881,504697.57049126975,,3.8606608741177615,3.3894209706803173,
2140812226473784,2025,panoroma_two_pass,361641.04399474245,504701.4222107101,213.78021034732328,-3.4487666741794385,17.644428879364742,prior,north,3.4487666741794385,0.5271867612293144,0.42698191933240615,False,2.2142357267366024,True,361640.781392881,504697.57049126975,,3.8606608741177615,3.3894209706803173,
2140812226473784,2024,panoroma_coarse,361641.04399474245,504701.4222107101,213.78021034732328,-3.4487666741794385,17.644428879364742,prior,north,3.4487666741794385,0.46687054026503566,0.45144356955380577,False,3.221538353463091,True,361647.9753581537,504695.1344073504,,9.358433086233273,14.092282858323319,
2140812226473784,2024,panoroma_fine,361641.04399474245,504701.4222107101,213.78021034732328,-3.4487666741794385,17.644428879364742,prior,north,3.4487666741794385,0.46687054026503566,0.45144356955380577,False,3.221538353463091,True,361645.00979775965,504696.39288298076,,6.404820917138516,0.7116155990252929,
2140812226473784,2024,panoroma_two_pass,361641.04399474245,504701.4222107101,213.78021034732328,-3.4487666741794385,17.644428879364742,prior,north,3.4487666741794385,0.46687054026503566,0.45144356955380577,False,3.221538353463091,True,361645.00979775965,504696.39288298076,,6.404820917138516,0.7116155990252929,
1770134364187132,2025,panoroma_coarse,361614.59098087926,504722.44381314795,220.41034254713298,8.804444454854377,19.92527726184344,prior,north,-8.804444454854377,0.5778443113772455,0.4606164383561644,False,3.1173058421953828,True,361613.1645729115,504716.9666900083,,5.659816037421598,2.330381731642904,
1770134364187132,2025,panoroma_fine,361614.59098087926,504722.44381314795,220.41034254713298,8.804444454854377,19.92527726184344,prior,north,-8.804444454854377,0.5778443113772455,0.4606164383561644,False,3.1173058421953828,True,361616.27527793706,504717.1694459158,,5.5367685773082025,4.037764240465624,
1770134364187132,2025,panoroma_two_pass,361614.59098087926,504722.44381314795,220.41034254713298,8.804444454854377,19.92527726184344,prior,north,-8.804444454854377,0.5778443113772455,0.4606164383561644,False,3.1173058421953828,True,361616.27527793706,504717.1694459158,,5.5367685773082025,4.037764240465624,
1770134364187132,2024,panoroma_coarse,361614.59098087926,504722.44381314795,220.41034254713298,8.804444454854377,19.92527726184344,prior,north,-8.804444454854377,0.6389280677009873,0.42424242424242425,False,3.484587509494125,True,361612.0520342598,504718.97108060436,,4.301874156222114,4.277764979125898,
1770134364187132,2024,panoroma_fine,361614.59098087926,504722.44381314795,220.41034254713298,8.804444454854377,19.92527726184344,prior,north,-8.804444454854377,0.6389280677009873,0.42424242424242425,False,3.484587509494125,True,361615.52898799255,504718.740553271,,3.820208248336505,5.415843033360552,
1770134364187132,2024,panoroma_two_pass,361614.59098087926,504722.44381314795,220.41034254713298,8.804444454854377,19.92527726184344,prior,north,-8.804444454854377,0.6389280677009873,0.42424242424242425,False,3.484587509494125,True,361615.52898799255,504718.740553271,,3.820208248336505,5.415843033360552,
3960386027436480,2025,panoroma_coarse,361591.5952234963,504746.5269450778,230.05124253896744,8.361483200621052,15.710932213991812,prior,north,-8.361483200621052,0.6055172413793104,0.3372262773722628,False,3.456417927373367,True,361590.0979999635,504739.53291340475,,7.152493086403466,19.495274698767428,
3960386027436480,2025,panoroma_fine,361591.5952234963,504746.5269450778,230.05124253896744,8.361483200621052,15.710932213991812,prior,north,-8.361483200621052,0.6055172413793104,0.3372262773722628,False,3.456417927373367,True,361590.8272786169,504742.91151926137,,3.6960848437307163,2.2429449805631005,
3960386027436480,2025,panoroma_two_pass,361591.5952234963,504746.5269450778,230.05124253896744,8.361483200621052,15.710932213991812,prior,north,-8.361483200621052,0.6055172413793104,0.3372262773722628,False,3.456417927373367,True,361590.8272786169,504742.91151926137,,3.6960848437307163,2.2429449805631005,
3960386027436480,2024,panoroma_coarse,361591.5952234963,504746.5269450778,230.05124253896744,8.361483200621052,15.710932213991812,prior,north,-8.361483200621052,0.6875934230194319,0.4307458143074581,False,3.0068712756129763,True,361592.44391836115,504739.0548917967,,7.520097287205911,12.620710279075697,
3960386027436480,2024,panoroma_fine,361591.5952234963,504746.5269450778,230.05124253896744,8.361483200621052,15.710932213991812,prior,north,-8.361483200621052,0.6875934230194319,0.4307458143074581,False,3.0068712756129763,True,361591.12116238143,504741.75518650026,,4.795249092915293,7.937246416518765,
3960386027436480,2024,panoroma_two_pass,361591.5952234963,504746.5269450778,230.05124253896744,8.361483200621052,15.710932213991812,prior,north,-8.361483200621052,0.6875934230194319,0.4307458143074581,False,3.0068712756129763,True,361591.12116238143,504741.75518650026,,4.795249092915293,7.937246416518765,
1799341664552833,2025,panoroma_coarse,361572.6457602309,504774.8962715687,239.07370792608288,8.243739053374185,21.906598058444533,prior,north,-8.243739053374185,0.33989501312335957,0.41235392320534225,False,2.722547586587023,True,361565.46008250554,504782.8497372685,,10.718749041309724,23.598155451520743,
1799341664552833,2025,panoroma_fine,361572.6457602309,504774.8962715687,239.07370792608288,8.243739053374185,21.906598058444533,prior,north,-8.243739053374185,0.33989501312335957,0.41235392320534225,False,2.722547586587023,True,361567.65793651785,504781.2429693631,,8.072109902977497,11.988346593133212,
1799341664552833,2025,panoroma_two_pass,361572.6457602309,504774.8962715687,239.07370792608288,8.243739053374185,21.906598058444533,prior,north,-8.243739053374185,0.33989501312335957,0.41235392320534225,False,2.722547586587023,True,361567.65793651785,504781.2429693631,,8.072109902977497,11.988346593133212,
1799341664552833,2024,panoroma_coarse,361572.6457602309,504774.8962715687,239.07370792608288,8.243739053374185,21.906598058444533,prior,north,-8.243739053374185,0.43548387096774194,0.3586776859504132,False,1.9061899541528042,True,361572.3218622573,504780.09686724114,,5.210672245041783,12.568815550318938,
1799341664552833,2024,panoroma_fine,361572.6457602309,504774.8962715687,239.07370792608288,8.243739053374185,21.906598058444533,prior,north,-8.243739053374185,0.43548387096774194,0.3586776859504132,False,1.9061899541528042,True,361570.5768648437,504779.32970091765,,4.892404717002937,15.730638641935236,
1799341664552833,2024,panoroma_two_pass,361572.6457602309,504774.8962715687,239.07370792608288,8.243739053374185,21.906598058444533,prior,north,-8.243739053374185,0.43548387096774194,0.3586776859504132,False,1.9061899541528042,True,361570.5768648437,504779.32970091765,,4.892404717002937,15.730638641935236,
1388036546256933,2025,panoroma_coarse,361558.7140618083,504804.42107867356,249.01867383618352,9.474083171671651,17.876799473428807,prior,north,-9.474083171671651,0.6987060998151571,0.3920863309352518,False,1.1455424562984224,True,361559.0600991667,504802.1255091543,,2.321504096754967,10.960856380424294,
1388036546256933,2025,panoroma_fine,361558.7140618083,504804.42107867356,249.01867383618352,9.474083171671651,17.876799473428807,prior,north,-9.474083171671651,0.6987060998151571,0.3920863309352518,False,1.1455424562984224,True,361560.16539719957,504801.8245377641,,2.974625877703185,9.678846423206846,
1388036546256933,2025,panoroma_two_pass,361558.7140618083,504804.42107867356,249.01867383618352,9.474083171671651,17.876799473428807,prior,north,-9.474083171671651,0.6987060998151571,0.3920863309352518,False,1.1455424562984224,True,361560.16539719957,504801.8245377641,,2.974625877703185,9.678846423206846,
1388036546256933,2024,panoroma_coarse,361558.7140618083,504804.42107867356,249.01867383618352,9.474083171671651,17.876799473428807,prior,north,-9.474083171671651,0.6323529411764706,0.40241796200345425,False,1.1027515906520038,True,361558.7099222252,504802.6801209687,,1.7409626263031168,10.946484310947078,
1388036546256933,2024,panoroma_fine,361558.7140618083,504804.42107867356,249.01867383618352,9.474083171671651,17.876799473428807,prior,north,-9.474083171671651,0.6323529411764706,0.40241796200345425,False,1.1027515906520038,True,361559.699490019,504803.1667590808,,1.5951132872889686,10.032572467790185,
1388036546256933,2024,panoroma_two_pass,361558.7140618083,504804.42107867356,249.01867383618352,9.474083171671651,17.876799473428807,prior,north,-9.474083171671651,0.6323529411764706,0.40241796200345425,False,1.1027515906520038,True,361559.699490019,504803.1667590808,,1.5951132872889686,10.032572467790185,
1392556546281046,2025,panoroma_coarse,361548.052834857,504835.79213500954,250.87378567541663,7.06268696714011,10.700752972659181,prior,north,-7.06268696714011,0.6051980198019802,0.3664772727272727,False,3.5017220966408455,True,361550.6074558233,504837.3413412006,,2.9876626488907627,9.270469330163692,
1392556546281046,2025,panoroma_fine,361548.052834857,504835.79213500954,250.87378567541663,7.06268696714011,10.700752972659181,prior,north,-7.06268696714011,0.6051980198019802,0.3664772727272727,False,3.5017220966408455,True,361553.8795605656,504836.0941891659,,5.834549613817872,6.178116263814267,
1392556546281046,2025,panoroma_two_pass,361548.052834857,504835.79213500954,250.87378567541663,7.06268696714011,10.700752972659181,prior,north,-7.06268696714011,0.6051980198019802,0.3664772727272727,False,3.5017220966408455,True,361553.8795605656,504836.0941891659,,5.834549613817872,6.178116263814267,
1392556546281046,2024,panoroma_coarse,361548.052834857,504835.79213500954,250.87378567541663,7.06268696714011,10.700752972659181,prior,north,-7.06268696714011,0.6841339155749636,0.4308823529411765,False,2.5831188023673484,True,361548.4062163017,504839.11007671664,,3.336707301686394,11.927723024040617,
1392556546281046,2024,panoroma_fine,361548.052834857,504835.79213500954,250.87378567541663,7.06268696714011,10.700752972659181,prior,north,-7.06268696714011,0.6841339155749636,0.4308823529411765,False,2.5831188023673484,True,361550.42978839966,504837.5045678529,,2.9295621493364687,4.762043194670833,
1392556546281046,2024,panoroma_two_pass,361548.052834857,504835.79213500954,250.87378567541663,7.06268696714011,10.700752972659181,prior,north,-7.06268696714011,0.6841339155749636,0.4308823529411765,False,2.5831188023673484,True,361550.42978839966,504837.5045678529,,2.9295621493364687,4.762043194670833,
1400716081531820,2025,panoroma_coarse,361537.2392487183,504867.6496268753,251.32015210508467,3.186497801348793,25.192597472479502,prior,north,-3.186497801348793,0.7988980716253443,0.5537414965986395,False,4.179684248175988,True,361534.2382909125,504869.5568369843,,3.555727513784861,3.8320097504425856,
1400716081531820,2025,panoroma_fine,361537.2392487183,504867.6496268753,251.32015210508467,3.186497801348793,25.192597472479502,prior,north,-3.186497801348793,0.7988980716253443,0.5537414965986395,False,4.179684248175988,True,361538.29229941976,504868.5395978593,,1.3787545583664003,6.542809431976589,
1400716081531820,2025,panoroma_two_pass,361537.2392487183,504867.6496268753,251.32015210508467,3.186497801348793,25.192597472479502,prior,north,-3.186497801348793,0.7988980716253443,0.5537414965986395,False,4.179684248175988,True,361538.29229941976,504868.5395978593,,1.3787545583664003,6.542809431976589,
1400716081531820,2024,panoroma_coarse,361537.2392487183,504867.6496268753,251.32015210508467,3.186497801348793,25.192597472479502,prior,north,-3.186497801348793,0.7526041666666666,0.5137362637362637,False,3.554954766835011,True,361534.533587985,504868.6995849442,,2.902242572618253,2.1860707559775423,
1400716081531820,2024,panoroma_fine,361537.2392487183,504867.6496268753,251.32015210508467,3.186497801348793,25.192597472479502,prior,north,-3.186497801348793,0.7526041666666666,0.5137362637362637,False,3.554954766835011,True,361538.0690081737,504869.0717508793,,1.6464924647742636,3.215958948252736,
1400716081531820,2024,panoroma_two_pass,361537.2392487183,504867.6496268753,251.32015210508467,3.186497801348793,25.192597472479502,prior,north,-3.186497801348793,0.7526041666666666,0.5137362637362637,False,3.554954766835011,True,361538.0690081737,504869.0717508793,,1.6464924647742636,3.215958948252736,
1892217645152325,2025,panoroma_coarse,361527.15932734055,504899.9309961172,251.75060327783478,-9.0737365324849,21.31033776483124,prior,north,9.0737365324849,0.5628834355828221,0.3328335832083958,False,3.1426901109679415,True,361528.28162324853,504904.48175312893,,4.687103314955098,3.5797233510721242,
1892217645152325,2025,panoroma_fine,361527.15932734055,504899.9309961172,251.75060327783478,-9.0737365324849,21.31033776483124,prior,north,9.0737365324849,0.5628834355828221,0.3328335832083958,False,3.1426901109679415,True,361530.3637756656,504902.12778999284,,3.885150241618442,5.138994806350307,
1892217645152325,2025,panoroma_two_pass,361527.15932734055,504899.9309961172,251.75060327783478,-9.0737365324849,21.31033776483124,prior,north,9.0737365324849,0.5628834355828221,0.3328335832083958,False,3.1426901109679415,True,361530.3637756656,504902.12778999284,,3.885150241618442,5.138994806350307,
1892217645152325,2024,panoroma_coarse,361527.15932734055,504899.9309961172,251.75060327783478,-9.0737365324849,21.31033776483124,prior,north,9.0737365324849,0.5282131661442007,0.46275752773375595,False,4.14777956125956,True,361527.99941606645,504903.5657904686,,3.730613762432267,2.914739972858507,
1892217645152325,2024,panoroma_fine,361527.15932734055,504899.9309961172,251.75060327783478,-9.0737365324849,21.31033776483124,prior,north,9.0737365324849,0.5282131661442007,0.46275752773375595,False,4.14777956125956,True,361528.6198890806,504899.46468226134,,1.533195750257881,5.933624862864426,
1892217645152325,2024,panoroma_two_pass,361527.15932734055,504899.9309961172,251.75060327783478,-9.0737365324849,21.31033776483124,prior,north,9.0737365324849,0.5282131661442007,0.46275752773375595,False,4.14777956125956,True,361528.6198890806,504899.46468226134,,1.533195750257881,5.933624862864426,
845278345272909,2025,panoroma_coarse,361517.99783600273,504929.75817886833,251.94198824508135,-2.310200403180687,21.380501203604464,prior,north,2.310200403180687,0.6875,0.5454545454545454,False,1.3165707813237646,True,361521.1449793141,504929.80619258975,,3.1475095456373556,1.8430456584818304,
845278345272909,2025,panoroma_fine,361517.99783600273,504929.75817886833,251.94198824508135,-2.310200403180687,21.380501203604464,prior,north,2.310200403180687,0.6875,0.5454545454545454,False,1.3165707813237646,True,361520.3974202121,504930.88994256605,,2.6530912998499567,0.8472871531492632,
845278345272909,2025,panoroma_two_pass,361517.99783600273,504929.75817886833,251.94198824508135,-2.310200403180687,21.380501203604464,prior,north,2.310200403180687,0.6875,0.5454545454545454,False,1.3165707813237646,True,361520.3974202121,504930.88994256605,,2.6530912998499567,0.8472871531492632,
845278345272909,2024,panoroma_coarse,361517.99783600273,504929.75817886833,251.94198824508135,-2.310200403180687,21.380501203604464,prior,north,2.310200403180687,0.7970049916805324,0.5015197568389058,False,1.3489399518035492,True,361519.03920593695,504931.91485664534,,2.3949343151163998,6.18085747435472,
845278345272909,2024,panoroma_fine,361517.99783600273,504929.75817886833,251.94198824508135,-2.310200403180687,21.380501203604464,prior,north,2.310200403180687,0.7970049916805324,0.5015197568389058,False,1.3489399518035492,True,361519.0284745787,504933.2637539104,,3.6539392783209803,0.3525016458059996,
845278345272909,2024,panoroma_two_pass,361517.99783600273,504929.75817886833,251.94198824508135,-2.310200403180687,21.380501203604464,prior,north,2.310200403180687,0.7970049916805324,0.5015197568389058,False,1.3489399518035492,True,361519.0284745787,504933.2637539104,,3.6539392783209803,0.3525016458059996,
2612096309208434,2025,panoroma_coarse,361509.8059636109,504962.64188964665,260.82867997460966,-7.259085832096645,28.76716591413593,prior,north,7.259085832096645,0.3403068340306834,0.4033457249070632,False,4.169134725002389,True,361516.9306337732,504963.1282503965,,7.141251410014093,0.23564725653234422,
2612096309208434,2025,panoroma_fine,361509.8059636109,504962.64188964665,260.82867997460966,-7.259085832096645,28.76716591413593,prior,north,7.259085832096645,0.3403068340306834,0.4033457249070632,False,4.169134725002389,True,361512.99225592817,504964.49604581436,,3.686509707769147,9.480731200547444,
2612096309208434,2025,panoroma_two_pass,361509.8059636109,504962.64188964665,260.82867997460966,-7.259085832096645,28.76716591413593,prior,north,7.259085832096645,0.3403068340306834,0.4033457249070632,False,4.169134725002389,True,361512.99225592817,504964.49604581436,,3.686509707769147,9.480731200547444,
2612096309208434,2024,panoroma_coarse,361509.8059636109,504962.64188964665,260.82867997460966,-7.259085832096645,28.76716591413593,prior,north,7.259085832096645,0.5916398713826366,0.3887884267631103,False,3.812202765006953,True,361516.13879773224,504963.7799865422,,6.434287260632195,3.748619024336516,
2612096309208434,2024,panoroma_fine,361509.8059636109,504962.64188964665,260.82867997460966,-7.259085832096645,28.76716591413593,prior,north,7.259085832096645,0.5916398713826366,0.3887884267631103,False,3.812202765006953,True,361512.36936300533,504964.3494176275,,3.080043548531262,0.7919711463184248,
2612096309208434,2024,panoroma_two_pass,361509.8059636109,504962.64188964665,260.82867997460966,-7.259085832096645,28.76716591413593,prior,north,7.259085832096645,0.5916398713826366,0.3887884267631103,False,3.812202765006953,True,361512.36936300533,504964.3494176275,,3.080043548531262,0.7919711463184248,
1645304160505212,2025,panoroma_coarse,361502.2519723498,504994.43547046836,252.93062506393304,0.9030756828793471,23.126982233794703,prior,north,-0.9030756828793471,0.686411149825784,0.3808695652173913,False,4.272430641531569,True,361503.4278679909,504990.00163239293,,4.587117901025741,2.126214004741277,
1645304160505212,2025,panoroma_fine,361502.2519723498,504994.43547046836,252.93062506393304,0.9030756828793471,23.126982233794703,prior,north,-0.9030756828793471,0.686411149825784,0.3808695652173913,False,4.272430641531569,True,361502.99170639156,504994.2517414087,,0.7622091706763735,3.150227106681238,
1645304160505212,2025,panoroma_two_pass,361502.2519723498,504994.43547046836,252.93062506393304,0.9030756828793471,23.126982233794703,prior,north,-0.9030756828793471,0.686411149825784,0.3808695652173913,False,4.272430641531569,True,361502.99170639156,504994.2517414087,,0.7622091706763735,3.150227106681238,
1645304160505212,2024,panoroma_coarse,361502.2519723498,504994.43547046836,252.93062506393304,0.9030756828793471,23.126982233794703,prior,north,-0.9030756828793471,0.6678700361010831,0.4500846023688663,False,1.9579329740144704,True,361503.28056637803,504992.1784493439,,2.480352803772759,0.5282842616030917,
1645304160505212,2024,panoroma_fine,361502.2519723498,504994.43547046836,252.93062506393304,0.9030756828793471,23.126982233794703,prior,north,-0.9030756828793471,0.6678700361010831,0.4500846023688663,False,1.9579329740144704,True,361502.6662454585,504994.0375112951,,0.5744507917318032,2.726551512832697,
1645304160505212,2024,panoroma_two_pass,361502.2519723498,504994.43547046836,252.93062506393304,0.9030756828793471,23.126982233794703,prior,north,-0.9030756828793471,0.6678700361010831,0.4500846023688663,False,1.9579329740144704,True,361502.6662454585,504994.0375112951,,0.5744507917318032,2.726551512832697,
1368742985247867,2025,panoroma_coarse,361492.2334559488,505028.35266217124,253.1819735066803,-1.6750923090158665,31.475862592707085,prior,north,1.6750923090158665,0.5822222222222222,0.23731587561374795,False,4.0431870343982865,True,361451.95289391174,505028.08750827727,,40.28143473872786,2.817407192701365,
1368742985247867,2025,panoroma_fine,361492.2334559488,505028.35266217124,253.1819735066803,-1.6750923090158665,31.475862592707085,prior,north,1.6750923090158665,0.5822222222222222,0.23731587561374795,False,4.0431870343982865,True,361450.65301099926,505031.9160413918,,41.732853648810604,5.720479889861681,
1368742985247867,2025,panoroma_two_pass,361492.2334559488,505028.35266217124,253.1819735066803,-1.6750923090158665,31.475862592707085,prior,north,1.6750923090158665,0.5822222222222222,0.23731587561374795,False,4.0431870343982865,True,361450.65301099926,505031.9160413918,,41.732853648810604,5.720479889861681,
1368742985247867,2024,panoroma_coarse,361492.2334559488,505028.35266217124,253.1819735066803,-1.6750923090158665,31.475862592707085,prior,north,1.6750923090158665,0.621414913957935,0.27807486631016043,False,3.61250201132451,True,361450.384519267,505027.2309266091,,41.86396770576803,3.793091846567885,
1368742985247867,2024,panoroma_fine,361492.2334559488,505028.35266217124,253.1819735066803,-1.6750923090158665,31.475862592707085,prior,north,1.6750923090158665,0.621414913957935,0.27807486631016043,False,3.61250201132451,True,361448.0315949078,505029.9720792392,,44.231516265320415,3.4162093680165504,
1368742985247867,2024,panoroma_two_pass,361492.2334559488,505028.35266217124,253.1819735066803,-1.6750923090158665,31.475862592707085,prior,north,1.6750923090158665,0.621414913957935,0.27807486631016043,False,3.61250201132451,True,361448.0315949078,505029.9720792392,,44.231516265320415,3.4162093680165504,
1094966510141854,2025,panoroma_coarse,361482.8214742172,505058.37402536254,250.83743577092525,-8.858758712488594,23.833040175420262,prior,north,8.858758712488594,0.6295180722891566,0.4563106796116505,False,3.412019631366672,True,361483.17831889476,505052.94822743203,,5.437519775285609,11.512530931765452,
1094966510141854,2025,panoroma_fine,361482.8214742172,505058.37402536254,250.83743577092525,-8.858758712488594,23.833040175420262,prior,north,8.858758712488594,0.6295180722891566,0.4563106796116505,False,3.412019631366672,True,361483.91903307,505056.2788760889,,2.365224284093259,3.77447156857635,
1094966510141854,2025,panoroma_two_pass,361482.8214742172,505058.37402536254,250.83743577092525,-8.858758712488594,23.833040175420262,prior,north,8.858758712488594,0.6295180722891566,0.4563106796116505,False,3.412019631366672,True,361483.91903307,505056.2788760889,,2.365224284093259,3.77447156857635,
1094966510141854,2024,panoroma_coarse,361482.8214742172,505058.37402536254,250.83743577092525,-8.858758712488594,23.833040175420262,prior,north,8.858758712488594,0.6684856753069577,0.35874439461883406,False,2.38332765924333,True,361470.19274228625,505021.63230447576,,38.85149834828612,14.42144201363109,
1094966510141854,2024,panoroma_fine,361482.8214742172,505058.37402536254,250.83743577092525,-8.858758712488594,23.833040175420262,prior,north,8.858758712488594,0.6684856753069577,0.35874439461883406,False,2.38332765924333,True,361472.50899423024,505022.1937558655,,37.62125920753227,6.1986763207483575,
1094966510141854,2024,panoroma_two_pass,361482.8214742172,505058.37402536254,250.83743577092525,-8.858758712488594,23.833040175420262,prior,north,8.858758712488594,0.6684856753069577,0.35874439461883406,False,2.38332765924333,True,361472.50899423024,505022.1937558655,,37.62125920753227,6.1986763207483575,
1576088213452988,2025,panoroma_coarse,361471.7362748644,505091.2981349118,251.55647181361104,3.049221332387475,18.721075740382243,prior,north,-3.049221332387475,0.7491582491582491,0.2894736842105263,False,4.271525880039636,True,361472.71513900015,505086.0308006753,,5.357516678049087,2.857057776231995,
1576088213452988,2025,panoroma_fine,361471.7362748644,505091.2981349118,251.55647181361104,3.049221332387475,18.721075740382243,prior,north,-3.049221332387475,0.7491582491582491,0.2894736842105263,False,4.271525880039636,True,361469.5156972524,505088.8609077133,,3.2971262256739484,3.3896822942626623,
1576088213452988,2025,panoroma_two_pass,361471.7362748644,505091.2981349118,251.55647181361104,3.049221332387475,18.721075740382243,prior,north,-3.049221332387475,0.7491582491582491,0.2894736842105263,False,4.271525880039636,True,361469.5156972524,505088.8609077133,,3.2971262256739484,3.3896822942626623,
1576088213452988,2024,panoroma_coarse,361471.7362748644,505091.2981349118,251.55647181361104,3.049221332387475,18.721075740382243,prior,north,-3.049221332387475,0.7898305084745763,0.2603092783505155,False,2.136918675474538,True,361473.844634157,505086.634924956,,5.11768560958336,5.0634161924514824,
1576088213452988,2024,panoroma_fine,361471.7362748644,505091.2981349118,251.55647181361104,3.049221332387475,18.721075740382243,prior,north,-3.049221332387475,0.7898305084745763,0.2603092783505155,False,2.136918675474538,True,361475.9239089626,505086.14193640783,,6.642489168416078,25.180079177384872,
1576088213452988,2024,panoroma_two_pass,361471.7362748644,505091.2981349118,251.55647181361104,3.049221332387475,18.721075740382243,prior,north,-3.049221332387475,0.7898305084745763,0.2603092783505155,False,2.136918675474538,True,361475.9239089626,505086.14193640783,,6.642489168416078,25.180079177384872,
2326419104828349,2025,panoroma_coarse,361463.87377641036,505123.49797958974,285.5099973265701,1.0527138412930412,26.68045424726671,prior,north,-1.0527138412930412,0.7077702702702703,0.38397328881469117,False,3.290951409356011,True,361463.50816842663,505130.15731793444,,6.6693670154670555,2.0546486004741005,
2326419104828349,2025,panoroma_fine,361463.87377641036,505123.49797958974,285.5099973265701,1.0527138412930412,26.68045424726671,prior,north,-1.0527138412930412,0.7077702702702703,0.38397328881469117,False,3.290951409356011,True,361466.3710441786,505128.53426414385,,5.621432950441985,0.911533695810889,
2326419104828349,2025,panoroma_two_pass,361463.87377641036,505123.49797958974,285.5099973265701,1.0527138412930412,26.68045424726671,prior,north,-1.0527138412930412,0.7077702702702703,0.38397328881469117,False,3.290951409356011,True,361466.3710441786,505128.53426414385,,5.621432950441985,0.911533695810889,
2326419104828349,2024,panoroma_coarse,361463.87377641036,505123.49797958974,285.5099973265701,1.0527138412930412,26.68045424726671,prior,north,-1.0527138412930412,0.6490939044481054,0.3763250883392226,False,3.227266551333667,True,361462.7637734796,505129.69672576786,,6.2973455270509975,3.610219667998343,
2326419104828349,2024,panoroma_fine,361463.87377641036,505123.49797958974,285.5099973265701,1.0527138412930412,26.68045424726671,prior,north,-1.0527138412930412,0.6490939044481054,0.3763250883392226,False,3.227266551333667,True,361465.7433504788,505128.4568183927,,5.29956502658322,2.7357014629230227,
2326419104828349,2024,panoroma_two_pass,361463.87377641036,505123.49797958974,285.5099973265701,1.0527138412930412,26.68045424726671,prior,north,-1.0527138412930412,0.6490939044481054,0.3763250883392226,False,3.227266551333667,True,361465.7433504788,505128.4568183927,,5.29956502658322,2.7357014629230227,
1611154070401669,2025,panoroma_coarse,361493.0522768595,505138.26740477607,322.2927948363659,5.1298490002480435,7.129906097234458,prior,north,-5.1298490002480435,0.40669856459330145,0.39777468706536856,False,4.7506389463087855,True,361490.0952593869,505146.81742531154,,9.046922321466658,11.196714124491669,
1611154070401669,2025,panoroma_fine,361493.0522768595,505138.26740477607,322.2927948363659,5.1298490002480435,7.129906097234458,prior,north,-5.1298490002480435,0.40669856459330145,0.39777468706536856,False,4.7506389463087855,True,361494.708294737,505145.68231507146,,7.597584477925446,10.327051749051554,
1611154070401669,2025,panoroma_two_pass,361493.0522768595,505138.26740477607,322.2927948363659,5.1298490002480435,7.129906097234458,prior,north,-5.1298490002480435,0.40669856459330145,0.39777468706536856,False,4.7506389463087855,True,361494.708294737,505145.68231507146,,7.597584477925446,10.327051749051554,
1611154070401669,2024,panoroma_coarse,361493.0522768595,505138.26740477607,322.2927948363659,5.1298490002480435,7.129906097234458,prior,north,-5.1298490002480435,0.6447166921898928,0.48614958448753465,False,4.359631846580565,True,361485.97759634216,505137.64038812194,,7.102411865513878,16.201171887094368,
1611154070401669,2024,panoroma_fine,361493.0522768595,505138.26740477607,322.2927948363659,5.1298490002480435,7.129906097234458,prior,north,-5.1298490002480435,0.6447166921898928,0.48614958448753465,False,4.359631846580565,True,361489.9417842474,505139.4546659644,,3.329377332084062,1.046884246076595,
1611154070401669,2024,panoroma_two_pass,361493.0522768595,505138.26740477607,322.2927948363659,5.1298490002480435,7.129906097234458,prior,north,-5.1298490002480435,0.6447166921898928,0.48614958448753465,False,4.359631846580565,True,361489.9417842474,505139.4546659644,,3.329377332084062,1.046884246076595,
2044825309733264,2025,panoroma_coarse,361517.82771305204,505160.52887198236,318.5141274465706,2.600160673080495,13.149040600903362,prior,north,-2.600160673080495,0.7302325581395349,0.5321637426900585,False,3.6473419488283954,True,361520.345801749,505166.0631440157,,6.080208682630492,3.3120049385695323,
2044825309733264,2025,panoroma_fine,361517.82771305204,505160.52887198236,318.5141274465706,2.600160673080495,13.149040600903362,prior,north,-2.600160673080495,0.7302325581395349,0.5321637426900585,False,3.6473419488283954,True,361517.53242838755,505163.74193019076,,3.2265982216092013,1.7932912086079262,
2044825309733264,2025,panoroma_two_pass,361517.82771305204,505160.52887198236,318.5141274465706,2.600160673080495,13.149040600903362,prior,north,-2.600160673080495,0.7302325581395349,0.5321637426900585,False,3.6473419488283954,True,361517.53242838755,505163.74193019076,,3.2265982216092013,1.7932912086079262,
2044825309733264,2024,panoroma_coarse,361517.82771305204,505160.52887198236,318.5141274465706,2.600160673080495,13.149040600903362,prior,north,-2.600160673080495,0.7536231884057971,0.4946236559139785,False,2.4654261712549137,True,361519.66976360173,505165.5628371356,,5.3604062711660365,3.913197629036295,
2044825309733264,2024,panoroma_fine,361517.82771305204,505160.52887198236,318.5141274465706,2.600160673080495,13.149040600903362,prior,north,-2.600160673080495,0.7536231884057971,0.4946236559139785,False,2.4654261712549137,True,361518.35984727996,505163.4741903402,,2.9930030179703166,3.401257465557051,
2044825309733264,2024,panoroma_two_pass,361517.82771305204,505160.52887198236,318.5141274465706,2.600160673080495,13.149040600903362,prior,north,-2.600160673080495,0.7536231884057971,0.4946236559139785,False,2.4654261712549137,True,361518.35984727996,505163.4741903402,,2.9930030179703166,3.401257465557051,
1353979803178810,2025,panoroma_coarse,361530.3587487028,505170.9117681952,148.200596317521,2.817757957417797,19.879731431761236,prior,north,-2.817757957417797,0.6661442006269592,0.3956386292834891,False,2.4483734665057484,True,361526.41787959635,505174.1288919659,,5.08727182977314,2.3253424974718926,
1353979803178810,2025,panoroma_fine,361530.3587487028,505170.9117681952,148.200596317521,2.817757957417797,19.879731431761236,prior,north,-2.817757957417797,0.6661442006269592,0.3956386292834891,False,2.4483734665057484,True,361524.0581663551,505174.78179781715,,7.394218497881342,1.5488386983966709,
1353979803178810,2025,panoroma_two_pass,361530.3587487028,505170.9117681952,148.200596317521,2.817757957417797,19.879731431761236,prior,north,-2.817757957417797,0.6661442006269592,0.3956386292834891,False,2.4483734665057484,True,361524.0581663551,505174.78179781715,,7.394218497881342,1.5488386983966709,
1353979803178810,2024,panoroma_coarse,361530.3587487028,505170.9117681952,148.200596317521,2.817757957417797,19.879731431761236,prior,north,-2.817757957417797,0.6705298013245033,0.4665629860031104,False,1.342157466129795,True,361527.84618753655,505173.92374033434,,3.9223640551347962,1.321916171087749,
1353979803178810,2024,panoroma_fine,361530.3587487028,505170.9117681952,148.200596317521,2.817757957417797,19.879731431761236,prior,north,-2.817757957417797,0.6705298013245033,0.4665629860031104,False,1.342157466129795,True,361526.7234833168,505173.18826640636,,4.289242186230863,1.186546246710623,
1353979803178810,2024,panoroma_two_pass,361530.3587487028,505170.9117681952,148.200596317521,2.817757957417797,19.879731431761236,prior,north,-2.817757957417797,0.6705298013245033,0.4665629860031104,False,1.342157466129795,True,361526.7234833168,505173.18826640636,,4.289242186230863,1.186546246710623,
1112299907902984,2025,panoroma_coarse,361505.03398144763,505148.4196676966,135.10897763472872,3.930005124713489,10.34373706356613,prior,north,-3.930005124713489,0.7491467576791809,0.4179357021996616,False,3.5155836822522497,True,361500.7614873982,505148.0799107477,,4.285981822979261,3.530493828520067,
1112299907902984,2025,panoroma_fine,361505.03398144763,505148.4196676966,135.10897763472872,3.930005124713489,10.34373706356613,prior,north,-3.930005124713489,0.7491467576791809,0.4179357021996616,False,3.5155836822522497,True,361504.18952203024,505148.8595947789,,0.952180416409592,3.9357092862319973,
1112299907902984,2025,panoroma_two_pass,361505.03398144763,505148.4196676966,135.10897763472872,3.930005124713489,10.34373706356613,prior,north,-3.930005124713489,0.7491467576791809,0.4179357021996616,False,3.5155836822522497,True,361504.18952203024,505148.8595947789,,0.952180416409592,3.9357092862319973,
1112299907902984,2024,panoroma_coarse,361505.03398144763,505148.4196676966,135.10897763472872,3.930005124713489,10.34373706356613,prior,north,-3.930005124713489,0.628698224852071,0.4488888888888889,False,2.04711890361028,True,361502.83858308307,505145.26150934986,,3.8462628774032934,8.591862668896713,
1112299907902984,2024,panoroma_fine,361505.03398144763,505148.4196676966,135.10897763472872,3.930005124713489,10.34373706356613,prior,north,-3.930005124713489,0.628698224852071,0.4488888888888889,False,2.04711890361028,True,361502.86627830524,505147.30844090227,,2.435931423894826,4.952453642209207,
1112299907902984,2024,panoroma_two_pass,361505.03398144763,505148.4196676966,135.10897763472872,3.930005124713489,10.34373706356613,prior,north,-3.930005124713489,0.628698224852071,0.4488888888888889,False,2.04711890361028,True,361502.86627830524,505147.30844090227,,2.435931423894826,4.952453642209207,
1099992155940572,2025,panoroma_coarse,361476.9349046636,505130.8601407418,162.9595274769371,8.887178876421416,20.092687879152262,prior,north,-8.887178876421416,0.7552447552447552,0.4412191582002903,False,1.8800684088573758,True,361477.0414400828,505129.00144528074,,1.8617461192455032,3.5657773694126234,
1099992155940572,2025,panoroma_fine,361476.9349046636,505130.8601407418,162.9595274769371,8.887178876421416,20.092687879152262,prior,north,-8.887178876421416,0.7552447552447552,0.4412191582002903,False,1.8800684088573758,True,361476.52073369693,505130.80796737625,,0.41744418752119844,11.334641290647955,
1099992155940572,2025,panoroma_two_pass,361476.9349046636,505130.8601407418,162.9595274769371,8.887178876421416,20.092687879152262,prior,north,-8.887178876421416,0.7552447552447552,0.4412191582002903,False,1.8800684088573758,True,361476.52073369693,505130.80796737625,,0.41744418752119844,11.334641290647955,
1099992155940572,2024,panoroma_coarse,361476.9349046636,505130.8601407418,162.9595274769371,8.887178876421416,20.092687879152262,prior,north,-8.887178876421416,0.734375,0.484375,False,1.9173090825719992,True,361476.85864427045,505129.8930643342,,0.970078566794475,10.205285871610002,
1099992155940572,2024,panoroma_fine,361476.9349046636,505130.8601407418,162.9595274769371,8.887178876421416,20.092687879152262,prior,north,-8.887178876421416,0.734375,0.484375,False,1.9173090825719992,True,361477.11073438637,505131.79372861056,,0.9500012632102882,13.642070606966682,
1099992155940572,2024,panoroma_two_pass,361476.9349046636,505130.8601407418,162.9595274769371,8.887178876421416,20.092687879152262,prior,north,-8.887178876421416,0.734375,0.484375,False,1.9173090825719992,True,361477.11073438637,505131.79372861056,,0.9500012632102882,13.642070606966682,
2090069028562856,2025,panoroma_coarse,361462.71241398016,505108.46205451246,77.33940240615863,-3.947619285778174,7.219451698844917,prior,north,3.94761928577816,0.6296296296296297,0.4481236203090508,False,0.9020518030256167,True,361463.6890624161,505107.68366084003,,1.248895062316871,11.77430172174983,
2090069028562856,2025,panoroma_fine,361462.71241398016,505108.46205451246,77.33940240615863,-3.947619285778174,7.219451698844917,prior,north,3.94761928577816,0.6296296296296297,0.4481236203090508,False,0.9020518030256167,True,361463.7239572332,505108.5850374578,,1.0189919320565122,4.091220623025436,
2090069028562856,2025,panoroma_two_pass,361462.71241398016,505108.46205451246,77.33940240615863,-3.947619285778174,7.219451698844917,prior,north,3.94761928577816,0.6296296296296297,0.4481236203090508,False,0.9020518030256167,True,361463.7239572332,505108.5850374578,,1.0189919320565122,4.091220623025436,
2090069028562856,2024,panoroma_coarse,361462.71241398016,505108.46205451246,77.33940240615863,-3.947619285778174,7.219451698844917,prior,north,3.94761928577816,0.6561844863731656,0.3974630021141649,False,1.875251835750173,True,361462.7486478781,505109.5795393485,,1.1180721148949062,3.1155687201180786,
2090069028562856,2024,panoroma_fine,361462.71241398016,505108.46205451246,77.33940240615863,-3.947619285778174,7.219451698844917,prior,north,3.94761928577816,0.6561844863731656,0.3974630021141649,False,1.875251835750173,True,361460.88987236057,505109.82757769804,,2.2773474757944134,2.036765517872017,
2090069028562856,2024,panoroma_two_pass,361462.71241398016,505108.46205451246,77.33940240615863,-3.947619285778174,7.219451698844917,prior,north,3.94761928577816,0.6561844863731656,0.3974630021141649,False,1.875251835750173,True,361460.88987236057,505109.82757769804,,2.2773474757944134,2.036765517872017,
28071381109150220,2025,panoroma_coarse,361468.2257658363,505078.0853922805,76.58461707839409,8.123714022458287,23.939479890668725,prior,north,-8.123714022458273,0.6924493554327809,0.390990990990991,False,3.3083979543504096,True,361464.4141703683,505082.41075775557,,5.765157977449748,4.727761960296644,
28071381109150220,2025,panoroma_fine,361468.2257658363,505078.0853922805,76.58461707839409,8.123714022458287,23.939479890668725,prior,north,-8.123714022458273,0.6924493554327809,0.390990990990991,False,3.3083979543504096,True,361465.47401747626,505079.2767154565,,2.9985613128286723,3.9863206306745638,
28071381109150220,2025,panoroma_two_pass,361468.2257658363,505078.0853922805,76.58461707839409,8.123714022458287,23.939479890668725,prior,north,-8.123714022458273,0.6924493554327809,0.390990990990991,False,3.3083979543504096,True,361465.47401747626,505079.2767154565,,2.9985613128286723,3.9863206306745638,
28071381109150220,2024,panoroma_coarse,361468.2257658363,505078.0853922805,76.58461707839409,8.123714022458287,23.939479890668725,prior,north,-8.123714022458273,0.6800766283524904,0.3924914675767918,False,2.761722876000565,True,361463.965388821,505082.62117934646,,6.222875269576763,3.4681051270303374,
28071381109150220,2024,panoroma_fine,361468.2257658363,505078.0853922805,76.58461707839409,8.123714022458287,23.939479890668725,prior,north,-8.123714022458273,0.6800766283524904,0.3924914675767918,False,2.761722876000565,True,361465.6522453963,505080.4344859207,,3.4844294204029165,16.771112251497495,
28071381109150220,2024,panoroma_two_pass,361468.2257658363,505078.0853922805,76.58461707839409,8.123714022458287,23.939479890668725,prior,north,-8.123714022458273,0.6800766283524904,0.3924914675767918,False,2.761722876000565,True,361465.6522453963,505080.4344859207,,3.4844294204029165,16.771112251497495,
1120045207649869,2025,panoroma_coarse,361477.51365528506,505045.06929584127,72.0560999263658,7.635560614031732,15.767017748521466,prior,north,-7.635560614031732,0.596078431372549,0.44,False,3.0228744834246153,True,361476.6864437829,505042.0807164673,,3.1009491359792003,6.349893471345758,
1120045207649869,2025,panoroma_fine,361477.51365528506,505045.06929584127,72.0560999263658,7.635560614031732,15.767017748521466,prior,north,-7.635560614031732,0.596078431372549,0.44,False,3.0228744834246153,True,361477.9595601949,505044.82242118224,,0.5096844964429438,3.9125486537337637,
1120045207649869,2025,panoroma_two_pass,361477.51365528506,505045.06929584127,72.0560999263658,7.635560614031732,15.767017748521466,prior,north,-7.635560614031732,0.596078431372549,0.44,False,3.0228744834246153,True,361477.9595601949,505044.82242118224,,0.5096844964429438,3.9125486537337637,
1120045207649869,2024,panoroma_coarse,361477.51365528506,505045.06929584127,72.0560999263658,7.635560614031732,15.767017748521466,prior,north,-7.635560614031732,0.5721739130434783,0.43907563025210083,False,2.9180201533739987,True,361476.4523842211,505042.5487607694,,2.7348479518347553,4.3663775609977185,
1120045207649869,2024,panoroma_fine,361477.51365528506,505045.06929584127,72.0560999263658,7.635560614031732,15.767017748521466,prior,north,-7.635560614031732,0.5721739130434783,0.43907563025210083,False,2.9180201533739987,True,361477.6381742199,505045.2149835085,,0.1916503626767679,4.369361271585402,
1120045207649869,2024,panoroma_two_pass,361477.51365528506,505045.06929584127,72.0560999263658,7.635560614031732,15.767017748521466,prior,north,-7.635560614031732,0.5721739130434783,0.43907563025210083,False,2.9180201533739987,True,361477.6381742199,505045.2149835085,,0.1916503626767679,4.369361271585402,
2176435617086201,2025,panoroma_coarse,361465.31389726076,505019.4838384604,159.3120439262325,-1.7980828454648474,13.909927120831163,prior,north,1.7980828454648474,0.6073131955484896,0.3733974358974359,False,3.6127597215044034,True,361467.2081998346,505024.098567463,,4.988397138225673,7.157946748440171,
2176435617086201,2025,panoroma_fine,361465.31389726076,505019.4838384604,159.3120439262325,-1.7980828454648474,13.909927120831163,prior,north,1.7980828454648474,0.6073131955484896,0.3733974358974359,False,3.6127597215044034,True,361465.59660300234,505020.8651809325,,1.409975021606987,6.131298815619273,
2176435617086201,2025,panoroma_two_pass,361465.31389726076,505019.4838384604,159.3120439262325,-1.7980828454648474,13.909927120831163,prior,north,1.7980828454648474,0.6073131955484896,0.3733974358974359,False,3.6127597215044034,True,361465.59660300234,505020.8651809325,,1.409975021606987,6.131298815619273,
2176435617086201,2024,panoroma_coarse,361465.31389726076,505019.4838384604,159.3120439262325,-1.7980828454648474,13.909927120831163,prior,north,1.7980828454648474,0.6455505279034691,0.4252252252252252,False,3.18265973633491,True,361465.7617056679,505017.4006644381,,2.1307619240014453,7.192965224058352,
2176435617086201,2024,panoroma_fine,361465.31389726076,505019.4838384604,159.3120439262325,-1.7980828454648474,13.909927120831163,prior,north,1.7980828454648474,0.6455505279034691,0.4252252252252252,False,3.18265973633491,True,361464.44797809445,505020.2995336763,,1.1896111498283233,5.880394156104088,
2176435617086201,2024,panoroma_two_pass,361465.31389726076,505019.4838384604,159.3120439262325,-1.7980828454648474,13.909927120831163,prior,north,1.7980828454648474,0.6455505279034691,0.4252252252252252,False,3.18265973633491,True,361464.44797809445,505020.2995336763,,1.1896111498283233,5.880394156104088,
1476656934564153,2025,panoroma_coarse,361435.5440886696,505009.21059400775,161.60204431611461,5.457368974822998,11.639224023998057,prior,north,-5.457368974822998,0.36226851851851855,0.3237704918032787,False,3.8355827780188245,True,361440.3436249677,504992.905786206,,16.996538063030474,13.363370146261726,
1476656934564153,2025,panoroma_fine,361435.5440886696,505009.21059400775,161.60204431611461,5.457368974822998,11.639224023998057,prior,north,-5.457368974822998,0.36226851851851855,0.3237704918032787,False,3.8355827780188245,True,361441.0654732186,504996.6728315136,,13.699677941369073,10.167842811710932,
1476656934564153,2025,panoroma_two_pass,361435.5440886696,505009.21059400775,161.60204431611461,5.457368974822998,11.639224023998057,prior,north,-5.457368974822998,0.36226851851851855,0.3237704918032787,False,3.8355827780188245,True,361441.0654732186,504996.6728315136,,13.699677941369073,10.167842811710932,
1476656934564153,2024,panoroma_coarse,361435.5440886696,505009.21059400775,161.60204431611461,5.457368974822998,11.639224023998057,prior,north,-5.457368974822998,0.44958481613285883,0.2557603686635945,False,4.289519678403141,True,361442.59032433387,505016.40594002046,,10.070870929529539,17.27963112957637,
1476656934564153,2024,panoroma_fine,361435.5440886696,505009.21059400775,161.60204431611461,5.457368974822998,11.639224023998057,prior,north,-5.457368974822998,0.44958481613285883,0.2557603686635945,False,4.289519678403141,True,361446.8347423454,505015.7855411044,,13.065557383837557,7.774531814718193,
1476656934564153,2024,panoroma_two_pass,361435.5440886696,505009.21059400775,161.60204431611461,5.457368974822998,11.639224023998057,prior,north,-5.457368974822998,0.44958481613285883,0.2557603686635945,False,4.289519678403141,True,361446.8347423454,505015.7855411044,,13.065557383837557,7.774531814718193,
1555312799214362,2025,panoroma_coarse,361402.0505830572,504999.5467164507,164.80215097186715,-0.36491725174775524,20.2364739076955,prior,north,0.36491725174775524,0.4561717352415027,0.3404494382022472,False,3.841461073625745,True,361415.27806025365,504999.71549780463,,13.228553969632877,1.6404530252477871,
1555312799214362,2025,panoroma_fine,361402.0505830572,504999.5467164507,164.80215097186715,-0.36491725174775524,20.2364739076955,prior,north,0.36491725174775524,0.4561717352415027,0.3404494382022472,False,3.841461073625745,True,361413.30172651296,505003.0095725041,,11.771983737161483,5.593929996953844,
1555312799214362,2025,panoroma_two_pass,361402.0505830572,504999.5467164507,164.80215097186715,-0.36491725174775524,20.2364739076955,prior,north,0.36491725174775524,0.4561717352415027,0.3404494382022472,False,3.841461073625745,True,361413.30172651296,505003.0095725041,,11.771983737161483,5.593929996953844,
1555312799214362,2024,panoroma_coarse,361402.0505830572,504999.5467164507,164.80215097186715,-0.36491725174775524,20.2364739076955,prior,north,0.36491725174775524,0.46277021617293834,0.245,False,4.210570503057027,True,361402.91081468464,504998.6120498006,,1.2702756392572252,9.245574095104503,
1555312799214362,2024,panoroma_fine,361402.0505830572,504999.5467164507,164.80215097186715,-0.36491725174775524,20.2364739076955,prior,north,0.36491725174775524,0.46277021617293834,0.245,False,4.210570503057027,True,361406.68992881617,505000.4687135672,,4.730074814821766,0.6221335605680286,
1555312799214362,2024,panoroma_two_pass,361402.0505830572,504999.5467164507,164.80215097186715,-0.36491725174775524,20.2364739076955,prior,north,0.36491725174775524,0.46277021617293834,0.245,False,4.210570503057027,True,361406.68992881617,505000.4687135672,,4.730074814821766,0.6221335605680286,
1626801685484071,2025,panoroma_coarse,361370.61223184236,504993.5602959525,175.96341037533338,-2.573595983101029,14.41569047560796,prior,north,2.573595983101029,0.5528455284552846,0.43786127167630057,False,2.6439563819669942,True,361368.266812125,504992.79246478836,,2.4679056601146905,7.290679255587636,
1626801685484071,2025,panoroma_fine,361370.61223184236,504993.5602959525,175.96341037533338,-2.573595983101029,14.41569047560796,prior,north,2.573595983101029,0.5528455284552846,0.43786127167630057,False,2.6439563819669942,True,361370.61575462384,504994.00612639147,,0.44584435660275384,1.765074774375098,
1626801685484071,2025,panoroma_two_pass,361370.61223184236,504993.5602959525,175.96341037533338,-2.573595983101029,14.41569047560796,prior,north,2.573595983101029,0.5528455284552846,0.43786127167630057,False,2.6439563819669942,True,361370.61575462384,504994.00612639147,,0.44584435660275384,1.765074774375098,
1626801685484071,2024,panoroma_coarse,361370.61223184236,504993.5602959525,175.96341037533338,-2.573595983101029,14.41569047560796,prior,north,2.573595983101029,0.5743801652892562,0.403125,False,0.6361138896939512,True,361371.01773273066,504993.3980614698,,0.4367504983294466,1.6038730220230497,
1626801685484071,2024,panoroma_fine,361370.61223184236,504993.5602959525,175.96341037533338,-2.573595983101029,14.41569047560796,prior,north,2.573595983101029,0.5743801652892562,0.403125,False,0.6361138896939512,True,361370.4392591438,504993.6626539677,,0.20098934730164159,1.7376489411575604,
1626801685484071,2024,panoroma_two_pass,361370.61223184236,504993.5602959525,175.96341037533338,-2.573595983101029,14.41569047560796,prior,north,2.573595983101029,0.5743801652892562,0.403125,False,0.6361138896939512,True,361370.4392591438,504993.6626539677,,0.20098934730164159,1.7376489411575604,
1613966733737828,2025,panoroma_coarse,361336.7890929675,504998.1562380204,197.05928498559814,2.207815164005268,26.72184568245672,prior,north,-2.207815164005268,0.7083333333333334,0.44758909853249473,False,3.7927933303618793,True,361327.84695127874,504997.15925129555,,8.997548583458567,5.9615251197118395,
1613966733737828,2025,panoroma_fine,361336.7890929675,504998.1562380204,197.05928498559814,2.207815164005268,26.72184568245672,prior,north,-2.207815164005268,0.7083333333333334,0.44758909853249473,False,3.7927933303618793,True,361325.6634310284,505000.26046405244,,11.3229024890644,2.2334140531846773,
1613966733737828,2025,panoroma_two_pass,361336.7890929675,504998.1562380204,197.05928498559814,2.207815164005268,26.72184568245672,prior,north,-2.207815164005268,0.7083333333333334,0.44758909853249473,False,3.7927933303618793,True,361325.6634310284,505000.26046405244,,11.3229024890644,2.2334140531846773,
1613966733737828,2024,panoroma_coarse,361336.7890929675,504998.1562380204,197.05928498559814,2.207815164005268,26.72184568245672,prior,north,-2.207815164005268,0.6899302093718843,0.4438254410399257,False,4.0146361121454195,True,361331.53113890125,504997.26578072045,,5.332822439012162,8.164612050287896,
1613966733737828,2024,panoroma_fine,361336.7890929675,504998.1562380204,197.05928498559814,2.207815164005268,26.72184568245672,prior,north,-2.207815164005268,0.6899302093718843,0.4438254410399257,False,4.0146361121454195,True,361335.5421059347,504997.43738074764,,1.4393513951164607,3.4381051613003577,
1613966733737828,2024,panoroma_two_pass,361336.7890929675,504998.1562380204,197.05928498559814,2.207815164005268,26.72184568245672,prior,north,-2.207815164005268,0.6899302093718843,0.4438254410399257,False,4.0146361121454195,True,361335.5421059347,504997.43738074764,,1.4393513951164607,3.4381051613003577,
1597169132134158,2025,panoroma_coarse,361306.71443197003,505011.736835639,207.23425306814022,-8.225999577309977,16.617344621785456,prior,north,8.225999577309977,0.30569430569430567,0.39357429718875503,False,2.737755357253451,True,361312.09610926535,505005.91437666107,,7.928649258262583,6.266883671999076,
1597169132134158,2025,panoroma_fine,361306.71443197003,505011.736835639,207.23425306814022,-8.225999577309977,16.617344621785456,prior,north,8.225999577309977,0.30569430569430567,0.39357429718875503,False,2.737755357253451,True,361314.7344903841,505006.6453003699,,9.499740436553521,0.8791059321859414,
1597169132134158,2025,panoroma_two_pass,361306.71443197003,505011.736835639,207.23425306814022,-8.225999577309977,16.617344621785456,prior,north,8.225999577309977,0.30569430569430567,0.39357429718875503,False,2.737755357253451,True,361314.7344903841,505006.6453003699,,9.499740436553521,0.8791059321859414,
1597169132134158,2024,panoroma_coarse,361306.71443197003,505011.736835639,207.23425306814022,-8.225999577309977,16.617344621785456,prior,north,8.225999577309977,0.5332512315270936,0.5053475935828877,False,3.4745597940948123,True,361308.7359507581,505008.5266297135,,3.7936737201166326,5.0756065166990405,
1597169132134158,2024,panoroma_fine,361306.71443197003,505011.736835639,207.23425306814022,-8.225999577309977,16.617344621785456,prior,north,8.225999577309977,0.5332512315270936,0.5053475935828877,False,3.4745597940948123,True,361305.4975249084,505009.78566258785,,2.2995519285659167,5.407232994379802,
1597169132134158,2024,panoroma_two_pass,361306.71443197003,505011.736835639,207.23425306814022,-8.225999577309977,16.617344621785456,prior,north,8.225999577309977,0.5332512315270936,0.5053475935828877,False,3.4745597940948123,True,361305.4975249084,505009.78566258785,,2.2995519285659167,5.407232994379802,
1402659124563537,2025,panoroma_coarse,361277.040160692,505027.92995291576,208.03905708647943,8.65965665409513,8.855698734088296,prior,north,-8.65965665409513,0.6502115655853314,0.44707347447073476,False,2.7746113597954145,True,361279.2334777044,505024.3776432376,,4.174870484994397,3.8655968622187102,
1402659124563537,2025,panoroma_fine,361277.040160692,505027.92995291576,208.03905708647943,8.65965665409513,8.855698734088296,prior,north,-8.65965665409513,0.6502115655853314,0.44707347447073476,False,2.7746113597954145,True,361278.13689283264,505026.9263624879,,1.486611965241861,5.014883516663744,
1402659124563537,2025,panoroma_two_pass,361277.040160692,505027.92995291576,208.03905708647943,8.65965665409513,8.855698734088296,prior,north,-8.65965665409513,0.6502115655853314,0.44707347447073476,False,2.7746113597954145,True,361278.13689283264,505026.9263624879,,1.486611965241861,5.014883516663744,
1402659124563537,2024,panoroma_coarse,361277.040160692,505027.92995291576,208.03905708647943,8.65965665409513,8.855698734088296,prior,north,-8.65965665409513,0.7676923076923077,0.46747967479674796,False,1.3832933667359506,True,361278.354524296,505025.23356176366,,2.9996794709872066,4.209158011901454,
1402659124563537,2024,panoroma_fine,361277.040160692,505027.92995291576,208.03905708647943,8.65965665409513,8.855698734088296,prior,north,-8.65965665409513,0.7676923076923077,0.46747967479674796,False,1.3832933667359506,True,361277.51009628293,505026.32920854486,,1.6682991340194722,9.511445581424054,
1402659124563537,2024,panoroma_two_pass,361277.040160692,505027.92995291576,208.03905708647943,8.65965665409513,8.855698734088296,prior,north,-8.65965665409513,0.7676923076923077,0.46747967479674796,False,1.3832933667359506,True,361277.51009628293,505026.32920854486,,1.6682991340194722,9.511445581424054,
1791234278691271,2025,panoroma_coarse,361248.69493693695,505043.69381941203,209.6648863003122,1.7435768371426832,16.24948713467383,prior,north,-1.7435768371426832,0.41863517060367456,0.4002932551319648,False,1.3377588657292254,True,361247.18913309625,505042.89241603797,,1.7057821005703857,10.108315988990258,
1791234278691271,2025,panoroma_fine,361248.69493693695,505043.69381941203,209.6648863003122,1.7435768371426832,16.24948713467383,prior,north,-1.7435768371426832,0.41863517060367456,0.4002932551319648,False,1.3377588657292254,True,361247.6631735255,505041.6414626198,,2.2971077771356203,7.268134234749852,
1791234278691271,2025,panoroma_two_pass,361248.69493693695,505043.69381941203,209.6648863003122,1.7435768371426832,16.24948713467383,prior,north,-1.7435768371426832,0.41863517060367456,0.4002932551319648,False,1.3377588657292254,True,361247.6631735255,505041.6414626198,,2.2971077771356203,7.268134234749852,
1791234278691271,2024,panoroma_coarse,361248.69493693695,505043.69381941203,209.6648863003122,1.7435768371426832,16.24948713467383,prior,north,-1.7435768371426832,0.7287319422150883,0.4790996784565916,False,1.1098375612906999,True,361246.34988929774,505041.4646462586,,3.2355001743261247,8.192156348933363,
1791234278691271,2024,panoroma_fine,361248.69493693695,505043.69381941203,209.6648863003122,1.7435768371426832,16.24948713467383,prior,north,-1.7435768371426832,0.7287319422150883,0.4790996784565916,False,1.1098375612906999,True,361245.8153031619,505042.4372495055,,3.141855917826493,4.979743715121433,
1791234278691271,2024,panoroma_two_pass,361248.69493693695,505043.69381941203,209.6648863003122,1.7435768371426832,16.24948713467383,prior,north,-1.7435768371426832,0.7287319422150883,0.4790996784565916,False,1.1098375612906999,True,361245.8153031619,505042.4372495055,,3.141855917826493,4.979743715121433,
1405846657542303,2025,panoroma_coarse,361219.375578727,505062.97825993877,214.96344899372846,6.056737534159993,25.221231150621673,prior,north,-6.056737534159993,0.4973821989528796,0.3166023166023166,False,1.778964559741981,True,361211.74093715136,505064.17554398294,,7.727951932480328,24.11149914312285,
1405846657542303,2025,panoroma_fine,361219.375578727,505062.97825993877,214.96344899372846,6.056737534159993,25.221231150621673,prior,north,-6.056737534159993,0.4973821989528796,0.3166023166023166,False,1.778964559741981,True,361210.65721189504,505065.58630777383,,9.100100753639916,4.0779456298375,
1405846657542303,2025,panoroma_two_pass,361219.375578727,505062.97825993877,214.96344899372846,6.056737534159993,25.221231150621673,prior,north,-6.056737534159993,0.4973821989528796,0.3166023166023166,False,1.778964559741981,True,361210.65721189504,505065.58630777383,,9.100100753639916,4.0779456298375,
1405846657542303,2024,panoroma_coarse,361219.375578727,505062.97825993877,214.96344899372846,6.056737534159993,25.221231150621673,prior,north,-6.056737534159993,0.6448979591836734,0.34683098591549294,False,0.05227244466842583,True,361211.9640273515,505064.71549518197,,7.612429315362148,8.080470619376136,
1405846657542303,2024,panoroma_fine,361219.375578727,505062.97825993877,214.96344899372846,6.056737534159993,25.221231150621673,prior,north,-6.056737534159993,0.6448979591836734,0.34683098591549294,False,0.05227244466842583,True,361211.94394419703,505064.763755677,,7.64311368606037,5.853791774949726,
1405846657542303,2024,panoroma_two_pass,361219.375578727,505062.97825993877,214.96344899372846,6.056737534159993,25.221231150621673,prior,north,-6.056737534159993,0.6448979591836734,0.34683098591549294,False,0.05227244466842583,True,361211.94394419703,505064.763755677,,7.64311368606037,5.853791774949726,
1998492840812168,2025,panoroma_coarse,361193.17285884917,505080.8191491077,211.75623618199398,1.3895225455157458,10.470201063665568,prior,north,-1.3895225455157458,0.5217391304347826,0.43737166324435317,False,3.027099826165343,True,361187.9563438589,505081.05579298176,,5.221879830743381,7.641629413133353,
1998492840812168,2025,panoroma_fine,361193.17285884917,505080.8191491077,211.75623618199398,1.3895225455157458,10.470201063665568,prior,north,-1.3895225455157458,0.5217391304347826,0.43737166324435317,False,3.027099826165343,True,361190.9536278352,505080.6319744793,,2.227110377788197,0.06420279385672449,
1998492840812168,2025,panoroma_two_pass,361193.17285884917,505080.8191491077,211.75623618199398,1.3895225455157458,10.470201063665568,prior,north,-1.3895225455157458,0.5217391304347826,0.43737166324435317,False,3.027099826165343,True,361190.9536278352,505080.6319744793,,2.227110377788197,0.06420279385672449,
1998492840812168,2024,panoroma_coarse,361193.17285884917,505080.8191491077,211.75623618199398,1.3895225455157458,10.470201063665568,prior,north,-1.3895225455157458,0.6307053941908713,0.4595744680851064,False,0.6050520159572514,True,361189.9502521544,505081.48637924757,,3.290955783491731,0.28523833961088335,
1998492840812168,2024,panoroma_fine,361193.17285884917,505080.8191491077,211.75623618199398,1.3895225455157458,10.470201063665568,prior,north,-1.3895225455157458,0.6307053941908713,0.4595744680851064,False,0.6050520159572514,True,361190.2986521877,505080.99170222285,,2.879381619454087,5.758416157015175,
1998492840812168,2024,panoroma_two_pass,361193.17285884917,505080.8191491077,211.75623618199398,1.3895225455157458,10.470201063665568,prior,north,-1.3895225455157458,0.6307053941908713,0.4595744680851064,False,0.6050520159572514,True,361190.2986521877,505080.99170222285,,2.879381619454087,5.758416157015175,
1805068834011537,2025,panoroma_coarse,361163.0245726018,505098.3813070329,208.45031946885874,8.009280813364882,21.666892470989286,prior,north,-8.009280813364882,0.6178217821782178,0.4885057471264368,False,3.426177865801424,True,361157.60837629816,505098.77445332456,,5.430446243722753,10.025964892735983,
1805068834011537,2025,panoroma_fine,361163.0245726018,505098.3813070329,208.45031946885874,8.009280813364882,21.666892470989286,prior,north,-8.009280813364882,0.6178217821782178,0.4885057471264368,False,3.426177865801424,True,361155.1211526203,505101.13080922817,,8.368023047617747,6.550166598456879,
1805068834011537,2025,panoroma_two_pass,361163.0245726018,505098.3813070329,208.45031946885874,8.009280813364882,21.666892470989286,prior,north,-8.009280813364882,0.6178217821782178,0.4885057471264368,False,3.426177865801424,True,361155.1211526203,505101.13080922817,,8.368023047617747,6.550166598456879,
1805068834011537,2024,panoroma_coarse,361163.0245726018,505098.3813070329,208.45031946885874,8.009280813364882,21.666892470989286,prior,north,-8.009280813364882,0.5614334470989761,0.4816414686825054,False,2.7675973687365363,True,361162.2867651985,505093.2101708967,,5.223505403756698,12.020666621034932,
1805068834011537,2024,panoroma_fine,361163.0245726018,505098.3813070329,208.45031946885874,8.009280813364882,21.666892470989286,prior,north,-8.009280813364882,0.5614334470989761,0.4816414686825054,False,2.7675973687365363,True,361165.048614539,505093.38844993676,,5.387519628359668,5.801359418205996,
1805068834011537,2024,panoroma_two_pass,361163.0245726018,505098.3813070329,208.45031946885874,8.009280813364882,21.666892470989286,prior,north,-8.009280813364882,0.5614334470989761,0.4816414686825054,False,2.7675973687365363,True,361165.048614539,505093.38844993676,,5.387519628359668,5.801359418205996,
1577342996632443,2025,panoroma_coarse,361134.2897713471,505114.6866960563,208.9614748458836,-9.746158045026704,19.367283357091466,prior,north,9.746158045026704,0.5193965517241379,0.36283185840707965,False,4.23990539209269,True,361129.04704365984,505112.77659884753,,5.579844527345235,8.870193079644277,
1577342996632443,2025,panoroma_fine,361134.2897713471,505114.6866960563,208.9614748458836,-9.746158045026704,19.367283357091466,prior,north,9.746158045026704,0.5193965517241379,0.36283185840707965,False,4.23990539209269,True,361132.97175954067,505111.1724158814,,3.753307910261056,0.7013839269883408,
1577342996632443,2025,panoroma_two_pass,361134.2897713471,505114.6866960563,208.9614748458836,-9.746158045026704,19.367283357091466,prior,north,9.746158045026704,0.5193965517241379,0.36283185840707965,False,4.23990539209269,True,361132.97175954067,505111.1724158814,,3.753307910261056,0.7013839269883408,
1577342996632443,2024,panoroma_coarse,361134.2897713471,505114.6866960563,208.9614748458836,-9.746158045026704,19.367283357091466,prior,north,9.746158045026704,0.5149572649572649,0.4181459566074951,False,3.811985961867559,True,361127.65757178294,505112.79074196646,,6.89787742491894,19.181716131742565,
1577342996632443,2024,panoroma_fine,361134.2897713471,505114.6866960563,208.9614748458836,-9.746158045026704,19.367283357091466,prior,north,9.746158045026704,0.5149572649572649,0.4181459566074951,False,3.811985961867559,True,361124.0386211426,505113.98842023563,,10.274904848022052,17.743123954385098,
1577342996632443,2024,panoroma_two_pass,361134.2897713471,505114.6866960563,208.9614748458836,-9.746158045026704,19.367283357091466,prior,north,9.746158045026704,0.5149572649572649,0.4181459566074951,False,3.811985961867559,True,361124.0386211426,505113.98842023563,,10.274904848022052,17.743123954385098,
1627218468984037,2025,panoroma_coarse,361104.2994642516,505131.69463421684,208.56185229796802,-9.51871752746277,17.942895650688364,prior,north,9.51871752746277,0.5357142857142857,0.3521400778210117,False,3.2913865037162675,True,361106.67512166756,505130.9313892011,,2.4952537169647595,8.75718383528177,
1627218468984037,2025,panoroma_fine,361104.2994642516,505131.69463421684,208.56185229796802,-9.51871752746277,17.942895650688364,prior,north,9.51871752746277,0.5357142857142857,0.3521400778210117,False,3.2913865037162675,True,361107.4424165654,505127.7306887064,,5.058756097736801,11.706702972570541,
1627218468984037,2025,panoroma_two_pass,361104.2994642516,505131.69463421684,208.56185229796802,-9.51871752746277,17.942895650688364,prior,north,9.51871752746277,0.5357142857142857,0.3521400778210117,False,3.2913865037162675,True,361107.4424165654,505127.7306887064,,5.058756097736801,11.706702972570541,
1627218468984037,2024,panoroma_coarse,361104.2994642516,505131.69463421684,208.56185229796802,-9.51871752746277,17.942895650688364,prior,north,9.51871752746277,0.640973630831643,0.3106796116504854,False,3.6530670751080883,True,361105.13158437074,505130.7998741619,,1.2218917499438846,6.321379507343911,
1627218468984037,2024,panoroma_fine,361104.2994642516,505131.69463421684,208.56185229796802,-9.51871752746277,17.942895650688364,prior,north,9.51871752746277,0.640973630831643,0.3106796116504854,False,3.6530670751080883,True,361107.6706202206,505128.17343246104,,4.874787623293548,9.66485041282717,
1627218468984037,2024,panoroma_two_pass,361104.2994642516,505131.69463421684,208.56185229796802,-9.51871752746277,17.942895650688364,prior,north,9.51871752746277,0.640973630831643,0.3106796116504854,False,3.6530670751080883,True,361107.6706202206,505128.17343246104,,4.874787623293548,9.66485041282717,
2978326649172208,2025,panoroma_coarse,361076.50747162476,505147.5510879224,209.39059915242893,-2.7639669859896685,12.22159616334029,prior,north,2.7639669859896685,0.5152625152625152,0.30218446601941745,False,4.06603204975497,True,361082.3169038683,505147.07814046805,,5.828651841262767,7.410375398247433,
2978326649172208,2025,panoroma_fine,361076.50747162476,505147.5510879224,209.39059915242893,-2.7639669859896685,12.22159616334029,prior,north,2.7639669859896685,0.5152625152625152,0.30218446601941745,False,4.06603204975497,True,361086.3640161255,505146.6863509746,,9.894404453224812,0.6398766000667575,
2978326649172208,2025,panoroma_two_pass,361076.50747162476,505147.5510879224,209.39059915242893,-2.7639669859896685,12.22159616334029,prior,north,2.7639669859896685,0.5152625152625152,0.30218446601941745,False,4.06603204975497,True,361086.3640161255,505146.6863509746,,9.894404453224812,0.6398766000667575,
2978326649172208,2024,panoroma_coarse,361076.50747162476,505147.5510879224,209.39059915242893,-2.7639669859896685,12.22159616334029,prior,north,2.7639669859896685,0.4981179422835634,0.6326530612244898,False,3.0823873410951386,True,361078.30052899226,505142.55025476177,,5.312568778265796,24.807751400004594,
2978326649172208,2024,panoroma_fine,361076.50747162476,505147.5510879224,209.39059915242893,-2.7639669859896685,12.22159616334029,prior,north,2.7639669859896685,0.4981179422835634,0.6326530612244898,False,3.0823873410951386,True,361080.4948369065,505140.38550893415,,8.200280734647228,8.17736154471375,
2978326649172208,2024,panoroma_two_pass,361076.50747162476,505147.5510879224,209.39059915242893,-2.7639669859896685,12.22159616334029,prior,north,2.7639669859896685,0.4981179422835634,0.6326530612244898,False,3.0823873410951386,True,361080.4948369065,505140.38550893415,,8.200280734647228,8.17736154471375,
3754424991393145,2025,panoroma_coarse,361046.96864898404,505164.47608940955,209.01011630305157,-7.323402347842261,4.324208453072117,prior,north,7.323402347842261,0.5884353741496599,0.37437603993344426,False,2.6069527689731364,True,361049.69036298984,505161.5777190267,,3.975962525669968,2.371534600867123,
3754424991393145,2025,panoroma_fine,361046.96864898404,505164.47608940955,209.01011630305157,-7.323402347842261,4.324208453072117,prior,north,7.323402347842261,0.5884353741496599,0.37437603993344426,False,2.6069527689731364,True,361047.5751594945,505163.1015684001,,1.5023857709277828,13.665558678737833,
3754424991393145,2025,panoroma_two_pass,361046.96864898404,505164.47608940955,209.01011630305157,-7.323402347842261,4.324208453072117,prior,north,7.323402347842261,0.5884353741496599,0.37437603993344426,False,2.6069527689731364,True,361047.5751594945,505163.1015684001,,1.5023857709277828,13.665558678737833,
3754424991393145,2024,panoroma_coarse,361046.96864898404,505164.47608940955,209.01011630305157,-7.323402347842261,4.324208453072117,prior,north,7.323402347842261,0.6695059625212947,0.34105960264900664,False,1.8039873526271522,True,361047.5189547902,505154.44247220614,,10.048696963534894,3.1416037401541677,
3754424991393145,2024,panoroma_fine,361046.96864898404,505164.47608940955,209.01011630305157,-7.323402347842261,4.324208453072117,prior,north,7.323402347842261,0.6695059625212947,0.34105960264900664,False,1.8039873526271522,True,361046.1223256517,505155.58431169484,,8.931963620098214,15.83952326130341,
3754424991393145,2024,panoroma_two_pass,361046.96864898404,505164.47608940955,209.01011630305157,-7.323402347842261,4.324208453072117,prior,north,7.323402347842261,0.6695059625212947,0.34105960264900664,False,1.8039873526271522,True,361046.1223256517,505155.58431169484,,8.931963620098214,15.83952326130341,
1260741202845756,2025,panoroma_coarse,361019.00799381535,505180.367778033,209.07188553601975,9.974654424802111,20.2058472807065,prior,north,-9.974654424802111,0.462992125984252,0.2478386167146974,False,3.9057997488087635,True,361030.6806966421,505172.2650889353,,14.209347694216348,9.860182730531228,
1260741202845756,2025,panoroma_fine,361019.00799381535,505180.367778033,209.07188553601975,9.974654424802111,20.2058472807065,prior,north,-9.974654424802111,0.462992125984252,0.2478386167146974,False,3.9057997488087635,True,361029.32486915245,505175.9280117432,,11.231626838069957,9.917564158358473,
1260741202845756,2025,panoroma_two_pass,361019.00799381535,505180.367778033,209.07188553601975,9.974654424802111,20.2058472807065,prior,north,-9.974654424802111,0.462992125984252,0.2478386167146974,False,3.9057997488087635,True,361029.32486915245,505175.9280117432,,11.231626838069957,9.917564158358473,
1260741202845756,2024,panoroma_coarse,361019.00799381535,505180.367778033,209.07188553601975,9.974654424802111,20.2058472807065,prior,north,-9.974654424802111,0.463452566096423,0.29381443298969073,False,1.7654956930923291,True,361017.34157280065,505171.59923824406,,8.925483125790626,6.719872789299469,
1260741202845756,2024,panoroma_fine,361019.00799381535,505180.367778033,209.07188553601975,9.974654424802111,20.2058472807065,prior,north,-9.974654424802111,0.463452566096423,0.29381443298969073,False,1.7654956930923291,True,361017.1447688106,505173.3537305444,,7.257304567886646,8.583085210787939,
1260741202845756,2024,panoroma_two_pass,361019.00799381535,505180.367778033,209.07188553601975,9.974654424802111,20.2058472807065,prior,north,-9.974654424802111,0.463452566096423,0.29381443298969073,False,1.7654956930923291,True,361017.1447688106,505173.3537305444,,7.257304567886646,8.583085210787939,
1556200629076514,2025,panoroma_coarse,360989.4216288107,505197.2621762613,208.21983132523448,3.866426053039504,23.963388304667205,prior,north,-3.866426053039504,0.376158940397351,0.3554006968641115,False,0.8120661723423804,True,360975.7466049174,505203.96028743027,,15.227310061675949,5.775785072169072,
1556200629076514,2025,panoroma_fine,360989.4216288107,505197.2621762613,208.21983132523448,3.866426053039504,23.963388304667205,prior,north,-3.866426053039504,0.376158940397351,0.3554006968641115,False,0.8120661723423804,True,360975.5296574006,505204.74283790356,,15.77805971165566,7.5768828597608735,
1556200629076514,2025,panoroma_two_pass,360989.4216288107,505197.2621762613,208.21983132523448,3.866426053039504,23.963388304667205,prior,north,-3.866426053039504,0.376158940397351,0.3554006968641115,False,0.8120661723423804,True,360975.5296574006,505204.74283790356,,15.77805971165566,7.5768828597608735,
1556200629076514,2024,panoroma_coarse,360989.4216288107,505197.2621762613,208.21983132523448,3.866426053039504,23.963388304667205,prior,north,-3.866426053039504,0.4447900466562986,0.35283018867924526,False,4.130636521454214,True,360986.2235702804,505205.30618607946,,8.65642376030329,4.0219508843157294,
1556200629076514,2024,panoroma_fine,360989.4216288107,505197.2621762613,208.21983132523448,3.866426053039504,23.963388304667205,prior,north,-3.866426053039504,0.4447900466562986,0.35283018867924526,False,4.130636521454214,True,360982.0957854496,505205.4596476795,,10.99393098960251,0.9754059826068876,
1556200629076514,2024,panoroma_two_pass,360989.4216288107,505197.2621762613,208.21983132523448,3.866426053039504,23.963388304667205,prior,north,-3.866426053039504,0.4447900466562986,0.35283018867924526,False,4.130636521454214,True,360982.0957854496,505205.4596476795,,10.99393098960251,0.9754059826068876,
1058757126920400,2025,panoroma_coarse,360824.89545035467,505384.04269541893,252.00850508478257,-4.616044715374443,15.673634989496275,prior,north,4.616044715374443,0.5146520146520146,0.3370998116760829,False,2.941943352033126,True,360820.3048393389,505382.6472914588,,4.798006013992988,1.2003659834597655,
1058757126920400,2025,panoroma_fine,360824.89545035467,505384.04269541893,252.00850508478257,-4.616044715374443,15.673634989496275,prior,north,4.616044715374443,0.5146520146520146,0.3370998116760829,False,2.941943352033126,True,360818.89272470603,505385.2281756,,6.118666396568425,11.453771784742404,
1058757126920400,2025,panoroma_two_pass,360824.89545035467,505384.04269541893,252.00850508478257,-4.616044715374443,15.673634989496275,prior,north,4.616044715374443,0.5146520146520146,0.3370998116760829,False,2.941943352033126,True,360818.89272470603,505385.2281756,,6.118666396568425,11.453771784742404,
1058757126920400,2024,panoroma_coarse,360824.89545035467,505384.04269541893,252.00850508478257,-4.616044715374443,15.673634989496275,prior,north,4.616044715374443,0.5670498084291188,0.34929078014184395,False,3.7664036267997743,True,360820.5671049232,505381.09836914105,,5.234847791945438,4.686253571496931,
1058757126920400,2024,panoroma_fine,360824.89545035467,505384.04269541893,252.00850508478257,-4.616044715374443,15.673634989496275,prior,north,4.616044715374443,0.5670498084291188,0.34929078014184395,False,3.7664036267997743,True,360817.75876791193,505383.60815787944,,7.149899241368491,13.09672416458294,
1058757126920400,2024,panoroma_two_pass,360824.89545035467,505384.04269541893,252.00850508478257,-4.616044715374443,15.673634989496275,prior,north,4.616044715374443,0.5670498084291188,0.34929078014184395,False,3.7664036267997743,True,360817.75876791193,505383.60815787944,,7.149899241368491,13.09672416458294,
1100362855725571,2025,panoroma_coarse,360978.4813495051,505203.05984292924,206.0181185359829,-3.755703873765384,9.067933293211542,prior,north,3.755703873765384,0.46827794561933533,0.3613595706618962,False,3.447229342487005,True,360977.22615229903,505196.4615145986,,6.716655178390171,0.07776185958912177,
1100362855725571,2025,panoroma_fine,360978.4813495051,505203.05984292924,206.0181185359829,-3.755703873765384,9.067933293211542,prior,north,3.755703873765384,0.46827794561933533,0.3613595706618962,False,3.447229342487005,True,360980.23233799846,505194.77443496796,,8.468408692837894,1.7433520540480472,
1100362855725571,2025,panoroma_two_pass,360978.4813495051,505203.05984292924,206.0181185359829,-3.755703873765384,9.067933293211542,prior,north,3.755703873765384,0.46827794561933533,0.3613595706618962,False,3.447229342487005,True,360980.23233799846,505194.77443496796,,8.468408692837894,1.7433520540480472,
1100362855725571,2024,panoroma_coarse,360978.4813495051,505203.05984292924,206.0181185359829,-3.755703873765384,9.067933293211542,prior,north,3.755703873765384,0.43820224719101125,0.4109347442680776,False,0.36030328203503925,True,360979.1079878064,505195.24984716246,,7.8350947306264755,0.5738077128264547,
1100362855725571,2024,panoroma_fine,360978.4813495051,505203.05984292924,206.0181185359829,-3.755703873765384,9.067933293211542,prior,north,3.755703873765384,0.43820224719101125,0.4109347442680776,False,0.36030328203503925,True,360978.8481480171,505195.00024399953,,8.067941252652819,1.7015168499448037,
1100362855725571,2024,panoroma_two_pass,360978.4813495051,505203.05984292924,206.0181185359829,-3.755703873765384,9.067933293211542,prior,north,3.755703873765384,0.43820224719101125,0.4109347442680776,False,0.36030328203503925,True,360978.8481480171,505195.00024399953,,8.067941252652819,1.7015168499448037,
1041328292272541,2025,panoroma_coarse,360824.0357951551,505387.0502379555,253.4884275094645,0.2674387768103088,21.200510305914783,prior,north,-0.2674387768103088,0.5833333333333334,0.3492407809110629,False,4.203382740320221,True,360818.2705437859,505380.4419728872,,8.769680185928706,0.7202002891944616,
1041328292272541,2025,panoroma_fine,360824.0357951551,505387.0502379555,253.4884275094645,0.2674387768103088,21.200510305914783,prior,north,-0.2674387768103088,0.5833333333333334,0.3492407809110629,False,4.203382740320221,True,360818.80995656917,505376.2733447783,,11.977095452568816,2.1395072472858403,
1041328292272541,2025,panoroma_two_pass,360824.0357951551,505387.0502379555,253.4884275094645,0.2674387768103088,21.200510305914783,prior,north,-0.2674387768103088,0.5833333333333334,0.3492407809110629,False,4.203382740320221,True,360818.80995656917,505376.2733447783,,11.977095452568816,2.1395072472858403,
1041328292272541,2024,panoroma_coarse,360824.0357951551,505387.0502379555,253.4884275094645,0.2674387768103088,21.200510305914783,prior,north,-0.2674387768103088,0.5907258064516129,0.3924611973392461,False,4.224339109895762,True,360818.50733936776,505378.20443526277,,10.431301389170006,3.024903567018234,
1041328292272541,2024,panoroma_fine,360824.0357951551,505387.0502379555,253.4884275094645,0.2674387768103088,21.200510305914783,prior,north,-0.2674387768103088,0.5907258064516129,0.3924611973392461,False,4.224339109895762,True,360818.85690251656,505373.9945841347,,14.045320418208163,2.4227297879354053,
1041328292272541,2024,panoroma_two_pass,360824.0357951551,505387.0502379555,253.4884275094645,0.2674387768103088,21.200510305914783,prior,north,-0.2674387768103088,0.5907258064516129,0.3924611973392461,False,4.224339109895762,True,360818.85690251656,505373.9945841347,,14.045320418208163,2.4227297879354053,
1978181079545268,2025,panoroma_coarse,360981.2749126579,505201.62867444754,206.61423474529838,9.644586374877946,12.953828725393263,prior,north,-9.644586374877946,0.5741056218057922,0.40831758034026466,False,4.1427649631676156,True,360978.08357283747,505197.7585257179,,5.0162437180811565,8.14458856098331,
1978181079545268,2025,panoroma_fine,360981.2749126579,505201.62867444754,206.61423474529838,9.644586374877946,12.953828725393263,prior,north,-9.644586374877946,0.5741056218057922,0.40831758034026466,False,4.1427649631676156,True,360980.63029662793,505194.49100380135,,7.166719757293061,9.797286295932631,
1978181079545268,2025,panoroma_two_pass,360981.2749126579,505201.62867444754,206.61423474529838,9.644586374877946,12.953828725393263,prior,north,-9.644586374877946,0.5741056218057922,0.40831758034026466,False,4.1427649631676156,True,360980.63029662793,505194.49100380135,,7.166719757293061,9.797286295932631,
1978181079545268,2024,panoroma_coarse,360981.2749126579,505201.62867444754,206.61423474529838,9.644586374877946,12.953828725393263,prior,north,-9.644586374877946,0.5008,0.39961759082217974,False,1.7743883008885424,True,360981.6586084984,505196.47929534456,,5.163654485362264,11.95958156174877,
1978181079545268,2024,panoroma_fine,360981.2749126579,505201.62867444754,206.61423474529838,9.644586374877946,12.953828725393263,prior,north,-9.644586374877946,0.5008,0.39961759082217974,False,1.7743883008885424,True,360981.2587567701,505194.7505465376,,6.878146884047749,3.1703145896413543,
1978181079545268,2024,panoroma_two_pass,360981.2749126579,505201.62867444754,206.61423474529838,9.644586374877946,12.953828725393263,prior,north,-9.644586374877946,0.5008,0.39961759082217974,False,1.7743883008885424,True,360981.2587567701,505194.7505465376,,6.878146884047749,3.1703145896413543,
1624858092548608,2025,panoroma_coarse,360823.1726704277,505390.1981357848,254.17234934972836,7.1797413139955495,23.853490713467735,prior,north,-7.1797413139955495,0.46050670640834573,0.25693160813308685,False,1.8034676531245917,True,360816.9984629574,505387.57362221845,,6.7088679631272,6.19741515429095,
1624858092548608,2025,panoroma_fine,360823.1726704277,505390.1981357848,254.17234934972836,7.1797413139955495,23.853490713467735,prior,north,-7.1797413139955495,0.46050670640834573,0.25693160813308685,False,1.8034676531245917,True,360817.91101934575,505386.01807202195,,6.7199631821946415,5.358660118749868,
1624858092548608,2025,panoroma_two_pass,360823.1726704277,505390.1981357848,254.17234934972836,7.1797413139955495,23.853490713467735,prior,north,-7.1797413139955495,0.46050670640834573,0.25693160813308685,False,1.8034676531245917,True,360817.91101934575,505386.01807202195,,6.7199631821946415,5.358660118749868,
1624858092548608,2024,panoroma_coarse,360823.1726704277,505390.1981357848,254.17234934972836,7.1797413139955495,23.853490713467735,prior,north,-7.1797413139955495,0.6060606060606061,0.2883895131086142,False,1.511672743512915,True,360816.84093625366,505389.2545477014,,6.401657294951311,19.937937118781495,
1624858092548608,2024,panoroma_fine,360823.1726704277,505390.1981357848,254.17234934972836,7.1797413139955495,23.853490713467735,prior,north,-7.1797413139955495,0.6060606060606061,0.2883895131086142,False,1.511672743512915,True,360816.308018248,505387.8399265922,,7.2584158150776705,3.679470431247609,
1624858092548608,2024,panoroma_two_pass,360823.1726704277,505390.1981357848,254.17234934972836,7.1797413139955495,23.853490713467735,prior,north,-7.1797413139955495,0.6060606060606061,0.2883895131086142,False,1.511672743512915,True,360816.308018248,505387.8399265922,,7.2584158150776705,3.679470431247609,
1132747332749947,2025,panoroma_coarse,360984.0406199746,505200.1745466972,207.17550998792115,-8.78091025217077,21.611662427442003,prior,north,8.78091025217077,0.6407079646017699,0.3872053872053872,False,4.344082117669356,True,360990.0138244559,505188.22718539846,,13.357343065803608,7.884120541744667,
1132747332749947,2025,panoroma_fine,360984.0406199746,505200.1745466972,207.17550998792115,-8.78091025217077,21.611662427442003,prior,north,8.78091025217077,0.6407079646017699,0.3872053872053872,False,4.344082117669356,True,360986.46537825785,505190.7330942206,,9.747844766928491,7.947260995439108,
1132747332749947,2025,panoroma_two_pass,360984.0406199746,505200.1745466972,207.17550998792115,-8.78091025217077,21.611662427442003,prior,north,8.78091025217077,0.6407079646017699,0.3872053872053872,False,4.344082117669356,True,360986.46537825785,505190.7330942206,,9.747844766928491,7.947260995439108,
1132747332749947,2024,panoroma_coarse,360984.0406199746,505200.1745466972,207.17550998792115,-8.78091025217077,21.611662427442003,prior,north,8.78091025217077,0.6654676258992805,0.3902877697841727,False,4.146813415915896,True,360989.25758843665,505188.9498182673,,12.377854751861948,11.8190276403799,
1132747332749947,2024,panoroma_fine,360984.0406199746,505200.1745466972,207.17550998792115,-8.78091025217077,21.611662427442003,prior,north,8.78091025217077,0.6654676258992805,0.3902877697841727,False,4.146813415915896,True,360985.4766778444,505190.6529849062,,9.629247174335164,6.1901479540111355,
1132747332749947,2024,panoroma_two_pass,360984.0406199746,505200.1745466972,207.17550998792115,-8.78091025217077,21.611662427442003,prior,north,8.78091025217077,0.6654676258992805,0.3902877697841727,False,4.146813415915896,True,360985.4766778444,505190.6529849062,,9.629247174335164,6.1901479540111355,
1999264247459733,2025,panoroma_coarse,360822.3839241866,505393.22124050464,254.44886624505065,4.525898695169161,16.108094445687676,prior,north,-4.525898695169161,0.417910447761194,0.2463768115942029,False,4.125391092573171,True,360823.07822407736,505396.54719901725,,3.3976539502890764,12.060826411120123,
1999264247459733,2025,panoroma_fine,360822.3839241866,505393.22124050464,254.44886624505065,4.525898695169161,16.108094445687676,prior,north,-4.525898695169161,0.417910447761194,0.2463768115942029,False,4.125391092573171,True,360827.198748965,505396.3468834734,,5.740399081501326,6.4205210012688445,
1999264247459733,2025,panoroma_two_pass,360822.3839241866,505393.22124050464,254.44886624505065,4.525898695169161,16.108094445687676,prior,north,-4.525898695169161,0.417910447761194,0.2463768115942029,False,4.125391092573171,True,360827.198748965,505396.3468834734,,5.740399081501326,6.4205210012688445,
1999264247459733,2024,panoroma_coarse,360822.3839241866,505393.22124050464,254.44886624505065,4.525898695169161,16.108094445687676,prior,north,-4.525898695169161,0.38064516129032255,0.40229885057471265,False,4.968266513879474,True,360819.70771053387,505393.1831973354,,2.6764840365076012,8.743391491109463,
1999264247459733,2024,panoroma_fine,360822.3839241866,505393.22124050464,254.44886624505065,4.525898695169161,16.108094445687676,prior,north,-4.525898695169161,0.38064516129032255,0.40229885057471265,False,4.968266513879474,True,360816.50899775245,505396.984763946,,6.977024387223401,3.6701672430033336,
1999264247459733,2024,panoroma_two_pass,360822.3839241866,505393.22124050464,254.44886624505065,4.525898695169161,16.108094445687676,prior,north,-4.525898695169161,0.38064516129032255,0.40229885057471265,False,4.968266513879474,True,360816.50899775245,505396.984763946,,6.977024387223401,3.6701672430033336,
1069879799117962,2025,panoroma_coarse,360820.8094764566,505399.36092613544,254.80554887126746,5.634211228274609,10.055771934509213,prior,north,-5.634211228274609,0.6778656126482213,0.3747779751332149,False,1.1876070990384147,True,360818.644629766,505382.60176406184,,16.89840449874498,2.4930356877701807,
1069879799117962,2025,panoroma_fine,360820.8094764566,505399.36092613544,254.80554887126746,5.634211228274609,10.055771934509213,prior,north,-5.634211228274609,0.6778656126482213,0.3747779751332149,False,1.1876070990384147,True,360819.3596110098,505383.5500321899,,15.87723140764792,0.6330195655659944,
1069879799117962,2025,panoroma_two_pass,360820.8094764566,505399.36092613544,254.80554887126746,5.634211228274609,10.055771934509213,prior,north,-5.634211228274609,0.6778656126482213,0.3747779751332149,False,1.1876070990384147,True,360819.3596110098,505383.5500321899,,15.87723140764792,0.6330195655659944,
1069879799117962,2024,panoroma_coarse,360820.8094764566,505399.36092613544,254.80554887126746,5.634211228274609,10.055771934509213,prior,north,-5.634211228274609,0.5972495088408645,0.36142322097378277,False,4.37852576182877,True,360819.7083065759,505380.78967287065,,18.60387118131888,0.10623338401104655,
1069879799117962,2024,panoroma_fine,360820.8094764566,505399.36092613544,254.80554887126746,5.634211228274609,10.055771934509213,prior,north,-5.634211228274609,0.5972495088408645,0.36142322097378277,False,4.37852576182877,True,360817.8144157145,505384.73741466214,,14.927071938542822,4.402036571660116,
1069879799117962,2024,panoroma_two_pass,360820.8094764566,505399.36092613544,254.80554887126746,5.634211228274609,10.055771934509213,prior,north,-5.634211228274609,0.5972495088408645,0.36142322097378277,False,4.37852576182877,True,360817.8144157145,505384.73741466214,,14.927071938542822,4.402036571660116,
946071411273849,2025,panoroma_coarse,360812.4749577944,505432.53320290986,255.0794710465457,-3.0094849031974036,27.06803760713839,prior,north,3.0094849031974036,0.4531772575250836,0.3701550387596899,False,3.268500585146262,True,360802.65471207746,505441.7928631841,,13.497352864024174,13.295534043892811,
946071411273849,2025,panoroma_fine,360812.4749577944,505432.53320290986,255.0794710465457,-3.0094849031974036,27.06803760713839,prior,north,3.0094849031974036,0.4531772575250836,0.3701550387596899,False,3.268500585146262,True,360805.5744638006,505443.2619261339,,12.75626588686989,2.703174764432441,
946071411273849,2025,panoroma_two_pass,360812.4749577944,505432.53320290986,255.0794710465457,-3.0094849031974036,27.06803760713839,prior,north,3.0094849031974036,0.4531772575250836,0.3701550387596899,False,3.268500585146262,True,360805.5744638006,505443.2619261339,,12.75626588686989,2.703174764432441,
946071411273849,2024,panoroma_coarse,360812.4749577944,505432.53320290986,255.0794710465457,-3.0094849031974036,27.06803760713839,prior,north,3.0094849031974036,0.5697896749521989,0.3610586011342155,False,3.907014844946557,True,360804.5946389612,505437.20579614857,,9.161471087530623,13.08942865793532,
946071411273849,2024,panoroma_fine,360812.4749577944,505432.53320290986,255.0794710465457,-3.0094849031974036,27.06803760713839,prior,north,3.0094849031974036,0.5697896749521989,0.3610586011342155,False,3.907014844946557,True,360805.9809963109,505440.85857294133,,10.558566281007948,2.360127133056138,
946071411273849,2024,panoroma_two_pass,360812.4749577944,505432.53320290986,255.0794710465457,-3.0094849031974036,27.06803760713839,prior,north,3.0094849031974036,0.5697896749521989,0.3610586011342155,False,3.907014844946557,True,360805.9809963109,505440.85857294133,,10.558566281007948,2.360127133056138,
28630049443257593,2025,panoroma_coarse,360803.7528703903,505466.15015777014,254.4464986745188,-6.098766869888834,3.470913553345336,prior,north,6.098766869888834,0.693050193050193,0.3102803738317757,False,2.161645572300824,True,360804.1528452876,505448.4787247901,,17.675958912791028,5.425839308891733,
28630049443257593,2025,panoroma_fine,360803.7528703903,505466.15015777014,254.4464986745188,-6.098766869888834,3.470913553345336,prior,north,6.098766869888834,0.693050193050193,0.3102803738317757,False,2.161645572300824,True,360802.3937358292,505449.73500720016,,16.471320984985425,12.766682000029215,
28630049443257593,2025,panoroma_two_pass,360803.7528703903,505466.15015777014,254.4464986745188,-6.098766869888834,3.470913553345336,prior,north,6.098766869888834,0.693050193050193,0.3102803738317757,False,2.161645572300824,True,360802.3937358292,505449.73500720016,,16.471320984985425,12.766682000029215,
28630049443257593,2024,panoroma_coarse,360803.7528703903,505466.15015777014,254.4464986745188,-6.098766869888834,3.470913553345336,prior,north,6.098766869888834,0.7085828343313373,0.2861736334405145,False,2.7005927026485503,True,360806.2790710656,505447.9054763525,,18.41874289639256,2.4410443520398544,
28630049443257593,2024,panoroma_fine,360803.7528703903,505466.15015777014,254.4464986745188,-6.098766869888834,3.470913553345336,prior,north,6.098766869888834,0.7085828343313373,0.2861736334405145,False,2.7005927026485503,True,360803.6189487088,505447.4396974429,,18.710939598884778,7.923595427900613,
28630049443257593,2024,panoroma_two_pass,360803.7528703903,505466.15015777014,254.4464986745188,-6.098766869888834,3.470913553345336,prior,north,6.098766869888834,0.7085828343313373,0.2861736334405145,False,2.7005927026485503,True,360803.6189487088,505447.4396974429,,18.710939598884778,7.923595427900613,
2325916388183213,2025,panoroma_coarse,360795.28008992714,505498.1880449727,254.86163925606502,6.214781891097573,18.240725304295992,prior,north,-6.214781891097573,0.4380165289256198,0.3712686567164179,False,2.82976071785267,True,360788.33178514877,505494.30726546585,,7.958604706486332,5.692791153735082,
2325916388183213,2025,panoroma_fine,360795.28008992714,505498.1880449727,254.86163925606502,6.214781891097573,18.240725304295992,prior,north,-6.214781891097573,0.4380165289256198,0.3712686567164179,False,2.82976071785267,True,360789.5317547835,505491.7445289214,,8.63494389256709,12.131409602725578,
2325916388183213,2025,panoroma_two_pass,360795.28008992714,505498.1880449727,254.86163925606502,6.214781891097573,18.240725304295992,prior,north,-6.214781891097573,0.4380165289256198,0.3712686567164179,False,2.82976071785267,True,360789.5317547835,505491.7445289214,,8.63494389256709,12.131409602725578,
2325916388183213,2024,panoroma_coarse,360795.28008992714,505498.1880449727,254.86163925606502,6.214781891097573,18.240725304295992,prior,north,-6.214781891097573,0.6293823038397329,0.44074074074074077,False,1.903134826471362,True,360798.8451679426,505467.42015547195,,30.97374380968139,2.669783349185077,
2325916388183213,2024,panoroma_fine,360795.28008992714,505498.1880449727,254.86163925606502,6.214781891097573,18.240725304295992,prior,north,-6.214781891097573,0.6293823038397329,0.44074074074074077,False,1.903134826471362,True,360798.2384189614,505465.6163323538,,32.70578195984538,4.8761573630816875,
2325916388183213,2024,panoroma_two_pass,360795.28008992714,505498.1880449727,254.86163925606502,6.214781891097573,18.240725304295992,prior,north,-6.214781891097573,0.6293823038397329,0.44074074074074077,False,1.903134826471362,True,360798.2384189614,505465.6163323538,,32.70578195984538,4.8761573630816875,
1975241993146792,2025,panoroma_coarse,360790.9305160588,505531.0259289183,275.5645292688212,-9.310324339458248,14.384811499204622,prior,north,9.310324339458248,0.42948717948717946,0.4240924092409241,False,4.53416246714248,True,360808.1445161977,505561.33893509477,,34.85972094318977,7.496223929160215,
1975241993146792,2025,panoroma_fine,360790.9305160588,505531.0259289183,275.5645292688212,-9.310324339458248,14.384811499204622,prior,north,9.310324339458248,0.42948717948717946,0.4240924092409241,False,4.53416246714248,True,360804.68350008084,505564.26809823763,,35.97480216161152,10.853665723150911,
1975241993146792,2025,panoroma_two_pass,360790.9305160588,505531.0259289183,275.5645292688212,-9.310324339458248,14.384811499204622,prior,north,9.310324339458248,0.42948717948717946,0.4240924092409241,False,4.53416246714248,True,360804.68350008084,505564.26809823763,,35.97480216161152,10.853665723150911,
1975241993146792,2024,panoroma_coarse,360790.9305160588,505531.0259289183,275.5645292688212,-9.310324339458248,14.384811499204622,prior,north,9.310324339458248,0.38495575221238937,0.48282097649186256,False,0.43556991044839677,True,360789.01853292604,505531.74784282286,,2.0437316814199114,4.8340517250882185,
1975241993146792,2024,panoroma_fine,360790.9305160588,505531.0259289183,275.5645292688212,-9.310324339458248,14.384811499204622,prior,north,9.310324339458248,0.38495575221238937,0.48282097649186256,False,0.43556991044839677,True,360788.58861608733,505531.67789528053,,2.430957756507936,10.349776520017608,
1975241993146792,2024,panoroma_two_pass,360790.9305160588,505531.0259289183,275.5645292688212,-9.310324339458248,14.384811499204622,prior,north,9.310324339458248,0.38495575221238937,0.48282097649186256,False,0.43556991044839677,True,360788.58861608733,505531.67789528053,,2.430957756507936,10.349776520017608,
2266652857522078,2025,panoroma_coarse,360801.94835124625,505561.35963224806,291.8080147247711,6.541867417117373,20.22785191795692,prior,north,-6.541867417117373,0.5914718019257221,0.25744047619047616,False,3.5422441670869134,True,360801.5200430349,505564.03776921233,,2.7121698920384683,6.938302480460829,
2266652857522078,2025,panoroma_fine,360801.94835124625,505561.35963224806,291.8080147247711,6.541867417117373,20.22785191795692,prior,north,-6.541867417117373,0.5914718019257221,0.25744047619047616,False,3.5422441670869134,True,360801.14050163043,505567.55962129065,,6.252398350237688,0.8617346358481298,
2266652857522078,2025,panoroma_two_pass,360801.94835124625,505561.35963224806,291.8080147247711,6.541867417117373,20.22785191795692,prior,north,-6.541867417117373,0.5914718019257221,0.25744047619047616,False,3.5422441670869134,True,360801.14050163043,505567.55962129065,,6.252398350237688,0.8617346358481298,
2266652857522078,2024,panoroma_coarse,360801.94835124625,505561.35963224806,291.8080147247711,6.541867417117373,20.22785191795692,prior,north,-6.541867417117373,0.5237467018469657,0.4235294117647059,False,5.262486751485619,True,360800.55043523014,505565.8710177544,,4.72300416844705,13.521866609129729,
2266652857522078,2024,panoroma_fine,360801.94835124625,505561.35963224806,291.8080147247711,6.541867417117373,20.22785191795692,prior,north,-6.541867417117373,0.5237467018469657,0.4235294117647059,False,5.262486751485619,True,360803.1078955672,505570.4702745894,,9.184135610040261,2.2284308522931764,
2266652857522078,2024,panoroma_two_pass,360801.94835124625,505561.35963224806,291.8080147247711,6.541867417117373,20.22785191795692,prior,north,-6.541867417117373,0.5237467018469657,0.4235294117647059,False,5.262486751485619,True,360803.1078955672,505570.4702745894,,9.184135610040261,2.2284308522931764,
2664235027388592,2025,panoroma_coarse,360814.3610915972,505591.13648182247,292.5960751883997,-7.8540605103696635,19.085480397872484,prior,north,7.8540605103696635,0.6584905660377358,0.5137254901960784,False,0.8113416854376674,True,360808.30216786626,505583.494838626,,9.752192959488324,2.6837911670048338,
2664235027388592,2025,panoroma_fine,360814.3610915972,505591.13648182247,292.5960751883997,-7.8540605103696635,19.085480397872484,prior,north,7.8540605103696635,0.6584905660377358,0.5137254901960784,False,0.8113416854376674,True,360809.0768180267,505583.7360697588,,9.09338473176975,6.133986047990332,
2664235027388592,2025,panoroma_two_pass,360814.3610915972,505591.13648182247,292.5960751883997,-7.8540605103696635,19.085480397872484,prior,north,7.8540605103696635,0.6584905660377358,0.5137254901960784,False,0.8113416854376674,True,360809.0768180267,505583.7360697588,,9.09338473176975,6.133986047990332,
2664235027388592,2024,panoroma_coarse,360814.3610915972,505591.13648182247,292.5960751883997,-7.8540605103696635,19.085480397872484,prior,north,7.8540605103696635,0.731610337972167,0.5389105058365758,False,2.1985364749778613,True,360809.1433209152,505582.8940479035,,9.755144683648835,5.70698083438419,
2664235027388592,2024,panoroma_fine,360814.3610915972,505591.13648182247,292.5960751883997,-7.8540605103696635,19.085480397872484,prior,north,7.8540605103696635,0.731610337972167,0.5389105058365758,False,2.1985364749778613,True,360809.2065304471,505585.0916755305,,7.944128886001805,3.922007430179621,
2664235027388592,2024,panoroma_two_pass,360814.3610915972,505591.13648182247,292.5960751883997,-7.8540605103696635,19.085480397872484,prior,north,7.8540605103696635,0.731610337972167,0.5389105058365758,False,2.1985364749778613,True,360809.2065304471,505585.0916755305,,7.944128886001805,3.922007430179621,
2298332014341910,2025,panoroma_coarse,360828.7860962364,505620.79880488664,298.88369572152936,-0.596773663281283,13.629079040365383,prior,north,0.596773663281283,0.6509433962264151,0.3824626865671642,False,1.9155461396081919,True,360826.59219455894,505615.38094380393,,5.845205153097422,1.3732550882439927,
2298332014341910,2025,panoroma_fine,360828.7860962364,505620.79880488664,298.88369572152936,-0.596773663281283,13.629079040365383,prior,north,0.596773663281283,0.6509433962264151,0.3824626865671642,False,1.9155461396081919,True,360824.8148013304,505616.09521988773,,6.155882964470832,1.4181035625135558,
2298332014341910,2025,panoroma_two_pass,360828.7860962364,505620.79880488664,298.88369572152936,-0.596773663281283,13.629079040365383,prior,north,0.596773663281283,0.6509433962264151,0.3824626865671642,False,1.9155461396081919,True,360824.8148013304,505616.09521988773,,6.155882964470832,1.4181035625135558,
2298332014341910,2024,panoroma_coarse,360828.7860962364,505620.79880488664,298.88369572152936,-0.596773663281283,13.629079040365383,prior,north,0.596773663281283,0.6899810964083176,0.4226415094339623,False,2.243184883595178,True,360825.45904586156,505615.1152218535,,6.585771047596447,4.749798894532302,
2298332014341910,2024,panoroma_fine,360828.7860962364,505620.79880488664,298.88369572152936,-0.596773663281283,13.629079040365383,prior,north,0.596773663281283,0.6899810964083176,0.4226415094339623,False,2.243184883595178,True,360824.9655858096,505617.303457581,,5.178199755540727,0.6798152241665013,
2298332014341910,2024,panoroma_two_pass,360828.7860962364,505620.79880488664,298.88369572152936,-0.596773663281283,13.629079040365383,prior,north,0.596773663281283,0.6899810964083176,0.4226415094339623,False,2.243184883595178,True,360824.9655858096,505617.303457581,,5.178199755540727,0.6798152241665013,
2664985677254720,2025,panoroma_coarse,360846.2640029569,505652.54278573673,296.3486771705366,-6.696610376305955,16.315075646700098,prior,north,6.696610376305955,0.49226441631504925,0.3718120805369127,False,0.7714124762137732,True,360842.50490034686,505650.4192744805,,4.317424288661144,8.655079930708494,
2664985677254720,2025,panoroma_fine,360846.2640029569,505652.54278573673,296.3486771705366,-6.696610376305955,16.315075646700098,prior,north,6.696610376305955,0.49226441631504925,0.3718120805369127,False,0.7714124762137732,True,360843.2428098113,505650.1944037827,,3.826552733851943,8.108050758399502,
2664985677254720,2025,panoroma_two_pass,360846.2640029569,505652.54278573673,296.3486771705366,-6.696610376305955,16.315075646700098,prior,north,6.696610376305955,0.49226441631504925,0.3718120805369127,False,0.7714124762137732,True,360843.2428098113,505650.1944037827,,3.826552733851943,8.108050758399502,
2664985677254720,2024,panoroma_coarse,360846.2640029569,505652.54278573673,296.3486771705366,-6.696610376305955,16.315075646700098,prior,north,6.696610376305955,0.62882096069869,0.38492063492063494,False,1.5080139842424882,True,360839.7818087897,505649.1957439453,,7.295308764882124,1.2632677657834637,
2664985677254720,2024,panoroma_fine,360846.2640029569,505652.54278573673,296.3486771705366,-6.696610376305955,16.315075646700098,prior,north,6.696610376305955,0.62882096069869,0.38492063492063494,False,1.5080139842424882,True,360841.24281602877,505648.82216125814,,6.249429148178792,0.014090164774068973,
2664985677254720,2024,panoroma_two_pass,360846.2640029569,505652.54278573673,296.3486771705366,-6.696610376305955,16.315075646700098,prior,north,6.696610376305955,0.62882096069869,0.38492063492063494,False,1.5080139842424882,True,360841.24281602877,505648.82216125814,,6.249429148178792,0.014090164774068973,
2190862265201212,2025,panoroma_coarse,360858.074267425,505681.2016031267,287.6809987164796,-6.584251183212814,19.459667173620172,prior,north,6.584251183212814,0.44178628389154706,0.3775322283609576,False,2.82813011638013,True,360852.512361517,505667.32844936266,,14.946544506690707,37.89820551290921,
2190862265201212,2025,panoroma_fine,360858.074267425,505681.2016031267,287.6809987164796,-6.584251183212814,19.459667173620172,prior,north,6.584251183212814,0.44178628389154706,0.3775322283609576,False,2.82813011638013,True,360849.7320103102,505667.8461047715,,15.746827937253732,5.82479086403529,
2190862265201212,2025,panoroma_two_pass,360858.074267425,505681.2016031267,287.6809987164796,-6.584251183212814,19.459667173620172,prior,north,6.584251183212814,0.44178628389154706,0.3775322283609576,False,2.82813011638013,True,360849.7320103102,505667.8461047715,,15.746827937253732,5.82479086403529,
2190862265201212,2024,panoroma_coarse,360858.074267425,505681.2016031267,287.6809987164796,-6.584251183212814,19.459667173620172,prior,north,6.584251183212814,0.6378787878787879,0.37458745874587457,False,2.3865897093635087,True,360850.89564872003,505664.904711171,,17.80789863873589,8.710644407151426,
2190862265201212,2024,panoroma_fine,360858.074267425,505681.2016031267,287.6809987164796,-6.584251183212814,19.459667173620172,prior,north,6.584251183212814,0.6378787878787879,0.37458745874587457,False,2.3865897093635087,True,360848.8659401181,505663.649285573,,19.821128708975188,9.831907647821009,
2190862265201212,2024,panoroma_two_pass,360858.074267425,505681.2016031267,287.6809987164796,-6.584251183212814,19.459667173620172,prior,north,6.584251183212814,0.6378787878787879,0.37458745874587457,False,2.3865897093635087,True,360848.8659401181,505663.649285573,,19.821128708975188,9.831907647821009,
1803778274142674,2025,panoroma_coarse,360866.5628902905,505714.5663897488,280.4521159059846,-9.689798420543354,25.618785417139208,prior,north,9.689798420543354,0.7718360071301248,0.401854714064915,False,2.4833643663536167,True,360859.71752559766,505711.2673634609,,7.598854665443978,8.907666210051731,
1803778274142674,2025,panoroma_fine,360866.5628902905,505714.5663897488,280.4521159059846,-9.689798420543354,25.618785417139208,prior,north,9.689798420543354,0.7718360071301248,0.401854714064915,False,2.4833643663536167,True,360858.1194653766,505713.1682322376,,8.558403396850073,3.67168434451592,
1803778274142674,2025,panoroma_two_pass,360866.5628902905,505714.5663897488,280.4521159059846,-9.689798420543354,25.618785417139208,prior,north,9.689798420543354,0.7718360071301248,0.401854714064915,False,2.4833643663536167,True,360858.1194653766,505713.1682322376,,8.558403396850073,3.67168434451592,
1803778274142674,2024,panoroma_coarse,360866.5628902905,505714.5663897488,280.4521159059846,-9.689798420543354,25.618785417139208,prior,north,9.689798420543354,0.7363636363636363,0.4448,False,2.4554062816700757,True,360859.4723197507,505711.41100092145,,7.76097089493805,5.571329436095239,
1803778274142674,2024,panoroma_fine,360866.5628902905,505714.5663897488,280.4521159059846,-9.689798420543354,25.618785417139208,prior,north,9.689798420543354,0.7363636363636363,0.4448,False,2.4554062816700757,True,360860.2314514632,505713.7461109941,,6.384353910905455,6.342479116510429,
1803778274142674,2024,panoroma_two_pass,360866.5628902905,505714.5663897488,280.4521159059846,-9.689798420543354,25.618785417139208,prior,north,9.689798420543354,0.7363636363636363,0.4448,False,2.4554062816700757,True,360860.2314514632,505713.7461109941,,6.384353910905455,6.342479116510429,
1595260398958253,2025,panoroma_coarse,360876.16708211036,505747.10174129903,294.28648085219186,-7.6361577110843655,23.198029424040953,prior,north,7.6361577110843655,0.6312925170068027,0.35171385991058124,False,0.7256205245612815,True,360870.1797007945,505746.1979639757,,6.0552083755644786,7.550327834302274,
1595260398958253,2025,panoroma_fine,360876.16708211036,505747.10174129903,294.28648085219186,-7.6361577110843655,23.198029424040953,prior,north,7.6361577110843655,0.6312925170068027,0.35171385991058124,False,0.7256205245612815,True,360870.35102896276,505746.9030680847,,5.819445442809637,8.448037894802606,
1595260398958253,2025,panoroma_two_pass,360876.16708211036,505747.10174129903,294.28648085219186,-7.6361577110843655,23.198029424040953,prior,north,7.6361577110843655,0.6312925170068027,0.35171385991058124,False,0.7256205245612815,True,360870.35102896276,505746.9030680847,,5.819445442809637,8.448037894802606,
1595260398958253,2024,panoroma_coarse,360876.16708211036,505747.10174129903,294.28648085219186,-7.6361577110843655,23.198029424040953,prior,north,7.6361577110843655,0.6765625,0.43103448275862066,False,1.8566485801009391,True,360868.1699043872,505745.9295896086,,8.08262278725472,9.519969417952389,
1595260398958253,2024,panoroma_fine,360876.16708211036,505747.10174129903,294.28648085219186,-7.6361577110843655,23.198029424040953,prior,north,7.6361577110843655,0.6765625,0.43103448275862066,False,1.8566485801009391,True,360869.04396560945,505747.56762530113,,7.138335701613366,2.6204265634127126,
1595260398958253,2024,panoroma_two_pass,360876.16708211036,505747.10174129903,294.28648085219186,-7.6361577110843655,23.198029424040953,prior,north,7.6361577110843655,0.6765625,0.43103448275862066,False,1.8566485801009391,True,360869.04396560945,505747.56762530113,,7.138335701613366,2.6204265634127126,
1618478246297464,2025,panoroma_coarse,360897.08296487853,505770.6888914574,359.2443918729163,-4.400738283139276,16.045954500843077,prior,north,4.400738283139276,0.6525759577278731,0.3511659807956104,False,0.9744341073309292,True,360888.04249734565,505768.9355807969,,9.208916955057033,5.401229909039671,
1618478246297464,2025,panoroma_fine,360897.08296487853,505770.6888914574,359.2443918729163,-4.400738283139276,16.045954500843077,prior,north,4.400738283139276,0.6525759577278731,0.3511659807956104,False,0.9744341073309292,True,360887.9018579747,505769.8998123027,,9.214953602257474,0.14385472771555624,
1618478246297464,2025,panoroma_two_pass,360897.08296487853,505770.6888914574,359.2443918729163,-4.400738283139276,16.045954500843077,prior,north,4.400738283139276,0.6525759577278731,0.3511659807956104,False,0.9744341073309292,True,360887.9018579747,505769.8998123027,,9.214953602257474,0.14385472771555624,
1618478246297464,2024,panoroma_coarse,360897.08296487853,505770.6888914574,359.2443918729163,-4.400738283139276,16.045954500843077,prior,north,4.400738283139276,0.638676844783715,0.37945791726105566,False,1.8432132194838813,True,360887.21819392196,505771.47183488164,,9.89579235994576,4.529118376192722,
1618478246297464,2024,panoroma_fine,360897.08296487853,505770.6888914574,359.2443918729163,-4.400738283139276,16.045954500843077,prior,north,4.400738283139276,0.638676844783715,0.37945791726105566,False,1.8432132194838813,True,360888.9324556232,505772.1491396818,,8.280285381461708,5.582753794844181,
1618478246297464,2024,panoroma_two_pass,360897.08296487853,505770.6888914574,359.2443918729163,-4.400738283139276,16.045954500843077,prior,north,4.400738283139276,0.638676844783715,0.37945791726105566,False,1.8432132194838813,True,360888.9324556232,505772.1491396818,,8.280285381461708,5.582753794844181,
1411397654284692,2025,panoroma_coarse,360928.39490721177,505760.7714622654,17.352959867827888,6.246018061213743,2.096490986487808,prior,north,-6.246018061213732,0.7436582109479306,0.4877750611246944,False,1.9333011946776224,True,360923.50809549127,505760.30429472035,,4.909090985788506,0.1997394155174076,
1411397654284692,2025,panoroma_fine,360928.39490721177,505760.7714622654,17.352959867827888,6.246018061213743,2.096490986487808,prior,north,-6.246018061213732,0.7436582109479306,0.4877750611246944,False,1.9333011946776224,True,360923.81687784987,505762.2127776164,,4.799556519040056,1.0332640471082055,
1411397654284692,2025,panoroma_two_pass,360928.39490721177,505760.7714622654,17.352959867827888,6.246018061213743,2.096490986487808,prior,north,-6.246018061213732,0.7436582109479306,0.4877750611246944,False,1.9333011946776224,True,360923.81687784987,505762.2127776164,,4.799556519040056,1.0332640471082055,
1411397654284692,2024,panoroma_coarse,360928.39490721177,505760.7714622654,17.352959867827888,6.246018061213743,2.096490986487808,prior,north,-6.246018061213732,0.6421568627450981,0.5433734939759036,False,4.776816934732342,True,360927.9369415449,505757.76913990796,,3.0370498991671906,5.184264099154198,
1411397654284692,2024,panoroma_fine,360928.39490721177,505760.7714622654,17.352959867827888,6.246018061213743,2.096490986487808,prior,north,-6.246018061213732,0.6421568627450981,0.5433734939759036,False,4.776816934732342,True,360925.01932655746,505761.5514015083,,3.4645129493608047,4.720958888784208,
1411397654284692,2024,panoroma_two_pass,360928.39490721177,505760.7714622654,17.352959867827888,6.246018061213743,2.096490986487808,prior,north,-6.246018061213732,0.6421568627450981,0.5433734939759036,False,4.776816934732342,True,360925.01932655746,505761.5514015083,,3.4645129493608047,4.720958888784208,
2199725277275110,2025,panoroma_coarse,360959.47657312726,505750.6162178423,17.29410753099758,7.773469456953347,23.28978753886541,prior,north,-7.773469456953336,0.4383561643835616,0.47132429614181437,False,4.839304425815766,True,360973.2508141064,505742.9117843185,,15.78252231024893,7.500910962362671,
2199725277275110,2025,panoroma_fine,360959.47657312726,505750.6162178423,17.29410753099758,7.773469456953347,23.28978753886541,prior,north,-7.773469456953336,0.4383561643835616,0.47132429614181437,False,4.839304425815766,True,360978.00255816296,505743.8281880215,,19.73041992435415,3.655428390906164,
2199725277275110,2025,panoroma_two_pass,360959.47657312726,505750.6162178423,17.29410753099758,7.773469456953347,23.28978753886541,prior,north,-7.773469456953336,0.4383561643835616,0.47132429614181437,False,4.839304425815766,True,360978.00255816296,505743.8281880215,,19.73041992435415,3.655428390906164,
2199725277275110,2024,panoroma_coarse,360959.47657312726,505750.6162178423,17.29410753099758,7.773469456953347,23.28978753886541,prior,north,-7.773469456953336,0.6715039577836411,0.36343115124153497,False,4.097760515101373,True,360975.8006786865,505742.9166181838,,18.048829801681155,3.4406042003171464,
2199725277275110,2024,panoroma_fine,360959.47657312726,505750.6162178423,17.29410753099758,7.773469456953347,23.28978753886541,prior,north,-7.773469456953336,0.6715039577836411,0.36343115124153497,False,4.097760515101373,True,360979.8311051556,505743.6564179649,,21.511526873412443,1.330342255313783,
2199725277275110,2024,panoroma_two_pass,360959.47657312726,505750.6162178423,17.29410753099758,7.773469456953347,23.28978753886541,prior,north,-7.773469456953336,0.6715039577836411,0.36343115124153497,False,4.097760515101373,True,360979.8311051556,505743.6564179649,,21.511526873412443,1.330342255313783,
1630029038733543,2025,panoroma_coarse,360977.76595758327,505730.73830788117,109.2852212235517,-2.240261776981299,15.147889371003807,prior,north,2.240261776981299,0.7175208581644815,0.5373878364905285,False,3.418565818689119,True,360975.2059148379,505729.0869122714,,3.0464612779650646,1.0481727767558624,
1630029038733543,2025,panoroma_fine,360977.76595758327,505730.73830788117,109.2852212235517,-2.240261776981299,15.147889371003807,prior,north,2.240261776981299,0.7175208581644815,0.5373878364905285,False,3.418565818689119,True,360975.9993563055,505732.41212548176,,2.4336280394882945,3.6970768518502903,
1630029038733543,2025,panoroma_two_pass,360977.76595758327,505730.73830788117,109.2852212235517,-2.240261776981299,15.147889371003807,prior,north,2.240261776981299,0.7175208581644815,0.5373878364905285,False,3.418565818689119,True,360975.9993563055,505732.41212548176,,2.4336280394882945,3.6970768518502903,
1630029038733543,2024,panoroma_coarse,360977.76595758327,505730.73830788117,109.2852212235517,-2.240261776981299,15.147889371003807,prior,north,2.240261776981299,0.7069988137603797,0.5338189386056191,False,1.9776705200328721,True,360975.43019600894,505731.4761784616,,2.449537737129579,6.080507965951935,
1630029038733543,2024,panoroma_fine,360977.76595758327,505730.73830788117,109.2852212235517,-2.240261776981299,15.147889371003807,prior,north,2.240261776981299,0.7069988137603797,0.5338189386056191,False,1.9776705200328721,True,360975.66454512044,505733.43991499685,,3.4226620263233176,0.8095528349377247,
1630029038733543,2024,panoroma_two_pass,360977.76595758327,505730.73830788117,109.2852212235517,-2.240261776981299,15.147889371003807,prior,north,2.240261776981299,0.7069988137603797,0.5338189386056191,False,1.9776705200328721,True,360975.66454512044,505733.43991499685,,3.4226620263233176,0.8095528349377247,
1029541690071867,2025,panoroma_coarse,360965.52086601197,505699.5423200922,110.60057777067044,-5.522416923790388,9.584062810049588,prior,north,5.522416923790388,0.4662004662004662,0.589540412044374,False,1.7582960362636786,True,360964.7185228221,505702.96671551646,,3.5171350011091893,6.896584245588725,
1029541690071867,2025,panoroma_fine,360965.52086601197,505699.5423200922,110.60057777067044,-5.522416923790388,9.584062810049588,prior,north,5.522416923790388,0.4662004662004662,0.589540412044374,False,1.7582960362636786,True,360963.8278577599,505701.4506941782,,2.5511112468016095,3.087294542509093,
1029541690071867,2025,panoroma_two_pass,360965.52086601197,505699.5423200922,110.60057777067044,-5.522416923790388,9.584062810049588,prior,north,5.522416923790388,0.4662004662004662,0.589540412044374,False,1.7582960362636786,True,360963.8278577599,505701.4506941782,,2.5511112468016095,3.087294542509093,
1029541690071867,2024,panoroma_coarse,360965.52086601197,505699.5423200922,110.60057777067044,-5.522416923790388,9.584062810049588,prior,north,5.522416923790388,0.4738095238095238,0.5478547854785478,False,3.251331520376974,True,360966.5410003577,505703.3099899672,,3.903333238445265,8.526450718982845,
1029541690071867,2024,panoroma_fine,360965.52086601197,505699.5423200922,110.60057777067044,-5.522416923790388,9.584062810049588,prior,north,5.522416923790388,0.4738095238095238,0.5478547854785478,False,3.251331520376974,True,360963.83238149184,505701.51150713576,,2.5939694653545287,5.175980889455542,
1029541690071867,2024,panoroma_two_pass,360965.52086601197,505699.5423200922,110.60057777067044,-5.522416923790388,9.584062810049588,prior,north,5.522416923790388,0.4738095238095238,0.5478547854785478,False,3.251331520376974,True,360963.83238149184,505701.51150713576,,2.5939694653545287,5.175980889455542,
1110169474745368,2025,panoroma_coarse,360954.2398640532,505667.78448765073,105.04909601937412,3.6021032489483247,9.767387131936394,prior,north,-3.6021032489483105,0.888130968622101,0.6553459119496855,False,0.8821991783170995,True,360952.7529714595,505669.775222582,,2.484728385925309,4.272369755482387,
1110169474745368,2025,panoroma_fine,360954.2398640532,505667.78448765073,105.04909601937412,3.6021032489483247,9.767387131936394,prior,north,-3.6021032489483105,0.888130968622101,0.6553459119496855,False,0.8821991783170995,True,360951.8791021324,505669.65427718323,,3.011529468987156,0.8430151869250527,
1110169474745368,2025,panoroma_two_pass,360954.2398640532,505667.78448765073,105.04909601937412,3.6021032489483247,9.767387131936394,prior,north,-3.6021032489483105,0.888130968622101,0.6553459119496855,False,0.8821991783170995,True,360951.8791021324,505669.65427718323,,3.011529468987156,0.8430151869250527,
1110169474745368,2024,panoroma_coarse,360954.2398640532,505667.78448765073,105.04909601937412,3.6021032489483247,9.767387131936394,prior,north,-3.6021032489483105,0.8963165075034106,0.6798469387755102,False,1.532366850914802,True,360953.199792537,505669.3480609764,,1.8779005041777022,4.399716246483245,
1110169474745368,2024,panoroma_fine,360954.2398640532,505667.78448765073,105.04909601937412,3.6021032489483247,9.767387131936394,prior,north,-3.6021032489483105,0.8963165075034106,0.6798469387755102,False,1.532366850914802,True,360951.6827749302,505669.1317146193,,2.890281177980206,5.669093559317797,
1110169474745368,2024,panoroma_two_pass,360954.2398640532,505667.78448765073,105.04909601937412,3.6021032489483247,9.767387131936394,prior,north,-3.6021032489483105,0.8963165075034106,0.6798469387755102,False,1.532366850914802,True,360951.6827749302,505669.1317146193,,2.890281177980206,5.669093559317797,
2143531059567041,2025,panoroma_coarse,360980.2035497979,505651.34399289545,21.80630224487809,4.559382584696987,19.651679460938592,prior,north,-4.559382584696976,0.4986376021798365,0.4078740157480315,False,2.893633394909794,True,360985.2315984446,505647.8853725732,,6.102731169472785,4.769693473002541,
2143531059567041,2025,panoroma_fine,360980.2035497979,505651.34399289545,21.80630224487809,4.559382584696987,19.651679460938592,prior,north,-4.559382584696976,0.4986376021798365,0.4078740157480315,False,2.893633394909794,True,360983.8568647411,505650.431589663,,3.765526488113001,10.11841165031604,
2143531059567041,2025,panoroma_two_pass,360980.2035497979,505651.34399289545,21.80630224487809,4.559382584696987,19.651679460938592,prior,north,-4.559382584696976,0.4986376021798365,0.4078740157480315,False,2.893633394909794,True,360983.8568647411,505650.431589663,,3.765526488113001,10.11841165031604,
2143531059567041,2024,panoroma_coarse,360980.2035497979,505651.34399289545,21.80630224487809,4.559382584696987,19.651679460938592,prior,north,-4.559382584696976,0.7074235807860262,0.5182481751824818,False,2.7480600257269274,True,360982.2506856172,505649.55382304074,,2.719461926832469,4.627653720341488,
2143531059567041,2024,panoroma_fine,360980.2035497979,505651.34399289545,21.80630224487809,4.559382584696987,19.651679460938592,prior,north,-4.559382584696976,0.7074235807860262,0.5182481751824818,False,2.7480600257269274,True,360980.1374096745,505651.3104956611,,0.0741389278684943,0.7405476607791961,
2143531059567041,2024,panoroma_two_pass,360980.2035497979,505651.34399289545,21.80630224487809,4.559382584696987,19.651679460938592,prior,north,-4.559382584696976,0.7074235807860262,0.5182481751824818,False,2.7480600257269274,True,360980.1374096745,505651.3104956611,,0.0741389278684943,0.7405476607791961,
1885191899114432,2025,panoroma_coarse,361009.02305004245,505639.24162336625,22.564392727789823,-6.3497481432418965,9.55927022792837,prior,north,6.3497481432418965,0.5564142194744977,0.3890577507598784,False,3.623563421748311,True,360986.36392040504,505647.7865924211,,24.21678451144248,0.7340980618546395,
1885191899114432,2025,panoroma_fine,361009.02305004245,505639.24162336625,22.564392727789823,-6.3497481432418965,9.55927022792837,prior,north,6.3497481432418965,0.5564142194744977,0.3890577507598784,False,3.623563421748311,True,360989.97873993,505647.535014057,,20.771761523947895,0.3515994807577257,
1885191899114432,2025,panoroma_two_pass,361009.02305004245,505639.24162336625,22.564392727789823,-6.3497481432418965,9.55927022792837,prior,north,6.3497481432418965,0.5564142194744977,0.3890577507598784,False,3.623563421748311,True,360989.97873993,505647.535014057,,20.771761523947895,0.3515994807577257,
1885191899114432,2024,panoroma_coarse,361009.02305004245,505639.24162336625,22.564392727789823,-6.3497481432418965,9.55927022792837,prior,north,6.3497481432418965,0.5514809590973202,0.463743676222597,False,1.632789550448445,True,360984.92043507536,505649.170602861,,26.067617498702738,6.1558977546000415,
1885191899114432,2024,panoroma_fine,361009.02305004245,505639.24162336625,22.564392727789823,-6.3497481432418965,9.55927022792837,prior,north,6.3497481432418965,0.5514809590973202,0.463743676222597,False,1.632789550448445,True,360983.3805611586,505649.713548564,,27.698347486926234,0.27342120451210755,
1885191899114432,2024,panoroma_two_pass,361009.02305004245,505639.24162336625,22.564392727789823,-6.3497481432418965,9.55927022792837,prior,north,6.3497481432418965,0.5514809590973202,0.463743676222597,False,1.632789550448445,True,360983.3805611586,505649.713548564,,27.698347486926234,0.27342120451210755,
1566349148627059,2025,panoroma_coarse,361039.9677668257,505626.0771525111,22.528355738064644,5.329842515423419,18.30538421682893,prior,north,-5.329842515423422,0.68188302425107,0.5229357798165137,False,3.358822615541515,True,361035.8935925911,505625.98556139716,,4.075203629993606,5.906403511082533,
1566349148627059,2025,panoroma_fine,361039.9677668257,505626.0771525111,22.528355738064644,5.329842515423419,18.30538421682893,prior,north,-5.329842515423422,0.68188302425107,0.5229357798165137,False,3.358822615541515,True,361039.2524084525,505625.99229725165,,0.7203735261259773,2.4167017965529594,
1566349148627059,2025,panoroma_two_pass,361039.9677668257,505626.0771525111,22.528355738064644,5.329842515423419,18.30538421682893,prior,north,-5.329842515423422,0.68188302425107,0.5229357798165137,False,3.358822615541515,True,361039.2524084525,505625.99229725165,,0.7203735261259773,2.4167017965529594,
1566349148627059,2024,panoroma_coarse,361039.9677668257,505626.0771525111,22.528355738064644,5.329842515423419,18.30538421682893,prior,north,-5.329842515423422,0.6775956284153005,0.4697452229299363,False,2.2211734269699375,True,361035.81231548276,505626.02532159764,,4.155774573655582,8.423321795317609,
1566349148627059,2024,panoroma_fine,361039.9677668257,505626.0771525111,22.528355738064644,5.329842515423419,18.30538421682893,prior,north,-5.329842515423422,0.6775956284153005,0.4697452229299363,False,2.2211734269699375,True,361037.99889357487,505626.4158182555,,1.9977878676768601,2.6152634173698015,
1566349148627059,2024,panoroma_two_pass,361039.9677668257,505626.0771525111,22.528355738064644,5.329842515423419,18.30538421682893,prior,north,-5.329842515423422,0.6775956284153005,0.4697452229299363,False,2.2211734269699375,True,361037.99889357487,505626.4158182555,,1.9977878676768601,2.6152634173698015,
2343542236381893,2025,panoroma_coarse,361071.1612371945,505613.02524712496,21.688621760325894,7.538995750061545,14.656620704728047,prior,north,-7.538995750061531,0.6231155778894473,0.39889705882352944,False,4.92077703837466,True,361066.9934273322,505611.14492319914,,4.572336067506316,8.628853711475468,
2343542236381893,2025,panoroma_fine,361071.1612371945,505613.02524712496,21.688621760325894,7.538995750061545,14.656620704728047,prior,north,-7.538995750061531,0.6231155778894473,0.39889705882352944,False,4.92077703837466,True,361071.7719494247,505612.31956070603,,0.9332538507679107,12.488734597721253,
2343542236381893,2025,panoroma_two_pass,361071.1612371945,505613.02524712496,21.688621760325894,7.538995750061545,14.656620704728047,prior,north,-7.538995750061531,0.6231155778894473,0.39889705882352944,False,4.92077703837466,True,361071.7719494247,505612.31956070603,,0.9332538507679107,12.488734597721253,
2343542236381893,2024,panoroma_coarse,361071.1612371945,505613.02524712496,21.688621760325894,7.538995750061545,14.656620704728047,prior,north,-7.538995750061531,0.43191800878477304,0.49040139616055844,False,2.949491570757804,True,361082.7017953729,505608.3942069469,,12.4350720222902,1.6169711471632051,
2343542236381893,2024,panoroma_fine,361071.1612371945,505613.02524712496,21.688621760325894,7.538995750061545,14.656620704728047,prior,north,-7.538995750061531,0.43191800878477304,0.49040139616055844,False,2.949491570757804,True,361080.2808061493,505610.0789359177,,9.583699058892815,6.960388677420191,
2343542236381893,2024,panoroma_two_pass,361071.1612371945,505613.02524712496,21.688621760325894,7.538995750061545,14.656620704728047,prior,north,-7.538995750061531,0.43191800878477304,0.49040139616055844,False,2.949491570757804,True,361080.2808061493,505610.0789359177,,9.583699058892815,6.960388677420191,
1843956966766764,2025,panoroma_coarse,361101.9827967382,505599.7779691089,22.536645763096583,6.441785557255869,19.16455212691325,prior,north,-6.441785557255855,0.6637168141592921,0.43478260869565216,False,4.004845549115023,True,361107.5220233775,505596.00821981864,,6.700301595632158,1.2186801597088281,
1843956966766764,2025,panoroma_fine,361101.9827967382,505599.7779691089,22.536645763096583,6.441785557255869,19.16455212691325,prior,north,-6.441785557255855,0.6637168141592921,0.43478260869565216,False,4.004845549115023,True,361104.12968011864,505598.13678625785,,2.702330364650539,5.259309033453297,
1843956966766764,2025,panoroma_two_pass,361101.9827967382,505599.7779691089,22.536645763096583,6.441785557255869,19.16455212691325,prior,north,-6.441785557255855,0.6637168141592921,0.43478260869565216,False,4.004845549115023,True,361104.12968011864,505598.13678625785,,2.702330364650539,5.259309033453297,
1843956966766764,2024,panoroma_coarse,361101.9827967382,505599.7779691089,22.536645763096583,6.441785557255869,19.16455212691325,prior,north,-6.441785557255855,0.6629711751662971,0.4743362831858407,False,3.0169451223780044,True,361107.67365883663,505597.09027726186,,6.293615724512953,2.729076506457399,
1843956966766764,2024,panoroma_fine,361101.9827967382,505599.7779691089,22.536645763096583,6.441785557255869,19.16455212691325,prior,north,-6.441785557255855,0.6629711751662971,0.4743362831858407,False,3.0169451223780044,True,361104.7984348181,505598.00408507243,,3.3278344868308904,7.7659464112988745,
1843956966766764,2024,panoroma_two_pass,361101.9827967382,505599.7779691089,22.536645763096583,6.441785557255869,19.16455212691325,prior,north,-6.441785557255855,0.6629711751662971,0.4743362831858407,False,3.0169451223780044,True,361104.7984348181,505598.00408507243,,3.3278344868308904,7.7659464112988745,
1378668397810037,2025,panoroma_coarse,361133.45828977134,505587.590027526,18.889311079430556,9.19654775307659,18.29082996174737,prior,north,-9.1965477530766,0.7069943289224953,0.444633730834753,False,1.0577837691639542,True,361134.33910386433,505587.7856100625,,0.9022671416922203,5.147372119087957,
1378668397810037,2025,panoroma_fine,361133.45828977134,505587.590027526,18.889311079430556,9.19654775307659,18.29082996174737,prior,north,-9.1965477530766,0.7069943289224953,0.444633730834753,False,1.0577837691639542,True,361135.31456369616,505587.37648340873,,1.8685165169132498,3.672097658042385,
1378668397810037,2025,panoroma_two_pass,361133.45828977134,505587.590027526,18.889311079430556,9.19654775307659,18.29082996174737,prior,north,-9.1965477530766,0.7069943289224953,0.444633730834753,False,1.0577837691639542,True,361135.31456369616,505587.37648340873,,1.8685165169132498,3.672097658042385,
1378668397810037,2024,panoroma_coarse,361133.45828977134,505587.590027526,18.889311079430556,9.19654775307659,18.29082996174737,prior,north,-9.1965477530766,0.6901669758812616,0.4263157894736842,False,0.690565576416129,True,361134.31707298633,505587.3741257933,,0.8855067298177727,1.545597817668244,
1378668397810037,2024,panoroma_fine,361133.45828977134,505587.590027526,18.889311079430556,9.19654775307659,18.29082996174737,prior,north,-9.1965477530766,0.6901669758812616,0.4263157894736842,False,0.690565576416129,True,361134.91052017215,505587.0209951475,,1.5597342673743095,1.6776005211400151,
1378668397810037,2024,panoroma_two_pass,361133.45828977134,505587.590027526,18.889311079430556,9.19654775307659,18.29082996174737,prior,north,-9.1965477530766,0.6901669758812616,0.4263157894736842,False,0.690565576416129,True,361134.91052017215,505587.0209951475,,1.5597342673743095,1.6776005211400151,
1640881657746457,2025,panoroma_coarse,361164.7459236542,505574.790562897,22.57263785958171,-3.138304440327204,10.271705287279374,prior,north,3.138304440327204,0.5384615384615384,0.49359886201991465,False,3.261959686952632,True,361172.8176043899,505573.97152669576,,8.113128262181503,1.626380788177924,
1640881657746457,2025,panoroma_fine,361164.7459236542,505574.790562897,22.57263785958171,-3.138304440327204,10.271705287279374,prior,north,3.138304440327204,0.5384615384615384,0.49359886201991465,False,3.261959686952632,True,361169.8767769183,505572.56017458456,,5.594665963416237,1.608638970350044,
1640881657746457,2025,panoroma_two_pass,361164.7459236542,505574.790562897,22.57263785958171,-3.138304440327204,10.271705287279374,prior,north,3.138304440327204,0.5384615384615384,0.49359886201991465,False,3.261959686952632,True,361169.8767769183,505572.56017458456,,5.594665963416237,1.608638970350044,
1640881657746457,2024,panoroma_coarse,361164.7459236542,505574.790562897,22.57263785958171,-3.138304440327204,10.271705287279374,prior,north,3.138304440327204,0.5616139585605234,0.38741258741258744,False,2.57968159227992,True,361170.85776010016,505573.59379438264,,6.227904914125049,0.3234970319743107,
1640881657746457,2024,panoroma_fine,361164.7459236542,505574.790562897,22.57263785958171,-3.138304440327204,10.271705287279374,prior,north,3.138304440327204,0.5616139585605234,0.38741258741258744,False,2.57968159227992,True,361173.0326948934,505572.2065612506,,8.68030195788683,5.871371237216778,
1640881657746457,2024,panoroma_two_pass,361164.7459236542,505574.790562897,22.57263785958171,-3.138304440327204,10.271705287279374,prior,north,3.138304440327204,0.5616139585605234,0.38741258741258744,False,2.57968159227992,True,361173.0326948934,505572.2065612506,,8.68030195788683,5.871371237216778,
1329442135766852,2025,panoroma_coarse,361195.54057250504,505562.247072299,20.64097160126914,0.7450062186188795,20.772686603243322,prior,north,-0.7450062186188688,0.5699177438307873,0.4512820512820513,False,3.2298320715854096,True,361188.67934501485,505565.1708337308,,7.458205117984523,1.0124748141941617,
1329442135766852,2025,panoroma_fine,361195.54057250504,505562.247072299,20.64097160126914,0.7450062186188795,20.772686603243322,prior,north,-0.7450062186188688,0.5699177438307873,0.4512820512820513,False,3.2298320715854096,True,361191.9073839083,505565.06322279654,,4.596820967179394,2.4302136595236905,
1329442135766852,2025,panoroma_two_pass,361195.54057250504,505562.247072299,20.64097160126914,0.7450062186188795,20.772686603243322,prior,north,-0.7450062186188688,0.5699177438307873,0.4512820512820513,False,3.2298320715854096,True,361191.9073839083,505565.06322279654,,4.596820967179394,2.4302136595236905,
1329442135766852,2024,panoroma_coarse,361195.54057250504,505562.247072299,20.64097160126914,0.7450062186188795,20.772686603243322,prior,north,-0.7450062186188688,0.6810584958217271,0.5163934426229508,False,3.6351411990230287,True,361189.65799202165,505565.5927593299,,6.767449656415409,3.4348703681273833,
1329442135766852,2024,panoroma_fine,361195.54057250504,505562.247072299,20.64097160126914,0.7450062186188795,20.772686603243322,prior,north,-0.7450062186188688,0.6810584958217271,0.5163934426229508,False,3.6351411990230287,True,361186.5577013628,505567.49077128124,,10.401363034425168,3.1115976432154957,
1329442135766852,2024,panoroma_two_pass,361195.54057250504,505562.247072299,20.64097160126914,0.7450062186188795,20.772686603243322,prior,north,-0.7450062186188688,0.6810584958217271,0.5163934426229508,False,3.6351411990230287,True,361186.5577013628,505567.49077128124,,10.401363034425168,3.1115976432154957,
1877539553208523,2025,panoroma_coarse,361226.3647825685,505550.4629049683,19.144616178197545,-7.744703053850381,16.0628047968742,prior,north,7.7447030538503725,0.6366279069767442,0.44368600682593856,False,3.3772460259691894,True,361232.56769786705,505547.2550344444,,6.983308062767112,0.9327815589537047,
1877539553208523,2025,panoroma_fine,361226.3647825685,505550.4629049683,19.144616178197545,-7.744703053850381,16.0628047968742,prior,north,7.7447030538503725,0.6366279069767442,0.44368600682593856,False,3.3772460259691894,True,361235.9418798113,505547.1112049373,,10.146658794711229,5.597579759544119,
1877539553208523,2025,panoroma_two_pass,361226.3647825685,505550.4629049683,19.144616178197545,-7.744703053850381,16.0628047968742,prior,north,7.7447030538503725,0.6366279069767442,0.44368600682593856,False,3.3772460259691894,True,361235.9418798113,505547.1112049373,,10.146658794711229,5.597579759544119,
1877539553208523,2024,panoroma_coarse,361226.3647825685,505550.4629049683,19.144616178197545,-7.744703053850381,16.0628047968742,prior,north,7.7447030538503725,0.5909732016925247,0.3730834752981261,False,3.729656658750117,True,361230.362082433,505548.5898983837,,4.414358376135168,12.358065297473415,
1877539553208523,2024,panoroma_fine,361226.3647825685,505550.4629049683,19.144616178197545,-7.744703053850381,16.0628047968742,prior,north,7.7447030538503725,0.5909732016925247,0.3730834752981261,False,3.729656658750117,True,361233.9989612022,505547.76318706153,,8.09747863152697,9.480857333091171,
1877539553208523,2024,panoroma_two_pass,361226.3647825685,505550.4629049683,19.144616178197545,-7.744703053850381,16.0628047968742,prior,north,7.7447030538503725,0.5909732016925247,0.3730834752981261,False,3.729656658750117,True,361233.9989612022,505547.76318706153,,8.09747863152697,9.480857333091171,
971140639343305,2025,panoroma_coarse,361257.99184614775,505539.6962324716,20.161977218906035,0.1511464765484405,13.103445655290946,prior,north,-0.15114647654843338,0.5111492281303602,0.36070381231671556,False,3.2804774831702046,True,361258.4550475192,505536.0509754006,,3.6745686310424173,14.429775434691873,
971140639343305,2025,panoroma_fine,361257.99184614775,505539.6962324716,20.161977218906035,0.1511464765484405,13.103445655290946,prior,north,-0.15114647654843338,0.5111492281303602,0.36070381231671556,False,3.2804774831702046,True,361255.54277614487,505537.5610111485,,3.2491712755268587,5.091723554440025,
971140639343305,2025,panoroma_two_pass,361257.99184614775,505539.6962324716,20.161977218906035,0.1511464765484405,13.103445655290946,prior,north,-0.15114647654843338,0.5111492281303602,0.36070381231671556,False,3.2804774831702046,True,361255.54277614487,505537.5610111485,,3.2491712755268587,5.091723554440025,
971140639343305,2024,panoroma_coarse,361257.99184614775,505539.6962324716,20.161977218906035,0.1511464765484405,13.103445655290946,prior,north,-0.15114647654843338,0.33175355450236965,0.4823529411764706,False,1.0782928059440915,True,361250.9128216103,505539.0155519662,,7.111674511146734,11.692632292710758,
971140639343305,2024,panoroma_fine,361257.99184614775,505539.6962324716,20.161977218906035,0.1511464765484405,13.103445655290946,prior,north,-0.15114647654843338,0.33175355450236965,0.4823529411764706,False,1.0782928059440915,True,361251.95031598903,505538.7217479679,,6.119616548995731,1.6655774988335041,
971140639343305,2024,panoroma_two_pass,361257.99184614775,505539.6962324716,20.161977218906035,0.1511464765484405,13.103445655290946,prior,north,-0.15114647654843338,0.33175355450236965,0.4823529411764706,False,1.0782928059440915,True,361251.95031598903,505538.7217479679,,6.119616548995731,1.6655774988335041,
1426839858986128,2025,panoroma_coarse,361288.8926168677,505527.25597672444,27.06509414953422,-9.004017419140517,22.006004154289617,prior,north,9.004017419140524,0.5944444444444444,0.3069620253164557,False,2.5702795459370926,True,361292.7926594513,505517.67666610767,,10.342800590087661,3.6591809662737997,
1426839858986128,2025,panoroma_fine,361288.8926168677,505527.25597672444,27.06509414953422,-9.004017419140517,22.006004154289617,prior,north,9.004017419140524,0.5944444444444444,0.3069620253164557,False,2.5702795459370926,True,361295.2896394147,505517.0672171706,,12.030491208264833,1.6915548387031694,
1426839858986128,2025,panoroma_two_pass,361288.8926168677,505527.25597672444,27.06509414953422,-9.004017419140517,22.006004154289617,prior,north,9.004017419140524,0.5944444444444444,0.3069620253164557,False,2.5702795459370926,True,361295.2896394147,505517.0672171706,,12.030491208264833,1.6915548387031694,
1426839858986128,2024,panoroma_coarse,361288.8926168677,505527.25597672444,27.06509414953422,-9.004017419140517,22.006004154289617,prior,north,9.004017419140524,0.7339449541284404,0.4050073637702504,False,2.0110694346008353,True,361294.43596325413,505516.2988901223,,12.279512855393437,3.9645602481156033,
1426839858986128,2024,panoroma_fine,361288.8926168677,505527.25597672444,27.06509414953422,-9.004017419140517,22.006004154289617,prior,north,9.004017419140524,0.7339449541284404,0.4050073637702504,False,2.0110694346008353,True,361294.98292301607,505518.23415116145,,10.885089134660143,10.706778639476044,
1426839858986128,2024,panoroma_two_pass,361288.8926168677,505527.25597672444,27.06509414953422,-9.004017419140517,22.006004154289617,prior,north,9.004017419140524,0.7339449541284404,0.4050073637702504,False,2.0110694346008353,True,361294.98292301607,505518.23415116145,,10.885089134660143,10.706778639476044,
1419645030041727,2025,panoroma_coarse,361318.3638489618,505515.4230037108,14.89806713836782,-0.4548197651768717,14.476907131508781,prior,north,0.4548197651768646,0.5976597659765976,0.4533508541392904,False,2.8817984232169866,True,361300.90571200976,505516.75084231596,,17.50856079741278,9.95735478685036,
1419645030041727,2025,panoroma_fine,361318.3638489618,505515.4230037108,14.89806713836782,-0.4548197651768717,14.476907131508781,prior,north,0.4548197651768646,0.5976597659765976,0.4533508541392904,False,2.8817984232169866,True,361298.3104727579,505518.0036373422,,20.218742965706564,3.376155976110355,
1419645030041727,2025,panoroma_two_pass,361318.3638489618,505515.4230037108,14.89806713836782,-0.4548197651768717,14.476907131508781,prior,north,0.4548197651768646,0.5976597659765976,0.4533508541392904,False,2.8817984232169866,True,361298.3104727579,505518.0036373422,,20.218742965706564,3.376155976110355,
1419645030041727,2024,panoroma_coarse,361318.3638489618,505515.4230037108,14.89806713836782,-0.4548197651768717,14.476907131508781,prior,north,0.4548197651768646,0.6796440489432704,0.4863013698630137,False,3.9565067090687216,True,361302.98860651307,505515.13752361876,,15.377892548699617,6.1493977639316855,
1419645030041727,2024,panoroma_fine,361318.3638489618,505515.4230037108,14.89806713836782,-0.4548197651768717,14.476907131508781,prior,north,0.4548197651768646,0.6796440489432704,0.4863013698630137,False,3.9565067090687216,True,361299.90640534944,505517.6182455551,,18.58753107482195,5.481863298621697,
1419645030041727,2024,panoroma_two_pass,361318.3638489618,505515.4230037108,14.89806713836782,-0.4548197651768717,14.476907131508781,prior,north,0.4548197651768646,0.6796440489432704,0.4863013698630137,False,3.9565067090687216,True,361299.90640534944,505517.6182455551,,18.58753107482195,5.481863298621697,
4510807879135648,2025,panoroma_coarse,361351.93503453897,505507.6781751616,10.412533002251346,-6.189305251400814,17.753895335435598,prior,north,6.1893052514008104,0.3218503937007874,0.4355044699872286,False,3.321991718122648,True,361339.7471061448,505499.78674700327,,14.519650027453936,11.580705558401544,
4510807879135648,2025,panoroma_fine,361351.93503453897,505507.6781751616,10.412533002251346,-6.189305251400814,17.753895335435598,prior,north,6.1893052514008104,0.3218503937007874,0.4355044699872286,False,3.321991718122648,True,361337.330018549,505502.0656319344,,15.64631373661924,10.218191514392938,
4510807879135648,2025,panoroma_two_pass,361351.93503453897,505507.6781751616,10.412533002251346,-6.189305251400814,17.753895335435598,prior,north,6.1893052514008104,0.3218503937007874,0.4355044699872286,False,3.321991718122648,True,361337.330018549,505502.0656319344,,15.64631373661924,10.218191514392938,
4510807879135648,2024,panoroma_coarse,361351.93503453897,505507.6781751616,10.412533002251346,-6.189305251400814,17.753895335435598,prior,north,6.1893052514008104,0.7166172106824926,0.5368271954674221,False,1.2584495969136886,True,361353.0935645783,505498.3175622414,,9.432034037983701,1.1618961288243166,
4510807879135648,2024,panoroma_fine,361351.93503453897,505507.6781751616,10.412533002251346,-6.189305251400814,17.753895335435598,prior,north,6.1893052514008104,0.7166172106824926,0.5368271954674221,False,1.2584495969136886,True,361353.2459652184,505499.56674975046,,8.21667581486723,0.47551089158095294,
4510807879135648,2024,panoroma_two_pass,361351.93503453897,505507.6781751616,10.412533002251346,-6.189305251400814,17.753895335435598,prior,north,6.1893052514008104,0.7166172106824926,0.5368271954674221,False,1.2584495969136886,True,361353.2459652184,505499.56674975046,,8.21667581486723,0.47551089158095294,
929538789876463,2025,panoroma_coarse,361382.61629521067,505499.73874528706,54.501828891654704,9.315541297746691,17.1982891736279,prior,north,-9.315541297746677,0.636963696369637,0.4411764705882353,False,1.0715978799247392,True,361383.0189247745,505489.5509533102,,10.195744991373864,9.155813888129513,
929538789876463,2025,panoroma_fine,361382.61629521067,505499.73874528706,54.501828891654704,9.315541297746691,17.1982891736279,prior,north,-9.315541297746677,0.636963696369637,0.4411764705882353,False,1.0715978799247392,True,361383.98169988795,505490.0214701506,,9.81273488942092,7.348017068824656,
929538789876463,2025,panoroma_two_pass,361382.61629521067,505499.73874528706,54.501828891654704,9.315541297746691,17.1982891736279,prior,north,-9.315541297746677,0.636963696369637,0.4411764705882353,False,1.0715978799247392,True,361383.98169988795,505490.0214701506,,9.81273488942092,7.348017068824656,
929538789876463,2024,panoroma_coarse,361382.61629521067,505499.73874528706,54.501828891654704,9.315541297746691,17.1982891736279,prior,north,-9.315541297746677,0.6319018404907976,0.42738589211618255,False,0.996415326079029,True,361383.6016013292,505489.95521055046,,9.833024971473892,1.397962569993995,
929538789876463,2024,panoroma_fine,361382.61629521067,505499.73874528706,54.501828891654704,9.315541297746691,17.1982891736279,prior,north,-9.315541297746677,0.6319018404907976,0.42738589211618255,False,0.996415326079029,True,361384.0601540548,505490.8398420556,,9.015276317732416,6.889455945893208,
929538789876463,2024,panoroma_two_pass,361382.61629521067,505499.73874528706,54.501828891654704,9.315541297746691,17.1982891736279,prior,north,-9.315541297746677,0.6319018404907976,0.42738589211618255,False,0.996415326079029,True,361384.0601540548,505490.8398420556,,9.015276317732416,6.889455945893208,
1736493034133252,2025,panoroma_coarse,361376.68114395306,505464.6876076674,100.01794967969442,-4.190006797842443,29.5209337350393,prior,north,4.190006797842443,0.4733009708737864,0.42408376963350786,False,5.143051997321848,True,361371.3498150336,505456.2752617807,,9.959449350479192,11.966307868558795,
1736493034133252,2025,panoroma_fine,361376.68114395306,505464.6876076674,100.01794967969442,-4.190006797842443,29.5209337350393,prior,north,4.190006797842443,0.4733009708737864,0.42408376963350786,False,5.143051997321848,True,361375.32799032074,505459.5348791252,,5.327441804698596,0.36831923640749653,
1736493034133252,2025,panoroma_two_pass,361376.68114395306,505464.6876076674,100.01794967969442,-4.190006797842443,29.5209337350393,prior,north,4.190006797842443,0.4733009708737864,0.42408376963350786,False,5.143051997321848,True,361375.32799032074,505459.5348791252,,5.327441804698596,0.36831923640749653,
1736493034133252,2024,panoroma_coarse,361376.68114395306,505464.6876076674,100.01794967969442,-4.190006797842443,29.5209337350393,prior,north,4.190006797842443,0.4478178368121442,0.4037433155080214,False,4.113349385510875,True,361372.2682848733,505457.8027243757,,8.17771014396405,4.369276537794719,
1736493034133252,2024,panoroma_fine,361376.68114395306,505464.6876076674,100.01794967969442,-4.190006797842443,29.5209337350393,prior,north,4.190006797842443,0.4478178368121442,0.4037433155080214,False,4.113349385510875,True,361375.8469004063,505459.8308156049,,4.927919584762318,1.3717199333963843,
1736493034133252,2024,panoroma_two_pass,361376.68114395306,505464.6876076674,100.01794967969442,-4.190006797842443,29.5209337350393,prior,north,4.190006797842443,0.4478178368121442,0.4037433155080214,False,4.113349385510875,True,361375.8469004063,505459.8308156049,,4.927919584762318,1.3717199333963843,
2001244650439529,2025,panoroma_coarse,361378.1259606169,505432.5480952319,60.5864528032553,2.812619304964123,6.0623610344927865,prior,north,-2.81261930496413,0.5608465608465608,0.37383177570093457,False,2.654538550696983,True,361375.46308258007,505427.5843235419,,5.632934300106703,8.371314951276341,
2001244650439529,2025,panoroma_fine,361378.1259606169,505432.5480952319,60.5864528032553,2.812619304964123,6.0623610344927865,prior,north,-2.81261930496413,0.5608465608465608,0.37383177570093457,False,2.654538550696983,True,361377.9908619975,505428.3948210028,,4.1554709070065,0.8505615857033709,
2001244650439529,2025,panoroma_two_pass,361378.1259606169,505432.5480952319,60.5864528032553,2.812619304964123,6.0623610344927865,prior,north,-2.81261930496413,0.5608465608465608,0.37383177570093457,False,2.654538550696983,True,361377.9908619975,505428.3948210028,,4.1554709070065,0.8505615857033709,
2001244650439529,2024,panoroma_coarse,361378.1259606169,505432.5480952319,60.5864528032553,2.812619304964123,6.0623610344927865,prior,north,-2.81261930496413,0.5863970588235294,0.41397849462365593,False,1.2685496233449984,True,361376.85550357035,505425.3415176349,,7.3177060454825344,9.312955498141005,
2001244650439529,2024,panoroma_fine,361378.1259606169,505432.5480952319,60.5864528032553,2.812619304964123,6.0623610344927865,prior,north,-2.81261930496413,0.5863970588235294,0.41397849462365593,False,1.2685496233449984,True,361376.76618401887,505426.60691882216,,6.094798563364062,2.6231694609708445,
2001244650439529,2024,panoroma_two_pass,361378.1259606169,505432.5480952319,60.5864528032553,2.812619304964123,6.0623610344927865,prior,north,-2.81261930496413,0.5863970588235294,0.41397849462365593,False,1.2685496233449984,True,361376.76618401887,505426.60691882216,,6.094798563364062,2.6231694609708445,
2042982259659935,2025,panoroma_coarse,361402.5514528438,505412.2859219806,34.54901273914318,4.786739326289158,13.914701780048755,prior,north,-4.786739326289165,0.6354961832061069,0.4004424778761062,False,2.9267512338245973,True,361404.13803066907,505407.0780307562,,5.4442042761947995,3.0575416400783193,
2042982259659935,2025,panoroma_fine,361402.5514528438,505412.2859219806,34.54901273914318,4.786739326289158,13.914701780048755,prior,north,-4.786739326289165,0.6354961832061069,0.4004424778761062,False,2.9267512338245973,True,361401.70435576834,505408.7037918895,,3.6809277967936476,5.792950217509795,
2042982259659935,2025,panoroma_two_pass,361402.5514528438,505412.2859219806,34.54901273914318,4.786739326289158,13.914701780048755,prior,north,-4.786739326289165,0.6354961832061069,0.4004424778761062,False,2.9267512338245973,True,361401.70435576834,505408.7037918895,,3.6809277967936476,5.792950217509795,
2042982259659935,2024,panoroma_coarse,361402.5514528438,505412.2859219806,34.54901273914318,4.786739326289158,13.914701780048755,prior,north,-4.786739326289165,0.6790606653620352,0.3952483801295896,False,2.30623864462457,True,361402.54532708833,505408.19360930566,,4.092317259768093,4.4533601629044295,
2042982259659935,2024,panoroma_fine,361402.5514528438,505412.2859219806,34.54901273914318,4.786739326289158,13.914701780048755,prior,north,-4.786739326289165,0.6790606653620352,0.3952483801295896,False,2.30623864462457,True,361400.36615676474,505408.94856187806,,3.989171769612397,3.5424819618816894,
2042982259659935,2024,panoroma_two_pass,361402.5514528438,505412.2859219806,34.54901273914318,4.786739326289158,13.914701780048755,prior,north,-4.786739326289165,0.6790606653620352,0.3952483801295896,False,2.30623864462457,True,361400.36615676474,505408.94856187806,,3.989171769612397,3.5424819618816894,
1414668144105202,2025,panoroma_coarse,361429.77660105436,505392.94916052837,36.35041238830319,1.7316749937805653,17.5722933967522,prior,north,-1.7316749937805582,0.6170678336980306,0.4295612009237875,False,3.0430057795711085,True,361424.7334644881,505388.9828969614,,6.415954575001209,1.464946205568893,
1414668144105202,2025,panoroma_fine,361429.77660105436,505392.94916052837,36.35041238830319,1.7316749937805653,17.5722933967522,prior,north,-1.7316749937805582,0.6170678336980306,0.4295612009237875,False,3.0430057795711085,True,361424.9099761577,505392.02077908634,,4.95438492515285,6.726216364496185,
1414668144105202,2025,panoroma_two_pass,361429.77660105436,505392.94916052837,36.35041238830319,1.7316749937805653,17.5722933967522,prior,north,-1.7316749937805582,0.6170678336980306,0.4295612009237875,False,3.0430057795711085,True,361424.9099761577,505392.02077908634,,4.95438492515285,6.726216364496185,
1414668144105202,2024,panoroma_coarse,361429.77660105436,505392.94916052837,36.35041238830319,1.7316749937805653,17.5722933967522,prior,north,-1.7316749937805582,0.5570866141732284,0.48654708520179374,False,1.814003335745968,True,361426.33337803296,505389.16443272046,,5.116634573144396,0.7888975358894361,
1414668144105202,2024,panoroma_fine,361429.77660105436,505392.94916052837,36.35041238830319,1.7316749937805653,17.5722933967522,prior,north,-1.7316749937805582,0.5570866141732284,0.48654708520179374,False,1.814003335745968,True,361425.3953814656,505390.71709834505,,4.917030269888891,3.299191687894901,
1414668144105202,2024,panoroma_two_pass,361429.77660105436,505392.94916052837,36.35041238830319,1.7316749937805653,17.5722933967522,prior,north,-1.7316749937805582,0.5570866141732284,0.48654708520179374,False,1.814003335745968,True,361425.3953814656,505390.71709834505,,4.917030269888891,3.299191687894901,
1618985639622967,2025,panoroma_coarse,361660.73672209936,505384.5892911423,341.9133629584468,7.844000921557267,29.359748948213433,prior,north,-7.844000921557267,0.7531914893617021,0.4817391304347826,False,1.7643126608024426,True,361668.0621651379,505385.33794674656,,7.363599725997657,8.119122462532284,
1618985639622967,2025,panoroma_fine,361660.73672209936,505384.5892911423,341.9133629584468,7.844000921557267,29.359748948213433,prior,north,-7.844000921557267,0.7531914893617021,0.4817391304347826,False,1.7643126608024426,True,361667.0939799591,505386.81287610915,,6.734913332762011,6.412313122196192,
1618985639622967,2025,panoroma_two_pass,361660.73672209936,505384.5892911423,341.9133629584468,7.844000921557267,29.359748948213433,prior,north,-7.844000921557267,0.7531914893617021,0.4817391304347826,False,1.7643126608024426,True,361667.0939799591,505386.81287610915,,6.734913332762011,6.412313122196192,
1618985639622967,2024,panoroma_coarse,361660.73672209936,505384.5892911423,341.9133629584468,7.844000921557267,29.359748948213433,prior,north,-7.844000921557267,0.7578558225508318,0.5152979066022544,False,2.0470738936991553,True,361667.92995320883,505384.662370225,,7.193602320576133,10.169921433617434,
1618985639622967,2024,panoroma_fine,361660.73672209936,505384.5892911423,341.9133629584468,7.844000921557267,29.359748948213433,prior,north,-7.844000921557267,0.7578558225508318,0.5152979066022544,False,2.0470738936991553,True,361667.7680311745,505386.70303011365,,7.342152255914171,3.649418536982427,
1618985639622967,2024,panoroma_two_pass,361660.73672209936,505384.5892911423,341.9133629584468,7.844000921557267,29.359748948213433,prior,north,-7.844000921557267,0.7578558225508318,0.5152979066022544,False,2.0470738936991553,True,361667.7680311745,505386.70303011365,,7.342152255914171,3.649418536982427,
1474764354670842,2025,panoroma_coarse,361440.31565603625,505384.64882748015,38.95936464265365,1.73382380245949,27.48373705659677,prior,north,-1.733823802459483,0.5737179487179487,0.5372093023255814,False,3.15105411713919,True,361454.75707985234,505368.8111644054,,21.43329870799146,2.3476477791387653,
1474764354670842,2025,panoroma_fine,361440.31565603625,505384.64882748015,38.95936464265365,1.73382380245949,27.48373705659677,prior,north,-1.733823802459483,0.5737179487179487,0.5372093023255814,False,3.15105411713919,True,361456.967452266,505366.56541378656,,24.582354819892565,1.4389625187661823,
1474764354670842,2025,panoroma_two_pass,361440.31565603625,505384.64882748015,38.95936464265365,1.73382380245949,27.48373705659677,prior,north,-1.733823802459483,0.5737179487179487,0.5372093023255814,False,3.15105411713919,True,361456.967452266,505366.56541378656,,24.582354819892565,1.4389625187661823,
1474764354670842,2024,panoroma_coarse,361440.31565603625,505384.64882748015,38.95936464265365,1.73382380245949,27.48373705659677,prior,north,-1.733823802459483,0.6620278330019881,0.4930139720558882,False,2.2070735325278306,True,361450.9345882165,505370.06260049064,,18.04216556951621,3.475106802559871,
1474764354670842,2024,panoroma_fine,361440.31565603625,505384.64882748015,38.95936464265365,1.73382380245949,27.48373705659677,prior,north,-1.733823802459483,0.6620278330019881,0.4930139720558882,False,2.2070735325278306,True,361452.8277854862,505368.9281501057,,20.092114883291732,10.244052844595142,
1474764354670842,2024,panoroma_two_pass,361440.31565603625,505384.64882748015,38.95936464265365,1.73382380245949,27.48373705659677,prior,north,-1.733823802459483,0.6620278330019881,0.4930139720558882,False,2.2070735325278306,True,361452.8277854862,505368.9281501057,,20.092114883291732,10.244052844595142,
1068392369135122,2025,panoroma_coarse,361663.91543647763,505385.67106408905,341.2056764857247,2.6500842519182015,12.54106987823019,prior,north,-2.6500842519182015,0.5386996904024768,0.42787682333873583,False,4.569077168617802,True,361660.0690855425,505375.9033089279,,10.497783404335149,12.586899284945241,
1068392369135122,2025,panoroma_fine,361663.91543647763,505385.67106408905,341.2056764857247,2.6500842519182015,12.54106987823019,prior,north,-2.6500842519182015,0.5386996904024768,0.42787682333873583,False,4.569077168617802,True,361657.32590210176,505379.5572671629,,8.988908506886713,8.019143230471089,
1068392369135122,2025,panoroma_two_pass,361663.91543647763,505385.67106408905,341.2056764857247,2.6500842519182015,12.54106987823019,prior,north,-2.6500842519182015,0.5386996904024768,0.42787682333873583,False,4.569077168617802,True,361657.32590210176,505379.5572671629,,8.988908506886713,8.019143230471089,
1068392369135122,2024,panoroma_coarse,361663.91543647763,505385.67106408905,341.2056764857247,2.6500842519182015,12.54106987823019,prior,north,-2.6500842519182015,0.6612641815235009,0.4221879815100154,False,4.225483342683652,True,361657.538886474,505377.7315362375,,10.183147472874163,5.952091761107585,
1068392369135122,2024,panoroma_fine,361663.91543647763,505385.67106408905,341.2056764857247,2.6500842519182015,12.54106987823019,prior,north,-2.6500842519182015,0.6612641815235009,0.4221879815100154,False,4.225483342683652,True,361655.20773585193,505381.2558015875,,9.76312414878708,1.827458290600526,
1068392369135122,2024,panoroma_two_pass,361663.91543647763,505385.67106408905,341.2056764857247,2.6500842519182015,12.54106987823019,prior,north,-2.6500842519182015,0.6612641815235009,0.4221879815100154,False,4.225483342683652,True,361655.20773585193,505381.2558015875,,9.76312414878708,1.827458290600526,
1564945198650080,2025,panoroma_coarse,361437.8867985086,505386.64270352945,38.26679697796344,1.9030999254935423,20.927605013646513,prior,north,-1.9030999254935352,0.6350210970464135,0.4491869918699187,False,3.037102002113762,True,361432.666355021,505385.6787744668,,5.308689993283231,2.246291942815822,
1564945198650080,2025,panoroma_fine,361437.8867985086,505386.64270352945,38.26679697796344,1.9030999254935423,20.927605013646513,prior,north,-1.9030999254935352,0.6350210970464135,0.4491869918699187,False,3.037102002113762,True,361435.44607696676,505384.4552,,3.2775437961871536,2.2607550718963316,
1564945198650080,2025,panoroma_two_pass,361437.8867985086,505386.64270352945,38.26679697796344,1.9030999254935423,20.927605013646513,prior,north,-1.9030999254935352,0.6350210970464135,0.4491869918699187,False,3.037102002113762,True,361435.44607696676,505384.4552,,3.2775437961871536,2.2607550718963316,
1564945198650080,2024,panoroma_coarse,361437.8867985086,505386.64270352945,38.26679697796344,1.9030999254935423,20.927605013646513,prior,north,-1.9030999254935352,0.6742081447963801,0.47334754797441364,False,0.269449775038581,True,361433.58697070176,505385.69582910003,,4.402850253351031,3.403885666276803,
1564945198650080,2024,panoroma_fine,361437.8867985086,505386.64270352945,38.26679697796344,1.9030999254935423,20.927605013646513,prior,north,-1.9030999254935352,0.6742081447963801,0.47334754797441364,False,0.269449775038581,True,361433.83676031634,505385.7968653792,,4.137420879613445,2.008113816031298,
1564945198650080,2024,panoroma_two_pass,361437.8867985086,505386.64270352945,38.26679697796344,1.9030999254935423,20.927605013646513,prior,north,-1.9030999254935352,0.6742081447963801,0.47334754797441364,False,0.269449775038581,True,361433.83676031634,505385.7968653792,,4.137420879613445,2.008113816031298,
4615440378688443,2025,panoroma_coarse,361667.09693574253,505386.74030265305,341.80319371641906,-2.3483484034853177,12.340544478423272,prior,north,2.3483484034853177,0.587171052631579,0.4180064308681672,False,2.89495951219683,True,361679.7146155042,505397.0155549598,,16.272266361383583,3.6953746315146807,
4615440378688443,2025,panoroma_fine,361667.09693574253,505386.74030265305,341.80319371641906,-2.3483484034853177,12.340544478423272,prior,north,2.3483484034853177,0.587171052631579,0.4180064308681672,False,2.89495951219683,True,361678.64842643426,505399.70702880225,,17.365855125196255,4.133176617457274,
4615440378688443,2025,panoroma_two_pass,361667.09693574253,505386.74030265305,341.80319371641906,-2.3483484034853177,12.340544478423272,prior,north,2.3483484034853177,0.587171052631579,0.4180064308681672,False,2.89495951219683,True,361678.64842643426,505399.70702880225,,17.365855125196255,4.133176617457274,
4615440378688443,2024,panoroma_coarse,361667.09693574253,505386.74030265305,341.80319371641906,-2.3483484034853177,12.340544478423272,prior,north,2.3483484034853177,0.6636771300448431,0.41845764854614415,False,3.3200270299828407,True,361652.497643773,505381.34287470754,,15.565074829224901,0.45641736814495737,
4615440378688443,2024,panoroma_fine,361667.09693574253,505386.74030265305,341.80319371641906,-2.3483484034853177,12.340544478423272,prior,north,2.3483484034853177,0.6636771300448431,0.41845764854614415,False,3.3200270299828407,True,361655.6878337047,505382.26225910994,,12.256446601029799,1.367526460978863,
4615440378688443,2024,panoroma_two_pass,361667.09693574253,505386.74030265305,341.80319371641906,-2.3483484034853177,12.340544478423272,prior,north,2.3483484034853177,0.6636771300448431,0.41845764854614415,False,3.3200270299828407,True,361655.6878337047,505382.26225910994,,12.256446601029799,1.367526460978863,
2475590072940447,2025,panoroma_coarse,361435.191131282,505388.7912223553,37.60874143036869,6.561074116439073,21.861872817515597,prior,north,-6.561074116439073,0.6514806378132119,0.5242494226327945,False,4.579647413381109,True,361435.6095693149,505384.5085982769,,4.303017474365559,0.1405311312949047,
2475590072940447,2025,panoroma_fine,361435.191131282,505388.7912223553,37.60874143036869,6.561074116439073,21.861872817515597,prior,north,-6.561074116439073,0.6514806378132119,0.5242494226327945,False,4.579647413381109,True,361431.5386346655,505386.60637364874,,4.256089214812588,3.1268809127596664,
2475590072940447,2025,panoroma_two_pass,361435.191131282,505388.7912223553,37.60874143036869,6.561074116439073,21.861872817515597,prior,north,-6.561074116439073,0.6514806378132119,0.5242494226327945,False,4.579647413381109,True,361431.5386346655,505386.60637364874,,4.256089214812588,3.1268809127596664,
2475590072940447,2024,panoroma_coarse,361435.191131282,505388.7912223553,37.60874143036869,6.561074116439073,21.861872817515597,prior,north,-6.561074116439073,0.6793893129770993,0.5154394299287411,False,4.308879680897473,True,361435.0777704529,505384.4817529785,,4.310960100397434,2.615153674199106,
2475590072940447,2024,panoroma_fine,361435.191131282,505388.7912223553,37.60874143036869,6.561074116439073,21.861872817515597,prior,north,-6.561074116439073,0.6793893129770993,0.5154394299287411,False,4.308879680897473,True,361431.3302667705,505386.60840768844,,4.435194995291066,2.2684754309288877,
2475590072940447,2024,panoroma_two_pass,361435.191131282,505388.7912223553,37.60874143036869,6.561074116439073,21.861872817515597,prior,north,-6.561074116439073,0.6793893129770993,0.5154394299287411,False,4.308879680897473,True,361431.3302667705,505386.60840768844,,4.435194995291066,2.2684754309288877,
1396114019377954,2025,panoroma_coarse,361670.2548139775,505387.72986708675,342.5975018495259,4.9904432314068,12.802808954800723,prior,north,-4.9904432314068,0.5066006600660066,0.4697986577181208,False,4.262100277008074,True,361663.2231715098,505373.45786044956,,15.910190735676101,12.016599391797904,
1396114019377954,2025,panoroma_fine,361670.2548139775,505387.72986708675,342.5975018495259,4.9904432314068,12.802808954800723,prior,north,-4.9904432314068,0.5066006600660066,0.4697986577181208,False,4.262100277008074,True,361663.1152043471,505377.7185929996,,12.296326057891697,5.608985362723217,
1396114019377954,2025,panoroma_two_pass,361670.2548139775,505387.72986708675,342.5975018495259,4.9904432314068,12.802808954800723,prior,north,-4.9904432314068,0.5066006600660066,0.4697986577181208,False,4.262100277008074,True,361663.1152043471,505377.7185929996,,12.296326057891697,5.608985362723217,
1396114019377954,2024,panoroma_coarse,361670.2548139775,505387.72986708675,342.5975018495259,4.9904432314068,12.802808954800723,prior,north,-4.9904432314068,0.5555555555555556,0.4848,False,5.069958455342564,True,361659.8573295461,505377.6021605534,,14.514755324387442,13.841750748670515,
1396114019377954,2024,panoroma_fine,361670.2548139775,505387.72986708675,342.5975018495259,4.9904432314068,12.802808954800723,prior,north,-4.9904432314068,0.5555555555555556,0.4848,False,5.069958455342564,True,361659.4232038203,505382.6534983557,,11.96216109619433,1.993777445285265,
1396114019377954,2024,panoroma_two_pass,361670.2548139775,505387.72986708675,342.5975018495259,4.9904432314068,12.802808954800723,prior,north,-4.9904432314068,0.5555555555555556,0.4848,False,5.069958455342564,True,361659.4232038203,505382.6534983557,,11.96216109619433,1.993777445285265,
2297705431003261,2025,panoroma_coarse,361692.0407925941,505395.04660389107,341.62760906800236,8.285998239926982,13.096277008695289,prior,north,-8.285998239926982,0.7599323753169906,0.6052044609665428,False,4.3665418629479245,True,361683.413892398,505389.83470548794,,10.079052135868327,4.064166311961868,
2297705431003261,2025,panoroma_fine,361692.0407925941,505395.04660389107,341.62760906800236,8.285998239926982,13.096277008695289,prior,north,-8.285998239926982,0.7599323753169906,0.6052044609665428,False,4.3665418629479245,True,361679.0528281659,505389.61605827376,,14.077572435967427,2.3592347017811006,
2297705431003261,2025,panoroma_two_pass,361692.0407925941,505395.04660389107,341.62760906800236,8.285998239926982,13.096277008695289,prior,north,-8.285998239926982,0.7599323753169906,0.6052044609665428,False,4.3665418629479245,True,361679.0528281659,505389.61605827376,,14.077572435967427,2.3592347017811006,
2297705431003261,2024,panoroma_coarse,361692.0407925941,505395.04660389107,341.62760906800236,8.285998239926982,13.096277008695289,prior,north,-8.285998239926982,0.6863117870722434,0.7772549019607843,False,3.147182718302986,True,361682.0845126682,505389.0893424397,,11.602433967158731,3.993052071002818,
2297705431003261,2024,panoroma_fine,361692.0407925941,505395.04660389107,341.62760906800236,8.285998239926982,13.096277008695289,prior,north,-8.285998239926982,0.6863117870722434,0.7772549019607843,False,3.147182718302986,True,361679.87954552536,505391.33497797593,,12.715034298046206,4.420677933452938,
2297705431003261,2024,panoroma_two_pass,361692.0407925941,505395.04660389107,341.62760906800236,8.285998239926982,13.096277008695289,prior,north,-8.285998239926982,0.6863117870722434,0.7772549019607843,False,3.147182718302986,True,361679.87954552536,505391.33497797593,,12.715034298046206,4.420677933452938,
3578370962341082,2025,panoroma_coarse,361722.43283607205,505405.1593217058,341.70905350321345,9.194914049966599,17.401209465369714,prior,north,-9.194914049966599,0.5849256900212314,0.5272727272727272,False,4.6558998360886354,True,361731.5498203022,505407.3046728118,,9.36599876261578,10.570442270496935,
3578370962341082,2025,panoroma_fine,361722.43283607205,505405.1593217058,341.70905350321345,9.194914049966599,17.401209465369714,prior,north,-9.194914049966599,0.5849256900212314,0.5272727272727272,False,4.6558998360886354,True,361736.2038948232,505407.1743131672,,13.917695560591453,9.997279377170676,
3578370962341082,2025,panoroma_two_pass,361722.43283607205,505405.1593217058,341.70905350321345,9.194914049966599,17.401209465369714,prior,north,-9.194914049966599,0.5849256900212314,0.5272727272727272,False,4.6558998360886354,True,361736.2038948232,505407.1743131672,,13.917695560591453,9.997279377170676,
3578370962341082,2024,panoroma_coarse,361722.43283607205,505405.1593217058,341.70905350321345,9.194914049966599,17.401209465369714,prior,north,-9.194914049966599,0.4208530805687204,0.46974697469746973,False,3.8789411315196514,True,361709.3943057478,505404.329525184,,13.064908544786649,2.7677796899161278,
3578370962341082,2024,panoroma_fine,361722.43283607205,505405.1593217058,341.70905350321345,9.194914049966599,17.401209465369714,prior,north,-9.194914049966599,0.4208530805687204,0.46974697469746973,False,3.8789411315196514,True,361709.90039860056,505400.4837412163,,13.376211791492997,6.353351674533136,
3578370962341082,2024,panoroma_two_pass,361722.43283607205,505405.1593217058,341.70905350321345,9.194914049966599,17.401209465369714,prior,north,-9.194914049966599,0.4208530805687204,0.46974697469746973,False,3.8789411315196514,True,361709.90039860056,505400.4837412163,,13.376211791492997,6.353351674533136,
