frame_id,year,method,gt_e,gt_n,gt_yaw,crop_rot_deg,centre_guess_m,rho_deg,yaw_r_deg,scale,n_valid_tokens,heading,depth,ok,pred_e,pred_n,pred_yaw,err_m,err_deg,error
2095057974553082,2025,loc2,360026.3821716677,504344.61452205386,81.42574118763453,2.725570345245515,6.078716834144202,2.7731092436974905,3.3657937049865723,0.9221235513687134,1317,gt,unik3d,True,360025.1102448723,504343.71204277873,78.01240842552916,1.5595725744430677,3.4133327621053695,
2095057974553082,2024,loc2,360026.3821716677,504344.61452205386,81.42574118763453,2.725570345245515,6.078716834144202,2.7731092436974905,6.5572943687438965,1.0147199630737305,1317,gt,unik3d,True,360026.0081058117,504342.26760516054,74.820907643498,2.3765403781074808,6.604833544136511,
2134127433808624,2025,loc2,360032.84761322686,504307.9422390545,69.43286538919972,2.7334306631946674,11.661891745019847,2.7731092436974905,1.3820925951004028,0.930990993976593,844,gt,unik3d,True,360030.37660815445,504306.3873699134,68.01109428769216,2.9195006617157806,1.4217711015075452,
2134127433808624,2024,loc2,360032.84761322686,504307.9422390545,69.43286538919972,2.7334306631946674,11.661891745019847,2.7731092436974905,1.4454373121261597,0.9450932741165161,844,gt,unik3d,True,360030.6981564736,504306.238058307,67.94774936888527,2.7430633157800703,1.4851160203144502,
28398706986416513,2025,loc2,360060.1043976202,504303.69896460697,354.88874202101726,-0.9760247201908214,15.006479104534213,-1.0084033613445342,-4.626092433929443,0.9113895297050476,1317,gt,unik3d,True,360059.13156808226,504301.609421447,359.54721280917227,2.304905188363671,4.658470788155,
28398706986416513,2024,loc2,360060.1043976202,504303.69896460697,354.88874202101726,-0.9760247201908214,15.006479104534213,-1.0084033613445342,-5.171267509460449,0.9558530449867249,1317,gt,unik3d,True,360057.69143606926,504300.2793042477,0.09238797113494002,4.185267066632869,5.203645950117675,
1100804636233191,2025,loc2,360094.6966482403,504308.69749890827,349.42166902017294,-2.161816277693731,21.24791738217679,-2.268907563025209,5.473694324493408,1.018784523010254,2626,gt,unik3d,True,360070.4950271937,504303.8198511984,344.055065458543,24.688254463744627,5.3666035616299155,
1100804636233191,2024,loc2,360094.6966482403,504308.69749890827,349.42166902017294,-2.161816277693731,21.24791738217679,-2.268907563025209,-4.533792018890381,1.3772906064987183,2626,gt,unik3d,True,360069.20419198525,504304.2080915724,354.06255265128,25.88474655360212,4.6408836311070445,
1794136951725433,2025,loc2,360128.5122393634,504314.32278087456,350.37814580786244,-5.31579783024938,18.831871251631615,-5.294117647058812,1.9570802450180054,0.8460490107536316,2619,gt,unik3d,True,360126.50194196677,504313.03665814345,348.3993852160128,2.386505248760257,1.9787605918496638,
1794136951725433,2024,loc2,360128.5122393634,504314.32278087456,350.37814580786244,-5.31579783024938,18.831871251631615,-5.294117647058812,-7.71931266784668,0.8261008858680725,2619,gt,unik3d,True,360131.1918658015,504312.16481277265,358.07577896837745,3.4405267295506494,7.697633160515011,
2250285992180932,2025,loc2,360142.6419883799,504291.9622382168,80.71202241156853,-8.90746811004847,30.21488618115079,-8.823529411764696,-34.891639709472656,1.058011531829834,2078,gt,unik3d,True,360152.5435389867,504315.66490244487,115.51972742362443,25.687681793604156,34.80770501205592,
2250285992180932,2024,loc2,360142.6419883799,504291.9622382168,80.71202241156853,-8.90746811004847,30.21488618115079,-8.823529411764696,6.508204936981201,0.6273142099380493,2078,gt,unik3d,True,360137.31778497336,504293.0974296284,74.11987883735026,5.4438774283664015,6.592143574218255,
1113377307836084,2025,loc2,360152.59731493844,504260.3036048608,31.148380222847756,-2.1963602555590036,17.530503018157212,-2.268907563025209,-2.5670764446258545,1.1107827425003052,1698,gt,unik3d,True,360150.2743621298,504259.35467045434,33.78800411388622,2.5092999539515506,2.639623891038468,
1113377307836084,2024,loc2,360152.59731493844,504260.3036048608,31.148380222847756,-2.1963602555590036,17.530503018157212,-2.268907563025209,-2.2625346183776855,1.0058825016021729,1698,gt,unik3d,True,360151.89913883834,504258.471976263,33.48346253562838,1.960181927027842,2.335082312780628,
2163701757795311,2025,loc2,360185.94907221664,504266.20596416295,348.4601985591976,-3.8132556254095675,26.62386681226079,-3.7815126050420247,-0.293535441160202,0.9317259788513184,1521,gt,unik3d,True,360184.71810079826,504263.31867517356,348.7219909946324,3.1387463008465613,0.26179243543481334,
2163701757795311,2024,loc2,360185.94907221664,504266.20596416295,348.4601985591976,-3.8132556254095675,26.62386681226079,-3.7815126050420247,-40.93403244018555,0.955069899559021,1521,gt,unik3d,True,360165.8402061932,504242.79650168074,29.36248462969823,30.860483250488173,40.90228607050062,
1407730031543039,2025,loc2,360163.45460668084,504260.85942704603,167.10602898892608,3.2101088841156695,16.20263947224276,3.2773109243697434,1.2382184267044067,1.0244357585906982,1398,gt,unik3d,True,360162.6586904278,504259.89910891233,165.80060836617153,1.2472744685113428,1.3054206227545535,
1407730031543039,2024,loc2,360163.45460668084,504260.85942704603,167.10602898892608,3.2101088841156695,16.20263947224276,3.2773109243697434,1.36367928981781,0.942649245262146,1398,gt,unik3d,True,360164.4845706723,504258.89502872905,165.6751476321909,2.218036647920767,1.4308813567351706,
4644665985853547,2025,loc2,360145.23046914255,504280.3795425352,256.1522303114766,-0.6694210753320533,6.890667594968546,-0.7563025210083936,-2.410372018814087,0.912451982498169,2125,gt,unik3d,True,360145.3353481051,504278.9225625878,258.6494841141796,1.4607498635655736,2.4972538027029714,
4644665985853547,2024,loc2,360145.23046914255,504280.3795425352,256.1522303114766,-0.6694210753320533,6.890667594968546,-0.7563025210083936,1.3055005073547363,0.905776858329773,2125,gt,unik3d,True,360141.5017001024,504295.83578610927,254.9336110959208,15.8996598698366,1.2186192155558047,
2298484727642838,2025,loc2,360140.65024008346,504313.04823736195,285.4108410359246,8.674834325535244,29.29750458347407,8.571428571428584,11.396594047546387,1.0089877843856812,2579,gt,unik3d,True,360118.3650280318,504306.4713087654,274.11765164863357,23.23546138880868,11.293189387291022,
2298484727642838,2024,loc2,360140.65024008346,504313.04823736195,285.4108410359246,8.674834325535244,29.29750458347407,8.571428571428584,7.388449192047119,0.9710180759429932,2579,gt,unik3d,True,360097.4721873641,504301.16536642174,278.12579703421295,44.78333237282572,7.28504400171164,
978411255289595,2025,loc2,360172.54386717896,504320.6193851456,353.22410338906485,-8.74934191626511,10.215259135897133,-8.823529411764696,1.5043325424194336,0.891618549823761,1617,gt,unik3d,True,360171.09215818584,504320.02567917394,351.7939582828813,1.5684214298115855,1.430145106183545,
978411255289595,2024,loc2,360172.54386717896,504320.6193851456,353.22410338906485,-8.74934191626511,10.215259135897133,-8.823529411764696,-0.22611398994922638,0.8919718861579895,1617,gt,unik3d,True,360171.52955948276,504318.48871191446,353.52440488872605,2.3597856937660837,0.30030149966120234,
1394833675537922,2025,loc2,360205.21622605325,504314.60090983845,23.92590491563239,5.465485206348241,24.07275643370788,5.5462184873949525,4.75090217590332,0.9056267738342285,1314,gt,unik3d,True,360204.29031782725,504313.7639994779,19.09426933914534,1.2480885363484977,4.831635576487059,
1394833675537922,2024,loc2,360205.21622605325,504314.60090983845,23.92590491563239,5.465485206348241,24.07275643370788,5.5462184873949525,1.7345894575119019,0.9207315444946289,1314,gt,unik3d,True,360204.44391454407,504313.22157531686,22.110582027666105,1.580831676579875,1.815322887966289,
1395652132772836,2025,loc2,360212.6186717645,504285.4790996788,104.2002610016034,-5.775530422128938,16.23827392956013,-5.798319327731093,-1.3171557188034058,1.0744404792785645,826,gt,unik3d,True,360209.5277124858,504282.5534245351,105.54020576063945,4.256008025029649,1.339944759036058,
1395652132772836,2024,loc2,360212.6186717645,504285.4790996788,104.2002610016034,-5.775530422128938,16.23827392956013,-5.798319327731093,-3.6605210304260254,1.0718713998794556,826,gt,unik3d,True,360210.8963160521,504282.67664105975,107.88357119360872,3.2894199354146214,3.683310192005308,
1400355921620343,2025,loc2,360205.4759034122,504254.55547422264,107.0257488016855,4.523762939345843,22.887741252164506,4.537815126050418,-5.512491703033447,1.1881402730941772,830,gt,unik3d,True,360210.52420913446,504277.72375040385,112.52418879867042,23.711904433725863,5.498439996984928,
1400355921620343,2024,loc2,360205.4759034122,504254.55547422264,107.0257488016855,4.523762939345843,22.887741252164506,4.537815126050418,-3.1720023155212402,1.0449724197387695,830,gt,unik3d,True,360211.4178008655,504277.0891856884,110.18369893595204,23.30395455213536,3.1579501342665424,
1659474219043827,2025,loc2,360194.59397493093,504220.8789819656,105.45750862113835,1.8236946770203843,28.29686517500868,1.7647058823529278,2.331392765045166,1.1242294311523438,706,gt,unik3d,True,360194.55706287274,504221.36154088564,103.18510460981713,0.4839686057564216,2.272404011321214,
1659474219043827,2024,loc2,360194.59397493093,504220.8789819656,105.45750862113835,1.8236946770203843,28.29686517500868,1.7647058823529278,4.037947654724121,1.1245520114898682,706,gt,unik3d,True,360195.04827550467,504221.62658317643,101.4785495339183,0.8748123122953542,3.978959087220062,
3757320467753222,2025,loc2,360184.3176811162,504190.7261088975,109.89330425369523,0.30327979300933805,16.261700513066646,0.25210084033614066,0.36644887924194336,1.001217246055603,904,gt,unik3d,True,360182.81567183585,504191.09369872283,109.57803431932183,1.5463357197061434,0.31526993437341844,
3757320467753222,2024,loc2,360184.3176811162,504190.7261088975,109.89330425369523,0.30327979300933805,16.261700513066646,0.25210084033614066,-0.20071405172348022,0.9800434112548828,904,gt,unik3d,True,360183.3496970859,504190.47638830286,110.14519727602487,0.9996766768897035,0.2518930223296252,
1084706981111921,2025,loc2,360172.7961192918,504159.78433716483,109.07841537892595,-2.4876025192762796,13.771266339979283,-2.52100840336135,0.2752338647842407,1.030802845954895,746,gt,unik3d,True,360170.95695949026,504157.7293342049,108.83658738314702,2.7578154290775165,0.24182799577891956,
1084706981111921,2024,loc2,360172.7961192918,504159.78433716483,109.07841537892595,-2.4876025192762796,13.771266339979283,-2.52100840336135,0.5269332528114319,1.0617039203643799,746,gt,unik3d,True,360170.97190242755,504156.18444427836,108.58488797471631,4.035715049637702,0.493527404209658,
1569936184813606,2025,loc2,360163.02569056407,504128.34509992413,107.55053766241267,-5.274329366226681,12.848549724647116,-5.294117647058812,-6.901081562042236,1.3169008493423462,665,gt,unik3d,True,360167.7686829086,504151.254249241,114.47140729025551,23.394980205254733,6.920869627842848,
1569936184813606,2024,loc2,360163.02569056407,504128.34509992413,107.55053766241267,-5.274329366226681,12.848549724647116,-5.294117647058812,-3.583475112915039,0.9319404363632202,665,gt,unik3d,True,360159.9385271987,504126.2356105272,111.15380100883125,3.739053778736132,3.6032633464186006,
1966035434037497,2025,loc2,360152.2255144523,504096.58446743246,108.93797822619024,0.46948384629791917,2.954532516091057,0.5042016806722813,-0.6222305297851562,1.1155612468719482,634,gt,unik3d,True,360149.34039725503,504093.97577792214,109.52549096495594,3.889622372850289,0.587512738765696,
1966035434037497,2024,loc2,360152.2255144523,504096.58446743246,108.93797822619024,0.46948384629791917,2.954532516091057,0.5042016806722813,-0.6867286562919617,1.0668673515319824,634,gt,unik3d,True,360150.473651162,504096.2647174631,109.58998909120437,1.7808046021053734,0.6520108650141196,
1897080597943369,2025,loc2,360140.1340845268,504063.5842964947,110.06125082140551,-5.851287951340339,16.00412196530676,-5.798319327731093,-0.9531285166740417,0.9543458819389343,717,gt,unik3d,True,360137.60347018373,504061.73879588017,110.96141073503746,3.1320730310189147,0.9001599136319669,
1897080597943369,2024,loc2,360140.1340845268,504063.5842964947,110.06125082140551,-5.851287951340339,16.00412196530676,-5.798319327731093,-2.6311683654785156,0.9566543102264404,717,gt,unik3d,True,360137.8671727977,504061.1791467253,112.6394507373677,3.3050921622696925,2.5781999159621876,
962616489483305,2025,loc2,360128.71088285104,504033.5532297725,111.37466616997419,8.473188058930717,16.963064197153102,8.571428571428584,-2.2397477626800537,0.9910721778869629,701,gt,unik3d,True,360136.2684707969,504056.356639297,113.51617347915406,24.02316843176253,2.1415073091798718,
962616489483305,2024,loc2,360128.71088285104,504033.5532297725,111.37466616997419,8.473188058930717,16.963064197153102,8.571428571428584,1.8045542240142822,0.9969049692153931,701,gt,unik3d,True,360127.4350881913,504034.00596926187,109.47187154972015,1.3537448279012458,1.902794620254042,
2210288512880939,2025,loc2,360119.1444854562,504000.351743727,91.05155375073208,3.7164785849764,5.990761113332569,3.7815126050420247,2.501845121383667,0.9655925035476685,729,gt,unik3d,True,360116.4847062685,504001.18495862,88.48467450080086,2.7872338232654092,2.566879249931219,
2210288512880939,2024,loc2,360119.1444854562,504000.351743727,91.05155375073208,3.7164785849764,5.990761113332569,3.7815126050420247,-1.8076024055480957,0.9191298484802246,729,gt,unik3d,True,360116.28381936625,504001.55608568137,92.79412224081675,3.103844393884306,1.7425684900846647,
1039518862467428,2025,loc2,360133.0528596273,503973.5716151353,35.618167811678525,-4.413916958369704,11.332507331853833,-4.537815126050418,-0.9225795269012451,0.9415523409843445,536,gt,unik3d,True,360132.7300993183,503973.58289804374,36.66464551132618,0.3229574601604889,1.046477699647653,
1039518862467428,2024,loc2,360133.0528596273,503973.5716151353,35.618167811678525,-4.413916958369704,11.332507331853833,-4.537815126050418,-2.120457410812378,1.010862112045288,536,gt,unik3d,True,360132.55364749674,503973.47743589623,37.86252336916426,0.508018189009249,2.244355557485733,
1068673502542792,2025,loc2,360165.8632651619,503970.6280462332,350.15053243802794,2.886426762550684,12.214114737920937,2.7731092436974905,-3.3416144847869873,0.8969810605049133,874,gt,unik3d,True,360166.5238767401,503969.52410571056,353.6054649547381,1.2865039194362864,3.454932516710187,
1068673502542792,2024,loc2,360165.8632651619,503970.6280462332,350.15053243802794,2.886426762550684,12.214114737920937,2.7731092436974905,-0.7261094450950623,0.9690731167793274,874,gt,unik3d,True,360165.00770311477,503968.14791566983,350.98995942935346,2.6235537021224555,0.8394269913255243,
1614796256716672,2025,loc2,360199.6908804353,503976.64319369476,347.084474668747,-2.6424565998051435,15.046450192013534,-2.52100840336135,-2.1113574504852295,0.9332137107849121,855,gt,unik3d,True,360199.9097322871,503974.8973567243,349.07438425854184,1.7595007418163793,1.98990958979482,
1614796256716672,2024,loc2,360199.6908804353,503976.64319369476,347.084474668747,-2.6424565998051435,15.046450192013534,-2.52100840336135,-0.8864675760269165,0.9888664484024048,855,gt,unik3d,True,360200.77891485364,503974.1140643543,347.8494941403129,2.7532370251103986,0.7650194715658927,
1623097549539635,2025,loc2,360230.81751104794,503983.41809891164,347.18431886247004,9.178986444773386,1.8347676850609251,9.075630252100837,-2.2078192234039307,0.8682377934455872,873,gt,unik3d,True,360231.9194440669,503983.5605559596,349.4954943198644,1.1111032304647503,2.31117545739437,
1623097549539635,2024,loc2,360230.81751104794,503983.41809891164,347.18431886247004,9.178986444773386,1.8347676850609251,9.075630252100837,-3.1969079971313477,0.8304432034492493,873,gt,unik3d,True,360232.1958056027,503982.6224640875,350.48458341964465,1.5914555140190807,3.3002645571746143,
1585086595814553,2025,loc2,360265.8288479847,503990.3496837346,348.28538668930594,-6.842024136820726,15.720703665446791,-6.806722689075627,-0.9075241088867188,1.018426537513733,847,gt,unik3d,True,360266.39299517125,503989.870518272,349.15760930600214,0.7401767279600542,0.8722226166962059,
1585086595814553,2024,loc2,360265.8288479847,503990.3496837346,348.28538668930594,-6.842024136820726,15.720703665446791,-6.806722689075627,1.31112802028656,1.029129981994629,847,gt,unik3d,True,360265.74256454385,503989.3413095433,346.9389571053271,1.0120589616434565,1.3464295839788178,
1605463537903045,2025,loc2,360296.4594195853,503997.18667273317,346.64073882745475,-0.20381848934039226,19.853584068747864,-0.25210084033614066,-2.4485273361206055,1.1131840944290161,906,gt,unik3d,True,360297.55494166753,503996.02194901725,349.1375485785945,1.598984042163147,2.496809751139722,
1605463537903045,2024,loc2,360296.4594195853,503997.18667273317,346.64073882745475,-0.20381848934039226,19.853584068747864,-0.25210084033614066,-3.229397773742676,1.0540552139282227,906,gt,unik3d,True,360298.1877917072,503996.45333733404,349.918418966592,1.8775119172648937,3.27768013913726,
3789502397873420,2025,loc2,360329.7389217006,504003.7331037838,344.91925715035035,-7.035245201361761,22.509123266098655,-7.058823529411768,-1.9763461351394653,1.051539659500122,931,gt,unik3d,True,360328.4663671819,504000.00172897545,346.9191817266026,3.942404464729408,1.9999245762522264,
3789502397873420,2024,loc2,360329.7389217006,504003.7331037838,344.91925715035035,-7.035245201361761,22.509123266098655,-7.058823529411768,-0.42612189054489136,1.0069670677185059,931,gt,unik3d,True,360327.98823676736,504000.85628551035,345.3689573814583,3.3676373192543907,0.4497002311079541,
1950003419008286,2025,loc2,360363.1358821056,504010.94987133984,349.8785002006545,-8.337062201042443,13.1404951610002,-8.319327731092443,0.2614264190196991,1.0206564664840698,1293,gt,unik3d,True,360363.02253432694,504009.4190223172,349.59933931193245,1.535039559417381,0.27916088872206046,
1950003419008286,2024,loc2,360363.1358821056,504010.94987133984,349.8785002006545,-8.337062201042443,13.1404951610002,-8.319327731092443,0.30168914794921875,0.9162513017654419,1293,gt,unik3d,True,360362.74184866,504008.8824852023,349.55907658090814,2.1046015770271618,0.3194236197463738,
1783034616269773,2025,loc2,360394.11981327285,504016.33189696353,349.3653990519746,-6.495003192321349,12.270147858824737,-6.554621848739487,0.012132123112678528,0.9427978992462158,1418,gt,unik3d,True,360394.43507538445,504015.4942512071,349.4128855850608,0.8950087219000425,0.04748653308621442,
1783034616269773,2024,loc2,360394.11981327285,504016.33189696353,349.3653990519746,-6.495003192321349,12.270147858824737,-6.554621848739487,0.392001211643219,0.9543119072914124,1418,gt,unik3d,True,360394.2668537633,504015.0836311723,349.03301647216614,1.25689633278331,0.33238257980843855,
1751971182727263,2025,loc2,360428.991711286,504022.2797679808,350.0611522646833,9.077511800668105,7.782601025164379,9.075630252100837,3.7546346187591553,1.0151233673095703,1370,gt,unik3d,True,360428.333915917,504021.11643851193,346.30839912395936,1.3364244088569106,3.7527531407239394,
1751971182727263,2024,loc2,360428.991711286,504022.2797679808,350.0611522646833,9.077511800668105,7.782601025164379,9.075630252100837,3.1249160766601562,0.9461129307746887,1370,gt,unik3d,True,360429.634134186,504020.8157866887,346.9381178455608,1.5987333755384128,3.1230344191225186,
1041946372000040,2025,loc2,360460.61334308796,504027.6650502281,349.5307363918364,-7.590121279440325,22.887002217588915,-7.563025210084021,6.379857540130615,0.947817862033844,1325,gt,unik3d,True,360436.21144944796,504022.48319931194,343.1237827407606,24.946021569283918,6.40695365107581,
1041946372000040,2024,loc2,360460.61334308796,504027.6650502281,349.5307363918364,-7.590121279440325,22.887002217588915,-7.563025210084021,10.405766487121582,0.8804184198379517,1325,gt,unik3d,True,360433.0112761745,504021.6007523795,339.09787275393785,28.26039288989096,10.43286363789855,
1058349307017059,2025,loc2,360492.22805497993,504032.4493259415,350.455605222158,-5.987298730694533,23.168447841648806,-6.050420168067234,-5.049897193908691,0.9391433000564575,1297,gt,unik3d,True,360490.4303190098,504034.0619222232,355.5686239868262,2.4150199556048175,5.1130187646681975,
1058349307017059,2024,loc2,360492.22805497993,504032.4493259415,350.455605222158,-5.987298730694533,23.168447841648806,-6.050420168067234,1.3494290113449097,0.9616780281066895,1297,gt,unik3d,True,360488.82715188415,504031.7284222734,349.16929762922746,3.47647004381782,1.286307592930541,
1588073185524588,2025,loc2,360526.7575126549,504038.45668191835,349.1696028052205,-9.875916858056655,23.77045055515438,-9.831932773109259,1.4490923881530762,0.9459588527679443,1177,gt,unik3d,True,360522.4570315039,504037.8945820158,347.67652621934235,4.3370605748968,1.493076585878157,
1588073185524588,2024,loc2,360526.7575126549,504038.45668191835,349.1696028052205,-9.875916858056655,23.77045055515438,-9.831932773109259,2.04571795463562,0.9848625659942627,1177,gt,unik3d,True,360523.74282320915,504038.20534068,347.0799008746634,3.025148735561626,2.089701930557112,
1098905325943467,2025,loc2,360560.68061371776,504043.917289393,350.5254085542267,-7.000634216850983,18.643697362914146,-7.058823529411768,-0.20175066590309143,0.9140509366989136,1518,gt,unik3d,True,360560.22894395527,504043.2336899873,350.7853485315427,0.8193373675652444,0.2599399773159803,
1098905325943467,2024,loc2,360560.68061371776,504043.917289393,350.5254085542267,-7.000634216850983,18.643697362914146,-7.058823529411768,1.3303565979003906,0.9447294473648071,1518,gt,unik3d,True,360557.7788261656,504042.4371128306,349.25324111808715,3.2574980666029374,1.2721674361395685,
3499536660219793,2025,loc2,360594.0596022819,504048.21201448794,352.13471761739805,-6.065126177072614,24.942352313325827,-6.050420168067234,2.2758288383483887,0.9689716100692749,1348,gt,unik3d,True,360591.25409336266,504047.5370328016,349.84418229191704,2.8855641688944007,2.2905353254810166,
3499536660219793,2024,loc2,360594.0596022819,504048.21201448794,352.13471761739805,-6.065126177072614,24.942352313325827,-6.050420168067234,0.4248417019844055,1.0272939205169678,1348,gt,unik3d,True,360592.874246824,504046.9170347451,351.69516990364787,1.75557400753,0.4395477137501871,
2175866539657391,2025,loc2,360627.0786677387,504052.1780074034,348.42048951318594,9.418000040432787,12.590444821784821,9.327731092436977,0.30430683493614197,1.008813738822937,1232,gt,unik3d,True,360625.2541600261,504051.69693305815,348.20645160568677,1.8868653685559025,0.21403790749917562,
2175866539657391,2024,loc2,360627.0786677387,504052.1780074034,348.42048951318594,9.418000040432787,12.590444821784821,9.327731092436977,1.3238028287887573,1.02149498462677,1232,gt,unik3d,True,360625.5180789693,504051.02346081525,347.1869554511429,1.9412406165377696,1.2335340620430202,
1470108621835604,2025,loc2,360656.9868018321,504057.98584541585,350.7771210413869,2.896819021986232,16.905858048894327,2.7731092436974905,1.6344038248062134,0.9651777148246765,1142,gt,unik3d,True,360656.1446446001,504058.1116228982,349.26642689135804,0.8514979615146018,1.5106941500288826,
1470108621835604,2024,loc2,360656.9868018321,504057.98584541585,350.7771210413869,2.896819021986232,16.905858048894327,2.7731092436974905,0.46789366006851196,0.9408090710639954,1142,gt,unik3d,True,360656.267345386,504057.3822257129,350.4329371542537,0.9391348804563008,0.34418388713322656,
1261127602821029,2025,loc2,360680.909761988,504040.49847353157,76.3375943069395,-9.677281498632837,19.730306813112847,-9.579831932773118,-2.2389726638793945,1.0615965127944946,913,gt,unik3d,True,360677.9237389455,504040.22008271405,78.47911749942169,2.998972333554479,2.1415231924821967,
1261127602821029,2024,loc2,360680.909761988,504040.49847353157,76.3375943069395,-9.677281498632837,19.730306813112847,-9.579831932773118,-1.4083459377288818,1.0121302604675293,913,gt,unik3d,True,360677.5851695272,504040.66514001373,77.64849080878082,3.3287674515400196,1.3108965018413414,
1810167326654101,2025,loc2,360686.993854056,504006.6269094348,79.55305043736588,5.206673465197966,24.776480566452555,5.294117647058812,3.339841604232788,0.8969509601593018,1009,gt,unik3d,True,360684.99590415985,504008.1772695045,76.1257644349817,2.5289167905090024,3.4272860023841645,
1810167326654101,2024,loc2,360686.993854056,504006.6269094348,79.55305043736588,5.206673465197966,24.776480566452555,5.294117647058812,3.50561261177063,0.9327155947685242,1009,gt,unik3d,True,360685.20308887184,504007.94043015613,75.95999369662255,2.2208504294858535,3.59305674074335,
28353982287585850,2025,loc2,360692.8649872906,503972.47876364924,79.66269750615494,4.956407896206599,22.17425146778149,5.0420168067227,0.5914672017097473,0.92625492811203,807,gt,unik3d,True,360691.18381667667,503972.82052714715,78.98562134257014,1.7155573209857673,0.6770761635847862,
28353982287585850,2024,loc2,360692.8649872906,503972.47876364924,79.66269750615494,4.956407896206599,22.17425146778149,5.0420168067227,-0.7239097952842712,0.8842331171035767,807,gt,unik3d,True,360691.5287024003,503970.039048835,80.30099840513296,2.7817019399831064,0.6383008989780024,
3724194881070199,2025,loc2,360698.43418773764,503941.5210407255,79.67306387451882,-6.63715471041823,11.874902683208001,-6.554621848739487,-0.7183661460876465,1.0226813554763794,653,gt,unik3d,True,360695.42740301724,503943.6871285326,80.30889715081292,3.705764528800576,0.6358332762941075,
3724194881070199,2024,loc2,360698.43418773764,503941.5210407255,79.67306387451882,-6.63715471041823,11.874902683208001,-6.554621848739487,-1.5461770296096802,1.0516817569732666,653,gt,unik3d,True,360695.08112113003,503945.5031189613,81.13670812140118,5.205766298142767,1.4636442468823816,
2127011918227183,2025,loc2,360690.3178709857,503914.0249450132,113.26557597296303,-1.2523605222595222,20.33411220255481,-1.260504201680675,-1.118208646774292,0.9725984930992126,1218,gt,unik3d,True,360686.7783110662,503915.0241491879,114.39192839308272,3.677892522415656,1.1263524201197015,
2127011918227183,2024,loc2,360690.3178709857,503914.0249450132,113.26557597296303,-1.2523605222595222,20.33411220255481,-1.260504201680675,-1.6175965070724487,1.0040826797485352,1218,gt,unik3d,True,360688.0188851068,503914.7458783823,114.89131632021214,2.409373568832748,1.6257403472491205,
1050395951111401,2025,loc2,360694.0420611825,503880.718190806,80.30233984358654,-1.1804938458912488,24.99097162092474,-1.260504201680675,-1.2851723432540894,0.9609941840171814,1442,gt,unik3d,True,360690.6056075242,503875.88780611585,81.66752271789059,5.928054486945321,1.365182874304054,
1050395951111401,2024,loc2,360694.0420611825,503880.718190806,80.30233984358654,-1.1804938458912488,24.99097162092474,-1.260504201680675,4.438429355621338,0.8115581274032593,1442,gt,unik3d,True,360692.73390875506,503858.20027624344,75.94392053098171,22.555880364539966,4.358419312604838,
1833929260931559,2025,loc2,360699.44298365375,503847.9524849532,78.503812065449,1.851528985061421,16.967743238834757,1.7647058823529278,-1.0561162233352661,0.9557123780250549,1197,gt,unik3d,True,360693.5835802717,503872.0358997027,79.6467514335382,24.78595315877286,1.142939368089202,
1833929260931559,2024,loc2,360699.44298365375,503847.9524849532,78.503812065449,1.851528985061421,16.967743238834757,1.7647058823529278,3.17779803276062,0.8929339647293091,1197,gt,unik3d,True,360695.2717605306,503861.9562078026,75.41283712119792,14.611754035186799,3.090974944251059,
1547432720042956,2025,loc2,360704.86164560367,503815.27723250724,80.3573212672232,-3.9964615209487704,20.14044734815143,-4.033613445378137,-2.0405585765838623,0.9412797093391418,1222,gt,unik3d,True,360701.4918823939,503813.969586225,82.43503180291835,3.6145875130420158,2.0777105356951324,
1547432720042956,2024,loc2,360704.86164560367,503815.27723250724,80.3573212672232,-3.9964615209487704,20.14044734815143,-4.033613445378137,0.6897896528244019,0.8657205104827881,1222,gt,unik3d,True,360701.37159850105,503814.4979966344,79.7046834836787,3.5759806101312495,0.6526377835444919,
948728088280240,2025,loc2,360720.42209097266,503787.8620452555,31.342302735199002,-0.7030893339949209,12.048001089627288,-0.7563025210083936,1.3355798721313477,1.093580722808838,1400,gt,unik3d,True,360719.90009586705,503786.00963641936,30.059935888407896,1.9245512168943064,1.282366846791092,
948728088280240,2024,loc2,360720.42209097266,503787.8620452555,31.342302735199002,-0.7030893339949209,12.048001089627288,-0.7563025210083936,-1.5075266361236572,1.070531964302063,1400,gt,unik3d,True,360719.3192269129,503784.4388044043,32.903042598872844,3.5965104003193855,1.560739863673831,
1085515110888108,2025,loc2,360727.5431572441,503758.03646339476,81.9371883405536,1.9243925147662821,10.85882330640687,2.0168067226890685,1.5858032703399658,1.0111764669418335,856,gt,unik3d,True,360726.3804188249,503757.7735091774,80.25897082805457,1.1921013178054598,1.6782175124990317,
1085515110888108,2024,loc2,360727.5431572441,503758.03646339476,81.9371883405536,1.9243925147662821,10.85882330640687,2.0168067226890685,1.4017438888549805,0.9952051639556885,856,gt,unik3d,True,360726.0454595053,503756.7969613308,80.4430301891403,1.9440843303188513,1.494158151413302,
1414526570784660,2025,loc2,360749.53874211723,503742.96506125573,350.7055676122848,-7.359073565521157,28.964543147932854,-7.310924369747909,-3.604506254196167,0.9248045682907104,818,gt,unik3d,True,360745.4072286075,503742.0734994095,354.2619248619411,4.226616425312893,3.556357249656287,
1414526570784660,2024,loc2,360749.53874211723,503742.96506125573,350.7055676122848,-7.359073565521157,28.964543147932854,-7.310924369747909,-2.7593746185302734,1.0037912130355835,818,gt,unik3d,True,360744.75928427273,503742.11136543733,353.41679300152373,4.855101835979204,2.711225389238905,
4655499598016038,2025,loc2,360783.9939634348,503748.48009199556,350.10718637867046,-5.604337084580777,8.497585644266257,-5.5462184873949525,0.1593877524137497,0.9555424451828003,890,gt,unik3d,True,360783.9428185987,503749.3532729079,349.889680016693,0.8746774833846706,0.21750636197748463,
4655499598016038,2024,loc2,360783.9939634348,503748.48009199556,350.10718637867046,-5.604337084580777,8.497585644266257,-5.5462184873949525,1.686423659324646,0.8864023685455322,890,gt,unik3d,True,360784.66926083993,503748.3329129036,348.3626439241989,0.6911499623405823,1.7445424544715706,
3033300290207352,2025,loc2,360817.63395764213,503753.72948514856,351.99106902931936,-4.479097542094394,24.283266444051378,-4.537815126050418,7.5519185066223145,0.8123494386672974,871,gt,unik3d,True,360810.5343956444,503753.6025505477,344.497867738672,7.100696652636319,7.493201290647335,
3033300290207352,2024,loc2,360817.63395764213,503753.72948514856,351.99106902931936,-4.479097542094394,24.283266444051378,-4.537815126050418,3.299809217453003,0.9859819412231445,871,gt,unik3d,True,360806.7665033211,503751.53022260265,348.74997773968624,11.087755370904446,3.2410912896331183,
1423796489689610,2025,loc2,360849.0187159285,503754.3348842468,5.7238110324634,9.87751076958628,21.3253140751009,9.831932773109259,-4.539163589477539,0.9628113508224487,1003,gt,unik3d,True,360851.0293988828,503755.0437612318,10.308552608081609,2.131983236973178,4.58474157561821,
1423796489689610,2024,loc2,360849.0187159285,503754.3348842468,5.7238110324634,9.87751076958628,21.3253140751009,9.831932773109259,0.3984713852405548,0.9054901599884033,1003,gt,unik3d,True,360848.20736178936,503753.8449945147,5.370917649354045,0.9477802955762541,0.3528933831093468,
2132600394311539,2025,loc2,360880.1354032153,503744.7996306652,26.658949271794334,6.4609772203970905,6.985901107902148,6.554621848739487,0.0929623544216156,1.0578653812408447,1028,gt,unik3d,True,360878.4015058386,503745.475468042,26.472342291262322,1.8609557417528548,0.1866069805320194,
2132600394311539,2024,loc2,360880.1354032153,503744.7996306652,26.658949271794334,6.4609772203970905,6.985901107902148,6.554621848739487,1.7910406589508057,1.0546787977218628,1028,gt,unik3d,True,360877.3488319337,503744.1552273688,24.774263870527275,2.8601110320980365,1.8846854012670633,
989523250818847,2025,loc2,360908.6289439254,503724.0568379499,34.753324911071644,-4.744037194425189,19.700842620780378,-4.789915966386559,0.8637529611587524,1.0043545961380005,713,gt,unik3d,True,360906.3437185789,503725.09574081365,33.93545067226013,2.5102936171611168,0.8178742388114983,
989523250818847,2024,loc2,360908.6289439254,503724.0568379499,34.753324911071644,-4.744037194425189,19.700842620780378,-4.789915966386559,1.1109859943389893,1.0430411100387573,713,gt,unik3d,True,360904.48817698186,503724.22831532336,33.68821758297087,4.144316031639583,1.0651073281007655,
1632250488424820,2025,loc2,360931.21201359126,503742.673667931,307.71114265255073,-4.238741015149117,8.296340545500817,-4.285714285714278,1.088107705116272,1.1092875003814697,693,gt,unik3d,True,360930.04245820834,503744.52691415965,306.67000817119214,2.191433635256282,1.041134481358597,
1632250488424820,2024,loc2,360931.21201359126,503742.673667931,307.71114265255073,-4.238741015149117,8.296340545500817,-4.285714285714278,-0.31562986969947815,1.1852097511291504,693,gt,unik3d,True,360928.5987250357,503743.95858564303,308.07374582355135,2.9120938517079615,0.36260317100061457,
2077858049513350,2025,loc2,360958.9264981925,503738.99869255535,36.57943141067384,0.8628324443774247,15.720749995554163,0.7563025210083936,2.995389938354492,0.9200403094291687,925,gt,unik3d,True,360957.2726024045,503741.1866738894,33.69057131842828,2.7427419848677728,2.888860092245551,
2077858049513350,2024,loc2,360958.9264981925,503738.99869255535,36.57943141067384,0.8628324443774247,15.720749995554163,0.7563025210083936,0.03453684598207474,0.9920379519462585,925,gt,unik3d,True,360956.99876923143,503740.25466521643,36.651424486687645,2.3007838387461796,0.07199307601379701,
1589393802867647,2025,loc2,360989.10427757644,503724.1385183977,3.2836355909824206,3.791449615632061,13.620486228676821,3.7815126050420247,-1.7811217308044434,1.097122311592102,1528,gt,unik3d,True,360987.3767094415,503724.3700325915,5.0746942739851875,1.7430118998031823,1.791058683002774,
1589393802867647,2024,loc2,360989.10427757644,503724.1385183977,3.2836355909824206,3.791449615632061,13.620486228676821,3.7815126050420247,0.33446598052978516,1.0361534357070923,1528,gt,unik3d,True,360986.92871027126,503722.29982435505,2.9591066006816895,2.8484888768999386,0.3245289903007347,
1390751626576697,2025,loc2,361021.37273823074,503733.2989859199,327.7075825822231,4.1328737014398484,2.718628931427968,4.033613445378137,-3.0531728267669678,0.9398201704025269,1591,gt,unik3d,True,361017.2954767154,503733.10603759665,330.86001569025615,4.0818244107460195,3.152433108033051,
1390751626576697,2024,loc2,361021.37273823074,503733.2989859199,327.7075825822231,4.1328737014398484,2.718628931427968,4.033613445378137,-0.008004339411854744,0.9194679856300354,1591,gt,unik3d,True,361018.2266512734,503732.5017978617,327.8148471777014,3.2455156667991814,0.10726459547828426,
1779130370087030,2025,loc2,361045.8460264687,503753.44114216417,320.3654600271832,6.206946733515508,23.27192846161696,6.3025210084033745,3.625546932220459,0.9330281019210815,1395,gt,unik3d,True,361046.827335833,503755.9200725318,316.64433855724815,2.6660952413627967,3.721121469935042,
1779130370087030,2024,loc2,361045.8460264687,503753.44114216417,320.3654600271832,6.206946733515508,23.27192846161696,6.3025210084033745,0.0513710081577301,0.8140659332275391,1395,gt,unik3d,True,361050.9759158931,503758.1374854299,320.21851474155903,6.954955469028681,0.14694528562415599,
1081892811088637,2025,loc2,361071.6103484227,503775.00968521927,319.9919728113934,-7.209987336558186,14.789272543165287,-7.310924369747909,-1.8409849405288696,1.0685235261917114,1060,gt,unik3d,True,361071.7954101323,503776.41327009123,321.9338948560836,1.4157324355863714,1.941922044690216,
1081892811088637,2024,loc2,361071.6103484227,503775.00968521927,319.9919728113934,-7.209987336558186,14.789272543165287,-7.310924369747909,1.775693416595459,1.124632477760315,1060,gt,unik3d,True,361072.36309917824,503775.81268918386,318.31721648909723,1.1006584697781239,1.6747563222961617,
1571657080838112,2025,loc2,361097.6871538623,503796.1688923789,321.71023488531455,-8.181697797323295,14.601379036572121,-8.067226890756302,1.3358734846115112,0.957901120185852,1321,gt,unik3d,True,361099.1723527022,503797.6104829372,320.25989032663153,2.0697823391883525,1.450344558683014,
1571657080838112,2024,loc2,361097.6871538623,503796.1688923789,321.71023488531455,-8.181697797323295,14.601379036572121,-8.067226890756302,-1.364014983177185,0.9998542070388794,1321,gt,unik3d,True,361098.20642510336,503796.521235124,322.959778977022,0.6275253236007419,1.2495440917074347,
952888117221424,2025,loc2,361123.05922481813,503818.2571096383,316.61607292312294,-7.783075920117881,3.7028244098169445,-7.815126050420162,-2.3966875076293945,0.9657949805259705,1526,gt,unik3d,True,361124.2849781975,503819.7774954295,319.0448106129229,1.9529578339161644,2.4287376897999593,
952888117221424,2024,loc2,361123.05922481813,503818.2571096383,316.61607292312294,-7.783075920117881,3.7028244098169445,-7.815126050420162,2.530521869659424,1.0667165517807007,1526,gt,unik3d,True,361123.7154580702,503819.14871098165,314.1176010364202,1.1070659585595781,2.4984718867027595,
1088755186866756,2025,loc2,361149.29993063095,503840.03393467236,320.98889387954176,-8.863630300116938,18.217226499267987,-8.823529411764696,-0.9132863283157349,0.9764772653579712,1488,gt,unik3d,True,361152.43758864107,503840.77948429534,321.86207938376486,3.225018143949113,0.8731855042231018,
1088755186866756,2024,loc2,361149.29993063095,503840.03393467236,320.98889387954176,-8.863630300116938,18.217226499267987,-8.823529411764696,1.510053038597107,0.9235250353813171,1488,gt,unik3d,True,361151.2831623531,503840.2357890518,319.43874001921,1.9934776783849544,1.5501538603317613,
1666620238369939,2025,loc2,361173.00583708816,503862.9563626265,292.94851285843356,6.397136339237818,13.164329464393255,6.3025210084033745,-1.9387881755828857,0.9316136240959167,1024,gt,unik3d,True,361175.5512451232,503863.5998256653,294.9819165259669,2.6254802888531477,2.033403667533321,
1666620238369939,2024,loc2,361173.00583708816,503862.9563626265,292.94851285843356,6.397136339237818,13.164329464393255,6.3025210084033745,-0.13710078597068787,0.9290918707847595,1024,gt,unik3d,True,361174.591224872,503863.75993910216,293.1802289995094,1.7774109196565497,0.23171614107582172,
1762029464919045,2025,loc2,361156.16527727724,503890.4513906976,230.02804423733778,3.1326421045083066,23.605552969646,3.0252100840336027,5.357858657836914,0.8865940570831299,1256,gt,unik3d,True,361156.7468662498,503894.00064636464,224.77761737278811,3.596590263419741,5.250426864549667,
1762029464919045,2024,loc2,361156.16527727724,503890.4513906976,230.02804423733778,3.1326421045083066,23.605552969646,3.0252100840336027,2.867100954055786,0.9109143018722534,1256,gt,unik3d,True,361157.31963879825,503892.52466406755,227.2683755080362,2.3729755556333934,2.7596687293015805,
1132839019071351,2025,loc2,361142.207623885,503903.8411272457,30.809075166005442,-8.058651102678024,3.8188374497366575,-8.067226890756302,0.2384083867073059,0.9429468512535095,1014,gt,unik3d,True,361142.980919343,503905.84904722415,30.579242544972548,2.1516803910636186,0.22983262103289803,
1132839019071351,2024,loc2,361142.207623885,503903.8411272457,30.809075166005442,-8.058651102678024,3.8188374497366575,-8.067226890756302,0.46792614459991455,0.9711911678314209,1014,gt,unik3d,True,361142.5608409447,503905.2713643602,30.349724790563485,1.4732075532364104,0.459350375441943,
1796949328283937,2025,loc2,361165.4447950305,503879.9005597392,49.11875024070156,-7.311398965044141,20.857311115588583,-7.310924369747909,1.8305875062942505,0.8770542144775391,995,gt,unik3d,True,361163.9605044505,503880.21287015005,47.28768815748602,1.516791455240557,1.831062083215528,
1796949328283937,2024,loc2,361165.4447950305,503879.9005597392,49.11875024070156,-7.311398965044141,20.857311115588583,-7.310924369747909,1.4441676139831543,0.918059766292572,995,gt,unik3d,True,361164.3870825804,503879.1149990409,47.67410797009333,1.3175208680775525,1.4446422706082274,
1457053619817270,2025,loc2,361163.461901341,503852.34058410395,137.93171992162561,-6.666266701522943,23.65700984246289,-6.554621848739487,-0.7974311709403992,0.933838427066803,1247,gt,unik3d,True,361161.9591457442,503853.0233274622,138.61750628806638,1.6505795578686813,0.685786366440766,
1457053619817270,2024,loc2,361163.461901341,503852.34058410395,137.93171992162561,-6.666266701522943,23.65700984246289,-6.554621848739487,-0.5471884608268738,1.038840413093567,1247,gt,unik3d,True,361162.77028223354,503854.25396292424,138.36726359625945,2.034540611466981,0.43554367463383414,
1837757387401780,2025,loc2,361139.2848980101,503832.87409963924,140.0515130566729,-3.9298710488354516,23.607606526840335,-4.033613445378137,-0.6680415868759155,1.126517653465271,1333,gt,unik3d,True,361141.71972730954,503836.95758497214,140.8232970668723,4.754287137046906,0.7717840101994113,
1837757387401780,2024,loc2,361139.2848980101,503832.87409963924,140.0515130566729,-3.9298710488354516,23.607606526840335,-4.033613445378137,0.9184238910675049,0.9634085893630981,1333,gt,unik3d,True,361142.68336414645,503836.6594008841,139.23683152338876,5.087049989382523,0.81468153328413,
910305541902539,2025,loc2,361113.2990068514,503811.5212163888,139.70288319418458,-3.0993717870329647,12.135700176946136,-3.0252100840336027,1.9047479629516602,1.011391282081604,1682,gt,unik3d,True,361113.5921964706,503814.36868199403,137.723973392366,2.8625199607767127,1.9789098018185882,
910305541902539,2024,loc2,361113.2990068514,503811.5212163888,139.70288319418458,-3.0993717870329647,12.135700176946136,-3.0252100840336027,2.594513177871704,0.9876825213432312,1682,gt,unik3d,True,361113.8656655667,503812.85139274533,137.034208194586,1.4458462017565283,2.6686749995985792,
943623705468611,2025,loc2,361124.27563437924,503784.4712108318,49.80342135264164,-6.015722885447353,17.02001057418736,-6.050420168067234,2.2467451095581055,1.0078474283218384,868,gt,unik3d,True,361124.1455172164,503783.41792780044,47.59137347171544,1.061289602395759,2.2120478809262067,
943623705468611,2024,loc2,361124.27563437924,503784.4712108318,49.80342135264164,-6.015722885447353,17.02001057418736,-6.050420168067234,1.8050099611282349,1.0789415836334229,868,gt,unik3d,True,361123.40367920254,503782.59291685955,48.033108838639045,2.0708196629079354,1.7703125140025975,
29302096676059304,2025,loc2,361152.32174410915,503793.66742612515,319.9515651069156,4.316161634599496,13.949475893151511,4.285714285714278,-1.0206378698349,0.8139283657073975,983,gt,unik3d,True,361152.4330199856,503792.8780637539,321.00265038616897,0.7971670300774395,1.051085279253357,
29302096676059304,2024,loc2,361152.32174410915,503793.66742612515,319.9515651069156,4.316161634599496,13.949475893151511,4.285714285714278,0.8709869384765625,0.8958199620246887,983,gt,unik3d,True,361153.48449256184,503793.2326481577,319.11102544765095,1.241376592821032,0.8405396592646639,
945959455229054,2025,loc2,361178.48574524716,503815.7914123349,319.40193817603665,5.641812144021799,27.251830454577384,5.5462184873949525,-2.0861988067626953,0.6424976587295532,935,gt,unik3d,True,361139.68473618204,503828.9184983914,321.58373079255614,40.961429330612944,2.1817926165194876,
945959455229054,2024,loc2,361178.48574524716,503815.7914123349,319.40193817603665,5.641812144021799,27.251830454577384,5.5462184873949525,-7.019930839538574,0.7592406868934631,935,gt,unik3d,True,361147.24778696557,503835.2183126182,326.51746296292583,36.786063831571155,7.115524786889182,
1673666160842107,2025,loc2,361202.9486604999,503836.40604008455,318.7916284373411,-6.271234669343528,15.70464143546742,-6.3025210084033745,-2.386604070663452,0.9376168251037598,771,gt,unik3d,True,361206.8250213569,503837.4612793964,321.20951905452466,4.017424983649408,2.4178906171835592,
1673666160842107,2024,loc2,361202.9486604999,503836.40604008455,318.7916284373411,-6.271234669343528,15.70464143546742,-6.3025210084033745,0.6713117957115173,0.9517704248428345,771,gt,unik3d,True,361205.98528501915,503836.9323552199,318.151602954826,3.081898131467555,0.6400254825151137,
1090951123865054,2025,loc2,361229.35377108154,503858.7442823788,319.919795509785,-0.549489801134257,16.959665045204776,-0.5042016806722813,1.80795419216156,0.896754801273346,959,gt,unik3d,True,361230.6624310375,503857.9637718676,318.0665531832607,1.5237412964325159,1.8532423265243096,
1090951123865054,2024,loc2,361229.35377108154,503858.7442823788,319.919795509785,-0.549489801134257,16.959665045204776,-0.5042016806722813,1.272843837738037,0.9019402265548706,959,gt,unik3d,True,361230.12772844435,503857.12348367926,318.60166337013436,1.7961064623038772,1.3181321396506291,
2599151813871531,2025,loc2,361254.8027265823,503880.00557597354,319.1352500356382,-7.442632084407023,12.281534146748811,-7.563025210084021,-1.534696340560913,0.8828866481781006,745,gt,unik3d,True,361256.8624521429,503879.15805716754,320.79033964254336,2.227275804990253,1.6550896069051646,
2599151813871531,2024,loc2,361254.8027265823,503880.00557597354,319.1352500356382,-7.442632084407023,12.281534146748811,-7.563025210084021,1.5477811098098755,0.8280264139175415,745,gt,unik3d,True,361255.9724603276,503879.2579441623,317.7078619544491,1.3882472258811873,1.4273880811891217,
1597452008592561,2025,loc2,361281.9459420293,503902.72692003846,319.49911736546557,-9.68035871207644,10.473701680738039,-9.579831932773118,3.0155205726623535,0.938870906829834,856,gt,unik3d,True,361284.17549974815,503898.10146551597,316.38306993586656,5.134759698500496,3.116047429599007,
1597452008592561,2024,loc2,361281.9459420293,503902.72692003846,319.49911736546557,-9.68035871207644,10.473701680738039,-9.579831932773118,2.336923122406006,0.9131273031234741,856,gt,unik3d,True,361283.93377630186,503900.47653594567,317.0616674217909,3.002617801230107,2.4374499436746646,
1591043065903450,2025,loc2,361306.3013394185,503923.1993527394,319.37232726574774,3.222610575580063,23.29122924387973,3.2773109243697434,2.847522497177124,0.8898293972015381,750,gt,unik3d,True,361309.71209652827,503923.2593084826,316.470104185957,3.411284032866707,2.902223079790758,
1591043065903450,2024,loc2,361306.3013394185,503923.1993527394,319.37232726574774,3.222610575580063,23.29122924387973,3.2773109243697434,-3.6679675579071045,0.8471918106079102,750,gt,unik3d,True,361308.56765533733,503922.85336634994,322.9855952085096,2.2925737557575747,3.6132679427618655,
1112966985014802,2025,loc2,361331.9141680186,503944.78736955114,319.4289408658014,-4.960667802704165,11.004181313748436,-5.0420168067227,8.6380033493042,0.8191396594047546,978,gt,unik3d,True,361330.63689989585,503939.83763277245,310.8722861454085,5.111879110041147,8.556654720392885,
1112966985014802,2024,loc2,361331.9141680186,503944.78736955114,319.4289408658014,-4.960667802704165,11.004181313748436,-5.0420168067227,6.961623191833496,0.7882232666015625,978,gt,unik3d,True,361331.8177877352,503942.0716492584,312.5486669519029,2.7174300115284042,6.88027391389852,
2366348720838280,2025,loc2,361357.22639762436,503965.9155402966,319.33710303448834,-2.790270094327809,19.9311952713854,-2.7731092436974905,4.231604099273682,1.0451127290725708,726,gt,unik3d,True,361356.8158654161,503964.11582469905,315.0883377170519,1.8459449953969504,4.248765317436437,
2366348720838280,2024,loc2,361357.22639762436,503965.9155402966,319.33710303448834,-2.790270094327809,19.9311952713854,-2.7731092436974905,2.2959558963775635,1.0152311325073242,726,gt,unik3d,True,361357.00953316735,503964.5118618016,317.0239861237,1.4203321829616782,2.313116910788324,
1572977703746490,2025,loc2,361381.6841147716,503988.2561406791,315.26503124108785,-7.467504438691435,25.71821621208423,-7.563025210084021,14.237330436706543,0.7230226397514343,834,gt,unik3d,True,361370.803524292,504029.84055977274,301.12322023857917,42.98431295877856,14.141811002508689,
1572977703746490,2024,loc2,361381.6841147716,503988.2561406791,315.26503124108785,-7.467504438691435,25.71821621208423,-7.563025210084021,-1.6360979080200195,1.5536962747573853,834,gt,unik3d,True,361391.35667405906,504017.05241954286,316.9966501119635,30.377361300276387,1.73161887087565,
1579563780527774,2025,loc2,361404.36574653024,504011.34464292694,313.0300471049002,-1.5941689526003415,9.763494629555638,-1.5126050420168156,-1.0497256517410278,1.0150477886199951,718,gt,unik3d,True,361394.5389473956,503999.09042071947,313.99820895096843,15.707703305802312,0.9681618460682557,
1579563780527774,2024,loc2,361404.36574653024,504011.34464292694,313.0300471049002,-1.5941689526003415,9.763494629555638,-1.5126050420168156,-0.8553695678710938,0.8904375433921814,718,gt,unik3d,True,361407.28504382935,504012.15377897664,313.8038528503778,3.029356015319621,0.7738057454776026,
1077445214894446,2025,loc2,361428.2353577773,504036.8110457519,310.8947311561234,8.05048991485512,3.976917428087291,8.067226890756302,-1.6777082681655884,0.9502741098403931,926,gt,unik3d,True,361427.9734079075,504034.0429003485,312.5557025688579,2.780511950832107,1.6609714127345114,
1077445214894446,2024,loc2,361428.2353577773,504036.8110457519,310.8947311561234,8.05048991485512,3.976917428087291,8.067226890756302,2.3162643909454346,1.0158097743988037,926,gt,unik3d,True,361427.76767607365,504034.2496674267,308.5617293559519,2.60372523527486,2.3330018001714734,
1714471442944128,2025,loc2,361449.2520025681,504060.74706808943,311.00182836492553,6.734626208630061,6.94251102661193,6.806722689075627,-0.45507296919822693,0.9152637720108032,578,gt,unik3d,True,361447.29405484453,504057.819428184,311.3848048749253,3.5220213946027754,0.3829765099997644,
1714471442944128,2024,loc2,361449.2520025681,504060.74706808943,311.00182836492553,6.734626208630061,6.94251102661193,6.806722689075627,0.666639506816864,0.9463828206062317,578,gt,unik3d,True,361448.4000697833,504057.6864471191,310.26309231029916,3.176978154437236,0.7387360546263722,
1347449930528506,2025,loc2,361472.5967279173,504087.4096917212,309.77782126276634,4.674407105501302,12.618487808285318,4.789915966386559,-2.826570987701416,0.8999325037002563,714,gt,unik3d,True,361472.58329665364,504084.25031384954,312.48888339728006,3.1594064212759694,2.7110621345137247,
1347449930528506,2024,loc2,361472.5967279173,504087.4096917212,309.77782126276634,4.674407105501302,12.618487808285318,4.789915966386559,-0.9098485708236694,0.865897536277771,714,gt,unik3d,True,361471.0170638769,504083.61384271865,310.5721610667199,4.111424100081248,0.7943398039535623,
1413652087402340,2025,loc2,361492.29492151755,504113.28688474465,303.597875428812,8.229073075739507,22.33911953962091,8.319327731092443,7.182571887969971,0.9956707954406738,1147,gt,unik3d,True,361492.4844686598,504110.0613703441,296.3250478210074,3.231078963358155,7.272827607804629,
1413652087402340,2024,loc2,361492.29492151755,504113.28688474465,303.597875428812,8.229073075739507,22.33911953962091,8.319327731092443,-3.3205771446228027,0.9178400635719299,1147,gt,unik3d,True,361494.20096360135,504112.1399241934,306.82819801858477,2.2245257767462756,3.2303225897727543,
921953573931750,2025,loc2,361509.1497128202,504141.219079501,297.86871804825813,3.041536533574515,6.250142008424994,3.0252100840336027,3.9713120460510254,1.0359485149383545,1069,gt,unik3d,True,361508.4624793657,504136.3916451265,293.91373249837375,4.876106280725503,3.954985549884384,
921953573931750,2024,loc2,361509.1497128202,504141.219079501,297.86871804825813,3.041536533574515,6.250142008424994,3.0252100840336027,4.158632755279541,1.0350738763809204,1069,gt,unik3d,True,361508.90130218974,504137.4954398809,293.7264116480454,3.7319163792664924,4.1423064002127035,
1403478994512518,2025,loc2,361523.51524609205,504173.20255651977,288.43829113615783,1.6537922372540947,14.866719494006015,1.7647058823529278,-1.21330988407135,1.0341229438781738,1873,gt,unik3d,True,361523.242612702,504168.91707575874,289.5406875260554,4.294144189299944,1.1023963898975921,
1403478994512518,2024,loc2,361523.51524609205,504173.20255651977,288.43829113615783,1.6537922372540947,14.866719494006015,1.7647058823529278,-2.0288689136505127,1.1036670207977295,1873,gt,unik3d,True,361521.55207051226,504166.9180936726,290.3562462458423,6.583960178682383,1.917955109684499,
1794731371773449,2025,loc2,361531.8882455436,504204.8006149186,281.7546367960357,-6.150188741466479,5.99396090142357,-6.050420168067234,-1.1624702215194702,0.9621756672859192,3154,gt,unik3d,True,361531.9862962934,504200.6599299965,282.81733852804257,4.141845672368855,1.0627017320068717,
1794731371773449,2024,loc2,361531.8882455436,504204.8006149186,281.7546367960357,-6.150188741466479,5.99396090142357,-6.050420168067234,-2.3526456356048584,0.8771747350692749,3154,gt,unik3d,True,361531.2535212224,504197.8251177273,284.0075140801317,7.004315529003153,2.25287728409603,
3059374137740657,2025,loc2,361537.029446159,504237.8977794815,274.71356777171735,2.940754486831679,19.038467885016086,3.0252100840336027,-0.7065548896789551,0.8194195628166199,1259,gt,unik3d,True,361535.9240816886,504232.8163626473,275.33566714703704,5.200252653041819,0.6220993753196922,
3059374137740657,2024,loc2,361537.029446159,504237.8977794815,274.71356777171735,2.940754486831679,19.038467885016086,3.0252100840336027,-3.4033141136169434,0.7860332131385803,1259,gt,unik3d,True,361536.6691712627,504235.5057927141,278.032426370213,2.4189664521011647,3.3188585984956376,
1613002776844852,2025,loc2,361536.4232422584,504266.85521835927,272.2808270468631,-7.299063866086158,25.477756663519706,-7.310924369747909,3.1086812019348145,0.970689058303833,719,gt,unik3d,True,361537.4739812949,504265.73689372203,269.18400642994027,1.5345039971043526,3.096820616922855,
1613002776844852,2024,loc2,361536.4232422584,504266.85521835927,272.2808270468631,-7.299063866086158,25.477756663519706,-7.310924369747909,4.255350112915039,0.973057210445404,719,gt,unik3d,True,361537.676789967,504262.93113892234,268.03733683616235,4.11943943821083,4.24349021070077,
981836188268787,2025,loc2,361538.0477937769,504300.5927658677,272.513291319393,-7.182659188113973,9.522425563158581,-7.058823529411768,1.5295343399047852,0.9343418478965759,909,gt,unik3d,True,361539.73652507045,504302.8207634809,270.8599212861672,2.795672861084911,1.6533700332257695,
981836188268787,2024,loc2,361538.0477937769,504300.5927658677,272.513291319393,-7.182659188113973,9.522425563158581,-7.058823529411768,-0.04640474170446396,0.8375282287597656,909,gt,unik3d,True,361538.5816815706,504297.53974492644,272.4358604047796,3.0993504229277726,0.07743091461338736,
1093658489977921,2025,loc2,361539.8923210439,504335.836993712,272.28727856222014,9.904899376608512,14.66003649103303,9.831932773109259,-3.9956164360046387,0.8977771401405334,1005,gt,unik3d,True,361541.3119115918,504336.1083455527,276.3558614384419,1.4452920622404133,4.06858287622174,
1093658489977921,2024,loc2,361539.8923210439,504335.836993712,272.28727856222014,9.904899376608512,14.66003649103303,9.831932773109259,-5.668597221374512,1.0410194396972656,1005,gt,unik3d,True,361540.9490533312,504334.8405456115,278.02884264041535,1.4524434391976597,5.741564078195211,
1619687222851775,2025,loc2,361541.55438086914,504368.50681948196,272.37270993829156,5.896318191475984,16.958902953093734,5.798319327731093,1.467761516571045,0.8387334942817688,1097,gt,unik3d,True,361542.3039962808,504367.8300644641,271.0029472046052,1.0099111939144765,1.3697627336863434,
1619687222851775,2024,loc2,361541.55438086914,504368.50681948196,272.37270993829156,5.896318191475984,16.958902953093734,5.798319327731093,0.6128048896789551,0.8384760618209839,1097,gt,unik3d,True,361542.18994463905,504368.1806934809,271.8579038438114,0.7143524859548738,0.51480609448015,
1391865393135267,2025,loc2,361544.367099523,504400.577955069,277.8347799880502,-3.973653395355086,3.292530676545595,-4.033613445378137,0.5964347720146179,0.814109206199646,1003,gt,unik3d,True,361546.3282190285,504402.9138636294,277.2983052308315,3.0499931995207237,0.5364747572186843,
1391865393135267,2024,loc2,361544.367099523,504400.577955069,277.8347799880502,-3.973653395355086,3.292530676545595,-4.033613445378137,0.6694353222846985,0.9540374875068665,1003,gt,unik3d,True,361545.3940200971,504402.09995823406,277.2253046425861,1.8360445255631843,0.6094753454640909,
1316675827064189,2025,loc2,361552.2189105195,504434.41134184506,287.1074839647609,-8.711957542347193,20.80738963306581,-8.823529411764696,0.36585643887519836,0.8883702754974365,817,gt,unik3d,True,361552.4021356555,504435.36520263355,286.8531993883969,0.9712990550220778,0.25428457636400026,
1316675827064189,2024,loc2,361552.2189105195,504434.41134184506,287.1074839647609,-8.711957542347193,20.80738963306581,-8.823529411764696,-2.993711471557617,0.7929078340530396,817,gt,unik3d,True,361540.95444004214,504446.9792333996,290.2127672243086,16.877209285374764,3.1052832595477184,
28263711263284815,2025,loc2,361563.71273511497,504464.28748197947,292.85422022979816,-1.1825195596875346,21.60799338112897,-1.260504201680675,-0.024922503158450127,0.8682986497879028,560,gt,unik3d,True,361563.34226809203,504464.0244046564,292.95712737672716,0.4543737371451547,0.10290714692899883,
28263711263284815,2024,loc2,361563.71273511497,504464.28748197947,292.85422022979816,-1.1825195596875346,21.60799338112897,-1.260504201680675,-0.9723035097122192,0.8962181806564331,560,gt,unik3d,True,361562.538478343,504463.4506757289,293.90450849482215,1.441916664552381,1.050288265023994,
3489296377898570,2025,loc2,361571.625468986,504493.47068203054,299.5680585925597,4.646418907159841,31.05471874169141,4.537815126050418,1.7180554866790771,0.9829612970352173,551,gt,unik3d,True,361575.2505847537,504486.59252551495,297.95860682196803,7.774992050302959,1.6094517705916473,
3489296377898570,2024,loc2,361571.625468986,504493.47068203054,299.5680585925597,4.646418907159841,31.05471874169141,4.537815126050418,3.1714420318603516,1.014796257019043,551,gt,unik3d,True,361575.90364856116,504489.0319768506,296.5052203555562,6.164813391493378,3.0628382370034615,
1131727186478749,2025,loc2,361588.8523000926,504518.82913805824,307.4974744287967,4.978490127356963,12.992740716188614,5.0420168067227,2.4593358039855957,0.9099031686782837,658,gt,unik3d,True,361595.109561196,504516.4867606439,304.97461198535956,6.681320862500752,2.522862443437134,
1131727186478749,2024,loc2,361588.8523000926,504518.82913805824,307.4974744287967,4.978490127356963,12.992740716188614,5.0420168067227,1.0849571228027344,0.9509793519973755,658,gt,unik3d,True,361595.3618559897,504516.90362525807,306.3489904686101,6.788366336681686,1.1484839601865815,
1599642875223994,2025,loc2,361610.9469463425,504543.66361937486,313.92116788058945,-0.5885879537345886,16.26362682875061,-0.5042016806722813,-3.064213275909424,0.9649635553359985,730,gt,unik3d,True,361617.30735694146,504540.91393141606,316.90099484630247,6.929329466722085,2.9798269657130163,
1599642875223994,2024,loc2,361610.9469463425,504543.66361937486,313.92116788058945,-0.5885879537345886,16.26362682875061,-0.5042016806722813,4.679211139678955,0.39748743176460266,730,gt,unik3d,True,361613.6627392562,504564.25788804394,309.157570080911,20.7725644340014,4.76359779967845,
1073713638614184,2025,loc2,361636.8629086914,504567.6693398636,318.45576423936296,-6.625193360644289,7.870400249050183,-6.554621848739487,-2.026214122772217,0.4604625403881073,1489,gt,unik3d,True,361642.51606442884,504564.5457930339,320.4114068439119,6.458692947412487,1.9556426045489275,
1073713638614184,2024,loc2,361636.8629086914,504567.6693398636,318.45576423936296,-6.625193360644289,7.870400249050183,-6.554621848739487,-2.346548557281494,0.5355458855628967,1489,gt,unik3d,True,361642.0954090175,504563.8935814426,320.7317413755749,6.4525507604774415,2.2759771362119636,
1120440463974740,2025,loc2,361660.74811106944,504589.6475856835,311.0860382163991,-4.294805491446198,22.095073244316996,-4.285714285714278,-0.6090171933174133,0.8335728049278259,1145,gt,unik3d,True,361666.0248132379,504586.6915215302,311.68596426642563,6.048297368097962,0.5999260500265109,
1120440463974740,2024,loc2,361660.74811106944,504589.6475856835,311.0860382163991,-4.294805491446198,22.095073244316996,-4.285714285714278,-0.6439003348350525,0.8755068778991699,1145,gt,unik3d,True,361665.71940707456,504586.66350877093,311.7208474111387,5.79814616845157,0.6348091947396028,
1396740292671110,2025,loc2,361683.0279493844,504613.3827825114,318.1565499517186,-5.243072536293141,6.705064392208142,-5.294117647058812,0.4124372601509094,1.2770427465438843,1087,gt,unik3d,True,361686.05575624073,504604.51452347747,317.79515777653614,9.370892841790775,0.36139217518245914,
1396740292671110,2024,loc2,361683.0279493844,504613.3827825114,318.1565499517186,-5.243072536293141,6.705064392208142,-5.294117647058812,0.7305651903152466,1.0763784646987915,1087,gt,unik3d,True,361685.9884341047,504604.9664250439,317.4770298030835,8.921857586872534,0.6795201486351061,
1100290906086001,2025,loc2,361707.85448543716,504638.3282890087,290.3221943299974,6.408059954103123,18.034100514463145,6.3025210084033745,6.122565269470215,1.0158385038375854,582,gt,unik3d,True,361710.3155467641,504634.86664370325,284.30516788654177,4.24732987602728,6.01702644345562,
1100290906086001,2024,loc2,361707.85448543716,504638.3282890087,290.3221943299974,6.408059954103123,18.034100514463145,6.3025210084033745,5.586897373199463,1.1167027950286865,582,gt,unik3d,True,361709.5409126982,504634.1159553478,284.8408361439705,4.537377191474806,5.48135818602691,
1436906631667845,2025,loc2,361697.4136276352,504666.51541773695,211.2542456606379,-9.664194314343604,9.263483136300188,-9.579831932773118,3.7206945419311523,1.060804843902588,693,gt,unik3d,True,361701.6747666452,504659.13859255356,207.44918879642867,8.519087712227712,3.8050568642092344,
1436906631667845,2024,loc2,361697.4136276352,504666.51541773695,211.2542456606379,-9.664194314343604,9.263483136300188,-9.579831932773118,2.307471513748169,1.06278657913208,693,gt,unik3d,True,361701.03953937767,504659.0421106697,208.86241154026058,8.3064766589239,2.3918341203773252,
1609692443937868,2025,loc2,361668.9486892873,504682.8453561375,210.79401582028814,-6.061627934747776,17.21515125008524,-6.050420168067234,3.1790781021118164,1.0094441175460815,635,gt,unik3d,True,361664.85529862274,504679.4100503491,207.6037298028464,5.34389118457245,3.1902860174417356,
1609692443937868,2024,loc2,361668.9486892873,504682.8453561375,210.79401582028814,-6.061627934747776,17.21515125008524,-6.050420168067234,4.3342604637146,0.9119117259979248,635,gt,unik3d,True,361668.8533459614,504677.37832752516,206.4485471981893,5.467859928510741,4.345468622098849,
2140812226473784,2025,loc2,361641.04399474245,504701.4222107101,213.78021034732328,-3.4487666741794385,17.644428879364742,-3.529411764705884,-1.1894981861114502,0.9068529009819031,871,gt,unik3d,True,361641.0254003408,504699.76910265035,215.0503536948906,1.6532126327473775,1.2701433475673127,
2140812226473784,2024,loc2,361641.04399474245,504701.4222107101,213.78021034732328,-3.4487666741794385,17.644428879364742,-3.529411764705884,-0.5078550577163696,0.8816823363304138,871,gt,unik3d,True,361639.2165872849,504699.26634220337,214.36871049610065,2.8261611833773315,0.5885001487773707,
1770134364187132,2025,loc2,361614.59098087926,504722.44381314795,220.41034254713298,8.804444454854377,19.92527726184344,8.823529411764696,1.5367075204849243,0.9649500846862793,838,gt,unik3d,True,361615.5402284864,504717.0332414158,218.85454991302868,5.493210126003106,1.5557926341043071,
1770134364187132,2024,loc2,361614.59098087926,504722.44381314795,220.41034254713298,8.804444454854377,19.92527726184344,8.823529411764696,-0.8056013584136963,0.8750959038734436,838,gt,unik3d,True,361614.87850097637,504717.54738569364,221.1968589695925,4.904861835114564,0.7865164224595276,
3960386027436480,2025,loc2,361591.5952234963,504746.5269450778,230.05124253896744,8.361483200621052,15.710932213991812,8.319327731092443,0.0003790752962231636,0.9414894580841064,921,gt,unik3d,True,361591.85498262424,504744.41114640364,230.0930189331779,2.131684506247634,0.04177639421044432,
3960386027436480,2024,loc2,361591.5952234963,504746.5269450778,230.05124253896744,8.361483200621052,15.710932213991812,8.319327731092443,1.445130467414856,0.9137019515037537,921,gt,unik3d,True,361592.69299035263,504742.88610401336,228.64826744775644,3.8027379251549847,1.4029750912110046,
1799341664552833,2025,loc2,361572.6457602309,504774.8962715687,239.07370792608288,8.243739053374185,21.906598058444533,8.319327731092443,-1.4086599349975586,0.9629666805267334,729,gt,unik3d,True,361573.4701496156,504774.5108038557,240.40677924196174,0.9100567099849091,1.3330713158788683,
1799341664552833,2024,loc2,361572.6457602309,504774.8962715687,239.07370792608288,8.243739053374185,21.906598058444533,8.319327731092443,0.07766096293926239,1.0402922630310059,729,gt,unik3d,True,361572.6696975036,504773.8358066169,238.92045828196683,1.0607350786731093,0.1532496441160447,
1388036546256933,2025,loc2,361558.7140618083,504804.42107867356,249.01867383618352,9.474083171671651,17.876799473428807,9.579831932773118,-2.636972188949585,0.9124441742897034,749,gt,unik3d,True,361559.92364782194,504803.66969211446,251.54989716751214,1.4239663217840501,2.5312233313286185,
1388036546256933,2024,loc2,361558.7140618083,504804.42107867356,249.01867383618352,9.474083171671651,17.876799473428807,9.579831932773118,0.050128474831581116,0.9370449781417847,749,gt,unik3d,True,361560.4506766826,504803.7893118032,248.86279659511553,1.8479612009083373,0.15587724106799783,
1392556546281046,2025,loc2,361548.052834857,504835.79213500954,250.87378567541663,7.06268696714011,10.700752972659181,7.058823529411768,-2.0372602939605713,1.0736981630325317,991,gt,unik3d,True,361551.4959766684,504834.39618064143,252.91490937936982,3.7153619111651084,2.0411237039531898,
1392556546281046,2024,loc2,361548.052834857,504835.79213500954,250.87378567541663,7.06268696714011,10.700752972659181,7.058823529411768,-3.1092605590820312,1.0659366846084595,991,gt,unik3d,True,361550.5679406776,504834.83974070725,253.9869094251631,2.6893888145109774,3.113123749746478,
1400716081531820,2025,loc2,361537.2392487183,504867.6496268753,251.32015210508467,3.186497801348793,25.192597472479502,3.2773109243697434,1.385378360748291,1.107098937034607,1418,gt,unik3d,True,361541.3263809114,504869.81938245555,249.84396053081161,4.627363054897571,1.4761915742730594,
1400716081531820,2024,loc2,361537.2392487183,504867.6496268753,251.32015210508467,3.186497801348793,25.192597472479502,3.2773109243697434,2.9013848304748535,1.0218974351882935,1418,gt,unik3d,True,361540.3486286669,504869.42669595964,248.32795389300264,3.5813709937936182,2.9921982120820303,
1892217645152325,2025,loc2,361527.15932734055,504899.9309961172,251.75060327783478,-9.0737365324849,21.31033776483124,-9.075630252100837,-3.9963555335998535,0.9946285486221313,1002,gt,unik3d,True,361529.60751585127,504900.9920275419,255.74885275713208,2.668223129407628,3.9982494792973,
1892217645152325,2024,loc2,361527.15932734055,504899.9309961172,251.75060327783478,-9.0737365324849,21.31033776483124,-9.075630252100837,-2.674881935119629,0.8392899036407471,1002,gt,unik3d,True,361528.29190931807,504901.08677795023,254.42737898156594,1.6182007234618405,2.6767757037311526,
845278345272909,2025,loc2,361517.99783600273,504929.75817886833,251.94198824508135,-2.310200403180687,21.380501203604464,-2.268907563025209,1.2756686210632324,1.0161759853363037,1046,gt,unik3d,True,361519.93489581964,504931.7306580133,250.62502666168615,2.7645749603987824,1.316961583395198,
845278345272909,2024,loc2,361517.99783600273,504929.75817886833,251.94198824508135,-2.310200403180687,21.380501203604464,-2.268907563025209,3.6313693523406982,1.0102194547653198,1046,gt,unik3d,True,361519.47773260024,504930.70042672293,248.26932573322478,1.754401595648945,3.672662511856572,
2612096309208434,2025,loc2,361509.8059636109,504962.64188964665,260.82867997460966,-7.259085832096645,28.76716591413593,-7.310924369747909,2.9283647537231445,0.977590799331665,885,gt,unik3d,True,361513.5046164025,504964.6589638183,257.9521535299677,4.212911189044848,2.876526444641968,
2612096309208434,2024,loc2,361509.8059636109,504962.64188964665,260.82867997460966,-7.259085832096645,28.76716591413593,-7.310924369747909,11.565885543823242,0.8097878694534302,885,gt,unik3d,True,361512.0661651414,504961.3524745244,249.31463290933553,2.602134184872661,11.514047065274127,
1645304160505212,2025,loc2,361502.2519723498,504994.43547046836,252.93062506393304,0.9030756828793471,23.126982233794703,1.0084033613445342,7.2549214363098145,1.033682942390442,925,gt,unik3d,True,361502.06091822486,504992.4463149854,245.5703763201801,1.9983095891484088,7.360248743752948,
1645304160505212,2024,loc2,361502.2519723498,504994.43547046836,252.93062506393304,0.9030756828793471,23.126982233794703,1.0084033613445342,1.9027396440505981,1.112904667854309,925,gt,unik3d,True,361501.64963177365,504993.13509431627,250.92255744245202,1.4331058253504294,2.0080676214810183,
1368742985247867,2025,loc2,361492.2334559488,505028.35266217124,253.1819735066803,-1.6750923090158665,31.475862592707085,-1.7647058823529278,10.324657440185547,1.0557630062103271,667,gt,unik3d,True,361488.7831271208,505033.71728770033,242.94692938170678,6.378399179168472,10.235044124973513,
1368742985247867,2024,loc2,361492.2334559488,505028.35266217124,253.1819735066803,-1.6750923090158665,31.475862592707085,-1.7647058823529278,3.42484188079834,0.9404306411743164,667,gt,unik3d,True,361490.86897159176,505031.20545220334,249.84674543589816,3.162313793405041,3.3352280707821365,
1094966510141854,2025,loc2,361482.8214742172,505058.37402536254,250.83743577092525,-8.858758712488594,23.833040175420262,-8.823529411764696,4.7063679695129395,1.0144249200820923,1162,gt,unik3d,True,361482.77102618164,505059.0645912623,246.09583804339087,0.6924061425359443,4.7415977275343835,
1094966510141854,2024,loc2,361482.8214742172,505058.37402536254,250.83743577092525,-8.858758712488594,23.833040175420262,-8.823529411764696,0.38552963733673096,0.9094192981719971,1162,gt,unik3d,True,361483.00921204814,505057.0346990764,250.41667680597791,1.352420198742944,0.4207589649473391,
1576088213452988,2025,loc2,361471.7362748644,505091.2981349118,251.55647181361104,3.049221332387475,18.721075740382243,3.0252100840336027,0.8517405390739441,1.0567727088928223,1140,gt,unik3d,True,361475.0082738781,505090.95571061637,250.728742457286,3.28986807388248,0.827729356325051,
1576088213452988,2024,loc2,361471.7362748644,505091.2981349118,251.55647181361104,3.049221332387475,18.721075740382243,3.0252100840336027,2.798719882965088,0.9545498490333557,1140,gt,unik3d,True,361472.75844591315,505089.0675008074,248.781763248019,2.45368338638092,2.77470856559205,
2326419104828349,2025,loc2,361463.87377641036,505123.49797958974,285.5099973265701,1.0527138412930412,26.68045424726671,1.0084033613445342,0.2551749348640442,0.9291967749595642,894,gt,unik3d,True,361463.6340158692,505127.14915735926,285.2991328394212,3.65904143482895,0.21086448714891048,
2326419104828349,2024,loc2,361463.87377641036,505123.49797958974,285.5099973265701,1.0527138412930412,26.68045424726671,1.0084033613445342,-2.6580309867858887,0.8962668180465698,894,gt,unik3d,True,361462.66530876054,505125.96172630927,288.2123387862166,2.7441650749628583,2.7023414596465045,
1611154070401669,2025,loc2,361493.0522768595,505138.26740477607,322.2927948363659,5.1298490002480435,7.129906097234458,5.0420168067227,1.5018930435180664,1.0196137428283691,1407,gt,unik3d,True,361493.5396849244,505140.08728671144,320.87873393750544,1.884021464954085,1.4140608988604413,
1611154070401669,2024,loc2,361493.0522768595,505138.26740477607,322.2927948363659,5.1298490002480435,7.129906097234458,5.0420168067227,1.5578798055648804,0.9898000359535217,1407,gt,unik3d,True,361492.22941563214,505138.14676756784,320.822747198924,0.8316573426211815,1.470047637441894,
2044825309733264,2025,loc2,361517.82771305204,505160.52887198236,318.5141274465706,2.600160673080495,13.149040600903362,2.52100840336135,2.5025386810302734,0.9181188941001892,1568,gt,unik3d,True,361520.1722382583,505163.93910929456,316.0907409885298,4.138419622062912,2.423386458040852,
2044825309733264,2024,loc2,361517.82771305204,505160.52887198236,318.5141274465706,2.600160673080495,13.149040600903362,2.52100840336135,1.4039027690887451,0.9171762466430664,1568,gt,unik3d,True,361517.8747167143,505161.9302194795,317.18937690985564,1.4021355683300922,1.324750536714987,
1353979803178810,2025,loc2,361530.3587487028,505170.9117681952,148.200596317521,2.817757957417797,19.879731431761236,2.7731092436974905,-0.20901288092136383,0.8979077339172363,1331,gt,unik3d,True,361528.36279131647,505174.75513395254,148.45425791294466,4.330739686540611,0.2536615954236652,
1353979803178810,2024,loc2,361530.3587487028,505170.9117681952,148.200596317521,2.817757957417797,19.879731431761236,2.7731092436974905,2.2264404296875,0.8653216361999512,1331,gt,unik3d,True,361528.5206098346,505174.16132737894,146.01880460071737,3.7334152444323245,2.181791716803616,
1112299907902984,2025,loc2,361505.03398144763,505148.4196676966,135.10897763472872,3.930005124713489,10.34373706356613,4.033613445378137,2.118300437927246,0.9043569564819336,1443,gt,unik3d,True,361502.3111691454,505152.020480803,132.88706891132196,4.514372809199085,2.221908723406756,
1112299907902984,2024,loc2,361505.03398144763,505148.4196676966,135.10897763472872,3.930005124713489,10.34373706356613,4.033613445378137,0.8822426795959473,0.8944076299667358,1443,gt,unik3d,True,361501.172039502,505149.5129760235,134.12312656427167,4.013716318954159,0.9858510704570449,
1099992155940572,2025,loc2,361476.9349046636,505130.8601407418,162.9595274769371,8.887178876421416,20.092687879152262,8.823529411764696,-4.868994235992432,0.9211459755897522,1384,gt,unik3d,True,361474.29021671653,505134.68137023714,167.89217146443124,4.647167868002028,4.932643987494146,
1099992155940572,2024,loc2,361476.9349046636,505130.8601407418,162.9595274769371,8.887178876421416,20.092687879152262,8.823529411764696,2.371269464492798,0.8609306812286377,1384,gt,unik3d,True,361474.08407546894,505132.45118100784,160.6519073653476,3.2647566869854625,2.3076201115895003,
2090069028562856,2025,loc2,361462.71241398016,505108.46205451246,77.33940240615863,-3.947619285778174,7.219451698844917,-4.033613445378137,-0.9904355406761169,0.9424177408218384,838,gt,unik3d,True,361461.25042021874,505110.2233053678,78.41583205944758,2.288980195168565,1.0764296532889546,
2090069028562856,2024,loc2,361462.71241398016,505108.46205451246,77.33940240615863,-3.947619285778174,7.219451698844917,-4.033613445378137,-1.0954667329788208,0.985037088394165,838,gt,unik3d,True,361460.3858043731,505109.5041466032,78.52086340610454,2.549327007157712,1.181460999945898,
28071381109150220,2025,loc2,361468.2257658363,505078.0853922805,76.58461707839409,8.123714022458287,23.939479890668725,8.067226890756302,2.2889015674591064,0.912354052066803,1085,gt,unik3d,True,361465.4201075935,505084.95579548995,74.3522027390362,7.4211965636251405,2.232414339357888,
28071381109150220,2024,loc2,361468.2257658363,505078.0853922805,76.58461707839409,8.123714022458287,23.939479890668725,8.067226890756302,3.4868931770324707,0.8274893760681152,1085,gt,unik3d,True,361466.13696788857,505084.5266388637,73.1542106681098,6.771464716929848,3.4304064102842915,
1120045207649869,2025,loc2,361477.51365528506,505045.06929584127,72.0560999263658,7.635560614031732,15.767017748521466,7.563025210084021,-3.466024160385132,0.8994271159172058,877,gt,unik3d,True,361476.46535601164,505047.63864436507,75.594659412363,2.7749744509463965,3.5385594859972116,
1120045207649869,2024,loc2,361477.51365528506,505045.06929584127,72.0560999263658,7.635560614031732,15.767017748521466,7.563025210084021,-5.918977737426758,0.8636420965194702,877,gt,unik3d,True,361476.65558530384,505045.6616968277,78.04761284324341,1.0426998711820183,5.9915129168776105,
2176435617086201,2025,loc2,361465.31389726076,505019.4838384604,159.3120439262325,-1.7980828454648474,13.909927120831163,-1.7647058823529278,3.46820068359375,0.9469450116157532,686,gt,unik3d,True,361461.3056343419,505020.78521825065,155.81046621451034,4.2142331431834865,3.501577711722149,
2176435617086201,2024,loc2,361465.31389726076,505019.4838384604,159.3120439262325,-1.7980828454648474,13.909927120831163,-1.7647058823529278,0.4126511514186859,1.0038961172103882,686,gt,unik3d,True,361463.2283309385,505020.76672189333,158.8660157878209,2.4485458515263394,0.4460281384115774,
1476656934564153,2025,loc2,361435.5440886696,505009.21059400775,161.60204431611461,5.457368974822998,11.639224023998057,5.5462184873949525,3.2947325706481934,0.9634236693382263,699,gt,unik3d,True,361435.72167441616,505010.95478432375,158.21846203903658,1.7532075050709557,3.383582277078034,
1476656934564153,2024,loc2,361435.5440886696,505009.21059400775,161.60204431611461,5.457368974822998,11.639224023998057,5.5462184873949525,3.1703622341156006,1.0540626049041748,699,gt,unik3d,True,361436.6555298381,505012.2326745859,158.34283228407864,3.2199802005421825,3.2592120320359754,
1555312799214362,2025,loc2,361402.0505830572,504999.5467164507,164.80215097186715,-0.36491725174775524,20.2364739076955,-0.25210084033614066,-3.098987102508545,1.0326275825500488,751,gt,unik3d,True,361403.9664256688,505000.8048742345,167.78832180320893,2.2920327050872276,2.9861708313417807,
1555312799214362,2024,loc2,361402.0505830572,504999.5467164507,164.80215097186715,-0.36491725174775524,20.2364739076955,-0.25210084033614066,0.10220957547426224,1.0505237579345703,751,gt,unik3d,True,361402.5686069194,505000.8763773043,164.58712498623356,1.4270062043900542,0.21502598563358788,
1626801685484071,2025,loc2,361370.61223184236,504993.5602959525,175.96341037533338,-2.573595983101029,14.41569047560796,-2.52100840336135,-2.588287591934204,1.0321166515350342,725,gt,unik3d,True,361361.81135216233,504995.52075819403,178.49911051334672,9.016590006364266,2.5357001380133397,
1626801685484071,2024,loc2,361370.61223184236,504993.5602959525,175.96341037533338,-2.573595983101029,14.41569047560796,-2.52100840336135,-2.8577535152435303,0.9747785925865173,725,gt,unik3d,True,361365.11791808176,504995.8024941754,178.7685764967692,5.934217435409286,2.805166121435832,
1613966733737828,2025,loc2,361336.7890929675,504998.1562380204,197.05928498559814,2.207815164005268,26.72184568245672,2.268907563025209,1.0491734743118286,1.1248859167099,1153,gt,unik3d,True,361337.41549922025,504997.9100884179,195.94901902569742,0.6730337437934749,1.1102659599007154,
1613966733737828,2024,loc2,361336.7890929675,504998.1562380204,197.05928498559814,2.207815164005268,26.72184568245672,2.268907563025209,2.8355422019958496,0.9569553732872009,1153,gt,unik3d,True,361332.4255323627,504999.14749743865,194.16265040343237,4.4747353425738075,2.896634582165774,
1597169132134158,2025,loc2,361306.71443197003,505011.736835639,207.23425306814022,-8.225999577309977,16.617344621785456,-8.319327731092443,5.680682182312012,0.8427454233169556,1162,gt,unik3d,True,361312.0270873101,505008.80448649393,201.64689856448874,6.068193987577908,5.587354503651483,
1597169132134158,2024,loc2,361306.71443197003,505011.736835639,207.23425306814022,-8.225999577309977,16.617344621785456,-8.319327731092443,0.5011411309242249,0.8104996681213379,1162,gt,unik3d,True,361308.674586692,505010.68709869287,206.82644000317822,2.2235454099594705,0.4078130649619993,
1402659124563537,2025,loc2,361277.040160692,505027.92995291576,208.03905708647943,8.65965665409513,8.855698734088296,8.571428571428584,1.4506720304489136,0.9937117695808411,1150,gt,unik3d,True,361280.01503962936,505026.6980604613,206.6766130874904,3.2198546102612955,1.362443998989022,
1402659124563537,2024,loc2,361277.040160692,505027.92995291576,208.03905708647943,8.65965665409513,8.855698734088296,8.571428571428584,0.8755070567131042,0.9032208919525146,1150,gt,unik3d,True,361278.4290092201,505027.20858596865,207.25177807947588,1.5650145387066892,0.7872790070035478,
1791234278691271,2025,loc2,361248.69493693695,505043.69381941203,209.6648863003122,1.7435768371426832,16.24948713467383,1.7647058823529278,1.419897437095642,0.9764837026596069,1005,gt,unik3d,True,361249.5376853022,505043.09855583654,208.22385973434473,1.0317768806480931,1.4410265659674621,
1791234278691271,2024,loc2,361248.69493693695,505043.69381941203,209.6648863003122,1.7435768371426832,16.24948713467383,1.7647058823529278,-1.8452792167663574,1.0127960443496704,1005,gt,unik3d,True,361248.4304398373,505043.3706297713,211.48903655462644,0.4176245438178153,1.8241502543142474,
1405846657542303,2025,loc2,361219.375578727,505062.97825993877,214.96344899372846,6.056737534159993,25.221231150621673,6.050420168067234,-5.840983867645264,1.0055526494979858,1071,gt,unik3d,True,361188.9668614068,505083.9498235671,220.81075000179277,36.93909270781891,5.847301008064306,
1405846657542303,2024,loc2,361219.375578727,505062.97825993877,214.96344899372846,6.056737534159993,25.221231150621673,6.050420168067234,1.317293643951416,0.8945859670639038,1071,gt,unik3d,True,361191.02225509903,505084.25368927204,213.6524725456417,35.44791748561353,1.3109764480867625,
1998492840812168,2025,loc2,361193.17285884917,505080.8191491077,211.75623618199398,1.3895225455157458,10.470201063665568,1.5126050420168156,-0.9218095541000366,0.9360132813453674,1023,gt,unik3d,True,361196.3338827954,505079.0991463351,212.55496337839384,3.5986778025291466,0.7987271963998523,
1998492840812168,2024,loc2,361193.17285884917,505080.8191491077,211.75623618199398,1.3895225455157458,10.470201063665568,1.5126050420168156,-4.11789083480835,0.8898791074752808,1023,gt,unik3d,True,361194.9615857213,505079.5857801012,215.75104455002838,2.1727270719571297,3.9948083680343984,
1805068834011537,2025,loc2,361163.0245726018,505098.3813070329,208.45031946885874,8.009280813364882,21.666892470989286,8.067226890756302,0.769997775554657,0.9010317325592041,1006,gt,unik3d,True,361159.55321537436,505098.91733944014,207.62237558089313,3.5124993582894244,0.8279438879656027,
1805068834011537,2024,loc2,361163.0245726018,505098.3813070329,208.45031946885874,8.009280813364882,21.666892470989286,8.067226890756302,-4.402471542358398,0.748133659362793,1006,gt,unik3d,True,361161.2490562252,505098.60559684824,212.79484524053163,1.789626867488391,4.344525771672892,
1577342996632443,2025,loc2,361134.2897713471,505114.6866960563,208.9614748458836,-9.746158045026704,19.367283357091466,-9.831932773109259,0.843503475189209,0.8877696990966797,829,gt,unik3d,True,361135.96027203894,505112.59694108204,208.20374601542332,2.675378181465979,0.7577288304602803,
1577342996632443,2024,loc2,361134.2897713471,505114.6866960563,208.9614748458836,-9.746158045026704,19.367283357091466,-9.831932773109259,-1.9165215492248535,0.7835947871208191,829,gt,unik3d,True,361135.2064819186,505113.3102531563,210.96377115985885,1.6537694303696615,2.0022963139752505,
1627218468984037,2025,loc2,361104.2994642516,505131.69463421684,208.56185229796802,-9.51871752746277,17.942895650688364,-9.579831932773118,1.7514784336090088,0.9404693245887756,595,gt,unik3d,True,361106.92972018284,505130.3693086611,206.8714880996134,2.9452901542129624,1.6903641983546152,
1627218468984037,2024,loc2,361104.2994642516,505131.69463421684,208.56185229796802,-9.51871752746277,17.942895650688364,-9.579831932773118,-0.8366952538490295,0.933300793170929,595,gt,unik3d,True,361106.32381120464,505129.92685619893,209.45966202879654,2.6875676190225586,0.8978097308285271,
2978326649172208,2025,loc2,361076.50747162476,505147.5510879224,209.39059915242893,-2.7639669859896685,12.22159616334029,-2.7731092436974905,-0.2401125729084015,0.9983958601951599,916,gt,unik3d,True,361075.6274027563,505145.58955887915,209.6398540078131,2.149911021605258,0.24925485538418002,
2978326649172208,2024,loc2,361076.50747162476,505147.5510879224,209.39059915242893,-2.7639669859896685,12.22159616334029,-2.7731092436974905,-1.647817850112915,0.9942300915718079,916,gt,unik3d,True,361076.05439574627,505144.9730732907,211.04755943427014,2.617525012855025,1.656960281841208,
3754424991393145,2025,loc2,361046.96864898404,505164.47608940955,209.01011630305157,-7.323402347842261,4.324208453072117,-7.310924369747909,0.8551338911056519,0.9904138445854187,698,gt,unik3d,True,361044.7597367004,505160.637066815,208.14250438614812,4.429152058623609,0.8676119169034564,
3754424991393145,2024,loc2,361046.96864898404,505164.47608940955,209.01011630305157,-7.323402347842261,4.324208453072117,-7.310924369747909,6.952234745025635,0.8940931558609009,698,gt,unik3d,True,361045.9215810275,505159.94089315366,202.04540389394523,4.654498510587395,6.96471240910634,
1260741202845756,2025,loc2,361019.00799381535,505180.367778033,209.07188553601975,9.974654424802111,20.2058472807065,10.08403361344537,-5.557515621185303,0.8071596622467041,774,gt,unik3d,True,361018.8266183279,505171.6627476071,214.52002202790874,8.706919764394502,5.448136491888988,
1260741202845756,2024,loc2,361019.00799381535,505180.367778033,209.07188553601975,9.974654424802111,20.2058472807065,10.08403361344537,2.8030619621276855,0.8129516243934631,774,gt,unik3d,True,361022.9002888313,505171.29499020026,206.1594445308892,9.872458637526131,2.912441005130546,
1556200629076514,2025,loc2,360989.4216288107,505197.2621762613,208.21983132523448,3.866426053039504,23.963388304667205,3.7815126050420247,0.40393567085266113,0.933017373085022,807,gt,unik3d,True,360992.97395238554,505198.06936162955,207.9008090643615,3.6428767477237174,0.3190222608729698,
1556200629076514,2024,loc2,360989.4216288107,505197.2621762613,208.21983132523448,3.866426053039504,23.963388304667205,3.7815126050420247,2.197171449661255,0.8155228495597839,807,gt,unik3d,True,360991.82372141816,505198.0196176498,206.10757338677047,2.5186834560587883,2.112257938464012,
1058757126920400,2025,loc2,360824.89545035467,505384.04269541893,252.00850508478257,-4.616044715374443,15.673634989496275,-4.537815126050418,1.6320531368255615,0.879563570022583,773,gt,unik3d,True,360811.94436677784,505407.73604196816,250.29822224129083,27.001948754045507,1.7102828434917399,
1058757126920400,2024,loc2,360824.89545035467,505384.04269541893,252.00850508478257,-4.616044715374443,15.673634989496275,-4.537815126050418,1.6519924402236938,0.922505795955658,773,gt,unik3d,True,360811.4077468713,505408.7374001386,250.27828290649714,28.137991869462468,1.7302221782854303,
1100362855725571,2025,loc2,360978.4813495051,505203.05984292924,206.0181185359829,-3.755703873765384,9.067933293211542,-3.7815126050420247,2.995028257369995,0.9906710386276245,856,gt,unik3d,True,360979.3915381226,505195.0757423265,203.04889897525874,8.035813944722136,2.969219560724156,
1100362855725571,2024,loc2,360978.4813495051,505203.05984292924,206.0181185359829,-3.755703873765384,9.067933293211542,-3.7815126050420247,1.855964183807373,0.9114958047866821,856,gt,unik3d,True,360980.6846188373,505195.34755834367,204.1879631775823,8.0208309594034,1.8301553584005887,
1041328292272541,2025,loc2,360824.0357951551,505387.0502379555,253.4884275094645,0.2674387768103088,21.200510305914783,0.25210084033614066,0.3350474238395691,0.9378638863563538,784,gt,unik3d,True,360810.3931947412,505411.62486841803,253.16871801519508,28.10752583244343,0.31970949426940365,
1041328292272541,2024,loc2,360824.0357951551,505387.0502379555,253.4884275094645,0.2674387768103088,21.200510305914783,0.25210084033614066,-0.7102742195129395,0.9833378791809082,784,gt,unik3d,True,360810.3990570642,505413.0968372753,254.21403970304024,29.40044152534295,0.7256121935757562,
1978181079545268,2025,loc2,360981.2749126579,505201.62867444754,206.61423474529838,9.644586374877946,12.953828725393263,9.579831932773118,4.721379280090332,0.8626587390899658,840,gt,unik3d,True,360984.2648556358,505194.321876846,201.95760966189758,7.894874932551213,4.656625083400797,
1978181079545268,2024,loc2,360981.2749126579,505201.62867444754,206.61423474529838,9.644586374877946,12.953828725393263,9.579831932773118,2.923649549484253,0.8418598771095276,840,gt,unik3d,True,360983.0225309638,505194.52068888955,203.75533937317823,7.319674066220568,2.858895372120145,
1624858092548608,2025,loc2,360823.1726704277,505390.1981357848,254.17234934972836,7.1797413139955495,23.853490713467735,7.058823529411768,-0.10758581012487411,0.8627129197120667,804,gt,unik3d,True,360809.4325687484,505414.0263135745,254.40085295060845,27.505862119451805,0.2285036008800887,
1624858092548608,2024,loc2,360823.1726704277,505390.1981357848,254.17234934972836,7.1797413139955495,23.853490713467735,7.058823529411768,-1.5633779764175415,0.9175235033035278,804,gt,unik3d,True,360809.7205203692,505414.5432833779,255.8566452951291,27.814502557570826,1.6842959454007485,
1132747332749947,2025,loc2,360984.0406199746,505200.1745466972,207.17550998792115,-8.78091025217077,21.611662427442003,-8.823529411764696,0.5560073852539062,0.8435496091842651,836,gt,unik3d,True,360988.1882002245,505191.3315751929,206.66212174296663,9.767321380720658,0.5133882449545126,
1132747332749947,2024,loc2,360984.0406199746,505200.1745466972,207.17550998792115,-8.78091025217077,21.611662427442003,-8.823529411764696,0.09548691660165787,0.820133626461029,836,gt,unik3d,True,360986.7267787457,505191.985677994,207.12264222371797,8.618179597913342,0.052867764203170964,
1999264247459733,2025,loc2,360822.3839241866,505393.22124050464,254.44886624505065,4.525898695169161,16.108094445687676,4.537815126050418,-4.9176483154296875,0.914754331111908,802,gt,unik3d,True,360808.597723078,505419.7353219414,259.35459830000764,29.884040145876934,4.905732054956985,
1999264247459733,2024,loc2,360822.3839241866,505393.22124050464,254.44886624505065,4.525898695169161,16.108094445687676,4.537815126050418,-0.5146889686584473,1.0758328437805176,802,gt,unik3d,True,360807.4819446752,505421.7041477365,254.95163878301997,32.14568396744513,0.5027725379693209,
1069879799117962,2025,loc2,360820.8094764566,505399.36092613544,254.80554887126746,5.634211228274609,10.055771934509213,5.5462184873949525,0.6131013035774231,0.87857985496521,766,gt,unik3d,True,360817.2085722746,505385.8208359801,254.28044027107555,14.010729900410135,0.5251086001919134,
1069879799117962,2024,loc2,360820.8094764566,505399.36092613544,254.80554887126746,5.634211228274609,10.055771934509213,5.5462184873949525,1.0857294797897339,0.9398849010467529,766,gt,unik3d,True,360817.6240697386,505384.9622207553,253.80781203426275,14.746848225418304,0.9977368370047088,
946071411273849,2025,loc2,360812.4749577944,505432.53320290986,255.0794710465457,-3.0094849031974036,27.06803760713839,-3.0252100840336027,-0.5581170320510864,0.7752439379692078,837,gt,unik3d,True,360803.9491096705,505434.0241943946,255.65331330607316,8.655237826892247,0.5738422595274528,
946071411273849,2024,loc2,360812.4749577944,505432.53320290986,255.0794710465457,-3.0094849031974036,27.06803760713839,-3.0252100840336027,3.9307501316070557,0.8177816271781921,837,gt,unik3d,True,360798.67853853735,505454.1220825799,251.16444552511766,25.62071251396362,3.915025521428049,
28630049443257593,2025,loc2,360803.7528703903,505466.15015777014,254.4464986745188,-6.098766869888834,3.470913553345336,-6.050420168067234,1.2598872184753418,0.9326981902122498,896,gt,unik3d,True,360798.66712648695,505457.95397546125,253.13826458505125,9.645838247200045,1.308234089467561,
28630049443257593,2024,loc2,360803.7528703903,505466.15015777014,254.4464986745188,-6.098766869888834,3.470913553345336,-6.050420168067234,3.273033857345581,1.03316068649292,896,gt,unik3d,True,360796.1330654337,505465.356871591,251.12511810301427,7.660987569409472,3.321380571504534,
2325916388183213,2025,loc2,360795.28008992714,505498.1880449727,254.86163925606502,6.214781891097573,18.240725304295992,6.3025210084033745,0.30803608894348145,0.9861764907836914,895,gt,unik3d,True,360791.7122968625,505486.27913906163,254.46586401706705,12.431861781371346,0.3957752389979703,
2325916388183213,2024,loc2,360795.28008992714,505498.1880449727,254.86163925606502,6.214781891097573,18.240725304295992,6.3025210084033745,1.4227789640426636,0.9869558215141296,895,gt,unik3d,True,360791.08200204297,505486.6626108454,253.3511211778342,12.26619638299483,1.510518078230831,
1975241993146792,2025,loc2,360790.9305160588,505531.0259289183,275.5645292688212,-9.310324339458248,14.384811499204622,-9.327731092436977,5.13498592376709,0.9751226902008057,728,gt,unik3d,True,360786.82664675167,505525.35824911715,270.44694993630856,6.997452223354674,5.117579332512662,
1975241993146792,2024,loc2,360790.9305160588,505531.0259289183,275.5645292688212,-9.310324339458248,14.384811499204622,-9.327731092436977,7.072051525115967,1.0446317195892334,728,gt,unik3d,True,360786.8414796389,505530.11615895433,268.50988371327975,4.189021392974107,7.0546455555414695,
2266652857522078,2025,loc2,360801.94835124625,505561.35963224806,291.8080147247711,6.541867417117373,20.22785191795692,6.554621848739487,6.481891632080078,1.108346939086914,596,gt,unik3d,True,360798.38545208296,505557.1901582365,285.31336799315244,5.484410996721012,6.494646731618673,
2266652857522078,2024,loc2,360801.94835124625,505561.35963224806,291.8080147247711,6.541867417117373,20.22785191795692,6.554621848739487,4.178971290588379,1.0054938793182373,596,gt,unik3d,True,360799.2530179253,505555.239913863,287.6162889086931,6.6869854810089375,4.191725816078019,
2664235027388592,2025,loc2,360814.3610915972,505591.13648182247,292.5960751883997,-7.8540605103696635,19.085480397872484,-7.815126050420162,-1.1977134943008423,1.0002086162567139,582,gt,unik3d,True,360808.1818017612,505585.9982226065,293.75485427865954,8.03649990030018,1.1587790902598272,
2664235027388592,2024,loc2,360814.3610915972,505591.13648182247,292.5960751883997,-7.8540605103696635,19.085480397872484,-7.815126050420162,-0.8217406272888184,1.0197113752365112,582,gt,unik3d,True,360810.2143980631,505584.75706530036,293.37888137000357,7.608680728500524,0.7828061816038598,
2298332014341910,2025,loc2,360828.7860962364,505620.79880488664,298.88369572152936,-0.596773663281283,13.629079040365383,-0.5042016806722813,13.109975814819336,0.7576826810836792,528,gt,unik3d,True,360824.55794076977,505620.85902655753,285.6811475546916,4.228584313866988,13.202548166837744,
2298332014341910,2024,loc2,360828.7860962364,505620.79880488664,298.88369572152936,-0.596773663281283,13.629079040365383,-0.5042016806722813,9.157669067382812,0.7951298952102661,528,gt,unik3d,True,360822.3932057211,505619.9119261014,289.63345549444637,6.454115208137181,9.250240227082998,
2664985677254720,2025,loc2,360846.2640029569,505652.54278573673,296.3486771705366,-6.696610376305955,16.315075646700098,-6.806722689075627,0.4305039942264557,1.001197099685669,706,gt,unik3d,True,360841.1196670717,505648.1191849398,296.0282854543598,6.7847207540944146,0.3203917161768004,
2664985677254720,2024,loc2,360846.2640029569,505652.54278573673,296.3486771705366,-6.696610376305955,16.315075646700098,-6.806722689075627,20.10017967224121,1.350103497505188,706,gt,unik3d,True,360838.54157054087,505638.3272295689,276.3586072065779,16.17770068894114,19.99006996395866,
2190862265201212,2025,loc2,360858.074267425,505681.2016031267,287.6809987164796,-6.584251183212814,19.459667173620172,-6.554621848739487,4.409214973449707,0.9826520681381226,770,gt,unik3d,True,360854.1669420181,505678.51355927164,283.2421540269108,4.74265448902427,4.438844689568839,
2190862265201212,2024,loc2,360858.074267425,505681.2016031267,287.6809987164796,-6.584251183212814,19.459667173620172,-6.554621848739487,4.946198463439941,0.982271134853363,770,gt,unik3d,True,360853.31741884776,505679.2224438431,282.70517042637107,5.152152934134474,4.975828290108552,
1803778274142674,2025,loc2,360866.5628902905,505714.5663897488,280.4521159059846,-9.689798420543354,25.618785417139208,-9.579831932773118,1.3181965351104736,0.8893572688102722,948,gt,unik3d,True,360860.22745823645,505713.07387349627,279.0239527758208,6.5088635010934155,1.4281631301637958,
1803778274142674,2024,loc2,360866.5628902905,505714.5663897488,280.4521159059846,-9.689798420543354,25.618785417139208,-9.579831932773118,3.475290298461914,0.8997533321380615,948,gt,unik3d,True,360860.6051831945,505714.1388466205,276.8668590332213,5.973028291276613,3.5852568727632956,
1595260398958253,2025,loc2,360876.16708211036,505747.10174129903,294.28648085219186,-7.6361577110843655,23.198029424040953,-7.563025210084021,11.438482284545898,0.9699883460998535,1106,gt,unik3d,True,360869.15394196886,505747.81370143656,282.77486563493665,7.049185902054753,11.511615217255212,
1595260398958253,2024,loc2,360876.16708211036,505747.10174129903,294.28648085219186,-7.6361577110843655,23.198029424040953,-7.563025210084021,6.724494457244873,0.9229545593261719,1106,gt,unik3d,True,360868.82326001493,505747.3209860033,287.4888534032482,7.347094065658708,6.797627448943672,
1618478246297464,2025,loc2,360897.08296487853,505770.6888914574,359.2443918729163,-4.400738283139276,16.045954500843077,-4.285714285714278,3.879375696182251,0.9885773658752441,913,gt,unik3d,True,360889.8167065182,505769.95035517524,355.24999171293683,7.3036940242212225,3.9944001599794774,
1618478246297464,2024,loc2,360897.08296487853,505770.6888914574,359.2443918729163,-4.400738283139276,16.045954500843077,-4.285714285714278,0.6394468545913696,0.9125101566314697,913,gt,unik3d,True,360888.74619611545,505770.04777206766,358.48992093693874,8.361384304108375,0.7544709359775652,
1411397654284692,2025,loc2,360928.39490721177,505760.7714622654,17.352959867827888,6.246018061213743,2.096490986487808,6.3025210084033745,2.639352560043335,1.05924391746521,1410,gt,unik3d,True,360921.9457628081,505761.8613770679,14.657104558820883,6.540594607243932,2.6958553090070154,
1411397654284692,2024,loc2,360928.39490721177,505760.7714622654,17.352959867827888,6.246018061213743,2.096490986487808,6.3025210084033745,-1.271352767944336,0.9786226153373718,1410,gt,unik3d,True,360922.0468726743,505761.0447259223,18.567809860086005,6.353913401589733,1.2148499922581095,
2199725277275110,2025,loc2,360959.47657312726,505750.6162178423,17.29410753099758,7.773469456953347,23.28978753886541,7.815126050420162,3.2615325450897217,0.9699158668518066,1189,gt,unik3d,True,360956.09670553624,505752.83811912325,13.990918212970872,4.044792978015499,3.3031893180267105,
2199725277275110,2024,loc2,360959.47657312726,505750.6162178423,17.29410753099758,7.773469456953347,23.28978753886541,7.815126050420162,1.6044926643371582,0.7703166604042053,1189,gt,unik3d,True,360958.2947320164,505753.118722144,15.647958246491921,2.767539736153929,1.6461492845056682,
1630029038733543,2025,loc2,360977.76595758327,505730.73830788117,109.2852212235517,-2.240261776981299,15.147889371003807,-2.268907563025209,3.2696518898010254,0.9872457981109619,1251,gt,unik3d,True,360973.27269056236,505733.8682881882,106.0442151040145,5.475967973197628,3.2410061195371895,
1630029038733543,2024,loc2,360977.76595758327,505730.73830788117,109.2852212235517,-2.240261776981299,15.147889371003807,-2.268907563025209,4.563426494598389,0.9921941161155701,1251,gt,unik3d,True,360973.4367247307,505733.9114788037,104.75043983564149,5.367613137644809,4.534781387910215,
1029541690071867,2025,loc2,360965.52086601197,505699.5423200922,110.60057777067044,-5.522416923790388,9.584062810049588,-5.5462184873949525,1.6301677227020264,0.8857353925704956,1352,gt,unik3d,True,360961.85694074904,505700.8537874039,108.99421151759988,3.8915671447298497,1.6063662530705756,
1029541690071867,2024,loc2,360965.52086601197,505699.5423200922,110.60057777067044,-5.522416923790388,9.584062810049588,-5.5462184873949525,-1.2690294981002808,0.8970692753791809,1352,gt,unik3d,True,360961.8833274617,505701.92753382836,111.89340899041751,4.349819682661456,1.292831219747086,
1110169474745368,2025,loc2,360954.2398640532,505667.78448765073,105.04909601937412,3.6021032489483247,9.767387131936394,3.529411764705884,3.025787591934204,1.0417966842651367,1822,gt,unik3d,True,360950.8717613723,505668.7932759218,102.09599964727633,3.515930807743397,2.953096372097775,
1110169474745368,2024,loc2,360954.2398640532,505667.78448765073,105.04909601937412,3.6021032489483247,9.767387131936394,3.529411764705884,0.3860262930393219,1.0744417905807495,1822,gt,unik3d,True,360951.67318010126,505668.7477457756,104.73576118431318,2.7414836720849847,0.3133348350609424,
2143531059567041,2025,loc2,360980.2035497979,505651.34399289545,21.80630224487809,4.559382584696987,19.651679460938592,4.537815126050418,2.872513771057129,0.9190165400505066,989,gt,unik3d,True,360991.1347864723,505647.0073803869,18.955355918837814,11.760023098695845,2.8509463260402867,
2143531059567041,2024,loc2,360980.2035497979,505651.34399289545,21.80630224487809,4.559382584696987,19.651679460938592,4.537815126050418,2.5639874935150146,0.9409530162811279,989,gt,unik3d,True,360980.1734210408,505651.7463081578,19.263882074064913,0.4034418326432509,2.5424201708131875,
1885191899114432,2025,loc2,361009.02305004245,505639.24162336625,22.564392727789823,-6.3497481432418965,9.55927022792837,-6.3025210084033745,-1.8957996368408203,0.9421533346176147,1001,gt,unik3d,True,361007.4322957573,505640.13622260443,24.412965279779144,1.825049860336682,1.8485725519893208,
1885191899114432,2024,loc2,361009.02305004245,505639.24162336625,22.564392727789823,-6.3497481432418965,9.55927022792837,-6.3025210084033745,-0.04315655305981636,0.9392160177230835,1001,gt,unik3d,True,361007.7685174777,505640.15023641597,22.56032214534978,1.5490092414391035,0.00407058244005043,
1566349148627059,2025,loc2,361039.9677668257,505626.0771525111,22.528355738064644,5.329842515423419,18.30538421682893,5.294117647058812,-2.775534152984619,0.9121981263160706,983,gt,unik3d,True,361041.36454734084,505625.8072274591,25.33961504192618,1.4226226981173729,2.811259303861533,
1566349148627059,2024,loc2,361039.9677668257,505626.0771525111,22.528355738064644,5.329842515423419,18.30538421682893,5.294117647058812,-1.8914568424224854,0.9137448668479919,983,gt,unik3d,True,361040.0611329503,505626.6581364484,24.455537588754886,0.5884382453897281,1.927181850690232,
2343542236381893,2025,loc2,361071.1612371945,505613.02524712496,21.688621760325894,7.538995750061545,14.656620704728047,7.563025210084021,0.4855039715766907,0.9258934855461121,1058,gt,unik3d,True,361071.1918235118,505613.12648516934,21.179088289215798,0.1057575738990321,0.5095334711101032,
2343542236381893,2024,loc2,361071.1612371945,505613.02524712496,21.688621760325894,7.538995750061545,14.656620704728047,7.563025210084021,1.0331087112426758,0.8877284526824951,1058,gt,unik3d,True,361070.98416232027,505614.07457910955,20.631483452822604,1.0641678086586623,1.057138307503294,
1843956966766764,2025,loc2,361101.9827967382,505599.7779691089,22.536645763096583,6.441785557255869,19.16455212691325,6.554621848739487,-1.956997036933899,1.0304396152496338,998,gt,unik3d,True,361100.8732679757,505600.3818085329,24.380806646034603,1.2632007460718,1.844160882938013,
1843956966766764,2024,loc2,361101.9827967382,505599.7779691089,22.536645763096583,6.441785557255869,19.16455212691325,6.554621848739487,-1.8307136297225952,0.962030291557312,998,gt,unik3d,True,361102.05571614666,505600.3204709356,24.25452325357152,0.5473805551111108,1.7178774904749332,
1378668397810037,2025,loc2,361133.45828977134,505587.590027526,18.889311079430556,9.19654775307659,18.29082996174737,9.075630252100837,0.011457647196948528,0.9162274599075317,1114,gt,unik3d,True,361136.0624119667,505586.964335589,18.99877093276291,2.678235017380606,0.10945985333233921,
1378668397810037,2024,loc2,361133.45828977134,505587.590027526,18.889311079430556,9.19654775307659,18.29082996174737,9.075630252100837,-1.427730679512024,0.9097769260406494,1114,gt,unik3d,True,361136.5000334111,505586.66835080145,20.437959247268594,3.178315962032161,1.5486481678380528,
1640881657746457,2025,loc2,361164.7459236542,505574.790562897,22.57263785958171,-3.138304440327204,10.271705287279374,-3.0252100840336027,-2.0446956157684326,0.9686322212219238,1193,gt,unik3d,True,361168.7046605418,505573.54909296514,24.504238936126193,4.148836624524665,1.9316010765444958,
1640881657746457,2024,loc2,361164.7459236542,505574.790562897,22.57263785958171,-3.138304440327204,10.271705287279374,-3.0252100840336027,-1.120833396911621,0.9176809787750244,1193,gt,unik3d,True,361168.26570808847,505573.68859694625,23.580376976684672,3.6882531665378258,1.0077391171029717,
1329442135766852,2025,loc2,361195.54057250504,505562.247072299,20.64097160126914,0.7450062186188795,20.772686603243322,0.7563025210083936,-2.3819234371185303,0.7909979820251465,1187,gt,unik3d,True,361162.85479455255,505575.7155259237,23.011598840904913,35.3519352143529,2.3706272396357804,
1329442135766852,2024,loc2,361195.54057250504,505562.247072299,20.64097160126914,0.7450062186188795,20.772686603243322,0.7563025210083936,0.8590975403785706,0.9593113660812378,1187,gt,unik3d,True,361162.0505435341,505576.1001464057,19.770577768692224,36.242098486139994,0.8703938325769229,
1877539553208523,2025,loc2,361226.3647825685,505550.4629049683,19.144616178197545,-7.744703053850381,16.0628047968742,-7.815126050420162,-1.067958950996399,0.943360447883606,951,gt,unik3d,True,361237.1190143139,505545.64954614034,20.282998207140892,11.782271582391417,1.1383820289433402,
1877539553208523,2024,loc2,361226.3647825685,505550.4629049683,19.144616178197545,-7.744703053850381,16.0628047968742,-7.815126050420162,-1.4651062488555908,1.1171876192092896,951,gt,unik3d,True,361234.3663360458,505545.2745682989,20.680145423976725,9.53644039699401,1.5355292457791734,
971140639343305,2025,loc2,361257.99184614775,505539.6962324716,20.161977218906035,0.1511464765484405,13.103445655290946,0.25210084033614066,-3.748882293701172,1.1250824928283691,845,gt,unik3d,True,361240.8526436999,505544.298504627,23.80990507788028,17.74635651452096,3.647927858974242,
971140639343305,2024,loc2,361257.99184614775,505539.6962324716,20.161977218906035,0.1511464765484405,13.103445655290946,0.25210084033614066,-3.695305109024048,1.1343358755111694,845,gt,unik3d,True,361257.7733928615,505537.21406867827,23.756328189365632,2.491758201611346,3.594350970459601,
1426839858986128,2025,loc2,361288.8926168677,505527.25597672444,27.06509414953422,-9.004017419140517,22.006004154289617,-9.075630252100837,-1.7363214492797852,1.1598724126815796,884,gt,unik3d,True,361289.79725023906,505522.61535720614,28.873028695657528,4.727971134651535,1.807934546123306,
1426839858986128,2024,loc2,361288.8926168677,505527.25597672444,27.06509414953422,-9.004017419140517,22.006004154289617,-9.075630252100837,-2.3389599323272705,1.08782160282135,884,gt,unik3d,True,361288.7037980508,505523.2392096154,29.475667053569456,4.021202625326322,2.4105729040352344,
1419645030041727,2025,loc2,361318.3638489618,505515.4230037108,14.89806713836782,-0.4548197651768717,14.476907131508781,-0.5042016806722813,-2.3207879066467285,0.9834585785865784,1057,gt,unik3d,True,361323.3882559419,505507.08185875014,17.26823695151556,9.737523543330306,2.370169813147754,
1419645030041727,2024,loc2,361318.3638489618,505515.4230037108,14.89806713836782,-0.4548197651768717,14.476907131508781,-0.5042016806722813,-2.7362661361694336,0.9535980224609375,1057,gt,unik3d,True,361322.1586275506,505507.9100755019,17.68371513284597,8.416913615479926,2.785647994478154,
4510807879135648,2025,loc2,361351.93503453897,505507.6781751616,10.412533002251346,-6.189305251400814,17.753895335435598,-6.3025210084033745,-1.2388945817947388,1.057412028312683,1198,gt,unik3d,True,361354.81563271466,505497.98760850524,11.764643396509722,10.109645294026269,1.352110394258375,
4510807879135648,2024,loc2,361351.93503453897,505507.6781751616,10.412533002251346,-6.189305251400814,17.753895335435598,-6.3025210084033745,0.598572850227356,1.046142339706421,1198,gt,unik3d,True,361355.45327031874,505498.2600259568,9.927175862821583,10.053830983566357,0.485357139429766,
929538789876463,2025,loc2,361382.61629521067,505499.73874528706,54.501828891654704,9.315541297746691,17.1982891736279,9.327731092436977,-3.2981514930725098,0.9646437764167786,744,gt,unik3d,True,361384.58464337164,505489.73864162475,57.78779098985878,10.19198056021595,3.2859620982040667,
929538789876463,2024,loc2,361382.61629521067,505499.73874528706,54.501828891654704,9.315541297746691,17.1982891736279,9.327731092436977,-0.717352569103241,0.9594630599021912,744,gt,unik3d,True,361383.9079362999,505489.656397755,55.20699175663684,10.164746354936154,0.7051628649821282,
1736493034133252,2025,loc2,361376.68114395306,505464.6876076674,100.01794967969442,-4.190006797842443,29.5209337350393,-4.285714285714278,2.9132113456726074,0.815725564956665,740,gt,unik3d,True,361371.92039342085,505460.0494373076,97.20044569017024,6.64660589449507,2.817503989524198,
1736493034133252,2024,loc2,361376.68114395306,505464.6876076674,100.01794967969442,-4.190006797842443,29.5209337350393,-4.285714285714278,-1.8146229982376099,0.8959291577339172,740,gt,unik3d,True,361375.2078108354,505458.98977881484,101.92828014751653,5.8852327149243315,1.9103304678221207,
2001244650439529,2025,loc2,361378.1259606169,505432.5480952319,60.5864528032553,2.812619304964123,6.0623610344927865,2.7731092436974905,-3.811523675918579,1.071577548980713,748,gt,unik3d,True,361377.9388666867,505427.8411092857,64.43748648076843,4.710702796408503,3.8510336775131293,
2001244650439529,2024,loc2,361378.1259606169,505432.5480952319,60.5864528032553,2.812619304964123,6.0623610344927865,2.7731092436974905,-1.5147026777267456,1.0832269191741943,748,gt,unik3d,True,361377.65051143104,505427.3362266611,62.14066558637025,5.23350990515093,1.5542127831149628,
2042982259659935,2025,loc2,361402.5514528438,505412.2859219806,34.54901273914318,4.786739326289158,13.914701780048755,4.789915966386559,1.629426121711731,0.887988269329071,741,gt,unik3d,True,361402.74197668716,505407.74331979244,32.91640983514003,4.546595866689661,1.6326029040031358,
2042982259659935,2024,loc2,361402.5514528438,505412.2859219806,34.54901273914318,4.786739326289158,13.914701780048755,4.789915966386559,3.9198992252349854,0.8522263169288635,741,gt,unik3d,True,361401.99930477125,505408.8959559273,30.625937049342276,3.4346378756156906,3.9230756898008963,
1414668144105202,2025,loc2,361429.77660105436,505392.94916052837,36.35041238830319,1.7316749937805653,17.5722933967522,1.7647058823529278,-5.0745744705200195,0.9570679664611816,764,gt,unik3d,True,361425.6291695883,505391.6096845893,41.39195630554535,4.3583693690083365,5.041543917242166,
1414668144105202,2024,loc2,361429.77660105436,505392.94916052837,36.35041238830319,1.7316749937805653,17.5722933967522,1.7647058823529278,-7.0304646492004395,0.8303011059761047,764,gt,unik3d,True,361426.11259950564,505392.9575408136,43.34784652250499,3.664011132380791,6.9974341342017965,
1618985639622967,2025,loc2,361660.73672209936,505384.5892911423,341.9133629584468,7.844000921557267,29.359748948213433,7.815126050420162,9.547530174255371,0.7247281670570374,1337,gt,unik3d,True,361661.10272743955,505387.6437136136,332.3947083776188,3.076273157956903,9.518654580827956,
1618985639622967,2024,loc2,361660.73672209936,505384.5892911423,341.9133629584468,7.844000921557267,29.359748948213433,7.815126050420162,5.444272041320801,0.7472897171974182,1337,gt,unik3d,True,361666.85009383084,505387.47911225917,336.49796512901037,6.761980480212727,5.415397829436415,
1474764354670842,2025,loc2,361440.31565603625,505384.64882748015,38.95936464265365,1.73382380245949,27.48373705659677,1.7647058823529278,-0.6271824836730957,0.9822566509246826,929,gt,unik3d,True,361437.778619435,505381.0319816793,39.55566510069513,4.417932577940742,0.596300458041469,
1474764354670842,2024,loc2,361440.31565603625,505384.64882748015,38.95936464265365,1.73382380245949,27.48373705659677,1.7647058823529278,3.9905104637145996,0.9662763476371765,929,gt,unik3d,True,361439.0399193834,505378.4288061654,34.937971785411364,6.349501489350953,4.02139285724229,
1068392369135122,2025,loc2,361663.91543647763,505385.67106408905,341.2056764857247,2.6500842519182015,12.54106987823019,2.7731092436974905,0.8995175361633301,0.9642573595046997,1377,gt,unik3d,True,361652.85939129867,505380.0191985509,340.1831339392195,12.416912621929947,1.0225425465052354,
1068392369135122,2024,loc2,361663.91543647763,505385.67106408905,341.2056764857247,2.6500842519182015,12.54106987823019,2.7731092436974905,-3.2611093521118164,0.9313725233078003,1377,gt,unik3d,True,361654.654782331,505381.4911674601,344.3437607871873,10.16027809913694,3.138084301462584,
1564945198650080,2025,loc2,361437.8867985086,505386.64270352945,38.26679697796344,1.9030999254935423,20.927605013646513,2.0168067226890685,-3.4325242042541504,0.9744842648506165,852,gt,unik3d,True,361434.8282296559,505383.67047355365,41.58561447065887,4.264855736776935,3.318817492695416,
1564945198650080,2024,loc2,361437.8867985086,505386.64270352945,38.26679697796344,1.9030999254935423,20.927605013646513,2.0168067226890685,-3.7582640647888184,1.0038074254989624,852,gt,unik3d,True,361434.25829337176,505383.29725531954,41.911354394853625,4.935389878526636,3.644557416890194,
4615440378688443,2025,loc2,361667.09693574253,505386.74030265305,341.80319371641906,-2.3483484034853177,12.340544478423272,-2.268907563025209,1.3214085102081299,0.9260278940200806,1448,gt,unik3d,True,361655.92685232137,505381.35724297113,340.40234415508326,12.399519957437462,1.4008495613358036,
4615440378688443,2024,loc2,361667.09693574253,505386.74030265305,341.80319371641906,-2.3483484034853177,12.340544478423272,-2.268907563025209,-3.970935106277466,0.8923347592353821,1448,gt,unik3d,True,361658.1455410986,505382.68386018026,345.6946881769156,9.82762390440214,3.891494460496517,
2475590072940447,2025,loc2,361435.191131282,505388.7912223553,37.60874143036869,6.561074116439073,21.861872817515597,6.554621848739487,-4.421938896179199,0.9096673130989075,790,gt,unik3d,True,361432.4207126679,505386.57494267606,42.037132654026145,3.5478324247408093,4.4283912236574565,
2475590072940447,2024,loc2,361435.191131282,505388.7912223553,37.60874143036869,6.561074116439073,21.861872817515597,6.554621848739487,-4.524904251098633,0.9214503169059753,790,gt,unik3d,True,361431.5077191681,505386.3798575451,42.14009752847707,4.402522577923461,4.531356098108375,
1396114019377954,2025,loc2,361670.2548139775,505387.72986708675,342.5975018495259,4.9904432314068,12.802808954800723,5.0420168067227,1.1905839443206787,0.9464508891105652,1500,gt,unik3d,True,361659.7354533882,505382.44254120794,341.3553441803537,11.773392126187893,1.2421576691721725,
1396114019377954,2024,loc2,361670.2548139775,505387.72986708675,342.5975018495259,4.9904432314068,12.802808954800723,5.0420168067227,-2.792384147644043,0.8802733421325684,1500,gt,unik3d,True,361658.5164835198,505383.0515003581,345.3383126646382,12.636277821499553,2.7408108151122974,
2297705431003261,2025,loc2,361692.0407925941,505395.04660389107,341.62760906800236,8.285998239926982,13.096277008695289,8.319327731092443,-3.054577350616455,0.7825877666473389,2663,gt,unik3d,True,361684.19412317825,505390.9692310514,344.6488570650565,8.842804430438768,3.021247997054161,
2297705431003261,2024,loc2,361692.0407925941,505395.04660389107,341.62760906800236,8.285998239926982,13.096277008695289,8.319327731092443,-2.2556536197662354,0.8565473556518555,2663,gt,unik3d,True,361681.4723089726,505391.792239807,343.8499333137321,11.058197486420507,2.2223242457297374,
3578370962341082,2025,loc2,361722.43283607205,505405.1593217058,341.70905350321345,9.194914049966599,17.401209465369714,9.075630252100837,1.6271883249282837,0.7195500135421753,1413,gt,unik3d,True,361710.7766552737,505398.9855980192,340.2011488839093,13.190201475441695,1.5079046193041563,
3578370962341082,2024,loc2,361722.43283607205,505405.1593217058,341.70905350321345,9.194914049966599,17.401209465369714,9.075630252100837,0.5804427266120911,0.8013070225715637,1413,gt,unik3d,True,361708.5899896219,505398.2230162123,341.24789454812986,15.483434106886001,0.46115895508359017,
