step,split,ce,cert,top1,top5,cell_err_m,pose_nll,pose_err_m,n,sec
4601,train,4.3948,0.7621,0.0000,0.0103,44.17,4.6995,42.00,194,7.4
4602,train,5.8552,0.6828,0.0000,0.0309,22.02,5.5186,24.74,194,1.5
4603,train,4.0295,0.3024,0.0412,0.1907,16.54,4.7430,13.42,194,5.3
4604,train,3.6705,0.2352,0.0464,0.2010,18.86,4.2136,18.97,194,3.0
4605,train,4.4128,0.3020,0.0258,0.0979,11.07,4.3449,12.65,194,2.2
4606,train,nan,1.8705,nan,nan,nan,0.0000,nan,0,3.4
4607,train,4.5026,0.7671,0.0052,0.0365,17.25,4.4659,16.00,192,2.4
4608,train,4.7216,0.5887,0.0000,0.0156,35.61,4.6889,21.63,192,5.1
4609,train,4.3320,0.9497,0.0206,0.1237,16.28,4.5299,24.33,194,1.6
4610,train,3.9114,1.1812,0.0000,0.0674,18.37,4.4793,45.69,193,3.9
4611,train,nan,1.0688,nan,nan,nan,0.0000,nan,0,3.3
4612,train,3.3439,1.0047,0.0777,0.2746,20.43,3.6583,10.00,193,4.4
4613,train,3.9381,1.1227,0.0311,0.1295,17.59,3.8818,5.66,193,1.3
4614,train,3.7230,1.5070,0.0052,0.0725,30.93,4.1769,30.41,193,4.2
4615,train,3.4563,0.6805,0.0570,0.3264,12.57,3.7261,5.00,193,2.7
4616,train,3.4242,1.1285,0.0567,0.3144,16.80,3.2729,18.00,194,3.9
4617,train,nan,0.4549,nan,nan,nan,0.0000,nan,0,1.8
4618,train,3.9220,2.3666,0.0515,0.2938,9.97,4.1510,15.00,194,2.3
4619,train,4.8192,1.9145,0.0000,0.0000,46.84,4.0493,45.28,194,5.1
4620,train,5.3374,2.2412,0.0155,0.0725,12.30,3.8624,15.00,193,2.3
4621,train,3.7883,3.3965,0.0206,0.1598,17.15,4.1795,11.18,194,4.0
4622,train,5.1194,2.7957,0.0000,0.0825,12.09,3.4057,4.24,194,1.9
4623,train,3.5970,3.1317,0.0052,0.0722,34.70,3.6416,18.97,194,6.4
4624,train,4.1877,3.0779,0.0000,0.1031,16.92,4.2356,8.49,194,5.3
4625,train,4.7815,3.0802,0.0052,0.0417,14.93,3.5263,6.00,192,2.0
4626,train,6.8411,2.9588,0.0000,0.0000,30.62,4.7080,45.28,194,2.7
4627,train,5.7724,3.4071,0.0155,0.0567,18.38,4.0438,6.71,194,1.3
4628,train,3.5425,3.1778,0.0415,0.2332,14.92,3.2434,8.49,193,3.5
4629,train,nan,0.0464,nan,nan,nan,0.0000,nan,0,1.7
4630,train,3.9893,3.7144,0.0000,0.0052,39.14,4.0813,24.00,193,3.1
4631,train,4.3662,4.6234,0.0000,0.0000,32.85,4.5312,32.00,193,2.8
4632,train,3.2151,3.9500,0.1192,0.4249,10.07,2.9488,5.00,193,2.2
4633,train,4.2627,4.4235,0.0155,0.1192,13.85,3.4480,4.00,193,3.0
4634,train,4.1263,3.6720,0.0000,0.0000,49.63,3.8887,48.37,194,4.9
4635,train,5.1861,3.8847,0.0103,0.0515,17.47,5.6858,16.16,194,1.6
4636,train,4.9428,4.6709,0.0104,0.0570,13.71,3.7435,4.24,193,1.4
4637,train,3.4902,4.1974,0.1186,0.5000,9.56,3.0995,0.00,194,3.6
4638,train,nan,0.0526,nan,nan,nan,0.0000,nan,0,1.1
4639,train,5.7543,5.0732,0.0000,0.0000,40.50,5.5389,42.72,193,3.5
4640,train,4.2277,4.0513,0.0674,0.1710,14.00,4.1572,30.00,193,2.9
4641,train,4.6073,4.7944,0.0000,0.0206,14.58,4.5754,12.00,194,2.6
4642,train,nan,0.0770,nan,nan,nan,0.0000,nan,0,3.5
4643,train,4.9901,5.1083,0.0103,0.0515,20.05,4.3821,12.37,194,1.2
4644,train,4.8274,4.2420,0.0104,0.0677,12.38,2.8723,3.00,192,2.3
4645,train,3.5049,4.3318,0.0677,0.3698,11.91,2.8069,0.00,192,6.6
4646,train,nan,0.0212,nan,nan,nan,0.0000,nan,0,5.2
4647,train,5.5070,4.2829,0.0000,0.0103,19.11,3.8505,9.49,194,2.2
4648,train,4.6692,4.1567,0.0052,0.0570,14.21,3.9027,4.24,193,1.2
4649,train,4.1394,4.3008,0.0515,0.1856,13.78,4.4963,24.33,194,2.0
4650,train,4.1348,4.0467,0.0104,0.1088,17.15,3.8739,24.00,193,1.9
4651,train,5.2759,4.8932,0.0000,0.0000,30.09,4.9275,28.46,194,1.8
4652,train,4.0001,3.6513,0.0052,0.0518,14.93,4.6632,12.65,193,2.8
4653,train,nan,0.0390,nan,nan,nan,0.0000,nan,0,1.5
4654,train,nan,0.0902,nan,nan,nan,0.0000,nan,0,3.2
4655,train,4.4077,4.5822,0.0104,0.0990,11.27,4.0732,12.37,192,1.7
4656,train,5.5339,4.2733,0.0000,0.0052,27.51,4.6817,13.42,194,1.6
4657,train,4.9492,3.7810,0.0207,0.0622,17.91,5.8060,22.36,193,4.8
4658,train,3.8993,3.9479,0.0155,0.2216,16.64,3.4523,5.00,194,5.3
4659,train,nan,0.1040,nan,nan,nan,0.0000,nan,0,5.7
4660,train,nan,0.0757,nan,nan,nan,0.0000,nan,0,2.8
4661,train,3.5015,4.0728,0.1244,0.4974,8.68,3.6051,16.00,193,2.7
4662,train,3.6131,3.7464,0.0363,0.2850,14.33,3.7017,8.49,193,5.0
4663,train,nan,0.1328,nan,nan,nan,0.0000,nan,0,5.0
4664,train,4.5240,3.5165,0.0000,0.0311,19.60,3.6863,18.00,193,2.2
4665,train,4.6347,3.5332,0.0258,0.1134,10.81,3.8422,15.30,194,1.6
4666,train,4.4973,2.5795,0.0000,0.0155,11.37,3.8701,20.40,194,2.1
4667,train,4.0500,3.2177,0.0103,0.0773,18.22,4.7269,22.36,194,4.2
4668,train,3.9989,3.4593,0.0619,0.1959,20.83,3.6029,5.00,194,1.9
4669,train,nan,0.2573,nan,nan,nan,0.0000,nan,0,3.0
4670,train,nan,0.2903,nan,nan,nan,0.0000,nan,0,3.1
4671,train,4.7187,3.7445,0.0052,0.0412,20.06,4.8160,17.49,194,1.7
4672,train,3.6705,2.8006,0.0622,0.2642,11.18,3.1464,4.00,193,2.0
4673,train,3.9267,2.4390,0.0104,0.0777,45.14,3.8235,36.00,193,6.3
4674,train,4.1135,3.0207,0.0361,0.1082,23.80,3.4927,24.74,194,5.5
4675,train,4.8215,3.4153,0.0052,0.0622,25.67,3.5328,12.65,193,2.8
4676,train,4.5820,3.5019,0.0000,0.0258,40.27,4.4139,42.43,194,3.4
4677,train,nan,0.1893,nan,nan,nan,0.0000,nan,0,1.3
4678,train,3.9841,2.8063,0.0206,0.1340,15.03,4.0005,24.00,194,1.2
4679,train,5.1753,3.3391,0.0000,0.0000,22.48,5.4523,43.27,192,2.4
4680,train,4.4134,3.9036,0.0103,0.0567,14.55,4.0398,24.00,194,2.0
4681,train,3.7249,3.6900,0.0155,0.1340,13.17,4.7102,16.49,194,3.6
4682,train,3.9294,3.5369,0.0258,0.2113,12.31,3.9798,4.00,194,2.8
4683,train,nan,0.2248,nan,nan,nan,0.0000,nan,0,3.4
4684,train,4.2202,3.0964,0.0000,0.0052,23.20,4.3618,16.00,194,3.4
4685,train,3.4829,2.1295,0.0567,0.3608,13.26,3.4978,6.00,194,5.4
4686,train,4.1662,2.8771,0.0000,0.0000,20.80,3.6589,12.65,194,1.5
4687,train,3.8916,3.3355,0.0309,0.1856,12.27,3.9124,5.66,194,3.4
4688,train,4.7352,3.8155,0.0103,0.0258,17.53,4.6209,24.19,194,1.3
4689,train,4.9983,3.1256,0.0155,0.0984,21.01,4.6001,20.00,193,1.5
4690,train,3.5032,2.6711,0.0725,0.3264,11.03,3.1644,4.00,193,1.7
4691,train,4.7873,3.6958,0.0103,0.0515,15.05,3.6304,9.00,194,1.7
4692,train,4.1252,3.2735,0.0103,0.1289,10.41,3.8712,8.94,194,2.6
4693,train,4.6386,3.8052,0.0155,0.0979,10.42,4.0617,13.42,194,1.4
4694,train,3.6734,3.3211,0.0876,0.3041,10.96,2.7654,0.00,194,1.5
4695,train,4.2950,3.2481,0.0103,0.0722,15.81,4.1770,13.42,194,5.2
4696,train,4.7140,3.5149,0.0000,0.0000,26.31,4.2780,24.00,194,1.4
4697,train,3.6643,3.4911,0.0000,0.0515,36.81,3.5089,20.00,194,1.9
4698,train,5.1237,3.7599,0.0000,0.0052,38.06,4.7605,60.21,194,2.5
4699,train,3.7333,3.0392,0.0052,0.1134,19.96,3.6171,16.00,194,2.2
4700,train,nan,0.2238,nan,nan,nan,0.0000,nan,0,4.5
4701,train,4.8728,4.4076,0.0000,0.0000,49.48,4.5685,30.41,193,4.2
4702,train,nan,0.2101,nan,nan,nan,0.0000,nan,0,6.6
4703,train,3.7305,4.5386,0.0722,0.3918,9.99,3.3873,10.00,194,4.1
4704,train,4.2436,4.3464,0.0052,0.0155,14.61,4.0766,15.30,194,2.5
4705,train,6.0655,3.9376,0.0000,0.0000,35.67,6.0728,38.42,193,5.0
4706,train,3.8173,3.8632,0.0000,0.0104,34.16,3.7077,20.00,193,4.0
4707,train,nan,0.2457,nan,nan,nan,0.0000,nan,0,4.2
4708,train,3.7069,3.3750,0.0829,0.3575,9.21,2.6831,0.00,193,5.4
4709,train,5.9615,3.1144,0.0000,0.0000,38.22,6.0830,32.31,192,3.8
4710,train,3.8705,3.3654,0.0312,0.1823,23.02,3.9215,16.97,192,5.6
4711,train,3.7233,3.7215,0.0155,0.1237,17.77,4.0066,15.81,194,2.1
4712,train,3.3870,3.5847,0.0567,0.2526,18.28,3.1507,30.00,194,4.7
4713,train,5.1442,3.8477,0.0258,0.0979,11.79,3.7060,6.71,194,0.9
4714,train,3.8674,3.2251,0.0155,0.0515,38.88,3.5247,13.42,194,3.0
4715,train,3.6655,3.6363,0.0515,0.2732,13.32,3.8655,24.74,194,6.5
4716,train,4.6701,3.5560,0.0206,0.1495,9.27,3.5532,6.00,194,1.6
4717,train,3.8931,3.9439,0.0825,0.3505,10.86,3.7723,20.40,194,2.0
4718,train,3.6926,3.7084,0.0309,0.2113,12.17,3.3162,4.00,194,2.9
4719,train,3.1586,2.6223,0.1443,0.5567,9.89,3.0863,7.07,194,2.8
4720,train,nan,0.0789,nan,nan,nan,0.0000,nan,0,1.6
4721,train,3.9015,4.1120,0.0104,0.1658,11.47,3.9362,8.94,193,1.9
4722,train,3.8671,4.1837,0.0258,0.2268,16.84,3.0818,13.42,194,5.7
4723,train,nan,0.1334,nan,nan,nan,0.0000,nan,0,1.5
4724,train,3.6346,4.2272,0.1701,0.4588,15.16,3.4299,8.49,194,2.6
4725,train,nan,0.1249,nan,nan,nan,0.0000,nan,0,2.0
4726,train,5.2301,3.6920,0.0000,0.0000,17.84,6.2659,15.00,192,3.9
4727,train,3.6931,3.9316,0.0466,0.2487,9.71,3.3543,8.00,193,1.1
4728,train,4.3753,4.6306,0.0000,0.0000,38.40,3.9057,36.88,194,3.9
4729,train,4.1292,3.8219,0.0000,0.0619,24.25,3.4209,13.42,194,6.6
4730,train,3.5354,4.5624,0.0309,0.2680,12.24,2.8025,6.00,194,5.2
4731,train,3.0813,4.4187,0.1495,0.5928,9.98,3.1070,10.00,194,4.3
4732,train,nan,0.2540,nan,nan,nan,0.0000,nan,0,4.4
4733,train,4.3635,3.6334,0.0000,0.0361,21.40,4.6575,17.89,194,1.6
4734,train,5.4406,4.9192,0.0000,0.0156,38.00,5.8854,20.00,192,2.0
4735,train,4.3624,5.1598,0.0103,0.0928,27.94,4.5576,30.59,194,6.4
4736,train,4.1384,3.9419,0.0000,0.0000,56.12,3.5440,60.00,193,3.7
4737,train,4.3132,3.9755,0.0206,0.0928,16.90,4.4691,12.65,194,2.8
4738,train,3.5473,3.5292,0.0570,0.2850,11.53,3.1087,16.00,193,1.1
4739,train,3.2092,3.7787,0.1237,0.3247,19.05,3.0383,15.00,194,3.2
4740,train,3.7337,3.3380,0.0412,0.1495,25.03,3.4997,18.97,194,5.8
4741,train,4.0418,4.0204,0.0052,0.0570,18.27,3.7803,11.18,193,3.0
4742,train,3.2611,3.5471,0.0928,0.4072,12.40,2.9711,15.00,194,3.0
4743,train,4.3228,4.4803,0.0155,0.0979,11.72,4.2442,5.66,194,2.4
4744,train,3.2292,4.2330,0.0984,0.5130,13.16,2.7144,0.00,193,4.3
4745,train,4.1785,3.1817,0.0000,0.0000,56.80,4.0689,48.37,194,5.8
4746,train,3.9502,3.4947,0.0000,0.0000,47.16,3.7899,50.99,194,4.3
4747,train,4.1263,3.6650,0.0361,0.1649,16.28,3.2994,15.81,194,3.3
4748,train,3.6241,3.1207,0.0361,0.2216,19.75,4.3006,24.74,194,6.4
4749,train,3.8359,4.4448,0.0722,0.3247,11.72,3.1702,4.00,194,1.6
4750,train,4.2891,3.8307,0.0206,0.0928,17.24,3.3839,25.50,194,4.0
4751,train,3.7884,3.8361,0.0105,0.1518,10.94,3.8583,11.18,191,2.3
4752,train,3.7792,3.4565,0.0103,0.0464,37.01,3.3844,36.50,194,5.6
4753,train,4.4170,3.5138,0.0103,0.1082,19.84,4.1123,14.42,194,3.3
4754,train,nan,0.2463,nan,nan,nan,0.0000,nan,0,4.4
4755,train,4.7760,4.6277,0.0154,0.0564,14.24,3.7491,12.00,195,2.1
4756,train,4.2805,3.8937,0.0103,0.0722,17.11,4.2980,17.89,194,2.1
4757,train,3.5668,3.9717,0.1186,0.3144,11.94,2.7562,0.00,194,5.6
4758,train,3.7886,3.1395,0.0464,0.1546,12.17,3.0703,4.00,194,2.4
4759,train,3.5430,3.8513,0.0515,0.3608,16.38,3.1148,8.49,194,4.6
4760,train,4.1739,4.0931,0.0412,0.1546,37.49,3.9953,43.68,194,6.8
4761,train,5.5135,4.2038,0.0000,0.0000,31.33,3.6848,34.99,192,1.9
4762,train,3.8317,3.4418,0.0103,0.1186,16.77,4.1206,17.89,194,2.7
4763,train,3.6385,3.8487,0.0311,0.2073,12.17,3.2640,12.00,193,2.3
4764,train,5.2515,4.1275,0.0155,0.0722,12.23,4.5236,12.37,194,0.9
4765,train,5.0345,4.3208,0.0206,0.0670,14.38,4.5614,6.71,194,1.9
4766,train,3.3340,3.5688,0.0938,0.2604,17.99,3.0724,15.81,192,2.8
4767,train,3.8129,3.4780,0.0515,0.1701,13.51,3.3305,20.00,194,1.8
4768,train,3.3260,3.6996,0.1031,0.3144,15.46,2.9419,10.00,194,2.3
4769,train,3.9492,4.5978,0.0207,0.0829,20.14,3.9144,12.65,193,2.4
4770,train,3.9270,4.3434,0.0518,0.2591,15.39,2.9244,0.00,193,4.7
4771,train,4.5189,4.2050,0.0312,0.0625,19.43,3.1828,20.40,192,2.2
4772,train,4.8057,3.7097,0.0000,0.0103,40.41,4.2404,44.00,194,2.3
4773,train,3.0686,2.9719,0.0674,0.3264,17.97,2.8760,12.00,193,4.4
4774,train,nan,0.2382,nan,nan,nan,0.0000,nan,0,2.5
4775,train,3.6021,4.0608,0.0160,0.2128,10.96,3.6990,20.40,188,2.4
4776,train,3.2356,3.7170,0.1186,0.4278,10.29,3.9664,6.00,194,3.4
4777,train,3.6945,3.8147,0.1186,0.2990,11.36,2.5629,6.00,194,5.4
4778,train,3.7545,4.1007,0.0052,0.1762,26.89,3.4138,8.49,193,2.1
4779,train,3.8155,4.3320,0.0412,0.2010,10.11,3.3117,5.66,194,2.3
4780,train,4.4649,4.0510,0.0000,0.0000,48.71,4.4866,31.62,194,1.9
4781,train,3.5756,3.9079,0.1354,0.3073,10.38,3.0117,6.00,192,2.9
4782,train,4.2524,3.8735,0.0000,0.0000,34.10,3.5445,30.59,193,3.4
4783,train,3.5612,4.3296,0.0825,0.3402,8.41,3.2531,5.00,194,2.0
4784,train,3.3760,4.4371,0.0412,0.2320,20.83,3.1415,30.41,194,4.0
4785,train,3.1344,2.9576,0.1186,0.4124,15.61,2.9902,12.00,194,3.1
4786,train,nan,0.1506,nan,nan,nan,0.0000,nan,0,2.4
4787,train,4.7558,3.1749,0.0052,0.0208,29.41,4.7539,24.00,192,3.1
4788,train,5.6678,4.2674,0.0000,0.0000,26.76,5.1544,18.25,194,2.2
4789,train,nan,0.1190,nan,nan,nan,0.0000,nan,0,3.5
4790,train,4.9132,5.0639,0.0052,0.0155,15.93,4.5248,21.54,194,2.7
4791,train,6.2628,3.7362,0.0000,0.0000,36.11,5.9814,24.00,193,2.4
4792,train,4.9312,4.1091,0.0103,0.0979,13.38,4.4480,4.24,194,0.9
4793,train,5.1533,3.5811,0.0000,0.0000,45.90,5.0896,50.00,194,2.2
4794,train,4.9626,3.9232,0.0259,0.0622,15.64,4.1312,9.49,193,2.1
4795,train,3.2354,2.8752,0.1026,0.4615,10.70,3.4403,10.00,195,1.9
4796,train,3.3475,3.2746,0.1340,0.4433,12.29,2.8916,6.00,194,4.5
4797,train,3.7538,3.8818,0.0309,0.2526,11.57,2.9932,11.18,194,4.3
4798,train,4.1920,4.0952,0.0515,0.2216,22.90,3.5099,0.00,194,3.1
4799,train,nan,0.2782,nan,nan,nan,0.0000,nan,0,5.2
4800,train,3.6082,3.0730,0.0670,0.3299,8.28,3.3963,8.00,194,3.1
4800,val,4.3148,,0.0249,0.1144,18.51,4.1770,19.65,7021,65.9
4801,train,nan,0.2624,nan,nan,nan,0.0000,nan,0,5.6
4802,train,5.4091,3.3811,0.0000,0.0000,31.46,5.4619,36.50,194,0.9
4803,train,3.6460,2.8553,0.0052,0.0670,33.34,3.4894,42.00,194,5.8
4804,train,5.8632,3.0747,0.0052,0.0103,24.52,3.9198,15.30,194,2.5
4805,train,3.9231,2.6980,0.0103,0.0670,28.24,3.5554,40.31,194,5.2
4806,train,3.7375,3.4215,0.0103,0.0670,32.62,3.5652,25.50,194,2.0
4807,train,5.1296,3.3249,0.0208,0.1042,9.86,3.3223,9.00,192,1.9
4808,train,4.2925,2.7008,0.0104,0.0570,22.22,4.9086,20.62,193,4.0
4809,train,5.1430,3.4985,0.0000,0.0000,45.77,4.8886,61.85,194,3.7
4810,train,3.6515,2.8924,0.0412,0.2062,13.36,2.9982,4.00,194,1.8
4811,train,4.4399,3.1968,0.0000,0.0258,15.99,4.4308,16.49,194,2.3
4812,train,4.4378,2.7037,0.0000,0.0104,42.10,4.4741,60.30,193,3.2
4813,train,3.5635,2.6720,0.0258,0.2268,15.83,3.4202,15.81,194,3.9
4814,train,3.8456,3.1624,0.0103,0.0206,64.71,3.2418,96.00,194,2.6
4815,train,3.5691,3.0902,0.0515,0.2784,10.68,3.4483,5.00,194,3.9
4816,train,4.3171,2.4922,0.0052,0.0258,24.57,3.9928,49.48,194,4.0
4817,train,3.4839,2.9904,0.0309,0.1598,29.51,3.0478,30.59,194,2.5
4818,train,4.4560,3.8185,0.0052,0.0515,10.99,3.6087,15.30,194,2.7
4819,train,nan,0.2481,nan,nan,nan,0.0000,nan,0,3.1
4820,train,3.7729,3.4940,0.0155,0.1865,12.91,3.4897,16.00,193,2.3
4821,train,3.7133,3.7025,0.0876,0.3196,15.17,2.9752,6.00,194,5.3
4822,train,4.8966,3.5026,0.0000,0.0155,46.01,4.4024,55.80,194,1.7
4823,train,4.1876,3.1844,0.0103,0.0515,17.37,4.3178,14.42,194,2.5
4824,train,3.6970,3.5857,0.0000,0.0000,52.37,3.3754,55.23,194,4.4
4825,train,3.4941,3.1602,0.0876,0.3608,14.50,2.8934,13.42,194,3.4
4826,train,4.4572,3.7691,0.0104,0.0725,10.48,3.0519,0.00,193,1.7
4827,train,5.0003,4.1466,0.0155,0.0670,13.71,4.1445,14.42,194,2.3
4828,train,nan,0.3217,nan,nan,nan,0.0000,nan,0,1.5
4829,train,nan,0.3062,nan,nan,nan,0.0000,nan,0,3.6
4830,train,4.6046,3.9532,0.0311,0.0933,11.27,3.4616,6.00,193,1.5
4831,train,3.5316,3.1714,0.0311,0.2383,11.93,3.3347,8.94,193,2.4
4832,train,4.0952,4.5365,0.0361,0.1237,39.49,4.7334,38.08,194,3.8
4833,train,3.2998,2.8747,0.0564,0.2718,16.05,2.8084,18.00,195,6.1
4834,train,4.0234,3.9389,0.0308,0.2103,11.78,4.1428,16.49,195,2.2
4835,train,4.5223,4.5478,0.0156,0.0990,15.86,3.6631,6.71,192,0.9
4836,train,4.0929,3.7641,0.0258,0.1082,15.05,3.6061,4.00,194,2.8
4837,train,nan,0.1570,nan,nan,nan,0.0000,nan,0,2.0
4838,train,nan,0.2089,nan,nan,nan,0.0000,nan,0,3.0
4839,train,4.2749,3.7787,0.0206,0.0979,11.76,3.2649,3.00,194,1.3
4840,train,4.9049,3.9732,0.0000,0.0000,44.24,4.5996,45.61,194,3.4
4841,train,nan,0.2070,nan,nan,nan,0.0000,nan,0,3.1
4842,train,6.4444,3.9828,0.0000,0.0515,12.08,5.5107,12.37,194,1.7
4843,train,4.8066,3.4454,0.0000,0.0000,59.93,4.9245,74.22,194,5.9
4844,train,4.4851,3.9146,0.0206,0.1134,11.89,3.0609,6.00,194,1.7
4845,train,3.4534,3.7837,0.0518,0.2694,10.01,2.9614,0.00,193,2.9
4846,train,3.4663,4.4190,0.0515,0.3402,16.21,3.5013,20.00,194,4.7
4847,train,3.2794,3.5980,0.0625,0.3125,16.55,3.8238,25.00,192,4.9
4848,train,4.9252,4.6913,0.0155,0.0773,13.54,4.3144,9.49,194,1.7
4849,train,4.5708,4.8080,0.0104,0.0781,11.54,4.8424,6.71,192,1.4
4850,train,4.1973,3.8610,0.0000,0.0361,26.10,3.5251,30.59,194,6.8
4851,train,4.8247,5.3817,0.0052,0.0567,12.52,4.2565,15.30,194,1.9
4852,train,3.9240,4.8348,0.0000,0.0259,24.08,3.5583,4.00,193,2.7
4853,train,4.0403,4.6698,0.0103,0.0979,13.84,3.4601,4.00,194,2.9
4854,train,4.9344,4.7248,0.0000,0.0104,19.84,3.9134,21.84,193,2.3
4855,train,4.6253,4.2389,0.0000,0.0000,26.56,5.2203,17.89,193,2.8
4856,train,3.8169,4.0204,0.0052,0.0363,33.77,3.3620,40.31,193,2.8
4857,train,nan,0.1522,nan,nan,nan,0.0000,nan,0,1.7
4858,train,4.7050,5.0412,0.0000,0.0000,16.92,4.4504,16.97,193,3.1
4859,train,5.0008,4.3504,0.0156,0.0469,24.56,4.1909,38.42,192,1.4
4860,train,3.9690,4.3139,0.0103,0.0361,16.56,3.3011,12.00,194,1.8
4861,train,4.8495,3.5837,0.0363,0.1451,11.20,2.8585,4.24,193,2.5
4862,train,4.0455,3.7749,0.0052,0.0881,10.73,3.4783,16.00,193,3.1
4863,train,4.4901,4.4524,0.0206,0.0722,25.22,4.8617,24.33,194,2.1
4864,train,3.8648,3.8823,0.0464,0.1959,19.92,3.6390,7.07,194,3.8
4865,train,4.2314,5.2096,0.0103,0.1392,11.59,3.1611,15.00,194,1.5
4866,train,4.4598,4.8211,0.0412,0.1443,10.32,3.2651,3.00,194,2.0
4867,train,4.1533,3.2557,0.0000,0.0311,27.28,3.9646,36.50,193,5.5
4868,train,4.3871,4.5979,0.0207,0.0725,21.74,4.4663,36.50,193,3.0
4869,train,3.9778,5.2692,0.0570,0.2280,11.40,4.1098,5.66,193,2.5
4870,train,3.9954,4.4663,0.0155,0.1134,14.68,3.9541,25.50,194,4.1
4871,train,4.8651,4.8388,0.0000,0.0000,23.27,5.3267,20.00,193,2.7
4872,train,4.0982,4.2643,0.0415,0.1813,12.44,4.0605,12.37,193,2.3
4873,train,4.4084,4.8242,0.0155,0.0670,10.97,4.0147,10.82,194,1.2
4874,train,4.5942,5.2732,0.0103,0.0619,19.79,3.2841,12.00,194,7.0
4875,train,4.5407,4.7319,0.0466,0.1658,25.35,4.2195,36.50,193,7.1
4876,train,3.7946,4.3875,0.0773,0.2113,13.29,3.2073,5.00,194,2.0
4877,train,nan,0.0857,nan,nan,nan,0.0000,nan,0,2.1
4878,train,3.5704,4.4223,0.0928,0.3711,10.26,3.0525,4.00,194,2.3
4879,train,nan,0.2527,nan,nan,nan,0.0000,nan,0,2.1
4880,train,3.9872,4.5691,0.0415,0.2487,9.15,4.2237,8.94,193,2.1
4881,train,nan,0.1403,nan,nan,nan,0.0000,nan,0,2.6
4882,train,4.1987,4.9385,0.0309,0.0722,11.04,3.3378,4.24,194,2.0
4883,train,3.9765,4.5668,0.0412,0.2526,13.97,3.2510,0.00,194,2.5
4884,train,4.3902,4.4073,0.0155,0.1036,17.92,4.2801,13.42,193,5.5
4885,train,3.8451,5.3277,0.0000,0.0156,33.86,3.8865,20.40,192,2.1
4886,train,nan,0.1425,nan,nan,nan,0.0000,nan,0,2.6
4887,train,4.1795,5.4645,0.0206,0.1031,13.70,3.6320,16.00,194,2.3
4888,train,4.1978,4.8368,0.0207,0.1606,18.76,3.2298,18.97,193,5.5
4889,train,3.8055,5.2704,0.0876,0.3505,8.94,3.6979,16.49,194,2.1
4890,train,4.1528,5.3875,0.0000,0.0000,42.22,4.1657,50.25,194,3.4
4891,train,5.0691,4.4348,0.0000,0.0103,35.58,5.0302,36.88,194,2.7
4892,train,4.3868,4.1451,0.0000,0.0619,22.63,4.0755,30.59,194,5.1
4893,train,4.8331,4.7959,0.0000,0.0104,19.43,3.3843,13.42,192,3.4
4894,train,nan,0.1489,nan,nan,nan,0.0000,nan,0,6.8
4895,train,3.8991,4.9480,0.0515,0.2938,15.02,3.7963,13.42,194,6.0
4896,train,3.5184,4.6230,0.0928,0.2526,16.58,3.2987,30.59,194,3.4
4897,train,4.2620,4.8900,0.0258,0.1495,18.03,4.4127,16.97,194,4.5
4898,train,3.8763,4.6606,0.0000,0.0309,27.18,3.7033,32.25,194,2.0
4899,train,4.0320,4.4082,0.0155,0.0979,14.13,3.2320,4.00,194,2.3
4900,train,3.8005,3.6648,0.0000,0.0052,57.93,4.1607,78.92,192,5.7
4901,train,4.4801,4.9952,0.0155,0.0412,27.37,3.5022,4.00,194,2.9
4902,train,4.9190,4.2007,0.0052,0.0155,29.27,3.6864,37.11,193,0.9
4903,train,3.5998,3.9068,0.0155,0.0722,31.83,3.2410,37.95,194,5.3
4904,train,5.3718,4.8761,0.0000,0.0000,31.11,5.7064,44.72,193,1.5
4905,train,4.0106,3.9265,0.0000,0.0361,34.78,3.9821,30.00,194,5.8
4906,train,4.9916,4.5352,0.0000,0.0521,14.42,4.1336,6.71,192,1.0
4907,train,3.4183,3.6633,0.1186,0.4227,10.22,2.8718,0.00,194,2.8
4908,train,5.4844,3.7773,0.0000,0.0000,36.35,4.1458,21.54,193,1.8
4909,train,nan,0.1430,nan,nan,nan,0.0000,nan,0,1.6
4910,train,4.5374,4.1694,0.0155,0.0515,17.44,3.4020,7.07,194,3.6
4911,train,3.8724,3.1268,0.0000,0.0000,41.91,4.0203,54.33,194,5.9
4912,train,3.8237,3.7468,0.0052,0.0258,28.26,3.9275,30.59,194,2.5
4913,train,5.1399,5.3165,0.0000,0.0000,20.85,5.2513,15.30,193,2.1
4914,train,4.0971,4.9904,0.0103,0.0979,28.73,3.5736,6.00,194,6.9
4915,train,4.7136,3.6943,0.0052,0.0365,17.48,4.1593,9.00,192,1.7
4916,train,3.5665,3.2476,0.1082,0.3814,11.79,2.8420,0.00,194,2.4
4917,train,3.9984,3.4054,0.0103,0.0464,14.44,3.1304,8.00,194,3.3
4918,train,4.4357,4.0515,0.0207,0.1036,20.13,3.5375,18.03,193,2.9
4919,train,5.3089,3.9898,0.0052,0.0155,14.00,3.6810,12.00,194,2.2
4920,train,4.3103,3.6046,0.0104,0.0155,36.17,3.7440,36.22,193,1.5
4921,train,nan,0.2291,nan,nan,nan,0.0000,nan,0,2.6
4922,train,4.2416,3.3303,0.0208,0.1510,17.44,4.0966,12.00,192,2.0
4923,train,5.0548,3.7900,0.0000,0.0000,41.10,4.5239,60.13,193,3.0
4924,train,3.7976,4.1174,0.0777,0.3679,15.57,3.4473,13.42,193,2.7
4925,train,4.4891,2.8877,0.0000,0.0104,24.19,5.1869,22.36,193,3.0
4926,train,5.9417,3.4787,0.0000,0.0000,62.32,5.2829,61.19,194,6.9
4927,train,3.6050,3.8964,0.0258,0.0876,33.90,3.5813,30.00,194,1.9
4928,train,3.7730,3.6304,0.0103,0.0309,29.73,4.3646,30.00,194,4.5
4929,train,4.2655,3.5144,0.0000,0.0570,14.78,3.3575,12.00,193,3.1
4930,train,3.8370,3.8943,0.0206,0.1134,32.81,3.8504,30.00,194,5.6
4931,train,nan,0.1945,nan,nan,nan,0.0000,nan,0,2.5
4932,train,4.5090,3.9804,0.0207,0.0622,13.55,4.1749,24.74,193,1.2
4933,train,3.8167,3.4574,0.0619,0.2113,11.28,2.4601,0.00,194,3.1
4934,train,3.9916,4.7489,0.0309,0.1237,16.44,3.2965,12.00,194,3.1
4935,train,4.8287,4.1241,0.0155,0.0928,12.09,3.1819,6.71,194,2.5
4936,train,3.9890,3.8323,0.0000,0.0412,36.49,4.0201,30.00,194,5.2
4937,train,nan,0.0861,nan,nan,nan,0.0000,nan,0,5.6
4938,train,4.8081,5.1688,0.0258,0.0928,13.39,2.9546,18.00,194,1.7
4939,train,5.0437,5.4062,0.0104,0.0570,15.46,4.4435,6.00,193,1.2
4940,train,4.5970,4.9451,0.0000,0.0103,36.03,4.9622,42.43,194,6.3
4941,train,4.2312,4.6890,0.0258,0.1031,19.18,3.6313,18.97,194,2.5
4942,train,nan,0.1877,nan,nan,nan,0.0000,nan,0,3.5
4943,train,nan,0.0648,nan,nan,nan,0.0000,nan,0,1.2
4944,train,4.3253,4.1112,0.0000,0.0206,26.82,4.0040,36.00,194,2.1
4945,train,3.8592,4.9584,0.0625,0.2656,13.70,5.1067,8.00,192,2.4
4946,train,nan,0.2085,nan,nan,nan,0.0000,nan,0,4.6
4947,train,3.3564,4.4206,0.1649,0.5052,7.67,3.1645,12.00,194,2.1
4948,train,3.8128,5.1032,0.0206,0.0464,51.85,3.3857,54.00,194,5.0
4949,train,3.7097,4.9691,0.0361,0.1701,12.41,4.4840,20.40,194,2.7
4950,train,3.2646,4.3262,0.0363,0.2746,20.76,2.2720,0.00,193,3.4
4951,train,4.0351,5.9838,0.0104,0.0829,15.69,3.9159,12.00,193,2.8
4952,train,3.2552,4.1866,0.0722,0.2680,17.26,2.4950,0.00,194,3.6
4953,train,3.7688,4.8817,0.0103,0.1392,17.65,3.7963,11.18,194,4.2
4954,train,4.2446,4.4338,0.0000,0.0052,26.60,4.1012,30.59,193,4.7
4955,train,4.3502,4.5813,0.0000,0.0052,29.81,4.5632,30.59,194,3.4
4956,train,nan,0.1392,nan,nan,nan,0.0000,nan,0,3.5
4957,train,4.2509,4.5537,0.0156,0.1042,11.26,3.8267,12.00,192,1.2
4958,train,3.6449,4.3525,0.1031,0.3557,18.14,3.2449,6.00,194,5.5
4959,train,4.1203,5.0156,0.0207,0.1088,14.15,3.0599,12.37,193,2.0
4960,train,3.8359,4.6096,0.0155,0.1813,14.66,3.5914,20.00,193,2.5
4961,train,4.8506,5.0492,0.0208,0.0990,16.73,4.3307,8.49,192,4.1
4962,train,3.7007,3.5696,0.0155,0.0928,20.80,3.4569,25.00,194,2.5
4963,train,3.8488,5.2989,0.0052,0.0619,23.34,3.2263,10.00,194,4.3
4964,train,4.4247,5.0421,0.0104,0.0725,12.35,4.2857,6.71,193,1.9
4965,train,3.5912,4.9023,0.0260,0.1094,15.39,4.4334,8.94,192,3.3
4966,train,4.0181,4.3429,0.0415,0.1658,15.95,2.9082,18.97,193,4.0
4967,train,nan,0.1327,nan,nan,nan,0.0000,nan,0,3.2
4968,train,3.7605,4.3583,0.0309,0.2062,14.42,3.3331,10.00,194,2.1
4969,train,nan,0.1009,nan,nan,nan,0.0000,nan,0,2.8
4970,train,4.4667,4.6305,0.0155,0.1082,12.54,4.5458,6.71,194,1.6
4971,train,4.7272,4.3727,0.0000,0.0464,17.42,4.3849,8.49,194,6.0
4972,train,3.6080,4.5307,0.0567,0.3041,9.02,2.8997,4.00,194,2.8
4973,train,4.1956,4.3083,0.0000,0.0000,25.24,4.0484,25.00,194,2.8
4974,train,3.5390,3.6354,0.0412,0.2577,15.37,2.4687,12.00,194,4.9
4975,train,3.7054,4.4112,0.0206,0.0979,17.80,4.1490,15.81,194,4.1
4976,train,3.8906,4.6732,0.0359,0.2667,19.39,3.1945,6.00,195,4.7
4977,train,3.7028,3.6086,0.0103,0.1031,14.43,3.0034,25.50,194,4.2
4978,train,4.2749,4.3703,0.0000,0.0207,38.93,4.1035,43.68,193,5.0
4979,train,3.8407,4.4960,0.0258,0.0773,23.22,3.1475,40.00,194,3.4
4980,train,3.7630,3.7605,0.0464,0.2423,19.47,3.1351,18.00,194,3.3
4981,train,4.3245,3.4424,0.0104,0.0725,24.44,4.1997,16.49,193,3.7
4982,train,3.9647,3.9440,0.0103,0.0928,18.03,4.2412,21.63,194,5.0
4983,train,4.6967,4.3248,0.0000,0.0155,24.73,3.6500,12.65,193,2.9
4984,train,6.6583,3.5572,0.0000,0.0000,33.60,4.8522,21.84,193,2.4
4985,train,4.6935,4.2315,0.0155,0.0412,22.03,3.0329,3.00,194,2.3
4986,train,4.7564,4.0784,0.0103,0.0722,16.78,4.5953,13.42,194,1.6
4987,train,3.4285,3.5201,0.0311,0.2487,10.91,3.1632,8.00,193,1.9
4988,train,3.4633,3.7893,0.0984,0.4819,8.69,3.2914,8.00,193,1.5
4989,train,5.3362,3.2167,0.0000,0.0000,20.72,4.6863,17.89,194,3.7
4990,train,3.6171,3.3040,0.0570,0.2642,12.78,3.0806,5.00,193,3.5
4991,train,3.5623,4.0701,0.0361,0.2577,10.71,3.1809,8.00,194,2.1
4992,train,4.5231,3.2934,0.0000,0.0415,15.92,4.4795,10.00,193,4.3
4993,train,4.9945,4.5747,0.0052,0.0155,27.93,3.9197,6.71,193,2.2
4994,train,4.7509,4.5657,0.0000,0.0000,55.88,4.6582,60.30,194,4.4
4995,train,4.7713,4.2454,0.0000,0.0000,25.28,4.9643,18.97,194,2.1
4996,train,4.0317,2.9271,0.0052,0.0619,17.04,3.1116,13.42,194,5.6
4997,train,4.3807,4.1373,0.0052,0.0722,13.69,4.2707,8.00,194,3.1
4998,train,3.5278,3.7414,0.0670,0.2835,11.95,3.5788,5.00,194,4.9
4999,train,4.8094,4.1397,0.0000,0.0155,26.13,3.5786,4.24,193,0.9
5000,train,3.9446,2.8354,0.0259,0.1295,14.31,3.5173,12.65,193,2.8
5000,val,4.2665,,0.0214,0.1110,17.89,4.1452,15.74,6973,74.6
5001,train,4.5112,3.6315,0.0155,0.0567,11.97,3.7534,6.71,194,1.6
5002,train,5.5954,3.9864,0.0000,0.0000,45.31,5.8778,47.17,194,2.6
5003,train,nan,0.3909,nan,nan,nan,0.0000,nan,0,2.8
5004,train,4.6097,4.0990,0.0466,0.1347,10.84,4.4271,9.49,193,2.5
5005,train,3.8076,3.3520,0.0984,0.3264,16.97,3.7099,13.42,193,4.9
5006,train,4.7908,3.8270,0.0000,0.0000,22.97,3.3122,27.00,194,1.4
5007,train,5.1055,3.6452,0.0000,0.0000,34.15,5.1024,30.00,193,2.1
5008,train,3.8480,4.1207,0.0104,0.1615,22.81,3.8452,20.62,192,4.3
5009,train,3.3118,2.6848,0.0881,0.3161,17.15,3.5360,20.62,193,3.7
5010,train,4.7469,3.3944,0.0000,0.0052,32.53,4.4581,36.88,193,1.1
5011,train,4.8290,4.0640,0.0000,0.0309,25.94,4.9174,27.17,194,2.1
5012,train,4.1295,3.8699,0.0000,0.0155,23.44,4.0276,28.28,194,2.8
5013,train,nan,0.3627,nan,nan,nan,0.0000,nan,0,1.6
5014,train,3.6766,4.1759,0.0259,0.1554,17.08,3.0810,5.66,193,2.1
5015,train,4.4503,4.1858,0.0103,0.0773,11.06,4.4052,6.00,194,2.3
5016,train,4.0423,4.4895,0.0052,0.0515,23.47,4.3206,24.00,194,2.4
5017,train,3.6431,4.5775,0.0619,0.2526,12.93,3.1620,4.00,194,4.0
5018,train,nan,0.5154,nan,nan,nan,0.0000,nan,0,5.9
5019,train,4.5167,3.6666,0.0000,0.0000,41.30,3.9426,40.20,194,2.7
5020,train,4.8515,4.7076,0.0000,0.0000,22.48,4.3767,21.21,194,1.9
5021,train,4.8780,3.5501,0.0000,0.0309,24.44,5.2774,24.74,194,3.1
5022,train,3.6491,2.8415,0.0567,0.2423,14.65,2.8977,6.00,194,6.2
5023,train,3.5950,3.6078,0.0518,0.2539,13.73,2.7578,6.00,193,4.5
5024,train,5.7764,5.0648,0.0000,0.0000,44.83,6.9358,55.32,193,6.2
5025,train,4.6629,4.6407,0.0156,0.0885,57.43,4.4231,127.28,192,5.7
5026,train,3.7979,3.7798,0.0206,0.1856,16.57,4.6461,21.54,194,1.5
5027,train,4.4084,4.3430,0.0103,0.0464,29.62,4.2713,20.62,194,1.9
5028,train,4.5445,4.1588,0.0000,0.0000,61.69,4.3519,71.06,157,3.3
5029,train,nan,0.1989,nan,nan,nan,0.0000,nan,0,1.2
5030,train,3.6095,4.5274,0.0363,0.1503,36.31,3.6832,36.50,193,5.4
5031,train,4.1555,3.8341,0.0052,0.0725,13.08,3.3308,5.00,193,4.2
5032,train,4.0715,4.1971,0.0104,0.0933,46.46,3.9286,62.64,193,2.5
5033,train,3.6332,3.6875,0.0309,0.1649,16.51,4.2856,16.49,194,2.5
5034,train,4.0185,3.7465,0.0515,0.2165,16.15,2.8307,12.00,194,5.4
5035,train,nan,0.1502,nan,nan,nan,0.0000,nan,0,4.8
5036,train,3.7108,3.8156,0.0464,0.1753,20.11,2.8325,0.00,194,3.1
5037,train,5.1428,4.0648,0.0052,0.0155,16.55,5.4962,11.31,194,1.5
5038,train,5.2524,3.6410,0.0000,0.0000,57.63,5.4000,43.68,194,6.1
5039,train,4.0837,4.3000,0.0103,0.0464,22.69,4.1673,24.33,194,2.5
5040,train,3.6452,3.8624,0.0258,0.2526,14.04,3.7084,24.00,194,1.7
5041,train,3.7446,3.2695,0.0103,0.0309,59.72,3.3266,65.00,194,3.8
5042,train,3.9439,3.0175,0.0052,0.0258,33.30,4.0361,30.00,194,3.1
5043,train,3.6430,2.9245,0.0466,0.2383,14.04,3.3149,15.00,193,2.1
5044,train,nan,0.4634,nan,nan,nan,0.0000,nan,0,4.0
5045,train,4.7892,4.2856,0.0052,0.0104,26.88,5.0137,18.00,193,1.5
5046,train,nan,0.4516,nan,nan,nan,0.0000,nan,0,4.3
5047,train,4.5846,2.9869,0.0366,0.1099,12.61,4.1611,9.49,191,1.9
5048,train,3.6221,3.1956,0.0156,0.1042,28.76,4.0651,37.95,192,4.4
5049,train,3.7947,3.9807,0.0000,0.1134,17.76,3.1315,18.00,194,3.1
5050,train,3.6546,2.7517,0.0417,0.2240,20.43,3.6126,13.42,192,2.7
5051,train,3.9072,2.5577,0.0000,0.0000,47.85,3.8567,25.00,194,2.6
5052,train,4.2030,4.1423,0.0206,0.0722,18.19,3.0537,4.00,194,1.9
5053,train,3.3245,3.2120,0.1031,0.4381,11.43,3.0297,7.07,194,2.0
5054,train,nan,0.4087,nan,nan,nan,0.0000,nan,0,3.8
5055,train,3.4382,4.1112,0.0207,0.2176,20.97,3.4686,18.97,193,6.4
5056,train,3.4437,3.9047,0.0567,0.2990,15.22,3.0284,5.00,194,4.1
5057,train,3.4558,3.4674,0.0515,0.3608,12.62,3.0347,10.00,194,3.1
5058,train,3.5416,3.9305,0.0155,0.0979,30.93,3.0564,48.00,194,4.0
5059,train,nan,0.2219,nan,nan,nan,0.0000,nan,0,3.0
5060,train,4.5025,4.2140,0.0103,0.0258,23.13,4.6793,14.14,194,4.3
5061,train,5.2849,3.6557,0.0000,0.0363,13.97,4.3536,8.49,193,1.2
5062,train,4.2847,3.0725,0.0259,0.1244,11.30,2.9459,4.00,193,3.3
5063,train,nan,0.4030,nan,nan,nan,0.0000,nan,0,2.5
5064,train,5.4948,3.6898,0.0000,0.0155,20.32,3.3850,9.49,194,2.1
5065,train,nan,0.5293,nan,nan,nan,0.0000,nan,0,5.7
5066,train,4.3581,4.7228,0.0052,0.0412,42.67,3.3653,32.25,194,2.2
5067,train,5.1439,3.7734,0.0155,0.0567,16.08,3.6365,15.00,194,2.3
5068,train,nan,0.2231,nan,nan,nan,0.0000,nan,0,4.0
5069,train,3.8115,4.5594,0.0206,0.1804,17.80,3.5835,10.00,194,3.4
5070,train,3.1309,3.7441,0.0622,0.4145,18.34,4.0780,24.74,193,5.7
5071,train,4.1717,4.1627,0.0000,0.0103,39.28,3.9984,49.48,194,4.9
5072,train,3.9448,3.9304,0.0052,0.0464,14.43,3.0506,8.94,194,2.7
5073,train,3.7516,4.2029,0.0155,0.1088,22.02,3.2225,25.00,193,3.8
5074,train,3.4366,3.5281,0.0881,0.3731,16.03,3.0560,18.00,193,5.0
5075,train,5.0437,5.0818,0.0000,0.0000,14.59,5.4841,8.94,193,2.4
5076,train,3.6700,4.1320,0.0207,0.1865,16.15,3.4962,7.07,193,4.4
5077,train,3.5737,4.4703,0.0518,0.1762,17.22,2.6944,11.18,193,3.6
5078,train,3.6574,3.8361,0.0052,0.0984,26.33,3.2421,36.50,193,2.5
5079,train,4.8887,4.6669,0.0155,0.0928,11.84,5.1555,6.71,194,2.4
5080,train,nan,0.2042,nan,nan,nan,0.0000,nan,0,2.0
5081,train,3.6963,3.3891,0.0052,0.0417,31.74,3.0870,8.00,192,1.9
5082,train,nan,0.1990,nan,nan,nan,0.0000,nan,0,1.1
5083,train,nan,0.1713,nan,nan,nan,0.0000,nan,0,0.9
5084,train,4.4433,5.5598,0.0155,0.0464,19.17,4.9289,10.82,194,2.0
5085,train,3.7429,3.7568,0.0000,0.0464,25.17,3.9885,24.33,194,3.3
5086,train,3.3280,4.3621,0.0670,0.3041,17.00,2.9241,20.00,194,2.4
5087,train,4.2455,4.3531,0.0104,0.0207,23.52,4.1425,25.50,193,3.2
5088,train,4.1158,4.2356,0.0567,0.2216,8.97,3.1389,6.00,194,2.5
5089,train,3.6175,4.3250,0.0363,0.2176,13.95,3.2281,12.00,193,1.1
5090,train,nan,0.2213,nan,nan,nan,0.0000,nan,0,2.1
5091,train,3.6836,4.2725,0.0259,0.1399,19.17,2.9225,12.00,193,6.5
5092,train,nan,0.1660,nan,nan,nan,0.0000,nan,0,2.7
5093,train,3.9517,4.2769,0.0207,0.1451,16.13,3.6656,20.40,193,1.5
5094,train,nan,0.3073,nan,nan,nan,0.0000,nan,0,3.0
5095,train,3.8732,4.6397,0.0000,0.0670,20.01,4.2061,24.74,194,2.5
5096,train,6.5308,5.2046,0.0000,0.0000,55.21,7.4901,43.27,192,4.7
5097,train,4.0267,3.8062,0.0052,0.0155,19.72,3.6142,25.50,194,3.6
5098,train,2.9452,3.8643,0.2320,0.5876,9.62,3.3216,13.42,194,4.0
5099,train,nan,0.2642,nan,nan,nan,0.0000,nan,0,5.1
5100,train,4.1483,3.9340,0.0312,0.1615,10.84,4.2820,4.00,192,2.7
5101,train,nan,0.1416,nan,nan,nan,0.0000,nan,0,2.3
5102,train,4.5193,4.3792,0.0103,0.0309,34.33,4.5135,36.40,194,2.2
5103,train,4.9058,4.6191,0.0103,0.0309,32.18,5.4241,44.72,194,4.2
5104,train,3.6659,2.6583,0.0258,0.1340,20.46,3.2552,24.00,194,2.8
5105,train,3.3999,3.5660,0.0625,0.2917,20.91,3.5173,12.00,192,3.5
5106,train,3.7946,4.0956,0.0781,0.2917,15.14,3.0576,0.00,192,1.5
5107,train,4.7259,4.0810,0.0052,0.0469,28.92,4.1790,38.08,192,2.0
5108,train,3.8587,4.3405,0.0157,0.1361,16.34,3.5317,25.00,191,4.1
5109,train,3.6585,4.4795,0.0155,0.1598,19.80,3.0753,24.00,194,4.9
5110,train,3.4927,4.3361,0.1031,0.3660,22.79,3.1878,5.00,194,4.1
5111,train,3.9546,4.0562,0.0361,0.1598,10.80,3.6133,12.00,194,2.8
5112,train,3.9943,4.3731,0.0825,0.2990,9.33,3.6391,4.00,194,1.8
5113,train,5.6887,3.9284,0.0000,0.0622,11.47,4.3325,6.71,193,2.0
5114,train,nan,0.2700,nan,nan,nan,0.0000,nan,0,2.7
5115,train,3.8576,3.8437,0.0052,0.0206,32.03,3.9262,40.31,194,1.8
5116,train,3.8038,4.7227,0.0363,0.2021,13.19,4.2144,20.00,193,2.8
5117,train,4.0478,4.1025,0.0000,0.0052,58.37,3.4698,35.36,194,3.4
5118,train,4.1857,4.1322,0.0000,0.0515,23.32,4.1761,24.33,194,3.6
5119,train,4.2006,2.9959,0.0674,0.1917,14.43,4.7144,22.36,193,1.5
5120,train,4.9892,4.3246,0.0000,0.0000,37.12,4.4524,36.25,194,2.4
5121,train,4.6358,3.9909,0.0206,0.0722,12.35,2.9474,0.00,194,2.2
5122,train,3.6043,2.9448,0.0722,0.2835,16.98,3.2069,12.00,194,5.4
5123,train,3.8475,3.7504,0.0103,0.1237,18.43,3.2296,35.36,194,3.0
5124,train,3.2989,2.5823,0.0725,0.3109,17.60,3.1582,13.42,193,6.0
5125,train,4.5972,4.1107,0.0103,0.0876,11.11,3.5778,3.00,194,1.2
5126,train,3.7014,3.1228,0.0567,0.1959,16.41,3.7176,18.97,194,3.4
5127,train,4.1259,4.2394,0.0052,0.0825,12.39,3.5095,9.00,194,1.3
5128,train,4.8340,3.4888,0.0104,0.0521,11.46,2.5635,0.00,192,2.0
5129,train,3.1981,3.9619,0.0979,0.5412,13.63,2.9742,0.00,194,6.7
5130,train,3.7545,4.1167,0.0258,0.1186,19.05,3.0915,6.00,194,5.5
5131,train,3.6892,3.5688,0.0670,0.3351,9.69,3.7063,8.94,194,2.3
5132,train,3.4123,2.5787,0.1134,0.4072,16.32,3.1535,8.49,194,5.5
5133,train,nan,0.5991,nan,nan,nan,0.0000,nan,0,5.5
5134,train,5.0353,4.0980,0.0207,0.1036,10.96,5.1006,10.82,193,1.7
5135,train,5.0352,4.0187,0.0206,0.0361,21.36,4.0660,6.71,194,1.3
5136,train,4.5140,4.3233,0.0309,0.1082,20.43,4.9444,20.62,194,3.0
5137,train,3.6530,3.4999,0.0567,0.1753,14.51,2.6636,0.00,194,4.9
5138,train,4.0145,4.0766,0.0363,0.1658,14.16,4.3382,11.18,193,2.4
5139,train,4.6203,3.7010,0.0000,0.0052,17.38,4.1005,21.21,194,1.9
5140,train,5.2532,3.7286,0.0000,0.0000,46.89,4.8832,50.91,194,2.5
5141,train,4.3839,4.4524,0.0104,0.0207,41.39,5.1323,26.93,193,2.6
5142,train,nan,0.3048,nan,nan,nan,0.0000,nan,0,2.8
5143,train,3.8690,3.4721,0.0260,0.1042,17.74,3.5375,20.40,192,1.8
5144,train,nan,0.1684,nan,nan,nan,0.0000,nan,0,6.0
5145,train,3.6040,3.9939,0.0670,0.2474,10.31,3.9475,8.94,194,2.2
5146,train,nan,0.3886,nan,nan,nan,0.0000,nan,0,3.5
5147,train,5.0474,3.8586,0.0052,0.0207,16.03,4.8080,20.12,193,2.4
5148,train,4.4508,3.6678,0.0309,0.0773,8.63,3.7967,12.37,194,1.5
5149,train,3.9594,3.0120,0.0773,0.2113,13.18,3.8495,29.12,194,3.6
5150,train,4.3290,3.3812,0.0208,0.1302,17.02,3.6645,13.42,192,5.0
5151,train,3.8990,3.3505,0.0155,0.1237,16.48,3.3755,11.18,194,2.7
5152,train,3.5714,3.0615,0.0674,0.3057,11.70,3.7573,8.00,193,3.6
5153,train,3.7605,3.3468,0.0361,0.1907,10.82,4.0987,5.66,194,2.2
5154,train,nan,0.2043,nan,nan,nan,0.0000,nan,0,2.8
5155,train,3.4815,2.8443,0.0412,0.2835,15.00,3.1435,0.00,194,2.8
5156,train,4.2447,3.1062,0.0000,0.0052,38.19,3.9603,36.22,192,2.2
5157,train,nan,0.3908,nan,nan,nan,0.0000,nan,0,6.5
5158,train,4.8459,3.9869,0.0000,0.0000,31.82,4.3599,39.46,194,2.4
5159,train,nan,0.2745,nan,nan,nan,0.0000,nan,0,2.1
5160,train,4.1708,3.1206,0.0309,0.1031,18.20,4.1406,20.40,194,2.2
5161,train,4.0845,3.4458,0.0155,0.0412,24.35,2.9691,6.00,194,5.3
5162,train,5.0429,3.5356,0.0000,0.0155,18.34,3.8831,18.25,194,1.8
5163,train,nan,0.6404,nan,nan,nan,0.0000,nan,0,1.7
5164,train,5.2889,4.2891,0.0000,0.0000,39.51,5.3807,43.27,194,2.2
5165,train,3.8301,2.7737,0.0309,0.1959,12.24,3.2303,0.00,194,2.2
5166,train,6.8099,3.3247,0.0000,0.0000,25.32,7.2378,25.50,193,1.5
5167,train,3.5183,3.5128,0.0622,0.2953,10.97,3.7567,12.65,193,2.7
5168,train,3.4680,3.3134,0.0361,0.1701,17.81,3.1885,24.00,194,3.6
5169,train,4.3525,3.1353,0.0103,0.0670,18.42,3.5544,20.40,194,2.2
5170,train,4.1149,2.7208,0.0155,0.0825,18.39,3.9026,11.18,194,2.8
5171,train,3.5751,2.8913,0.0052,0.0876,26.37,3.4241,15.81,194,3.5
5172,train,4.8235,3.5348,0.0207,0.0829,26.51,4.5745,18.97,193,6.6
5173,train,4.1400,3.0495,0.0155,0.0773,14.86,3.3641,3.00,194,1.3
5174,train,4.3570,3.4888,0.0412,0.1443,16.81,4.8709,13.42,194,3.8
5175,train,4.2929,3.4483,0.0000,0.0000,34.40,4.4968,36.00,194,3.1
5176,train,4.0821,3.0083,0.0207,0.1554,9.60,3.6575,4.24,193,1.7
5177,train,3.6854,2.6273,0.0419,0.1937,19.89,2.9857,12.00,191,4.5
5178,train,4.0878,3.3111,0.0361,0.1186,26.91,3.6975,12.00,194,5.1
5179,train,3.8799,3.1979,0.0104,0.1451,15.85,2.9847,6.00,193,5.6
5180,train,4.1390,3.8386,0.0258,0.1546,13.81,3.7837,6.71,194,2.9
5181,train,5.1138,3.4364,0.0156,0.0573,23.23,5.6551,21.84,192,2.0
5182,train,nan,0.2812,nan,nan,nan,0.0000,nan,0,5.0
5183,train,4.5002,3.2188,0.0104,0.0518,15.87,3.9821,18.25,193,1.7
5184,train,3.4774,2.9930,0.0518,0.3057,12.10,2.6364,0.00,193,3.5
5185,train,4.5477,3.6490,0.0309,0.1082,14.62,3.6510,3.00,194,1.8
5186,train,4.2881,3.1660,0.0000,0.0259,23.40,3.6361,42.43,193,6.1
5187,train,4.0658,3.1919,0.0155,0.1340,17.41,3.8274,15.81,194,2.8
5188,train,3.5322,3.6557,0.0979,0.3866,11.44,3.4213,8.00,194,3.2
5189,train,4.9048,3.4370,0.0052,0.0206,12.96,5.8145,9.00,194,1.3
5190,train,4.5659,3.0640,0.0103,0.0825,21.76,4.4000,21.63,194,6.0
5191,train,3.8049,3.2210,0.0625,0.2448,18.76,2.8256,12.00,192,4.6
5192,train,4.1725,3.9161,0.0670,0.1804,33.55,2.9191,0.00,194,6.5
5193,train,4.5550,2.9031,0.0000,0.0053,28.71,4.8092,24.33,190,2.6
5194,train,4.3424,3.2608,0.0206,0.0928,14.94,3.9185,28.30,194,2.0
5195,train,3.8479,3.3702,0.0725,0.2953,12.11,3.7631,4.00,193,3.2
5196,train,3.9339,3.4321,0.0155,0.1186,28.62,3.1446,15.00,194,3.4
5197,train,3.7715,3.4546,0.0412,0.1546,14.59,3.1146,3.00,194,2.8
5198,train,3.7225,3.0530,0.0361,0.1856,13.05,3.5528,16.00,194,1.6
5199,train,4.4073,2.8714,0.0000,0.0000,41.36,4.0025,24.00,194,5.2
5200,train,4.1447,2.7976,0.0052,0.0103,36.47,3.8180,42.43,194,6.1
5200,val,4.1779,,0.0295,0.1413,17.36,4.1089,16.57,6820,69.5
5201,train,3.6813,3.8978,0.0258,0.0979,20.52,3.3153,16.00,194,2.4
5202,train,3.8433,3.0944,0.0206,0.1237,23.31,3.8467,30.41,194,1.9
5203,train,3.4751,3.1085,0.0725,0.3161,22.37,3.2444,5.00,193,2.0
5204,train,3.3790,3.5752,0.0567,0.3402,15.12,3.8754,18.97,194,4.2
5205,train,4.5885,3.4006,0.0052,0.0361,13.04,2.8371,3.00,194,1.2
5206,train,4.1556,4.3301,0.0309,0.2010,12.11,3.4524,5.66,194,1.9
5207,train,3.3817,3.4220,0.0619,0.2990,17.39,2.8675,5.00,194,2.8
5208,train,3.5982,3.2956,0.0103,0.1959,21.71,3.6633,20.62,194,2.9
5209,train,nan,0.2489,nan,nan,nan,0.0000,nan,0,6.0
5210,train,4.4095,4.3939,0.0155,0.0674,16.48,4.9823,16.16,193,1.8
5211,train,4.5729,3.6086,0.0000,0.0576,18.16,5.3780,6.00,191,4.7
5212,train,3.9437,3.8212,0.0000,0.0103,37.85,4.7105,24.74,194,5.8
5213,train,nan,0.2235,nan,nan,nan,0.0000,nan,0,2.8
5214,train,4.0530,4.2190,0.0206,0.0722,11.54,3.8393,12.00,194,1.9
5215,train,3.7813,4.6979,0.0155,0.2165,14.15,3.0900,11.18,194,1.9
5216,train,nan,0.1730,nan,nan,nan,0.0000,nan,0,3.1
5217,train,3.5436,4.5239,0.0412,0.3660,9.21,3.0780,8.00,194,2.9
5218,train,3.3761,4.6412,0.0773,0.3918,10.83,2.3253,0.00,194,2.9
5219,train,4.0843,4.4714,0.0259,0.1036,16.82,3.2613,18.00,193,4.0
5220,train,4.3729,4.3412,0.0052,0.0309,27.45,3.7439,35.36,194,2.5
5221,train,4.5718,4.0893,0.0207,0.1244,11.33,4.1522,16.49,193,2.8
5222,train,4.3776,3.5566,0.0000,0.0000,47.63,4.0343,50.25,194,4.9
5223,train,3.6888,5.0912,0.0464,0.2423,12.00,2.4417,0.00,194,3.3
5224,train,nan,0.1966,nan,nan,nan,0.0000,nan,0,2.0
5225,train,3.3182,4.3364,0.1340,0.5206,8.48,3.1868,5.66,194,3.2
5226,train,nan,0.1759,nan,nan,nan,0.0000,nan,0,2.7
5227,train,4.8798,4.4511,0.0000,0.0000,47.30,5.5361,60.30,193,2.5
5228,train,3.4397,4.0000,0.1443,0.4381,11.64,3.8419,24.74,194,6.1
5229,train,nan,0.1648,nan,nan,nan,0.0000,nan,0,1.4
5230,train,3.2478,4.1559,0.1701,0.5361,9.98,2.9169,6.00,194,4.5
5231,train,4.4500,4.8517,0.0000,0.0670,12.55,3.6167,3.00,194,2.6
5232,train,3.5796,4.0972,0.0361,0.3041,13.00,3.2354,7.07,194,3.4
5233,train,4.2418,3.7341,0.0052,0.0312,28.30,3.1429,24.00,192,2.3
5234,train,4.3433,4.0819,0.0155,0.1503,10.21,3.4549,4.24,193,1.9
5235,train,5.2622,4.5959,0.0000,0.0000,38.82,5.4488,42.11,193,2.2
5236,train,4.1671,4.5728,0.0052,0.0670,15.38,4.0940,12.65,194,2.7
5237,train,3.4521,3.6260,0.0622,0.2228,16.36,3.1215,12.65,193,1.5
5238,train,3.2154,3.7643,0.1186,0.3814,12.36,2.9577,10.00,194,4.4
5239,train,3.1171,3.7591,0.1237,0.5258,14.45,2.9123,11.18,194,4.1
5240,train,nan,0.1232,nan,nan,nan,0.0000,nan,0,5.9
5241,train,3.6482,3.5647,0.0260,0.1458,22.86,3.7423,20.62,192,4.4
5242,train,3.6184,4.3369,0.0311,0.0933,38.40,3.2280,56.57,193,2.9
5243,train,5.4232,5.1312,0.0000,0.0000,25.64,5.6297,33.54,192,1.7
5244,train,3.3554,3.6970,0.1082,0.4278,10.69,2.8733,5.00,194,2.2
5245,train,4.2843,4.8550,0.0104,0.0466,21.50,4.2916,26.83,193,5.0
5246,train,4.0020,4.3797,0.0155,0.0928,18.10,2.8137,18.00,194,6.5
5247,train,3.5461,4.2836,0.0363,0.1917,13.59,3.3797,12.00,193,2.0
5248,train,3.6446,4.0175,0.0361,0.1546,26.37,4.0441,36.40,194,3.1
5249,train,3.1524,4.2673,0.2552,0.5677,16.24,3.1364,8.49,192,5.3
5250,train,4.3464,3.9551,0.0000,0.0000,37.42,3.3016,24.74,193,4.1
5251,train,nan,0.1306,nan,nan,nan,0.0000,nan,0,4.7
5252,train,3.7894,3.7761,0.0415,0.1503,11.19,3.0157,20.00,193,2.6
5253,train,4.4235,4.4534,0.0155,0.1082,10.34,3.6612,6.71,194,1.4
5254,train,4.9127,5.1962,0.0156,0.0677,15.34,3.8563,24.19,192,1.3
5255,train,4.7496,4.1064,0.0000,0.0103,22.64,4.8693,18.97,194,2.0
5256,train,nan,0.2470,nan,nan,nan,0.0000,nan,0,3.6
5257,train,nan,0.4424,nan,nan,nan,0.0000,nan,0,2.3
5258,train,4.0618,4.5942,0.0361,0.1340,10.38,3.3299,6.00,194,1.6
5259,train,4.2285,3.8472,0.0206,0.1443,11.92,4.5621,8.94,194,2.5
5260,train,nan,0.1727,nan,nan,nan,0.0000,nan,0,2.9
5261,train,4.1730,4.3754,0.0464,0.1804,14.67,3.9134,5.66,194,3.3
5262,train,3.6917,3.7592,0.0515,0.2010,14.07,2.6325,0.00,194,3.4
5263,train,4.3720,4.3819,0.0052,0.0155,37.16,3.7102,36.00,194,2.5
5264,train,3.4003,4.1859,0.1042,0.3906,8.25,2.9004,5.00,192,4.8
5265,train,3.2639,4.6344,0.0928,0.3660,11.34,3.1696,5.00,194,2.0
5266,train,5.0805,4.9001,0.0000,0.0000,27.02,4.4626,22.36,194,3.5
5267,train,nan,0.1656,nan,nan,nan,0.0000,nan,0,3.9
5268,train,3.5826,3.6027,0.0464,0.2062,16.40,2.8028,5.66,194,2.3
5269,train,3.8749,5.4657,0.0670,0.3093,10.53,2.9779,3.00,194,2.0
5270,train,3.3563,3.8442,0.0567,0.2835,16.82,2.9544,30.00,194,1.5
5271,train,4.0011,3.8496,0.0258,0.1753,8.32,3.7436,12.37,194,1.6
5272,train,3.1196,4.4518,0.1094,0.4323,10.84,2.7346,12.00,192,6.6
5273,train,4.5500,5.3714,0.0000,0.0000,63.36,3.8281,80.62,192,4.1
5274,train,3.7494,4.7811,0.0311,0.1865,9.68,3.9398,8.94,193,2.3
5275,train,3.6713,5.1338,0.0052,0.0309,29.12,3.5210,12.00,194,2.7
5276,train,3.2857,4.1789,0.0928,0.4124,12.66,2.7186,24.00,194,2.7
5277,train,3.9102,4.3769,0.0309,0.1134,25.58,4.3062,25.50,194,1.7
5278,train,3.5817,4.6493,0.0258,0.1186,21.47,3.3151,7.07,194,4.1
5279,train,4.0229,4.7943,0.0155,0.0876,13.31,2.9760,3.00,194,1.2
5280,train,4.6379,5.0771,0.0206,0.0876,10.04,5.3375,6.71,194,1.2
5281,train,3.8769,4.7213,0.0412,0.1134,11.61,3.1245,3.00,194,2.0
5282,train,3.9913,5.5458,0.0206,0.1031,11.04,3.4091,8.94,194,2.6
5283,train,5.4194,4.5046,0.0259,0.1451,10.19,3.6155,4.24,193,1.9
5284,train,5.4864,5.4768,0.0000,0.0000,62.37,5.1817,62.64,194,5.1
5285,train,nan,0.1522,nan,nan,nan,0.0000,nan,0,3.8
5286,train,3.9801,5.5356,0.0258,0.1495,10.03,3.4939,6.00,194,2.2
5287,train,4.4449,5.0821,0.0052,0.0052,18.46,6.1246,21.54,194,3.4
5288,train,4.0316,5.1580,0.0259,0.1347,8.67,2.3374,3.00,193,1.7
5289,train,3.2735,4.0149,0.1237,0.5412,9.89,3.6304,24.33,194,3.4
5290,train,4.5485,4.8882,0.0207,0.0622,12.37,4.0542,9.00,193,1.8
5291,train,3.7957,4.4628,0.0312,0.1667,15.21,4.0045,11.18,192,4.5
5292,train,3.4998,3.8717,0.0885,0.3698,9.47,2.5522,4.00,192,2.6
5293,train,nan,0.3198,nan,nan,nan,0.0000,nan,0,2.8
5294,train,3.5471,2.7351,0.0155,0.1186,18.66,4.0846,20.62,194,3.8
5295,train,4.1457,4.8796,0.0207,0.1554,9.56,2.7392,0.00,193,2.3
5296,train,3.4030,3.7905,0.0622,0.3627,14.32,3.4292,15.00,193,3.7
5297,train,4.0413,4.6087,0.0619,0.2062,11.38,3.1987,8.94,194,2.2
5298,train,4.4484,3.7744,0.0000,0.0103,30.94,3.9862,20.62,194,2.7
5299,train,4.9552,4.3243,0.0000,0.0052,25.00,3.5897,24.74,194,2.2
5300,train,nan,0.2171,nan,nan,nan,0.0000,nan,0,5.7
5301,train,4.1728,4.4923,0.0208,0.0781,15.57,3.2875,21.21,192,1.3
5302,train,4.3573,4.7891,0.0000,0.0155,27.61,4.0430,15.00,194,3.1
5303,train,nan,0.2554,nan,nan,nan,0.0000,nan,0,1.7
5304,train,4.0356,4.8425,0.0259,0.1347,10.66,3.8353,12.00,193,2.2
5305,train,nan,0.3970,nan,nan,nan,0.0000,nan,0,1.3
5306,train,3.5759,4.1666,0.0000,0.0259,40.08,2.7598,40.00,193,4.5
5307,train,4.1900,3.9376,0.0000,0.0259,32.97,3.5672,18.00,193,4.6
5308,train,4.5563,4.9180,0.0052,0.0670,17.84,4.3598,15.81,194,3.4
5309,train,3.9708,4.7729,0.0415,0.2435,12.12,3.1750,8.94,193,2.1
5310,train,3.8763,4.8484,0.0206,0.1134,18.41,3.4291,20.62,194,4.7
5311,train,nan,0.1526,nan,nan,nan,0.0000,nan,0,4.6
5312,train,5.2523,5.2059,0.0000,0.0000,47.86,5.2765,43.08,194,2.2
5313,train,4.1078,5.2560,0.0570,0.2176,10.87,3.7529,15.00,193,2.1
5314,train,3.6420,4.1164,0.0567,0.2216,22.75,3.5278,6.00,194,2.5
5315,train,4.5832,4.9822,0.0000,0.0052,23.15,3.6901,24.19,193,1.7
5316,train,nan,0.0704,nan,nan,nan,0.0000,nan,0,2.6
5317,train,4.7839,4.4216,0.0000,0.0052,16.64,5.4476,26.83,193,2.9
5318,train,4.8121,5.0578,0.0415,0.0829,11.96,4.4209,12.37,193,1.5
5319,train,nan,0.1509,nan,nan,nan,0.0000,nan,0,2.4
5320,train,4.1758,4.2675,0.0156,0.1042,12.67,3.6888,12.00,192,2.3
5321,train,3.8825,4.9535,0.0052,0.1036,12.28,3.5959,3.00,193,2.3
5322,train,4.1302,4.6287,0.0311,0.1554,13.10,2.5141,0.00,193,1.4
5323,train,3.7288,4.2626,0.0415,0.1762,13.38,3.5409,25.30,193,1.1
5324,train,3.8280,4.4405,0.0518,0.2642,11.06,2.7555,4.00,193,3.2
5325,train,4.1434,4.1796,0.0466,0.1710,21.53,3.3597,15.81,193,3.8
5326,train,3.4724,3.9130,0.0361,0.2268,10.24,2.8282,4.00,194,2.2
5327,train,nan,0.2291,nan,nan,nan,0.0000,nan,0,1.2
5328,train,4.0503,3.7321,0.0311,0.1347,9.14,2.4058,0.00,193,2.4
5329,train,3.5875,5.2711,0.0515,0.2835,15.11,2.8030,7.07,194,3.6
5330,train,3.8720,5.3584,0.0207,0.0777,27.44,3.6607,30.41,193,3.3
5331,train,4.2230,4.6002,0.0155,0.1392,11.18,3.7269,9.00,194,0.9
5332,train,3.4052,4.7591,0.0928,0.2526,9.71,2.6304,4.00,194,3.2
5333,train,4.1408,4.3129,0.0260,0.1458,18.94,5.5492,26.93,192,3.5
5334,train,3.4114,4.1336,0.0670,0.3093,11.82,2.8473,4.00,194,3.2
5335,train,4.0828,5.5447,0.0206,0.0567,14.08,4.1398,15.30,194,2.4
5336,train,nan,0.1221,nan,nan,nan,0.0000,nan,0,2.0
5337,train,3.7750,5.5743,0.0000,0.0052,28.87,4.5293,55.00,194,3.1
5338,train,3.7302,5.2105,0.0412,0.2320,12.48,4.4595,5.66,194,2.8
5339,train,nan,0.2238,nan,nan,nan,0.0000,nan,0,1.9
5340,train,4.5996,5.2935,0.0363,0.1088,21.89,4.5242,32.31,193,6.9
5341,train,5.5183,5.2099,0.0104,0.0415,18.59,6.7835,10.82,193,2.1
5342,train,3.5870,4.0974,0.0363,0.2332,16.00,2.9444,12.00,193,6.0
5343,train,nan,0.2230,nan,nan,nan,0.0000,nan,0,0.8
5344,train,4.8141,5.2142,0.0000,0.0052,28.97,4.0609,36.50,194,2.2
5345,train,4.0915,5.3179,0.0259,0.1606,9.46,3.6672,9.00,193,1.7
5346,train,3.1439,4.2618,0.0464,0.3144,17.55,2.8163,12.00,194,5.4
5347,train,3.8512,5.1178,0.0625,0.2812,15.51,3.9029,25.30,192,1.1
5348,train,3.7320,4.4919,0.0258,0.0979,15.90,4.3424,8.94,194,2.6
5349,train,3.6483,4.7805,0.1082,0.2784,13.12,3.1346,8.00,194,1.2
5350,train,nan,0.2486,nan,nan,nan,0.0000,nan,0,1.9
5351,train,3.4530,3.5884,0.1244,0.4560,9.30,3.2119,8.94,193,2.4
5352,train,4.4582,5.3109,0.0052,0.0515,17.53,4.3516,12.00,194,1.7
5353,train,3.8505,4.6391,0.0464,0.1907,8.84,3.2683,3.00,194,2.2
5354,train,4.3857,4.6450,0.0258,0.1186,12.60,4.0290,24.19,194,1.6
5355,train,nan,0.2026,nan,nan,nan,0.0000,nan,0,3.3
5356,train,4.1272,4.8223,0.0829,0.2332,11.19,3.2082,7.07,193,3.4
5357,train,4.5971,4.8269,0.0363,0.1192,18.55,2.9623,18.97,193,3.4
5358,train,3.6504,3.8988,0.0469,0.1823,15.58,3.6694,7.07,192,4.2
5359,train,3.5755,3.3971,0.0466,0.2798,12.32,3.9536,13.42,193,6.2
5360,train,4.9928,4.2610,0.0000,0.0000,25.44,5.5382,18.97,193,4.1
5361,train,3.2284,3.9877,0.1443,0.5619,7.94,2.6608,7.07,194,2.8
5362,train,3.5278,4.5974,0.0670,0.2320,16.69,2.8075,32.25,194,3.3
5363,train,4.3782,5.4684,0.0155,0.0619,25.91,4.2203,46.96,194,1.2
5364,train,4.5560,5.1495,0.0052,0.0361,17.26,6.5468,13.42,194,1.2
5365,train,3.6834,4.1892,0.0206,0.0979,14.58,3.1369,12.00,194,2.1
5366,train,4.4541,4.7909,0.0000,0.0000,40.26,4.3505,43.08,194,2.8
5367,train,3.5393,4.1104,0.0670,0.3557,12.48,2.6190,6.00,194,4.9
5368,train,3.5506,3.7254,0.0464,0.2629,15.65,2.4991,0.00,194,1.9
5369,train,3.8651,4.7832,0.0415,0.1969,8.35,3.5108,12.00,193,2.0
5370,train,4.6152,4.7179,0.0000,0.0000,24.00,4.2851,18.25,193,1.3
5371,train,nan,0.1644,nan,nan,nan,0.0000,nan,0,1.5
5372,train,5.6776,4.5161,0.0103,0.0464,20.09,6.6502,10.82,194,2.8
5373,train,3.6679,4.8149,0.0773,0.2320,9.29,2.7396,3.00,194,2.0
5374,train,3.8367,4.6441,0.0155,0.0619,27.41,3.4531,18.00,194,4.9
5375,train,3.6148,4.1637,0.0206,0.0825,21.79,3.9352,20.40,194,2.3
5376,train,3.8804,4.7214,0.0155,0.0825,20.88,3.9610,16.49,194,2.4
5377,train,3.9270,4.2332,0.0155,0.1503,9.93,3.8142,9.00,193,1.9
5378,train,4.2378,3.7831,0.0104,0.0885,9.12,3.3305,6.71,192,1.6
5379,train,4.9296,4.2115,0.0000,0.0000,56.23,4.8290,59.09,194,5.2
5380,train,4.4641,4.1835,0.0208,0.0469,25.61,4.7966,20.40,192,1.9
5381,train,4.9888,4.5863,0.0000,0.0104,11.94,4.5589,6.00,193,1.4
5382,train,3.7084,4.0096,0.0670,0.2113,28.65,3.4302,31.62,194,2.2
5383,train,nan,0.1934,nan,nan,nan,0.0000,nan,0,3.7
5384,train,3.8433,3.6616,0.0155,0.1289,22.66,4.1079,18.97,194,5.2
5385,train,4.3994,3.2893,0.0104,0.0677,17.70,4.4529,20.40,192,2.8
5386,train,5.3090,3.8444,0.0000,0.0000,45.30,5.9207,60.00,194,6.2
5387,train,nan,0.3841,nan,nan,nan,0.0000,nan,0,6.3
5388,train,nan,0.4085,nan,nan,nan,0.0000,nan,0,2.5
5389,train,4.6527,3.3266,0.0104,0.0777,21.09,4.0966,8.49,193,5.3
5390,train,4.7309,2.9077,0.0000,0.0412,23.40,4.3886,21.21,194,1.9
5391,train,4.7480,3.4703,0.0103,0.0619,34.04,4.2683,13.42,194,6.8
5392,train,4.2567,2.4481,0.0670,0.2526,15.33,4.2279,12.00,194,5.9
5393,train,3.9745,2.1825,0.0000,0.0260,33.15,3.7137,35.36,192,3.5
5394,train,nan,0.5053,nan,nan,nan,0.0000,nan,0,6.1
5395,train,4.1381,3.3041,0.0155,0.0515,22.61,3.8763,24.33,194,1.5
5396,train,nan,0.6358,nan,nan,nan,0.0000,nan,0,0.9
5397,train,nan,0.5086,nan,nan,nan,0.0000,nan,0,2.2
5398,train,3.6613,2.9027,0.0361,0.1237,20.36,3.7061,8.94,194,2.3
5399,train,3.8412,3.2219,0.0722,0.2835,11.27,3.4950,8.94,194,2.9
5400,train,3.9889,2.4738,0.0258,0.1082,26.53,4.0534,24.74,194,2.9
5400,val,4.1645,,0.0355,0.1671,15.60,3.9924,13.13,6865,66.0
5401,train,nan,0.4315,nan,nan,nan,0.0000,nan,0,1.2
5402,train,4.0843,2.8267,0.0208,0.1562,8.26,3.6221,9.00,192,0.9
5403,train,nan,0.3675,nan,nan,nan,0.0000,nan,0,2.6
5404,train,4.3523,2.2139,0.0000,0.0103,28.05,4.2681,54.00,194,5.6
5405,train,4.0783,2.7265,0.0052,0.0979,11.63,3.5551,6.00,194,1.8
5406,train,nan,0.5806,nan,nan,nan,0.0000,nan,0,4.1
5407,train,nan,0.4762,nan,nan,nan,0.0000,nan,0,3.8
5408,train,3.3766,2.8183,0.0619,0.2835,13.04,3.0384,4.00,194,2.8
5409,train,4.5267,2.8427,0.0000,0.0206,16.93,4.2904,9.49,194,1.6
5410,train,4.1059,3.4930,0.0576,0.2670,13.44,4.2554,18.03,191,3.4
5411,train,nan,0.6538,nan,nan,nan,0.0000,nan,0,2.1
5412,train,nan,0.4204,nan,nan,nan,0.0000,nan,0,3.0
5413,train,3.8399,2.9203,0.0361,0.1753,12.72,3.6093,18.25,194,1.3
5414,train,4.2370,3.3376,0.0258,0.0722,14.53,4.0554,24.19,194,1.9
5415,train,4.2480,2.4185,0.0103,0.0361,21.20,4.6545,21.54,194,2.5
5416,train,4.1196,3.2243,0.0207,0.0622,36.29,3.4564,52.00,193,1.6
5417,train,nan,0.3901,nan,nan,nan,0.0000,nan,0,1.4
5418,train,4.1011,3.1719,0.0670,0.2526,12.98,4.3835,12.00,194,2.5
5419,train,3.6934,2.8601,0.0104,0.0829,23.11,3.0864,6.00,193,5.7
5420,train,nan,0.4036,nan,nan,nan,0.0000,nan,0,2.4
5421,train,3.7268,3.0223,0.0258,0.0876,25.14,3.7099,35.36,194,1.9
5422,train,3.9176,3.2001,0.0104,0.1615,9.71,3.3603,0.00,192,1.8
5423,train,5.7442,3.4221,0.0363,0.0725,15.49,4.8499,20.62,193,4.1
5424,train,nan,0.3569,nan,nan,nan,0.0000,nan,0,1.5
5425,train,5.2620,3.7024,0.0206,0.0619,34.81,5.6333,55.90,194,2.2
5426,train,3.8672,3.0115,0.0312,0.1302,40.50,3.2037,72.25,192,2.9
5427,train,3.9946,3.7133,0.0155,0.0979,10.95,2.9593,6.00,194,2.3
5428,train,3.2229,3.2860,0.1031,0.4588,13.62,3.0496,18.00,194,5.2
5429,train,4.1725,3.5458,0.0417,0.1198,20.19,3.6462,43.68,192,3.3
5430,train,5.2043,3.9122,0.0000,0.0000,52.01,5.9098,36.50,194,6.3
5431,train,4.0532,4.2293,0.0000,0.0206,39.24,3.8963,49.48,194,5.7
5432,train,3.8535,3.0097,0.0206,0.0825,17.49,3.4958,16.00,194,3.8
5433,train,3.8369,3.3023,0.0155,0.0258,29.94,3.5415,35.36,194,2.0
5434,train,nan,0.3121,nan,nan,nan,0.0000,nan,0,4.7
5435,train,nan,0.2246,nan,nan,nan,0.0000,nan,0,3.7
5436,train,3.6779,3.3562,0.0000,0.0155,38.80,3.4304,40.00,193,1.9
5437,train,3.9311,2.5660,0.0259,0.1192,16.00,4.1278,8.49,193,6.5
5438,train,nan,0.3942,nan,nan,nan,0.0000,nan,0,5.5
5439,train,3.1006,2.1985,0.2021,0.5907,8.97,3.2189,8.49,193,5.6
5440,train,8.4548,3.7351,0.0000,0.0000,37.47,8.9610,37.95,194,5.4
5441,train,3.7512,3.8855,0.0000,0.0722,24.18,3.9295,20.00,194,4.4
5442,train,4.8858,3.4547,0.0000,0.0000,83.36,4.8708,78.23,194,4.5
5443,train,nan,0.4107,nan,nan,nan,0.0000,nan,0,3.2
5444,train,3.5804,2.8864,0.0361,0.2113,20.26,3.3806,30.00,194,6.4
5445,train,3.4847,2.6128,0.0309,0.1546,22.08,3.6302,43.68,194,5.6
5446,train,4.2951,3.6922,0.0619,0.1907,8.37,3.9311,3.00,194,2.3
5447,train,4.7062,2.9598,0.0052,0.0670,19.52,4.7232,30.59,194,3.8
5448,train,4.6726,2.4126,0.0258,0.0825,10.71,3.8646,15.00,194,2.4
5449,train,3.8454,2.6372,0.0570,0.2435,10.99,3.4850,12.65,193,3.0
5450,train,nan,0.6483,nan,nan,nan,0.0000,nan,0,1.5
5451,train,5.0587,3.3071,0.0000,0.0206,21.05,5.2430,23.32,194,3.6
5452,train,4.0047,2.7844,0.0309,0.1649,14.52,3.9923,15.00,194,2.7
5453,train,4.2769,2.7238,0.0308,0.1333,9.80,4.6134,3.00,195,2.6
5454,train,3.9056,2.2781,0.0103,0.0928,25.03,3.9971,18.97,194,5.9
5455,train,4.2847,2.8605,0.0052,0.0979,16.69,4.3356,16.49,194,2.6
5456,train,4.9188,3.0121,0.0156,0.0677,20.67,5.2506,20.12,192,1.1
5457,train,4.0211,3.3552,0.0000,0.0000,31.14,4.5340,24.00,194,1.9
5458,train,4.1575,2.7658,0.0259,0.1140,12.97,3.1557,6.00,193,1.9
5459,train,4.0247,3.4895,0.0104,0.0466,23.63,3.5038,28.28,193,2.9
5460,train,4.4750,3.0545,0.0311,0.1192,32.47,3.9897,0.00,193,4.2
5461,train,nan,0.4818,nan,nan,nan,0.0000,nan,0,4.1
5462,train,4.0024,3.2689,0.0361,0.2423,8.35,3.5807,6.71,194,1.8
5463,train,nan,0.4330,nan,nan,nan,0.0000,nan,0,6.6
5464,train,4.4363,3.6379,0.0104,0.0677,13.47,3.8906,12.37,192,1.7
5465,train,nan,0.2445,nan,nan,nan,0.0000,nan,0,2.8
5466,train,3.6777,2.5006,0.0104,0.0777,27.34,3.6188,40.31,193,1.5
5467,train,3.6395,2.6438,0.0208,0.1458,24.46,3.4381,30.59,192,3.9
5468,train,nan,0.3432,nan,nan,nan,0.0000,nan,0,0.9
5469,train,4.0488,3.3708,0.0876,0.2113,14.90,3.9810,13.42,194,6.4
5470,train,4.1010,3.7785,0.0155,0.1237,31.29,3.5234,8.49,194,6.0
5471,train,4.6145,3.4598,0.0000,0.0052,24.49,4.9681,25.50,194,4.3
5472,train,3.5412,2.8008,0.0361,0.3041,13.41,3.4893,11.18,194,2.2
5473,train,3.6776,3.0435,0.0155,0.0979,34.69,4.0354,30.59,194,5.1
5474,train,3.9071,3.1159,0.0259,0.1917,12.60,3.3936,12.00,193,1.2
5475,train,nan,0.3516,nan,nan,nan,0.0000,nan,0,3.7
5476,train,4.6942,4.0619,0.0052,0.0155,17.75,4.2361,18.97,194,1.3
5477,train,4.3610,3.2483,0.0000,0.0000,48.16,3.6595,54.33,194,5.3
5478,train,3.8494,3.8549,0.0000,0.0103,41.30,3.5642,36.40,194,2.9
5479,train,4.1787,4.0464,0.0207,0.0725,15.38,4.0158,24.74,193,0.9
5480,train,3.6686,3.2950,0.0773,0.3557,14.31,3.7403,11.18,194,4.2
5481,train,4.0813,4.3195,0.0155,0.0670,14.56,3.7593,28.28,194,1.9
5482,train,4.0758,3.5722,0.0000,0.0309,28.02,3.8344,15.81,194,3.7
5483,train,4.0756,4.1339,0.0104,0.0518,32.05,3.3196,36.00,193,3.1
5484,train,3.3091,3.7887,0.1399,0.4301,13.93,2.7518,12.00,193,2.7
5485,train,nan,0.2354,nan,nan,nan,0.0000,nan,0,3.2
5486,train,3.5880,3.9844,0.0979,0.2784,10.70,3.0533,4.00,194,2.2
5487,train,4.8708,3.6336,0.0052,0.0206,43.96,3.3603,61.19,194,6.2
5488,train,nan,0.1507,nan,nan,nan,0.0000,nan,0,2.3
5489,train,4.5003,3.8505,0.0000,0.0259,13.91,4.0576,4.24,193,2.0
5490,train,3.5372,3.7296,0.0670,0.2526,11.68,3.1379,20.40,194,3.1
5491,train,3.4674,3.9682,0.0928,0.4175,9.62,3.5464,16.49,194,1.5
5492,train,4.0056,3.6213,0.0103,0.0979,24.73,3.3921,36.50,194,6.3
5493,train,3.9109,4.3194,0.0103,0.0876,12.79,3.4146,12.00,194,1.6
5494,train,4.1466,4.4236,0.0000,0.0361,24.06,3.6224,35.36,194,2.3
5495,train,3.8101,4.1252,0.0000,0.0206,35.47,3.5427,15.00,194,3.1
5496,train,4.6574,4.2199,0.0052,0.0052,57.06,4.7426,66.27,194,3.7
5497,train,4.1948,4.1326,0.0103,0.0825,10.42,3.2447,4.24,194,2.0
5498,train,4.1210,4.3148,0.0412,0.1392,12.47,4.3495,4.24,194,2.6
5499,train,5.5053,4.5397,0.0000,0.0259,25.80,3.7692,21.21,193,1.8
5500,train,3.1417,3.7068,0.1088,0.4508,10.12,2.7184,10.00,193,2.1
5501,train,4.0312,4.0654,0.0052,0.0361,33.52,4.1253,50.00,194,2.5
5502,train,4.0862,4.8730,0.0155,0.1031,13.17,3.7216,6.71,194,1.7
5503,train,3.2035,3.8153,0.0933,0.3316,23.35,3.8013,18.97,193,5.5
5504,train,4.9663,4.0447,0.0000,0.0258,18.32,4.8343,17.89,194,2.7
5505,train,nan,0.1569,nan,nan,nan,0.0000,nan,0,5.4
5506,train,3.6722,5.0128,0.0773,0.3093,9.88,3.8730,16.00,194,1.7
5507,train,nan,0.1591,nan,nan,nan,0.0000,nan,0,2.1
5508,train,3.6864,5.2881,0.0570,0.2280,16.14,3.7188,36.22,193,2.4
5509,train,nan,0.1142,nan,nan,nan,0.0000,nan,0,1.4
5510,train,4.9595,4.9594,0.0000,0.0155,19.32,4.9407,23.32,193,3.3
5511,train,3.7268,4.2277,0.0469,0.1615,23.69,3.9091,25.50,192,3.0
5512,train,4.0349,4.2749,0.0466,0.1554,10.48,2.5274,4.00,193,3.2
5513,train,3.9914,4.6479,0.0052,0.0625,19.86,3.9899,7.07,192,2.1
5514,train,3.4395,5.4345,0.0773,0.3969,9.45,3.7552,12.65,194,1.5
5515,train,3.4863,3.9752,0.0619,0.2990,12.01,3.2214,8.00,194,2.1
5516,train,4.2612,4.5357,0.0052,0.0155,17.77,3.1697,6.00,194,2.8
5517,train,3.3377,4.1219,0.1295,0.4456,12.84,3.0467,10.00,193,1.9
5518,train,3.6624,5.2092,0.0729,0.3333,7.33,3.7302,9.00,192,1.3
5519,train,nan,0.0813,nan,nan,nan,0.0000,nan,0,1.6
5520,train,3.7242,4.9529,0.0104,0.1917,14.14,3.4179,20.00,193,4.4
5521,train,4.4187,4.1279,0.0052,0.0259,32.49,3.9202,40.31,193,1.9
5522,train,4.5262,5.4253,0.0052,0.0208,24.14,3.5503,21.00,192,2.0
5523,train,4.9519,5.8938,0.0155,0.0361,18.32,4.8619,18.03,194,3.6
5524,train,5.1222,4.9719,0.0155,0.0773,11.90,3.8670,6.71,194,1.9
5525,train,4.0529,5.3956,0.0464,0.1959,10.01,3.9855,9.49,194,1.6
5526,train,5.1726,4.0926,0.0000,0.0000,38.41,4.1620,50.00,193,2.6
5527,train,nan,0.1584,nan,nan,nan,0.0000,nan,0,2.8
5528,train,3.8902,5.0863,0.0000,0.0000,57.22,3.4332,54.33,193,4.5
5529,train,nan,0.2287,nan,nan,nan,0.0000,nan,0,2.2
5530,train,4.6170,4.7949,0.0000,0.0000,29.31,4.7403,36.40,195,3.5
5531,train,4.1981,5.0469,0.0309,0.1340,11.00,4.2978,9.49,194,1.8
5532,train,3.6446,4.1082,0.0464,0.2371,8.55,2.9046,3.00,194,1.2
5533,train,3.3676,3.2966,0.0464,0.2165,15.74,3.7171,12.65,194,2.6
5534,train,3.7165,4.4142,0.0361,0.2062,11.05,2.6733,8.00,194,2.7
5535,train,5.1501,3.7621,0.0000,0.0000,38.37,5.2213,30.00,193,5.9
5536,train,nan,0.1984,nan,nan,nan,0.0000,nan,0,2.6
5537,train,4.6919,3.0804,0.0000,0.0052,30.27,4.0941,30.00,194,5.9
5538,train,3.6164,4.8888,0.0777,0.3161,13.73,3.3415,24.33,193,2.7
5539,train,4.7964,4.7665,0.0104,0.0208,15.46,4.7734,11.31,192,1.8
5540,train,nan,0.3023,nan,nan,nan,0.0000,nan,0,6.4
5541,train,3.2155,2.9377,0.0000,0.0876,33.11,4.3014,30.00,194,5.3
5542,train,3.8133,3.8727,0.0312,0.1406,13.64,3.8038,8.94,192,2.9
5543,train,4.3660,4.4175,0.0052,0.1031,15.71,4.1492,15.81,194,4.3
5544,train,3.3210,4.0366,0.1186,0.4639,11.98,3.1955,12.00,194,3.4
5545,train,nan,0.1382,nan,nan,nan,0.0000,nan,0,4.9
5546,train,3.5086,3.6373,0.1289,0.4124,11.33,3.2968,20.00,194,1.9
5547,train,3.7091,3.7293,0.0052,0.0361,19.28,3.1814,12.00,194,3.1
5548,train,nan,0.2330,nan,nan,nan,0.0000,nan,0,2.0
5549,train,5.0803,3.7691,0.0052,0.0773,13.12,4.3617,10.82,194,1.3
5550,train,4.7406,4.1044,0.0052,0.0309,22.47,4.4490,12.00,194,1.8
5551,train,3.8979,4.5117,0.0417,0.1667,10.44,3.0867,12.00,192,2.1
5552,train,4.7026,4.4746,0.0000,0.0052,39.51,4.3233,60.00,194,3.3
5553,train,3.6365,4.1571,0.0104,0.1606,24.87,4.1080,50.99,193,3.2
5554,train,4.7401,4.6577,0.0000,0.0258,17.56,4.3579,34.21,194,1.8
5555,train,4.2335,4.7090,0.0103,0.0567,22.46,4.1080,18.97,194,5.9
5556,train,4.0871,3.6511,0.0000,0.0000,43.60,4.4375,50.00,193,4.1
5557,train,3.5638,3.6851,0.0361,0.2474,18.25,3.0582,25.50,194,2.5
5558,train,3.8369,3.4365,0.0619,0.3093,17.10,3.8906,24.00,194,2.5
5559,train,4.6972,5.1384,0.0000,0.0415,17.84,5.0394,25.30,193,2.4
5560,train,nan,0.2571,nan,nan,nan,0.0000,nan,0,3.8
5561,train,4.1474,4.6557,0.0052,0.0361,17.17,4.7475,24.19,194,0.9
5562,train,5.9190,4.7884,0.0000,0.0000,28.56,6.5302,33.54,194,2.0
5563,train,nan,0.1031,nan,nan,nan,0.0000,nan,0,3.6
5564,train,4.2257,4.3129,0.0365,0.1615,12.63,4.1858,8.94,192,1.5
5565,train,nan,0.1831,nan,nan,nan,0.0000,nan,0,3.2
5566,train,nan,0.1133,nan,nan,nan,0.0000,nan,0,5.1
5567,train,4.8474,4.2549,0.0103,0.0412,14.81,4.3324,15.30,194,1.8
5568,train,3.8041,3.6733,0.0103,0.0464,28.19,3.7509,49.48,194,5.5
5569,train,3.6399,3.2650,0.0311,0.3057,19.36,3.1016,18.97,193,2.9
5570,train,3.8239,3.8910,0.0000,0.0052,38.79,5.3109,46.10,194,4.0
5571,train,4.2567,2.7006,0.0000,0.0464,17.91,3.8378,30.41,194,4.2
5572,train,4.6918,4.9747,0.0104,0.0415,18.18,4.7612,8.94,193,2.5
5573,train,4.8552,4.0705,0.0052,0.0104,21.47,4.7889,8.94,193,1.8
5574,train,nan,0.2050,nan,nan,nan,0.0000,nan,0,2.9
5575,train,4.3864,4.2078,0.0052,0.0412,22.35,3.6079,15.30,194,1.3
5576,train,4.4295,4.1060,0.0206,0.1031,16.68,3.2935,24.74,194,5.2
5577,train,3.5337,2.2327,0.0309,0.1753,22.71,3.0083,36.50,194,3.6
5578,train,3.8609,3.8711,0.0466,0.2176,7.25,3.8270,9.49,193,1.5
5579,train,nan,0.4027,nan,nan,nan,0.0000,nan,0,2.7
5580,train,3.8516,4.0925,0.0206,0.1031,15.15,3.2284,28.28,194,1.4
5581,train,3.7606,3.7574,0.0674,0.1451,20.82,3.9616,28.28,193,3.1
5582,train,3.8848,3.7044,0.0258,0.0876,21.32,3.9610,25.00,194,4.0
5583,train,3.2900,3.9334,0.1875,0.5000,10.68,2.6650,0.00,192,2.1
5584,train,6.3383,2.4820,0.0000,0.0000,43.11,5.5555,34.18,192,2.7
5585,train,4.2164,3.1269,0.0052,0.0979,10.32,3.2596,9.49,194,2.1
5586,train,3.8158,3.8963,0.0619,0.2268,7.17,3.7690,9.00,194,1.9
5587,train,3.8902,4.1838,0.0619,0.2216,39.10,3.0416,0.00,194,6.0
5588,train,4.7347,4.0763,0.0052,0.0206,26.38,3.5601,6.00,194,5.2
5589,train,4.0874,3.6705,0.0000,0.0000,29.57,3.7302,16.49,194,2.5
5590,train,3.4286,3.7149,0.0052,0.1082,24.60,2.9243,18.00,194,3.4
5591,train,4.2405,4.1577,0.0412,0.1186,19.65,3.5716,10.00,194,3.3
5592,train,3.6825,3.7558,0.0000,0.0259,28.32,3.2222,32.98,193,2.7
5593,train,3.7852,4.2349,0.0052,0.1186,21.51,3.6966,15.81,194,2.1
5594,train,4.0047,5.1532,0.0361,0.2010,9.71,3.4763,0.00,194,1.3
5595,train,3.6061,2.8674,0.0833,0.3958,11.45,2.7171,0.00,192,2.8
5596,train,4.8537,3.8419,0.0052,0.0312,21.68,4.1357,27.00,192,2.3
5597,train,4.2060,4.7258,0.0258,0.1134,8.98,3.9055,9.49,194,1.9
5598,train,3.8730,3.8334,0.0000,0.1875,14.65,3.3951,12.00,192,2.4
5599,train,3.9476,4.8143,0.0103,0.0876,16.46,4.7979,25.30,194,2.0
5600,train,3.1922,4.5470,0.0155,0.1753,26.70,2.8596,15.00,194,2.7
5600,val,4.1645,,0.0354,0.1706,16.25,3.9282,15.26,6862,67.4
5601,train,nan,0.1667,nan,nan,nan,0.0000,nan,0,4.1
5602,train,3.6720,4.5683,0.0155,0.1082,16.83,2.9593,24.33,194,2.9
5603,train,3.6272,3.6745,0.0363,0.2332,18.67,3.5849,36.50,193,6.8
5604,train,3.7492,4.9859,0.0412,0.2371,19.86,3.0738,6.00,194,3.8
5605,train,5.1447,5.3482,0.0000,0.0052,29.56,5.0151,32.98,194,2.1
5606,train,3.3526,4.4877,0.0464,0.2680,13.52,3.0343,20.62,194,2.7
5607,train,3.8235,4.4336,0.0518,0.2332,15.92,3.2066,13.42,193,5.9
5608,train,4.0238,4.3518,0.0258,0.0979,18.29,4.0688,30.59,194,5.4
5609,train,5.0209,5.1683,0.0000,0.0677,13.40,6.1215,13.42,192,1.8
5610,train,nan,0.0813,nan,nan,nan,0.0000,nan,0,1.8
5611,train,5.6311,5.0930,0.0000,0.0000,30.65,6.2248,39.12,194,2.2
5612,train,nan,0.2442,nan,nan,nan,0.0000,nan,0,2.2
5613,train,3.5553,3.6695,0.0361,0.2680,10.62,4.3316,11.18,194,2.5
5614,train,nan,0.1271,nan,nan,nan,0.0000,nan,0,2.1
5615,train,4.8040,4.0346,0.0000,0.0000,28.82,4.9293,14.42,194,1.6
5616,train,5.3360,5.0012,0.0000,0.0104,15.29,5.4004,12.37,192,1.3
5617,train,4.0386,4.5092,0.0052,0.0415,16.10,3.5671,9.49,193,1.6
5618,train,4.5036,4.3187,0.0207,0.0622,26.51,4.1738,11.18,193,2.6
5619,train,4.1710,4.2275,0.0311,0.1140,10.39,3.7483,4.24,193,1.3
5620,train,nan,0.2314,nan,nan,nan,0.0000,nan,0,5.3
5621,train,nan,0.1493,nan,nan,nan,0.0000,nan,0,2.1
5622,train,4.3673,3.3472,0.0052,0.0515,14.18,2.6654,0.00,194,2.7
5623,train,3.9720,3.1935,0.0259,0.0881,21.98,3.7380,16.49,193,1.5
5624,train,nan,0.4015,nan,nan,nan,0.0000,nan,0,5.0
5625,train,3.3241,2.1197,0.0622,0.3057,13.35,2.7475,5.00,193,3.8
5626,train,4.0519,4.0417,0.0258,0.1237,14.07,3.2002,3.00,194,1.6
5627,train,3.7497,3.3336,0.0259,0.2435,14.19,3.3016,15.00,193,4.3
5628,train,4.3066,3.6705,0.0052,0.0464,13.90,3.9806,9.00,194,1.8
5629,train,3.7784,2.3971,0.0000,0.0000,34.40,3.8846,42.00,194,2.7
5630,train,3.9622,4.3592,0.0876,0.2320,11.86,3.2627,8.94,194,2.2
5631,train,4.1042,3.7204,0.0567,0.2423,12.54,3.9072,22.36,194,3.7
5632,train,3.0869,2.9786,0.1250,0.4688,10.83,2.5958,5.00,192,3.5
5633,train,3.5791,3.2478,0.0208,0.1771,13.63,4.2829,25.50,192,2.6
5634,train,4.1692,3.7573,0.0000,0.0000,35.71,4.1502,20.40,194,2.6
5635,train,3.6422,4.8446,0.1354,0.5469,6.96,3.6165,5.66,192,2.9
5636,train,3.3110,1.9772,0.0677,0.2448,20.64,4.1228,8.49,192,3.1
5637,train,nan,0.2374,nan,nan,nan,0.0000,nan,0,2.4
5638,train,4.2966,3.4884,0.0103,0.0722,15.55,3.2913,3.00,194,2.0
5639,train,3.8720,4.7246,0.0206,0.1598,13.58,3.7233,18.00,194,2.2
5640,train,5.3023,4.5355,0.0000,0.0000,28.84,5.0736,30.00,194,6.5
5641,train,4.0932,3.8021,0.0570,0.2228,15.36,3.2373,6.00,193,2.3
5642,train,3.7666,4.7168,0.0206,0.1907,10.00,3.3241,3.00,194,1.3
5643,train,3.5326,3.1004,0.0515,0.2474,11.10,2.6007,4.00,194,2.4
5644,train,4.3451,4.7682,0.0573,0.2083,12.83,4.6120,4.24,192,1.8
5645,train,nan,0.1470,nan,nan,nan,0.0000,nan,0,2.8
5646,train,3.6684,4.8332,0.0619,0.2320,9.91,3.0744,3.00,194,1.3
5647,train,3.9096,3.4720,0.0000,0.0000,39.26,3.2209,60.30,194,4.7
5648,train,3.8589,4.9270,0.0412,0.2268,12.51,2.8372,0.00,194,4.2
5649,train,3.9327,3.8365,0.0876,0.2990,12.75,2.4851,0.00,194,6.8
5650,train,3.8584,3.5518,0.0471,0.2251,19.12,3.1353,8.49,191,5.6
5651,train,4.1678,5.6820,0.0208,0.0781,14.36,3.8231,3.00,192,1.8
5652,train,4.5105,4.2419,0.0052,0.0518,15.14,2.9209,8.00,193,2.3
5653,train,3.3051,4.4225,0.0515,0.3608,16.01,3.4218,24.74,194,5.0
5654,train,4.6305,5.9889,0.0000,0.0000,48.51,4.6068,50.99,192,5.1
5655,train,nan,0.0852,nan,nan,nan,0.0000,nan,0,3.4
5656,train,4.2470,4.6532,0.0361,0.1443,18.86,2.8632,4.00,194,2.2
5657,train,4.1844,4.7107,0.0206,0.1186,15.40,3.4120,13.42,194,4.6
5658,train,4.1472,4.4985,0.0412,0.1495,15.74,2.7508,6.00,194,4.5
5659,train,4.2821,5.3318,0.0052,0.0258,29.72,3.7241,30.59,194,4.0
5660,train,3.5881,4.8819,0.0104,0.0984,29.60,3.2609,45.00,193,3.4
5661,train,4.6769,5.1219,0.0000,0.0103,35.98,3.4419,24.33,194,2.6
5662,train,3.3294,4.7878,0.0825,0.3454,15.94,2.9498,15.00,194,3.5
5663,train,3.9719,5.4142,0.0309,0.1907,21.50,3.5551,24.00,194,6.3
5664,train,5.4619,3.8578,0.0052,0.0208,20.38,5.2563,18.03,192,3.2
5665,train,5.0727,5.7198,0.0104,0.0674,13.81,6.3918,10.82,193,1.9
5666,train,3.4330,5.9593,0.0829,0.5026,9.62,2.9791,4.00,193,2.8
5667,train,3.8069,5.6125,0.0207,0.1347,21.62,4.5684,20.62,193,5.2
5668,train,nan,0.1526,nan,nan,nan,0.0000,nan,0,1.6
5669,train,3.4940,3.2679,0.0155,0.1813,25.51,3.0958,30.00,193,5.9
5670,train,4.5212,5.2909,0.0206,0.0979,9.80,3.3739,6.71,194,2.1
5671,train,4.3600,4.6958,0.0103,0.0773,13.24,4.7429,12.00,194,2.6
5672,train,5.3073,4.5157,0.0206,0.0464,19.73,4.4795,15.30,194,2.1
5673,train,4.2779,5.0276,0.0103,0.0206,26.59,3.9806,16.49,194,2.3
5674,train,4.1612,3.5338,0.0155,0.1606,18.12,4.9019,16.97,193,3.6
5675,train,3.6479,3.9236,0.0670,0.2113,16.86,2.7097,5.00,194,2.5
5676,train,4.2841,4.0130,0.0103,0.0155,33.23,3.2145,32.00,194,3.2
5677,train,4.1035,4.9388,0.0464,0.2423,14.16,3.6845,5.00,194,2.7
5678,train,4.2480,3.8014,0.0052,0.0415,21.15,3.4403,24.00,193,2.9
5679,train,4.7212,4.7231,0.0052,0.0155,20.20,3.9796,15.30,194,1.2
5680,train,3.9784,4.4944,0.0361,0.2010,10.34,3.9135,9.00,194,1.6
5681,train,nan,0.3387,nan,nan,nan,0.0000,nan,0,4.9
5682,train,nan,0.0983,nan,nan,nan,0.0000,nan,0,2.6
5683,train,4.0437,5.2189,0.0259,0.1451,12.14,4.4489,21.00,193,1.4
5684,train,4.6598,4.4851,0.0104,0.0518,23.66,4.8659,21.54,193,1.9
5685,train,3.9010,4.5179,0.0000,0.0670,16.88,3.6500,15.00,194,1.3
5686,train,3.9061,3.9826,0.0000,0.0155,30.47,3.7206,30.00,194,4.3
5687,train,3.9833,4.9995,0.0412,0.1856,20.79,3.6979,36.88,194,2.1
5688,train,3.7726,3.9006,0.0415,0.2642,11.90,3.1961,16.00,193,1.1
5689,train,3.4578,3.6084,0.0260,0.2552,15.67,3.1828,11.18,192,4.3
5690,train,nan,0.1670,nan,nan,nan,0.0000,nan,0,2.0
5691,train,3.6584,4.7563,0.0722,0.3402,13.14,3.3777,12.00,194,2.2
5692,train,3.8822,4.5367,0.0155,0.0515,25.41,4.4738,24.33,194,2.9
5693,train,nan,0.2156,nan,nan,nan,0.0000,nan,0,3.7
5694,train,4.3548,3.8982,0.0103,0.1031,15.39,3.9310,21.21,194,1.3
5695,train,4.1456,3.9443,0.0259,0.1244,10.16,3.3781,9.00,193,1.3
5696,train,3.8927,4.1529,0.0103,0.1237,19.05,2.9782,10.00,194,4.6
5697,train,nan,0.2634,nan,nan,nan,0.0000,nan,0,5.4
5698,train,4.7930,4.1637,0.0103,0.0619,15.62,3.3710,4.24,194,1.6
5699,train,3.7238,3.3748,0.0000,0.0000,36.68,3.8515,35.00,193,3.8
5700,train,3.4779,3.7270,0.0570,0.2850,10.77,2.8523,5.00,193,2.4
5701,train,3.9680,5.2178,0.0206,0.1649,16.25,3.9481,15.81,194,2.6
5702,train,4.4482,4.6020,0.0052,0.0363,30.60,3.7072,24.00,193,4.1
5703,train,3.7146,5.2555,0.0412,0.2474,8.30,2.9308,3.00,194,1.3
5704,train,3.3030,3.8144,0.1237,0.4536,11.57,3.1607,5.00,194,3.9
5705,train,4.8066,4.9463,0.0052,0.0103,18.38,4.9807,18.97,194,2.5
5706,train,3.8500,4.0320,0.0570,0.1969,10.33,3.6227,8.94,193,1.8
5707,train,5.6844,4.1078,0.0000,0.0000,32.06,7.1776,20.00,193,3.1
5708,train,4.3405,5.4114,0.0209,0.1675,17.71,4.2000,11.18,191,3.9
5709,train,4.0923,3.2429,0.0206,0.1186,17.83,3.7813,7.07,194,1.7
5710,train,3.7428,3.1568,0.0464,0.2629,18.71,3.6439,12.00,194,3.5
5711,train,3.8045,4.9941,0.0938,0.3073,7.85,3.7271,9.00,192,1.3
5712,train,4.0382,4.4648,0.0052,0.0052,24.34,3.0442,10.00,193,4.2
5713,train,nan,0.2913,nan,nan,nan,0.0000,nan,0,2.1
5714,train,4.6260,4.6342,0.0052,0.0103,28.64,4.0162,40.79,194,1.7
5715,train,4.1491,4.4506,0.0000,0.0052,21.87,3.6609,30.59,194,1.9
5716,train,nan,0.1505,nan,nan,nan,0.0000,nan,0,0.9
5717,train,4.0415,3.7955,0.0258,0.1856,8.32,3.0542,3.00,194,2.2
5718,train,4.9940,3.0008,0.0000,0.0000,40.57,5.6146,38.08,193,3.7
5719,train,5.0015,4.0729,0.0000,0.0206,10.40,5.7811,9.49,194,1.3
5720,train,4.0530,3.7383,0.0104,0.0363,31.95,3.9904,40.31,193,4.0
5721,train,4.2872,4.3707,0.0262,0.0785,20.08,4.3528,15.30,191,1.9
5722,train,3.8495,3.4240,0.0000,0.0206,34.66,3.6589,60.21,194,4.7
5723,train,4.0287,4.3225,0.0259,0.0881,19.01,3.5251,25.00,193,4.4
5724,train,3.7407,3.6597,0.0515,0.3402,11.62,3.3554,0.00,194,2.5
5725,train,4.3869,4.0351,0.0052,0.0670,38.79,4.3368,43.68,194,5.2
5726,train,4.2728,3.0602,0.0103,0.0309,23.67,3.8635,35.36,194,1.8
5727,train,4.0013,3.3837,0.0207,0.1917,12.05,3.1654,8.00,193,1.5
5728,train,nan,0.5322,nan,nan,nan,0.0000,nan,0,6.1
5729,train,4.9092,3.8126,0.0000,0.0000,30.87,4.9613,26.83,194,1.9
5730,train,4.4125,3.7757,0.0206,0.0773,11.81,3.7586,9.49,194,2.0
5731,train,4.1136,3.1216,0.0104,0.0622,11.29,2.9363,6.00,193,1.7
5732,train,5.5272,4.1103,0.0000,0.0000,19.69,6.0438,20.62,194,3.9
5733,train,3.6963,2.3918,0.0263,0.2421,14.36,2.9791,0.00,190,3.7
5734,train,3.7864,3.3020,0.0258,0.1649,24.69,2.9928,0.00,194,6.7
5735,train,nan,0.5056,nan,nan,nan,0.0000,nan,0,4.5
5736,train,4.0969,3.4757,0.0052,0.0309,18.46,3.8676,18.25,194,1.6
5737,train,3.6160,3.7534,0.0515,0.1804,13.23,3.2298,16.00,194,3.3
5738,train,5.1971,3.3159,0.0052,0.0052,22.44,4.8353,8.94,192,2.5
5739,train,3.6505,3.1822,0.0155,0.2062,16.06,3.9073,7.07,194,2.0
5740,train,4.4899,3.4101,0.0000,0.0309,27.06,4.2059,36.88,194,3.2
5741,train,3.9050,2.6182,0.0155,0.0515,24.60,3.4438,36.00,194,2.7
5742,train,3.9644,2.9795,0.0000,0.0052,33.69,3.7062,40.31,193,3.2
5743,train,nan,0.5009,nan,nan,nan,0.0000,nan,0,2.8
5744,train,3.7408,2.9340,0.0000,0.0311,42.60,3.8108,66.27,193,4.7
5745,train,4.1481,3.0270,0.0155,0.0829,12.27,5.0428,8.94,193,2.2
5746,train,5.5799,3.6833,0.0208,0.0677,18.80,6.8984,18.97,192,1.4
5747,train,3.0047,2.7518,0.1244,0.5751,10.76,3.2960,12.00,193,5.4
5748,train,nan,0.6827,nan,nan,nan,0.0000,nan,0,5.3
5749,train,3.9698,3.3114,0.0570,0.2332,9.77,3.7216,24.19,193,1.6
5750,train,3.4237,3.7389,0.0928,0.3402,12.39,3.3997,5.66,194,3.5
5751,train,3.9282,3.4394,0.0419,0.1623,12.07,3.6347,9.49,191,1.0
5752,train,5.1755,3.7242,0.0000,0.0000,41.26,4.8244,46.10,193,4.2
5753,train,3.5668,2.0088,0.0928,0.2887,16.56,4.1970,25.50,194,3.1
5754,train,3.8304,3.3999,0.0309,0.1340,24.28,3.3999,10.00,194,2.7
5755,train,3.6069,2.7800,0.0052,0.0515,29.05,3.7860,11.18,194,2.0
5756,train,3.3905,2.9645,0.0622,0.3472,11.43,2.8362,4.00,193,2.7
5757,train,4.2901,2.7535,0.0309,0.1289,11.09,4.5335,9.49,194,1.9
5758,train,3.2778,2.4346,0.0725,0.3834,12.67,2.6737,10.00,193,4.0
5759,train,4.1284,3.8632,0.0515,0.3196,10.02,3.5655,4.00,194,2.7
5760,train,nan,0.6724,nan,nan,nan,0.0000,nan,0,5.0
5761,train,4.4078,1.8791,0.0052,0.0570,29.69,4.6228,30.59,193,5.1
5762,train,4.6472,3.1631,0.0052,0.0052,37.92,4.4707,50.25,194,1.9
5763,train,3.8411,2.4664,0.0515,0.2577,10.15,3.1914,8.00,194,1.5
5764,train,4.6362,2.4808,0.0000,0.0000,50.86,4.6032,42.43,193,3.5
5765,train,3.9612,2.4936,0.0000,0.0417,25.91,3.4171,36.50,192,2.8
5766,train,3.7089,2.4649,0.0619,0.2629,12.28,3.0195,6.00,194,6.7
5767,train,3.9170,2.6005,0.0361,0.1031,14.71,3.5737,12.65,194,2.2
5768,train,nan,0.3598,nan,nan,nan,0.0000,nan,0,4.6
5769,train,3.5405,2.8750,0.0876,0.3557,15.53,3.2030,12.00,194,4.7
5770,train,5.1183,3.1112,0.0000,0.0000,36.57,5.2332,36.88,194,2.7
5771,train,4.0275,2.2491,0.0207,0.1192,20.83,3.8644,8.49,193,6.0
5772,train,nan,0.4577,nan,nan,nan,0.0000,nan,0,2.0
5773,train,3.7019,2.9642,0.0464,0.2062,8.37,3.5371,9.49,194,2.5
5774,train,4.0062,2.4526,0.0361,0.1340,13.10,4.7838,18.97,194,5.7
5775,train,4.2482,3.1306,0.0415,0.1503,9.22,3.9330,6.71,193,2.2
5776,train,nan,0.6676,nan,nan,nan,0.0000,nan,0,4.3
5777,train,4.0540,2.3194,0.0258,0.1289,9.63,2.9023,3.00,194,2.4
5778,train,3.5066,2.6533,0.0567,0.3918,12.74,3.1265,5.00,194,2.3
5779,train,4.0421,2.5173,0.0103,0.1340,9.10,3.8847,9.00,194,1.4
5780,train,3.8367,2.8471,0.0309,0.1856,20.77,3.2697,8.49,194,6.2
5781,train,5.9470,2.4791,0.0104,0.0155,20.54,6.6866,12.37,193,2.2
5782,train,3.8372,3.1870,0.0309,0.1546,23.05,3.9990,15.81,194,4.1
5783,train,3.9399,2.6441,0.0259,0.1244,11.36,4.1018,12.00,193,1.8
5784,train,3.9066,2.9089,0.0361,0.1753,10.43,3.9903,5.66,194,2.2
5785,train,4.4389,3.7908,0.0052,0.0309,31.06,3.7619,41.68,194,2.4
5786,train,3.8888,3.3552,0.0722,0.2165,10.36,3.4762,9.49,194,2.7
5787,train,3.9277,3.7853,0.0309,0.2371,9.33,3.8370,4.24,194,1.7
5788,train,nan,0.6174,nan,nan,nan,0.0000,nan,0,3.3
5789,train,nan,0.3563,nan,nan,nan,0.0000,nan,0,2.7
5790,train,3.8157,3.1038,0.0103,0.0567,22.90,3.7564,16.49,194,2.9
5791,train,nan,0.3679,nan,nan,nan,0.0000,nan,0,2.6
5792,train,3.8111,3.2610,0.0000,0.0208,34.11,3.0778,20.40,192,2.6
5793,train,5.6702,3.0235,0.0000,0.0104,11.72,5.1856,6.00,193,0.9
5794,train,3.5167,2.7770,0.0464,0.2010,15.59,3.3118,20.00,194,3.2
5795,train,4.1837,2.9941,0.0000,0.0000,30.33,4.2042,36.22,193,1.8
5796,train,3.8992,3.9858,0.0309,0.1237,14.66,3.8172,6.00,194,1.3
5797,train,4.5254,3.7222,0.0052,0.0518,37.02,4.7198,36.40,193,1.9
5798,train,nan,0.3911,nan,nan,nan,0.0000,nan,0,2.0
5799,train,3.7835,3.5033,0.0260,0.1250,34.78,3.6599,43.68,192,2.1
5800,train,3.3009,2.5483,0.0938,0.4062,8.88,3.1703,5.66,192,2.4
5800,val,4.3109,,0.0281,0.1410,16.68,4.1077,14.51,6915,55.3
5801,train,nan,0.2287,nan,nan,nan,0.0000,nan,0,3.6
5802,train,4.7003,2.8089,0.0000,0.0000,24.04,5.2579,15.30,194,1.6
5803,train,3.9398,3.0779,0.0464,0.1753,10.70,3.7482,4.24,194,1.7
5804,train,nan,0.2372,nan,nan,nan,0.0000,nan,0,4.4
5805,train,nan,0.5185,nan,nan,nan,0.0000,nan,0,3.9
5806,train,5.0223,3.8870,0.0000,0.0000,38.56,4.4987,36.12,194,2.1
5807,train,3.7769,3.0470,0.0309,0.1701,11.99,3.2833,6.00,194,2.0
5808,train,4.1353,3.5558,0.0207,0.0881,12.06,3.8896,9.49,193,2.0
5809,train,4.4159,4.3214,0.0052,0.0206,28.59,3.2382,27.00,194,1.3
5810,train,3.7346,3.3338,0.0104,0.0725,20.83,3.3054,24.00,193,1.5
5811,train,3.4790,3.5573,0.0876,0.3711,16.71,3.2329,7.07,194,1.9
5812,train,3.6181,2.7123,0.0365,0.1667,14.70,4.2173,20.00,192,2.8
5813,train,4.1991,4.5155,0.0000,0.0309,29.91,3.5810,41.23,194,2.6
5814,train,3.8111,2.8516,0.0619,0.2165,10.40,3.4773,8.94,194,2.6
5815,train,4.2315,3.5611,0.0052,0.0103,31.05,3.4005,41.23,194,1.9
5816,train,nan,0.2942,nan,nan,nan,0.0000,nan,0,1.5
5817,train,3.4750,3.2886,0.0311,0.1762,16.45,3.7028,20.00,193,1.5
5818,train,4.9075,3.1620,0.0000,0.0000,24.00,4.7841,18.03,191,3.5
5819,train,4.1268,4.0274,0.0361,0.1495,12.63,3.9902,15.00,194,1.7
5820,train,3.3966,3.0749,0.0677,0.3281,12.53,2.7352,10.00,192,1.9
5821,train,3.8786,3.7124,0.0309,0.1237,13.61,3.5907,6.71,194,2.0
5822,train,3.3764,2.0220,0.0052,0.1546,23.45,3.2772,30.00,194,3.9
5823,train,3.9494,3.5919,0.0206,0.1392,11.61,3.0239,3.00,194,2.0
5824,train,3.6704,3.1911,0.0567,0.2062,13.34,3.7427,8.49,194,4.1
5825,train,nan,0.3767,nan,nan,nan,0.0000,nan,0,2.2
5826,train,nan,0.1629,nan,nan,nan,0.0000,nan,0,1.2
5827,train,4.8000,3.7395,0.0000,0.0052,46.70,4.5989,48.00,194,2.1
5828,train,4.3498,3.6172,0.0052,0.0258,32.80,4.2854,41.76,194,1.1
5829,train,3.3958,2.9545,0.1170,0.3883,12.12,2.8285,0.00,188,2.3
5830,train,4.2050,2.4408,0.0309,0.1392,10.44,4.6264,11.31,194,2.8
5831,train,4.0850,4.1281,0.0000,0.0104,47.26,3.1654,54.33,193,4.0
5832,train,4.0891,2.9838,0.0363,0.1399,12.49,4.0248,5.00,193,4.0
5833,train,3.6305,3.5406,0.0515,0.1753,16.59,3.1330,20.40,194,2.5
5834,train,4.4103,4.1131,0.0000,0.0258,17.60,4.2320,5.66,194,2.4
5835,train,3.6892,2.9694,0.0363,0.1347,21.50,3.3792,18.00,193,4.6
5836,train,3.2638,3.7128,0.1813,0.6580,7.12,2.7431,0.00,193,1.5
5837,train,3.2144,3.8024,0.0570,0.3316,14.68,3.0738,24.33,193,2.6
5838,train,3.6257,3.3561,0.0412,0.2371,12.60,2.9811,12.00,194,1.5
5839,train,4.0880,2.9119,0.0309,0.2113,13.82,3.4722,13.42,194,5.4
5840,train,4.5736,5.3027,0.0000,0.0000,28.28,4.4100,33.54,194,1.7
5841,train,3.8240,5.1833,0.0258,0.1856,11.09,3.0025,21.21,194,2.0
5842,train,3.8320,4.7372,0.0103,0.0361,29.72,3.3970,28.28,194,2.2
5843,train,5.4165,5.4370,0.0000,0.0000,53.82,5.5118,55.00,192,3.9
5844,train,nan,0.4957,nan,nan,nan,0.0000,nan,0,2.4
5845,train,5.2711,4.5664,0.0000,0.0000,35.20,5.9225,37.95,194,2.6
5846,train,3.7739,4.8929,0.0361,0.1392,13.62,3.0503,10.00,194,4.2
5847,train,3.1355,4.3495,0.1134,0.4433,12.45,2.3829,0.00,194,4.0
5848,train,nan,0.0724,nan,nan,nan,0.0000,nan,0,2.9
5849,train,3.8590,4.2918,0.0309,0.1289,25.19,3.5723,13.42,194,5.5
5850,train,3.6102,4.3653,0.0464,0.2732,14.56,2.8873,15.81,194,3.3
5851,train,4.7384,4.9133,0.0000,0.0156,37.26,4.3696,12.00,192,2.7
5852,train,4.3699,5.1501,0.0155,0.1031,16.71,4.3073,15.81,194,1.9
5853,train,4.1923,5.0184,0.0000,0.0206,30.06,3.2303,40.79,194,1.5
5854,train,3.1450,3.7133,0.0933,0.4301,16.63,3.1912,18.00,193,4.4
5855,train,4.0389,3.8204,0.0256,0.1333,16.43,4.1623,12.65,195,2.9
5856,train,nan,0.2047,nan,nan,nan,0.0000,nan,0,3.6
5857,train,3.6995,5.1588,0.0412,0.1392,20.45,3.5612,28.00,194,2.3
5858,train,3.4054,3.7880,0.1134,0.4433,10.64,3.1794,6.00,194,2.5
5859,train,nan,0.1151,nan,nan,nan,0.0000,nan,0,1.9
5860,train,4.9193,6.0386,0.0000,0.0000,28.67,4.3278,18.25,194,1.7
5861,train,nan,0.1061,nan,nan,nan,0.0000,nan,0,3.8
5862,train,3.1801,4.0125,0.1186,0.5670,8.65,2.4567,0.00,194,3.8
5863,train,3.8844,5.1311,0.0260,0.1875,14.66,4.2780,22.36,192,2.8
5864,train,3.6540,4.0730,0.0309,0.2062,13.16,3.5845,24.00,194,2.2
5865,train,nan,0.1050,nan,nan,nan,0.0000,nan,0,2.1
5866,train,3.9469,4.1966,0.0103,0.1082,16.93,4.1589,11.18,194,2.7
5867,train,3.4080,3.1379,0.0881,0.3834,12.08,2.7494,0.00,193,2.1
5868,train,3.4242,4.2140,0.0515,0.1237,32.96,3.7954,55.32,194,2.5
5869,train,5.3002,4.7604,0.0000,0.0000,41.87,5.6134,30.41,194,1.9
5870,train,nan,0.3349,nan,nan,nan,0.0000,nan,0,5.4
5871,train,4.4381,4.3728,0.0000,0.0052,42.82,4.2422,43.68,194,2.4
5872,train,nan,0.1640,nan,nan,nan,0.0000,nan,0,3.8
5873,train,4.0591,4.3945,0.0000,0.0000,45.84,4.1966,35.00,194,3.2
5874,train,5.5692,3.0112,0.0104,0.0570,14.84,3.3093,9.49,193,1.2
5875,train,4.3946,3.9358,0.0000,0.0000,40.74,3.6249,40.31,194,3.3
5876,train,4.0202,4.8341,0.0674,0.2228,10.42,3.7719,6.71,193,1.8
5877,train,3.7508,4.1506,0.0155,0.0777,23.18,5.0718,24.74,193,4.6
5878,train,3.3605,3.3883,0.0881,0.3264,16.96,2.6352,20.00,193,2.7
5879,train,nan,0.1282,nan,nan,nan,0.0000,nan,0,1.6
5880,train,3.5914,4.5724,0.1192,0.4041,13.30,2.9749,6.00,193,2.5
5881,train,4.4402,5.6358,0.0309,0.0825,19.22,3.5073,6.00,194,1.3
5882,train,3.1570,3.1073,0.0979,0.3660,14.75,2.8470,20.00,194,3.6
5883,train,5.6355,4.8351,0.0052,0.0622,27.01,5.0052,36.50,193,4.1
5884,train,nan,0.3785,nan,nan,nan,0.0000,nan,0,4.8
5885,train,nan,0.1029,nan,nan,nan,0.0000,nan,0,3.9
5886,train,nan,0.2402,nan,nan,nan,0.0000,nan,0,4.8
5887,train,3.8571,4.4776,0.0469,0.2135,10.36,2.7407,3.00,192,1.2
5888,train,3.3760,4.9616,0.0412,0.2423,19.65,2.3471,0.00,194,4.3
5889,train,5.1624,5.3886,0.0000,0.0103,34.04,3.4281,36.12,194,1.8
5890,train,3.4768,3.8807,0.1340,0.3969,17.60,3.2286,35.36,194,3.0
5891,train,4.1677,4.8586,0.0412,0.1340,10.80,4.1751,6.71,194,2.0
5892,train,3.6626,3.8926,0.0515,0.2062,21.74,3.9046,15.81,194,3.7
5893,train,5.1019,4.8245,0.0052,0.0260,19.59,4.7505,21.21,192,1.4
5894,train,3.7154,4.1971,0.0309,0.1186,18.45,2.5194,0.00,194,1.1
5895,train,4.1507,4.4847,0.0259,0.1865,11.71,4.1034,11.18,193,3.5
5896,train,4.1491,4.6597,0.0155,0.1237,14.82,3.9050,20.00,194,1.6
5897,train,3.6666,5.2285,0.0412,0.1804,20.96,2.7100,5.00,194,4.0
5898,train,3.4204,3.9981,0.0000,0.1289,27.44,3.1479,30.41,194,3.0
5899,train,3.4332,4.6100,0.1031,0.3041,9.09,2.4167,5.66,194,1.1
5900,train,4.5997,4.3694,0.0000,0.0000,42.06,3.9298,36.00,189,5.0
5901,train,4.3372,5.9855,0.0206,0.0979,11.67,4.1105,6.71,194,1.7
5902,train,3.8072,5.6039,0.0207,0.1244,18.51,3.7620,20.40,193,2.3
5903,train,3.3491,5.1462,0.0825,0.3402,10.02,2.4723,0.00,194,2.8
5904,train,nan,0.0745,nan,nan,nan,0.0000,nan,0,1.6
5905,train,3.2024,4.1649,0.1042,0.4062,14.67,2.7145,6.00,192,2.1
5906,train,3.8070,4.1707,0.0674,0.2694,13.80,2.8659,12.00,193,4.6
5907,train,nan,0.0590,nan,nan,nan,0.0000,nan,0,2.5
5908,train,4.4676,5.8404,0.0000,0.0000,54.41,3.6336,50.99,192,3.2
5909,train,4.3445,6.4107,0.0207,0.1399,8.81,4.6394,9.49,193,1.8
5910,train,nan,0.0398,nan,nan,nan,0.0000,nan,0,1.9
5911,train,4.2596,6.5003,0.0052,0.1347,23.80,4.0072,24.74,193,5.6
5912,train,4.1716,4.3148,0.0567,0.1907,21.76,4.0315,15.81,194,3.6
5913,train,3.5856,5.2707,0.0415,0.2228,13.65,3.9018,8.94,193,1.5
5914,train,5.0495,6.6423,0.0000,0.0674,20.40,4.8298,15.30,193,1.2
5915,train,nan,0.0632,nan,nan,nan,0.0000,nan,0,2.2
5916,train,3.7265,5.3514,0.0208,0.1510,13.40,3.1154,12.00,192,1.5
5917,train,4.3882,5.3059,0.0000,0.0415,15.80,4.6656,18.25,193,1.3
5918,train,4.4370,5.8430,0.0103,0.0722,18.26,4.3971,21.00,194,1.2
5919,train,4.8458,4.9548,0.0000,0.0000,51.16,4.7489,46.10,194,3.8
5920,train,4.7435,5.9323,0.0000,0.0206,20.17,4.3312,12.00,194,1.3
5921,train,4.1125,4.5788,0.0260,0.1719,8.70,3.0729,6.00,192,0.9
5922,train,3.8175,4.8050,0.0207,0.1192,21.75,3.4695,6.00,193,2.5
5923,train,3.4977,4.0085,0.0773,0.2732,16.71,2.4686,0.00,194,5.0
5924,train,3.2817,4.2022,0.0259,0.2124,20.66,3.2903,30.00,193,4.4
5925,train,4.1750,4.3952,0.0000,0.0000,41.45,3.4879,44.18,192,2.4
5926,train,4.0899,5.1969,0.0412,0.1753,11.78,4.1460,12.37,194,1.3
5927,train,3.4795,3.5800,0.0773,0.2526,17.80,2.7013,11.18,194,1.9
5928,train,5.0438,4.4269,0.0000,0.0000,60.52,4.7255,58.52,193,3.1
5929,train,4.6024,5.1714,0.0000,0.0000,72.22,5.1763,83.22,194,2.6
5930,train,nan,0.1193,nan,nan,nan,0.0000,nan,0,1.6
5931,train,3.6394,4.1575,0.0573,0.2604,12.08,2.5413,4.00,192,2.5
5932,train,5.0510,4.7863,0.0000,0.0000,42.85,4.4538,46.10,194,1.9
5933,train,3.7754,3.6130,0.0206,0.1546,16.31,3.4674,30.41,194,3.4
5934,train,3.5148,4.6179,0.0567,0.2835,7.99,3.1720,6.00,194,1.6
5935,train,nan,0.1781,nan,nan,nan,0.0000,nan,0,3.6
5936,train,3.9546,4.5290,0.0361,0.1392,15.19,3.3427,8.00,194,1.4
5937,train,3.7492,4.0700,0.0309,0.1392,19.24,3.1327,36.00,194,1.1
5938,train,4.2153,5.2144,0.0103,0.0361,18.20,3.1779,4.24,194,1.6
5939,train,4.2819,4.2344,0.0052,0.1031,20.67,4.2142,24.74,194,5.4
5940,train,4.8385,5.2595,0.0052,0.0415,21.24,5.6409,29.12,193,1.5
5941,train,3.4060,3.5439,0.0619,0.3299,15.42,2.7794,12.00,194,2.5
5942,train,4.6480,4.9493,0.0104,0.0622,13.96,4.2890,16.16,193,0.9
5943,train,3.8441,4.4631,0.0361,0.1804,12.29,3.5236,3.00,194,1.5
5944,train,4.5792,4.8861,0.0000,0.0000,46.58,3.4120,8.49,193,4.7
5945,train,3.5609,1.6533,0.0521,0.2031,22.03,3.2793,13.42,192,4.5
5946,train,4.1454,3.3948,0.0258,0.1134,8.75,3.0275,3.00,194,0.9
5947,train,4.9179,3.7969,0.0000,0.0000,53.85,4.9013,43.27,193,4.6
5948,train,3.8295,3.3944,0.0258,0.1340,15.25,3.3927,8.94,194,1.7
5949,train,3.5142,4.4490,0.0928,0.3196,8.08,3.2912,4.24,194,1.7
5950,train,3.1114,3.2916,0.1192,0.4404,10.83,2.5451,0.00,193,4.4
5951,train,3.6906,3.1378,0.0311,0.1140,23.65,3.2801,18.00,193,3.8
5952,train,3.5716,3.2182,0.0000,0.0052,47.31,2.7693,53.15,194,1.9
5953,train,4.4060,3.7950,0.0104,0.0518,17.75,3.3389,4.00,193,2.3
5954,train,4.2141,5.3672,0.0208,0.1250,13.41,3.5125,24.19,192,1.3
5955,train,3.7548,4.0329,0.0412,0.2423,11.14,3.4328,12.65,194,1.1
5956,train,4.8494,5.4348,0.0000,0.0000,28.01,4.0592,9.00,193,1.3
5957,train,3.3008,4.0592,0.0825,0.4227,12.36,2.2622,5.00,194,3.6
5958,train,4.3123,3.7287,0.0000,0.0309,14.03,4.7630,15.81,194,3.8
5959,train,3.9287,5.4487,0.0104,0.1244,10.53,3.9049,6.71,193,1.2
5960,train,3.9444,4.1643,0.0309,0.1959,9.78,3.7663,15.30,194,1.8
5961,train,3.9024,4.3098,0.0311,0.1554,10.73,3.8832,9.49,193,1.6
5962,train,nan,0.1348,nan,nan,nan,0.0000,nan,0,2.2
5963,train,4.3961,5.7064,0.0052,0.0881,13.79,3.5726,3.00,193,1.4
5964,train,3.7930,4.8546,0.0052,0.0262,32.65,4.4728,28.00,191,1.8
5965,train,4.4585,4.2043,0.0000,0.0052,41.00,4.8289,59.09,194,2.1
5966,train,4.0104,4.1432,0.0000,0.0876,22.28,3.3411,10.00,194,3.2
5967,train,3.5046,4.7411,0.0464,0.2680,10.24,2.6082,3.00,194,1.2
5968,train,3.6759,4.0589,0.0103,0.0567,32.80,3.6338,40.31,194,3.1
5969,train,3.7738,4.4024,0.0412,0.1959,9.42,2.1762,0.00,194,1.8
5970,train,3.4101,2.6377,0.0521,0.2396,12.96,2.9587,7.07,192,2.5
5971,train,4.4694,4.6704,0.0256,0.0872,21.94,2.6399,4.00,195,2.6
5972,train,3.8671,5.0966,0.0103,0.1392,9.90,3.0566,4.24,194,1.3
5973,train,4.1216,4.0683,0.0000,0.0052,22.02,4.0210,20.00,193,2.8
5974,train,4.7355,4.2190,0.0000,0.0000,84.21,3.9284,89.20,192,4.8
5975,train,3.9127,4.5056,0.0000,0.0103,34.43,3.8111,41.23,194,4.0
5976,train,3.6941,4.1089,0.0412,0.1701,13.37,3.5448,24.33,194,2.7
5977,train,4.8401,4.9933,0.0052,0.0103,23.22,3.3628,30.59,194,1.3
5978,train,8.0756,5.1042,0.0000,0.0000,26.63,10.4487,21.63,194,1.2
5979,train,nan,0.1568,nan,nan,nan,0.0000,nan,0,1.9
5980,train,3.5900,5.3890,0.0258,0.1959,12.71,2.6610,0.00,194,1.3
5981,train,4.0532,4.6424,0.0206,0.1237,11.15,2.8370,21.21,194,1.6
5982,train,3.5371,3.9635,0.0155,0.0464,33.21,4.1194,30.41,194,4.1
5983,train,4.2875,4.5842,0.0415,0.1399,11.94,3.7470,8.94,193,1.5
5984,train,4.7427,4.1990,0.0000,0.0000,38.55,3.7538,24.74,194,5.5
5985,train,5.1565,4.6642,0.0000,0.0052,18.84,5.7356,28.46,191,1.2
5986,train,4.3255,3.8006,0.0052,0.0155,30.63,4.4909,40.31,194,3.1
5987,train,3.6921,3.6448,0.0258,0.1340,17.84,2.7399,5.00,194,3.4
5988,train,3.6093,3.7086,0.1186,0.3454,9.55,3.3623,5.66,194,2.7
5989,train,4.8190,3.5030,0.0207,0.1451,12.96,3.6196,9.49,193,1.5
5990,train,3.6369,2.1553,0.0437,0.2688,9.09,2.6260,3.00,160,1.0
5991,train,3.7492,2.8621,0.0052,0.1031,23.72,3.9054,12.00,194,4.4
5992,train,5.5536,3.1429,0.0000,0.0052,24.17,4.2790,18.97,193,1.8
5993,train,3.6482,2.4218,0.0361,0.1701,14.22,3.2542,18.00,194,4.2
5994,train,3.9378,3.2023,0.0000,0.0412,21.89,3.3937,32.25,194,2.4
5995,train,4.0220,2.4920,0.0155,0.1134,15.47,3.8050,12.65,194,2.4
5996,train,3.8744,3.5874,0.0518,0.2539,8.63,3.6019,5.66,193,1.8
5997,train,4.5604,4.0159,0.0000,0.0156,19.96,4.7569,12.37,192,1.2
5998,train,5.1798,4.0550,0.0000,0.0000,52.38,4.4741,35.36,194,2.9
5999,train,4.6070,2.9797,0.0103,0.0979,18.11,4.5540,9.49,194,2.0
6000,train,5.7914,3.2586,0.0000,0.0000,13.99,5.2877,10.82,194,0.9
6000,val,4.1598,,0.0371,0.1614,17.17,4.0567,16.53,6827,50.0
6001,train,3.7565,3.4251,0.0515,0.2474,10.81,3.0973,5.00,194,3.0
6002,train,5.2992,3.4185,0.0000,0.0000,28.45,5.3516,31.89,194,1.9
6003,train,nan,0.3238,nan,nan,nan,0.0000,nan,0,3.8
6004,train,3.5802,2.9231,0.0722,0.3351,10.85,2.9950,5.66,194,1.5
6005,train,3.6206,2.1863,0.0570,0.2332,18.91,3.7582,24.74,193,4.4
6006,train,4.0635,2.1218,0.0052,0.0258,43.80,4.6677,43.68,194,4.8
6007,train,3.9876,3.0354,0.0464,0.1907,15.02,3.1058,5.00,194,3.4
6008,train,nan,0.3164,nan,nan,nan,0.0000,nan,0,1.1
6009,train,3.5847,2.1546,0.0206,0.2010,13.50,3.0365,5.00,194,1.9
6010,train,4.6276,1.6822,0.0155,0.0412,18.77,5.1234,16.97,194,4.6
6011,train,3.2981,2.0477,0.0722,0.3660,11.93,2.9251,5.00,194,3.1
6012,train,nan,0.6640,nan,nan,nan,0.0000,nan,0,2.4
6013,train,nan,0.6477,nan,nan,nan,0.0000,nan,0,4.7
6014,train,4.5746,2.8893,0.0513,0.1949,14.80,4.3875,18.97,195,2.5
6015,train,4.9440,2.1467,0.0155,0.0670,13.76,4.9603,6.00,194,1.5
6016,train,3.9520,2.5153,0.0206,0.0876,17.91,4.4729,18.97,194,4.3
6017,train,3.8334,2.2834,0.0258,0.1495,20.01,4.4382,32.31,194,4.6
6018,train,4.9037,2.0771,0.0000,0.0000,52.45,4.7379,47.43,193,2.9
6019,train,4.1975,2.4405,0.0361,0.1134,9.42,3.1164,3.00,194,1.8
6020,train,4.5756,2.9484,0.0000,0.0206,17.59,5.0080,8.49,194,1.4
6021,train,nan,0.7109,nan,nan,nan,0.0000,nan,0,5.6
6022,train,5.2027,2.3673,0.0052,0.0258,17.14,5.7086,13.42,194,1.5
6023,train,3.7240,2.8134,0.0260,0.2656,9.29,2.8933,3.00,192,2.0
6024,train,nan,0.3476,nan,nan,nan,0.0000,nan,0,3.2
6025,train,4.4329,2.2233,0.0258,0.0773,24.22,3.7615,16.97,194,5.5
6026,train,3.7598,2.1208,0.0309,0.2216,14.01,3.4414,5.00,194,1.9
6027,train,5.6968,1.1622,0.0000,0.0052,29.62,4.9424,30.00,193,3.4
6028,train,3.3898,1.9096,0.0674,0.4301,12.58,3.4241,12.00,193,5.4
6029,train,4.2219,1.9880,0.0000,0.0000,62.01,3.6717,65.00,193,2.9
6030,train,3.9422,1.9562,0.0361,0.1598,11.00,3.2878,8.00,194,1.5
6031,train,nan,0.7212,nan,nan,nan,0.0000,nan,0,2.2
6032,train,3.8809,1.9396,0.0825,0.2629,22.01,3.9331,24.00,194,4.1
6033,train,nan,0.5906,nan,nan,nan,0.0000,nan,0,3.2
6034,train,nan,0.4103,nan,nan,nan,0.0000,nan,0,2.6
6035,train,4.1162,2.1382,0.0155,0.0725,38.84,4.5781,35.36,193,1.9
6036,train,3.8140,2.7664,0.0573,0.3073,11.95,4.0548,8.00,192,1.5
6037,train,nan,0.3669,nan,nan,nan,0.0000,nan,0,1.4
6038,train,nan,0.5043,nan,nan,nan,0.0000,nan,0,2.3
6039,train,4.2992,2.5229,0.0000,0.0155,23.50,3.8773,13.42,193,3.9
6040,train,4.0363,3.5080,0.0206,0.1031,10.65,3.0895,4.24,194,2.0
6041,train,3.5051,2.1391,0.0000,0.0363,28.71,3.5041,30.59,193,2.1
6042,train,4.0775,3.5414,0.0000,0.0361,34.64,3.8153,18.97,194,4.8
6043,train,3.8154,2.5424,0.0677,0.2500,20.73,3.7043,18.00,192,4.6
6044,train,4.7400,4.0050,0.0052,0.0104,22.61,5.2842,18.00,193,1.3
6045,train,5.2976,3.2895,0.0000,0.0000,41.95,6.4984,40.25,192,2.6
6046,train,nan,0.2710,nan,nan,nan,0.0000,nan,0,1.7
6047,train,3.9354,3.4103,0.0311,0.1762,20.02,3.0749,5.66,193,2.3
6048,train,nan,0.1943,nan,nan,nan,0.0000,nan,0,3.9
6049,train,4.2011,2.3593,0.0000,0.0000,38.95,3.7119,40.00,194,3.7
6050,train,3.4068,3.0050,0.0464,0.2113,18.20,3.0985,6.00,194,4.4
6051,train,3.9097,2.4541,0.0206,0.1237,15.74,4.1292,20.00,194,1.1
6052,train,nan,0.2708,nan,nan,nan,0.0000,nan,0,1.9
6053,train,3.5952,2.1490,0.0781,0.2969,10.49,2.9804,0.00,192,2.6
6054,train,3.6790,3.1131,0.0000,0.0155,37.85,3.6089,35.00,194,3.6
6055,train,4.1859,3.2523,0.0311,0.1295,9.77,4.0308,9.49,193,2.0
6056,train,nan,0.4200,nan,nan,nan,0.0000,nan,0,4.1
6057,train,nan,0.2821,nan,nan,nan,0.0000,nan,0,1.9
6058,train,nan,0.1603,nan,nan,nan,0.0000,nan,0,3.0
6059,train,4.5104,4.7681,0.0155,0.0979,28.23,4.0514,9.00,194,2.0
6060,train,3.7398,2.9136,0.0206,0.1392,30.73,3.8763,24.74,194,2.1
6061,train,3.8622,3.8244,0.0876,0.2423,12.20,2.6926,6.00,194,4.9
6062,train,nan,0.1792,nan,nan,nan,0.0000,nan,0,3.0
6063,train,4.8893,4.4450,0.0000,0.0000,28.32,4.7410,44.72,192,1.5
6064,train,4.5063,3.9985,0.0000,0.0000,33.88,3.1578,30.15,194,1.7
6065,train,3.1836,3.8447,0.1082,0.4227,12.46,2.8348,5.00,194,3.2
6066,train,4.0654,3.9810,0.0258,0.1546,9.20,3.6241,9.49,194,2.0
6067,train,3.8991,2.8156,0.0000,0.0052,34.27,4.0210,35.36,194,3.5
6068,train,nan,0.2385,nan,nan,nan,0.0000,nan,0,1.2
6069,train,3.2411,4.4322,0.1399,0.5596,6.69,2.4479,0.00,193,1.5
6070,train,3.6182,4.0473,0.0725,0.3161,9.71,2.8772,8.00,193,2.2
6071,train,4.0866,3.8890,0.0361,0.1186,25.21,3.9677,22.36,194,3.7
6072,train,4.9947,4.9445,0.0000,0.0000,59.87,4.7118,45.69,194,2.5
6073,train,3.9104,4.2202,0.0415,0.2435,12.05,3.7221,4.00,193,2.0
6074,train,3.6790,4.0947,0.0258,0.1392,39.75,3.2548,72.25,194,2.5
6075,train,3.6621,2.7789,0.0984,0.3627,23.69,3.4311,13.42,193,3.7
6076,train,3.9709,4.2058,0.0412,0.1495,11.32,3.5253,5.66,194,1.5
6077,train,3.3154,3.8345,0.0825,0.3866,10.34,2.9118,4.00,194,2.9
6078,train,3.5966,3.3745,0.0155,0.1140,23.69,2.9964,24.74,193,3.5
6079,train,4.5671,3.8012,0.0052,0.0155,36.27,4.9053,40.79,194,2.4
6080,train,4.8028,3.0445,0.0000,0.0000,38.89,5.1319,53.85,194,4.0
6081,train,4.2323,5.1116,0.0000,0.0103,32.97,4.5764,44.72,194,1.1
6082,train,3.5487,2.5611,0.0309,0.2216,13.64,2.4468,5.00,194,3.6
6083,train,4.0517,4.5981,0.0309,0.1134,17.55,3.8578,20.40,194,1.9
6084,train,3.6770,5.1642,0.0567,0.2938,9.40,2.8963,8.00,194,2.9
6085,train,3.9182,5.8379,0.0515,0.2113,9.53,3.5664,12.00,194,2.0
6086,train,4.7639,3.3128,0.0000,0.0052,22.07,5.0273,25.50,194,1.9
6087,train,3.7893,4.4469,0.0155,0.1710,10.15,2.9459,3.00,193,1.7
6088,train,3.8827,3.5862,0.0412,0.1495,11.96,3.1492,9.00,194,1.8
6089,train,4.9131,3.4305,0.0000,0.0309,41.87,5.0407,24.74,194,4.3
6090,train,3.4052,3.5373,0.0259,0.1295,28.93,2.6628,42.43,193,5.5
6091,train,3.3708,3.5030,0.0570,0.2539,18.97,3.7520,25.50,193,3.9
6092,train,3.2407,3.8031,0.0781,0.4062,12.13,3.1723,5.66,192,2.1
6093,train,4.3560,4.8339,0.0000,0.0000,45.31,4.6865,24.00,194,2.5
6094,train,4.3764,4.1812,0.0000,0.0363,25.39,3.5467,18.00,193,2.5
6095,train,4.5418,5.1663,0.0052,0.0155,19.57,4.4086,7.07,193,2.0
6096,train,nan,0.1334,nan,nan,nan,0.0000,nan,0,2.7
6097,train,4.4775,4.7520,0.0000,0.0103,39.41,4.1440,30.59,194,2.5
6098,train,3.8978,4.4829,0.0052,0.0670,17.69,3.2100,15.00,194,3.1
6099,train,nan,0.3015,nan,nan,nan,0.0000,nan,0,1.5
6100,train,4.0043,4.3627,0.0000,0.0052,30.68,4.0363,40.20,194,2.2
6101,train,3.7739,3.2269,0.0415,0.2383,13.98,3.5818,8.49,193,2.5
6102,train,4.3960,4.5184,0.0000,0.0000,71.74,3.7246,77.62,194,3.9
6103,train,4.2319,5.0951,0.0052,0.0365,92.78,4.3180,136.82,192,4.1
6104,train,4.7949,4.4805,0.0052,0.0876,12.29,4.9863,6.00,194,2.0
6105,train,3.2897,2.9597,0.0670,0.2835,14.95,3.5533,20.00,194,3.0
6106,train,3.5556,3.0101,0.0361,0.2010,14.27,3.2438,20.40,194,2.6
6107,train,3.6556,2.4390,0.0515,0.2268,13.64,3.6812,10.00,194,1.9
6108,train,nan,0.1729,nan,nan,nan,0.0000,nan,0,2.1
6109,train,5.7747,4.2522,0.0000,0.0000,12.76,6.2449,10.82,193,0.9
6110,train,4.3004,2.0508,0.0000,0.0000,63.23,4.2390,66.27,194,5.3
6111,train,3.1266,2.7580,0.1289,0.5515,9.17,2.6401,0.00,194,3.1
6112,train,3.8737,2.5162,0.1134,0.4175,6.94,3.6157,5.66,194,2.8
6113,train,4.1216,2.5003,0.0000,0.0000,47.99,3.5903,51.61,194,4.3
6114,train,nan,0.4904,nan,nan,nan,0.0000,nan,0,1.1
6115,train,nan,0.3287,nan,nan,nan,0.0000,nan,0,3.5
6116,train,nan,0.3072,nan,nan,nan,0.0000,nan,0,3.3
6117,train,3.5034,2.2022,0.0722,0.3402,10.56,2.3993,0.00,194,3.5
6118,train,nan,0.2518,nan,nan,nan,0.0000,nan,0,1.9
6119,train,4.5610,3.5098,0.0309,0.1546,10.64,3.4889,6.71,194,1.7
6120,train,4.7658,1.7761,0.0052,0.0312,22.18,4.8269,17.89,192,2.4
6121,train,3.3620,2.1036,0.0722,0.3402,12.08,3.0688,5.00,194,2.8
6122,train,3.4496,1.5623,0.0464,0.2938,13.01,2.9548,12.00,194,4.9
6123,train,3.9096,3.3345,0.0415,0.1606,13.75,3.8670,9.00,193,1.3
6124,train,4.4457,4.1141,0.0000,0.0515,15.24,4.5934,13.42,194,1.8
6125,train,4.6743,3.3945,0.0103,0.0309,19.18,4.4498,28.28,194,1.5
6126,train,3.7611,4.0081,0.0567,0.3093,7.68,2.7794,4.00,194,1.5
6127,train,3.7054,3.2841,0.0466,0.1865,10.18,3.3045,9.00,193,1.3
6128,train,4.0193,2.9480,0.0103,0.0773,19.62,3.8984,11.18,194,3.3
6129,train,4.0650,2.7966,0.0155,0.0722,20.91,3.6946,20.40,194,2.3
6130,train,3.9259,3.0616,0.0103,0.1392,18.43,3.4414,20.62,194,3.7
6131,train,3.5042,3.8761,0.0938,0.3490,7.26,3.3883,3.00,192,1.9
6132,train,3.5857,3.4565,0.0258,0.1804,17.67,3.5007,10.00,194,4.0
6133,train,4.4318,3.6689,0.0000,0.0000,97.51,4.2439,100.00,192,1.9
6134,train,4.7990,3.4422,0.0052,0.0207,24.23,4.5979,15.30,193,1.5
6135,train,5.2219,4.9275,0.0000,0.0000,35.71,4.4839,33.94,193,2.0
6136,train,4.4568,3.5124,0.0052,0.0466,20.08,3.9291,33.14,193,2.0
6137,train,3.8745,4.8259,0.0155,0.1031,26.15,3.6236,40.20,194,1.5
6138,train,nan,0.1273,nan,nan,nan,0.0000,nan,0,2.9
6139,train,4.3327,2.7054,0.0000,0.0412,28.15,3.8938,36.00,194,5.1
6140,train,4.0073,3.8689,0.0103,0.0979,12.98,5.0161,14.42,194,1.8
6141,train,4.0661,4.3511,0.0206,0.1289,11.33,4.2214,6.71,194,0.9
6142,train,nan,0.1751,nan,nan,nan,0.0000,nan,0,1.5
6143,train,3.9223,4.6588,0.0103,0.1031,14.37,3.2376,21.21,194,1.8
6144,train,nan,0.2399,nan,nan,nan,0.0000,nan,0,3.7
6145,train,nan,0.1202,nan,nan,nan,0.0000,nan,0,3.1
6146,train,3.4232,4.7804,0.0466,0.2591,8.78,2.4525,0.00,193,2.3
6147,train,3.7690,5.4680,0.0311,0.1658,9.78,2.8827,15.30,193,1.3
6148,train,nan,0.1158,nan,nan,nan,0.0000,nan,0,1.2
6149,train,3.1121,3.7287,0.1546,0.5309,9.79,3.4872,11.18,194,1.9
6150,train,3.4721,3.4110,0.0515,0.2216,14.22,3.0994,30.41,194,3.6
6151,train,3.4909,4.5148,0.0619,0.2784,13.10,3.6438,20.00,194,3.9
6152,train,4.2945,4.2638,0.0000,0.0000,36.49,5.1283,49.24,192,1.5
6153,train,nan,0.0970,nan,nan,nan,0.0000,nan,0,3.7
6154,train,5.0116,4.8083,0.0052,0.0466,13.69,4.4902,6.00,193,1.8
6155,train,3.7881,5.4022,0.0052,0.0825,23.05,3.3619,16.49,194,2.9
6156,train,3.5555,3.9626,0.0928,0.3711,12.25,3.4431,13.42,194,2.5
6157,train,3.5937,3.5877,0.0259,0.1554,16.81,3.3652,20.00,193,1.9
6158,train,3.5616,5.0026,0.0567,0.3041,13.67,2.9747,12.00,194,2.4
6159,train,3.3606,5.2438,0.0825,0.4124,7.38,2.7900,6.00,194,1.2
6160,train,nan,0.0978,nan,nan,nan,0.0000,nan,0,1.5
6161,train,3.8160,4.6212,0.0309,0.2474,9.37,3.4211,9.49,194,1.3
6162,train,3.8549,4.9466,0.0311,0.1451,21.33,4.0271,35.36,193,3.0
6163,train,4.1870,5.0047,0.0622,0.1762,13.85,3.6077,9.49,193,1.8
6164,train,3.8278,4.9034,0.0515,0.2010,9.71,3.3284,12.37,194,1.3
6165,train,4.4722,5.2975,0.0415,0.1451,20.86,3.5328,18.97,193,2.5
6166,train,nan,0.0874,nan,nan,nan,0.0000,nan,0,4.9
6167,train,4.1983,4.0003,0.0104,0.0881,18.73,3.2257,20.40,193,2.4
6168,train,3.7161,4.4922,0.0619,0.1856,7.89,2.7352,3.00,194,1.8
6169,train,4.9782,2.4810,0.0000,0.0052,25.57,4.5307,11.18,193,3.1
6170,train,3.7622,3.6464,0.0674,0.3057,12.37,3.9844,12.00,193,2.1
6171,train,nan,0.0619,nan,nan,nan,0.0000,nan,0,2.8
6172,train,4.6947,5.6346,0.0000,0.0207,26.98,3.3852,27.17,193,1.7
6173,train,3.6568,3.5126,0.0000,0.0208,39.02,3.9021,36.50,192,4.3
6174,train,nan,0.0999,nan,nan,nan,0.0000,nan,0,1.5
6175,train,3.7502,5.5265,0.0311,0.1917,9.29,3.2149,6.71,193,2.0
6176,train,4.0685,4.4711,0.0000,0.0000,66.12,3.8897,66.27,194,5.3
6177,train,3.5300,4.2303,0.0722,0.3660,16.98,3.3061,18.00,194,4.6
6178,train,4.4801,5.2492,0.0361,0.1495,11.05,3.8858,4.24,194,1.3
6179,train,3.6820,3.5466,0.0309,0.2320,12.80,3.5296,8.00,194,1.5
6180,train,4.4025,4.4814,0.0311,0.0984,27.65,4.6157,14.42,193,1.1
6181,train,4.0875,4.3537,0.0000,0.0207,38.24,4.5581,18.97,193,5.4
6182,train,3.7030,3.8046,0.0104,0.0777,20.26,3.0212,16.49,193,2.9
6183,train,nan,0.1623,nan,nan,nan,0.0000,nan,0,3.0
6184,train,3.0488,2.2091,0.0206,0.1804,34.87,3.5799,30.00,194,5.2
6185,train,3.2917,4.0460,0.0833,0.4219,13.08,4.0769,8.49,192,4.2
6186,train,3.5781,4.4854,0.0311,0.2539,15.11,2.8306,6.00,193,2.5
6187,train,3.7018,3.5878,0.0052,0.0412,43.90,2.3287,36.00,194,5.1
6188,train,3.5634,2.6566,0.0258,0.1340,20.15,3.7614,11.18,194,3.6
6189,train,3.6214,3.2608,0.0155,0.1031,20.43,3.2483,12.65,194,2.7
6190,train,4.6297,5.3570,0.0000,0.0000,21.29,4.9390,24.00,194,1.1
6191,train,3.1788,3.3915,0.0670,0.2938,20.88,2.6927,5.00,194,1.8
6192,train,nan,0.1027,nan,nan,nan,0.0000,nan,0,1.7
6193,train,3.9624,4.5137,0.0515,0.2062,16.46,3.0253,6.00,194,5.4
6194,train,nan,0.2041,nan,nan,nan,0.0000,nan,0,1.9
6195,train,4.3814,4.5235,0.0207,0.0933,11.37,5.4253,12.37,193,1.9
6196,train,4.0420,4.4499,0.0259,0.1451,8.73,3.2121,3.00,193,1.3
6197,train,3.4379,4.6115,0.0781,0.3698,10.25,3.4281,25.50,192,1.9
6198,train,4.9347,4.9650,0.0000,0.0000,103.56,4.6059,114.63,194,4.7
6199,train,4.4657,5.4114,0.0000,0.0000,27.30,4.2100,28.28,195,1.5
6200,train,3.5385,4.9402,0.0825,0.3918,7.98,2.9503,4.00,194,1.1
6200,val,4.2041,,0.0353,0.1551,17.84,4.0591,17.82,6649,50.5
6201,train,3.8645,4.2710,0.0464,0.2113,10.95,3.7953,9.49,194,2.1
6202,train,4.4800,5.2275,0.0103,0.0567,13.12,3.7251,9.00,194,1.9
6203,train,nan,0.1129,nan,nan,nan,0.0000,nan,0,1.5
6204,train,4.4717,3.6152,0.0309,0.1443,15.99,4.4261,14.14,194,1.9
6205,train,nan,0.1764,nan,nan,nan,0.0000,nan,0,1.7
6206,train,4.1910,4.7622,0.0052,0.0515,27.57,3.7715,36.22,194,2.2
6207,train,3.3917,2.7365,0.0515,0.3557,16.35,3.3992,6.00,194,2.4
6208,train,nan,0.3985,nan,nan,nan,0.0000,nan,0,4.4
6209,train,4.0054,2.4996,0.0311,0.1710,17.29,4.1480,20.62,193,2.7
6210,train,4.8995,4.3200,0.0052,0.0104,23.68,4.1874,24.33,192,1.1
6211,train,4.5164,3.9470,0.0103,0.0515,44.90,4.4609,46.86,194,4.2
6212,train,4.6574,3.2486,0.0258,0.1237,11.43,4.7135,18.97,194,1.8
6213,train,3.9394,4.3189,0.0363,0.1295,12.72,3.3276,15.00,193,1.5
6214,train,3.6566,4.0138,0.0207,0.1244,15.38,3.5994,8.49,193,4.1
6215,train,3.5360,3.5508,0.0309,0.1856,15.93,2.7106,4.00,194,1.1
6216,train,4.3134,4.7499,0.0155,0.0207,53.05,3.7349,61.85,193,2.9
6217,train,4.2445,3.5757,0.0052,0.0206,31.53,3.2992,13.42,194,4.9
6218,train,2.8929,2.3419,0.1237,0.5412,12.31,3.5669,6.00,194,2.5
6219,train,3.7576,4.2832,0.0309,0.1907,10.44,3.5125,6.00,194,1.5
6220,train,2.9607,3.4146,0.1392,0.5979,8.54,2.5059,0.00,194,2.2
6221,train,3.9323,4.5274,0.0466,0.1192,16.55,3.1430,5.66,193,2.9
6222,train,3.4698,4.2801,0.0258,0.1959,16.74,2.4739,0.00,194,2.6
6223,train,4.0480,5.1200,0.0206,0.1753,10.90,3.2374,12.00,194,1.5
6224,train,5.0118,3.6851,0.0000,0.0000,35.38,5.3732,30.00,194,3.9
6225,train,4.2550,4.7926,0.0155,0.1186,16.83,4.0035,30.46,194,1.5
6226,train,4.1514,4.7151,0.0412,0.1907,12.63,3.5256,10.00,194,3.4
6227,train,3.9760,5.1532,0.0052,0.1134,9.30,3.3253,3.00,194,0.9
6228,train,3.1406,3.1318,0.0773,0.3557,19.33,2.8993,18.00,194,2.5
6229,train,nan,0.2281,nan,nan,nan,0.0000,nan,0,1.6
6230,train,3.5470,2.8914,0.0625,0.2865,18.53,3.0420,13.42,192,4.9
6231,train,4.1738,5.3623,0.0515,0.2577,10.96,3.7500,7.07,194,1.9
6232,train,3.9319,3.6486,0.0155,0.1451,12.33,3.0135,4.00,193,2.2
6233,train,4.0459,3.7372,0.0000,0.0000,25.24,3.1997,15.00,194,3.4
6234,train,nan,0.2820,nan,nan,nan,0.0000,nan,0,1.8
6235,train,3.6340,4.1932,0.0365,0.1354,12.61,3.3099,24.00,192,2.1
6236,train,3.8027,3.7758,0.0104,0.0155,38.39,3.5553,35.36,193,3.2
6237,train,3.7766,3.7710,0.0103,0.0979,21.66,2.9251,12.00,194,2.3
6238,train,nan,0.1338,nan,nan,nan,0.0000,nan,0,2.7
6239,train,3.1612,4.1343,0.1042,0.4531,12.00,2.7064,7.07,192,3.2
6240,train,4.8774,4.4392,0.0155,0.0773,14.33,5.4484,8.49,194,1.9
6241,train,3.5353,5.1943,0.0622,0.2073,9.85,3.0480,16.00,193,1.5
6242,train,nan,0.1997,nan,nan,nan,0.0000,nan,0,2.4
6243,train,4.9782,3.8347,0.0000,0.0052,28.32,6.4068,26.93,194,3.0
6244,train,5.5907,4.9252,0.0000,0.0000,37.25,7.6066,36.22,194,2.2
6245,train,4.2207,4.8051,0.0206,0.0979,23.55,4.7406,22.36,194,3.3
6246,train,4.0084,4.1837,0.0309,0.1804,8.50,3.1033,15.00,194,1.3
6247,train,3.7661,4.7178,0.0309,0.1237,10.66,2.7970,3.00,194,1.3
6248,train,3.8451,4.6708,0.0103,0.0361,28.18,3.3507,40.00,194,1.9
6249,train,6.4687,4.3955,0.0000,0.0000,15.23,6.8266,12.73,194,0.9
6250,train,nan,0.1949,nan,nan,nan,0.0000,nan,0,1.9
6251,train,3.0917,4.1474,0.1856,0.5773,11.75,2.8726,5.00,194,3.8
6252,train,3.8472,2.3033,0.0052,0.0412,25.69,3.8681,30.59,194,2.5
6253,train,nan,0.2255,nan,nan,nan,0.0000,nan,0,1.9
6254,train,4.3522,2.9543,0.0000,0.0000,51.27,4.0830,36.50,194,2.5
6255,train,3.6879,3.9054,0.0258,0.1495,15.59,3.7775,25.50,194,1.5
6256,train,4.3249,3.3156,0.0207,0.0933,15.29,5.2239,8.94,193,2.3
6257,train,4.1247,3.9643,0.0052,0.0206,17.56,3.3716,3.00,194,1.7
6258,train,3.8267,3.5501,0.0777,0.2539,8.15,3.2857,0.00,193,1.8
6259,train,nan,0.4825,nan,nan,nan,0.0000,nan,0,3.5
6260,train,4.3207,2.4718,0.0000,0.0000,45.08,3.8319,48.00,194,2.5
6261,train,4.3259,3.4547,0.0052,0.0670,12.82,4.0560,12.00,194,1.7
6262,train,nan,0.2759,nan,nan,nan,0.0000,nan,0,1.1
6263,train,3.9376,4.5790,0.0207,0.1399,20.13,3.7994,7.07,193,3.0
6264,train,3.3656,3.1882,0.1340,0.4536,8.99,3.3694,4.00,194,2.6
6265,train,nan,0.5082,nan,nan,nan,0.0000,nan,0,2.3
6266,train,4.1721,3.7019,0.0000,0.0000,24.25,3.4978,30.15,194,1.7
6267,train,4.4735,3.3968,0.0000,0.0156,29.59,4.1247,41.23,192,2.6
6268,train,3.9100,4.5564,0.0311,0.1399,12.86,3.8994,4.24,193,1.2
6269,train,nan,0.2943,nan,nan,nan,0.0000,nan,0,1.9
6270,train,6.6239,2.8860,0.0000,0.0000,53.60,6.5476,47.17,192,3.1
6271,train,4.1683,3.9257,0.0206,0.1186,15.58,3.6743,8.94,194,1.5
6272,train,4.0060,3.0271,0.0417,0.1771,23.28,3.0362,36.40,192,1.9
6273,train,4.7320,4.5011,0.0052,0.0052,31.54,4.0307,30.00,194,5.0
6274,train,nan,0.3280,nan,nan,nan,0.0000,nan,0,1.9
6275,train,4.1974,4.7005,0.0052,0.0521,16.46,3.8168,30.15,192,1.4
6276,train,4.4156,4.5711,0.0103,0.0619,13.97,3.6936,16.00,194,2.8
6277,train,nan,0.4185,nan,nan,nan,0.0000,nan,0,2.0
6278,train,3.8391,3.6451,0.0309,0.1804,10.89,2.9651,3.00,194,1.7
6279,train,3.9159,3.9191,0.0155,0.0933,14.24,3.3305,8.00,193,1.1
6280,train,3.7022,3.4696,0.0417,0.2083,7.75,3.7238,4.24,192,1.5
6281,train,3.7696,2.5185,0.0155,0.1554,18.15,3.5218,30.00,193,4.9
6282,train,4.4651,3.2749,0.0052,0.0104,36.23,4.6963,21.63,193,5.1
6283,train,5.1927,3.1756,0.0000,0.0155,29.62,4.2914,16.97,194,4.6
6284,train,3.8298,3.8371,0.0515,0.2835,7.68,3.9388,6.00,194,1.5
6285,train,3.7491,4.2355,0.1134,0.4330,13.33,3.5095,8.94,194,1.1
6286,train,nan,0.3618,nan,nan,nan,0.0000,nan,0,2.5
6287,train,4.1344,3.8534,0.0309,0.1701,23.64,4.1685,24.74,194,4.3
6288,train,3.7748,4.1757,0.0156,0.1562,12.95,3.6187,4.24,192,1.3
6289,train,3.4595,1.9495,0.0104,0.1198,30.45,3.7312,18.00,192,2.1
6290,train,nan,0.2547,nan,nan,nan,0.0000,nan,0,2.5
6291,train,3.3768,3.2775,0.0825,0.2990,16.92,2.7229,0.00,194,3.5
6292,train,nan,0.3418,nan,nan,nan,0.0000,nan,0,1.5
6293,train,nan,0.3093,nan,nan,nan,0.0000,nan,0,2.0
6294,train,5.0349,4.7117,0.0000,0.0000,26.75,5.2541,33.54,193,2.1
6295,train,5.0403,4.7535,0.0104,0.0622,14.89,3.4311,4.24,193,1.6
6296,train,3.1541,3.2419,0.0829,0.4611,13.20,2.5967,0.00,193,2.5
6297,train,4.4563,5.0624,0.0052,0.0412,21.88,3.8333,18.25,194,1.8
6298,train,3.4081,3.1129,0.0718,0.2974,14.01,2.6172,4.00,195,2.8
6299,train,3.5229,3.3384,0.0361,0.1907,27.16,2.6320,42.43,194,5.5
6300,train,nan,0.2214,nan,nan,nan,0.0000,nan,0,3.9
6301,train,nan,0.1329,nan,nan,nan,0.0000,nan,0,0.9
6302,train,3.9758,4.5501,0.0103,0.0515,13.74,3.9399,15.30,194,0.9
6303,train,4.5645,4.8518,0.0000,0.0000,18.86,4.2401,17.89,194,1.5
6304,train,3.2162,2.6549,0.0984,0.5026,9.80,1.9778,0.00,193,2.1
6305,train,4.1528,5.4348,0.0260,0.1146,14.40,3.8364,15.00,192,0.9
6306,train,nan,0.0775,nan,nan,nan,0.0000,nan,0,1.1
6307,train,4.7242,5.0710,0.0000,0.0000,27.75,3.8866,30.59,194,1.9
6308,train,4.2796,4.3380,0.0052,0.0567,13.64,4.0387,18.25,194,2.0
6309,train,4.0275,5.2730,0.0155,0.0670,17.59,3.3109,33.14,194,1.9
6310,train,3.9744,4.6163,0.0412,0.1753,10.50,3.6571,12.37,194,2.0
6311,train,3.8605,3.4652,0.0518,0.2228,12.41,3.6947,20.62,193,3.0
6312,train,4.2726,4.5498,0.0155,0.0928,12.37,3.7060,4.24,194,1.7
6313,train,5.5904,4.2873,0.0000,0.0000,30.97,5.3390,33.94,192,2.1
6314,train,3.6536,4.4822,0.0155,0.1347,13.87,2.9120,0.00,193,2.7
6315,train,4.3172,4.9272,0.0000,0.0000,39.02,3.2784,52.00,192,2.8
6316,train,3.0761,3.4355,0.0885,0.4479,10.63,2.4262,5.00,192,1.9
6317,train,3.8730,4.3551,0.0469,0.1354,13.51,3.3583,8.00,192,1.5
6318,train,3.1431,4.3009,0.1094,0.4219,16.89,3.1673,7.07,192,3.1
6319,train,3.5807,3.3389,0.0670,0.2629,10.86,3.3942,11.18,194,1.9
6320,train,4.4271,3.3691,0.0000,0.0068,53.23,4.3012,46.10,148,2.9
6321,train,4.4839,4.3792,0.0000,0.0000,49.33,3.8836,61.19,194,2.5
6322,train,3.6992,4.0844,0.1134,0.2990,15.01,2.9413,13.42,194,5.6
6323,train,3.9833,4.9322,0.0515,0.2732,15.06,3.8317,8.94,194,1.5
6324,train,3.5468,3.1447,0.0773,0.3144,17.50,3.9743,18.97,194,5.4
6325,train,3.5650,4.2140,0.0573,0.2344,9.21,2.7746,3.00,192,1.3
6326,train,3.9978,4.7260,0.0309,0.1289,12.73,3.4728,4.00,194,2.8
6327,train,4.3293,3.0926,0.0000,0.0206,39.87,3.9863,42.43,194,5.4
6328,train,nan,0.1257,nan,nan,nan,0.0000,nan,0,3.5
6329,train,3.3123,3.0755,0.1546,0.4485,9.85,3.0002,18.97,194,4.9
6330,train,4.0263,4.5671,0.0155,0.0515,20.75,5.3689,20.40,194,2.8
6331,train,nan,0.2054,nan,nan,nan,0.0000,nan,0,2.6
6332,train,3.6418,4.3694,0.0206,0.2010,10.97,2.7386,4.00,194,1.5
6333,train,4.0772,5.3239,0.0309,0.1546,9.72,3.5882,15.30,194,1.7
6334,train,4.5037,5.4261,0.0000,0.0052,37.42,4.4519,35.78,194,2.8
6335,train,nan,0.1350,nan,nan,nan,0.0000,nan,0,1.5
6336,train,3.9368,4.5818,0.0052,0.0670,11.99,4.6608,16.49,194,1.4
6337,train,3.7027,3.9514,0.0312,0.1562,17.36,3.4611,16.49,192,1.5
6338,train,nan,0.1293,nan,nan,nan,0.0000,nan,0,1.2
6339,train,5.1076,5.2136,0.0103,0.0464,29.88,3.6426,30.00,194,2.5
6340,train,3.3153,3.2302,0.0670,0.3866,14.04,2.7809,18.00,194,2.1
6341,train,3.8413,4.0156,0.0518,0.2073,14.23,3.1673,5.66,193,2.7
6342,train,3.7493,4.4768,0.0258,0.1804,10.65,2.9852,3.00,194,1.3
6343,train,3.5391,5.1181,0.1546,0.4175,12.60,3.2974,11.18,194,3.5
6344,train,nan,0.2345,nan,nan,nan,0.0000,nan,0,4.9
6345,train,3.5663,4.5455,0.1546,0.4845,25.47,3.3117,6.00,194,3.9
6346,train,4.2119,4.0263,0.0155,0.0984,20.82,3.0520,8.49,193,4.3
6347,train,3.5234,3.9348,0.0155,0.1451,19.97,2.9028,6.00,193,2.5
6348,train,4.1392,5.5845,0.0052,0.0258,21.21,3.7544,21.00,194,1.3
6349,train,nan,0.2056,nan,nan,nan,0.0000,nan,0,3.2
6350,train,4.6383,4.4572,0.0000,0.0000,29.05,4.4019,26.93,194,2.0
6351,train,3.3827,4.0727,0.0361,0.2629,11.22,2.4387,4.00,194,2.8
6352,train,5.0666,5.1893,0.0104,0.0415,17.38,5.1918,18.97,193,1.3
6353,train,5.5838,5.0193,0.0000,0.0000,44.56,4.6650,39.12,194,2.0
6354,train,4.7583,5.2553,0.0155,0.0773,21.13,4.7481,16.49,194,2.3
6355,train,4.5035,5.3120,0.0000,0.0052,26.66,5.2930,24.33,194,2.3
6356,train,3.6916,3.9939,0.0567,0.2062,14.05,2.8171,5.00,194,4.0
6357,train,3.3385,3.7663,0.0155,0.1606,31.85,3.0889,30.59,193,4.9
6358,train,3.4018,3.9409,0.0984,0.3264,16.51,4.2352,7.07,193,4.1
6359,train,4.4066,5.8955,0.0103,0.0619,35.24,3.8797,10.00,194,3.4
6360,train,3.8072,3.6936,0.0415,0.1813,10.45,3.5374,4.24,193,1.4
6361,train,3.9855,5.0300,0.0155,0.0415,39.51,3.6972,32.00,193,2.2
6362,train,6.3386,3.4220,0.0000,0.0000,38.42,7.4286,30.00,193,2.4
6363,train,3.6849,4.5818,0.0515,0.2062,9.10,4.1973,13.42,194,1.3
6364,train,4.7174,2.7901,0.0104,0.0518,17.61,3.8920,15.30,193,0.9
6365,train,3.8327,4.2967,0.0206,0.2113,9.71,3.5906,4.24,194,1.9
6366,train,4.3274,3.4404,0.0000,0.0000,56.61,3.6294,55.23,193,3.3
6367,train,4.9919,4.0022,0.0000,0.0000,53.36,4.0006,55.23,193,3.0
6368,train,4.1510,3.6016,0.0104,0.0674,16.61,3.5547,24.19,193,1.5
6369,train,4.1342,3.7750,0.0000,0.0670,13.70,2.9699,0.00,194,2.3
6370,train,3.8322,3.2975,0.0518,0.1347,17.88,3.3953,18.00,193,4.0
6371,train,4.2612,2.3568,0.0000,0.0104,37.20,4.0873,49.48,192,2.1
6372,train,3.7417,2.6847,0.0361,0.2371,13.60,2.7247,6.00,194,4.8
6373,train,nan,0.5327,nan,nan,nan,0.0000,nan,0,5.5
6374,train,3.3651,3.8679,0.0876,0.4278,9.25,3.1361,8.00,194,2.8
6375,train,3.9867,3.6109,0.0000,0.0206,25.62,3.4431,32.31,194,5.4
6376,train,3.2326,1.5806,0.0722,0.4639,11.80,3.1328,8.49,194,5.2
6377,train,nan,0.4774,nan,nan,nan,0.0000,nan,0,3.9
6378,train,4.3472,3.8372,0.0464,0.2216,16.97,3.5899,18.97,194,4.9
6379,train,4.3136,2.9995,0.0052,0.0103,36.65,4.9599,36.50,194,2.5
6380,train,3.5980,1.3230,0.0206,0.1546,21.18,3.7179,13.42,194,5.4
6381,train,3.7630,3.0560,0.0000,0.0515,20.20,3.6250,20.00,194,3.3
6382,train,nan,0.3161,nan,nan,nan,0.0000,nan,0,2.5
6383,train,4.3720,3.3788,0.0000,0.0156,26.85,4.4539,20.62,192,1.5
6384,train,nan,0.2404,nan,nan,nan,0.0000,nan,0,2.6
6385,train,4.2808,3.6804,0.0361,0.0825,13.20,3.6318,18.25,194,1.4
6386,train,3.2470,2.9000,0.0833,0.4896,10.49,2.8105,5.00,192,3.9
6387,train,nan,0.2047,nan,nan,nan,0.0000,nan,0,2.2
6388,train,4.5442,3.2194,0.0052,0.0825,21.58,3.4550,11.18,194,1.9
6389,train,3.3140,2.4593,0.0258,0.2062,27.41,2.8121,36.00,194,5.1
6390,train,3.2712,2.8303,0.0670,0.3454,12.12,2.4264,6.00,194,2.5
6391,train,2.9962,2.8325,0.0570,0.3316,18.96,3.5810,24.00,193,4.1
6392,train,4.3007,3.8455,0.0052,0.0777,18.64,4.5615,17.89,193,2.5
6393,train,4.3621,4.0625,0.0259,0.1295,12.12,4.2479,6.71,193,0.9
6394,train,3.8055,4.4918,0.0412,0.2474,9.31,2.7639,6.00,194,1.2
6395,train,3.6369,3.2182,0.0725,0.3005,15.96,2.7487,18.00,193,4.1
6396,train,3.6392,4.2175,0.0670,0.2577,17.54,3.2325,16.49,194,1.5
6397,train,3.5007,3.5413,0.0258,0.2526,16.56,3.5075,12.00,194,5.5
6398,train,3.9718,4.1887,0.0412,0.2423,15.74,3.9253,20.62,194,1.9
6399,train,5.9019,5.0366,0.0000,0.0000,37.35,6.9288,36.50,193,1.3
6400,train,3.4502,3.7276,0.0415,0.1917,25.35,3.8898,30.59,193,4.8
6400,val,4.1823,,0.0361,0.1589,16.42,4.1077,17.72,6584,54.5
6401,train,4.0358,3.4432,0.0103,0.1186,11.92,3.2024,11.18,194,3.3
6402,train,4.5040,4.8201,0.0258,0.0670,11.71,1.9147,0.00,194,1.8
6403,train,4.6558,3.5731,0.0156,0.0990,11.90,3.2443,4.24,192,0.9
6404,train,3.5471,4.2211,0.0365,0.2083,16.34,2.1141,0.00,192,4.0
6405,train,3.7435,4.4414,0.0000,0.0103,30.98,4.6101,20.00,194,2.9
6406,train,3.4371,2.6321,0.0722,0.3505,16.74,3.4700,30.59,194,2.5
6407,train,3.5556,3.5218,0.0258,0.1959,17.78,3.7396,24.00,194,4.3
6408,train,4.4127,5.0923,0.0000,0.0206,27.70,3.2547,0.00,194,2.9
6409,train,3.4394,3.5465,0.0466,0.2953,12.99,2.9942,7.07,193,1.9
6410,train,3.4475,3.8714,0.0417,0.2292,16.15,3.6677,24.00,192,2.3
6411,train,nan,0.4112,nan,nan,nan,0.0000,nan,0,3.5
6412,train,3.6641,3.6593,0.0309,0.2165,15.61,3.7593,8.49,194,2.4
6413,train,3.7887,3.0809,0.0990,0.2760,14.45,3.1266,6.00,192,3.8
6414,train,3.4531,2.6978,0.0619,0.3144,8.48,3.0765,5.66,194,2.9
6415,train,5.1103,3.1521,0.0000,0.0051,21.38,4.1252,18.25,195,1.9
6416,train,3.3095,2.8355,0.0311,0.2124,40.99,3.2112,6.00,193,4.9
6417,train,4.5068,4.5384,0.0258,0.1134,19.70,4.0098,4.24,194,1.2
6418,train,4.0440,3.6106,0.0415,0.1710,17.09,4.7079,14.14,193,1.9
6419,train,nan,0.3103,nan,nan,nan,0.0000,nan,0,2.0
6420,train,5.0921,4.0557,0.0000,0.0103,33.69,6.1492,40.79,194,2.5
6421,train,4.4481,3.1438,0.0000,0.0000,87.77,4.3184,93.15,194,4.6
6422,train,4.7779,4.1497,0.0000,0.0000,32.61,4.4793,11.31,194,1.5
6423,train,4.8550,3.5804,0.0000,0.0000,27.65,4.5989,38.08,194,3.9
6424,train,4.0968,3.1917,0.0052,0.1140,18.14,3.9820,7.07,193,2.7
6425,train,3.9476,3.5233,0.0052,0.0518,14.88,2.9849,21.00,193,1.5
6426,train,4.3643,3.6343,0.0000,0.0104,18.18,4.2146,16.49,192,2.0
6427,train,6.5633,2.8122,0.0000,0.0000,53.79,6.7716,30.59,193,4.2
6428,train,4.7567,2.7826,0.0000,0.0000,51.83,4.4208,60.83,193,1.9
6429,train,nan,0.2334,nan,nan,nan,0.0000,nan,0,1.6
6430,train,4.0198,3.1901,0.0309,0.1289,10.37,3.7409,6.00,194,1.8
6431,train,3.8462,2.0565,0.0207,0.1399,11.02,4.2963,16.49,193,2.2
6432,train,3.2317,2.7156,0.0928,0.4588,11.55,3.1353,7.07,194,3.3
6433,train,4.0765,1.9812,0.0363,0.1399,13.90,4.0374,7.07,193,2.6
6434,train,3.9072,1.8427,0.0208,0.0417,30.80,4.1518,30.00,192,1.5
6435,train,4.8061,1.2538,0.0000,0.0000,47.45,4.8287,48.37,194,3.8
6436,train,3.9404,2.1656,0.0207,0.1088,30.71,3.9323,24.74,193,2.4
6437,train,nan,0.7184,nan,nan,nan,0.0000,nan,0,2.2
6438,train,4.4364,3.2593,0.0312,0.1198,10.85,4.0063,6.00,192,1.7
6439,train,nan,0.4615,nan,nan,nan,0.0000,nan,0,4.1
6440,train,3.2658,2.3609,0.0928,0.4227,11.62,3.1007,10.00,194,3.3
6441,train,4.2592,3.0434,0.0207,0.1088,9.24,3.6737,0.00,193,2.0
6442,train,4.5174,2.7148,0.0052,0.0521,35.58,4.7571,46.10,192,3.2
6443,train,4.6815,3.3047,0.0000,0.0000,39.87,5.2793,29.12,194,2.7
6444,train,5.0444,2.6739,0.0000,0.0000,20.29,3.9770,24.19,193,2.0
6445,train,4.2202,3.5236,0.0155,0.0674,11.93,3.7436,6.71,193,1.9
6446,train,3.8214,2.2557,0.0258,0.2113,29.94,4.4147,30.00,194,3.8
6447,train,3.5347,2.5644,0.0677,0.2500,16.27,3.5555,36.40,192,1.9
6448,train,3.2417,2.4372,0.1237,0.5052,8.94,2.8414,5.00,194,3.8
6449,train,3.3868,2.7504,0.0515,0.4072,10.09,3.3520,8.00,194,2.1
6450,train,3.4826,3.4276,0.0670,0.2990,8.23,2.9559,6.00,194,1.6
6451,train,5.2130,3.1686,0.0000,0.0000,35.31,4.0324,40.31,194,4.2
6452,train,5.1122,3.5182,0.0000,0.0207,41.95,4.8767,48.66,193,1.1
6453,train,3.3991,2.1327,0.1134,0.3454,25.61,3.4122,42.00,194,2.5
6454,train,3.4443,3.9341,0.0415,0.2176,21.61,3.2719,36.00,193,1.5
6455,train,4.0627,2.6977,0.0000,0.0052,41.27,3.6095,45.28,194,3.4
6456,train,nan,0.2755,nan,nan,nan,0.0000,nan,0,2.6
6457,train,nan,0.2513,nan,nan,nan,0.0000,nan,0,1.5
6458,train,4.5882,4.5966,0.0000,0.0103,41.39,4.3212,53.37,194,1.9
6459,train,4.3071,4.0643,0.0052,0.0464,17.74,4.2635,21.84,194,1.2
6460,train,3.4595,3.0742,0.0876,0.2423,13.09,3.1620,12.00,194,4.6
6461,train,4.1213,4.3094,0.0000,0.1031,13.08,4.0517,11.18,194,3.1
6462,train,4.8139,4.3552,0.0000,0.0000,33.19,3.7569,34.18,194,2.5
6463,train,nan,0.4112,nan,nan,nan,0.0000,nan,0,1.9
6464,train,3.1650,2.2948,0.0933,0.4093,12.48,2.6177,0.00,193,5.3
6465,train,4.3334,3.6607,0.0000,0.0417,39.80,4.5922,51.26,192,2.1
6466,train,3.8768,2.9213,0.0104,0.0729,18.84,3.9782,17.89,192,1.1
6467,train,5.4934,3.8075,0.0000,0.0052,12.49,5.7911,12.37,194,0.9
6468,train,nan,0.2921,nan,nan,nan,0.0000,nan,0,4.1
6469,train,3.3240,2.0299,0.0567,0.3557,14.34,3.3614,12.00,194,4.9
6470,train,4.4256,3.8962,0.0000,0.0052,52.90,4.3053,51.26,194,5.0
6471,train,3.7364,2.9648,0.0052,0.0361,34.27,3.4157,55.00,194,1.9
6472,train,5.3204,3.1285,0.0000,0.0000,46.12,5.5321,54.41,192,2.2
6473,train,3.4866,2.7861,0.0000,0.0781,33.31,3.0821,30.00,192,2.1
6474,train,3.7427,2.7273,0.0103,0.0361,39.73,3.7157,84.21,194,2.1
6475,train,5.3812,2.6309,0.0000,0.0000,40.60,5.8306,36.00,192,4.7
6476,train,4.3557,4.0472,0.0000,0.0000,39.36,4.9581,40.79,194,1.5
6477,train,nan,0.2135,nan,nan,nan,0.0000,nan,0,2.1
6478,train,4.5875,3.0734,0.0103,0.0206,60.60,4.7363,61.19,194,4.5
6479,train,3.9526,3.5737,0.0619,0.2371,14.17,3.2319,12.00,194,2.3
6480,train,4.3261,3.6787,0.0000,0.0052,30.98,4.0661,28.00,194,2.3
6481,train,4.6907,2.4534,0.0103,0.0464,19.92,4.4554,16.49,194,1.1
6482,train,4.1081,3.6433,0.0518,0.2332,12.67,3.2953,12.00,193,1.7
6483,train,3.3584,1.9558,0.0773,0.2938,18.22,2.7718,0.00,194,4.1
6484,train,4.2453,1.5771,0.0000,0.0000,34.05,3.5902,48.00,193,2.4
6485,train,3.2901,2.5201,0.0361,0.1804,17.93,3.6130,15.81,194,3.9
6486,train,4.1002,2.9365,0.0000,0.0000,40.56,3.4722,48.37,194,4.7
6487,train,3.3625,1.5455,0.0361,0.2680,21.05,3.4244,18.00,194,4.9
6488,train,3.8311,2.3121,0.0103,0.0515,25.23,3.7366,30.00,194,4.2
6489,train,nan,0.4174,nan,nan,nan,0.0000,nan,0,3.4
6490,train,3.8282,3.6795,0.0361,0.2216,11.00,3.3336,16.00,194,2.3
6491,train,4.3662,2.6638,0.0155,0.0674,14.87,3.6761,7.07,193,1.9
6492,train,3.6310,1.7932,0.0674,0.2487,10.02,3.4652,20.40,193,1.5
6493,train,nan,0.1739,nan,nan,nan,0.0000,nan,0,2.5
6494,train,4.4060,3.4937,0.0052,0.0567,16.70,4.2853,16.49,194,1.5
6495,train,3.9968,2.9474,0.0518,0.1503,8.47,2.8986,0.00,193,1.3
6496,train,3.8520,3.1644,0.0103,0.0567,22.14,3.6729,28.00,194,2.4
6497,train,3.9769,1.5896,0.0000,0.0000,51.91,3.8034,55.32,193,2.5
6498,train,3.9933,3.2573,0.0258,0.1082,11.31,3.3583,3.00,194,1.8
6499,train,3.7977,2.6511,0.0103,0.0412,40.83,4.1144,49.48,194,2.5
6500,train,5.8436,4.9764,0.0000,0.0000,23.82,6.4686,15.30,193,0.9
6501,train,4.3542,3.5520,0.0365,0.0990,13.19,4.0445,20.12,192,1.9
6502,train,3.6756,3.7730,0.0412,0.2577,11.55,3.5062,4.00,194,1.4
6503,train,3.9635,3.3839,0.0052,0.0104,32.28,3.2365,35.00,193,3.0
6504,train,4.3743,3.9904,0.0000,0.0415,14.81,4.3580,24.33,193,1.9
6505,train,nan,0.4073,nan,nan,nan,0.0000,nan,0,4.1
6506,train,3.3775,3.0390,0.0415,0.2280,22.11,3.1297,15.00,193,3.2
6507,train,4.5717,2.1960,0.0000,0.0260,19.27,5.0135,13.42,192,4.4
6508,train,3.8877,3.5601,0.0311,0.1606,22.57,3.5036,22.36,193,1.9
6509,train,nan,0.2520,nan,nan,nan,0.0000,nan,0,4.6
6510,train,4.1778,3.6081,0.0155,0.0309,18.68,4.1490,18.25,194,1.8
6511,train,3.7478,3.1141,0.0309,0.2320,7.55,3.5241,3.00,194,1.6
6512,train,nan,0.3847,nan,nan,nan,0.0000,nan,0,4.1
6513,train,4.4864,3.8237,0.0052,0.0155,22.23,3.9513,15.30,194,1.2
6514,train,4.1728,3.5110,0.0515,0.1649,30.13,4.0613,18.97,194,4.0
6515,train,3.7873,3.9006,0.0309,0.1546,13.47,4.0005,15.30,194,1.6
6516,train,3.9394,3.1676,0.0052,0.0206,51.77,3.6133,88.46,194,3.7
6517,train,4.9859,4.2393,0.0000,0.0000,37.95,5.4308,5.66,194,2.4
6518,train,nan,0.1771,nan,nan,nan,0.0000,nan,0,1.9
6519,train,4.1928,3.6774,0.0000,0.0000,33.28,3.5194,44.18,194,2.7
6520,train,4.5613,3.8165,0.0207,0.1192,21.41,4.5339,28.28,193,1.9
6521,train,nan,0.2348,nan,nan,nan,0.0000,nan,0,1.2
6522,train,4.6618,3.4071,0.0000,0.0000,47.88,4.4886,18.97,192,2.5
6523,train,4.3066,3.6967,0.0103,0.0464,18.85,4.0157,24.00,194,1.4
6524,train,4.4877,3.5735,0.0000,0.0000,76.35,3.9389,78.00,194,4.2
6525,train,3.3163,2.7639,0.0466,0.3161,16.72,2.7469,12.00,193,4.8
6526,train,3.5494,3.2205,0.0928,0.3505,8.98,3.0403,7.07,194,3.0
6527,train,4.0933,4.4360,0.0206,0.1649,9.82,4.3952,10.82,194,1.9
6528,train,4.1189,4.1289,0.0206,0.0825,16.39,3.9345,12.37,194,1.9
6529,train,3.9431,3.7980,0.0000,0.0155,38.57,2.7979,12.00,194,2.9
6530,train,4.3731,3.9812,0.0052,0.0415,13.23,5.1999,10.82,193,1.4
6531,train,nan,0.1999,nan,nan,nan,0.0000,nan,0,5.1
6532,train,3.7683,4.3837,0.0258,0.1289,18.65,3.6019,20.62,194,1.9
6533,train,4.3654,4.3876,0.0156,0.1094,9.93,3.8589,6.00,192,1.6
6534,train,nan,0.1776,nan,nan,nan,0.0000,nan,0,1.4
6535,train,4.0932,3.9572,0.0309,0.1495,18.13,3.8982,24.74,194,4.1
6536,train,3.1388,2.3246,0.0825,0.4021,17.45,3.1502,12.00,194,2.5
6537,train,3.7711,2.4108,0.0000,0.0464,30.77,3.5700,15.00,194,1.9
6538,train,4.5097,4.0738,0.0052,0.0311,26.80,3.7604,38.42,193,1.2
6539,train,3.6263,2.9758,0.0000,0.0208,33.79,3.7577,36.50,192,4.9
6540,train,4.8770,4.3532,0.0052,0.0155,19.20,5.4802,13.42,194,1.2
6541,train,4.0800,4.6183,0.0567,0.1701,10.12,3.2837,18.25,194,1.5
6542,train,4.2559,2.6149,0.0103,0.0670,22.43,3.3523,8.94,194,2.2
6543,train,4.3776,3.4756,0.0103,0.0619,16.56,4.9810,20.40,194,1.1
6544,train,4.0433,2.8076,0.0567,0.2320,11.21,2.4506,0.00,194,2.3
6545,train,nan,0.1579,nan,nan,nan,0.0000,nan,0,1.3
6546,train,3.9472,2.6964,0.0000,0.0206,42.35,3.6765,45.69,194,3.9
6547,train,4.2599,2.8787,0.0258,0.0876,15.36,3.8030,5.66,194,2.2
6548,train,4.7968,3.2900,0.0000,0.0000,31.50,4.5052,28.00,194,2.4
6549,train,nan,0.3051,nan,nan,nan,0.0000,nan,0,4.3
6550,train,3.6897,3.8931,0.0155,0.0722,24.64,3.5325,20.40,194,1.1
6551,train,3.9018,4.0260,0.0518,0.1813,9.91,3.0920,6.00,193,1.7
6552,train,nan,0.1867,nan,nan,nan,0.0000,nan,0,2.0
6553,train,3.9203,3.4342,0.0103,0.0464,32.04,3.4208,40.00,194,3.3
6554,train,3.6488,3.7567,0.0876,0.2629,15.87,3.3830,20.62,194,1.9
6555,train,4.2245,2.7790,0.0000,0.0000,43.77,4.2709,42.43,194,4.5
6556,train,nan,0.2246,nan,nan,nan,0.0000,nan,0,1.6
6557,train,3.9119,4.6403,0.0104,0.0415,35.06,3.4886,50.00,193,3.5
6558,train,4.0970,3.4646,0.0309,0.1649,15.41,3.1929,30.41,194,1.9
6559,train,nan,0.1543,nan,nan,nan,0.0000,nan,0,1.9
6560,train,nan,0.1355,nan,nan,nan,0.0000,nan,0,1.4
6561,train,3.9562,4.1547,0.0103,0.0515,12.77,3.2064,15.00,194,1.9
6562,train,3.8821,4.1097,0.0722,0.2887,12.39,3.2682,4.00,194,1.5
6563,train,3.4732,3.6284,0.0361,0.2629,17.43,3.2834,15.00,194,3.1
6564,train,3.9675,4.5685,0.0311,0.0881,20.44,3.6468,8.00,193,1.1
6565,train,3.9235,4.5409,0.0206,0.1443,9.67,3.0543,3.00,194,1.9
6566,train,3.5518,4.1189,0.0513,0.2821,11.00,3.2682,16.49,195,1.5
6567,train,4.9602,3.7763,0.0000,0.0258,39.86,4.3670,46.86,194,4.5
6568,train,4.8915,2.9996,0.0104,0.0365,31.51,4.3709,24.74,192,5.0
6569,train,5.2220,4.7705,0.0052,0.0104,22.35,5.9323,20.00,193,1.8
6570,train,4.0014,3.9542,0.0412,0.2371,14.32,3.3992,5.00,194,1.5
6571,train,3.4918,2.8942,0.0207,0.1554,25.85,3.8930,30.00,193,2.5
6572,train,4.0617,3.8475,0.0052,0.0415,28.48,3.9597,36.50,193,4.6
6573,train,4.2867,4.9459,0.0258,0.1443,18.63,3.9652,15.81,194,1.9
6574,train,4.3032,5.9573,0.0052,0.0464,21.17,2.9649,24.00,194,1.3
6575,train,4.5010,3.4834,0.0000,0.0000,47.96,4.6380,66.27,194,5.3
6576,train,4.5077,5.2336,0.0103,0.0722,20.98,4.7633,21.63,194,1.2
6577,train,3.8686,4.4118,0.0464,0.2268,10.56,3.6364,21.21,194,1.7
6578,train,4.0154,3.6737,0.0309,0.0979,23.25,4.5800,24.33,194,2.0
6579,train,3.3221,3.2086,0.0515,0.4381,9.76,2.6325,0.00,194,1.5
6580,train,3.4522,3.3795,0.0773,0.3866,10.00,3.1585,5.00,194,1.9
6581,train,3.4093,3.4692,0.0567,0.2835,9.90,2.7450,4.00,194,2.2
6582,train,3.5232,3.0182,0.0677,0.2865,17.86,3.4046,15.81,192,3.1
6583,train,3.5616,3.5988,0.0156,0.1927,12.35,4.5145,5.00,192,3.4
6584,train,3.1075,2.5068,0.0933,0.4715,11.72,2.9412,10.00,193,4.0
6585,train,4.3999,3.6831,0.0258,0.1546,22.36,4.4484,11.18,194,4.0
6586,train,nan,0.1900,nan,nan,nan,0.0000,nan,0,4.9
6587,train,4.2264,4.9808,0.0155,0.0415,19.26,3.7820,27.66,193,1.8
6588,train,3.2086,3.4545,0.1186,0.3144,15.73,2.7991,6.00,194,5.4
6589,train,4.0640,3.9175,0.0052,0.0464,19.29,3.3383,20.40,194,2.2
6590,train,3.3545,2.9369,0.0464,0.2474,24.92,3.8339,30.00,194,2.1
6591,train,3.1864,3.4533,0.1907,0.6701,10.13,3.0931,30.00,194,2.4
6592,train,5.6141,2.1487,0.0000,0.0064,42.61,6.4197,26.83,156,5.2
6593,train,3.2796,2.9819,0.0415,0.3057,13.76,4.1063,7.07,193,3.9
6594,train,3.9043,3.3440,0.0311,0.1451,11.80,3.6591,9.00,193,1.8
6595,train,4.0279,3.8226,0.0155,0.0773,24.84,4.0388,30.59,194,2.1
6596,train,4.2551,3.1826,0.0052,0.0567,16.14,3.5858,6.00,194,5.4
6597,train,4.6358,4.1258,0.0206,0.0722,13.20,4.7409,10.82,194,1.9
6598,train,4.3751,3.8396,0.0000,0.0469,18.48,3.7666,12.00,192,1.6
6599,train,3.5563,5.0635,0.0309,0.2165,11.81,3.9987,12.00,194,1.9
6600,train,nan,0.1741,nan,nan,nan,0.0000,nan,0,2.2
6600,val,4.1462,,0.0295,0.1391,17.21,3.9467,16.52,6576,51.4
